$MeshFormat
2.2 0 8
$EndMeshFormat
$PhysicalNames
7
1 3 "LeftEdge"
1 4 "RightEdge"
1 5 "LowerEdge"
1 6 "UpperEdge"
1 7 "Hole"
2 1 "LeftPart"
2 2 "RightPart"
$EndPhysicalNames
$Nodes
6398
1 0 0 0
2 2 0 0
3 6 0 0
4 6 4 0
5 2 4 0
6 0 4 0
7 4.6 2 0
8 4 2.6 0
9 3.4 2 0
10 4 1.4 0
11 0.3451984464860349 0 0
12 0.6457112032633356 0 0
13 0.9073227708855145 0 0
14 1.135068840442182 0 0
15 1.333333313480527 0 0
16 1.505932569146917 0 0
17 1.656188941530219 0 0
18 1.786994715688166 0 0
19 1.900867761009707 0 0
20 0.1725992232430409 0 0
21 0.4954548248746853 0 0
22 0.7765169870744251 0 0
23 1.021195805663601 0 0
24 1.234201076961355 0 0
25 1.419632941313722 0 0
26 1.581060755338568 0 0
27 1.721591828609192 0 0
28 1.843931238348937 0 0
29 1.950433880504853 0 0
30 2.100920799041199 0 0
31 2.209480316818561 0 0
32 2.326256795524715 0 0
33 2.451872150909633 0 0
34 2.586995392128248 0 0
35 2.732346198289768 0 0
36 2.888698688829639 0 0
37 3.056885629542206 0 0
38 3.237802708209499 0 0
39 3.43241347977895 0 0
40 3.641754467226773 0 0
41 3.866940612134707 0 0
42 4.109171216129717 0 0
43 4.369736410531291 0 0
44 4.650023926906149 0 0
45 4.951526570698201 0 0
46 5.275850129477637 0 0
47 5.62472194326156 0 0
48 2.050460399520631 0 0
49 2.155200557929906 0 0
50 2.26786855617158 0 0
51 2.389064473217181 0 0
52 2.519433771518904 0 0
53 2.659670795209001 0 0
54 2.810522443559671 0 0
55 2.9727921591859 0 0
56 3.147344168875768 0 0
57 3.335108093994302 0 0
58 3.537083973502812 0 0
59 3.754347539680939 0 0
60 3.988055914131628 0 0
61 4.239453813330512 0 0
62 4.509880168718635 0 0
63 4.800775248802045 0 0
64 5.113688350086951 0 0
65 5.450286036369622 0 0
66 5.812360971631568 0 0
67 6 0.3999999999992587 0
68 6 0.7999999999982316 0
69 6 1.199999999997066 0
70 6 1.5999999999959 0
71 6 1.999999999994777 0
72 6 2.399999999995787 0
73 6 2.79999999999684 0
74 6 3.199999999997893 0
75 6 3.599999999998947 0
76 6 0.1999999999995971 0
77 6 0.5999999999988145 0
78 6 0.9999999999976485 0
79 6 1.399999999996483 0
80 6 1.799999999995338 0
81 6 2.199999999995282 0
82 6 2.599999999996314 0
83 6 2.999999999997367 0
84 6 3.39999999999842 0
85 6 3.799999999999474 0
86 5.624721943263292 4 0
87 5.275850129480865 4 0
88 4.951526570702699 4 0
89 4.650023926911719 4 0
90 4.369736410537765 4 0
91 4.109171216136938 4 0
92 3.866940612141092 4 0
93 3.641754467231337 4 0
94 3.432413479781919 4 0
95 3.237802708211072 4 0
96 3.056885629542566 4 0
97 2.888698688828951 4 0
98 2.732346198288179 4 0
99 2.586995392125885 4 0
100 2.451872150907139 4 0
101 2.326256795522975 4 0
102 2.209480316817483 4 0
103 2.1009207990407 4 0
104 5.81236097163169 4 0
105 5.450286036372047 4 0
106 5.113688350091881 4 0
107 4.800775248807962 4 0
108 4.50988016872442 4 0
109 4.239453813337366 4 0
110 3.988055914139419 4 0
111 3.754347539686214 4 0
112 3.537083973506628 4 0
113 3.335108093996495 4 0
114 3.147344168876819 4 0
115 2.972792159185759 4 0
116 2.810522443558565 4 0
117 2.659670795207032 4 0
118 2.519433771516512 4 0
119 2.389064473215057 4 0
120 2.267868556170229 4 0
121 2.155200557929092 4 0
122 2.05046039952035 4 0
123 1.90086776100939 4 0
124 1.786994715687438 4 0
125 1.656188941530059 4 0
126 1.505932569148038 4 0
127 1.333333313483314 4 0
128 1.135068840447107 4 0
129 0.9073227708915657 4 0
130 0.6457112032678958 4 0
131 0.3451984464885223 4 0
132 1.950433880504702 4 0
133 1.843931238348448 4 0
134 1.721591828608712 4 0
135 1.58106075533903 4 0
136 1.419632941315729 4 0
137 1.234201076964975 4 0
138 1.021195805669604 4 0
139 0.7765169870797306 4 0
140 0.4954548248782089 4 0
141 0.1725992232442612 4 0
142 0 3.599999999998334 0
143 0 3.199999999999999 0
144 0 2.800000000002774 0
145 0 2.400000000005547 0
146 0 2.000000000008235 0
147 0 1.600000000006657 0
148 0 1.200000000004993 0
149 0 0.8000000000033287 0
150 0 0.4000000000016639 0
151 0 3.799999999999343 0
152 0 3.399999999999406 0
153 0 3.000000000001543 0
154 0 2.600000000004237 0
155 0 2.200000000006741 0
156 0 1.800000000007446 0
157 0 1.400000000005825 0
158 0 1.000000000004161 0
159 0 0.6000000000024963 0
160 0 0.200000000000832 0
161 2 0.09999999999981148 0
162 2 0.1999999999995987 0
163 2 0.2999999999994114 0
164 2 0.3999999999992587 0
165 2 0.4999999999990951 0
166 2 0.5999999999988145 0
167 2 0.699999999998523 0
168 2 0.7999999999982316 0
169 2 0.8999999999979402 0
170 2 0.9999999999976487 0
171 2 1.099999999997357 0
172 2 1.199999999997066 0
173 2 1.299999999996774 0
174 2 1.399999999996483 0
175 2 1.499999999996191 0
176 2 1.5999999999959 0
177 2 1.699999999995608 0
178 2 1.799999999995317 0
179 2 1.899999999995025 0
180 2 1.999999999994777 0
181 2 2.099999999994997 0
182 2 2.19999999999526 0
183 2 2.299999999995524 0
184 2 2.399999999995787 0
185 2 2.49999999999605 0
186 2 2.599999999996314 0
187 2 2.699999999996577 0
188 2 2.79999999999684 0
189 2 2.899999999997104 0
190 2 2.999999999997367 0
191 2 3.09999999999763 0
192 2 3.199999999997893 0
193 2 3.299999999998157 0
194 2 3.39999999999842 0
195 2 3.499999999998683 0
196 2 3.599999999998947 0
197 2 3.69999999999921 0
198 2 3.799999999999474 0
199 2 3.899999999999737 0
200 2 0.04999999999990536 0
201 2 0.1499999999997094 0
202 2 0.2499999999994877 0
203 2 0.3499999999993351 0
204 2 0.4499999999991769 0
205 2 0.5499999999989548 0
206 2 0.6499999999986688 0
207 2 0.7499999999983773 0
208 2 0.8499999999980858 0
209 2 0.9499999999977944 0
210 2 1.049999999997503 0
211 2 1.149999999997211 0
212 2 1.24999999999692 0
213 2 1.349999999996628 0
214 2 1.449999999996337 0
215 2 1.549999999996045 0
216 2 1.649999999995754 0
217 2 1.749999999995463 0
218 2 1.849999999995171 0
219 2 1.949999999994901 0
220 2 2.049999999994887 0
221 2 2.149999999995129 0
222 2 2.249999999995392 0
223 2 2.349999999995656 0
224 2 2.449999999995919 0
225 2 2.549999999996182 0
226 2 2.649999999996445 0
227 2 2.749999999996708 0
228 2 2.849999999996972 0
229 2 2.949999999997235 0
230 2 3.049999999997499 0
231 2 3.149999999997762 0
232 2 3.249999999998025 0
233 2 3.349999999998289 0
234 2 3.449999999998552 0
235 2 3.549999999998815 0
236 2 3.649999999999078 0
237 2 3.749999999999342 0
238 2 3.849999999999605 0
239 2 3.949999999999869 0
240 4.597950695820082 2.049547607089341 0
241 4.591816782061871 2.098756754047163 0
242 4.58164015952369 2.147291292442074 0
243 4.567490344912707 2.194819681836454 0
244 4.549463995889688 2.241017255027386 0
245 4.527684250544409 2.285568436153901 0
246 4.502299886634773 2.328168895367453 0
247 4.473484305206673 2.368527628167758 0
248 4.441434345729627 2.406368943707877 0
249 4.406368942471193 2.441434346868075 0
250 4.368527627174172 2.473484305980012 0
251 4.328168894391472 2.502299887272413 0
252 4.285568435389125 2.527684250958285 0
253 4.241017254521487 2.549463996111596 0
254 4.19481968151042 2.567490345024634 0
255 4.14729129226284 2.581640159569078 0
256 4.098756754333091 2.591816782014158 0
257 4.049547607519634 2.597950695784427 0
258 4.599487455037049 2.024794984436413 0
259 4.595392347854255 2.07421557866511 0
260 4.587230107198821 2.123129205305892 0
261 4.575056489392437 2.171201734826625 0
262 4.55895465271703 2.218104782629782 0
263 4.539034588990004 2.263517953605398 0
264 4.515432372378251 2.307131029862707 0
265 4.488309229993269 2.348646089757766 0
266 4.457850440332864 2.387779543409656 0
267 4.424264068176549 2.424264069247308 0
268 4.387779542295674 2.457850441276359 0
269 4.348646088894164 2.488309230609869 0
270 4.30713102912702 2.515432372816626 0
271 4.263517952893613 2.539034589337975 0
272 4.218104782278185 2.558954652854223 0
273 4.171201734537988 2.575056489478368 0
274 4.123129205507199 2.587230107156612 0
275 4.074215579042464 2.595392347807218 0
276 4.024794984870455 2.599487455019097 0
277 3.95045239277374 2.597950695808737 0
278 3.901243245783363 2.591816782033591 0
279 3.852708707502779 2.581640159509725 0
280 3.805180318052693 2.567490344874651 0
281 3.758982744711908 2.549463995775333 0
282 3.714431563575957 2.527684250398216 0
283 3.671831104440697 2.502299886509431 0
284 3.631472371735633 2.473484305131481 0
285 3.593631056252988 2.441434345693601 0
286 3.558565652900677 2.406368942219991 0
287 3.526515693785587 2.368527626873015 0
288 3.497700112699238 2.32816889434808 0
289 3.472315748965174 2.285568435247692 0
290 3.450536003768265 2.2410172542476 0
291 3.432509654849828 2.194819681144742 0
292 3.41835984032521 2.147291291845396 0
293 3.408183217878437 2.098756753689447 0
294 3.402049304179704 2.049547607086762 0
295 3.975205015467545 2.599487455033077 0
296 3.925784421261521 2.59539234784511 0
297 3.876870794496177 2.58723010715732 0
298 3.828798265092588 2.575056489368386 0
299 3.78189521718813 2.558954652645979 0
300 3.736482046130876 2.539034588861077 0
301 3.692868969902761 2.515432372238501 0
302 3.651353910070185 2.488309229870429 0
303 3.612220456541742 2.457850440291701 0
304 3.575735930501284 2.424264067925141 0
305 3.542149558425944 2.387779541944186 0
306 3.511690769118394 2.348646088513574 0
307 3.484567627027737 2.307131028865828 0
308 3.460965410559486 2.263517952683867 0
309 3.441045347003096 2.218104781912527 0
310 3.424943510388948 2.171201734092311 0
311 3.412769892697953 2.123129204813588 0
312 3.404607652117041 2.074215578434838 0
313 3.400512544967469 2.024794984545657 0
314 3.402049304194376 1.95045239273617 0
315 3.408183217967758 1.901243245775282 0
316 3.418359840493739 1.852708707489101 0
317 3.432509655106169 1.805180318108563 0
318 3.450536004312713 1.758982744511184 0
319 3.472315749676526 1.714431563437845 0
320 3.497700113599883 1.671831104273379 0
321 3.526515695093315 1.631472371446816 0
322 3.558565654416897 1.593631056132955 0
323 3.593631057903214 1.558565652787259 0
324 3.631472373246621 1.52651569369247 0
325 3.671831105955853 1.497700112500668 0
326 3.714431564928031 1.472315748870078 0
327 3.758982745838585 1.450536003730461 0
328 3.805180318955165 1.43250965481553 0
329 3.852708708182036 1.418359840318264 0
330 3.901243246309081 1.408183217878682 0
331 3.950452392916469 1.402049304179436 0
332 3.400512544964707 1.975205015521119 0
333 3.404607652155772 1.925784421254444 0
334 3.412769892847265 1.876870794474314 0
335 3.424943510612311 1.828798265157426 0
336 3.441045347385747 1.781895217106823 0
337 3.460965411219114 1.736482045966842 0
338 3.484567627870063 1.692868969720567 0
339 3.511690770297012 1.651353909835669 0
340 3.542149559862688 1.612220456359454 0
341 3.575735932179589 1.575735930396554 0
342 3.612220458205013 1.542149558299579 0
343 3.651353911657063 1.511690768996562 0
344 3.692868971371141 1.484567626886534 0
345 3.736482047394423 1.460965410521212 0
346 3.781895218217387 1.441045346952404 0
347 3.828798265966654 1.424943510371393 0
348 3.876870795180415 1.41276989269921 0
349 3.92578442170745 1.404607652099305 0
350 3.975205015634693 1.40051254496001 0
351 4.049547607673639 1.402049304228334 0
352 4.098756754562865 1.408183218024184 0
353 4.147291293008161 1.418359840619663 0
354 4.194819682271597 1.432509655236678 0
355 4.241017255775379 1.450536004438411 0
356 4.285568437089888 1.472315749962121 0
357 4.328168896050683 1.497700113811604 0
358 4.368527628615047 1.526515695141466 0
359 4.406368944079214 1.558565654612212 0
360 4.441434347362157 1.593631058065522 0
361 4.473484306433742 1.631472373408779 0
362 4.502299887626286 1.671831106150171 0
363 4.527684251255522 1.714431565160119 0
364 4.549463996388349 1.758982746109444 0
365 4.567490345251445 1.805180319150257 0
366 4.581640159719905 1.852708708332763 0
367 4.591816782103058 1.90124324619966 0
368 4.597950695818403 1.95045239289039 0
369 4.02479498460201 1.4005125449698 0
370 4.074215579139166 1.404607652204835 0
371 4.123129205883426 1.412769892922275 0
372 4.171201735176341 1.424943510711678 0
373 4.21810478322276 1.441045347514351 0
374 4.263517954554674 1.460965411474068 0
375 4.307131030531001 1.484567628019965 0
376 4.348646090297369 1.511690770392 0
377 4.387779543859812 1.542149560048397 0
378 4.424264069878524 1.575735932454667 0
379 4.457850441779237 1.612220458298071 0
380 4.488309231079336 1.651353911763365 0
381 4.515432373200312 1.692868971516887 0
382 4.539034589592809 1.736482047627658 0
383 4.558954653113904 1.781895218387318 0
384 4.575056489659033 1.828798266068855 0
385 4.587230107310885 1.876870795228565 0
386 4.59539234788102 1.925784421549612 0
387 4.599487455035801 1.975205015533408 0
388 1.911126982805868 3.05282608239525 0
389 1.927659751586798 2.652993573350527 0
390 1.911539761502541 2.249999999995387 0
391 1.913397459621809 1.849999999995171 0
392 1.913397459621809 1.449999999996337 0
393 1.913847985064424 1.043283761835418 0
394 1.909610956092 3.351435360298633 0
395 1.918826857106907 0.7494942181973531 0
396 1.046765587238535 0.1710461397504723 0
397 1.037595970645157 3.817778624801813 0
398 1.895150313209653 0.4354802727459143 0
399 1.423699255148284 0.1336281703917203 0
400 0.3597839434512984 2.582060442109917 0
401 0.3451993166480183 1.797180871847384 0
402 1.908893939051295 3.647953420688268 0
403 1.437655009515487 3.868022779048351 0
404 1.91451059071272 2.449999999995919 0
405 1.897026490295702 2.84307857147152 0
406 1.925230592515206 2.050265316648386 0
407 1.913397459621809 1.649999999995754 0
408 1.930056686586944 1.252576885607232 0
409 0.322335101944577 0.9849481751952315 0
410 1.918198043275313 0.2548964591563569 0
411 1.729977107363026 3.896379193526398 0
412 1.735036557172418 0.1275255435896396 0
413 0.3224793937201009 3.358986578794355 0
414 0.5286040264722912 0.2769294097105462 0
415 1.915160013976585 3.849155434653913 0
416 0.3360671388841343 0.5762180572107128 0
417 0.6207157705476465 0.8060181849413125 0
418 0.6247040392472911 1.123071586827173 0
419 0.9141741669906077 0.9506313294167933 0
420 0.9047528069239876 1.229584695788012 0
421 1.12541442945466 1.103317102836227 0
422 1.134111205947217 1.329542668276765 0
423 1.347091156431811 1.206635373008226 0
424 1.320815935283862 1.001353104104948 0
425 1.337875382738278 1.421449576932511 0
426 1.160851478117072 1.541178454485699 0
427 1.353242338472815 1.619036451503571 0
428 1.188651560875495 1.745673729406088 0
429 1.405027598812766 1.81797959787937 0
430 1.217908297634745 1.949790180086328 0
431 1.405180345595386 2.023813903922909 0
432 1.243042684833497 2.149353382120196 0
433 1.453241018548272 2.218764959978134 0
434 1.275437244811704 2.345575248939685 0
435 1.452648104539296 2.418621030670393 0
436 1.301044678941954 2.539056964379802 0
437 1.496371179368567 2.606682440694458 0
438 1.327219547518464 2.726997252583671 0
439 1.49751732856296 2.791971664159445 0
440 1.35010759957975 2.911886123732306 0
441 1.166344166692731 2.842176892806517 0
442 1.19609643248001 3.039670003374523 0
443 1.407436502109162 3.097174256359276 0
444 0.9930448047192112 2.971388146737051 0
445 1.236565857641794 3.23452574239285 0
446 1.420546100680372 3.285406144726969 0
447 1.080936787601872 2.280222975485127 0
448 1.491352032163395 1.071201231615431 0
449 1.479028563706438 0.8939966394633543 0
450 1.29060442833272 0.8043516415854485 0
451 1.472667368570753 0.711787372957804 0
452 1.326937525033842 0.6125062853396959 0
453 1.559866012288591 3.185778965463091 0
454 1.582832077967852 3.34357813668648 0
455 1.509584627038805 1.507380152699579 0
456 1.480604346405113 0.532005107653956 0
457 1.457863231218429 3.452314321391207 0
458 1.612188145077325 3.498648574025492 0
459 1.054454577114095 1.86019248512545 0
460 0.962570720182725 2.747407546254183 0
461 1.560990603142109 1.92160266282924 0
462 1.634420881556959 0.645258669523296 0
463 1.625505109302229 0.4672368856106358 0
464 0.8568091571817449 0.6723960735906809 0
465 1.600865882473216 2.325152714858155 0
466 1.627893719040247 0.974475045923709 0
467 1.641852508827473 1.130090523331207 0
468 1.648558371938368 2.691554319184841 0
469 1.652829754984744 2.844811850621581 0
470 1.331544812648423 0.4397115361007022 0
471 1.69619994807608 3.235368184526558 0
472 0.7677716507273926 2.888232421580089 0
473 0.8108993985980655 3.129856618791385 0
474 0.6798130985549393 1.402739585568151 0
475 1.500851613433543 3.60628129036493 0
476 1.33556617724312 3.562257395918621 0
477 1.646999303159927 3.643405398868532 0
478 1.685623098913741 3.10298937616606 0
479 1.743753235342093 3.545336844691333 0
480 1.173225895935019 0.4908040731086725 0
481 1.747320746212959 0.5531893640232034 0
482 1.760284652505872 0.4067700268750617 0
483 1.643041172592943 0.3227818871651877 0
484 1.755181040099202 0.6825537812420247 0
485 0.5611266647313689 3.047966860252474 0
486 1.579885292621253 2.079162912359894 0
487 1.701875642579509 1.984260994786381 0
488 1.695186460467132 1.844195903947194 0
489 1.705769372799282 2.127823482304394 0
490 1.611694103686334 2.465819018176608 0
491 1.758873351951787 2.576444542792643 0
492 1.718431363028249 2.372236424398409 0
493 1.784443280892732 2.782133063803677 0
494 0.7390302236110272 2.631966809960414 0
495 1.536664132220766 1.668124315284318 0
496 1.661935016278339 1.562268038715078 0
497 1.647869888188558 1.417196714707849 0
498 1.616004863342232 0.8153998159205045 0
499 1.755253186308612 0.887456896157246 0
500 1.751329385744929 0.2654970701426874 0
501 1.730494314013767 3.385786020081966 0
502 0.5454856537062197 3.7683473898143 0
503 1.503894949569653 1.339341249491288 0
504 1.842601417668128 0.6074240462201563 0
505 1.755851356621345 1.037087001696067 0
506 1.774499505570976 1.165808150909399 0
507 0.3292440121498106 2.183936403533461 0
508 0.588647493151111 2.022760883137119 0
509 1.527384593712452 2.946248822174851 0
510 1.853898856759739 0.09053188763134601 0
511 1.781851738215545 3.682808733788391 0
512 1.806730272000316 3.142358522869804 0
513 1.788198854575378 2.901571222485289 0
514 0.6470315812076327 0.5269229735275514 0
515 0.3452849687650685 1.378585382082727 0
516 0.8507127575884181 0.4290075975931727 0
517 1.251098090450939 3.844587911039604 0
518 1.182446777884782 3.668956268610436 0
519 0.9619673852997696 3.615349971989703 0
520 1.117823783699782 3.449348269897411 0
521 0.805515251866985 3.785248860720515 0
522 0.7292484209736668 3.554426785592887 0
523 1.241682165917085 0.1543836809785898 0
524 0.634143717485472 2.347570861864282 0
525 1.593744256608243 3.881175420510761 0
526 1.587167958561044 0.1189179832466408 0
527 1.78727465265424 1.476742062527249 0
528 1.750727508119321 1.366915200851744 0
529 1.838463894301065 3.459772409044816 0
530 1.067209235302303 0.7631230709571288 0
531 1.494727209485174 0.3810390653646597 0
532 1.542147147437411 3.750364041344977 0
533 1.821960640864375 3.2667016093325 0
534 0.9440847298458122 1.46400025904822 0
535 0.753585292066728 1.630513989658194 0
536 0.8002615391820149 0.1934706459294215 0
537 0.9508303753877084 2.493155668154095 0
538 1.920460093987638 0.3476294893177563 0
539 1.685853625467601 3.774252981103232 0
540 1.809274270185821 3.805445311243533 0
541 1.902529993571541 3.747560483395464 0
542 1.917768793920977 3.542954304954703 0
543 1.796839738956248 1.614755349036491 0
544 1.041013905599894 3.198169111525801 0
545 0.8916531564605005 3.364225887961587 0
546 1.889715242578635 0.8638076693388477 0
547 1.912384470292905 3.15485414994416 0
548 1.798856692670494 3.019638457019918 0
549 1.89920150339124 2.952852388894407 0
550 1.913397459621808 0.9499999999977946 0
551 1.906284198161636 2.743234889925963 0
552 1.914537176231231 2.349999999995654 0
553 1.891123338702305 2.563486568984908 0
554 1.913397459621356 2.149999999995125 0
555 1.913397459621797 1.949999999994901 0
556 1.805575890138558 1.90810852443028 0
557 1.815354682528309 1.764020691541113 0
558 1.928429920354385 1.752804138304593 0
559 1.917750958429274 1.344243552273631 0
560 1.901818218475684 1.548582901924654 0
561 1.896684768886891 1.160650460913187 0
562 1.190261724031774 0.3188297524346518 0
563 1.280065182229695 3.405216727493887 0
564 1.680731203320954 1.707549165923592 0
565 0.6387924526503693 3.332243455114139 0
566 1.37496080266088 3.716744947721152 0
567 1.666834303085805 1.269695592565838 0
568 1.370092108201458 0.2787321287794013 0
569 0.8373262571618767 2.171544964290689 0
570 1.843931238348413 3.919720705715771 0
571 1.144807760699544 2.646997113434884 0
572 1.058688356518725 2.072852382807954 0
573 1.000016488431943 1.665653240206588 0
574 1.815279541965319 0.7830505443815574 0
575 1.928791213449856 3.254598223914269 0
576 1.654605492690025 0.2135186125335774 0
577 1.811328449737952 2.190257218770188 0
578 1.533663698373493 0.2430841084813121 0
579 0.5414587838482493 2.819071858351192 0
580 0.2795814367201594 2.945132757853067 0
581 1.924471460669093 0.1513207296410877 0
582 1.670207647298096 2.979803871406388 0
583 1.825224981001951 2.051530790989951 0
584 1.712784631357449 2.258196667517391 0
585 1.817262361486263 2.303448385112136 0
586 0.541859269450265 1.600147773263008 0
587 1.933168728862808 3.450832414859051 0
588 1.825037298307442 2.495712096865312 0
589 1.919932424481842 0.5507900236380596 0
590 1.150611369488556 2.461001594078719 0
591 0.2419739223684921 0.2506294933845846 0
592 0.2884185292222262 3.710888661316523 0
593 1.836070666606338 3.587635276853313 0
594 1.819490382205604 2.668307826340426 0
595 1.838386752527247 0.5112720084956932 0
596 1.834297843671863 0.2043606589295633 0
597 1.530204990015627 1.203392794002398 0
598 1.825132451317802 3.365923849689479 0
599 1.834900691294796 1.099999999997358 0
600 1.170931650174179 0.6420499698584357 0
601 1.729329016963476 2.481292734397322 0
602 1.819851301121563 2.408781606794125 0
603 1.927556065067663 0.07267929067490263 0
604 1.831514309790711 0.3300924818728809 0
605 1.926878914641029 3.926649434945801 0
606 0.8397331622372928 1.887890997483511 0
607 1.610509239559895 2.201820147403593 0
608 1.925577946249518 0.6505563806240584 0
609 1.838823610552475 1.385826463384343 0
610 1.016013394342885 0.5515805573637156 0
611 1.720921676867859 0.7773466986814774 0
612 1.844857023753095 0.6963537111448601 0
613 1.578407189474929 1.791930697017358 0
614 1.650223446448719 2.577275474194393 0
615 1.832838908895821 0.9701974607251298 0
616 0.5173476814185142 3.537997999292149 0
617 1.568352888931772 3.063563499970636 0
618 1.824606650976201 1.27365231684093 0
619 1.143643639072831 0.9245552497801089 0
620 0.7063765188066746 0.3552572564445386 0
621 0.585413671216571 1.791719037158586 0
622 1.015935064254431 0.3539966423045351 0
623 1.743182971458673 0.1965113068661635 0
624 1.78466720042214 0.1659431012596014 0
625 1.792813614708396 0.2349288645361253 0
626 1.840734885594217 2.812605817637599 0
627 1.845363739527184 2.76268397686482 0
628 1.901655344228669 2.793156730698742 0
629 1.855118599289028 1.632377674516122 0
630 1.864376071075059 1.707010345768434 0
631 1.806097210742278 1.689388020288802 0
632 0.4418030292257349 3.203476719523415 0
633 0.3010304152201301 3.152059668323711 0
634 0.4203540507257642 2.99654980905277 0
635 1.177194820670788 3.34193700614513 0
636 1.079418844649838 3.323758690711606 0
637 1.138789881620844 3.216347426959326 0
638 1.84261267243554 2.872324896978405 0
639 1.786321067734055 2.841852143144483 0
640 1.827717482857763 0.421125149810488 0
641 1.795899481148292 0.3684312543739713 0
642 1.863332311500182 0.3827863773093976 0
643 1.86676853286845 0.4733761406208037 0
644 1.799335702516559 0.4590210176853775 0
645 0.5494070835311629 2.607013626035166 0
646 0.4969638304683852 2.4648156519871 0
647 0.6865869705482497 2.489768835912348 0
648 0.4323355826782128 0.4265737334606295 0
649 0.587817803839962 0.4019261916190487 0
650 0.4915493600458835 0.5515705153691322 0
651 0.7924870464365903 2.420363265009188 0
652 0.7357349873236744 2.259557913077486 0
653 0.8940783162747925 2.332350316222391 0
654 1.920913689988097 1.701402069150173 0
655 1.871892301441347 1.758412414922853 0
656 1.216772434167861 3.75677208982502 0
657 1.278703790272831 3.692850608165794 0
658 1.31302944655591 3.780666429380378 0
659 1.259006477563951 3.615606832264528 0
660 1.150135280792282 3.559152269253923 0
661 1.226694980471451 3.505802832908016 0
662 1.84537283863342 3.665381077238329 0
663 1.905711966311418 3.697756952041866 0
664 1.842190865893543 3.715184608591927 0
665 1.625212872449595 0.7303292427219003 0
666 1.677671279212409 0.7113026841023867 0
667 1.668463270105045 0.796373257300991 0
668 1.01588358149479 2.386689321819611 0
669 0.9591315223818742 2.225883969887907 0
670 1.677970690209709 3.521992709358412 0
671 1.671341229545546 3.442217297053729 0
672 1.73712377467793 3.465561432386649 0
673 1.553544125063856 0.67852302124055 0
674 1.544336115956492 0.7635935944391543 0
675 0.3452421427065434 1.587883126965056 0
676 0.4435721191076668 1.489366577672867 0
677 0.4435292930491417 1.698664322555196 0
678 1.198944482964739 3.427282498695649 0
679 1.307815679736407 3.483737061706254 0
680 1.794467706966078 0.1090287156104928 0
681 1.844098350215801 0.1474462732804546 0
682 0.3445139778005545 2.382998422821689 0
683 0.4816938648176413 2.265753632698872 0
684 1.784479104157416 3.422779214563391 0
685 1.791108564821579 3.502554626868075 0
686 1.703715861945077 2.633999430988742 0
687 1.789181867078695 2.622376184566535 0
688 1.734024377071986 2.679931072762634 0
689 0.8449302994993678 2.562561239057255 0
690 1.342483269585045 1.314042474970369 0
691 1.425493053000732 1.272988311249757 0
692 1.420885166153966 1.380395413211899 0
693 1.69480096082808 0.6639062253826604 0
694 1.738051358483531 0.729950239961751 0
695 0.599959558690869 3.190105157683306 0
696 0.4806359231852351 3.345615016954247 0
697 0.1612396968600504 3.279493289397177 0
698 0.1397907183600797 3.072566378926533 0
699 1.859486674880177 1.92905426221259 0
700 1.869311220311874 2.000765395492426 0
701 1.815400435570254 1.979819657710115 0
702 1.850336056138024 1.463371031261793 0
703 1.907607839048747 1.499291450960496 0
704 1.844546435564962 1.512662482225951 0
705 0.2890205306263132 0.4134237752976487 0
706 0.3852889744203917 0.2637794515475654 0
707 1.909391545144551 2.608240071167717 0
708 1.873575066896201 2.660650699845476 0
709 1.855306860453954 2.615897197662667 0
710 0.6522585689011152 1.262905586197662 0
711 0.5125490336600039 1.390662483825439 0
712 0.4849945040061798 1.25082848445495 0
713 1.355263489952 3.639501171819886 0
714 1.824998345327046 2.569965555888775 0
715 1.907805203598646 0.3915548810318353 0
716 1.875987201889175 0.3388609855953186 0
717 1.438648073223719 1.205014083505312 0
718 1.517049969792641 1.271367021746843 0
719 0.1725996583240092 1.698590435927021 0
720 0.1726424843825343 1.489292691044692 0
721 1.71650082641555 2.73684369149426 0
722 1.801966831549168 2.725220445072052 0
723 1.05657146681641 1.966522433966702 0
724 0.9492107593780087 1.980371690145732 0
725 0.9470938696756938 1.874041741304481 0
726 1.862362954679654 2.170128609382656 0
727 1.818276715369952 2.12089400488007 0
728 1.869311220311654 2.100765395492538 0
729 1.86717255557864 3.21077787963833 0
730 1.92058784187138 3.204726186929214 0
731 1.875375927157116 3.260649916623385 0
732 1.004738470080141 3.406787078929499 0
733 0.966333531030197 3.281197499743694 0
734 1.876247943473588 0.2296285590429601 0
735 1.874856176533012 0.2924944705146189 0
736 1.832906076731287 0.2672265704012221 0
737 0.9480073068403007 2.122198673549321 0
738 0.8385297096995847 2.0297179808871 0
739 1.795563004200683 3.744127022515962 0
740 1.855902131878681 3.776502897319499 0
741 1.878116344111021 3.50136335699976 0
742 1.876919730263658 3.565294790904008 0
743 1.837267280453702 3.523703842949065 0
744 1.822484214443624 0.8756322827480468 0
745 1.861277075737228 0.9170025650319887 0
746 1.794046047602217 0.9288271784411879 0
747 1.792057195805244 1.54574870578187 0
748 1.849328978715966 1.581669125480572 0
749 1.698851932724409 1.083588762513637 0
750 1.76517543109616 1.101447576302733 0
751 1.708176007199225 1.147949337120303 0
752 0.4735195705959341 1.054009881011202 0
753 0.3338100353548228 1.181766778638979 0
754 1.919314026068502 2.000132658321643 0
755 1.875227786758579 2.050898053819168 0
756 0.3292011204143557 0.7805831162029722 0
757 0.4783914547158904 0.6911181210760127 0
758 0.4715254362461118 0.895483180068272 0
759 0.1798919717256492 2.491030221057732 0
760 0.1646220060749053 2.291968201769504 0
761 1.785266364136965 0.8352537202694017 0
762 1.852497392271977 0.8234291068602025 0
763 1.791955325129615 2.536078319828977 0
764 1.858080318504873 2.52959933292511 0
765 1.702967439217477 0.2395078413381324 0
766 1.694821024931221 0.1705220780616085 0
767 1.258315519935744 3.319871234943369 0
768 1.877383308884723 0.045265943815673 0
769 1.820446786223953 0.045265943815673 0
770 1.63487311393386 1.052282784627458 0
771 1.691872537830796 1.005781023809888 0
772 1.606279993079775 2.395485866517382 0
773 1.659648622750733 2.348694569628282 0
774 1.665062733357291 2.419027721287509 0
775 1.474509641953932 2.512651735682426 0
776 1.532171104112815 2.442220024423501 0
777 1.554032641527451 2.536250729435533 0
778 1.378772050844456 3.004530190045791 0
779 1.438746096646101 2.929067472953578 0
780 1.467410547910807 3.021711539267063 0
781 1.919314026068281 2.100132658321756 0
782 1.570437947881681 2.000382787594567 0
783 1.631433122860809 1.95293182880781 0
784 1.640880467600381 2.031711953573138 0
785 0.6227099048974688 0.9645448858842429 0
786 0.7674449687691272 0.8783247571790529 0
787 0.7694391031189494 1.036851458121983 0
788 1.523124379629786 1.587752233991949 0
789 1.585759821658572 1.534824095707328 0
790 1.599299574249553 1.615196176999698 0
791 1.898113996843471 2.897965480182964 0
792 1.843700178983309 2.927211805689848 0
793 1.720666904328391 1.217751871737619 0
794 1.799553078273588 1.219730233875165 0
795 1.745720477031003 1.271673954703384 0
796 1.129762817700939 1.216429885556496 0
797 1.236252792943235 1.154976237922226 0
798 1.240601181189514 1.268089020642496 0
799 1.793527773622936 2.960604839752603 0
800 1.849029098030867 2.986245422957162 0
801 1.429210682071829 2.121289431950521 0
802 1.49253281910832 2.051488408141402 0
803 1.516563155584763 2.148963936169014 0
804 0.9094634869572977 1.090108012602403 0
805 1.019794298222634 1.02697421612651 0
806 1.015083618189324 1.166450899312119 0
807 1.650694063461556 2.768183084903211 0
808 1.718636517938738 2.813472457212629 0
809 0.3372216643989145 1.990558637690423 0
810 0.4669234048995646 1.909970877492252 0
811 0.4589457526504608 2.10334864333529 0
812 1.621949291191239 0.8949374309221068 0
813 1.685629024825422 0.8514283560388752 0
814 1.691573452674429 0.9309659710404775 0
815 1.333953545857836 1.103994238556587 0
816 1.406083983723629 1.036277167860189 0
817 1.419221594297603 1.138918302311829 0
818 1.485190297934916 0.9825989355393928 0
819 1.553461141373342 0.9342358426935317 0
820 1.559622875601821 1.02283813876957 0
821 1.379134968642791 1.718508024691471 0
822 1.444953235346791 1.643580383393945 0
823 1.470845865516766 1.743051956581844 0
824 1.814345456432345 3.204530066101152 0
825 1.85955737114661 3.148606336406982 0
826 1.571349045128221 3.264678551074785 0
827 1.628032980182336 3.210573574994824 0
828 1.639516013021966 3.289473160606519 0
829 1.629962995429594 0.5562477775669659 0
830 1.686412927757594 0.5102131248169196 0
831 1.690870813884959 0.5992240167732497 0
832 0.5955984284870577 3.88417369490715 0
833 0.6755004527866024 3.776798125267407 0
834 0.7256132275674404 3.892624430360257 0
835 1.634273140947585 0.3950093863879117 0
836 1.560116159393701 0.4241379754876478 0
837 1.568884191039058 0.3519104762649237 0
838 1.597510111522588 3.421113355355986 0
839 1.65666319599081 3.364682078384223 0
840 1.452944561543784 2.318692995324263 0
841 1.527053450510744 2.271958837418144 0
842 1.526756993506256 2.371886872764274 0
843 1.713347131044924 3.310577102304262 0
844 1.759080294470228 3.251034896929529 0
845 1.776227477439071 3.326243814707233 0
846 1.405103972204076 1.920896750901139 0
847 1.483009100977438 1.869791130354305 0
848 1.483085474368748 1.972708283376074 0
849 1.345558860605547 1.520243014218041 0
850 1.423730004888542 1.464414864816045 0
851 1.43141348275581 1.563208302101575 0
852 1.595197266090574 2.140491529881744 0
853 1.531875129054083 2.210292553690864 0
854 0.6402445037296383 2.725519334155803 0
855 0.4506213636497738 2.700566150230555 0
856 0.6373670373399433 3.661387087703593 0
857 0.767381836420326 3.6698378231567 0
858 1.496944253965764 2.699327052426951 0
859 1.572464775653468 2.64911837993965 0
860 1.573037850250664 2.741762991672143 0
861 1.703822507689396 2.056042238545388 0
862 1.642827332710268 2.103493197332144 0
863 1.413991301394767 3.191290200543122 0
864 1.483651257198876 3.141476610911183 0
865 1.490206056484481 3.23559255509503 0
866 1.823546546091088 3.316312729510989 0
867 1.777813382665784 3.375854934885722 0
868 0.7387624638646957 0.7392071292659967 0
869 0.8854916620861764 0.811513701503737 0
870 1.476635857487933 0.6218962403058801 0
871 1.557512613981036 0.588631888588626 0
872 1.751250893156081 0.6178715726326141 0
873 1.794961081940543 0.5803067051216799 0
874 1.798891228883665 0.6449889137310905 0
875 1.575173541773852 2.818391757390513 0
876 1.708780905602563 1.318305396708791 0
877 1.787667079547761 1.320283758846337 0
878 1.501689089324112 3.314492140706724 0
879 1.119070442738241 0.7025865204077822 0
880 1.041611314822594 0.6573518141604222 0
881 1.093472522258532 0.5968152636110756 0
882 0.1611675509722885 0.89247408759928 0
883 0.1680335694420672 0.6881090286070208 0
884 1.913370727736918 1.206613673260209 0
885 1.877331668781572 1.263114601224081 0
886 1.860645709931546 1.217151388877058 0
887 0.8564190113792753 3.892624430360257 0
888 1.515699633061865 3.874599099779556 0
889 1.489901078476449 3.809193410196664 0
890 1.567945702022827 3.815769730927869 0
891 1.858928627403092 3.097592302632527 0
892 1.802793482335405 3.080998489944861 0
893 1.854991837738181 3.036232269707584 0
894 1.629593724118626 3.571026986447012 0
895 1.69537626925101 3.594371121779932 0
896 1.235993294342748 1.375496122604638 0
897 1.144347030548048 3.831183267920709 0
898 1.11002137426497 3.743367446706125 0
899 1.475847966138595 0.8028920062105791 0
900 1.547516713524335 0.8546982276919294 0
901 1.019432006435602 1.279563682032388 0
902 1.086332405546132 3.908889312400906 0
903 1.193083465449023 3.922293955519802 0
904 0.7647284230856394 1.176328141307593 0
905 1.553054727853671 0.4996209966322959 0
906 1.566602270495434 1.100645877473319 0
907 1.471793789331762 3.934011389524176 0
908 1.54983841287814 3.940587710255381 0
909 1.223115182369261 1.052335103470587 0
910 1.39992224949515 0.947674871784151 0
911 1.901556351100221 0.9069038346683211 0
912 1.873118184258814 0.9600987303614622 0
913 1.69289488090405 0.4370034562428488 0
914 1.753802699359416 0.4799796954491325 0
915 1.755552271464978 0.9622719489266567 0
916 1.690911523494911 3.169178780346309 0
917 1.746176685457028 3.122673949517932 0
918 1.751465110038198 3.188863353698181 0
919 1.748042942924631 1.735784928732353 0
920 1.738785471138601 1.661152257480041 0
921 1.630958775067527 2.5215472461855 0
922 1.573297312908643 2.591978957444425 0
923 1.628088531804621 1.882899283388217 0
924 1.698531051523321 1.914228449366787 0
925 1.578727257613682 1.462288433703714 0
926 1.654902452233449 1.489732376711464 0
927 1.762802486778819 3.614072789239862 0
928 1.714425520687736 3.663107066328461 0
929 1.487665777945143 0.4565220865093079 0
930 1.547868741322112 3.004906161072744 0
931 1.487894695520467 3.080368878164956 0
932 1.79142184776782 0.2977947760077841 0
933 1.905164243098554 3.002839235644829 0
934 1.557535660847847 1.730027506150838 0
935 1.491717394143848 1.804955147448364 0
936 1.769625688774424 3.850912252384965 0
937 1.826602754267117 3.862583008479652 0
938 1.78695417285572 3.908049949621084 0
939 1.614000386452506 3.762308511224104 0
940 1.639798941037922 3.827714200806997 0
941 1.789911950974216 3.566486060772323 0
942 1.605687561016556 2.263486431130874 0
943 1.911755726549387 3.103840116169705 0
944 0.1725996583240092 1.898590435927809 0
945 0.1646220060749053 2.091968201770848 0
946 0.6338736758776395 0.6664705792344319 0
947 1.750381175302845 1.876152214188737 0
948 1.753725766359033 1.94618475960833 0
949 0.6113956053182915 2.185165872500701 0
950 0.5871576148678135 0.1384647048552731 0
951 0.7229863712226753 0.09673532296471073 0
952 0.664432782827153 0.2352000278199838 0
953 1.720514304780061 2.873191536553435 0
954 0.1612396968600504 3.479493289396345 0
955 0.1611675509722885 1.092474087600112 0
956 1.622744555601166 3.144384170814575 0
957 1.671333109799646 1.634908602319335 0
958 1.60869766777086 1.687836740603955 0
959 1.396895681674871 0.2061801495855608 0
960 1.478681476760888 0.1883561394365162 0
961 1.451877903287476 0.2609081186303567 0
962 1.52034765459314 3.397946229038844 0
963 1.535025688147877 3.47548144770835 0
964 1.556519879255434 3.55246493219521 0
965 1.573925458296735 3.624843344616731 0
966 1.761015636430292 0.06376277179481978 0
967 0.1798919717256492 2.691030221056345 0
968 0.9620091962420239 0.7177595722739049 0
969 0.9906917011464553 0.8568772001869611 0
970 1.322001179875478 3.165849999376063 0
971 1.328555979161083 3.25996594355991 0
972 1.717572270421399 1.446969388617549 0
973 1.724604834466289 1.519505050621163 0
974 1.028908903031719 0.9375932895984511 0
975 1.134529034263746 1.013936176308168 0
976 0.1680335694420672 0.4881090286061884 0
977 1.411795363443516 2.666839846639065 0
978 1.412368438040712 2.759484458371558 0
979 1.376846391740625 2.478838997525098 0
980 1.398707929155261 2.57286970253713 0
981 1.701662912549407 0.3647759570201247 0
982 1.697185279168936 0.2941394786539375 0
983 1.7558070191254 0.3361335485088746 0
984 1.506739788304229 1.423360701095433 0
985 1.87437433817961 1.071641880916388 0
986 1.833869800095309 1.035098730361244 0
987 1.873343446980122 1.006740611280274 0
988 1.835592137228934 1.163229305911293 0
989 1.86288729018362 2.705771358133195 0
990 1.649390909193543 2.634414896689617 0
991 1.704548399200253 2.576860008493518 0
992 0.1726424843825343 1.28929269104386 0
993 1.384816496019579 0.8491741405244013 0
994 1.381635898451736 0.7580695072716263 0
995 1.399802446802297 0.66214682914875 0
996 1.403770935719477 0.5722556964968259 0
997 1.039895584499776 3.532349120943557 0
998 0.926810270880135 3.489787929975645 0
999 1.510778511089511 1.137297012808915 0
1000 1.661860681985635 3.88877730701858 0
1001 1.707915366415313 3.835316087314815 0
1002 1.364339131679988 2.28217010445891 0
1003 1.3640426746755 2.38209813980504 0
1004 1.324111515214442 2.086583643021553 0
1005 1.348141851690885 2.184059171049165 0
1006 1.569698896308519 1.856766679923299 0
1007 1.907607839048747 1.599291450960204 0
1008 1.249363430427676 1.481314015709105 0
1009 1.257046908294944 1.580107452994635 0
1010 1.311467948223755 1.883884888982849 0
1011 1.311544321615065 1.986802042004618 0
1012 1.270946949674155 1.68235509045483 0
1013 1.296839579844131 1.781826663642729 0
1014 1.27310201602988 2.975778063553415 0
1015 1.301766467294586 3.068422129866899 0
1016 1.792853749370103 0.5322306862594484 0
1017 1.3854941614994 3.934011389524176 0
1018 1.090917213840359 0.08552306987523617 0
1019 0.9770441790620249 0.08552306987523617 0
1020 1.654343405956639 1.199893057948523 0
1021 0.7519203691946887 0.5996595235591161 0
1022 0.7488721693980254 0.477965285560362 0
1023 0.8537609573850815 0.5507018355919268 0
1024 1.4648159121476 0.06681408519586016 0
1025 1.378516284314406 0.06681408519586016 0
1026 0.9724593707683614 3.908889312400906 0
1027 1.862217142081203 3.827300372948723 0
1028 1.879545626162499 3.884438070184841 0
1029 1.188375503179633 0.07719184048929491 0
1030 1.14422387657781 0.1627149103645311 0
1031 1.693083024446542 3.948189596763199 0
1032 1.758485911525232 3.948189596763199 0
1033 1.695612749351318 0.06376277179481978 0
1034 1.546550263853981 0.0594589916233204 0
1035 1.505433606854664 0.1262730768191805 0
1036 1.432409658843316 0.3298855970720305 0
1037 1.514195453929333 0.3120615869229859 0
1038 0.3054489614711635 3.534937620055439 0
1039 0.4199135375693075 3.448492289043252 0
1040 0.4028831053203702 3.624443330304336 0
1041 1.332690710532684 0.1440059256851551 0
1042 1.287507739698806 0.07719184048929491 0
1043 1.344376549983213 3.856305345043978 0
1044 1.406307906088183 3.792383863384752 0
1045 1.76355031179073 2.017895892888166 0
1046 1.21597194497443 0.2366067167066208 0
1047 1.118513655635155 0.2449379460925621 0
1048 1.914211913038685 0.03633964533745131 0
1049 1.890727460913701 0.08160558915312432 0
1050 0.9364112757623149 0.6119883154771982 0
1051 1.661102257866731 0.1232217634181402 0
1052 1.621678450045632 0.0594589916233204 0
1053 0.1209869611842461 0.3253147466931242 0
1054 1.69929869815394 1.392055957779796 0
1055 1.76900108038678 1.421828631689496 0
1056 1.859486674880183 1.879054262212725 0
1057 1.810465286333433 1.836064607985696 0
1058 1.864376071075059 1.807010345768142 0
1059 1.755270571497721 1.804108297744154 0
1060 0.4369012364791631 0.1384647048552731 0
1061 0.445342050097371 3.88417369490715 0
1062 1.423812464071355 2.851928893945876 0
1063 1.512450961137706 2.869110243167148 0
1064 1.105426437187567 0.8438391603686188 0
1065 1.4392046659494 3.368860233059088 0
1066 1.594573225298669 3.696884720106754 0
1067 1.666426464313764 3.708829189985882 0
1068 1.564109450610181 3.124671232716864 0
1069 0.9235135632102751 0.1822583928399469 0
1070 1.031350325746483 0.2625213910275037 0
1071 0.9080983017182229 0.2737336441169783 0
1072 1.878287284490874 1.365035007828987 0
1073 1.831715130764338 1.329739390112636 0
1074 1.871178804702737 1.30894793455728 0
1075 0.416952091464223 3.739618025565412 0
1076 0.5314166675623669 3.653172694553224 0
1077 1.742239895792117 3.061313916592989 0
1078 1.479357422325986 3.529297805878068 0
1079 1.590107174348598 2.895530336398216 0
1080 1.908845003774063 3.798357959024688 0
1081 1.808961202410942 3.635222005320852 0
1082 1.872482302828817 3.61779434877079 0
1083 1.815462977017926 3.959860352857885 0
1084 1.79537602395807 1.068543500846713 0
1085 1.804700098432886 1.132904075453379 0
1086 1.216331145060902 3.137097872883687 0
1087 0.9215556112560711 3.801513742761164 0
1088 1.368964206724062 3.428765524442547 0
1089 1.350305641455033 3.345311436110428 0
1090 1.338663573549107 2.819441688157989 0
1091 1.305710181808291 0.902852372845198 0
1092 1.314132113230209 2.633027108481737 0
1093 1.292215701967127 3.922293955519802 0
1094 1.624966599069151 3.940587710255381 0
1095 1.521499380435477 3.678322665854953 0
1096 1.406074579526768 0.4858583218773291 0
1097 1.413136011066798 0.410375300732681 0
1098 0.6174902726394829 0.3160933330775424 0
1099 0.6767040500071537 0.441090114986045 0
1100 0.1442092646111131 3.655444330657429 0
1101 1.794345132758583 1.003642231210599 0
1102 0.8537921550337647 0.09673532296471073 0
1103 1.329241168841132 0.5261089107201991 0
1104 1.308770976683281 0.7084289634625722 0
1105 1.813049131603357 1.431284262955796 0
1106 1.876110535087142 1.41791323169034 0
1107 1.147481342032145 1.435360561381232 0
1108 1.288240961876829 2.442316106659744 0
1109 0.9567005477852167 2.620281607204139 0
1110 1.047819068043626 2.570076390794489 0
1111 1.053689240441134 2.697202329844533 0
1112 1.560415828467268 0.1810010458639765 0
1113 1.178906831817511 0.7837373562712886 0
1114 1.217124033702775 0.8644534456827787 0
1115 0.4653064939322946 1.794449954502985 0
1116 0.587030582183841 1.907239960147852 0
1117 0.7922829527394635 1.316162140678081 0
1118 1.230768039253449 0.7232008057219421 0
1119 1.747563947826711 3.789849146173383 0
1120 1.723880189995862 2.426764579397866 0
1121 1.670511560324905 2.473555876286965 0
1122 0.7533190289943448 0.27436395118698 0
1123 1.916971974874217 2.698114231638245 0
1124 1.2592399648226 2.247464315529941 0
1125 1.230475491234121 2.049571781103262 0
1126 1.874037425196533 3.405603884671724 0
1127 1.921389842477404 3.401133887578842 0
1128 1.885816311581936 3.455302411951934 0
1129 1.575882418879106 1.378268982099569 0
1130 1.765497176900617 2.089677136647172 0
1131 1.20327992925512 1.847731954746208 0
1132 1.919329068631476 0.3012629742370566 0
1133 0.6108361840026022 1.501443679415579 0
1134 1.174751519496284 1.643426091945893 0
1135 1.66151870114142 2.912307861013985 0
1136 1.598796120505274 2.963026346790619 0
1137 1.733852681841573 3.728530857445811 0
1138 1.072207081592276 3.642153120300069 0
1139 1.396714704230774 3.507285858654914 0
1140 0.7129868751564938 2.097152923713904 0
1141 0.3196826900857289 2.763596599981492 0
1142 0.1397907183600797 2.87256637892792 0
1143 1.758548911268617 2.159040350537291 0
1144 0.851276277529283 3.247041253376486 0
1145 0.7652228045554349 3.348234671537863 0
1146 0.7248459256242175 3.231050036952761 0
1147 0.8119489142003757 1.433369922308185 0
1148 0.8488350109562701 1.547257124353207 0
1149 0.7166991953108337 1.516626787613172 0
1150 1.959099021637656 0.2774482295778842 0
1151 1.959099021637656 0.2274482295779778 0
1152 1.920913689988097 1.801402069149882 0
1153 0.8456079031367182 3.584888378791295 0
1154 0.8104507887170836 3.459326336777237 0
1155 0.6840204368120181 3.443335120353513 0
1156 1.925468761391893 3.496893359906877 0
1157 0.9244187683848999 1.346792477418116 0
1158 0.8254871483852165 0.3112391217612971 0
1159 0.9333239109214245 0.3915021199488539 0
1160 1.960230046993819 0.3738147446585075 0
1161 1.960230046993819 0.3238147446585838 0
1162 1.957580006988292 3.874577717326825 0
1163 1.957580006988292 3.824577717326693 0
1164 1.95126499678577 3.773780241697469 0
1165 1.95126499678577 3.723780241697337 0
1166 1.954446969525647 3.673976710343739 0
1167 1.954446969525647 3.623976710343607 0
1168 1.947575156604827 0.4677401363725047 0
1169 1.947575156604827 0.4177401363725865 0
1170 1.958884396960488 3.571477152476825 0
1171 1.958884396960488 3.521477152476693 0
1172 1.039097967896514 1.396771463662492 0
1173 1.305887137059272 0.2165579048789956 0
1174 1.052468103981442 1.502589356766959 0
1175 0.2935861844272635 0.1253147466922923 0
1176 0.1209869611842461 0.1253147466922923 0
1177 0.1442092646111131 3.855444330658262 0
1178 0.3168084878553742 3.855444330658262 0
1179 1.954805478046 3.375717680148527 0
1180 1.954805478046 3.325717680148395 0
1181 1.629569196397941 1.749739931470475 0
1182 1.729387377617293 1.588511693875784 0
1183 0.8508004718968761 2.689687178107299 0
1184 1.585364626327729 1.304518421028563 0
1185 1.657352095637182 1.343446153636844 0
1186 1.959413428553454 0.7747471090977923 0
1187 1.959413428553454 0.724747109097938 0
1188 1.872399499678902 3.959860352857885 0
1189 1.955563491402934 3.076413041196441 0
1190 1.955563491402934 3.026413041196308 0
1191 1.956192235146452 3.177427074971026 0
1192 1.956192235146452 3.127427074970895 0
1193 1.588352435483217 0.2829329978232499 0
1194 1.94960075169562 2.976426194445887 0
1195 1.94960075169562 2.926426194445756 0
1196 1.944857621289318 0.8819038346683939 0
1197 1.944857621289318 0.8319038346685397 0
1198 1.656825256915333 2.291674691187773 0
1199 1.715607997192849 2.3152165459579 0
1200 1.118555169039952 3.118919557450162 0
1201 1.948513245147851 2.871539285734312 0
1202 1.948513245147851 2.82153928573418 0
1203 1.913622722343116 0.9966418809166063 0
1204 1.956698729810904 0.9749999999977217 0
1205 1.956698729810904 0.9249999999978674 0
1206 1.953142099080818 2.771617444961402 0
1207 1.953142099080818 2.72161744496127 0
1208 1.258225883136241 2.877031508269411 0
1209 1.181220299586371 2.94092344809052 0
1210 0.6232980511960905 3.546212392442518 0
1211 1.963829875793399 2.676496786673552 0
1212 1.963829875793399 2.62649678667342 0
1213 1.865785798478188 3.309068484815567 0
1214 1.919201084770928 3.303016792106451 0
1215 1.945561669351152 2.581743284490611 0
1216 1.945561669351152 2.531743284490479 0
1217 1.95725529535636 2.474999999995985 0
1218 1.95725529535636 2.424999999995853 0
1219 1.957268588115615 2.374999999995721 0
1220 1.957268588115615 2.324999999995589 0
1221 1.95576988075127 2.274999999995456 0
1222 1.95576988075127 2.224999999995323 0
1223 1.956698729810678 2.174999999995193 0
1224 1.956698729810678 2.124999999995061 0
1225 1.962615296257603 2.075132658321691 0
1226 1.962615296257603 2.025132658321581 0
1227 1.956698729810899 1.974999999994839 0
1228 1.956698729810899 1.924999999994963 0
1229 1.956698729810904 1.874999999995098 0
1230 1.956698729810904 1.824999999995244 0
1231 1.964214960177193 1.776402069149955 0
1232 1.964214960177193 1.726402069150101 0
1233 1.956698729810904 1.674999999995681 0
1234 1.956698729810904 1.624999999995827 0
1235 1.950909109237842 1.574291450960277 0
1236 1.950909109237842 1.524291450960423 0
1237 1.956698729810904 1.474999999996264 0
1238 1.956698729810904 1.42499999999641 0
1239 1.958875479214637 1.372121776135057 0
1240 1.958875479214637 1.322121776135202 0
1241 1.965028343293472 1.276288442802003 0
1242 1.965028343293472 1.226288442802149 0
1243 1.948342384443446 1.180325230455126 0
1244 1.948342384443446 1.130325230455272 0
1245 1.956923992532212 1.071641880916387 0
1246 1.956923992532212 1.021641880916533 0
1247 1.738087431588236 0.8324017974193617 0
1248 0.9997816779724633 3.716564298395758 0
1249 1.050720872438132 2.477078631116407 0
1250 1.14770956509405 2.553999353756801 0
1251 1.794775559335898 1.376370832118043 0
1252 0.8804082277233019 2.92981028415857 0
1253 0.9019721016586384 3.050622382764217 0
1254 0.789335524662729 3.009044520185737 0
1255 1.418208895338331 3.584269343141775 0
1256 1.963439457320515 3.9633247174729 0
1257 1.963439457320515 3.913324717472769 0
1258 1.913873337825209 3.9633247174729 0
1259 1.069812572060298 2.176537679146541 0
1260 1.181743809983397 0.4048169127716622 0
1261 1.094580480094725 0.4224003577066038 0
1262 1.103098394143103 0.3364131973695935 0
1263 1.963778032533831 0.08633964533735705 0
1264 1.963778032533831 0.03633964533745131 0
1265 1.840494085097687 0.5593480273579248 0
1266 1.831798172809433 3.412848129367148 0
1267 1.867371703704901 3.358679604994056 0
1268 1.843729220710611 0.6518888786825082 0
1269 1.800019031926148 0.6894537461934425 0
1270 1.620886725625535 0.1662182978901091 0
1271 1.458553975049145 3.733554494533065 0
1272 1.964395606724928 3.277299111956213 0
1273 1.964395606724928 3.227299111956081 0
1274 1.027235532773019 1.762922862666019 0
1275 0.919874825334618 1.77677211884505 0
1276 1.913331366486136 3.595453862821485 0
1277 0.9333630759656515 0.4902940774784441 0
1278 0.7141903276942019 1.955325940310315 0
1279 1.619280268114934 3.021683685688513 0
1280 1.865792730090843 1.130325230455273 0
1281 1.250081710484431 0.5516551792241842 0
1282 1.252385354291721 0.4652578046046874 0
1283 1.921334751972203 0.2031085943987223 0
1284 1.962235730334546 0.1756603648203432 0
1285 0.9720506091388776 1.564826749627404 0
1286 0.8768008902493356 1.648083614932391 0
1287 1.017029355159552 3.084778629131426 0
1288 0.9259566520989796 3.164012865158593 0
1289 1.246781857105598 2.784587072695094 0
1290 1.280176916116616 0.2987809406070266 0
1291 1.923903822508109 1.298410218940431 0
1292 1.178187016206788 2.312899112212406 0
1293 1.161989736217684 2.214788178802661 0
1294 0.8837413185833773 3.700299416355109 0
1295 1.13618143737442 1.904991332605889 0
1296 1.121553068994795 1.802933107265769 0
1297 1.260903268340098 0.379270644267677 0
1298 1.079694485705971 2.906782519771784 0
1299 0.9778077624509681 2.859397846495617 0
1300 1.064457443437728 2.79479221953035 0
1301 1.904271049842771 0.8066509437681004 0
1302 1.094619645138952 0.521192315236194 0
1303 1.015974229298658 0.4527885998341253 0
1304 0.8651711854550588 2.817819983917136 0
1305 0.7534009371692099 2.760099615770252 0
1306 1.35081846042494 0.3592218324400518 0
1307 1.648823332641484 0.2681502498493826 0
1308 1.962235730334546 0.1256603648204496 0
1309 1.78523029103226 0.7328021628117911 0
1310 1.830068282859207 0.7397021277632088 0
1311 1.232229787178347 0.9629541769425283 0
1312 1.094570618599611 3.005529075055787 0
1313 0.6860130316647172 3.088911739521929 0
1314 0.6644491577293807 2.968099640916281 0
1315 0.7966592271520103 1.759202493570852 0
1316 1.687958831894043 1.775872534935393 0
1317 0.4105201102842043 2.88210230810213 0
1318 1.172078773054599 0.5664270214835541 0
1319 1.902816964707512 2.506743284490414 0
1320 1.914523883471975 2.399999999995787 0
1321 1.913038468866886 2.299999999995521 0
1322 1.912468610561948 2.199999999995256 0
1323 1.913397459621803 1.899999999995036 0
1324 1.915574209025541 1.397121776134984 0
1325 1.905266376975657 1.101967111374302 0
1326 1.437906208047212 3.661513119043041 0
1327 1.115774078545214 2.370612284781923 0
1328 1.636796824971031 1.818063300482276 0
1329 1.966584364431404 3.475416207428867 0
1330 1.966584364431404 3.425416207428736 0
1331 1.959966212240921 0.5253950118185774 0
1332 1.907541368845748 0.4931351481919869 0
1333 1.236013654109004 2.686997183009277 0
1334 1.222926219820749 2.593027038907343 0
1335 1.777183157635459 2.488502415631317 0
1336 1.774590159042519 2.445037170595724 0
1337 1.822444299714503 2.452246851829718 0
1338 1.867053199536113 0.7662723812894552 0
1339 1.677915373105919 3.041396623786224 0
1340 1.626987993922756 3.083276438068348 0
1341 1.094334024653719 1.705663484806338 0
1342 1.080433983274508 1.603415847346144 0
1343 1.150865520676111 2.111102882464075 0
1344 1.138298327076735 2.011321281447141 0
1345 1.861434105620247 2.220128609382788 0
1346 1.734532169984295 2.999721164213153 0
1347 1.922202401678212 0.7000252994107057 0
1348 1.962788973124759 0.6752781903112908 0
1349 1.729203250936737 2.940687546945839 0
1350 1.598519646550717 1.236544193284118 0
1351 1.155575963696138 2.7445870031207 0
1352 1.959966212240921 0.575395011818437 0
1353 1.58602874942155 1.166741658666803 0
1354 1.24893458760401 0.6272781275990658 0
1355 1.768100609416589 0.7801986215315174 0
1356 1.594134595531759 0.2283013605074448 0
1357 1.658139306179589 2.164821814853993 0
1358 1.881841940430001 0.7229239646711065 0
1359 1.885217485001306 0.6734550458844593 0
1360 0.6477222807584965 1.615330881460601 0
1361 0.5512927242898091 2.933519359301833 0
1362 1.225828024215255 2.500029279229261 0
1363 1.21302430715013 2.403288421509202 0
1364 0.654615217287821 2.853652139965641 0
1365 1.765023496421856 2.280822526314764 0
1366 1.767846862257256 2.337842404755272 0
1367 1.769141332074906 2.390509015596267 0
1368 1.762056540547701 2.22422694314379 0
1369 1.814295405612107 2.246852801941162 0
1370 1.709277002078366 2.193010074910893 0
1371 1.962788973124759 0.6252781903114364 0
1372 1.869773944510081 2.472856048430616 0
1373 0.7785446381975464 0.3921324270188556 0
1374 1.92275518536568 0.600673202131059 0
1375 1.879159588504544 0.5310310160668764 0
1376 1.865899768858747 2.326724192553895 0
1377 1.864401061494402 2.276724192553761 0
1378 1.921019464308807 3.887902434799857 0
1379 1.879384652170478 0.1778406942853255 0
1380 0.5780700670344417 3.435120727203144 0
1381 1.885405076494721 3.923185070330786 0
1382 1.881266921074985 0.579107034929108 0
1383 1.889185158714416 0.1209263086362168 0
1384 1.926013762868378 0.1120000101579952 0
1385 1.884089681958823 0.6289902134221074 0
1386 1.867180945917141 2.429390803395022 0
1387 1.867194238676397 2.37939080339489 0
1388 1.818556831303913 2.35611499595313 0
1389 1.744101184457631 2.528868638594982 0
1390 1.689776231706098 2.529284104295858 0
1391 1.661646935458672 2.230008407460493 0
1392 0.6694994816416495 1.71111651340839 0
1393 0.563636470333418 1.695933405210797 0
1394 0.7125734167269319 1.839805017321048 0
1395 3.540316835861166 1.53800535949138 0
1396 3.547207306856373 2.452037913701668 0
1397 3.42256470282103 2.281456039578917 0
1398 3.423044427819944 1.716899463873401 0
1399 3.671147830050483 2.551885148229588 0
1400 3.665616965904017 1.443684019755886 0
1401 3.37031777361591 1.874354395570697 0
1402 3.371786561382045 2.131723317127442 0
1403 2.083078780267128 0.9556000257246114 0
1404 2.090087719582253 3.042156607209351 0
1405 3.814743157671201 2.619009973494454 0
1406 3.822110956347585 1.384202689483053 0
1407 3.972768880487099 2.640316636090587 0
1408 3.973451446980245 1.358115165694537 0
1409 4.131837237421118 1.371239386338273 0
1410 4.124549282673638 2.641570194997983 0
1411 4.282329835662612 1.42106149755222 0
1412 4.282144075039866 2.578896392288004 0
1413 4.419927781651795 2.495550288202903 0
1414 4.415204365247321 1.509769134598636 0
1415 4.52229618793559 2.375211004932146 0
1416 4.52777460289467 1.619496824925913 0
1417 4.600295042456418 2.234869804165932 0
1418 4.59612222164559 1.762518039590211 0
1419 4.641772466352534 2.082113277454327 0
1420 4.63868032665842 1.92093989621309 0
1421 2.085588341345161 2.649463449153178 0
1422 2.080309440238426 1.346043948154572 0
1423 2.089566604777525 2.2513937775794 0
1424 2.079229389431376 1.749785363891245 0
1425 2.972792159185923 0.1405296959971823 0
1426 2.967782331365947 3.861744578330765 0
1427 2.093367672309606 0.6637263746729434 0
1428 2.089069599251418 3.356241058589676 0
1429 3.552841973022181 0.1604998565088141 0
1430 3.54258784974972 3.846983928506561 0
1431 2.508124347169908 0.1130957855911554 0
1432 2.529810848297045 3.889307852197046 0
1433 4.807125567765493 3.72947739513917 0
1434 4.800775248802176 0.2519225291881806 0
1435 4.221012335490747 3.770073714347703 0
1436 4.236194588179237 0.2282217900470978 0
1437 3.480250494363752 1.628859024575495 0
1438 3.474307767089862 2.37470193420456 0
1439 3.354327760764889 1.968303868357595 0
1440 2.082767078391829 0.345377026160831 0
1441 2.094367795938419 3.651611070226908 0
1442 2.082869897845024 2.060194224740732 0
1443 2.09005501661245 2.436865771866009 0
1444 2.086602540378672 2.849999999996971 0
1445 2.083279201278732 1.150011896700269 0
1446 2.081791766434864 1.553997755185478 0
1447 5.694736835249231 1.470435557692358 0
1448 5.688994356828986 2.538128321818027 0
1449 2.263243971602884 3.913957578144459 0
1450 2.264989955232061 0.1000453193218132 0
1451 5.661090986823927 3.375115086146746 0
1452 5.661090986827155 0.6248849138523558 0
1453 2.085757884586078 0.1516689558664668 0
1454 2.088809935325401 3.83956071556952 0
1455 5.654588698174515 0.9350380156402519 0
1456 5.371032576150196 1.21800467540672 0
1457 5.373646772049995 0.7473541711903426 0
1458 5.120771658703874 1.004637069679788 0
1459 5.303028894446564 0.4625457371370355 0
1460 5.087225040916618 0.6380866945432303 0
1461 5.654588698153987 3.064961984356828 0
1462 5.360586645966009 2.779972701506083 0
1463 5.374638278566469 3.25151395170479 0
1464 5.104085201576576 2.974568635674572 0
1465 5.307196929543211 3.537331921120852 0
1466 5.087225040887285 3.361913305458012 0
1467 4.499952337415388 3.767642639175487 0
1468 4.355168215474487 3.571997980691601 0
1469 4.14806656386056 3.570035392097687 0
1470 4.232198204447171 3.410680093735767 0
1471 4.062996035599697 3.415114920164289 0
1472 4.138422532627655 3.274067812705198 0
1473 3.987263986499463 3.275993624570038 0
1474 4.287253467111437 3.251624186434129 0
1475 4.049533391960303 3.152584212892189 0
1476 3.912790510966088 3.157730999829518 0
1477 3.843899930636252 3.273321393111809 0
1478 3.782553399010514 3.1579352697907 0
1479 3.713168525383497 3.2684488284756 0
1480 3.651868376172851 3.136696407601713 0
1481 3.5858791187616 3.260205060071784 0
1482 3.524899236299147 3.152059556206228 0
1483 3.461450888732737 3.259075797480754 0
1484 3.406223312431563 3.151313599364175 0
1485 3.464394786316705 3.053735403520133 0
1486 3.351172237313239 3.051719545180143 0
1487 3.291224491779775 3.146167624692992 0
1488 3.239551465500556 3.047088378222576 0
1489 3.1794541971774 3.139782822941511 0
1490 3.1294204905102 3.041001788919274 0
1491 3.068813432129063 3.133065311786127 0
1492 3.021040108758799 3.034427411112183 0
1493 3.078443577526112 2.946413052773882 0
1494 2.97802213751767 2.939158168280072 0
1495 3.029270422081347 2.856291869051844 0
1496 2.935018911570767 2.848910006123119 0
1497 2.984520212091037 2.770381023202083 0
1498 2.89221200107569 2.764297696426341 0
1499 2.940838027293371 2.688109537472088 0
1500 2.851086407123056 2.682451459611237 0
1501 2.898530833554384 2.608993510742088 0
1502 2.919987006656914 3.026652114432852 0
1503 2.811711400109999 2.602741387883753 0
1504 2.857471996597234 2.530880004144367 0
1505 2.771567876667228 2.525618534966358 0
1506 2.817181836056585 2.453725149988149 0
1507 2.806279361769703 2.766084466118942 0
1508 2.732758810721493 2.44943749674307 0
1509 2.779528095382397 2.379488621031637 0
1510 2.861011242580686 2.38309950676473 0
1511 2.824006638354245 2.31046594995032 0
1512 2.743217211101062 2.306015951911321 0
1513 2.787932299607763 2.238128363050853 0
1514 2.708139951710426 2.232806523715231 0
1515 2.753275976666001 2.16655533591371 0
1516 2.829149273084875 2.172264775691636 0
1517 2.795914455400559 2.100920926707256 0
1518 2.719504768982985 2.09522498676623 0
1519 2.766749082326313 2.033435405067697 0
1520 2.839898418958583 2.037139014464137 0
1521 2.808442947577907 1.968990944284717 0
1522 2.737074772833179 1.96991395010404 0
1523 2.778275524722522 1.901005682800618 0
1524 2.849322007497597 1.905680863307694 0
1525 2.820137199167664 1.838326377092753 0
1526 2.747023271217338 1.830744955575011 0
1527 2.791058632217273 1.770005222443932 0
1528 2.866784566132204 1.779033838699402 0
1529 2.839153194568105 1.709676632250474 0
1530 2.759117184148706 1.702217381336475 0
1531 2.807473839946426 1.63938346433075 0
1532 2.889663133113545 1.64824951877434 0
1533 2.85727407237001 1.576215614432156 0
1534 2.775609379067 1.564650236347768 0
1535 2.826566430289355 1.50045089914959 0
1536 2.908751938818473 1.512507106591881 0
1537 2.878334508244179 1.435723009748307 0
1538 2.960218952135748 1.448650846427473 0
1539 2.930570970213242 1.369635134902393 0
1540 2.835412513200033 1.349049201815032 0
1541 2.900034376178061 1.287533716341987 0
1542 2.98691970059496 1.301456672130027 0
1543 2.956244363486332 1.217781714217551 0
1544 3.046863276093618 1.231148870580181 0
1545 2.866064138872329 1.205057620870437 0
1546 3.010031263817893 1.148033548819394 0
1547 3.104917650748078 1.160637232208847 0
1548 3.067127525540249 1.073930272383887 0
1549 3.16562902992847 1.087756512930157 0
1550 3.129976263018127 0.9988198291785899 0
1551 3.22505497764454 1.016620810211021 0
1552 3.028743677149365 0.983901330710069 0
1553 2.986351770720294 2.611650505535065 0
1554 2.685280398797647 2.520627918276088 0
1555 3.09826257087317 0.9072866007253966 0
1556 2.993191946448141 0.8891319463686564 0
1557 3.259943894666069 1.102715030686966 0
1558 3.318272842090794 1.032402024857518 0
1559 3.409914148190107 2.96110971030703 0
1560 3.353088294918088 1.114190781712921 0
1561 3.412679229205467 1.048141152406084 0
1562 3.382978198781369 0.9619345860641644 0
1563 3.474882117251477 0.9764498863753592 0
1564 3.065002241254465 0.8086803245818457 0
1565 2.956826518115953 0.7901498465246184 0
1566 3.512005001592761 2.960225740297647 0
1567 3.506207371210775 1.067153517909618 0
1568 3.565415007970911 0.9971657534223276 0
1569 3.539008476676291 0.8994867995995075 0
1570 3.646304574452267 0.9408467540108668 0
1571 3.463785270740493 2.8768293696563 0
1572 3.116197702089438 3.232605124992343 0
1573 2.88934584544066 0.8735722897180909 0
1574 2.850816020780958 0.774657177000958 0
1575 2.785725440781985 0.8583607364619784 0
1576 2.745694513775435 0.7600958165408062 0
1577 2.68101938631838 0.8434774817868638 0
1578 2.64059980150415 0.7458002135651125 0
1579 2.576774495114774 0.8290383142131745 0
1580 2.705438228798978 0.6604691497120516 0
1581 2.59841235192605 0.6449017632506937 0
1582 3.61158716256862 0.8196559166256601 0
1583 3.723093794644321 0.8459500150910021 0
1584 3.762657008740034 0.9580419574350982 0
1585 3.836431253071908 0.8724833097064124 0
1586 2.618040866536552 0.9254035300051329 0
1587 3.292744315618007 1.17981017569881 0
1588 3.554212074281789 2.873680295854928 0
1589 3.077362691831505 2.774807650612523 0
1590 3.589312200578997 1.090276953649762 0
1591 3.535554807070382 1.153298960866959 0
1592 3.024311434156579 0.7057850265797826 0
1593 3.138859170914686 0.7248004180766255 0
1594 2.989475797792874 1.523845902236911 0
1595 3.870801851496158 0.9819326799979545 0
1596 3.945861891804619 0.9016360124185303 0
1597 3.081454211451103 1.326281422281814 0
1598 3.798883067406797 0.7736677721696201 0
1599 3.974959555966459 1.02941111447322 0
1600 4.057865597305557 0.9320733453050529 0
1601 3.004870959450827 3.226881388728621 0
1602 3.848747972947642 3.035390241421587 0
1603 2.901361363355097 2.313675502441834 0
1604 2.512319934614831 0.9090502631932431 0
1605 2.553735586328346 1.004479383992348 0
1606 3.50825725876773 2.798631707682757 0
1607 2.64667123427117 2.443368758018627 0
1608 2.598382188696466 2.515849419724064 0
1609 2.559064475451445 2.437508494206254 0
1610 2.509921248672259 2.511018857153061 0
1611 2.549995217762177 2.590984154022566 0
1612 2.470606806284184 2.431191192043581 0
1613 3.423172064593886 2.79821460606294 0
1614 2.665743317833124 0.5574792447590254 0
1615 2.554714855032209 0.541416392448638 0
1616 2.468185077751396 0.8129613878906079 0
1617 2.459818380520053 2.586045581896534 0
1618 2.501052105243003 2.667772983007718 0
1619 3.054084141154576 3.329631455254327 0
1620 2.938755946679477 3.324289275913375 0
1621 3.466058436103559 2.72605660355873 0
1622 3.387180070647335 2.724260709093026 0
1623 2.743824637719087 1.48830476423634 0
1624 2.692426037162875 1.554729412990087 0
1625 2.659924239058197 1.476598402166797 0
1626 2.607773768150697 1.545120726814276 0
1627 2.57648834750258 1.466620404398229 0
1628 2.523766230653273 1.53551487723304 0
1629 2.487473915049084 1.449858970115645 0
1630 2.556138692897554 1.614535752470875 0
1631 2.471246290237842 1.604906061969078 0
1632 2.504055519992578 1.683882433529976 0
1633 2.628761964850014 1.403919405640046 0
1634 4.089416513141288 1.041939617030688 0
1635 4.17279801956615 0.9581131615622854 0
1636 4.200967746499717 1.071183128195529 0
1637 4.292661958672955 0.9817032852705668 0
1638 4.316306061043702 1.119702953248978 0
1639 4.41832851166364 1.012924027522796 0
1640 4.451781188254841 1.161622682939129 0
1641 4.378756305953533 0.8766788657082139 0
1642 2.450858245170827 0.9884681725054474 0
1643 3.096642869448881 0.6144420029034721 0
1644 3.215305098425613 0.6350621667925125 0
1645 3.593585487291039 2.797427035218729 0
1646 3.616672490784016 1.173855891017182 0
1647 2.490090473281876 1.082207887626051 0
1648 3.563738611140101 1.233432819794044 0
1649 3.427396001285158 2.658361252778104 0
1650 3.352636254916542 2.656325700004446 0
1651 3.390745867673959 2.594773058404939 0
1652 3.319390919890524 2.592319213668207 0
1653 2.417231806779051 1.673471920360653 0
1654 2.451975798563721 1.754918005828798 0
1655 2.408551634668655 2.662554434795617 0
1656 2.449095196429023 2.74469765311499 0
1657 3.171385297888614 0.5155690924801597 0
1658 3.359395201139569 2.522690827138258 0
1659 3.2878604180506 2.52924332149623 0
1660 3.318902692985129 2.469303572056913 0
1661 3.255397070012633 2.470878030580817 0
1662 3.289528738601598 2.416670776266541 0
1663 3.224673593496343 2.413739963249171 0
1664 3.258006113298165 2.359220925762499 0
1665 3.194085252847421 2.356662597587164 0
1666 3.226522328832107 2.301189493253728 0
1667 3.163586526628519 2.299834486627559 0
1668 3.198609505726348 2.244799542924165 0
1669 3.133597958013277 2.243382381984764 0
1670 3.165910651966657 2.189860761023283 0
1671 3.102725757481914 2.187126500328466 0
1672 3.133539048330758 2.133953486036177 0
1673 3.161623189178672 2.410574754241684 0
1674 3.071410087165342 2.130252145110695 0
1675 3.10595588505856 2.075910124935825 0
1676 3.165914691267121 2.079356486589888 0
1677 3.140775263518489 2.021977715593123 0
1678 3.079354518789699 2.020474837805402 0
1679 3.112077203362849 1.966224912921924 0
1680 3.882643816623689 1.092905739443135 0
1681 4.032183806336865 0.8139847241774589 0
1682 2.392782624324364 1.583867304494867 0
1683 3.77641307336097 3.393040851475994 0
1684 3.170350197001089 1.966881579333283 0
1685 3.144046415251666 1.911934375694012 0
1686 3.085512611017785 1.903595472550795 0
1687 3.120589971483 1.854549794453416 0
1688 3.179532563680411 1.858241144243816 0
1689 3.155063226968474 1.802626382103313 0
1690 3.090600540634602 1.799107154240306 0
1691 3.127314124781723 1.745434705687556 0
1692 3.191876939545997 1.750271491704323 0
1693 3.165320453793646 1.693170927583429 0
1694 3.228049042716151 1.698450752192986 0
1695 3.202342683025441 1.640730049643249 0
1696 3.276000446523559 1.647364472481675 0
1697 3.241101156970689 1.588522708871204 0
1698 3.343043839971103 2.789743693281832 0
1699 3.302250032746844 1.592830910496061 0
1700 3.275168738840985 1.53453972471609 0
1701 3.341149615234893 1.539111116365863 0
1702 3.311740534669183 1.480852383057937 0
1703 3.379299575382309 1.485244528177545 0
1704 3.349071088554578 1.42654468332519 0
1705 3.415632710540091 1.431443125500749 0
1706 3.211234961185234 1.53413321390907 0
1707 3.220434139328815 2.527629877571857 0
1708 2.365972926833668 2.577404438565642 0
1709 3.297047093564206 0.5381677849330802 0
1710 3.639822181233742 1.248611253994835 0
1711 2.520397008072594 2.359050689240425 0
1712 2.431330440689754 2.351458523267901 0
1713 2.481345065631233 2.278651526865036 0
1714 2.3920963991518 2.271399280346587 0
1715 2.441836357405016 2.197122508981321 0
1716 2.392924823903604 1.068371691046967 0
1717 2.429653759561764 1.158486747496731 0
1718 2.352786648590061 2.190837552546252 0
1719 2.403039074229546 2.116878751044657 0
1720 2.987997713690052 3.42831178157631 0
1721 2.872291878331747 3.421147402490047 0
1722 2.821122749113777 3.31687382830674 0
1723 2.755022719166571 3.412058209492199 0
1724 2.705036692160749 3.309485576286836 0
1725 2.6397187292934 3.403977336435002 0
1726 2.590958142554511 3.302215149922396 0
1727 3.113918499549289 3.437555285612573 0
1728 2.526804433525141 3.394699262447338 0
1729 2.479528421512549 3.294124230920567 0
1730 2.541392727375088 3.203274282734299 0
1731 2.432492476750742 3.195676933954056 0
1732 2.492092843653194 3.107582869915103 0
1733 2.681461794698473 3.506263514347074 0
1734 2.416456946604754 3.385485321803236 0
1735 2.463496714815674 3.486681863921506 0
1736 2.594073095730967 1.097050188338514 0
1737 4.553035911040988 1.039345244170258 0
1738 4.590258056939368 1.180562498409879 0
1739 2.386432311819711 3.106751026286892 0
1740 2.934287450830652 2.38157599306253 0
1741 2.599496465721742 3.113189571918468 0
1742 2.363708734546046 1.74402227026765 0
1743 2.403558404066205 1.825876330987127 0
1744 2.497336165610282 1.833030079943168 0
1745 2.624287212363731 0.4495517101690214 0
1746 2.510401179892129 0.435444008624871 0
1747 2.442488523118263 0.5261270491567152 0
1748 2.740145431492419 0.4675109613957667 0
1749 3.498337263654604 2.658116285846669 0
1750 2.356634158552096 2.740221842515563 0
1751 3.282132537130933 1.418267663951503 0
1752 2.398387182657514 0.4230602697692478 0
1753 3.519155721724804 3.369794685932915 0
1754 2.553710190777161 3.022113312551557 0
1755 3.386537966207452 1.370933932531533 0
1756 2.355309757654211 0.9784248404829363 0
1757 2.341799693657879 2.345379964635316 0
1758 2.538556737869114 2.75111567088327 0
1759 2.35245945000008 3.476248312939387 0
1760 3.275880505274261 2.648465194775605 0
1761 2.399288074331847 3.57843590226863 0
1762 3.638844526346658 2.869233143458279 0
1763 3.680734557292904 2.782149477945368 0
1764 3.590926614601109 1.297968232460273 0
1765 3.26195049236409 2.251812866123638 0
1766 3.251827610689765 1.753765879842819 0
1767 2.326850033118665 3.186444848837394 0
1768 2.309885723813045 1.815155933947777 0
1769 3.104318038087844 1.684221788942336 0
1770 2.397796123310449 2.823803340236711 0
1771 3.693584770148615 1.194191282100086 0
1772 2.696562661830695 0.3534686948262949 0
1773 2.491097307417426 2.122954120339106 0
1774 3.62602336291324 2.72403694618024 0
1775 3.251841128856079 0.4094133227092899 0
1776 3.036966839696499 2.18602584482757 0
1777 3.475674185543839 1.216389572163065 0
1778 3.005080735813992 2.126980262964734 0
1779 3.047153800560842 0.4997084791905311 0
1780 2.333981850930936 1.145427778179498 0
1781 2.37177844768178 1.234943522090535 0
1782 3.500054091060671 0.7937751746520878 0
1783 3.57736255888815 0.703230739368317 0
1784 4.116763851412689 1.145625383933427 0
1785 2.331351207488336 0.5113501857963773 0
1786 2.654863141509407 3.025723642770537 0
1787 2.356469036967237 1.895441348468008 0
1788 2.31753753719232 2.113086782000326 0
1789 2.256428548688359 1.887116238123896 0
1790 2.82427766177279 0.9552511354733035 0
1791 3.100652694351919 2.297490361758525 0
1792 4.494577997729501 1.275123694002504 0
1793 4.609055282840138 1.321091102542283 0
1794 4.728973202783396 1.221090857570428 0
1795 4.74641612699605 1.357381327422494 0
1796 2.908531280483911 3.523370529703798 0
1797 3.432196952197094 2.535813732330852 0
1798 3.722811422193329 2.863015698909952 0
1799 3.764224732861153 2.788935758610458 0
1800 2.466682549806645 1.247766552157539 0
1801 3.713696197655385 1.265536089692698 0
1802 2.273871962959654 1.21965074572285 0
1803 2.313064689894129 1.309773975502549 0
1804 3.806555590827795 2.860456641222155 0
1805 3.845374694108287 2.788078370850682 0
1806 3.885129047692375 2.858611077103049 0
1807 3.923482191899645 2.785566971339614 0
1808 3.964605749686813 2.85923690928657 0
1809 4.002840194797726 2.769035532606283 0
1810 4.050821765543512 2.851921685345829 0
1811 4.086708553027801 2.776142792670807 0
1812 4.134501699831084 2.84746124132878 0
1813 4.171041850656326 2.758134023848621 0
1814 4.219927444541599 2.842340997064849 0
1815 4.260852724056855 2.766194894470375 0
1816 4.311821426648061 2.844031789630174 0
1817 4.358272472998241 2.75808994728586 0
1818 4.409257551175851 2.842915401491769 0
1819 4.457843439052568 2.754612756101118 0
1820 4.519963891203751 2.854841358278589 0
1821 4.56885524555934 2.727579622635603 0
1822 4.649448412262171 2.849341883967091 0
1823 4.707316519663451 2.728020053086682 0
1824 4.580920966989745 2.978681570006915 0
1825 4.640896255430984 2.617013406578272 0
1826 4.767095756047278 2.610960598995271 0
1827 4.688059487750406 2.517145152975431 0
1828 4.803056671157999 2.479936008012431 0
1829 4.902283152355015 2.603861286629981 0
1830 4.960434123897607 2.470216612925388 0
1831 4.869580360669223 2.351691110451798 0
1832 5.016716210920382 2.331713658145757 0
1833 4.91882759922996 2.216170761305855 0
1834 5.076024422579408 2.189128301718672 0
1835 4.985101565978265 2.079957412107847 0
1836 5.137843770013024 2.036243174122206 0
1837 5.00792141061706 1.911352978403173 0
1838 5.208106439172782 1.86664039912453 0
1839 5.087204058550443 1.720135922258228 0
1840 4.268644649399977 2.937316271454261 0
1841 4.90658389834541 1.757779756810418 0
1842 5.265746263288516 2.216419556914265 0
1843 2.308171757589405 2.822300471259015 0
1844 3.765855402050351 1.213335021544572 0
1845 4.649386403536786 1.444609854757037 0
1846 4.763993698280175 1.484894908095145 0
1847 4.875157194022051 1.405296514185437 0
1848 2.375569370545011 0.6135896295244132 0
1849 3.345282225503665 2.417940073247013 0
1850 3.453145296626229 1.379894643900485 0
1851 2.273451824340283 1.727563245048024 0
1852 2.453083135562466 2.04398150939736 0
1853 2.539871884000935 2.050274180787201 0
1854 3.252154329210506 0.7479930839674159 0
1855 5.120951426451199 2.452783982889637 0
1856 2.590143491036067 1.692707336827968 0
1857 3.390808905089095 3.366681466760002 0
1858 3.451945197743667 3.484739588467149 0
1859 2.819506050974658 0.3724499689294646 0
1860 3.036093859616115 1.463410800034294 0
1861 3.481062789807174 1.436875450864197 0
1862 2.308470802703921 3.375026587325311 0
1863 2.243953885127454 3.465017726201713 0
1864 2.767790938272316 3.214669742033339 0
1865 3.065970539571625 1.535945014000166 0
1866 3.684908335124513 2.940758444823478 0
1867 4.736376100504962 2.975652265505436 0
1868 4.649852237360474 3.131520299497926 0
1869 4.015769725741892 2.946180787028533 0
1870 3.384576007384483 0.4328072695020433 0
1871 3.366633223583323 1.593269927295342 0
1872 3.968532154213439 3.533302754703729 0
1873 2.281630334367789 3.089644726036696 0
1874 2.222478142895687 3.178454321032752 0
1875 2.255787922078595 2.741903391469372 0
1876 2.969493951420267 2.184704227155418 0
1877 2.61228449591148 2.93678466814468 0
1878 2.710670209865132 2.940468083485358 0
1879 4.395014369205776 2.665293389077905 0
1880 2.344903759957462 2.903883744302411 0
1881 2.288397015504391 0.4100279098971565 0
1882 2.354504665836045 0.3209258274455372 0
1883 2.223086935604706 0.4962425634151549 0
1884 3.745530767098124 1.136219613405902 0
1885 2.262427006445275 2.185976317571384 0
1886 2.510199608846019 3.587859355296254 0
1887 3.884474614868717 2.718224278471419 0
1888 2.592539852482109 2.131669686478424 0
1889 2.257120021467022 2.902733819158725 0
1890 4.58321674763372 2.526994528596206 0
1891 4.785161103991703 2.258872969634885 0
1892 3.0039776037957 2.245106108177308 0
1893 2.773041465752347 0.2547883259606666 0
1894 4.661221312913782 1.563457992677297 0
1895 3.015889066465891 1.598696957779437 0
1896 2.665232083036848 2.850328847813986 0
1897 2.662225853095344 2.300177225826114 0
1898 2.445188068404501 3.683230617266866 0
1899 2.33148692062021 3.673171227775321 0
1900 2.550716343702207 3.691994125044867 0
1901 2.936750706359977 2.121834922286588 0
1902 2.984553552128613 2.063299386041878 0
1903 5.288967065291375 1.67940304174151 0
1904 5.445748342836275 1.859328959127956 0
1905 5.131789447206418 1.50141298634663 0
1906 2.242466138737687 1.129896263323305 0
1907 3.790175622165191 1.289614747125987 0
1908 3.836359713912016 1.233387082206951 0
1909 3.736589805076664 1.333493316142226 0
1910 3.858770826975037 1.300790338210042 0
1911 3.904787342883348 1.249361162242029 0
1912 4.831924472406262 3.116762856211078 0
1913 4.741217851965733 3.286005728770026 0
1914 3.587515313695835 3.49351510811087 0
1915 2.24849457821366 0.3091877074478488 0
1916 3.51816577873972 1.387840186844143 0
1917 3.541265343187787 1.440036843016311 0
1918 3.319965388436855 3.485324548188272 0
1919 3.378131002204394 3.606061447734597 0
1920 3.241097826675765 3.607502663394849 0
1921 3.29976789370848 3.731202543017744 0
1922 4.62359123945815 2.448425808855982 0
1923 4.225706684374848 2.703925327728588 0
1924 2.501923287134791 1.974602895518133 0
1925 2.585757329962318 1.980649897012712 0
1926 3.457124834199421 0.6802319264851751 0
1927 3.543854334721449 0.5821699068048147 0
1928 3.674788012968028 0.6035452180255837 0
1929 3.621218156016178 0.4443504982783503 0
1930 3.780553681343374 0.4989270566310426 0
1931 3.750789536472551 0.3351970661086867 0
1932 3.904123632371356 0.3833546947472829 0
1933 3.944704662649215 0.5463954213586627 0
1934 4.047518166434748 2.711132249393174 0
1935 2.756605482682702 3.030437405632267 0
1936 3.103069080953797 1.469139114070241 0
1937 3.423266414803674 1.319228194256645 0
1938 3.352720898180948 1.310900367505814 0
1939 2.304519336832168 1.974083036790905 0
1940 3.340764171916647 0.2996289682013267 0
1941 3.191654888328582 0.2769773566400943 0
1942 4.570069024096545 1.508689034679322 0
1943 4.550335115877913 1.419078967529764 0
1944 2.22606812383518 2.102844950116217 0
1945 2.428150946158092 2.913988368837937 0
1946 2.20501285496354 1.960897346188005 0
1947 2.162370489431786 1.875232627392241 0
1948 4.536402875064267 2.613295686909594 0
1949 3.578754163918284 1.395071330366298 0
1950 2.850776972703056 0.4862921336790373 0
1951 4.773838877323719 1.601574197178715 0
1952 4.689077098592337 1.675922387239639 0
1953 2.379235003554747 3.780503923591357 0
1954 2.219897516933147 1.298215644733918 0
1955 2.255201045350391 1.385025754972912 0
1956 2.346380557871085 1.397103565263178 0
1957 2.287010784023074 1.469518135087595 0
1958 2.195510193721735 1.457949831629705 0
1959 2.226754214156855 1.540026555295219 0
1960 3.165119718209039 3.722599362590774 0
1961 4.076252143764249 0.4134076985124417 0
1962 4.114353117077981 0.5929426861249764 0
1963 4.26014720160571 0.4625612835637973 0
1964 4.42305436894623 0.3477167649219278 0
1965 4.435694604165208 0.5524060911378148 0
1966 4.583168802530921 3.531219021083376 0
1967 4.495041403870952 3.119962331354968 0
1968 2.806579848648121 2.939580531530865 0
1969 4.021535194196959 1.122122468971687 0
1970 4.053700449767688 1.21232543626635 0
1971 4.135856402987987 1.251183804404904 0
1972 4.07116133026867 1.290629915400283 0
1973 4.008116059383768 1.264592956569359 0
1974 4.978441486527217 1.603021445360016 0
1975 3.399827363345214 1.254942764912619 0
1976 2.653724655443564 0.2428010294097739 0
1977 3.966746246604057 1.204916296701318 0
1978 4.752045965936149 2.362840444551517 0
1979 2.62319642860784 2.219652764539098 0
1980 4.211296328003478 1.179103707576533 0
1981 4.215783469175761 1.270678314343582 0
1982 3.251588216548236 3.371439430496729 0
1983 4.350761309890869 1.231232855842014 0
1984 4.409445300528198 1.344465838880876 0
1985 4.114069960661705 2.706927210762187 0
1986 4.848913619720182 1.89792833489327 0
1987 4.81658540826239 2.068306820271833 0
1988 4.774786622438949 1.808611239999884 0
1989 3.950272884738954 2.726807348414201 0
1990 4.295304014618758 2.683276020582211 0
1991 2.382995599609782 1.483408910566705 0
1992 2.262408832733354 3.76207978815491 0
1993 3.804179786045646 2.724974338378779 0
1994 3.737628787342437 2.717765245081794 0
1995 3.664091125899754 1.312754452065946 0
1996 3.684937566024507 1.380044850148073 0
1997 2.960410224216628 0.4039169971552354 0
1998 3.101893984570783 3.590631659083801 0
1999 3.969633514310431 3.04480952413576 0
2000 4.090732518098044 3.036954416753834 0
2001 4.194935908705317 3.137776920480828 0
2002 2.215919031163121 3.661368567733781 0
2003 3.50529789818648 1.488610393104811 0
2004 4.738172897864634 1.908952275631715 0
2005 3.566624518576814 3.043526715284264 0
2006 3.46472344862116 2.597450620305514 0
2007 3.528743933825924 2.596476298492893 0
2008 3.499864322049623 2.542750746500017 0
2009 3.571847290056037 2.545120939926819 0
2010 3.586539608303486 2.6043634297047 0
2011 3.470999073563926 2.490330370676117 0
2012 3.412519233866889 2.476513046917725 0
2013 3.455464076510393 2.430472436600914 0
2014 4.687864665727151 2.287210161092892 0
2015 4.702270346244996 2.183823420377995 0
2016 3.598325375513579 1.450876970660617 0
2017 3.445305229912322 1.487732729617619 0
2018 3.480497439094405 1.537657617989551 0
2019 3.414785219177542 1.54689556669011 0
2020 2.818633919121322 3.864631813617906 0
2021 2.88872935015618 3.737453986359835 0
2022 2.761352272993174 3.73606306100706 0
2023 2.67889422840116 3.85489181705141 0
2024 3.969612304744637 3.81487525511578 0
2025 3.744198562530308 3.827800916930282 0
2026 5.706715922954338 2.240173854311669 0
2027 4.612737884882181 0.427280845167785 0
2028 4.628915556763586 0.6403768742976388 0
2029 4.806954369474016 0.5296944783660242 0
2030 4.828583590551412 0.7453500762214404 0
2031 3.204255059290767 1.173565162220228 0
2032 3.233401771753567 1.251519863823267 0
2033 3.142479370648595 1.244260490490619 0
2034 3.175605312454201 1.323831173910911 0
2035 3.268337791954245 1.332443845622717 0
2036 3.13595704089272 1.399338472118964 0
2037 4.485186456532802 2.527712728332627 0
2038 4.534468479358215 2.44794349707952 0
2039 4.009559132604857 0.2096799063583154 0
2040 3.08377732946091 1.614744994679043 0
2041 2.311953721139011 0.2112969779622983 0
2042 2.425949891003018 0.2191786271830816 0
2043 2.190693160804262 0.2020562061357401 0
2044 3.59094702732146 1.506894582093377 0
2045 3.401723279290535 1.764279723989152 0
2046 3.373079685959331 1.719445296236529 0
2047 3.349017795885668 1.770859914352991 0
2048 3.403162105147186 1.674764635876115 0
2049 3.341834694369155 1.675464269665369 0
2050 3.401755485027362 2.234064538991586 0
2051 3.371419308718001 2.275721054192338 0
2052 3.352303284761624 2.223298025187435 0
2053 3.39148774687084 2.324047581431737 0
2054 3.344681939873271 2.318059910609492 0
2055 3.547504136659947 2.716588969474179 0
2056 3.59967991018557 2.663431968025163 0
2057 3.654427148669188 2.661075531932416 0
2058 3.362720000068738 2.080166274587855 0
2059 3.32280774321095 2.114522942959512 0
2060 3.31376737983868 2.061033639742758 0
2061 3.272227599980265 2.096008909067952 0
2062 3.262613343656274 2.042004712473083 0
2063 3.28288589227617 2.151289830668543 0
2064 3.240251508741051 2.131303453874494 0
2065 3.306224436022649 2.006302648623729 0
2066 3.255662032948003 1.986976147079127 0
2067 3.298036833973841 1.951752003500094 0
2068 3.247581418897746 1.929943915437057 0
2069 3.288231421511329 1.8975773190227 0
2070 3.336020634869674 1.915184889675097 0
2071 3.205008329292126 2.019999502835733 0
2072 3.384412576931632 1.816477917159672 0
2073 3.333620217970104 1.83055991063743 0
2074 3.506043865216685 2.414406892440499 0
2075 3.423098961277289 2.375899130313484 0
2076 3.638140441625259 3.668587361302985 0
2077 5.105181661240421 3.760876234732544 0
2078 5.100574150140144 0.2369277018761496 0
2079 3.920781572686894 1.316042416355006 0
2080 2.16901520576709 2.180022782934806 0
2081 2.199760036242829 2.263311390176951 0
2082 2.139943569709778 2.341028196276327 0
2083 2.246199107567878 2.356713212940697 0
2084 3.519463660957409 1.285928703300858 0
2085 3.911988086867537 2.957241782294376 0
2086 3.730735683885031 3.046764429377818 0
2087 4.639850135107402 0.85509414335326 0
2088 4.831311686121706 0.9431787074006454 0
2089 3.031063912802821 2.692604153019065 0
2090 3.073118278359403 2.616410949314328 0
2091 3.031399850439604 2.543321340898906 0
2092 3.115270713954651 2.543893849914523 0
2093 3.143900426711236 2.614396234981036 0
2094 3.068344532166347 2.47317480039691 0
2095 3.007083480546953 2.480529565652575 0
2096 3.031410175076891 2.42068379675076 0
2097 3.716979226875536 2.578029871579601 0
2098 3.626785719870851 2.521654967082544 0
2099 3.130134007062232 2.686807834408683 0
2100 3.16609104963956 2.77322595544643 0
2101 2.546881546684793 1.906426645691108 0
2102 2.628267748921541 1.904134884734666 0
2103 2.588728866216741 1.832979654073081 0
2104 3.416268959771438 1.597948144048733 0
2105 3.744282222830184 1.388150419050425 0
2106 3.216369944996868 1.80601676480888 0
2107 3.889009506476532 1.181191844589822 0
2108 3.776734177674421 2.662222897874317 0
2109 2.200544658976392 3.365391500206614 0
2110 2.142839212170708 3.456398971101413 0
2111 2.161846922358313 3.26540357682647 0
2112 2.758631888446697 2.852881550822975 0
2113 4.826238534663436 3.509921344470496 0
2114 4.537809826326161 3.314644270896152 0
2115 3.186589338109889 2.935889647816499 0
2116 3.302820030228361 2.940751728985148 0
2117 3.248136224347198 2.867063495456672 0
2118 3.872874640381166 1.362185418432759 0
2119 3.867439360339132 2.628637188329011 0
2120 3.765844795721502 2.602000746853949 0
2121 3.445540749839857 1.129380827645144 0
2122 3.38519690410492 2.183288800034099 0
2123 2.409979894639938 1.970044291204908 0
2124 2.177888161507222 3.558011418513272 0
2125 2.152282662133032 3.749260844028607 0
2126 2.542841122848893 1.75992443121332 0
2127 3.35651481347911 2.027559006399783 0
2128 2.939438152382853 1.587376997952672 0
2129 2.96575896115726 1.662778022622948 0
2130 2.915564004950886 1.72244715436301 0
2131 2.938476194108349 1.793117369864907 0
2132 2.987298745821958 1.735231476717752 0
2133 3.01808672325637 1.807377002960885 0
2134 2.960063447019102 1.858900921316679 0
2135 4.611672152493461 1.632021310430234 0
2136 4.026525209425776 1.363706935994436 0
2137 4.032181247160831 2.651017303587563 0
2138 3.920832122900727 2.634184073680468 0
2139 2.863026800441144 2.243345240645026 0
2140 3.377889661873087 0.7874551887001729 0
2141 3.446912506620571 2.328307002520745 0
2142 2.889069662893879 3.218865388989495 0
2143 2.832864423588072 3.107136696939988 0
2144 2.722221718930681 0.9400445644962963 0
2145 2.761437171770921 1.034998718321466 0
2146 2.864806277941477 1.049029802063707 0
2147 2.659452095148738 1.019998059762159 0
2148 2.694962415365723 1.112230932092229 0
2149 2.631522489988851 1.187621668561469 0
2150 2.722798394908017 1.200697390979494 0
2151 2.658488391938869 1.269966415889319 0
2152 2.754283615549197 1.288761451919084 0
2153 2.564181642648012 1.257020894483687 0
2154 2.800637845165162 1.131314130263935 0
2155 2.098512839974501 1.956761340681785 0
2156 2.265481559814586 3.275714977053852 0
2157 2.117943936003343 3.182639853598555 0
2158 4.482770956224687 1.486069165135504 0
2159 4.514541461814523 1.555837704411879 0
2160 3.233061076834924 2.188855352477589 0
2161 4.074738071786642 1.352525329435458 0
2162 4.183389193428757 1.383978456707325 0
2163 4.183084738213784 2.619473759471227 0
2164 4.076916674028715 2.63308448166572 0
2165 2.624262199067165 2.048829878576487 0
2166 2.487473231115503 0.6294152781126869 0
2167 2.42175213330099 0.7143787989736242 0
2168 2.311823163596268 0.6994635427517647 0
2169 2.355337022697478 0.79651692636147 0
2170 2.24973935923718 0.7835173645186615 0
2171 2.203911311417738 0.6820960721888245 0
2172 2.147914847047491 0.766014472013874 0
2173 2.198055018247121 0.8629205835357956 0
2174 3.210010261091008 1.401309140548793 0
2175 2.89476246741589 2.454517964073739 0
2176 4.330412291879695 1.446697401409254 0
2177 4.335654470802637 1.386379342509075 0
2178 4.280178604232869 1.363372582434067 0
2179 4.383912959240831 1.420241287847452 0
2180 4.329640822528782 2.554375375954849 0
2181 4.233529744112118 2.598485442388888 0
2182 2.968056187235045 2.308253835106458 0
2183 4.375304273192651 2.524953406255625 0
2184 4.384187769689291 2.583452694179212 0
2185 4.458591212800677 2.456926172366666 0
2186 2.533684588987731 2.206791190949436 0
2187 3.796689254511364 1.063170489102068 0
2188 3.709932558497918 1.041195351450725 0
2189 2.29482034264183 2.987329184467244 0
2190 2.196364915989917 2.984698571014405 0
2191 2.834693799932011 3.629087384455691 0
2192 3.224450613201312 2.706061821477364 0
2193 3.254866111989487 2.786199221031045 0
2194 4.234031650848346 1.400427867363629 0
2195 2.925923122764169 0.9700156984824158 0
2196 2.640999610180344 1.623102536661935 0
2197 2.676399315229533 1.695185179298667 0
2198 2.16848335480984 3.09457350500335 0
2199 2.089532498855588 2.944476271205649 0
2200 4.167909987351386 1.324508976776898 0
2201 2.381524476829724 0.1072694516763914 0
2202 2.081981154667527 1.650432707443691 0
2203 2.172211147177322 1.710410642331274 0
2204 2.085957774660797 2.551116766978522 0
2205 2.170278812593736 2.501093996469675 0
2206 2.166898866611382 2.599449423784635 0
2207 2.262971422460433 2.562252830975265 0
2208 2.249641357546492 2.457631702350542 0
2209 2.097649390090056 1.451304875480733 0
2210 5.474079361144708 2.364128773545863 0
2211 3.278901396944346 1.807189753638209 0
2212 2.085957774660798 2.748883233014369 0
2213 2.166322833723087 2.793052004602436 0
2214 2.07922552622544 1.249193486947179 0
2215 2.082502394796276 1.051125281079576 0
2216 2.160296302650885 1.010631582632262 0
2217 2.529367335169685 1.171692323110665 0
2218 2.500675046561808 1.344746972963478 0
2219 2.403895594067172 1.3234331421255 0
2220 2.442500967215772 3.016169852037804 0
2221 4.374820682380644 1.476306882315147 0
2222 3.010711745906203 1.386446904295143 0
2223 3.714608842900915 2.647892099107733 0
2224 4.460959233188817 1.412703151716694 0
2225 3.584795635060983 2.490230865779491 0
2226 2.267174011144978 0.5965535260245296 0
2227 3.33844655268678 3.255606298799175 0
2228 3.138732767844052 1.549691461209316 0
2229 2.390246453363579 3.889956167497588 0
2230 2.16592514529507 2.696744953914193 0
2231 3.125875535297022 2.860150543483342 0
2232 2.651009759571044 3.209792902271952 0
2233 2.956107598912926 3.124504718664878 0
2234 3.50976913439359 1.584795634836325 0
2235 2.876780794650183 1.970580513381164 0
2236 3.023456969074083 1.87773120691067 0
2237 2.978431727670642 1.927851622859333 0
2238 3.33559864786744 2.168857534604954 0
2239 2.303296492744139 0.8795790449003481 0
2240 4.555681013230885 2.331114014213295 0
2241 4.559278915652468 1.676310356548928 0
2242 3.288740234929202 1.705766224848234 0
2243 2.532199515118811 0.7294159593343166 0
2244 2.404241482963818 0.8907805453040196 0
2245 2.946918929714275 2.524075016277477 0
2246 3.452817048808556 1.673533345496216 0
2247 4.613989386892041 1.703518144839899 0
2248 2.576819817149984 2.842467545243701 0
2249 2.674156590065746 2.159995873532998 0
2250 2.969913946150861 1.060891082968912 0
2251 5.395769402980259 1.424243595387717 0
2252 4.619397044047586 1.816715304001898 0
2253 4.65672858703865 1.769528723561563 0
2254 4.689252903428717 1.828878537731963 0
2255 4.622948521235725 2.187125208882068 0
2256 4.579747649016845 2.282835961416467 0
2257 4.614897883243667 2.327899235651968 0
2258 2.171301902553562 1.206596393525198 0
2259 4.638431950527324 2.137141261678291 0
2260 4.647278084134124 2.02701836924651 0
2261 4.695663561727367 2.062069295948413 0
2262 2.093111299341886 0.8521396801419228 0
2263 2.286832587124989 3.568708859238683 0
2264 2.591680533543186 2.672203063325459 0
2265 2.6291647150529 2.762321842856216 0
2266 2.677809293948296 2.680235358095398 0
2267 2.169600314944172 0.3953697139049652 0
2268 2.115882689103733 0.4915478561368306 0
2269 3.043560618845308 1.960202524982236 0
2270 2.98590751549845 1.995180170606641 0
2271 2.609533001224943 2.367637127427294 0
2272 2.301122464054889 1.058109261997306 0
2273 2.371875875917631 3.284885543728735 0
2274 2.314879642721329 2.656654929702136 0
2275 2.365454902496905 2.038723771938155 0
2276 3.336321795457686 0.6600631001454178 0
2277 3.27593358125891 0.8555171503975361 0
2278 3.173974626693416 0.8308443634412748 0
2279 3.128156250966309 0.1406765870850994 0
2280 3.240641759966939 1.861211279279196 0
2281 2.086093107847885 0.2498503646935755 0
2282 2.917138822289549 0.6905704318707782 0
2283 2.725337560955813 1.629878035160947 0
2284 4.701663039095121 1.060363783317092 0
2285 4.853326780394951 1.107790225899735 0
2286 2.637877808429576 2.596137653262807 0
2287 3.045586647388645 2.073558142614575 0
2288 2.420318389028592 2.504843302747263 0
2289 2.384808742192288 2.423668087335332 0
2290 2.696746914076343 2.375021058778711 0
2291 3.716005343903671 0.1683343574650116 0
2292 3.372028808748433 2.875477436759583 0
2293 2.299178148609287 2.268936286369531 0
2294 2.725003048257996 2.598947303788486 0
2295 2.219683348186424 1.802739804494746 0
2296 2.246081294136733 1.631618002839451 0
2297 2.71174884378383 1.411423009692862 0
2298 4.327123236477613 2.615922111747475 0
2299 2.571907727427244 2.289657532871661 0
2300 2.160169245984343 0.5789998019043834 0
2301 2.810522443559704 0.1181576690998479 0
2302 3.222509765900017 3.245409060299159 0
2303 2.81100413995321 0.6764435181005803 0
2304 3.060207870022271 1.742108542908795 0
2305 2.796046463513869 1.423461575696114 0
2306 4.646359802095684 1.972723690315372 0
2307 4.704942697293538 1.992052230802751 0
2308 4.633379812755688 1.868453183438441 0
2309 2.572256566879333 3.494461126890912 0
2310 2.58054397061717 0.3418182279236573 0
2311 2.242224812001546 0.9682573804244849 0
2312 3.785350722105111 2.962464261358607 0
2313 3.069629343969228 2.241787190845903 0
2314 3.130912412198097 2.353929069990763 0
2315 2.467115279082509 0.3293734778571178 0
2316 3.669090973654523 2.605806297866581 0
2317 3.306342899333339 2.718509389943886 0
2318 3.286492761824866 0.1547842673170182 0
2319 2.890792206903575 1.84483230090385 0
2320 3.19176036272246 2.468175267275643 0
2321 3.298182042335279 2.208874724023844 0
2322 3.25161405943344 2.586181045210386 0
2323 2.334371907673802 1.651536536356988 0
2324 4.915293735990899 2.954566055128988 0
2325 2.08160438048526 2.149093329797848 0
2326 3.44158487494611 0.8815242851653521 0
2327 2.710438368557547 3.116824993594425 0
2328 2.89457003630762 0.2635483828588045 0
2329 3.044743116049726 0.2691576904537085 0
2330 2.918596720084061 2.036880879616321 0
2331 2.645545586323011 0.1117027550202161 0
2332 2.868428189123953 2.103046607176931 0
2333 5.706584938480615 1.708209794254586 0
2334 3.83941897060829 2.670899309754717 0
2335 2.717501766325559 1.762716978125288 0
2336 2.332839643435353 2.491995168130873 0
2337 2.07909380810273 3.536003576639629 0
2338 3.64876247928263 3.388248178895291 0
2339 3.912743935075712 3.399433628035739 0
2340 3.289756055459522 2.311786171746049 0
2341 2.671906984171087 1.822309519853526 0
2342 3.247517293256418 1.476543052751832 0
2343 3.845070331403243 3.653536858592187 0
2344 2.985651573706361 0.6031068455685076 0
2345 2.771591366619323 0.5765172117053996 0
2346 3.490995785209742 0.3247451590300257 0
2347 2.90069409223637 2.180816047583813 0
2348 3.628702281081598 1.404049905934491 0
2349 3.1173485114515 0.3916635102983963 0
2350 2.628096025927717 1.761488995183246 0
2351 4.444769507622599 2.975720674550238 0
2352 4.336047301161363 3.074904518202805 0
2353 2.66387530961237 1.971694103007483 0
2354 2.93443499974727 2.245983493518309 0
2355 4.788674291434198 1.705965917433028 0
2356 2.718954615615241 3.617711397743661 0
2357 2.704457525654631 1.897165484140587 0
2358 3.036208335169356 1.672963630608385 0
2359 2.155200557929881 0.08086465262319535 0
2360 2.155200557929095 3.919135347376931 0
2361 2.160636002606747 1.599925332854268 0
2362 3.819348076778679 1.153368298382075 0
2363 4.45180509902583 2.601006338162576 0
2364 3.116476182204838 3.868915037138603 0
2365 3.599234026891671 2.947525755822446 0
2366 4.295334783485256 0.6393315956599204 0
2367 4.166609347040959 0.7430579095129108 0
2368 5.000830215365219 0.8605420542048062 0
2369 3.030268115983815 3.736729875565608 0
2370 4.105043783464061 2.935566600574875 0
2371 2.077341267570246 1.84895162002128 0
2372 4.198232130345955 3.011043166540922 0
2373 3.179281791052804 1.46939053824159 0
2374 4.466349586608017 0.7254939162455968 0
2375 3.664653356809854 1.110393548994367 0
2376 3.31671519683174 2.365517822431643 0
2377 4.345301202086723 1.316035023108517 0
2378 3.510454377760321 3.601018266426373 0
2379 3.686866899114435 0.7337673166237004 0
2380 3.222650539746351 2.07942822162398 0
2381 2.764715619067601 2.685523447852066 0
2382 3.421298600121651 0.5594890574345501 0
2383 3.327760056405632 1.371818098587351 0
2384 3.194488631940489 0.9273659421650176 0
2385 3.065856290853915 2.357374571110181 0
2386 5.056213470949955 2.594541835014472 0
2387 4.973146996913425 2.774996329347633 0
2388 5.240165436314831 2.611838675979291 0
2389 2.158159170814176 1.100086510313621 0
2390 2.532904784489177 0.2358139061963121 0
2391 3.922898953568614 1.367846941205526 0
2392 3.529499843978436 2.496384495392255 0
2393 2.915413650261341 1.910604007776187 0
2394 2.169525413593699 2.885918968177607 0
2395 2.795159348037992 3.518273073038745 0
2396 2.166771989350457 1.375573371023409 0
2397 4.874960768672752 1.260924292214912 0
2398 5.013176781160261 1.326447553194239 0
2399 2.716972160220341 2.76622925225993 0
2400 4.423282276018474 2.546535091026588 0
2401 4.456263876216317 1.548265740329251 0
2402 4.276905274749929 1.218071023730808 0
2403 3.713650213105065 1.426946208310985 0
2404 4.59371417723072 0.2309680415875939 0
2405 2.177617317479643 2.418074592100374 0
2406 4.488709014622858 2.413670503458175 0
2407 5.6275480590831 3.706075445803389 0
2408 5.627193634332737 0.2939141509864167 0
2409 4.790165786043971 2.155184776559829 0
2410 2.485684119047622 2.835859866956957 0
2411 2.911282972572343 1.135351316533989 0
2412 2.848577719950002 2.84923653310535 0
2413 3.915909363744111 0.7915970872927982 0
2414 3.992515774524982 0.6823160082602511 0
2415 2.312634394719794 1.551623016236257 0
2416 4.225864200668008 1.340352265430403 0
2417 3.293649026686401 0.9463336649926051 0
2418 2.881795406070375 0.5911193050561536 0
2419 2.449445297843527 1.531028071461638 0
2420 2.482761212072207 3.787395568713355 0
2421 4.276448367783209 2.630238798402673 0
2422 4.83685389580164 2.715287454052437 0
2423 3.7849679700424 1.356783808434281 0
2424 2.20617964898937 3.836294786644018 0
2425 3.039262317969939 2.293273439294611 0
2426 3.098313308076648 2.413295917439735 0
2427 2.073772091522615 3.26085689780215 0
2428 3.319715520585298 2.264925458647133 0
2429 4.422915489174427 1.457984993246209 0
2430 3.373036108254215 2.369429076958268 0
2431 4.249032304367395 0.8626951198168238 0
2432 4.587018285294125 2.383455051435601 0
2433 3.315847332705462 1.253203359472703 0
2434 2.452691389183874 1.900903598635408 0
2435 2.424284142631786 1.399710312206901 0
2436 3.145228318393727 1.631223128202436 0
2437 4.116300605963161 1.318017482471163 0
2438 4.168680282476393 2.673408308257375 0
2439 3.993972290957606 2.691358169929933 0
2440 5.176098336138118 2.805292052769178 0
2441 4.50502748766324 0.9117608779879878 0
2442 4.781597270267754 2.845395721608841 0
2443 4.571839737488055 1.581555273362471 0
2444 3.36320176525245 3.854717529267474 0
2445 3.323580430930888 1.874116891774646 0
2446 3.197935221138035 1.911913528421815 0
2447 3.6158773340476 1.350572358741583 0
2448 3.827745923107277 0.6614594114802369 0
2449 3.838733402348754 3.505550085453119 0
2450 3.631638569588306 1.485134275740604 0
2451 2.233292599833362 2.65140110596912 0
2452 4.359510500479709 2.92268650897338 0
2453 2.520032421944383 2.933377769107263 0
2454 3.386546841376484 1.182289041838211 0
2455 5.496919999082494 1.648148207815683 0
2456 4.478909814561634 2.674713023041529 0
2457 4.648768456880059 2.233915123561041 0
2458 3.151659665048311 3.323328071331026 0
2459 2.830368388756812 1.267049202638524 0
2460 4.386808099393549 3.378252847192767 0
2461 2.557198340207523 1.399136012463559 0
2462 5.003602202068156 1.160906080724998 0
2463 5.194090385427015 1.241051935004223 0
2464 3.187727977483829 1.588860112367055 0
2465 5.309674978874864 2.009986466893258 0
2466 2.888842173505878 2.933445226410445 0
2467 2.066745192906632 0.7499999999983771 0
2468 3.302633100056893 1.756412735607272 0
2469 2.073947870388396 0.564260662423541 0
2470 3.133130800427216 2.471256111718204 0
2471 3.440923954649605 3.727804662448368 0
2472 2.237570090189837 2.027651877416171 0
2473 2.614384031213148 3.597654684972449 0
2474 4.688155625471971 2.118099950224276 0
2475 2.597980209001503 1.336861700313162 0
2476 3.552375523576327 1.342891870800892 0
2477 2.580192015337659 3.787222833619311 0
2478 4.282465676800692 1.289957010814899 0
2479 3.501842833225163 2.456726421762291 0
2480 3.946978863973539 1.126109492835836 0
2481 2.165868568533249 2.03745149669796 0
2482 3.492388576690701 0.4687123782099569 0
2483 3.46160415439756 1.586593650363947 0
2484 5.151859827875221 2.321742242575071 0
2485 5.6604488966803 1.980276113040913 0
2486 2.157340523305143 0.2999999999994055 0
2487 3.205764871417191 2.636708850175733 0
2488 4.627500159256592 2.274260618922991 0
2489 4.911239786695246 3.277493606578724 0
2490 3.713565793231999 3.537350845357749 0
2491 3.395756963100083 2.42177059809925 0
2492 3.067649363093168 1.848472126223214 0
2493 3.847554284088091 2.934832800679954 0
2494 4.135697814923384 0.8619848520749063 0
2495 5.00238350993208 0.4394264115666824 0
2496 2.14216712835943 1.797424011626157 0
2497 3.853823351940987 0.2232509334807767 0
2498 2.061147017856933 2.349999999995656 0
2499 2.154111928374139 1.521618106713463 0
2500 2.935026081632936 1.968219438847929 0
2501 4.224237508876583 2.647267684992456 0
2502 3.627532808986504 2.571706728409202 0
2503 3.29138707545135 1.853531967897475 0
2504 4.504874586032913 1.354492550934424 0
2505 3.647345684187754 3.010917428257417 0
2506 2.68566295533049 1.345747967140957 0
2507 4.185269941516535 2.914745655392737 0
2508 3.335963063038971 1.627881609940052 0
2509 2.370076393271732 2.973070727504065 0
2510 3.205692783156185 3.498490717355244 0
2511 4.570286026007389 1.722253987960955 0
2512 2.964476855632881 3.623194470593338 0
2513 3.891262239937453 2.665200161615235 0
2514 4.871080776654694 1.532378157719394 0
2515 5.477068960963166 2.11171895397232 0
2516 2.220853777651837 1.053396199738196 0
2517 4.668342760248445 2.371200180156035 0
2518 3.171443058069503 2.517942867105342 0
2519 2.311008741574937 2.412289102426853 0
2520 2.142213800926097 1.299120206935248 0
2521 3.974239551609874 1.304633017373998 0
2522 4.311216465491031 0.769451481388693 0
2523 4.982552772542391 1.469783929962734 0
2524 3.831684578980063 1.342286257668456 0
2525 2.067092078679371 3.748086525964744 0
2526 2.761131036361805 1.363590394011622 0
2527 2.695487132693268 2.036990378061714 0
2528 3.627650236311444 2.626214960392305 0
2529 3.188486863284175 2.138742720665385 0
2530 3.624273791093741 0.285079267435698 0
2531 4.681529476897744 1.936980300222841 0
2532 4.775941246053387 2.004583146685166 0
2533 3.384048574692353 1.633957144627779 0
2534 2.073296632387965 3.926953491319133 0
2535 2.073296632387725 0.07304650868036165 0
2536 2.059467679000032 3.449999999998554 0
2537 3.489305805964903 1.335300599799486 0
2538 4.753098351596465 2.098291695781477 0
2539 5.004436991296166 3.129503371939718 0
2540 5.439244132447738 2.586954724415313 0
2541 5.025022972929673 3.56175077666073 0
2542 2.835502293452222 3.020606674111821 0
2543 4.415579224051624 3.228081143736039 0
2544 3.460417358889236 1.275874983168012 0
2545 3.027792570530143 2.022543012410146 0
2546 3.420701634350477 0.187931650211437 0
2547 3.233399668344815 3.831723222182706 0
2548 5.386273750331728 0.1986775179999204 0
2549 5.388099744522179 3.800856720331357 0
2550 3.551081302255096 1.484423252121904 0
2551 2.796047299984438 1.204844022246078 0
2552 3.68225394557652 2.709277405314237 0
2553 4.962610507214707 1.01224844376203 0
2554 3.07218735738172 1.409015687541453 0
2555 2.949787129671519 0.5153382724316367 0
2556 5.354111725829757 1.023535571379266 0
2557 5.31949089409215 3.004968603316257 0
2558 4.876978509084744 2.104820228742414 0
2559 3.331061102240049 1.725589688142079 0
2560 4.441174012417572 0.164010976493415 0
2561 2.653042782545262 3.713761601387437 0
2562 4.482666243705357 1.590178650599803 0
2563 4.723108284327547 1.740852825224745 0
2564 3.632887353751456 1.02662220234255 0
2565 3.184737878152473 2.571125454159812 0
2566 4.863723866057048 1.640143894900314 0
2567 2.994674118840426 2.37275397182983 0
2568 3.31718780367624 1.794319580141306 0
2569 3.017472505609729 3.520978643336059 0
2570 4.026573978434952 1.313511909627267 0
2571 3.935597172315092 2.679348444700307 0
2572 4.885240293286004 2.011158153517283 0
2573 2.234135102534335 2.830752789068844 0
2574 2.155985256924834 0.9304426797246301 0
2575 3.550079539015362 2.645541759118879 0
2576 5.279860816136599 2.41866571320702 0
2577 3.216700451748961 1.965483287704618 0
2578 3.954934154633588 1.267909169848342 0
2579 2.071199063195173 0.423320394904765 0
2580 2.069253813827558 3.119951124164616 0
2581 3.37616415581202 1.922196174072887 0
2582 4.677142676965442 1.8920958585058 0
2583 5.172873811973187 0.8276572931716176 0
2584 2.720708537769657 0.1818624448726261 0
2585 3.190278608071701 2.838361429850381 0
2586 3.309997287922073 2.849868383405461 0
2587 2.311261371904128 3.834499145209215 0
2588 4.703971311035774 2.435792934727313 0
2589 4.417683599670344 1.269456109059663 0
2590 2.661359522419469 2.099818513301271 0
2591 3.365768770193669 2.461019721973269 0
2592 2.347702950119106 3.039191985523711 0
2593 3.359676714273159 0.8853816287111856 0
2594 2.300669303497742 2.045551861516831 0
2595 3.783104842802784 1.40243651510275 0
2596 2.960667480330303 2.438831455061699 0
2597 4.661094510648784 3.406287041038448 0
2598 3.437731086143255 1.633756497859302 0
2599 4.079190326838916 2.672838043470795 0
2600 2.14508523529316 2.105921356857513 0
2601 5.178822851209886 3.165551444196349 0
2602 5.578373206397325 1.211876235917229 0
2603 5.577150787914811 2.795831055901558 0
2604 4.030458737942525 3.668364794971417 0
2605 4.579029859408182 2.448184652967751 0
2606 4.560743382326169 2.41569927425756 0
2607 4.605304762376138 2.415940430145792 0
2608 4.142555905659016 2.732530617305404 0
2609 4.141375121569049 2.690167759509781 0
2610 4.16986106656636 2.715771166052998 0
2611 3.938249872369783 0.1048399531791577 0
2612 3.931691242272922 0.2164654199195461 0
2613 3.860381982037847 0.1116254667403884 0
2614 2.28822533850481 3.03848695525197 0
2615 2.238997625178853 3.037171648525551 0
2616 2.245592629315873 2.986013877740825 0
2617 3.998247375081709 1.075766791722454 0
2618 3.984257029085249 1.124115980903762 0
2619 3.960969209969999 1.077760303654528 0
2620 2.225056844588815 3.092109115520023 0
2621 2.182424135399879 3.039636038008878 0
2622 3.317218997666397 2.31492304117777 0
2623 3.330698568352505 2.341788866520568 0
2624 3.303235626145631 2.338651997088846 0
2625 2.148639491863673 0.6729112234308839 0
2626 2.175913079232615 0.7240552721013492 0
2627 2.120641259678549 0.7148704233434087 0
2628 4.572446820615713 3.125741315426447 0
2629 4.593831031843317 3.223082285197039 0
2630 4.516425615098557 3.21730330112556 0
2631 3.928801686295074 1.061158426958178 0
2632 3.914811340298614 1.109507616139485 0
2633 3.357837348025337 1.254073062192661 0
2634 3.351197087040973 1.217746200655457 0
2635 3.393187102360849 1.218615903375415 0
2636 4.156223365971742 0.3208147442797698 0
2637 4.248170894892473 0.3453915368054476 0
2638 4.168199672684979 0.4379844910381195 0
2639 5.626135001173196 3.853037722901695 0
2640 5.81377402954155 3.853037722901695 0
2641 5.813596817166369 0.1469570754932084 0
2642 5.625957788797148 0.1469570754932084 0
2643 4.877748759032796 1.827854045851844 0
2644 4.811850121079566 1.853269787446577 0
2645 4.84068526039218 1.783195498405151 0
2646 4.603403993545935 2.487710168726094 0
2647 4.558842613495967 2.487469012837863 0
2648 2.357249615736053 1.972063663997906 0
2649 2.387717398568421 2.004384031571531 0
2650 2.334987119664536 2.00640340436453 0
2651 2.330494186899703 1.934762192629456 0
2652 2.383224465803587 1.932742819836458 0
2653 4.452557119092299 2.511631508267765 0
2654 4.439259497226236 2.476238230284785 0
2655 4.471888834666739 2.492319450349647 0
2656 3.522807367023823 1.513307876298096 0
2657 3.510407137477785 1.537831488740466 0
2658 3.492897668640443 1.513134005547181 0
2659 4.059365174367286 0.1048399531791577 0
2660 4.263801194523589 1.149403330412755 0
2661 4.296605667896815 1.168886988489893 0
2662 4.244100801376703 1.198587365653671 0
2663 3.049833197963401 1.60672097622924 0
2664 3.059992832315133 1.643854312643714 0
2665 3.026048700817623 1.635830294193911 0
2666 3.054343631945486 1.803242078600595 0
2667 3.03914729663932 1.77474277293484 0
2668 3.075404205328437 1.77060784857455 0
2669 4.198374267515588 2.731029675788605 0
2670 4.19719348342562 2.688666817992981 0
2671 2.380013720516721 1.860658839727567 0
2672 2.428124896625039 1.863389964811268 0
2673 2.404580213075556 1.898172473551708 0
2674 2.700475041222774 1.970804026555762 0
2675 2.684166417633501 1.934429793574035 0
2676 2.720766149243905 1.933539717122314 0
2677 2.31447217464705 2.569828634770454 0
2678 2.340426284777498 2.617029684133889 0
2679 2.288925532590881 2.6094538803387 0
2680 3.273881084378844 2.335503548754274 0
2681 3.287360655064953 2.362369374097071 0
2682 3.353891419409108 1.566190521830602 0
2683 3.377967417206218 1.543003341527986 0
2684 3.390709221380432 1.570082746992726 0
2685 3.000944348372363 1.902791414885002 0
2686 3.033508793959696 1.918966865946453 0
2687 3.010996173257975 1.944027073920785 0
2688 3.308917570446357 1.661414371073522 0
2689 3.315287464649179 1.690615247256801 0
2690 3.282370340726381 1.676565348664955 0
2691 4.528382333646903 2.411577251005832 0
2692 4.554657236614857 2.379333028183873 0
2693 3.906801242808341 3.593419806647958 0
2694 3.999495446077982 3.600833774837573 0
2695 3.937764534672884 3.660950826781802 0
2696 2.607868140544975 2.175661225508761 0
2697 2.633348221273928 2.145832780005711 0
2698 2.648676509336793 2.189824319036048 0
2699 2.155143413550769 3.656489818980345 0
2700 2.13612797872282 3.60481124437009 0
2701 2.196903596335171 3.609689993123526 0
2702 3.304295824161734 1.216506767585757 0
2703 3.339645578497246 1.181049608768511 0
2704 3.889776199830965 1.308416377282524 0
2705 3.89682810653403 1.339113917393882 0
2706 3.865822733678101 1.331487878321401 0
2707 4.151883195169686 1.287846390590901 0
2708 4.142105296657274 1.321263229624031 0
2709 4.126078504475574 1.284600643438033 0
2710 4.360482336453067 3.768858176761595 0
2711 4.288090275482617 3.671035847519652 0
2712 4.427560276444938 3.669820309933544 0
2713 2.494074480805446 1.397302971539561 0
2714 2.455879028840435 1.424784641161273 0
2715 2.462479594596797 1.372228642585189 0
2716 3.094047683774377 1.649483391810689 0
2717 3.0702631866286 1.67859270977536 0
2718 5.81377402954155 3.653037722901168 0
2719 5.813596817166369 0.3469570754928377 0
2720 3.678118566475093 0.9910210527307959 0
2721 3.671409956124687 1.033908776896638 0
2722 3.639595964101861 0.9837344781767086 0
2723 2.646071529266956 1.937914493871075 0
2724 2.666362637288087 1.900650184437626 0
2725 3.97655653976834 2.747921440510242 0
2726 3.97212258784828 2.709082759172067 0
2727 3.998406242877666 2.730196851268108 0
2728 3.305981754781265 1.637623041210864 0
2729 3.338898878704063 1.651672939802711 0
2730 3.128529761952652 1.325056298096363 0
2731 3.15578117667346 1.361584823014938 0
2732 3.108705626171911 1.362809947200389 0
2733 2.578440508797786 2.213221977744267 0
2734 2.56311222073492 2.16923043871393 0
2735 4.258636903771709 1.095443040722253 0
2736 4.206132037251598 1.125143417886031 0
2737 2.832722061553319 1.090171966163821 0
2738 2.88804462525691 1.092190559298848 0
2739 2.855960408868752 1.133332723398962 0
2740 3.111966791049849 1.285270956386217 0
2741 3.159042341551398 1.284045832200765 0
2742 2.558403120211465 3.944653926098523 0
2743 2.604352538349103 3.872099834624228 0
2744 2.632944810263522 3.927445908525705 0
2745 4.476694525188893 3.271362707316095 0
2746 4.455310313961288 3.174021737545504 0
2747 4.243279704215851 2.735060111099481 0
2748 4.260505349496803 2.6936006741554 0
2749 4.278078369337806 2.724735457526293 0
2750 3.466030637123358 2.539282239415434 0
2751 3.45159801288051 2.513072051503484 0
2752 3.485431697806774 2.516540558588067 0
2753 4.596443023074195 0.9472196937617589 0
2754 4.670756587101261 0.9577289633351761 0
2755 4.627349475068055 1.049854513743675 0
2756 2.144663320510177 2.257352583878175 0
2757 2.169851802976303 2.302169793226639 0
2758 2.114755087243652 2.296210986927863 0
2759 4.025179180616237 2.740083890999728 0
2760 4.020745228696176 2.701245209661554 0
2761 2.528936693384665 1.371941492713519 0
2762 2.522336127628303 1.424497491289602 0
2763 3.448460200409126 2.566632176318183 0
2764 3.482293885335392 2.570100683402766 0
2765 3.525042985127378 1.561400497163852 0
2766 3.495133286743997 1.561226626412938 0
2767 4.700303129510452 2.027060763375582 0
2768 4.740441971673462 1.998317688743959 0
2769 4.735802403890377 2.03332622131679 0
2770 4.655303858225285 1.504033923717167 0
2771 4.615645168505164 1.536073513678309 0
2772 4.609727713816666 1.476649444718179 0
2773 2.721262456507949 2.682879402973732 0
2774 2.740843889643971 2.725876350055998 0
2775 2.697390727084318 2.723232305177664 0
2776 4.957252654481235 1.834566367606795 0
2777 4.928417515168621 1.904640656648221 0
2778 2.129290905272308 2.215708280257103 0
2779 2.18438762100496 2.221667086555879 0
2780 2.143226317786085 3.013427589111878 0
2781 2.089810109218921 2.9933164392075 0
2782 2.142948707422753 2.964587421110027 0
2783 4.175819936081874 1.260931059374243 0
2784 4.191846728263574 1.29759364556024 0
2785 2.431335641911906 1.935473944920158 0
2786 3.054484790045934 1.890663339730733 0
2787 3.064536614931546 1.931898998766516 0
2788 3.992701620026161 2.995495155582147 0
2789 4.053251121919968 2.991567601891184 0
2790 4.030183016204237 3.040881970444797 0
2791 2.107330019977061 0.7580072360061255 0
2792 2.080056432608119 0.7068631873356602 0
2793 3.003782012388735 0.4518127381728833 0
2794 3.038879367834064 0.3977902537268159 0
2795 3.082251156006171 0.4456859947444637 0
2796 3.921840263127754 1.341944678780266 0
2797 3.89788679697489 1.365016179819142 0
2798 2.522108856147538 1.869728362817138 0
2799 2.543032515913512 1.833004867008125 0
2800 2.567805206450767 1.869703149882094 0
2801 2.290226600905267 1.64157726959822 0
2802 2.279357844428263 1.591620509537854 0
2803 2.323503151196798 1.601579776296623 0
2804 3.839666535567527 1.078038114272601 0
2805 3.850995946701184 1.123137018912605 0
2806 3.808018665645021 1.108269393742072 0
2807 2.467037119086463 0.1661372063871185 0
2808 2.403737183916371 0.1632240394297365 0
2809 2.444824411999816 0.1101826186337734 0
2810 4.511588746990537 2.430807000268848 0
2811 4.505502601279224 2.39444075419516 0
2812 3.250165559237787 2.677263508126485 0
2813 3.2911117023038 2.683487292359746 0
2814 3.265396756267325 2.712285605710625 0
2815 5.844497178414493 2.469064160906907 0
2816 5.697855139891661 2.389151088064848 0
2817 5.853357961477169 2.320086927153728 0
2818 4.947089705195317 0.5838905864546273 0
2819 4.957904315734015 0.6917183853823354 0
2820 4.817768980012714 0.6375222772937323 0
2821 4.295374373014257 3.885036857173851 0
2822 4.434844373976577 3.883821319587744 0
2823 5.009689468783737 2.96456734540178 0
2824 4.944220366452162 2.864781192238311 0
2825 5.038616099245001 2.874782482511103 0
2826 2.833350992018746 1.168185875567186 0
2827 2.888673555722336 1.170204468702213 0
2828 2.891657301372813 0.1293436825485151 0
2829 2.933681097746772 0.2020390394279934 0
2830 2.852546239933662 0.1908530259793262 0
2831 4.042905638184553 0.3115438024353786 0
2832 4.122876860392047 0.2189508482027066 0
2833 2.520088644229588 1.796477255578244 0
2834 2.565784994532817 1.7964520426432 0
2835 2.129285537196047 3.068365056106351 0
2836 3.275235164542589 1.37535575478711 0
2837 3.24607139911097 1.409788402250148 0
2838 3.239174026522626 1.366876493085755 0
2839 3.924867398689594 2.858923993194809 0
2840 3.938296918277175 2.908239345790473 0
2841 3.898558567279956 2.907926429698712 0
2842 3.726118815121676 2.682828672094764 0
2843 3.709941366459479 2.713521325198015 0
2844 3.698431394238717 2.678584752210985 0
2845 4.30234597528067 3.006110394828533 0
2846 4.314077574939843 2.93000139021382 0
2847 4.347778900820536 2.998795513588092 0
2848 3.700340465488209 1.323123884104086 0
2849 3.710763685550586 1.356769083145149 0
2850 3.674514345962131 1.346399651107009 0
2851 3.330276098393769 1.987303258490662 0
2852 3.302130634998245 1.979027326061911 0
2853 3.326182297369365 1.960027935928844 0
2854 3.704480791596151 0.9494443557229826 0
2855 3.736294783618976 0.9996186544429115 0
2856 4.224972096625716 2.675596506360522 0
2857 4.259770761747671 2.665271852787334 0
2858 5.581536858986848 2.451128547681945 0
2859 5.590397642049523 2.302151313928766 0
2860 3.757181482508429 2.689994071478056 0
2861 3.745671510287668 2.655057498491026 0
2862 2.126768459146975 0.6213630882886634 0
2863 2.182040278701041 0.6305479370466039 0
2864 4.662609433740361 2.185474314630032 0
2865 4.630690235881525 2.16213323528018 0
2866 4.67035114838616 2.160482341028143 0
2867 3.592171158490529 3.92349196425328 0
2868 3.643393206140014 3.837392422718422 0
2869 3.692976514880823 3.913900458465141 0
2870 4.777551318547074 2.421388226281974 0
2871 4.753513991096886 2.457864471369872 0
2872 4.728008638485962 2.399316689639415 0
2873 4.267139715753659 3.042973842371864 0
2874 4.233438389872966 2.974179718997592 0
2875 3.41552708947449 1.572421855369422 0
2876 3.39145109167738 1.595609035672037 0
2877 3.002692734539164 1.771304239839318 0
2878 3.023753307922115 1.738670009813273 0
2879 3.137017216886734 2.65060203469486 0
2880 3.174832649064213 2.625552542578385 0
2881 3.167949439239711 2.661758342292208 0
2882 4.664477871590695 2.567079279776851 0
2883 4.612056501532352 2.572003967587238 0
2884 4.635638117692063 2.522069840785818 0
2885 3.885826661550111 1.137048792016478 0
2886 3.854178791627606 1.167280071485948 0
2887 2.227841558018162 0.1510507627287767 0
2888 2.172946859367071 0.1414604293794677 0
2889 2.210095256580971 0.09045498597250429 0
2890 3.437750774444527 1.235666168537842 0
2891 3.431110513460162 1.199339307000638 0
2892 4.836318515913611 2.415813559232114 0
2893 4.810813163302686 2.357265777501657 0
2894 4.569723377694066 1.625759067678074 0
2895 4.585475534072964 1.654165833489581 0
2896 4.543526759273569 1.647903590737421 0
2897 2.293999400612878 2.351046588788006 0
2898 2.272688628088583 2.312824749655114 0
2899 2.320488921133583 2.307158125502423 0
2900 2.70562021334467 3.927445908525705 0
2901 4.695535044663103 3.208763014133976 0
2902 4.639513839145947 3.300324999833089 0
2903 3.764683506510562 2.861736170066053 0
2904 3.795953156466453 2.911460451290381 0
2905 3.75408107214922 2.912739980134279 0
2906 3.55610697061296 0.384547828654188 0
2907 3.55680336635344 0.4565314382441537 0
2908 3.491692180950221 0.3967287686199913 0
2909 2.222831485758802 1.718986943689649 0
2910 2.246567586263353 1.765151524771384 0
2911 2.195947247681873 1.75657522341301 0
2912 3.90734131807394 3.734206056853984 0
2913 4.000035521343581 3.741620025043598 0
2914 3.119513060923258 1.434238793094603 0
2915 3.157619415972762 1.434364505180277 0
2916 3.141175436003301 1.469264826155916 0
2917 3.691302030028941 3.091730418489766 0
2918 3.649607030180302 3.073806917929565 0
2919 3.689040684036392 3.028840928817617 0
2920 4.653538952590441 3.748560017157328 0
2921 4.541560569973154 3.649430830129432 0
2922 4.695147185148207 3.630348208111273 0
2923 3.857396215575454 0.7826324297312092 0
2924 3.813314495257037 0.7175635918249286 0
2925 3.871827643425694 0.7265282493865175 0
2926 3.317028734421758 1.933468446587596 0
2927 3.345174197817281 1.941744379016346 0
2928 3.725143001366025 1.299514702917462 0
2929 3.68889366177757 1.289145270879322 0
2930 3.231451024243701 2.105365837749237 0
2931 3.214369186012613 2.13502308726994 0
2932 3.205568701515263 2.109085471144682 0
2933 4.629220843188461 1.38285047864966 0
2934 4.599860759707349 1.431844411143401 0
2935 4.579695199359025 1.370085035036024 0
2936 3.360224595308601 1.512177822271704 0
2937 3.397042397279925 1.516070047433828 0
2938 4.655825363604278 2.482785480915707 0
2939 4.469168509002704 3.551608500887489 0
2940 4.370988157434018 3.475125413942184 0
2941 4.484988450962234 3.454735934138071 0
2942 2.13822552269517 0.1768625810011034 0
2943 2.120479221257979 0.1162668042448311 0
2944 4.604875750495163 2.672296514606938 0
2945 4.552629060311803 2.670437654772599 0
2946 4.588649565247626 2.615154546743933 0
2947 4.793543258792408 1.903440305262492 0
2948 4.756479760151791 1.858781757815799 0
2949 3.856905433637473 3.821338086023031 0
2950 3.794634446966776 3.740668887761235 0
2951 4.827370732330463 2.305282040043341 0
2952 4.768603534963926 2.310856707093201 0
2953 3.50024945877118 2.493357433034186 0
2954 3.51468208301403 2.519567620946136 0
2955 2.329303125199175 0.9290019426916423 0
2956 2.353768987853979 0.8851797951021838 0
2957 2.379775620309014 0.934602692893478 0
2958 3.239658362595399 2.746130521254205 0
2959 3.280604505661413 2.752354305487466 0
2960 3.60980442510214 2.760731990699484 0
2961 3.570544811975493 2.757008002346454 0
2962 3.586763749786593 2.720312957827209 0
2963 3.194282615506736 2.079392354106933 0
2964 3.177200777275648 2.109049603627636 0
2965 2.04925641998725 1.928380670338405 0
2966 2.04925641998725 1.978380670338281 0
2967 3.954212569134547 0.7369565477765246 0
2968 3.91013084881613 0.671887709870244 0
2969 3.590364145687489 3.757785644904773 0
2970 3.691169502077783 3.748194139116634 0
2971 2.785497490418652 2.725803956985504 0
2972 2.761625760995022 2.766156859189436 0
2973 4.905000446357533 2.745141891700035 0
2974 4.87737213359059 2.810196025478237 0
2975 4.809225583034697 2.780341587830638 0
2976 4.184539449675654 3.670054553222695 0
2977 4.251617389667524 3.571016686394644 0
2978 4.894203979949591 2.283930935878826 0
2979 4.851994351610831 2.23752186547037 0
2980 3.172983650991863 1.400323806333878 0
2981 3.194646026071906 1.435349839395192 0
2982 3.36671518640865 1.793668915756331 0
2983 3.359016397450868 1.823518913898551 0
2984 3.341319006927886 1.800709912495211 0
2985 3.177292310131771 2.696434827943023 0
2986 3.215107742309251 2.671385335826549 0
2987 4.509827467945509 2.487828112706073 0
2988 4.496529846079445 2.452434834723093 0
2989 2.791781954656026 0.1864729975302573 0
2990 2.833805751029984 0.2591683544097355 0
2991 3.182260078846503 2.217330151973724 0
2992 3.199485864400791 2.189358056750436 0
2993 3.215835291280636 2.216827447700877 0
2994 4.448987660736003 1.49791914986707 0
2995 4.469517416220502 1.517167452732378 0
2996 4.435734120731819 1.529017437463943 0
2997 4.764519798824926 2.051437421233322 0
2998 4.724380956661916 2.080180495864945 0
2999 4.100732978351177 2.637327338331851 0
3000 4.101869804756276 2.65720411923439 0
3001 4.078053500433816 2.652961262568258 0
3002 4.435202266858507 1.378584495298785 0
3003 4.457159943280555 1.34947919490765 0
3004 4.482916909610864 1.383597851325559 0
3005 4.119309621667671 2.674248702880085 0
3006 4.096630143750311 2.689882627116491 0
3007 3.174983864514643 1.541912337559193 0
3008 3.159007279448428 1.509540999725453 0
3009 3.195258376119019 1.50176187607533 0
3010 4.454234366275639 2.537123909679608 0
3011 4.421605028835135 2.521042689614746 0
3012 2.274086121277346 2.654028017835628 0
3013 2.248132011146897 2.606826968472193 0
3014 3.486420953394544 2.473528396219204 0
3015 3.515671338601799 2.476555458577273 0
3016 2.57683496674646 0.1123992703056858 0
3017 2.589225185406094 0.1737583306082641 0
3018 2.520514565829543 0.1744548458937338 0
3019 3.599316504963444 2.533387953504682 0
3020 3.627159264428678 2.546680847745873 0
3021 3.59969004952127 2.558413834168011 0
3022 3.684517995785051 2.654483815520075 0
3023 3.668340547122854 2.685176468623326 0
3024 3.609246447374832 3.090111561442988 0
3025 3.606985101382284 3.02722207177084 0
3026 3.722479645077028 2.785542618277913 0
3027 3.70918167231767 2.749957361513581 0
3028 3.750926760101795 2.753350501846126 0
3029 3.464885921800128 2.402587185402737 0
3030 3.490175816153274 2.394554413322529 0
3031 3.480753970863539 2.422439664520707 0
3032 2.800327680930194 3.160903219486663 0
3033 2.739114653414931 3.165747367813882 0
3034 2.77165139607281 3.111980845267206 0
3035 3.990187737714352 2.902708848157552 0
3036 3.963878906304715 2.951711284661455 0
3037 2.086730802020575 3.593807323433269 0
3038 2.128490984804976 3.547007497576451 0
3039 4.376643421102008 2.711691668181882 0
3040 4.326788243808499 2.720682983934036 0
3041 4.345159191912266 2.674284704830058 0
3042 4.094778426377838 1.231754620335627 0
3043 4.103508866628329 1.270906859902593 0
3044 4.062430890018179 1.251477675833317 0
3045 3.411471409935527 2.565293395367895 0
3046 3.42773465814756 2.596111839355227 0
3047 2.649635120883287 0.177251892214995 0
3048 2.59331471996637 0.239307467803043 0
3049 2.444968605526193 0.7636700934321161 0
3050 2.411761050224437 0.8047391571260389 0
3051 2.388544577999234 0.7554478626675472 0
3052 4.069149522804825 1.133873926452557 0
3053 4.085232150590189 1.178975410099889 0
3054 4.037617821982323 1.167223952619019 0
3055 4.172682902154477 0.1141108950235489 0
3056 4.735580910614554 0.8991364253769527 0
3057 4.766487362608414 1.001771245358869 0
3058 2.852968880350155 1.744355235474938 0
3059 2.877358599759495 1.716061893306742 0
3060 2.891174285541545 1.750740496531206 0
3061 2.25067575549563 0.8712498142180718 0
3062 2.272760652372843 0.9239182126624166 0
3063 2.220139915124333 0.9155889819801403 0
3064 4.560489314428541 3.422931645989764 0
3065 4.462308962859855 3.346448559044459 0
3066 2.184100846648076 3.705314705881194 0
3067 2.123325229035726 3.700435957127758 0
3068 4.65153324274219 1.689720266039769 0
3069 4.672902842815494 1.722725555400601 0
3070 4.635358986965345 1.736523434200731 0
3071 4.190132384153865 3.490357742916727 0
3072 4.293683209960829 3.491339037213685 0
3073 3.573592023422759 2.690010468749671 0
3074 3.612851636549405 2.693734457102702 0
3075 3.052559304411927 2.325324005202396 0
3076 3.030265204847171 2.365064271470006 0
3077 3.016968218405183 2.33301370556222 0
3078 4.713712900646676 1.868915406681839 0
3079 4.707657787415037 1.900524067068758 0
3080 4.683197790197079 1.860487198118882 0
3081 2.288471838185536 0.1556711486420558 0
3082 2.323257216030893 0.1036573854991023 0
3083 2.346739098984367 0.1592832148193449 0
3084 2.384740728459163 3.835230045544472 0
3085 2.430998107813477 3.783949746152356 0
3086 2.436503832717893 3.838675868105471 0
3087 4.285876191200984 2.656757409492442 0
3088 4.250342938329896 2.638753241697565 0
3089 2.368951806071014 0.21523780257269 0
3090 4.241094687908378 3.194700553457478 0
3091 4.26549160493334 3.106340719341817 0
3092 4.3116503841364 3.163264352318467 0
3093 4.704703668597178 3.520570182776936 0
3094 4.816682051214465 3.619699369804833 0
3095 2.19910503446319 0.9493500300745575 0
3096 2.177020137585977 0.8966816316302129 0
3097 2.794734953135387 3.068787051286127 0
3098 2.733521925620124 3.073631199613346 0
3099 4.389601069447533 2.624373041628559 0
3100 4.361068802841695 2.64060775041269 0
3101 4.355655503083452 2.599687402963344 0
3102 3.395796076668331 2.529252279734555 0
3103 3.385957217503229 2.499601937027991 0
3104 3.422358093031991 2.506163389624288 0
3105 3.681494251434712 2.745713441629802 0
3106 3.680827456041231 0.6686562673246421 0
3107 3.751266968037652 0.6325023147529103 0
3108 3.757306411110856 0.6976133640519686 0
3109 3.795738667672811 2.640616435684386 0
3110 3.771289486697961 2.632111822364133 0
3111 3.790293976696351 2.610505360174201 0
3112 2.222979571905354 2.310012301558824 0
3113 2.249469092426057 2.266123838273241 0
3114 2.644517755548345 1.104640560215371 0
3115 2.663242452677287 1.149926300326849 0
3116 2.612797792859909 1.142335928449991 0
3117 2.940661483054073 1.692612588492979 0
3118 2.976528853489609 1.69900474967035 0
3119 2.951431375386422 1.728839315540381 0
3120 3.594636201417519 1.478885776376997 0
3121 3.571014164788278 1.49565891710764 0
3122 3.574703338884337 1.467650111391261 0
3123 5.383400989565228 1.321124135397219 0
3124 5.474702891273761 1.214940455661975 0
3125 5.487071304688792 1.318059915652473 0
3126 2.985230533813532 2.02923977832426 0
3127 2.951575136106337 2.050090132829099 0
3128 2.952252117791256 2.016030525111481 0
3129 2.481589089892829 0.9487592178493452 0
3130 2.427549864067322 0.9396243589047335 0
3131 2.458280708789324 0.8999154042486314 0
3132 2.920840698565083 2.489296490175608 0
3133 2.927714973873097 2.446674709567719 0
3134 2.953793205022289 2.481453235669588 0
3135 5.657839842500834 0.7799614647463038 0
3136 5.514117735112254 0.8411960934152973 0
3137 5.517368879438575 0.6861195425213492 0
3138 5.657839842488957 3.220038535251787 0
3139 5.517864632695198 3.313314518925768 0
3140 5.514613488360228 3.158237968030809 0
3141 4.523882530060487 2.701146322838566 0
3142 4.507656344812951 2.644004354975562 0
3143 3.050474205076116 0.1406031415411409 0
3144 3.086449683508017 0.204917138769404 0
3145 3.008767637617824 0.2048436932254454 0
3146 3.14198054311889 1.590457294705876 0
3147 3.163230372663941 1.569275786788185 0
3148 3.166478147938778 1.610041620284746 0
3149 2.700208205156857 3.561987456045368 0
3150 2.738310571368233 3.51226829369291 0
3151 2.757056981826616 3.567992235391203 0
3152 4.311213625548185 2.649599066164843 0
3153 3.656819923553052 1.392047378041282 0
3154 3.622289807564599 1.377311132338037 0
3155 3.650407450036054 1.365308604444828 0
3156 3.355421287121999 1.997931437378689 0
3157 3.331369624750879 2.016930827511756 0
3158 3.267906420204537 1.913760617229879 0
3159 3.244111589432343 1.895577597358127 0
3160 3.264436590739134 1.879394299150948 0
3161 2.114999293161114 2.388946984071168 0
3162 2.15878044359471 2.379551394188351 0
3163 2.133836167046047 2.427470181983191 0
3164 3.742874983260616 0.7537175443966603 0
3165 3.182753358048762 3.404497358054651 0
3166 3.1327890822988 3.3804416784718 0
3167 3.201623940798273 3.347383750913878 0
3168 2.297905532947893 2.527123999553069 0
3169 2.34940628513451 2.534699803348258 0
3170 3.06415874377236 1.278715146430998 0
3171 3.094671323371106 1.2377046805354 0
3172 2.876425715122493 3.06689440568642 0
3173 2.93804730278492 3.075578416548865 0
3174 2.894486011250499 3.115820707802433 0
3175 3.002576670133177 0.336537343804472 0
3176 3.081045813750613 0.3304106003760524 0
3177 3.014734067171879 1.977691347794439 0
3178 2.982169621584545 1.961515896732987 0
3179 4.719955315831649 2.325025302822205 0
3180 4.736512884859427 2.273041565363889 0
3181 5.340917604054839 3.394422936412821 0
3182 5.197210985215248 3.449622613289432 0
3183 5.230931659726877 3.306713628581401 0
3184 5.338337833248279 0.6049499541636891 0
3185 5.230435906483306 0.6927204328667864 0
3186 5.195126967681591 0.5503162158401329 0
3187 2.927673713222019 2.079357900951454 0
3188 2.902589447741965 2.112440764731759 0
3189 2.893512454604007 2.069963743396626 0
3190 3.703859878658921 2.901887071866715 0
3191 3.735129528614812 2.951611353091042 0
3192 2.960652129244295 2.092567154164233 0
3193 2.138393134326074 0.2259532854146578 0
3194 2.085925496216982 0.2007596602800212 0
3195 4.616530525200918 1.572506633019884 0
3196 4.5709543807923 1.545122154020896 0
3197 3.120900924398924 1.509415287639778 0
3198 2.626762595439852 1.058524124050336 0
3199 2.677207255257231 1.066114495927194 0
3200 2.927711047135403 1.655513770698644 0
3201 2.902613569032216 1.685348336568675 0
3202 5.074622666525771 2.790144191058406 0
3203 5.140091768857348 2.889930344221875 0
3204 2.597552078017542 2.254655148705379 0
3205 2.552796158207488 2.248224361910548 0
3206 2.075601017234692 2.393432885930832 0
3207 2.100545293783355 2.345514098135991 0
3208 2.251323440971636 0.2066765920490192 0
3209 4.147597120023434 3.412897506950028 0
3210 4.100709284113677 3.344591366434743 0
3211 4.185310368537413 3.342373953220483 0
3212 3.771110010804744 1.099695051253985 0
3213 3.727731662798021 1.088707482428314 0
3214 3.753310906504641 1.052182920276397 0
3215 3.557634788151741 0.3049122132328619 0
3216 3.622745973554959 0.3647148828570241 0
3217 4.329624478562733 0.2879692774845128 0
3218 4.34160078527597 0.4051390242428626 0
3219 4.032188034553873 1.035675365751954 0
3220 4.055475853669123 1.082031043001187 0
3221 2.363577265999083 1.617701920425928 0
3222 2.352708509522079 1.567745160365562 0
3223 2.460028650830312 3.889632009847317 0
3224 2.506286030184626 3.8383517104552 0
3225 2.93470877529507 2.310964668774146 0
3226 2.917898181551183 2.279829497980072 0
3227 2.951245593491157 2.277118664312384 0
3228 3.003659252602492 2.300763637200535 0
3229 2.981365153037736 2.340503903468144 0
3230 3.7125877763218 3.390644515185643 0
3231 3.744989433296484 3.465195848416871 0
3232 3.681164136257315 3.46279951212652 0
3233 3.935766794743703 1.227138729471674 0
3234 3.89689842467994 1.215276503415925 0
3235 3.927877876540295 1.19305407064557 0
3236 5.047562734583751 1.815744450330701 0
3237 4.996893978447926 1.738957839534323 0
3238 4.348031255988795 1.273633939475266 0
3239 4.313883439443707 1.302996016961708 0
3240 4.31661349334578 1.260594933328457 0
3241 4.309562598527548 2.762142420878118 0
3242 2.977001205130614 2.502302290965026 0
3243 2.983875480438628 2.459680510357137 0
3244 3.159905569647446 0.2088269718625969 0
3245 3.118199002189154 0.2730675235469014 0
3246 4.165091775813842 3.885036857173851 0
3247 4.039391760440788 3.90743762755789 0
3248 4.095312320117692 3.792474484731741 0
3249 4.946580851951532 1.961255565960228 0
3250 4.867076956503093 1.954543244205277 0
3251 3.108509352535319 2.615403592147682 0
3252 3.101626142710817 2.651609391861505 0
3253 4.145192129820503 1.056561372613108 0
3254 4.158865798956203 1.108404256064478 0
3255 4.103090182276988 1.093782500482057 0
3256 4.384043624649271 1.140662818094053 0
3257 4.401271249072854 1.196427769390572 0
3258 4.333533685467286 1.175467904545496 0
3259 2.044766249427794 2.922238135601376 0
3260 2.044766249427794 2.972238135601508 0
3261 2.531251968098803 2.839163706100329 0
3262 2.548426119547184 2.887922657175482 0
3263 2.502858270496002 2.88461881803211 0
3264 3.042129256785392 3.865329807734684 0
3265 2.999025223674881 3.799237226948187 0
3266 3.073372149094326 3.802822456352105 0
3267 4.105531299730129 3.492575156130988 0
3268 3.675277265964263 1.411864434951979 0
3269 3.647159623492807 1.423866962845188 0
3270 4.521019622597104 1.171092590674504 0
3271 4.542418027334435 1.227843096206191 0
3272 4.473179592992171 1.218373188470816 0
3273 3.460607467691848 1.172885199904104 0
3274 3.416043795608171 1.155834934741678 0
3275 2.986016895515372 2.276679971641883 0
3276 2.969206301771485 2.245544800847809 0
3277 3.111255048652481 1.582218227944179 0
3278 3.114502823927318 1.622984061440739 0
3279 2.927020099529618 1.757782262113958 0
3280 2.902630380120277 1.786075604282155 0
3281 2.15176284746902 1.958829343434895 0
3282 2.185440711748395 1.999174421442982 0
3283 2.132190704253875 1.997106418689872 0
3284 3.222758320017891 1.920928721929436 0
3285 3.219288490552487 1.886562403850506 0
3286 3.439281518893841 2.403185783457199 0
3287 3.448703364183576 2.375300532259022 0
3288 4.062843259563559 3.275030718637618 0
3289 4.018398689229883 3.214288918731114 0
3290 4.093977962293978 3.213326012798694 0
3291 4.67514920575306 1.619690189958468 0
3292 4.650374625542899 1.653971848834937 0
3293 4.636446732703622 1.597739651553766 0
3294 4.146614782575016 2.657489251627679 0
3295 2.876117232006562 2.492698984109053 0
3296 2.902195463155755 2.527477510210922 0
3297 5.044804275424349 0.5387565530549563 0
3298 5.152706202189322 0.4509860743518589 0
3299 2.914550642748199 1.617813258363506 0
3300 2.952598556770057 1.62507751028781 0
3301 3.639984229973678 1.331663405403764 0
3302 3.228640499852211 3.434965073925987 0
3303 3.159805641352737 3.468023001483909 0
3304 2.926811400858498 2.002550159232125 0
3305 2.960466798565693 1.981699804727285 0
3306 4.070132955029173 3.094769314823012 0
3307 4.142834213401681 3.087365668617331 0
3308 4.12223465033281 3.145180566686509 0
3309 3.310529345067597 1.321672106564266 0
3310 3.292092562329853 1.29282360254771 0
3311 3.334284115443205 1.282051863489258 0
3312 3.154586355019422 1.167101197214537 0
3313 3.173367214969681 1.208912826355423 0
3314 3.123698510698336 1.202448861349733 0
3315 2.476975824209901 0.7218973791539705 0
3316 2.500192296435103 0.7711886736124622 0
3317 2.041434948922512 2.030097112367755 0
3318 2.090691368909762 2.008477782711259 0
3319 3.940810800588984 3.001025653215068 0
3320 3.264824915193675 1.447405358351668 0
3321 3.228763777173713 1.438926096650312 0
3322 3.407293354074064 2.34997335587261 0
3323 3.419200126745706 2.326177291976241 0
3324 3.43500573394893 2.352103066417114 0
3325 2.235542661281358 0.6393247991066771 0
3326 2.21367162856466 0.5877766639644565 0
3327 3.047935601344807 1.028915801546978 0
3328 3.018520735845555 1.067410677676399 0
3329 2.999328811650113 1.02239620683949 0
3330 4.848445503129327 2.899980888368915 0
3331 2.180925238272927 1.800081908060451 0
3332 2.157189137768376 1.753917326978716 0
3333 3.153344977392805 2.050667101091506 0
3334 3.172891796405307 2.020988609214428 0
3335 3.185461510279623 2.04967799471281 0
3336 3.230279999045219 2.248306204523901 0
3337 3.247505784599507 2.220334109300613 0
3338 3.699293889564786 1.403495529229529 0
3339 3.689633589504541 1.435315114033435 0
3340 3.221971552204223 1.328137509766814 0
3341 3.192807786772604 1.362570157229852 0
3342 4.728574747338606 3.864738697569585 0
3343 4.574988132163554 3.883821319587744 0
3344 3.57832146255851 2.517675902853155 0
3345 3.605790677465917 2.505942916431017 0
3346 2.342421568787954 1.272358748796542 0
3347 2.387837020874476 1.279188332108017 0
3348 2.35848014198065 1.316603558814024 0
3349 2.864408163840825 1.678963075512407 0
3350 2.211055377900841 2.767477698035904 0
3351 2.166123989509078 2.744898479258314 0
3352 2.210856533686832 2.719324172691783 0
3353 2.860967043240976 3.163001042964741 0
3354 2.922588630903402 3.171685053827186 0
3355 3.7842022594534 2.756955048494618 0
3356 3.770904286694042 2.721369791730286 0
3357 4.126310127200338 1.198404594169165 0
3358 2.515432096227328 1.252393723320613 0
3359 2.53242834460491 1.300883933723582 0
3360 2.483678798184227 1.296256762560509 0
3361 4.559809811348994 2.5701451077529 0
3362 3.475301564049401 1.488171561361215 0
3363 3.462901334503364 1.512695173803585 0
3364 3.922880703731308 1.005671897235587 0
3365 3.876722834059924 1.037419209720545 0
3366 3.362581985666619 2.491855274555763 0
3367 3.389144002030279 2.468766384445497 0
3368 3.079124951863885 1.82378964023176 0
3369 3.042868043174769 1.827924564592049 0
3370 2.621025950093416 2.846398196528844 0
3371 2.602992266101442 2.802394694049958 0
3372 2.647198399044874 2.806325345335101 0
3373 3.052091095581112 2.654507551166696 0
3374 3.080598959932527 2.689705993713874 0
3375 5.072483114183339 1.413930269770434 0
3376 5.103633583293638 1.283749744099231 0
3377 5.162939916316716 1.371232460675427 0
3378 2.436213280357607 0.8518709665973138 0
3379 2.379789252830648 0.8436487358327448 0
3380 4.677735704918094 1.339236214982388 0
3381 4.697901265266418 1.400995591089766 0
3382 3.382883762061778 1.081165967059502 0
3383 3.429109989522662 1.088760990025614 0
3384 3.399314522378972 1.121785804679033 0
3385 2.181195790667353 3.315397538516542 0
3386 2.213664241086449 3.270559276940161 0
3387 2.233013109395489 3.320553238630233 0
3388 4.706690050908481 1.464752381426091 0
3389 4.712607505596979 1.524176450386221 0
3390 3.963161193348686 2.777301251972949 0
3391 3.936877538319299 2.756187159876908 0
3392 5.263779425093339 1.462828290867173 0
3393 5.294929894203637 1.33264776519597 0
3394 3.107906242060036 3.514093472348187 0
3395 3.153793383863484 3.544561188219522 0
3396 2.246884739946401 1.258933195228384 0
3397 2.195599709743354 1.252406019129558 0
3398 2.222586932756608 1.213123569624024 0
3399 3.779673131625699 1.010606223268583 0
3400 2.557688277509549 2.796791608063486 0
3401 2.583860726461007 2.756718756869743 0
3402 4.527604850955413 1.386785759232094 0
3403 4.556964934436525 1.337791826738354 0
3404 5.057171109874405 1.485598458154682 0
3405 4.997864776851326 1.398115741578486 0
3406 2.77549005870475 3.932315906808953 0
3407 2.748764073761241 3.859761815334658 0
3408 3.8055695873357 3.913900458465141 0
3409 3.375370537588102 1.767569819171071 0
3410 3.393067928111084 1.790378820574412 0
3411 4.787663445017837 2.207028873097357 0
3412 4.854496692636966 2.185677768932842 0
3413 4.71753009511875 1.582516094928006 0
3414 4.731457987958028 1.638748292209177 0
3415 3.356367089209234 2.950930719646089 0
3416 3.337424419488397 2.908114582872366 0
3417 3.39097147846927 2.918293573533306 0
3418 3.155562730259789 1.994429647463203 0
3419 3.187679263146607 1.993440541084508 0
3420 2.144807129113905 3.360816279398145 0
3421 2.17169193557355 3.410895235654014 0
3422 2.115954405711063 3.406320014845544 0
3423 3.280066267349684 2.230343795073741 0
3424 3.308948781460288 2.236900091335488 0
3425 3.290833006474694 2.258369162385385 0
3426 2.209146220657027 1.671014322585363 0
3427 2.259766559238508 1.679590623943737 0
3428 3.187940571201081 1.247890177156943 0
3429 3.204503542103884 1.287675518867089 0
3430 3.000983648163308 1.667870826615667 0
3431 3.011753540495657 1.704097553663068 0
3432 4.02513001104958 3.345554272367163 0
3433 4.03963869482622 1.277611435984821 0
3434 4.030908254575728 1.238459196417855 0
3435 2.728034014941358 0.114930212060032 0
3436 2.76561549066468 0.150010056986237 0
3437 2.683127062046334 0.1467825999464211 0
3438 2.717758249689119 1.698701280317571 0
3439 2.700868438092673 1.662531607229807 0
3440 2.74222737255226 1.666047708248711 0
3441 3.488199893954733 3.00698057190889 0
3442 3.539314760084788 3.001876227790955 0
3443 3.51550965244676 3.048631059402198 0
3444 2.298767284827878 0.9733411104537106 0
3445 2.573904341029657 1.050764786165431 0
3446 2.606593840738542 1.012238721877254 0
3447 3.177198757625416 2.164301740844334 0
3448 3.21077397005955 2.163799036571487 0
3449 4.419059927210874 1.483877063922422 0
3450 4.452843222699557 1.472027079190857 0
3451 2.498024942488165 1.209729437634102 0
3452 2.546774488908849 1.214356608797176 0
3453 4.560202069987229 1.463884001104543 0
3454 2.254507730840157 3.370209043765962 0
3455 2.286976181259253 3.325370782189581 0
3456 3.764625096436292 1.372467113742353 0
3457 3.784036406422592 1.379610161768515 0
3458 3.763693532816484 1.395293467076588 0
3459 3.550921373029384 2.798029371450743 0
3460 3.527880697713838 2.757610338578468 0
3461 2.456917532602857 2.874924117897447 0
3462 2.474091684051237 2.9236830689726 0
3463 2.479427337746098 0.2274962666896969 0
3464 4.044774373912764 2.772589162638545 0
3465 4.067113359731275 2.743637521031991 0
3466 4.452011649128849 1.30979476644169 0
3467 4.499726291881207 1.314808122468464 0
3468 3.325404010823171 1.812439745389368 0
3469 3.333102799780954 1.782589747247149 0
3470 2.038670633785123 1.874475810008152 0
3471 2.087927053772373 1.902856480351532 0
3472 3.482197849879082 2.692086444702699 0
3473 3.522920700157275 2.687352627660424 0
3474 3.506781286381753 2.721322786516454 0
3475 2.146579791905896 1.454627353555219 0
3476 2.132210689720257 1.413439123252071 0
3477 2.181141091536096 1.416761601326557 0
3478 3.493180343996827 1.462742921984504 0
3479 3.463184009859748 1.462304090240908 0
3480 3.676759189444564 1.257073671843767 0
3481 3.651956653566748 1.28068285303039 0
3482 3.999988328203011 1.360911050844487 0
3483 4.000012712707599 1.335813537660902 0
3484 4.026549593930364 1.338609422810852 0
3485 4.510794665798535 2.570504207621111 0
3486 4.534201602083261 2.527353628464416 0
3487 4.706756566842179 0.3396016871779828 0
3488 4.803864809138096 0.3908085037771024 0
3489 4.709846127178098 0.4784876617669046 0
3490 2.435234757329433 1.466633940341175 0
3491 2.468459606446305 1.490443520788642 0
3492 2.416220448726655 1.507218491014172 0
3493 3.884428443003966 2.786822671095148 0
3494 3.864924654488502 2.75315132466105 0
3495 3.903978403384181 2.751895624905516 0
3496 3.380543192751673 3.006414627743586 0
3497 3.3269961337708 2.996235637082646 0
3498 4.099396576688912 0.7785213168451849 0
3499 4.012349790430924 0.748150366218855 0
3500 4.07956256078297 0.712686958886581 0
3501 5.201801522293354 0.3497367195065926 0
3502 5.051478830036112 0.338177056721416 0
3503 3.008707841761558 2.652127329277065 0
3504 3.029735024539848 2.614030727424697 0
3505 3.80479971348472 2.78850706473057 0
3506 3.824777240076966 2.756526354614731 0
3507 3.315021995541796 0.7677241363337944 0
3508 3.326911621565998 0.8214861695488545 0
3509 3.264043955234708 0.8017551171824759 0
3510 5.847368417624615 1.535217778844129 0
3511 5.847368417624615 1.335217778844712 0
3512 5.844497178414493 2.669064160907434 0
3513 3.787571796103796 1.323199277780134 0
3514 3.810930100572627 1.315950502397222 0
3515 3.808326274511232 1.349535033051369 0
3516 4.215947287356591 2.762164459159498 0
3517 2.776824207773625 3.623399391099676 0
3518 2.814926573985001 3.573680228747218 0
3519 3.57429740969279 3.634802813864679 0
3520 3.539532198137432 3.698196011875676 0
3521 3.475689166204963 3.664411464437371 0
3522 4.672990745233683 1.799203630646763 0
3523 4.689918435683099 1.755190774393154 0
3524 4.706180593878132 1.784865681478354 0
3525 4.521158032354597 1.587667264668896 0
3526 4.505220423300013 1.604837737762858 0
3527 4.49860385275994 1.573008177505841 0
3528 2.585888226432449 0.9649414569987402 0
3529 2.638746480842645 0.9727007948836461 0
3530 5.853357961477169 2.120086927153223 0
3531 2.507514827309482 2.242721358907236 0
3532 2.526626396529239 2.284154529868348 0
3533 3.577332612870605 1.265700526127159 0
3534 3.555195137779259 1.291948467880566 0
3535 3.541601136048755 1.259680761547451 0
3536 3.847671954988301 3.157833134810109 0
3537 3.815650685979079 3.096662755606143 0
3538 3.880769241956865 3.096560620625552 0
3539 3.918276458442865 3.90743762755789 0
3540 3.218828415522167 1.212542513021747 0
3541 2.963594899006832 2.649880021503576 0
3542 2.985950970048096 2.690356845245576 0
3543 3.631971170708798 1.447280495208251 0
3544 3.613513828297588 1.427463438297554 0
3545 3.409070934479558 2.626567155591522 0
3546 3.446059724953159 2.627905936541809 0
3547 2.236417754146794 1.585822279067335 0
3548 2.269694304438325 1.545824785765738 0
3549 3.614981972550943 1.46800562320061 0
3550 3.611292798454883 1.49601442891699 0
3551 4.060406754602976 2.940873693801704 0
3552 4.097888150781053 2.986260508664354 0
3553 2.454612682208247 0.6718970385431555 0
3554 2.509836373117157 0.6794156187235018 0
3555 2.192162532627 3.221928948929611 0
3556 2.139895429180828 3.224021715212513 0
3557 2.170211039449515 3.180547087315654 0
3558 3.132516457818 2.941151350295191 0
3559 3.102159556411567 2.903281798128612 0
3560 3.156232436703456 2.898020095649921 0
3561 3.372498399758171 1.675114452770742 0
3562 3.362941634530754 1.654710707146574 0
3563 3.39360533991977 1.654360890251947 0
3564 2.555001431817352 3.838265342908179 0
3565 2.62954312186941 3.821057325335361 0
3566 2.329722623882607 1.353438770382864 0
3567 2.375138075969129 1.360268353694339 0
3568 3.101930706084576 0.7667403713292356 0
3569 3.156416898804051 0.7778223907589501 0
3570 3.119488433973941 0.8197623440115602 0
3571 2.403084001412519 0.9834465064941919 0
3572 4.732019762933833 1.818744888865923 0
3573 4.093730968115915 1.304323698935723 0
3574 3.135273340338274 1.124196872569502 0
3575 3.184942044609619 1.130660837575193 0
3576 3.782439421938402 1.144793955893989 0
3577 2.403639871120784 1.441559611386803 0
3578 2.085585492631393 2.200243553688624 0
3579 2.125309793126175 2.164558056366327 0
3580 2.043301270189336 2.874999999997038 0
3581 2.08806751961713 2.89723813560131 0
3582 2.977333399956767 0.9769585145962424 0
3583 2.947918534457515 1.015453390725664 0
3584 3.751935909910288 1.277575418409342 0
3585 3.763382713620928 1.311554031634106 0
3586 2.045043859791127 3.021078303603359 0
3587 3.950027248732776 3.216862312199778 0
3588 3.981161951463196 3.155157606360854 0
3589 4.396679129884514 1.382353563364164 0
3590 4.422436096214824 1.416472219782073 0
3591 3.917373749803835 2.72251581344281 0
3592 3.075890463420848 1.195893051394513 0
3593 3.941212012638259 3.10127026198264 0
3594 4.009583453135367 3.098696868513975 0
3595 3.503943349220924 2.435566657101395 0
3596 3.478653454867778 2.443599429181602 0
3597 3.717210887591682 3.147315838696207 0
3598 3.756644541447772 3.102349849584259 0
3599 5.044027628140919 0.7493143743740183 0
3600 4.914706902958315 0.8029460652131233 0
3601 2.243979851355136 3.227084649043302 0
3602 2.853666303975137 3.932315906808953 0
3603 5.362572150989976 1.120770123392993 0
3604 5.466242466113541 1.117705903648248 0
3605 5.340038770029079 2.89247065241117 0
3606 5.46886871694041 2.787901878703821 0
3607 5.448320841003481 2.900399829608907 0
3608 4.456130798699922 1.272289901531083 0
3609 4.434732393962593 1.215539395999396 0
3610 2.626949687450789 2.115744099889848 0
3611 2.667758056242608 2.129907193417134 0
3612 2.580444912579268 1.179656995836067 0
3613 2.561720215450326 1.134371255724589 0
3614 4.151637956905008 2.973304883557899 0
3615 4.145156862490298 2.925156127983806 0
3616 4.191751035931246 2.96289441096683 0
3617 3.034186956023031 1.313869047205921 0
3618 3.046082978678653 1.356364163288479 0
3619 2.998815723250582 1.343951788212585 0
3620 3.368750094433272 2.203293412610767 0
3621 3.343950966314532 2.196077779896195 0
3622 3.36039777598618 2.176073167319526 0
3623 3.88036802990759 2.996316011857981 0
3624 3.848151128517867 2.98511152105077 0
3625 3.879771185477814 2.946037291487165 0
3626 2.239163931948237 3.711724177944346 0
3627 2.207345747433193 3.755670316091759 0
3628 3.508998672511141 2.875254832755614 0
3629 3.486021264754112 2.837730538669528 0
3630 3.531234666524759 2.836156001768843 0
3631 2.45228532031449 1.334090057544489 0
3632 2.414089868349479 1.3615717271662 0
3633 2.771434320924736 0.05907883454992396 0
3634 2.68894589230639 0.05585137751010806 0
3635 5.48205994063686 0.5437153254946956 0
3636 5.484143958183569 3.456223503633799 0
3637 3.360005818865662 1.630919377283916 0
3638 3.816729430118096 0.9699873187165264 0
3639 3.833745553003761 1.022551584550011 0
3640 2.387889111967073 1.533638107530786 0
3641 2.347814997164789 1.517515963401481 0
3642 3.576113648927199 1.163577425942071 0
3643 3.590205550962059 1.203644355405613 0
3644 3.549646709105241 1.193365890330502 0
3645 2.058971968001671 3.191319926798224 0
3646 2.034626906913779 3.159975562081255 0
3647 2.09359887491545 3.151295488881586 0
3648 3.817049347526376 2.998927251390096 0
3649 3.816452503096601 2.94864853101928 0
3650 3.460959574891434 2.960667725302338 0
3651 3.4368497094653 2.918969539981664 0
3652 3.487895136166627 2.918527554976973 0
3653 4.128875201842064 2.767138408259714 0
3654 4.100389256844753 2.741535001716497 0
3655 3.887868427403085 2.691712220043327 0
3656 3.913429706126273 2.672274303157771 0
3657 3.910035893591905 2.698786361585863 0
3658 4.703996005739131 2.613987002786771 0
3659 4.727577621898842 2.564052875985351 0
3660 4.956731787775361 3.435917324964254 0
3661 4.868739160679342 3.39370747552461 0
3662 4.999232413791265 3.319703456018368 0
3663 5.830545493413577 0.7124424569252936 0
3664 5.827294349087257 0.8675190078192417 0
3665 5.830545493411964 3.28755754307232 0
3666 5.827294349076993 3.132480992177361 0
3667 2.124369233189137 2.048822860719346 0
3668 3.637160022291972 2.789788256582048 0
3669 3.653378960103072 2.753093212062804 0
3670 4.408057956025404 2.756351351693489 0
3671 4.426428904129172 2.709953072589511 0
3672 2.990824013811576 1.630737490201193 0
3673 3.740436013953424 1.360821867596326 0
3674 3.714609894427346 1.384097634599249 0
3675 4.695067505986073 2.235516790735444 0
3676 4.668316561303605 2.260562642326967 0
3677 4.675519401562527 2.208869271969518 0
3678 3.601780396186921 1.24102203689444 0
3679 3.615374397917425 1.273289743227554 0
3680 3.359453120801908 0.07739213365850912 0
3681 3.262147735017183 0.07739213365850912 0
3682 3.140797950206938 3.795757199864688 0
3683 3.097693917096427 3.729664619078191 0
3684 3.852279609680615 1.352235838050608 0
3685 3.84522770297755 1.321538297939249 0
3686 2.232360374316105 3.563360138875978 0
3687 2.251375809144054 3.615038713486232 0
3688 2.928240510097449 3.930872289165383 0
3689 2.893208125243635 3.863188195974335 0
3690 3.528189600220788 1.486516822613358 0
3691 3.545699069058131 1.511214305806642 0
3692 3.628247336008879 1.211233572506008 0
3693 3.213399542154611 1.472966795496711 0
3694 4.549807170191363 1.600526049144192 0
3695 4.591755944990759 1.606788291896353 0
3696 3.412302402647316 1.486488628897582 0
3697 3.430045224544932 1.517314148153865 0
3698 5.157431022065444 1.122844502342006 0
3699 5.237441692266815 1.014086320529527 0
3700 5.274101055628385 1.132293753191744 0
3701 4.879326069234097 3.864738697569585 0
3702 4.876150909750189 0.1259612645940903 0
3703 4.725399587854163 0.1259612645940903 0
3704 3.547759785894886 1.07871523577969 0
3705 3.562433503824689 1.12178795725836 0
3706 3.520881089140579 1.110226239388289 0
3707 4.302965499355264 0.1141108950235489 0
3708 4.080794063548227 2.70902973007768 0
3709 3.038579394679071 1.110981910601641 0
3710 2.989972604984377 1.104462315894153 0
3711 3.824473224570114 1.295202542668014 0
3712 3.602992345681507 1.132066422333472 0
3713 3.081632406063817 0.8579834626536211 0
3714 3.136118598783293 0.8690654820833357 0
3715 3.627508870250431 1.305361342263109 0
3716 4.743715725118349 2.22134819500644 0
3717 3.573898780786414 2.835553665536828 0
3718 2.143213645406592 3.138606679300953 0
3719 2.195480748852764 3.136513913018051 0
3720 3.533108537937275 2.916953018076287 0
3721 2.658699462704939 1.659143857980301 0
3722 2.683168585568079 1.626490285911441 0
3723 2.794848064374615 1.318905326867058 0
3724 2.798271774780919 1.356319797913327 0
3725 2.757707325955501 1.326175922965353 0
3726 4.313833292320399 1.224651939786411 0
3727 5.636555020823279 1.341155896804794 0
3728 5.789186603198663 1.205938117957148 0
3729 5.788575393957405 2.797915527949199 0
3730 5.633072572371899 2.666979688859792 0
3731 3.103932034018156 2.993707420846578 0
3732 3.158004914310045 2.988445718367887 0
3733 2.792326002153004 1.277905327278804 0
3734 2.832890450978423 1.308049202226778 0
3735 4.605055804268815 1.733018092215055 0
3736 4.62642540434212 1.766023381575887 0
3737 2.653487004500598 2.721278600475807 0
3738 2.67306843763662 2.764275547558073 0
3739 3.321198560818666 3.369060448628366 0
3740 3.295017384617508 3.313522864647952 0
3741 3.364627728887938 3.311143882779588 0
3742 4.663293787999647 2.127620605951284 0
3743 4.695212985858483 2.150961685301136 0
3744 4.996511488297663 1.99565519525551 0
3745 4.935170929632134 2.045557782812565 0
3746 2.095858013762979 3.221748375700353 0
3747 2.036886045761308 3.230428448900022 0
3748 4.55309986085771 0.7902940297994283 0
3749 4.572438811385321 0.8834275106706239 0
3750 4.485688537135628 0.8186273971167923 0
3751 2.597852066318431 1.222321281522578 0
3752 2.70888040513687 1.156464161535862 0
3753 2.747800130265443 1.121772531178082 0
3754 2.761718120036589 1.166005760621715 0
3755 3.452894807501085 3.850850728887017 0
3756 3.402062859951028 3.791261095857921 0
3757 3.491755902199662 3.787394295477464 0
3758 3.496733691223542 2.596963459399203 0
3759 3.514304127937774 2.569613522496455 0
3760 3.462866632469881 2.658238769312387 0
3761 3.481530356137882 2.627783453076091 0
3762 2.273702975891665 3.667269897754551 0
3763 2.309159753872599 3.620940043507002 0
3764 3.707822009504772 2.993761437100648 0
3765 3.758043202995071 3.004614345368212 0
3766 3.844327200457181 2.721599308425099 0
3767 3.790456981860034 2.693598618126548 0
3768 3.407783511814972 3.052727474350138 0
3769 3.437154467253406 3.007422556913581 0
3770 3.579193449179761 2.57474218481576 0
3771 3.607036208644995 2.588035079056951 0
3772 3.309995907930665 2.033668144183244 0
3773 3.335141096658895 2.044296323071271 0
3774 3.53585580605283 2.543935843213418 0
3775 3.55029561194098 2.570798619209856 0
3776 3.293134127742585 1.924664661261397 0
3777 3.312126028190501 1.906381104348899 0
3778 3.34024047729329 1.341359233046583 0
3779 3.298048924179938 1.352130972105034 0
3780 2.450447284838244 1.829453205465148 0
3781 2.475013777397078 1.866966839289288 0
3782 3.597298220124477 0.08024992825440704 0
3783 3.492627726400566 0.08024992825440704 0
3784 3.487500664765819 3.92349196425328 0
3785 3.010967811798753 0.9365166385393627 0
3786 2.959557534606155 0.9295738224255361 0
3787 3.513540598740264 2.627296292169781 0
3788 2.421113961083946 1.557447687978253 0
3789 3.143356886012077 2.530918358509933 0
3790 3.178090468110988 2.544534160632577 0
3791 3.150004296053562 2.557509652037168 0
3792 3.909190743629037 3.040099882778674 0
3793 2.490252506183113 0.8610058255419255 0
3794 3.244704684169125 2.938320688400823 0
3795 3.217362781228543 2.901476571636586 0
3796 3.27547812728778 2.90390761222091 0
3797 4.384222454780606 1.250344482450839 0
3798 3.250869781853906 1.291981854722992 0
3799 3.465714661680808 2.798423156872849 0
3800 3.444615250348723 2.762135604810835 0
3801 3.487157847435645 2.762344155620744 0
3802 2.118868584318699 3.107262314583983 0
3803 3.446727218694359 2.692208928168418 0
3804 3.524208401334983 2.651829022482774 0
3805 3.548791837837655 2.681065364296529 0
3806 2.853681634638751 3.80104289998887 0
3807 2.928255840761063 3.7995992823453 0
3808 3.555619514242216 2.953875748060046 0
3809 3.582929272734242 2.995526235553355 0
3810 3.942935028527023 2.703077896557254 0
3811 3.167297895324443 1.830433763173565 0
3812 3.185716585982671 1.804321573456097 0
3813 3.197951254338639 1.832128954526348 0
3814 2.193071338638828 2.348870704608512 0
3815 2.125458260804865 3.310822317708073 0
3816 3.468045772216538 1.246132277665538 0
3817 3.430122361117225 1.265408874040315 0
3818 3.618138896489232 3.440881643503081 0
3819 3.650540553463917 3.51543297673431 0
3820 3.158077071684362 2.849255986666861 0
3821 3.188433973090794 2.88712553883344 0
3822 2.969656576178673 0.2663530366562565 0
3823 4.015764094906568 3.474208837434009 0
3824 3.940638044644575 3.466368191369734 0
3825 3.987869985337705 3.407274274100014 0
3826 3.51116406649748 1.438456146940254 0
3827 3.523281620687134 1.464323618060561 0
3828 4.526419990160616 1.497379099907413 0
3829 4.516553036051301 1.452574066332634 0
3830 3.257973484555547 2.170072591573065 0
3831 3.290533967305724 2.180082277346194 0
3832 3.265621559585102 2.198865038250716 0
3833 4.942512692436313 1.680400601085217 0
3834 5.03282277253883 1.661578683809122 0
3835 2.329316757720809 0.8380479856309091 0
3836 4.050631640606209 1.358116132714947 0
3837 4.050656025110797 1.333018619531362 0
3838 2.930745424007781 0.07026484799859115 0
3839 2.849610566194671 0.05907883454992396 0
3840 3.627053529427378 2.662253749978789 0
3841 3.640225255791214 2.692556239056328 0
3842 3.460610136855217 2.351504468362652 0
3843 2.608498307569141 1.868557269403873 0
3844 2.630317925193914 1.827644586963303 0
3845 2.650087366546314 1.863222202294096 0
3846 3.552886479878524 2.42920342796083 0
3847 3.526625586036529 2.433222403071084 0
3848 3.532304759058681 2.410387917330245 0
3849 4.010223348185873 1.208620866483834 0
3850 3.994140720400508 1.163519382836502 0
3851 2.828430300583097 3.216767565511417 0
3852 2.318678717866109 3.280300260391293 0
3853 2.340173339310776 3.329956065527023 0
3854 2.670131292733616 0.9327240472507146 0
3855 2.690836907039709 0.9800213121292278 0
3856 3.459443300208121 1.057647335157851 0
3857 3.475874060525316 1.098267172777381 0
3858 3.789741828416337 3.041077335399702 0
3859 2.079670766704906 3.081053865686984 0
3860 3.441759153715407 2.483421708796921 0
3861 2.848788731104414 2.137655691434284 0
3862 2.884561140680161 2.141931327380372 0
3863 2.864921682660623 2.176540411637724 0
3864 3.426619253375447 2.725158656325879 0
3865 3.407288035966246 2.691310980935565 0
3866 5.369912812216612 2.290274165230064 0
3867 5.376970088640654 2.391397243376442 0
3868 5.272803539712557 2.317542635060643 0
3869 5.545253119114745 1.447339576540037 0
3870 4.413564450099271 1.306960973970269 0
3871 3.014838894364065 0.07026484799859115 0
3872 3.012333980454256 3.930872289165383 0
3873 4.164030089708083 1.16236454575498 0
3874 5.504350212002135 0.9792867935097589 0
3875 5.363879248939876 0.8854448712848042 0
3876 5.347064586329309 3.128241277510523 0
3877 5.487039796123068 3.034965293836542 0
3878 3.465561274365355 3.151686577785202 0
3879 3.435309049374134 3.102524501442154 0
3880 3.494647011307926 3.102897479863181 0
3881 3.760778887559532 1.345138562288253 0
3882 2.962679119692204 2.729245280337086 0
3883 3.007792062446929 2.731492588110574 0
3884 2.258169050848671 1.174773504523078 0
3885 2.206884020645624 1.168246328424251 0
3886 3.397807622517185 3.927358764633737 0
3887 4.638085882611396 2.727799837861142 0
3888 4.674106387547218 2.672516729832477 0
3889 2.862684000854671 2.312070726196077 0
3890 2.843516719397694 2.276905595297673 0
3891 2.88219408189812 2.27851037154343 0
3892 2.419230498744212 1.241355037124037 0
3893 2.435289071936909 1.28559984714152 0
3894 3.375070534406764 2.558731942771598 0
3895 2.5661754349648 3.252744716328348 0
3896 2.596201243473066 3.206533592503125 0
3897 2.620983951062778 3.256004026097174 0
3898 3.648627767746162 1.464409147748245 0
3899 4.429374486555719 0.4500614280298713 0
3900 4.347920902885459 0.5074836873508061 0
3901 2.918722399298173 2.1513254849352 0
3902 2.789993096057248 3.800347437312483 0
3903 2.825040811574677 3.736758523683447 0
3904 2.794456843693046 3.265771785170039 0
3905 2.855096206003828 3.267869608648118 0
3906 4.125735536716636 3.71921925465956 0
3907 2.34369626707064 0.6565265861380889 0
3908 2.289498587370623 0.6480085343881472 0
3909 2.321371690844995 0.6050715777744714 0
3910 4.464610721189802 2.848878379885179 0
3911 4.482366699413175 2.915281016414414 0
3912 4.427013529399225 2.909318038021004 0
3913 3.740226819311208 2.624946422980841 0
3914 2.873468602741777 1.612232566603248 0
3915 2.898356112376431 1.581796306192414 0
3916 3.588383806235999 3.144377981903971 0
3917 3.545761877437981 3.097793135745246 0
3918 3.821799378326968 2.697936824066748 0
3919 3.861946792738503 2.694561794113068 0
3920 4.54319059965129 1.568696488887175 0
3921 3.008875810579949 2.577485923216986 0
3922 3.052259064399503 2.579866145106616 0
3923 2.431521300830257 0.6215024538185501 0
3924 2.398660751923001 0.6639842142490187 0
3925 3.306408659075217 2.895310056195305 0
3926 3.341013048335253 2.862672910082522 0
3927 3.448347750173633 1.434159288182473 0
3928 3.430468970226207 1.459587927559184 0
3929 3.304946296768282 1.395042881269427 0
3930 3.426557557064714 0.09396582510571848 0
3931 3.353597198087672 0.1713579587642276 0
3932 2.044783302388763 2.22569688878733 0
3933 2.04080219024263 2.174546664896554 0
3934 3.417116467198352 1.784730021048857 0
3935 3.408461116018901 1.810829117634117 0
3936 4.166679220666486 3.205922366593013 0
3937 2.977663609424372 1.593036977866054 0
3938 2.490841499602092 3.944653926098523 0
3939 2.421059302135359 3.944978083748794 0
3940 4.41799643435756 2.592229516170894 0
3941 4.423409734115803 2.63314986362024 0
3942 3.059683245090256 3.55580515120993 0
3943 3.065695502579509 3.479266964474316 0
3944 3.438194686787551 1.566744608527028 0
3945 3.438936557084499 1.59227089720634 0
3946 4.599656669889753 1.250826800476081 0
3947 4.551816640284819 1.298107398272394 0
3948 3.076820784416411 1.367648554911634 0
3949 3.041449551643962 1.397731295918298 0
3950 3.813267668038604 1.261500914666469 0
3951 3.847565270443526 1.267088710208497 0
3952 2.47999824903977 0.0565478927955777 0
3953 2.416698313869678 0.05363472583819571 0
3954 3.560009753553036 1.417554086691304 0
3955 3.588539769715932 1.422974150513457 0
3956 3.569795359350683 1.445456906838464 0
3957 2.688182254912859 1.859737501997056 0
3958 3.433991655188641 2.45349274175932 0
3959 3.463231575037159 2.460401403638516 0
3960 3.51970639834197 1.224911195978555 0
3961 3.497568923250624 1.251159137731962 0
3962 3.306516094792079 1.108452906199943 0
3963 3.322916305268047 1.147000478705866 0
3964 3.276344105142038 1.141262603192888 0
3965 2.649530126427466 0.8844405058959983 0
3966 2.70162055262453 0.89176102314158 0
3967 3.973845499295059 1.331374091534268 0
3968 4.000406765022413 1.309072463500633 0
3969 3.960840200618823 1.23641273327483 0
3970 3.929860748758468 1.258635166045186 0
3971 3.878345220801171 3.215526196470663 0
3972 3.813226664823383 3.215628331451255 0
3973 3.3974661429612 1.458343826839147 0
3974 3.39001612810085 2.657343476391275 0
3975 3.371691061295251 2.625549379204693 0
3976 3.881779084929192 1.275075750226036 0
3977 3.912784457785121 1.282701789298517 0
3978 3.028232857521891 2.942785610526977 0
3979 3.003646279799509 2.897725018665958 0
3980 3.053856999803729 2.901352460912863 0
3981 5.827294349087257 1.067519007818659 0
3982 5.827294349076993 2.932480992176834 0
3983 4.634382845935494 0.7477355088254494 0
3984 4.547632571685801 0.6829353952716177 0
3985 2.088979415164241 1.398674411817652 0
3986 2.123540714794442 1.360808659588991 0
3987 2.409028946831637 0.5698583393405642 0
3988 2.464980877116883 0.577771163634701 0
3989 2.570444596548415 3.158231927326383 0
3990 2.625253112646393 3.16149123709521 0
3991 3.378697774872401 3.101516572272159 0
3992 3.236656292787988 2.160079403176042 0
3993 4.372549885665418 1.365422590694976 0
3994 4.359783715021734 1.403310315178263 0
3995 4.27968547577531 1.254014017272853 0
3996 3.121726870735532 2.774016803029477 0
3997 3.145983292468291 2.816688249464886 0
3998 3.101619113564264 2.817479097047932 0
3999 2.362463874654337 3.380255954564273 0
4000 2.394166411261192 3.335185432765985 0
4001 3.499614284273447 1.41235781885417 0
4002 3.529715560963753 1.413938514930227 0
4003 2.257867237507003 0.6907798074702947 0
4004 2.478015659278149 1.719400219679387 0
4005 2.523448321420736 1.721903432371648 0
4006 2.497408460706307 1.757421218521059 0
4007 2.547099505514323 1.688294885178972 0
4008 2.566492306942481 1.726315884020644 0
4009 4.144482324221999 3.023998791647378 0
4010 4.196584019525636 3.074410043510875 0
4011 3.304215715793363 2.442987174161727 0
4012 3.317405482052632 2.417305424756777 0
4013 3.332092459244397 2.443621822651963 0
4014 2.677160442448434 1.194159529770482 0
4015 3.073335282197128 2.543607595406715 0
4016 3.094194496157027 2.580152399614426 0
4017 4.212837999869546 3.262845999569663 0
4018 4.529031699352114 0.9755530610791228 0
4019 3.505614496307111 1.184844266515012 0
4020 3.490547778455119 1.141339894256052 0
4021 3.129585570332944 2.57914504244778 0
4022 3.164319152431855 2.592760844570424 0
4023 2.798023036462593 3.682575222731375 0
4024 2.861711575044096 3.683270685407763 0
4025 4.390408404391981 3.025312596376522 0
4026 4.402140004051153 2.949203591761809 0
4027 3.739775799852868 1.239435555618635 0
4028 3.778015512107771 1.251474884335279 0
4029 3.002682432129383 1.561271430008174 0
4030 2.964456975087864 1.555611450094792 0
4031 3.321699823990869 1.565971013430962 0
4032 3.334441628165083 1.593050418895701 0
4033 3.666703475691178 1.22140126804746 0
4034 3.703640483902 1.229863685896392 0
4035 3.013042146958659 2.396718884290295 0
4036 2.996038827703597 2.429757625906229 0
4037 2.977670799585365 2.405792713445765 0
4038 3.203108772442402 3.665051012992811 0
4039 3.133506851389911 3.656615510837288 0
4040 3.171495905623273 3.599067161239325 0
4041 3.747860962197006 3.21319204913315 0
4042 3.682518450778174 3.202572618038657 0
4043 3.44347866766719 2.83752198785962 0
4044 5.61648095228592 1.073457125778741 0
4045 5.615869743034398 2.930396520129193 0
4046 2.126140304191942 2.770967618808402 0
4047 2.125941459977934 2.722814093464281 0
4048 3.030941451961271 2.772594336907303 0
4049 3.054213302317163 2.733705901815794 0
4050 2.982144666826057 2.852600937587482 0
4051 2.959769561830902 2.809645514662601 0
4052 3.006895317086192 2.813336446126964 0
4053 5.830545493411964 3.487557543072846 0
4054 5.830545493413577 0.5124424569258073 0
4055 3.213070401805222 2.991489013019538 0
4056 3.271185747864458 2.993920053603862 0
4057 5.282561480788606 1.229528305205472 0
4058 3.219207416209449 2.852712462653527 0
4059 2.694704375248323 1.792513248989407 0
4060 2.650001505049402 1.791899257518386 0
4061 2.672798896126638 1.762102986654267 0
4062 2.962887469965153 1.76417442329133 0
4063 3.546173322721441 1.462230047569108 0
4064 3.338243689953709 2.070599957165307 0
4065 3.359617406773924 2.053862640493819 0
4066 3.355068393782242 2.593546136036573 0
4067 3.339393060515047 2.557505020403232 0
4068 3.019241665493278 2.51192545327574 0
4069 2.98915939007694 2.533698178588192 0
4070 3.103748349446868 2.730807742510603 0
4071 3.447641329135974 1.542276592339831 0
4072 3.471050796745982 1.562125634176749 0
4073 3.0752302996345 3.037714600015729 0
4074 3.049741843142456 2.990420231943033 0
4075 3.369817568147286 1.148239911775566 0
4076 3.195506750062596 0.7363967510220207 0
4077 3.213064477951961 0.7894187237043453 0
4078 2.966635350217285 2.567862760906271 0
4079 2.946970311172353 3.222873388859059 0
4080 2.980489279181876 3.17569305369675 0
4081 3.053316556956426 2.815549759832184 0
4082 3.077572978689185 2.858221206267593 0
4083 3.184485978005378 3.044045083570925 0
4084 4.904668939703048 0.4845604449663533 0
4085 5.01468023393169 2.684769082181052 0
4086 5.116155903544037 2.699916943891825 0
4087 3.247635670970607 1.806603259223544 0
4088 3.259771578455643 1.834200516458702 0
4089 3.228505852481903 1.833614022044038 0
4090 2.9412688959444 0.8813521180433737 0
4091 2.907634484102415 0.9217939941002533 0
4092 3.049872191302976 2.508248070647908 0
4093 3.091807623060499 2.508534325155717 0
4094 4.259725835779304 3.331152140084948 0
4095 2.919684430423878 2.648551524107088 0
4096 2.942441302137339 2.610322008138577 0
4097 5.166109951236441 3.549541348890791 0
4098 5.056124006908479 3.461832041059371 0
4099 3.209962991131074 1.724361121948654 0
4100 3.239938326702958 1.726108316017902 0
4101 3.221852275117881 1.75201868577357 0
4102 3.799544130905971 0.9152626335707553 0
4103 3.853616552284033 0.9272079948521834 0
4104 2.883013005594242 1.544361360512018 0
4105 2.924095045600663 1.549942052272276 0
4106 3.43438900358316 1.405668884700617 0
4107 3.467104043216702 1.408385047382341 0
4108 3.012784828704495 1.493628351135602 0
4109 3.05103219959387 1.49967790701723 0
4110 3.027723168682249 1.529895458118539 0
4111 3.407026224845935 2.302751810505327 0
4112 3.434738604720801 2.304881521049831 0
4113 3.289108368378431 1.067558527772242 0
4114 3.335680568504441 1.073296403285219 0
4115 3.574879724600466 2.654486863572021 0
4116 2.474655982087001 1.793974042885983 0
4117 3.325242663548451 2.21608637460564 0
4118 3.316890345101359 2.188866129314399 0
4119 3.377029384894493 2.228681282089511 0
4120 3.393476194566142 2.208676669512843 0
4121 3.295361851406898 3.04940396170136 0
4122 4.728749573657499 0.6928634752595396 0
4123 4.734216862829407 0.8002221097873502 0
4124 2.999531123138235 2.986792789696127 0
4125 3.237048991224126 3.308424245397944 0
4126 3.280478159293398 3.250507679549167 0
4127 2.562814606981627 2.015462038899956 0
4128 2.605009764514742 2.014739887794599 0
4129 2.58206704153405 2.049552029681844 0
4130 3.224954103976163 0.8431807569194054 0
4131 3.235211106599699 0.8914415462812768 0
4132 3.184231629316953 0.8791051528031462 0
4133 4.375813262606494 3.151492830969422 0
4134 4.35141634558153 3.239852665085084 0
4135 3.21278646229727 1.095235771808561 0
4136 3.232099476978418 1.138140096453597 0
4137 3.040929803018758 1.567320985889802 0
4138 3.074873934516267 1.575345004339605 0
4139 5.206189295391816 3.649104077926698 0
4140 5.065102317085047 3.661313505696637 0
4141 2.782605868547409 2.89623104117692 0
4142 2.803604804198349 2.851059041964162 0
4143 2.827578784299061 2.894408532318107 0
4144 2.934485445477111 1.480578976509677 0
4145 2.974847374964311 1.486248374332192 0
4146 2.949113868305674 1.518176504414396 0
4147 2.080605272049451 1.700109035667468 0
4148 2.127096150922424 1.680421674887483 0
4149 2.125720268304349 1.73009800311126 0
4150 3.40517606762061 2.761237657577984 0
4151 3.618873747467225 3.198450733836748 0
4152 3.555389177530373 3.206132308139006 0
4153 2.174811061047937 1.489783969171584 0
4154 2.125880659232098 1.486461491097098 0
4155 3.252024744619855 1.672907612337331 0
4156 3.258394638822677 1.70210848852061 0
4157 4.063354246636832 2.691985146431985 0
4158 4.781730456936574 1.757288578716456 0
4159 4.847629094889804 1.731872837121723 0
4160 3.08451981026271 1.502542064035204 0
4161 3.102351653707839 1.542818237604741 0
4162 3.10407219913722 1.404177079830208 0
4163 2.97828145868236 1.800247186412896 0
4164 3.535811189590843 1.032159635665973 0
4165 3.577363604274954 1.043721353536045 0
4166 2.842508940467466 2.346782728357525 0
4167 2.881186302967891 2.348387504603282 0
4168 5.10949675287843 1.610774454302429 0
4169 5.055115466866818 1.552217215853323 0
4170 3.309242270071805 2.160073682636748 0
4171 3.173470083257236 1.776448936903818 0
4172 3.204123442271432 1.778144128256601 0
4173 2.938366106583363 2.767339359814212 0
4174 2.91652501418453 2.726203616949214 0
4175 3.323627809595084 2.525967074317244 0
4176 3.303381555517864 2.499273446776571 0
4177 3.339148947062349 2.495997199597586 0
4178 3.65413865424488 2.716657175747239 0
4179 2.244961512306465 2.786328090269108 0
4180 2.200228968128711 2.81190239683564 0
4181 4.173576365495732 1.215143755990718 0
4182 4.21353989858962 1.224891010960058 0
4183 2.088006395636623 2.493991269422265 0
4184 2.130166914603093 2.468979884167842 0
4185 2.128118293627266 2.526105381724098 0
4186 3.212565917279228 2.272994518088947 0
4187 3.244236410598099 2.276501179688683 0
4188 5.377711660855569 1.934657713010607 0
4189 5.46140865189972 1.985523956550138 0
4190 5.393371969919015 2.06085271043279 0
4191 3.785390161844474 2.824696199916306 0
4192 3.825965142468041 2.824267506036419 0
4193 2.879939347896626 3.320581552110057 0
4194 2.913912804786678 3.271577332451435 0
4195 2.897649346705669 2.38233774991363 0
4196 2.914524959123271 2.418046978568134 0
4197 2.877886854998288 2.418808735419235 0
4198 2.696950540777546 1.728951078711977 0
4199 2.652247670578625 1.728337087240956 0
4200 5.853292469240308 1.854104897124681 0
4201 5.83022444834015 1.990138056517845 0
4202 5.683516917580458 1.84424295364775 0
4203 5.062186930386015 1.082771575202393 0
4204 5.098846293747585 1.200979007864611 0
4205 2.87800141507581 2.569936757443227 0
4206 2.92272488163433 2.566534263509783 0
4207 3.336009402673461 2.244111741917284 0
4208 3.369908162781939 2.690293204548736 0
4209 3.947116509833569 1.337078791024771 0
4210 3.94817520027443 1.362981053450032 0
4211 3.248499687454387 1.176687668959519 0
4212 3.263073043685787 1.215665019761039 0
4213 2.917824407092874 2.347625747752182 0
4214 2.951171819032848 2.344914914084494 0
4215 3.865251870900331 2.823344723976866 0
4216 3.90430561979601 2.822089024221332 0
4217 2.541818579949767 2.127311903408765 0
4218 2.512390948202579 2.164872655644271 0
4219 2.798354965719491 2.416606885509893 0
4220 2.820269668981541 2.381294063898184 0
4221 2.839096539318636 2.41841232837644 0
4222 5.273260292011591 0.7875057321809802 0
4223 5.130049426444902 0.732871993857424 0
4224 2.039614694715688 1.724892681943427 0
4225 2.040990577333763 1.67521635371965 0
4226 2.956520524544219 2.894034087201596 0
4227 4.048867654351811 1.302070912513775 0
4228 4.01734501890936 1.289052433098313 0
4229 2.045027508306225 2.468432885931029 0
4230 2.042978887330398 2.525558383487286 0
4231 3.195342003786505 1.052188661570589 0
4232 3.242499436155304 1.059667920448994 0
4233 2.040154720119213 1.373021974075527 0
4234 2.048824695045028 1.425652437738608 0
4235 3.383107952282495 2.793979149672386 0
4236 3.397600436671159 2.836846021411262 0
4237 3.357536324359768 2.832610565020707 0
4238 2.296947876676782 3.717625507965116 0
4239 2.448168154684204 1.203126649827135 0
4240 2.479510547365725 1.165089535303698 0
4241 3.908331871650389 0.9417843462082425 0
4242 3.960410723885539 0.9655235634458752 0
4243 3.417907039744463 2.876153403207941 0
4244 2.040154720119213 1.323021974075673 0
4245 2.03961276311272 1.274596743471976 0
4246 2.079767483231933 1.297618717550875 0
4247 2.828882477537752 1.937335903796206 0
4248 2.86305140107389 1.938130688344429 0
4249 2.842611871114045 1.969785728832941 0
4250 3.355387146762975 3.426003007474137 0
4251 3.285776802492545 3.428381989342501 0
4252 2.959498733069998 3.737091930962722 0
4253 3.438971876466879 0.7906151816761304 0
4254 3.47081948300339 0.83764972990872 0
4255 3.409737268409598 0.8344897369327625 0
4256 3.616215006818848 2.833330089338504 0
4257 3.659789541819781 2.825691310701823 0
4258 2.043301270189336 2.824999999996906 0
4259 2.042978887330399 2.774441616505604 0
4260 2.086280157519735 2.79944161650567 0
4261 5.644319522953514 3.540595265975067 0
4262 5.644142310579946 0.4593995324193862 0
4263 3.016891488344289 1.266302771355104 0
4264 2.366787648448629 0.7069211708626945 0
4265 2.650099902656786 1.549925069902181 0
4266 2.66671282367161 1.588915974826011 0
4267 2.624386689165521 1.584111631738106 0
4268 4.058299359036999 3.551669073400708 0
4269 2.126462687050879 2.821526002299704 0
4270 3.210087161823675 1.859726211761506 0
4271 5.331974937001522 3.900428360165678 0
4272 5.506410843892736 3.900428360165678 0
4273 5.505497846796644 0.0993387589999602 0
4274 5.331061939904682 0.0993387589999602 0
4275 2.166423574892034 1.655167987592771 0
4276 2.20335864837174 1.61577166784686 0
4277 3.565631931591313 1.522449970792378 0
4278 2.895962217208214 2.685280498541662 0
4279 2.87480862033872 2.645722485176663 0
4280 3.701772989743116 2.82258258842766 0
4281 3.743518077527241 2.825975728760205 0
4282 2.041539390133564 0.9778000128611301 0
4283 2.082790587531702 1.003362653402094 0
4284 2.041251197398138 1.025562640538612 0
4285 3.94404397079323 2.822401940313092 0
4286 3.98372297224227 2.814136220946426 0
4287 2.64799741735763 3.305850363104616 0
4288 2.678023225865897 3.259639239279394 0
4289 4.755204912638113 1.421138117758819 0
4290 2.522901517215177 3.06484809123333 0
4291 2.467296905434483 3.061876360976454 0
4292 2.498105578996467 3.01914158229468 0
4293 4.901579379367128 0.3456744703774315 0
4294 2.690643393423443 1.235331903434407 0
4295 2.64500544096386 1.228794042225394 0
4296 2.720123250697167 3.795477439029235 0
4297 4.745558079454202 2.49854058049393 0
4298 4.69601539939309 2.476469043851372 0
4299 2.813121724856199 1.042014260192586 0
4300 2.781037508468041 1.0831564242927 0
4301 3.661759061161856 2.633440914899498 0
4302 3.691849908277719 2.626849198487157 0
4303 2.353460289016674 0.5624699076603952 0
4304 2.299262609316657 0.5539518559104535 0
4305 4.885153882201228 1.698961825855366 0
4306 4.921082676292132 1.621582670130165 0
4307 2.661477352888306 2.938626375815019 0
4308 2.638758289474164 2.893556757979333 0
4309 2.68795114645099 2.895398465649672 0
4310 2.365387497476028 3.625803565021976 0
4311 2.343060330728418 3.573572380753657 0
4312 2.498601689075236 0.5337717208026767 0
4313 2.521094043073856 0.5854158352806624 0
4314 4.14048123205947 0.6680002978189437 0
4315 4.053434445801481 0.6376293471926138 0
4316 2.801767366868321 2.344977285490979 0
4317 3.274624552229515 1.252361611647985 0
4318 2.773249690351735 0.9476478499847999 0
4319 2.792857416771855 0.9951249268973846 0
4320 2.741829445350801 0.987521641408881 0
4321 3.284791303972655 0.9009254076950706 0
4322 3.244068829313445 0.9368498035788113 0
4323 2.770604138136882 2.202341849482282 0
4324 2.791212624875438 2.169410055802673 0
4325 2.808540786346319 2.205196569371245 0
4326 3.119747466694659 2.104931805486001 0
4327 3.13593528816284 2.077633305762856 0
4328 3.149726869798939 2.106654986313032 0
4329 4.881745397527803 2.475076310468909 0
4330 4.915007242283415 2.410953861688593 0
4331 2.805969468981004 2.274297156500587 0
4332 2.825479550024453 2.240736801847939 0
4333 2.168588839602559 2.550271710127155 0
4334 2.126428320636089 2.575283095381578 0
4335 2.216625117527084 2.53167341372247 0
4336 2.214935144535907 2.58085112737995 0
4337 2.855121116832191 2.605867449312921 0
4338 2.834591698353617 2.56681069601406 0
4339 2.781331768863436 2.067178165887477 0
4340 2.803323750642448 2.035287209765917 0
4341 2.817906437179571 2.069029970585697 0
4342 2.566205868241522 2.090971933632813 0
4343 2.608401025774637 2.090249782527455 0
4344 2.763079720637263 3.313179702296788 0
4345 2.736413815216532 3.262077659160088 0
4346 2.326404217616408 2.378834533531085 0
4347 2.278603924571407 2.384501157683775 0
4348 3.069581470284956 1.466274957052267 0
4349 2.837326916326909 2.492302577066258 0
4350 2.855972151736237 2.454121557030944 0
4351 2.824170683268245 2.003064979374427 0
4352 2.858339606804383 2.003859763922651 0
4353 3.294238062334096 0.7040280920564168 0
4354 3.357105728665386 0.7237591444227953 0
4355 3.493175062515943 3.205567676843491 0
4356 3.43383710058215 3.205194698422464 0
4357 3.126426233440669 1.994101314257524 0
4358 3.141213700181969 1.966553246127604 0
4359 2.252054238631738 3.134049523534724 0
4360 2.635879427160144 2.333907176626704 0
4361 2.590720364326093 2.328647330149477 0
4362 2.617066790261294 2.294917379348887 0
4363 3.234098777843316 1.779891322325849 0
4364 3.287149881498881 2.470090801318865 0
4365 3.272462904307116 2.443774403423679 0
4366 2.615571550608206 1.657904936744951 0
4367 2.6332714031328 1.693946258063317 0
4368 2.333580093146873 0.7479902345566174 0
4369 2.121687541459006 0.9831158041784367 0
4370 2.121399348723581 1.030878431855919 0
4371 2.998156405875932 1.456030823230883 0
4372 2.846088036763009 2.207805008168331 0
4373 2.547559869649078 0.0565478927955777 0
4374 2.733372413550183 0.850919109124421 0
4375 2.753973579856333 0.8992026504791373 0
4376 3.557641771064705 2.600419864098797 0
4377 2.710444633459829 1.027498389041813 0
4378 2.728199793568322 1.073614825206847 0
4379 2.462292660201967 3.15162990193458 0
4380 2.409462394285226 3.151213980120474 0
4381 2.439262577736452 3.107166948100998 0
4382 3.019246827811922 2.450606681201668 0
4383 2.837535643111322 0.8659665130900347 0
4384 2.856811753606725 0.9144117125956972 0
4385 2.805001551277387 0.906805935967641 0
4386 2.898730900094207 2.244664367081667 0
4387 3.03771400635665 2.476852183024743 0
4388 3.049877353621619 2.446929298573835 0
4389 2.510460574443818 3.248699256827433 0
4390 2.456010449131645 3.244900582437312 0
4391 2.486942602062915 3.199475608344177 0
4392 2.913615456323229 2.80660385127473 0
4393 2.08577305800298 2.699173341083774 0
4394 2.125756743320116 2.673104201533686 0
4395 2.566319438323556 1.94353827135191 0
4396 2.587574647803168 1.905280765212887 0
4397 2.60701253944193 1.942392390873689 0
4398 2.516742785514141 3.155428576324701 0
4399 3.336013587403533 2.624322456836326 0
4400 2.70940034892168 3.212231322152645 0
4401 2.680724064064296 3.163308947933188 0
4402 2.565180400575692 0.917226896599188 0
4403 2.533027760471589 0.9567648235927954 0
4404 5.133023946048585 3.26373237482718 0
4405 5.276730564888178 3.208532697950569 0
4406 3.298954975980295 2.787971457156439 0
4407 3.324693369652221 2.754126541612859 0
4408 2.708881799059344 1.592303724075517 0
4409 2.3869198653033 0.5187386174765463 0
4410 2.45987211642182 1.120347317561391 0
4411 2.509728904225781 1.126950105368358 0
4412 3.478589462630046 0.7370035505686314 0
4413 3.417507248036254 0.7338435575926741 0
4414 2.917360112046169 1.054960442516309 0
4415 2.940598459361602 1.09812119975145 0
4416 2.793359236150215 1.934998313542668 0
4417 2.813798766110059 1.903343273054156 0
4418 2.905523912505612 3.372718339201711 0
4419 2.846707313722762 3.369010615398393 0
4420 2.520897585567863 2.012438538152667 0
4421 2.543840308548555 1.977626396265422 0
4422 2.738541005228607 1.244729421449289 0
4423 2.706386003744033 1.279363933904202 0
4424 3.751632484334384 1.419343211390443 0
4425 3.736316479471825 1.438741106020723 0
4426 3.728966217967624 1.407548313680705 0
4427 2.51548459570918 2.086614150563153 0
4428 3.548459971329002 1.39145575860522 0
4429 3.516279779501136 2.391467259656757 0
4430 2.672377710727075 3.356731456360919 0
4431 2.615338435923955 3.353096243178699 0
4432 2.711931985741773 2.851605199318481 0
4433 2.734651049155914 2.896674817154167 0
4434 4.829947638336559 0.8442643918110428 0
4435 2.472090221489946 2.083467814868233 0
4436 2.496477509781701 2.04712784509228 0
4437 3.485655537682975 1.383867415372314 0
4438 2.642711140851592 2.259914995182606 0
4439 2.384458198302417 3.430866817371311 0
4440 2.330465126352001 3.425637450132349 0
4441 3.443780673228472 1.012295519390721 0
4442 3.490544744231126 1.021801702142489 0
4443 2.628896940716577 0.8362578980000192 0
4444 2.597407680825663 0.8772209221091537 0
4445 3.321198364546507 3.098943584936568 0
4446 3.265387978640165 3.096628001457784 0
4447 2.414466639517741 3.061460439162348 0
4448 2.355360962087478 3.726837575683339 0
4449 2.320821918144051 3.771291855873133 0
4450 3.265364503817056 1.780477816740514 0
4451 2.604286666143284 3.023918477661047 0
4452 2.58299734334432 2.979448990348119 0
4453 2.633573818710443 2.981254155457608 0
4454 2.535243282033529 3.298169690421481 0
4455 3.791472978019189 0.0841671787325058 0
4456 3.784914347922329 0.1957926454728942 0
4457 2.844541969857133 1.002140468768505 0
4458 2.466466832411221 2.160038314660214 0
4459 2.487760473196373 2.201956849965379 0
4460 3.257101166048971 2.415205369757856 0
4461 3.241339853397254 2.386480444505835 0
4462 3.273767425949882 2.38794585101452 0
4463 2.542942791520777 0.6371585206816903 0
4464 2.56530593352243 0.6871588612925051 0
4465 2.814519936632231 2.528249269555363 0
4466 2.794374856361906 2.489671842477254 0
4467 2.758625029256626 2.940024307508112 0
4468 3.353169204242792 1.894769642622897 0
4469 3.373240964713965 1.898275284821792 0
4470 3.356092395340847 1.918690531873992 0
4471 3.865340605272872 2.668049735684976 0
4472 2.502296915749587 0.9964737782488975 0
4473 2.521913029805111 1.043343635809199 0
4474 2.470474359226351 1.035338030065749 0
4475 2.276212343915688 3.420022156763512 0
4476 2.222249272051923 3.415204613204164 0
4477 2.805597915692468 1.804165799768342 0
4478 2.828921599174739 1.774519530571667 0
4479 2.843460882649934 1.808680107896078 0
4480 2.558881288039826 3.348457206184867 0
4481 2.503166427518845 3.344411746683952 0
4482 2.788072734140174 3.364466018899469 0
4483 2.73002970566366 3.360771892889518 0
4484 2.77459521603328 2.133738131310483 0
4485 2.812531864242717 2.136592851199446 0
4486 2.545794654687468 3.110386220916786 0
4487 2.576603328249452 3.067651442235013 0
4488 2.309874111496364 0.4606890478467669 0
4489 2.277219071546521 0.5037963746057661 0
4490 2.255741975554548 0.4531352366561557 0
4491 3.30284681774356 2.132906386814027 0
4492 3.329203195539195 2.141690238782233 0
4493 2.624816319787344 1.976172000010098 0
4494 2.958745335404101 1.33554590351621 0
4495 2.970641358059723 1.378041019598768 0
4496 2.295623375378388 0.0500226596609066 0
4497 2.237235136025311 0.0500226596609066 0
4498 2.236362144210184 3.95697878907223 0
4499 2.294750383562929 3.95697878907223 0
4500 2.356641172469188 3.146597937562143 0
4501 2.304240183743227 3.138044787437045 0
4502 2.33403132309375 3.098197876161795 0
4503 2.581956230524125 1.579828239642576 0
4504 2.598569151538949 1.618819144566405 0
4505 2.532558017462169 0.4884302005367545 0
4506 2.476444851505196 0.4807855288907931 0
4507 2.181055658929622 1.298667925834583 0
4508 2.15675785173983 1.252858300230223 0
4509 3.148112528350896 2.730016894927557 0
4510 3.195270831420435 2.739643888461897 0
4511 2.544547214864803 0.8690442887032088 0
4512 2.971813453065152 3.275585332320998 0
4513 2.634744913745741 2.676219210710429 0
4514 2.614779170986381 2.634170358294133 0
4515 2.657843551188936 2.638186505679103 0
4516 2.420437852887888 0.4745936594629815 0
4517 2.364869195072925 0.4672052277828125 0
4518 2.542081784506422 1.089629037982282 0
4519 3.426129641801624 1.761631234250168 0
4520 4.072949701027657 1.32157762241787 0
4521 2.78759601495211 2.001213174676208 0
4522 2.302538190967329 0.7900171454400657 0
4523 2.280781261416724 0.7414904536352132 0
4524 2.193396548649082 3.460708348651563 0
4525 2.530097106445067 1.649209093000426 0
4526 2.573141091966811 1.653621544649422 0
4527 3.705092061953989 1.123306581200135 0
4528 3.687292957653886 1.075794450222546 0
4529 3.270283922809484 1.729766052345526 0
4530 2.500871036851914 2.318851108052731 0
4531 2.546152367749919 2.324354111056043 0
4532 2.085773058002979 2.60029010806585 0
4533 2.126243603978272 2.624456436468907 0
4534 3.303625668970562 2.560781267582218 0
4535 3.178598696669821 1.721721209643876 0
4536 3.196684748254898 1.695810839888208 0
4537 2.871649204099373 2.723374578018789 0
4538 5.148189453632392 2.603190255496881 0
4539 5.208131886226474 2.708565364374234 0
4540 4.783728193314585 3.397963536620261 0
4541 4.82622881933049 3.281749667674375 0
4542 2.57656360347913 0.5931590778496658 0
4543 4.925630753796554 3.535836060565613 0
4544 2.040895883217432 1.576998877590689 0
4545 2.081886460551195 1.602215231314585 0
4546 2.040990577333763 1.625216353719795 0
4547 3.226045683072793 2.357941761674832 0
4548 3.210303790839764 2.328926045420446 0
4549 3.242264221065136 2.330205209508113 0
4550 3.123365574288524 2.048943920264474 0
4551 2.040895883217432 1.526998877590835 0
4552 2.048824695045028 1.475652437738462 0
4553 2.08972057826246 1.502651315333105 0
4554 2.682766675687269 2.983095863127947 0
4555 2.042794170672581 2.624731724574746 0
4556 2.042978887330398 2.575558383487418 0
4557 2.461590711518125 2.237887017923179 0
4558 3.741412011298519 2.590015309216775 0
4559 3.715794034888225 2.612960985343667 0
4560 2.774970323389039 2.45158132336561 0
4561 2.756143453051945 2.414463058887354 0
4562 5.853292469240308 1.654104897125243 0
4563 2.042794170672581 2.674731724574878 0
4564 2.042978887330399 2.724441616505473 0
4565 5.683582409817319 2.110224983676291 0
4566 2.041639600639366 1.175005948348667 0
4567 2.081252363752085 1.199602691823724 0
4568 2.03961276311272 1.224596743472122 0
4569 2.679486383585844 2.337599142302413 0
4570 2.653139957650643 2.371329093103002 0
4571 2.422437715817281 2.157000630012989 0
4572 2.447068190823486 2.119916435691882 0
4573 3.347297152296498 2.123123130043477 0
4574 3.353692604624743 2.150290425866198 0
4575 2.041639600639366 1.125005948348813 0
4576 2.041251197398138 1.075562640538467 0
4577 2.082890798037504 1.100568588889923 0
4578 2.198827103142335 0.7747659182662677 0
4579 2.22389718874215 0.8232189740272285 0
4580 2.172984932647306 0.8144675277748348 0
4581 2.298206667563767 3.47063301957055 0
4582 2.989075085137736 1.833138962138782 0
4583 2.949269820563726 1.826009145590793 0
4584 2.209960085070113 2.479362849410109 0
4585 2.256306390003462 2.509942266662904 0
4586 2.400716103621772 1.196715134793633 0
4587 3.223395304915975 3.552996690375046 0
4588 2.914634200505962 1.818974835384378 0
4589 2.878788386517889 1.811933069801626 0
4590 3.593109759244528 2.633897698864932 0
4591 3.568309573659424 2.62495259441179 0
4592 3.215195862870796 1.669590400918118 0
4593 3.2391715647745 1.644047261062462 0
4594 3.778534228009875 3.270885110793705 0
4595 2.145583158794504 0.8575301318388592 0
4596 2.120513073194688 0.8090770760778984 0
4597 2.316695670947079 1.433310850175387 0
4598 2.364688078740434 1.440256237914942 0
4599 2.335003191816428 1.47646352282715 0
4600 4.016412576636007 0.9807422298891365 0
4601 4.073641055223423 0.9870064811678705 0
4602 5.371407612125841 2.164069255443293 0
4603 5.475574161053937 2.237923863759092 0
4604 3.827081064139746 2.644954641624586 0
4605 3.808076574141356 2.666561103814518 0
4606 3.684699184548294 0.8933983845509345 0
4607 3.742875401692177 0.9019959862630502 0
4608 2.044783302388763 2.275696888787462 0
4609 2.041434948922512 2.080097112367865 0
4610 2.039614694715688 1.774892681943281 0
4611 2.44150764859274 1.075289789336509 0
4612 2.411289291732684 1.113429219271849 0
4613 3.182979479587904 0.07033829354254972 0
4614 3.092520940254257 0.07033829354254972 0
4615 2.045027508306225 2.418432885930898 0
4616 2.343392099080952 0.4165440898332021 0
4617 2.583261581409271 3.39933829944117 0
4618 2.831398903616527 2.642596423747495 0
4619 3.099116961319631 3.087033550352701 0
4620 3.044926770443931 3.083746361449156 0
4621 3.678879905565222 0.0841671787325058 0
4622 2.799206361945093 1.869666029946686 0
4623 2.83472960333263 1.872003620200224 0
4624 2.427767101314963 1.790397168407962 0
4625 2.471630690064948 3.390092292125287 0
4626 2.447992684058651 3.339804776361901 0
4627 2.381817805246349 1.151957262838114 0
4628 2.352880149306357 1.190185650135016 0
4629 3.279066756134636 2.858465939431067 0
4630 3.258550801747124 1.61794359067644 0
4631 3.271675594858767 1.590676809683632 0
4632 3.289125239635202 1.620097691488868 0
4633 2.245130473374842 0.5463980447198422 0
4634 2.697370724229986 3.4080177729636 0
4635 3.655128630466316 1.184023586558633 0
4636 3.209502831338978 3.093435600582044 0
4637 3.1544373438438 3.090392305930393 0
4638 2.276517925990659 0.8315482047095049 0
4639 2.041539390133564 0.9278000128612758 0
4640 2.045043859791127 3.071078303603491 0
4641 2.524402416909792 1.94051477060462 0
4642 2.379671254934704 3.191060891395725 0
4643 3.649523822072548 3.264326944273692 0
4644 2.61133501729344 1.263493655186503 0
4645 4.220823834921885 1.305515289886993 0
4646 4.196887094009697 1.332430621103651 0
4647 3.915581958567858 3.274657508840924 0
4648 3.303121967716669 2.391094299349092 0
4649 3.132318193367333 1.883242085073714 0
4650 3.150061267581705 1.856395469348616 0
4651 3.161789489466039 1.885087759968914 0
4652 3.271663909867667 1.02451141753427 0
4653 2.196343625274439 0.44580613866006 0
4654 2.169484812354219 0.4938952097759928 0
4655 2.142741502023952 0.4434587850208979 0
4656 2.56734419612793 0.4424978593969462 0
4657 2.545472575254649 0.3886311182742641 0
4658 2.602415591490451 0.3956849690463393 0
4659 2.628102117748056 2.40550294272296 0
4660 2.671709074173756 2.409194908398669 0
4661 5.700660886864924 1.589322675973472 0
4662 2.783611924727654 2.30824095093082 0
4663 2.765574755354413 2.272072157481087 0
4664 3.612827877660547 3.581051234706927 0
4665 3.548984845728078 3.547266687268622 0
4666 2.477503211348629 2.009292202457746 0
4667 2.057941344551867 0.4957739280679628 0
4668 2.035599531597587 0.46166019745193 0
4669 2.093540876149453 0.4574341255207978 0
4670 4.131107266353719 1.000026389296487 0
4671 4.186882883032934 1.014648144878907 0
4672 3.141188675875099 1.774030543895435 0
4673 3.15959553216386 1.74785309869594 0
4674 3.413103266483565 1.695832049874758 0
4675 3.427989576977871 1.674148990686166 0
4676 3.43793073831425 1.695216404684808 0
4677 2.274664088007176 3.182449584935073 0
4678 2.428061104896006 2.080430130221008 0
4679 3.258139192145815 2.306487832499888 0
4680 2.28413286762226 1.347399865237731 0
4681 2.300790801610738 1.391064660118045 0
4682 2.421891534537215 1.028419931776207 0
4683 4.54559896966186 0.0820054882467075 0
4684 4.405455211474432 0.0820054882467075 0
4685 4.943148285794802 2.341702384298777 0
4686 4.967771905075171 2.273942209725806 0
4687 2.454394181274822 0.4292521391970594 0
4688 3.195054427730313 2.300511989940643 0
4689 3.181098016177434 2.272317014775862 0
4690 2.627179803615574 3.069456607344502 0
4691 3.087628219167758 1.439077400805847 0
4692 2.834183358520147 3.063871685525904 0
4693 2.877744650054568 3.023629394272336 0
4694 4.916074270347583 3.64561408589995 0
4695 2.76570997727871 0.8092282765013923 0
4696 2.713356950046908 0.801786649163835 0
4697 3.523665003747169 3.259640428776269 0
4698 2.660809593911265 0.7946388476759881 0
4699 2.608687148309462 0.7874192638891435 0
4700 3.870573528397682 1.24137412222449 0
4701 2.42570214871509 3.289504887324651 0
4702 2.226825335327459 0.732806718353743 0
4703 4.026830980170619 2.810478608976056 0
4704 4.068765159285657 2.814032239008318 0
4705 2.322825205320717 1.227297133906692 0
4706 2.293468326426892 1.2647123606127 0
4707 2.268445796859026 0.3596078086725026 0
4708 2.228998665224281 0.4026988119010608 0
4709 2.209047446578916 0.352278710676407 0
4710 2.791639638388614 2.564179961425055 0
4711 2.87510039226848 0.9626334169778596 0
4712 2.130441664703143 1.915996984037013 0
4713 2.119855878501016 1.86209212370676 0
4714 2.280224149676335 0.2602423427050736 0
4715 2.219593869508961 0.2556219567917944 0
4716 4.956153614502957 3.745176814935857 0
4717 5.02835411597156 3.880438117366272 0
4718 5.026050360419172 0.1184638509380748 0
4719 4.950674699471159 0.2444251155321651 0
4720 2.748036125659095 2.235467443383042 0
4721 2.730707964188213 2.199680929814471 0
4722 3.020771846165227 1.842554104935777 0
4723 2.991760208046593 1.868316064113674 0
4724 2.127290551916147 1.178304145112734 0
4725 2.125263714389501 1.227894940236189 0
4726 3.69303510026503 2.591918084723091 0
4727 2.813657298749159 3.416602805991123 0
4728 2.36345333741727 1.106899734613232 0
4729 2.738309475237132 1.732467179730881 0
4730 2.975009232282047 0.8396408964466374 0
4731 2.923086181778307 0.8318610681213546 0
4732 2.166412005953226 2.648097188849414 0
4733 2.271105914686733 1.427271945030253 0
4734 3.124773178240785 1.657722458572386 0
4735 5.18821213980889 0.1184638509380748 0
4736 5.190515895360643 3.880438117366272 0
4737 3.271628744031617 2.500060676038523 0
4738 3.288709385793914 1.563685317606075 0
4739 3.308159177037939 1.536825420540976 0
4740 3.100737666296782 2.472215456057557 0
4741 3.124200757190934 2.507574980816364 0
4742 4.621869052068435 0.115484020793797 0
4743 4.517444094824146 0.1974895090405045 0
4744 2.870080933110809 0.8241147333595245 0
4745 2.818270730781471 0.8165089567314683 0
4746 3.128061809307257 1.939079644307968 0
4747 3.157198306126378 1.939407977513647 0
4748 4.524216244523695 0.4898434681527999 0
4749 4.620826720822883 0.5338288597327119 0
4750 4.532305080464397 0.5963914827177268 0
4751 2.094915279746065 0.5279042592801858 0
4752 2.036973935194198 0.532130331211318 0
4753 3.675853117428629 3.602969103330367 0
4754 2.757709612191772 2.098072956736743 0
4755 2.743126925654649 2.064330195916964 0
4756 4.542305242955534 1.5322633695456 0
4757 4.498656209019606 1.520953434773692 0
4758 2.402184176334186 3.240281238841396 0
4759 2.349362954518148 3.235665196283064 0
4760 2.594552156530732 2.889626106694191 0
4761 3.326520563946588 2.819806038343646 0
4762 3.28243169995578 2.818033802218253 0
4763 2.475863724381174 2.355254606254163 0
4764 2.456337753160494 2.315055025066469 0
4765 2.303926906945295 1.182539261951174 0
4766 3.166103731869812 2.244090962454464 0
4767 3.149754304989967 2.216621571504024 0
4768 4.422552946280775 0.8010863909769053 0
4769 4.441891896808386 0.8942198718481008 0
4770 2.435325956686932 2.965079110437871 0
4771 2.481266694580078 2.974773810572533 0
4772 2.321450840670218 0.3654768686713469 0
4773 2.301499622024853 0.315056767446693 0
4774 2.610422624298043 2.717262453090838 0
4775 3.571651069088718 1.320430051630582 0
4776 3.535919592266868 1.314410287050875 0
4777 3.376274130763081 1.282921566209216 0
4778 3.134318204724285 2.188493630675874 0
4779 3.118132402906336 2.160539993182321 0
4780 3.149724850148708 2.16190712352973 0
4781 2.565769999401985 1.540317802023659 0
4782 2.539952461775413 1.575025314851958 0
4783 2.893543223531326 1.474115058170094 0
4784 2.919276730189964 1.44218692808789 0
4785 2.296165796466625 3.231079912945623 0
4786 2.75216334369436 2.487528015854714 0
4787 3.737980985793722 2.563746933677467 0
4788 3.762413770216705 2.575732371314641 0
4789 3.715705395225746 2.552857060988909 0
4790 3.275853273911806 2.281799518934843 0
4791 3.30473578802241 2.28835581519659 0
4792 2.514835640867815 2.434349843124918 0
4793 2.495501907178389 2.395120940642003 0
4794 2.539730741762019 2.398279591723339 0
4795 3.326445074952038 1.5099817497119 0
4796 3.345520055025746 1.483048455617741 0
4797 2.191628090794524 0.5376211826597692 0
4798 2.882367828879469 1.90814243554194 0
4799 2.896097222455762 1.940592260578676 0
4800 2.86870994672794 2.891340879757897 0
4801 2.847711011077 2.936512878970655 0
4802 3.280943234485326 1.996639397851428 0
4803 3.276849433460922 1.96936407528961 0
4804 2.733637846273917 2.985452744558812 0
4805 2.781592665665412 2.985008968581566 0
4806 3.36547603564813 1.040271588631801 0
4807 3.17708213467015 0.6799312924345691 0
4808 3.23372971381806 0.6915276253799643 0
4809 3.213829434519238 2.049713862229856 0
4810 3.348723902105669 3.148740612028583 0
4811 2.10115344558537 3.453199485549983 0
4812 2.074268639125725 3.403120529294115 0
4813 2.564965004648768 2.363343908333859 0
4814 2.584298738338194 2.402572810816774 0
4815 2.358251624443277 3.944978083748794 0
4816 2.046555649670943 0.8760698400699315 0
4817 2.088095039804507 0.9038698529332672 0
4818 3.367253280725392 2.105944795857649 0
4819 3.342763871639844 2.097344608773684 0
4820 4.110605126429443 2.811802016999794 0
4821 4.152771775243705 2.802797632588701 0
4822 2.291240500490922 2.474813435240708 0
4823 4.010478403206732 0.4799015599355522 0
4824 4.095302630421115 0.5031751923187091 0
4825 4.029528889863598 0.5696690537418195 0
4826 3.801107557981183 1.223361051875762 0
4827 3.342335731589399 2.465161647015091 0
4828 3.036842195789945 3.179973350257375 0
4829 3.012460515520994 3.128785015225502 0
4830 3.10247456774805 2.132102815573436 0
4831 3.088682986111951 2.10308113502326 0
4832 2.439976830710214 3.436083592862371 0
4833 2.407978082407877 3.481465088430447 0
4834 2.522479786433085 0.8209998510518912 0
4835 3.436550353294647 2.261236646913258 0
4836 3.412160093924196 2.257760289285252 0
4837 3.426145744397814 2.237540896619593 0
4838 2.353890636177219 0.05363472583819571 0
4839 3.288190361747477 2.051519176107921 0
4840 3.284418889839461 2.024153680548406 0
4841 2.121308578637136 1.62517902014898 0
4842 3.729720086099483 1.203763151822329 0
4843 2.174016842054702 0.2510281030675728 0
4844 2.121716815576514 0.2749251823464905 0
4845 2.436720732391517 2.275025403605811 0
4846 2.416966378278408 2.234260894663954 0
4847 3.124133814653231 3.136424067363819 0
4848 2.772758860205543 1.969452447194379 0
4849 2.757675148777851 1.935459816452329 0
4850 3.607094922307465 2.615289195048503 0
4851 3.613665073248507 2.644823464208734 0
4852 3.240035331754489 2.442308996914994 0
4853 3.389984889630241 2.115240035408445 0
4854 3.385451608973588 2.089461514138651 0
4855 2.513692491567698 1.609720907219977 0
4856 2.487650905115211 1.644394247749527 0
4857 3.396992005769516 2.278588546885628 0
4858 3.386587396872682 2.254892796591962 0
4859 2.266481103413638 1.303994810118233 0
4860 2.237549281141769 1.341620699853415 0
4861 3.048208102595813 1.70753608675859 0
4862 3.086680905873702 3.934457518569301 0
4863 3.177139445207955 3.934457518569301 0
4864 3.394338807054825 1.863531551529899 0
4865 3.377365175273771 1.845416156365185 0
4866 3.401386208712686 1.834593312324386 0
4867 4.092661732687298 2.849691463337304 0
4868 4.119772741647573 2.891513920951827 0
4869 4.077932774503786 2.893744142960352 0
4870 2.783295512047566 1.670800422833612 0
4871 2.76640570045112 1.634630749745849 0
4872 3.447680088748235 1.715665513655623 0
4873 3.462566399242541 1.69398245446703 0
4874 3.137826599225737 1.828588088278364 0
4875 2.554487005116792 0.7792271367737456 0
4876 2.075356811317229 2.300696888787527 0
4877 2.374117290778907 1.023398265764952 0
4878 4.720626988534218 2.108195823002877 0
4879 4.727684348920731 2.141057558079736 0
4880 3.275813446941649 0.6475626334689651 0
4881 3.110064891154094 2.021226276699262 0
4882 3.095715861076274 1.993349875363663 0
4883 2.795461202097737 0.476901547537402 0
4884 2.811184169661189 0.5314046726922185 0
4885 2.755868399055871 0.5220140865505831 0
4886 2.422238071368174 3.630833259767748 0
4887 2.388337494512355 3.678200922521094 0
4888 3.364185331968443 1.455894605751367 0
4889 3.382351899547334 1.42899390441297 0
4890 2.693147157639793 0.7529480150529593 0
4891 2.61627048922563 0.05585137751010806 0
4892 2.76137265324173 2.342752286471479 0
4893 2.210921023317338 3.511514572357493 0
4894 2.160363686838965 3.507205194807343 0
4895 3.351968995793007 1.852457153104063 0
4896 3.626982778694425 1.100335251322065 0
4897 3.611099777165226 1.058449577996156 0
4898 3.648770355280655 1.068507875668459 0
4899 2.970915721086985 2.124407592625661 0
4900 2.994817143971303 2.095139824503306 0
4901 2.895364700352823 1.009522750273061 0
4902 3.395073200853628 2.139507304486419 0
4903 3.401778372215065 2.165290045939748 0
4904 3.378491732743483 2.157506058580771 0
4905 3.209379423171882 2.385201280418167 0
4906 2.832171322262256 2.101983766942094 0
4907 2.841920251329682 1.538333256790873 0
4908 2.867659184553914 1.506479002870735 0
4909 3.235339344478587 3.142975223817252 0
4910 2.241260488872405 1.46373398335865 0
4911 2.256882499089965 1.504772345191407 0
4912 2.211132203939295 1.498988193462462 0
4913 4.737206137855364 2.669490326040976 0
4914 2.855464703035619 1.841579338998302 0
4915 2.870057107200585 1.875256582105772 0
4916 3.015070099758629 2.068428764328226 0
4917 3.025333691601318 2.100269202789654 0
4918 2.536871306360772 2.97774554082941 0
4919 2.783580235192501 1.834535666333883 0
4920 2.769040951717305 1.800375089009472 0
4921 4.768916287801947 1.54323455263693 0
4922 3.488975303981817 1.650345064424437 0
4923 3.47525858120422 1.672682224884797 0
4924 3.466533771586154 1.651196185035855 0
4925 2.397311502997538 2.193980030763787 0
4926 2.377912861409803 2.153858151795454 0
4927 3.272809126435794 1.940847959468576 0
4928 4.380842185046637 0.6824127559527586 0
4929 4.388783026049524 0.747472698817145 0
4930 4.303275624488144 0.7043915385243067 0
4931 2.585468574388305 1.760706713198283 0
4932 2.608412446072229 1.797234324628163 0
4933 3.447440225893102 2.283512237413305 0
4934 3.459614127792873 2.306937718884218 0
4935 2.970513557707857 3.030539762772518 0
4936 2.949004572087293 2.982905141356462 0
4937 2.52552366150259 2.629378568515142 0
4938 2.570837875652682 2.631593608674013 0
4939 2.546366319393095 2.669988023166589 0
4940 2.971582032040646 1.259619193173789 0
4941 3.001553819789975 1.224465292398866 0
4942 3.566973946882189 1.54828550613932 0
4943 3.592289042612337 1.532730117440318 0
4944 3.596528300314223 2.871456719656603 0
4945 2.58639965831148 0.7376080864497145 0
4946 2.823313517257266 1.674530048290612 0
4947 2.848568486529985 1.643816491552545 0
4948 2.275970182054426 2.945031501812984 0
4949 2.226742468728469 2.943716195086565 0
4950 2.450968623486969 2.391324857655741 0
4951 3.382384652124221 2.064856940837309 0
4952 3.379282058829407 2.038553306743273 0
4953 3.549441245139032 1.565818207812167 0
4954 3.534167394405244 1.58921334548464 0
4955 2.460643663385815 1.678677176945314 0
4956 2.434603802671386 1.714194963094725 0
4957 2.725678581405744 2.269411237813276 0
4958 2.798255267278197 0.767376496770882 0
4959 3.17883588973797 2.328248542107362 0
4960 3.426129896910917 3.312878632120378 0
4961 3.399948720709759 3.257341048139964 0
4962 2.332402958070751 2.781261156887289 0
4963 2.281979839833999 2.782101931364194 0
4964 2.306211040315346 2.741062616992467 0
4965 3.033185420101832 3.60691306483857 0
4966 2.990974680621305 3.572086556964699 0
4967 5.50782390180264 3.753466083067373 0
4968 5.506733692332233 0.2462958344931686 0
4969 3.377163880382445 1.984151934178797 0
4970 3.378257406739555 2.013779503199892 0
4971 4.600958084268896 2.355677143543784 0
4972 4.641620321746055 2.349549707904002 0
4973 4.627680522771285 2.377327615795818 0
4974 2.759717008393044 1.526477500292054 0
4975 2.734017708114938 1.559689824668927 0
4976 2.718125337440981 1.521517088613213 0
4977 3.884341303061248 2.610226985181301 0
4978 3.860074033920956 2.605138673919368 0
4979 2.499786467934333 1.903665122163258 0
4980 3.48600393989455 2.35143541427632 0
4981 3.472306309659904 2.328237948434412 0
4982 2.412211535979624 3.731867270429111 0
4983 3.842338656857365 0.4411408756891628 0
4984 3.924414147510285 0.4648750580529728 0
4985 3.862629171996295 0.5226612389948526 0
4986 2.046555649670943 0.8260698400700772 0
4987 2.110698258895403 1.773604687758701 0
4988 2.411713419920777 2.311428901807244 0
4989 2.376445924246779 0.3719930486073925 0
4990 3.319106547892908 1.610356260218056 0
4991 2.387262280751161 2.61997943668063 0
4992 2.361715638694992 2.659604682248876 0
4993 3.146317289287684 1.719302816635493 0
4994 2.288223994834311 1.137662020751401 0
4995 3.417132569938595 2.214442110068164 0
4996 3.408853279477374 2.18905424058942 0
4997 2.915302673195652 1.32858442562219 0
4998 2.943477038386511 1.294495194236007 0
4999 2.736390372824493 2.13089016133997 0
5000 2.969247587344872 1.893376272088006 0
5001 2.475073650836013 2.706235318061354 0
5002 2.519804421556058 2.709444326945494 0
5003 2.493825967149068 2.74790666199913 0
5004 3.486771803686329 0.1742157533601255 0
5005 2.56511863570615 2.711659367104365 0
5006 3.210478580814524 2.779712588238738 0
5007 3.109269549224728 0.5076387858353454 0
5008 3.144366904670057 0.453616301389278 0
5009 3.028447269955755 1.189591209699787 0
5010 3.057474457282986 1.15433539051412 0
5011 3.154501699890041 0.3343204334692453 0
5012 2.382592896610376 2.70138813865559 0
5013 2.335756900636713 2.698438386108849 0
5014 2.70901960475957 2.485032707509579 0
5015 2.665975816534409 2.481998338147358 0
5016 2.689715022496332 2.446403127380849 0
5017 3.503383094728533 1.630165698011155 0
5018 3.495009814378671 1.60682732970591 0
5019 3.518142414743452 1.60813400314157 0
5020 4.377373251307461 1.330250430994697 0
5021 4.381492400878534 1.29274556608409 0
5022 2.407842266554884 1.749470138048224 0
5023 2.383633569306125 1.784949300627388 0
5024 2.497506260445558 1.570210469601059 0
5025 2.791541609506713 1.602016850339259 0
5026 2.750473470011407 1.597264135754357 0
5027 2.815105913392689 1.739840927347203 0
5028 2.225355619536063 1.421487793301309 0
5029 2.925427826961338 1.851866611110264 0
5030 4.30950315192036 3.394466470464267 0
5031 2.58950103369797 0.4954840513088297 0
5032 2.110966510136719 3.496201273870521 0
5033 4.48540266901542 1.552051722370565 0
5034 3.771043794320684 1.426486259416606 0
5035 2.215721106106183 2.182999550253095 0
5036 2.231093521344052 2.224643853874168 0
5037 2.73813750472937 2.377254839905174 0
5038 2.719982062588703 2.340518505345016 0
5039 4.246814852586336 1.026443206733048 0
5040 4.304484009858328 1.050703119259772 0
5041 2.306448792827798 1.891278793295952 0
5042 2.280473942760263 1.930599637457401 0
5043 2.963376830184764 3.376300528744843 0
5044 2.930144796010899 3.424729592033178 0
5045 2.356722063939625 1.820516132467452 0
5046 2.333177380390141 1.855298641207892 0
5047 4.833572147564357 2.130002502651121 0
5048 4.897903054157352 2.160495495024134 0
5049 2.434185007594354 2.624300008346076 0
5050 2.41289565367686 2.581725010231088 0
5051 2.751911927579746 2.001674677585869 0
5052 2.333229193487528 0.2661114027039178 0
5053 2.347023643979246 1.063240476522136 0
5054 2.32821611085455 1.018267051240121 0
5055 2.903821269448455 0.7824035117627882 0
5056 3.368084843372055 2.321053746020614 0
5057 3.382261927562527 2.346738329195002 0
5058 3.358859024063743 2.34374449378388 0
5059 3.086022588144163 1.117283752296367 0
5060 3.11637827773436 1.080843392657022 0
5061 3.183831568409544 1.666950488613339 0
5062 2.681440428343786 2.597542478525646 0
5063 2.701406171103146 2.639591330941942 0
5064 3.401085338373772 1.401188529016141 0
5065 3.419841631416841 1.375414288216009 0
5066 3.57041918155468 2.446736129697634 0
5067 3.589213345656986 2.465832605736546 0
5068 3.566001470958678 2.47113438974058 0
5069 2.849245681422696 2.765191081272641 0
5070 2.828682884446379 2.724267962865089 0
5071 3.277230355373329 1.755089307725045 0
5072 3.290767248500619 1.78180124462274 0
5073 2.705734312096054 3.028080524201402 0
5074 4.040864427340233 2.624483999685995 0
5075 4.016090623580416 2.625508651793782 0
5076 2.6195060767151 0.6953509884079031 0
5077 2.372441523870931 2.23111841644642 0
5078 2.622526711483817 2.479609088871346 0
5079 2.578723332073955 2.476678956965159 0
5080 2.602867854861307 2.44043862611244 0
5081 2.779825741233538 0.4199804651626157 0
5082 2.835141511838857 0.429371051304251 0
5083 2.428823415548838 2.703626043955303 0
5084 2.40286467749056 2.742459747815277 0
5085 2.317552157492912 1.101768520088402 0
5086 2.201260557326216 0.9894444815283734 0
5087 2.15814077978786 0.970537131178446 0
5088 3.148592242320898 2.271608434306161 0
5089 2.99847046511618 0.5075233758110839 0
5090 2.955098676944074 0.459627634793436 0
5091 2.182340437374221 0.04043232631159768 0
5092 2.18234043737329 3.959567673688465 0
5093 2.209222264765989 3.916546462760695 0
5094 4.062142839730141 1.377287316831896 0
5095 4.086747413174754 1.380354273729821 0
5096 2.375873762165964 3.527342107604009 0
5097 2.319646018562534 3.522478586089036 0
5098 2.609119758481892 1.727098166005607 0
5099 2.33516209289119 2.151962167273289 0
5100 2.360288305710933 2.114982766522492 0
5101 3.520148562611194 0.9868078198988435 0
5102 2.285333782399962 2.699279160585754 0
5103 2.676175138110536 1.515663907578442 0
5104 2.633849003604447 1.510859564490537 0
5105 2.271794301396288 1.094002762660305 0
5106 2.431531515101202 2.007012900301134 0
5107 2.455951590887365 1.97232359336152 0
5108 3.270432860192122 3.669352603206296 0
5109 3.232443805958759 3.726900952804259 0
5110 4.195484647598963 2.800237510456735 0
5111 4.240390084299227 2.804267945767612 0
5112 2.326537758773433 2.863092107780713 0
5113 2.301011890712242 2.903308781730568 0
5114 2.282645889528213 2.86251714520887 0
5115 4.550442429096748 2.916761464142752 0
5116 4.512845237306172 2.977201122278577 0
5117 2.444239048508447 1.639188991164865 0
5118 4.367317286353671 1.066313490385887 0
5119 4.43505484995924 1.087273355230963 0
5120 3.118161857747595 2.215254441156615 0
5121 2.046683836154803 0.6318631873358789 0
5122 2.046683836154803 0.6818631873357333 0
5123 2.044534799625709 3.328120529293916 0
5124 2.044534799625709 3.378120529294048 0
5125 2.078285328500811 1.799368491956262 0
5126 2.038670633785123 1.824475810008298 0
5127 2.534492862061851 2.474263675679658 0
5128 2.490264027478221 2.471105024598321 0
5129 2.76264939796993 1.865875319187815 0
5130 3.25617609599491 0.5866149758627963 0
5131 3.316684444510946 0.599115442539249 0
5132 2.988573853835863 3.079466064888531 0
5133 2.454801869955829 2.665163708901668 0
5134 2.632077834879587 0.6011905040048595 0
5135 2.610229086432667 0.5494478186038317 0
5136 3.221721919998065 1.614626379257227 0
5137 4.365514693825232 0.5958688433988676 0
5138 4.277740992545483 0.5509464396118589 0
5139 3.029477550302701 3.278256421991474 0
5140 2.996420043917026 3.326960365583851 0
5141 3.087067922323628 2.158689322719581 0
5142 3.092655201924129 2.048192481370613 0
5143 2.377215140931273 2.782012591376136 0
5144 2.352983940449927 2.823051905747863 0
5145 2.495150574170408 3.440690563184422 0
5146 2.702721532098203 2.303096588868717 0
5147 2.193695108381801 1.569975944074743 0
5148 2.390470270662549 1.708747095314151 0
5149 2.641831293747057 2.518238669000076 0
5150 3.436790216066329 1.737941104192292 0
5151 2.592131057826638 1.505870565606253 0
5152 2.550127289077926 1.501067640815635 0
5153 3.147802646473298 1.043288171054373 0
5154 3.177515620331334 1.007720319694806 0
5155 2.665668190159133 2.226229644127164 0
5156 2.691148270888086 2.196401198624114 0
5157 2.319862051299646 2.945606464384827 0
5158 2.734802063791522 0.3041285103934808 0
5159 2.67514365863713 0.2981348621180344 0
5160 2.713383060597955 0.2487946776852203 0
5161 4.615386602175109 3.055100934752421 0
5162 4.537981185430349 3.049321950680941 0
5163 2.423445659869736 2.78425049667585 0
5164 2.728424137732437 2.523123226621223 0
5165 3.365245958288455 1.945250021215241 0
5166 2.718242256932522 3.459160861919637 0
5167 2.660590261995937 3.455120425391038 0
5168 3.259137688302138 2.014490429776105 0
5169 2.554151718684362 2.513434138438562 0
5170 2.713716283365874 2.163275604723354 0
5171 3.686003846244365 0.3897737821935185 0
5172 3.687531663783146 0.3101381667721924 0
5173 2.431392394573761 3.532558883095068 0
5174 3.389250495791834 1.887798820672989 0
5175 2.480435242881528 2.626909282452126 0
5176 3.42044659564522 1.654260566867709 0
5177 3.445274067475905 1.653644921677759 0
5178 4.188952209862102 2.59348205224793 0
5179 4.165188015238313 2.600556959520152 0
5180 2.386565067173816 2.348419243951609 0
5181 2.366948046404839 2.308389622490951 0
5182 2.985465349020976 1.417548875361308 0
5183 3.023402802761159 1.424928852164718 0
5184 2.04080219024263 2.124546664896423 0
5185 2.254766095897854 1.967490191489455 0
5186 2.230720701825949 1.92400679215595 0
5187 2.7824556251082 2.809483008470958 0
5188 2.827428540859852 2.807660499612146 0
5189 3.188733892409223 1.885077336332816 0
5190 2.120546298729217 3.794410779799064 0
5191 2.179231155561201 3.792777815336313 0
5192 2.147494792157385 3.837927751106769 0
5193 2.701874438388642 1.482451583201569 0
5194 2.283157136250701 1.851136086035837 0
5195 2.336797229179545 1.779589102107713 0
5196 3.500411730437724 2.371614780538787 0
5197 3.398067534765752 2.372664103635876 0
5198 2.280802577527281 2.227456301970458 0
5199 3.803539463194993 1.370493248958667 0
5200 3.802607899575185 1.393319602292902 0
5201 2.574188703229321 2.553416786873315 0
5202 2.529958233217218 2.551001505587814 0
5203 2.504906799141115 2.58851486795955 0
5204 2.879247569521322 2.037009947040229 0
5205 2.854163304041268 2.070092810820534 0
5206 2.685182902402885 2.266491874770673 0
5207 4.451022095386612 0.6389500036917057 0
5208 2.307606827517668 2.188406935058818 0
5209 2.289982271818797 2.149531549785856 0
5210 2.660424937097213 0.4015102024976581 0
5211 2.638553316223933 0.3476434613749761 0
5212 2.371349941633955 2.863843542269561 0
5213 2.41297353473427 2.868895854537324 0
5214 2.386527353057777 2.908936056570174 0
5215 2.505620072851178 1.492686923674343 0
5216 2.531981131275832 1.458239687256937 0
5217 2.714752862398918 2.412229277760891 0
5218 2.183691672197663 1.918064986790123 0
5219 2.209399519060073 1.881174432758069 0
5220 4.039849706797789 2.681074776490369 0
5221 4.055685786999874 2.661927673529179 0
5222 2.244247565140228 2.144410633843801 0
5223 2.27180283051375 2.107965866058271 0
5224 2.291668774076664 1.7713595894979 0
5225 2.318580279443164 1.735792757657836 0
5226 3.09250556710925 3.182835218389235 0
5227 3.060534330770132 3.229743256860482 0
5228 4.089262650901542 3.619200093534552 0
5229 2.341496219844612 2.075905276969241 0
5230 2.384246988363225 2.077801261491406 0
5231 2.618206293280388 1.471609403282513 0
5232 4.033295745642702 2.899051236187181 0
5233 2.197541664801135 2.141433866525511 0
5234 2.673019015151564 0.7031346816385821 0
5235 2.651925290362514 0.6526854564813727 0
5236 2.405007215551707 1.62866961242776 0
5237 2.432014457281103 1.594386683231972 0
5238 3.122831883801538 1.800866768171809 0
5239 3.108957332708163 1.772270929963931 0
5240 3.779762523858114 0.8592166623987072 0
5241 2.265393236126221 3.516863292720198 0
5242 3.161012955807466 2.136348103350781 0
5243 2.593936513095877 2.593560903642687 0
5244 2.484869814596156 2.548532219524798 0
5245 2.303911866007042 1.689549890702506 0
5246 3.987431152993913 1.234754626635338 0
5247 3.251621725922874 1.958460031258092 0
5248 3.378188532479633 1.959378130546882 0
5249 3.258134947905837 1.561531216793647 0
5250 4.651381274485409 2.30755469837243 0
5251 4.678103712987798 2.329205170624464 0
5252 2.852450469266767 1.468086954448948 0
5253 2.409269019029685 2.041352640667757 0
5254 2.164730536683869 1.15334145191941 0
5255 2.200312654775932 1.114991386818462 0
5256 3.114779513134726 1.907764924122404 0
5257 3.103051291250392 1.879072633502106 0
5258 2.661579103613612 2.558382785769448 0
5259 2.618129998563021 2.555993536493435 0
5260 3.903632778281096 3.519426420078424 0
5261 3.875738668712233 3.452491856744429 0
5262 2.39314565793113 2.541123870656453 0
5263 2.440068384774322 2.545444442321898 0
5264 4.785076213602638 2.545448303503851 0
5265 4.7179349631188 0.5850356763318315 0
5266 3.845842319260085 2.859533859162602 0
5267 2.654967417139645 3.115007282756447 0
5268 2.0444049676627 3.819780357784497 0
5269 2.0444049676627 3.869780357784629 0
5270 2.042878942293039 0.1258344779331391 0
5271 2.042878942293039 0.1758344779330328 0
5272 2.945394961174495 1.409142990664933 0
5273 2.234294240861362 3.799187287399464 0
5274 2.602625156176297 1.435269905019138 0
5275 2.644343101954106 1.440258903903422 0
5276 2.138025967544038 0.5352738290206069 0
5277 2.832373956158218 1.607799539381453 0
5278 3.105595256058801 1.826828474346861 0
5279 2.043046553923943 0.2249251823465871 0
5280 2.043046553923943 0.2749251823464934 0
5281 4.997426010904684 2.202649531512264 0
5282 4.951964582604113 2.148064086706851 0
5283 5.030562994278837 2.13454285691326 0
5284 3.098794907190317 1.93491019273636 0
5285 3.318287561524815 2.087778291351135 0
5286 4.502408549647914 1.100483963554693 0
5287 4.571646983990178 1.109953871290068 0
5288 2.696830679524366 2.127610430149613 0
5289 3.680827974269993 2.866124421184115 0
5290 2.928139369832197 1.252657715279769 0
5291 3.061457568817503 1.990338681393819 0
5292 3.077818911104078 1.96321371895208 0
5293 2.904452739228711 1.40267907232535 0
5294 2.120719186046454 1.125049203506945 0
5295 3.058498367276993 2.101905143862635 0
5296 3.075771266223602 2.0747341337752 0
5297 3.911037684342045 2.613000427857029 0
5298 3.894135741619929 2.63141063100474 0
5299 4.697244713016448 0.2414452853878873 0
5300 3.003230395558383 2.185365035991494 0
5301 3.0204722217461 2.215565976502439 0
5302 2.986735777607983 2.214905167666363 0
5303 2.041383539195914 0.3226885130801213 0
5304 2.041383539195914 0.3726885130800449 0
5305 2.04718389796921 3.625805535112927 0
5306 2.04718389796921 3.675805535113059 0
5307 3.329800532900281 1.894650890724872 0
5308 3.346949102273399 1.874235643672671 0
5309 3.634423658462926 0.1644171069869128 0
5310 3.26282908579652 3.491907632771758 0
5311 3.41238385355524 1.740589593931277 0
5312 5.553098619758288 1.919802536084435 0
5313 5.568758928821733 2.045997533506617 0
5314 2.665968505473211 3.784326709219423 0
5315 2.707197527769218 3.724912331197248 0
5316 2.465119818850425 2.507931079950162 0
5317 2.445462597656388 2.468017247395422 0
5318 3.293454636755084 1.507696053887014 0
5319 3.029097093851303 0.8489061354752511 0
5320 3.010914379685209 0.799415085553232 0
5321 2.427707774238236 2.427429639689456 0
5322 2.408069591441021 2.387563305301616 0
5323 2.801087904678178 1.532550567748679 0
5324 2.785195534004221 1.494377831692965 0
5325 3.372334932559172 3.203459949081675 0
5326 2.159227736732531 1.055359046472941 0
5327 2.120330782805226 1.075605895696599 0
5328 4.054548960594773 2.642050892626642 0
5329 4.328904858460128 2.528337631613631 0
5330 4.307604628958954 2.541029813456567 0
5331 3.61120970028404 1.516705137892923 0
5332 3.349048195320624 3.545692997961435 0
5333 3.309614414440079 3.606782055564723 0
5334 3.28053160755631 3.54641360579156 0
5335 3.365111955309219 2.757002201187429 0
5336 4.635858489057892 2.210520166221555 0
5337 4.513349342305954 2.741096189368361 0
5338 4.468376626807101 2.714662889571323 0
5339 3.891146572438263 0.8870596610624714 0
5340 2.129528956224643 2.915197619691628 0
5341 2.182945164791808 2.935308769596006 0
5342 3.714040889016548 1.449630978590531 0
5343 2.883049257525196 1.246295668606212 0
5344 2.91115425117933 1.211419667543994 0
5345 3.38145352779442 2.299884317812037 0
5346 2.605987648086367 3.449219231662957 0
5347 2.549530500202237 3.444580194669125 0
5348 2.685836541421014 1.44401070592983 0
5349 2.727786740751458 1.449863886964601 0
5350 3.330405811611881 1.453698533191564 0
5351 3.361861296739812 2.249509539689886 0
5352 2.871612540207961 3.576228957079744 0
5353 2.851845314260951 3.520821801371271 0
5354 3.063503124011267 0.9455939657177328 0
5355 3.045727258660655 0.8982092735470265 0
5356 3.147825949633419 3.186193973966927 0
5357 2.883977421535254 0.7326138044358681 0
5358 2.936982670202751 0.7403601391976983 0
5359 2.983137813652113 1.182907631518473 0
5360 2.889958137595643 0.38818348304235 0
5361 2.905593598459842 0.4451045654171364 0
5362 2.326745212483231 3.901956872821024 0
5363 3.207324506395588 0.1477304272010588 0
5364 2.363304217925084 2.384524025985324 0
5365 3.054188463430921 2.158138994969133 0
5366 3.021023787755246 2.156503053896152 0
5367 3.038245411489667 2.128616204037715 0
5368 2.98728734361713 2.155842245060076 0
5369 2.953122328890122 2.153269574721003 0
5370 3.666127009656133 2.975837936540447 0
5371 3.314258380095402 2.652395447390026 0
5372 3.297635712582393 2.620392204221906 0
5373 4.517896126914206 0.3874988050448565 0
5374 2.345637273880543 2.270167783358059 0
5375 2.325982398599674 2.229886919457892 0
5376 2.410809972459277 0.3251496526513275 0
5377 2.432751230870011 0.3762168738131828 0
5378 2.856873510722107 1.39238610578167 0
5379 2.882991741706638 1.359342168358713 0
5380 2.682650755033477 3.071274318182481 0
5381 3.296302650386363 0.3545211454553083 0
5382 3.221748008592331 0.3431953396746921 0
5383 3.266209530122615 0.2883031624207105 0
5384 4.931040037531504 2.09238882042513 0
5385 2.897688757367122 2.003730696498743 0
5386 3.062470583089172 2.047016490209988 0
5387 4.706092691459942 1.708387606232192 0
5388 2.299822589371434 1.510570575661926 0
5389 3.367804527381015 1.398739307928361 0
5390 4.669014242811767 1.271090980056355 0
5391 4.737694664889723 1.289236092496461 0
5392 4.748947453383249 1.774732032612315 0
5393 2.40256356561044 2.464255695041297 0
5394 2.626859180788903 3.500362320618994 0
5395 3.629129045803242 2.497569636107012 0
5396 3.608134003398308 2.481857585455486 0
5397 2.7983425725748 1.168079076255007 0
5398 2.759422847446227 1.202770706612786 0
5399 3.292997489909473 2.078521274405355 0
5400 3.267420471818269 2.069006810770517 0
5401 4.541682631887647 2.308341225183598 0
5402 4.528990449932829 2.329641454790374 0
5403 3.098551894279188 1.036375050781238 0
5404 3.079359970083746 0.9913605799443295 0
5405 2.725566371287206 0.7102824831264289 0
5406 4.450012779265152 2.431647558037271 0
5407 4.432480077635935 2.44918025961737 0
5408 2.454743841588933 3.583147628782442 0
5409 2.47769383862526 3.63554498628156 0
5410 2.488758229487319 0.3824087432409944 0
5411 3.67148946724559 2.52709251736951 0
5412 3.648966774960667 2.536770057656065 0
5413 3.649308412155774 2.511977426795987 0
5414 2.271673638028218 1.013183321210896 0
5415 2.644068754339767 2.010261990791985 0
5416 2.486848161830847 3.53727060960888 0
5417 4.469905455746776 3.047841502952603 0
5418 3.49030330522877 3.314435241706835 0
5419 3.45498231340695 3.368238076346458 0
5420 2.645015265098428 0.5035154774640234 0
5421 3.069846298589207 2.186576172578018 0
5422 2.816441725718505 1.570432925389962 0
5423 2.775087908182989 1.736111301890203 0
5424 2.799135189358406 1.705947006793474 0
5425 2.867723444689047 1.31829145907851 0
5426 3.297517671595608 2.105265926013732 0
5427 3.277556746128218 2.123649369868247 0
5428 2.768357224183998 2.600844345836119 0
5429 2.748285462462612 2.562282919377422 0
5430 2.904414590081396 2.980048670421648 0
5431 2.86217223347905 2.977025950261133 0
5432 2.617134313030367 0.2923096286667156 0
5433 2.191026918809105 1.838986215943493 0
5434 2.238055948437391 1.844928021309321 0
5435 2.948264497086981 3.475841155640054 0
5436 2.890411579407829 3.472258966096922 0
5437 3.254147278689707 2.528436599534043 0
5438 3.237915604670724 2.499253954076337 0
5439 2.75389765364885 1.417442292694488 0
5440 2.769935550616478 1.455883169966227 0
5441 3.13211961049022 2.298662424193042 0
5442 3.117125326182598 2.270436371871645 0
5443 2.117951847404502 1.537807930949471 0
5444 2.082237139165142 2.10464377726929 0
5445 3.021040927422313 3.378971618415318 0
5446 2.737802024333519 2.809555401541453 0
5447 4.715318120939259 1.14072732044376 0
5448 4.777494909745036 1.084077004608413 0
5449 4.791149991589174 1.164440541735081 0
5450 3.69278969681322 2.539784699313902 0
5451 3.668724035929935 1.470692066128277 0
5452 3.690024265416024 1.457999884312982 0
5453 3.741605386514251 3.661062109947586 0
5454 2.705141723527822 2.559787611032287 0
5455 3.193148391337508 2.412157358745427 0
5456 3.177854221013047 2.383618675914424 0
5457 2.685590773316051 0.6089741972355385 0
5458 3.331484829480465 3.792960036142609 0
5459 3.370345924179042 3.729503602733056 0
5460 3.134014083668747 0.5650055476918159 0
5461 3.071898335004861 0.5570752410470016 0
5462 2.264784535999734 1.808947869221261 0
5463 2.517876640847503 3.490571495406209 0
5464 3.2338108364742 2.031002107654408 0
5465 3.230335181120064 2.00348782495743 0
5466 3.421377051416381 3.425710527613576 0
5467 3.385955293090261 3.485032068327711 0
5468 4.471865094706752 1.449386158426099 0
5469 4.441937361181622 1.435344072481451 0
5470 2.349040321109924 1.697779403312319 0
5471 3.398062056889637 1.718172380054965 0
5472 3.388120895553259 1.697104966056322 0
5473 3.115816081434784 1.714828247314946 0
5474 3.134819245940745 1.688696358262882 0
5475 3.085140921622007 3.281118290123335 0
5476 2.670255404316922 1.407671207666454 0
5477 3.26156870050861 2.141296642271518 0
5478 2.375801857226427 1.662504228358821 0
5479 3.239073825076725 0.2158808119785563 0
5480 2.530457976274113 3.63992674017056 0
5481 2.497952206053354 3.687612371155867 0
5482 3.947510562148384 1.310337716864502 0
5483 3.211613213372347 0.4624912075947248 0
5484 3.184594820153789 0.4005384165038431 0
5485 2.52382962484984 0.3355958528903875 0
5486 4.603226031056451 0.3291244433776895 0
5487 3.314835522233277 3.200886961746083 0
5488 4.286337075352458 2.805113342050275 0
5489 4.335046949823151 2.801060868458017 0
5490 2.741366525188577 1.899085583470602 0
5491 2.200095733222372 2.625425264876878 0
5492 3.387401482624933 1.741862510112841 0
5493 3.3610487409225 1.74515260529476 0
5494 3.603728222499941 1.399560618150395 0
5495 3.093760997401997 1.743771624298176 0
5496 3.174937925274826 3.850319129660654 0
5497 3.235601188277943 3.915861611091353 0
5498 3.550673567017236 2.520752717659537 0
5499 3.114119416945648 0.9530532149519932 0
5500 3.396723314828553 0.6701475133152964 0
5501 2.740153444304207 3.67688722937536 0
5502 3.064861741576769 2.416989857095248 0
5503 3.083328920121498 2.443235358918323 0
5504 2.081420845387016 3.308548978195913 0
5505 2.117809506940464 3.26313023731431 0
5506 2.811306446901612 1.461956237422851 0
5507 5.188085561920909 1.699769481999869 0
5508 5.210378256248896 1.59040801404407 0
5509 2.775165457766817 1.246802737082581 0
5510 4.063232140774175 2.615517588725073 0
5511 2.030573508928466 2.324999999995589 0
5512 5.061472667995645 2.058100293115026 0
5513 5.072882590315042 1.973798076262689 0
5514 2.390227278419531 0.2700522273143094 0
5515 2.030573508928466 2.374999999995722 0
5516 3.170990818194851 1.911923952057914 0
5517 3.184142709069562 1.939397553877549 0
5518 2.039546904051365 3.518001788319157 0
5519 2.039546904051365 3.568001788319288 0
5520 2.120399689069672 0.4093450544048651 0
5521 4.621199021250129 2.301079927287479 0
5522 4.657682412491871 2.280735390007941 0
5523 2.778349326864323 0.7182696673206932 0
5524 2.830910080367084 0.7255503475507692 0
5525 5.108013924894921 1.888996688763851 0
5526 5.147655248861613 1.793388160691379 0
5527 3.285144236197848 1.830360860767842 0
5528 3.266014417709145 1.857371623588335 0
5529 3.053298091832864 2.213906517836736 0
5530 3.036803473882464 2.243446649511606 0
5531 3.640662923796936 1.142124720005774 0
5532 3.044656837705522 0.7572326755808141 0
5533 3.081585302535633 0.7152927223282041 0
5534 3.251501168168343 2.826631358243858 0
5535 2.21332271753036 2.894326393668166 0
5536 2.566158458927931 2.935081218625972 0
5537 2.754280199271416 1.76636110028461 0
5538 3.256239554360658 2.113656181471223 0
5539 2.682216321928075 0.458531335782394 0
5540 2.702944374662771 0.5124951030773961 0
5541 2.990568976136266 0.7479674365522004 0
5542 4.007713757615162 2.855579297316199 0
5543 2.12454827813336 0.8912911799332764 0
5544 2.732262518771448 1.79673096685015 0
5545 2.077951007002386 3.793823620767132 0
5546 2.109687370406202 3.748673684996676 0
5547 3.404902190505563 1.345081063394089 0
5548 3.438205855714952 1.349561419078565 0
5549 3.990187888067802 0.3983811966298623 0
5550 4.415544352516157 3.097433424778886 0
5551 3.344875652542977 2.367473449694955 0
5552 2.084430093119857 0.2976136954272033 0
5553 3.950003960787588 3.337713626302889 0
5554 2.247920232557185 2.407172457645619 0
5555 2.213629337513067 2.437853147225458 0
5556 2.211908212523761 2.387393902520535 0
5557 4.602294340379707 2.167208250662071 0
5558 4.595219433074216 2.190972445359261 0
5559 2.837190485879024 1.42959229272221 0
5560 2.815729488356951 1.386255388755573 0
5561 3.226168059077962 1.561327961390137 0
5562 3.24320185001311 1.53433646931258 0
5563 3.785512556887097 2.5847455458643 0
5564 4.038036408549708 1.382878120111385 0
5565 2.512120428458368 2.793487768920113 0
5566 3.117751020181784 0.6696212104900487 0
5567 3.155973983937247 0.6247520848479923 0
5568 2.110719663575768 1.274156846941214 0
5569 3.83372593258699 2.600325066502089 0
5570 3.809961737861947 2.593250159184552 0
5571 3.813645637651375 1.408356172149291 0
5572 3.837409832264811 1.401281264900659 0
5573 3.256867128839896 3.195788342496075 0
5574 3.200981981538708 3.192595941620335 0
5575 2.541228087862676 3.541160241093583 0
5576 2.718354046661557 0.4104898281110308 0
5577 3.400630794609635 0.8834529569382689 0
5578 3.368783188073123 0.8364184087056793 0
5579 4.226957295458256 2.926030963423499 0
5580 3.397828713993418 1.005037869235124 0
5581 3.428930158016423 0.9691922362197618 0
5582 2.126183696668 0.3703733700328981 0
5583 2.076983070793501 0.384348710532798 0
5584 3.827054937457943 2.897644720951055 0
5585 2.210986517350424 1.380299562998161 0
5586 2.193334753141802 1.336894507878664 0
5587 5.208803045581869 2.269080899744668 0
5588 5.215860322005909 2.370203977891046 0
5589 2.080729937308895 3.699848798095826 0
5590 4.612830769692751 1.667769727635067 0
5591 3.084001320351932 3.38359337043345 0
5592 3.05095810661967 3.432933533594442 0
5593 2.758034356402677 0.3629593318778798 0
5594 2.796273758363503 0.3136191474450656 0
5595 2.807901013095329 2.683987453731651 0
5596 3.296936535900058 1.44956002350472 0
5597 3.315601812842755 1.422406173638346 0
5598 2.970725128223064 0.6981777292252804 0
5599 4.586634151272255 1.689914250694414 0
5600 2.796053888067462 3.025522039872044 0
5601 3.101613650991252 2.242584786415334 0
5602 3.086177550725571 2.214456845587184 0
5603 3.917994185225036 1.153650668712829 0
5604 3.956862555288798 1.165512894768577 0
5605 3.358050624295636 2.296890482400915 0
5606 3.552517420243202 3.31499987300235 0
5607 4.001863744555088 0.9168546788617916 0
5608 2.234711810296127 3.875126182394239 0
5609 2.258720510446749 3.835396965926616 0
5610 2.287252671753506 3.874228361676837 0
5611 3.694063528463009 2.564957509904595 0
5612 4.187250159341845 0.5277519848443868 0
5613 4.204843950281618 0.6161371408924483 0
5614 3.357457190164244 1.697454782950949 0
5615 2.119532018595981 0.9430213527246207 0
5616 3.06047715180273 0.6601135147416273 0
5617 3.862791674281601 1.390272629375511 0
5618 3.887058943345123 1.385184318155721 0
5619 3.162498832522759 2.355295833788964 0
5620 3.147249469413308 2.326881778309161 0
5621 2.905903438141559 1.969399976114547 0
5622 3.309910451866566 1.775366157874289 0
5623 3.298044600310293 1.800754666889758 0
5624 3.866341665890233 2.896721938891502 0
5625 3.727670847155701 0.5512361373283132 0
5626 3.804149802225326 0.5801932340556397 0
5627 3.3696294321942 1.340917150018673 0
5628 3.387993656492311 1.315064280881229 0
5629 3.575297819622456 0.8595713581125838 0
5630 3.51953128386848 0.8466309871257977 0
5631 3.555820626814645 0.8067155456388739 0
5632 2.367067630969409 3.072971505905302 0
5633 2.395101958667439 3.027680918780757 0
5634 3.961951919948357 1.380082234936987 0
5635 3.986725723490123 1.379057582847268 0
5636 3.986384440243549 2.620158318045294 0
5637 3.96161063663042 2.619133665949662 0
5638 3.15228692924836 2.494599489411773 0
5639 4.864143774533852 1.184357259057323 0
5640 4.928464491231553 1.134348153312366 0
5641 4.939281485370454 1.210915186469955 0
5642 2.173948065036689 2.459584294285024 0
5643 2.477307338159332 1.93775324707677 0
5644 3.082262954055058 1.713165165925565 0
5645 2.128060678484897 3.959567673688465 0
5646 2.12806067848554 0.04043232631159768 0
5647 2.121213884520805 1.576961544019873 0
5648 3.223578716367546 2.46952664892823 0
5649 3.208216978109402 2.440957615262406 0
5650 3.330998711167703 2.391728947839328 0
5651 3.392173686889889 1.911719709924085 0
5652 2.933432155511774 2.936301697345258 0
5653 3.53870832497441 0.7485029570102024 0
5654 3.517243696543785 0.691731332926746 0
5655 2.467389657738322 2.790278760035974 0
5656 3.810156501998611 3.333181122293901 0
5657 3.744790799372233 3.330744839975797 0
5658 2.033372596453316 0.7749999999983044 0
5659 2.079928246124259 0.8010698400701499 0
5660 2.446532585042763 0.2742760525200997 0
5661 3.338949447956437 3.668631995376171 0
5662 2.881860446338757 2.212080644114419 0
5663 3.066081050277298 3.663680767324704 0
5664 2.997372485808348 3.679962173079473 0
5665 3.935642257837234 2.616067384744603 0
5666 3.193525324375025 1.96618243351895 0
5667 3.210854390520543 1.992741395270175 0
5668 3.619039276619164 2.908379449640362 0
5669 3.57672305058673 2.910603025838687 0
5670 4.34047783644468 1.351207182808796 0
5671 3.539411736420643 2.621009028805886 0
5672 4.214174712811269 2.582987893706761 0
5673 4.208307241162951 2.608979600930057 0
5674 3.411546889074444 1.287085479584632 0
5675 3.193345198157114 0.5753156296363361 0
5676 3.410889830417804 1.63385682124354 0
5677 3.389106730003198 1.936324283404529 0
5678 2.180690103459233 3.877715067010475 0
5679 2.642810860743317 2.074324195938879 0
5680 2.286835102318741 3.798289466682062 0
5681 3.285502489661982 2.589250129439296 0
5682 3.26973723874202 2.557712183353308 0
5683 3.305905926221108 1.885847105398673 0
5684 3.968610218587099 0.6143557148094569 0
5685 3.350625520436081 0.9971683054608411 0
5686 2.376579016231973 2.498419235439068 0
5687 2.35882419281382 2.457831627733102 0
5688 2.758221184376094 0.668456333906316 0
5689 2.864071481121379 0.6835069749856792 0
5690 3.085141019160574 2.269638776302214 0
5691 4.623639042067062 2.013509184623255 0
5692 4.622614389977103 2.038282988167925 0
5693 3.169353733994727 3.239007092645751 0
5694 2.069280743551381 3.493001788319091 0
5695 2.280325049560714 2.434960402388698 0
5696 4.944068774916506 1.293685922704575 0
5697 5.008389491614208 1.243676816959618 0
5698 3.346761484990337 2.721385049518456 0
5699 3.32948957712494 2.687417544974166 0
5700 3.847492798364376 1.373194053957906 0
5701 3.041147221577621 0.6087744242359898 0
5702 3.016402687133602 0.5514076623795193 0
5703 4.115296995991992 1.389711302181229 0
5704 4.13956426521464 1.394799613478968 0
5705 4.135920287468239 2.61160517728353 0
5706 4.111653018503365 2.61669348850607 0
5707 3.456286110384289 1.327264397028066 0
5708 3.441841886846455 1.297551588712329 0
5709 3.474861582427069 1.305587791483749 0
5710 3.115782553275008 2.325709715874644 0
5711 3.631555471417464 1.505824984716537 0
5712 2.833725613184869 3.469710237764396 0
5713 4.013262604712888 1.381853467997218 0
5714 3.886225292878246 0.6039274164194498 0
5715 2.441740121179035 2.829831603596834 0
5716 3.146267800688385 2.382251912116224 0
5717 3.045553166083626 1.863101666566942 0
5718 3.076580987055477 1.876033799387005 0
5719 3.23421619572641 0.5268684387066199 0
5720 4.013076769059218 2.671187736758748 0
5721 4.115331808435853 0.9450932534336691 0
5722 4.383765012087046 2.800502674388815 0
5723 4.43355049511421 2.798764078796443 0
5724 2.870394860512846 2.806767114765845 0
5725 3.552211742323601 0.9483262765109175 0
5726 3.592656525564279 0.9201667768051871 0
5727 3.605859791211589 0.9690062537165972 0
5728 3.313628466870757 0.2272066177591724 0
5729 3.263747282353851 2.617323119992996 0
5730 2.4866057642484 1.533271474347339 0
5731 4.261673545718995 1.435798750995316 0
5732 4.283949136376251 1.446688623757171 0
5733 4.283856255214496 2.553290321623145 0
5734 4.261580664780677 2.5641801941998 0
5735 4.087836714180903 2.612450631839939 0
5736 2.036886045761308 3.280428448900154 0
5737 3.146375601406829 0.9173262714452071 0
5738 2.034626906913779 3.109975562081123 0
5739 4.988575167408994 2.400965135535572 0
5740 3.240822688345726 2.642587022475669 0
5741 3.176691775950566 2.439375010758663 0
5742 3.206097251025637 2.49790257242375 0
5743 2.406288680243752 2.994620289770935 0
5744 2.399113669714912 2.943529548171001 0
5745 4.488903665128159 2.804727057189853 0
5746 4.544409568381546 2.791210490457097 0
5747 3.794142580878975 1.41747308495914 0
5748 3.41503809997403 3.545400518100873 0
5749 3.021619960882819 2.26918977373596 0
5750 2.935094021828318 2.182760137369615 0
5751 2.725740398435985 1.863955219857799 0
5752 3.485550459734235 3.427267137200032 0
5753 2.821041071050171 2.980093602821343 0
5754 4.177214572186342 2.844901119196814 0
5755 3.506945296963884 0.9379683429874334 0
5756 4.391865996931184 1.518142414870051 0
5757 4.410786654663267 1.534167394605424 0
5758 4.413148362061494 2.468492317535489 0
5759 4.394227704412984 2.484517297091458 0
5760 2.903102928582458 1.877718154340018 0
5761 2.167924123658393 2.839485486390021 0
5762 2.128063976986185 2.867959484087289 0
5763 2.925219865947138 1.939411723312058 0
5764 3.841091259005167 2.623823580911733 0
5765 2.582550187457677 3.644824405008658 0
5766 2.633713406879205 3.655708143179943 0
5767 2.601879563123735 3.702877863216152 0
5768 2.385332350251436 1.39840693873504 0
5769 3.054140608498918 1.436213243787873 0
5770 2.7882135095888 2.644132417867909 0
5771 2.744859333662799 2.642235375820276 0
5772 2.709465127694212 1.826527237714269 0
5773 2.951964475583768 2.215343860336864 0
5774 2.960657118195118 1.141692432676692 0
5775 3.236024099381128 2.556905461391121 0
5776 2.616617398941461 3.750492217503374 0
5777 2.719973285439843 1.317254709530021 0
5778 2.672075673634679 1.307857191515138 0
5779 2.927490130262124 0.33373269000702 0
5780 2.460345794040685 1.567967066715358 0
5781 3.65173483777208 1.491417194120636 0
5782 2.263368713666461 2.074198405816524 0
5783 2.309103420345031 2.079319321758579 0
5784 4.505647174533365 1.415891059623229 0
5785 4.237273499316803 2.573974719250242 0
5786 2.857038043641139 0.3179991758941345 0
5787 3.946800501693913 2.637250354885528 0
5788 3.359172846842929 0.5488284211838151 0
5789 3.378810197789669 0.609776078789984 0
5790 2.775091033602281 3.465165641265472 0
5791 3.553335517710319 3.431654897021892 0
5792 3.519730255719751 3.48912734828901 0
5793 3.317805147766034 0.8704493895543608 0
5794 4.230972065263107 0.6911947525864156 0
5795 2.033372596453316 0.72499999999845 0
5796 5.347648337032695 3.669094320726104 0
5797 5.246640702881299 3.78086647753195 0
5798 5.243423950235936 0.217802609938035 0
5799 5.344651322389146 0.330611627568478 0
5800 4.214425666559972 1.416468761300154 0
5801 4.237524453311862 1.42548193590102 0
5802 4.165340243218459 1.401169148663494 0
5803 4.189104437850178 1.408244055972001 0
5804 2.691102121628594 2.808279050036958 0
5805 3.362670089650565 0.366218118851685 0
5806 3.415879978563194 0.3121870636156762 0
5807 3.437785896297113 0.3787762142660345 0
5808 3.242631941701312 2.060716467048531 0
5809 2.036648316193983 3.963476745659567 0
5810 2.087108715714332 3.963476745659567 0
5811 2.087108715714463 0.03652325434018083 0
5812 2.036648316193863 0.03652325434018083 0
5813 3.274444111210143 0.473790553821185 0
5814 3.318208568120281 0.4211102961056666 0
5815 3.340811550474345 0.4854875272175617 0
5816 2.27115343006187 2.826526630163929 0
5817 3.538353575417404 2.474211204546962 0
5818 3.524525070040768 2.454382167731979 0
5819 2.036648316193983 3.913476745659435 0
5820 2.036648316193863 0.08652325434008656 0
5821 3.5606084468048 0.6427003230865659 0
5822 3.609321173844739 0.5928575624151993 0
5823 3.626075285928089 0.6533879786969503 0
5824 4.403414224207629 1.43911314054683 0
5825 3.862684610194274 1.207289463398387 0
5826 4.002475063823965 2.645666969839075 0
5827 3.412281536863739 0.9217294356147583 0
5828 3.458233496098793 0.9289870857703557 0
5829 5.30037604114042 2.695905688742687 0
5830 5.268342491052064 2.792632377137631 0
5831 2.936504068058396 3.573282500148568 0
5832 2.899585327782446 3.626140927524514 0
5833 3.719557768623369 1.165205447752994 0
5834 3.755693084574238 1.174777317475237 0
5835 4.351736583792062 2.513626646764019 0
5836 4.352472547860717 2.539664391105237 0
5837 3.807573237854862 3.449295468464556 0
5838 3.776149597790377 3.521450465405434 0
5839 3.035676594687725 1.991372768696191 0
5840 3.006850043014296 2.008861591508394 0
5841 4.281254219947741 1.392217039993144 0
5842 4.258180743255479 1.410744682457925 0
5843 4.257105127540608 1.381900224898848 0
5844 4.784150286455612 3.046207560858258 0
5845 4.82583491824793 2.965109160317212 0
5846 4.873609104198581 3.035664455670033 0
5847 5.595828417165863 1.559291882754021 0
5848 5.446344701031377 1.5361959016017 0
5849 4.607509986237797 1.860580945885602 0
5850 4.612598297429374 1.884848214819051 0
5851 4.371915950183412 2.499218856117819 0
5852 3.628945868510444 0.8802513353182635 0
5853 3.66734047860647 0.8328029658583311 0
5854 2.500010031785843 0.2825936920267149 0
5855 4.351494789215664 1.487003498063375 0
5856 4.371674155497846 1.501411288728306 0
5857 3.912071099938847 1.388015079542104 0
5858 3.936675673242542 1.384948122692481 0
5859 3.670119401852503 2.578845723048084 0
5860 2.718667342226223 0.5669982282322126 0
5861 3.603401974324355 1.324270295600928 0
5862 3.500489584460435 0.6312009166449949 0
5863 4.796263327157888 2.0364449834785 0
5864 4.784841879929427 2.083299258026655 0
5865 2.556724377553174 0.2888160670599847 0
5866 2.566843343855052 1.432878208430894 0
5867 4.232729989119552 0.9699082234164261 0
5868 2.73111810750979 2.035212891564706 0
5869 2.716280952763224 2.003452164082877 0
5870 3.648003084492103 0.523947858151967 0
5871 3.700885918679776 0.4716387774546965 0
5872 2.035599531597587 0.4116601974520119 0
5873 4.307990364484792 1.459506575685688 0
5874 4.329290593965189 1.472198757610429 0
5875 4.10328765460388 1.361882357886865 0
5876 2.581080925824757 1.296941297398424 0
5877 2.549327627781655 1.34080433663832 0
5878 4.74366652265611 3.458104192754472 0
5879 4.701156181307258 3.346146384904237 0
5880 2.199608872564216 2.674073029941657 0
5881 2.244540260955978 2.696652248719246 0
5882 3.557147739519709 2.493307680585873 0
5883 3.4902966758112 0.8905055423824297 0
5884 4.609151828910756 2.788460753301347 0
5885 4.678382465962811 2.788680968526887 0
5886 2.91756454599182 2.213399770551061 0
5887 3.680965502333063 3.328348503685446 0
5888 3.617320799022115 3.324226619483538 0
5889 3.661876430735585 2.904995794140878 0
5890 2.937738548640222 1.884752464546433 0
5891 4.645966999853298 2.409812994506009 0
5892 3.261343016048701 1.505541388733961 0
5893 3.279628913962801 1.478697717904885 0
5894 3.199481469334532 1.561496663138062 0
5895 3.439211717160536 0.6198604919598626 0
5896 4.781256584378959 1.653770057305872 0
5897 4.738875695013268 1.690944152336334 0
5898 2.813207844370625 1.235946612442301 0
5899 2.333062102997324 2.042137816727493 0
5900 2.302594320164955 2.009817449153868 0
5901 3.207317836443498 1.938698408063217 0
5902 2.865201382467437 1.277291459490255 0
5903 3.765671608907962 0.4170620613698647 0
5904 3.827456584421953 0.3592758804279848 0
5905 3.594474860728385 0.7614433279969886 0
5906 4.153817010443712 2.630521977234605 0
5907 3.853429165473711 2.649768249041864 0
5908 3.879350800138293 2.646918674972123 0
5909 2.628234300470186 1.30341405810124 0
5910 3.582536245368813 0.5132602025415826 0
5911 2.029733839500016 3.424999999998487 0
5912 2.951395197997955 0.6468386387196429 0
5913 3.00498150393147 0.654445936074145 0
5914 3.247439069863308 2.087718565345966 0
5915 3.648311891320514 2.588756513137891 0
5916 3.648370604982984 2.616010629129443 0
5917 3.627591522648974 2.598960844400754 0
5918 2.73851479770915 0.6184931807087256 0
5919 4.842319233258329 1.02548446665019 0
5920 3.229376127220826 1.505338133330451 0
5921 3.306260807457225 1.81887483213782 0
5922 3.312503646710727 1.842045939267453 0
5923 2.202917550759401 0.3045938537236271 0
5924 2.831055719428384 1.204950821558258 0
5925 3.642071181008092 2.944142100322962 0
5926 4.599452168487472 3.3604656559673 0
5927 2.933763668029337 1.17656651537577 0
5928 2.96300189304682 3.522174586519928 0
5929 3.094119667288084 1.851510960338315 0
5930 3.162232447479308 0.9630928856718037 0
5931 4.659615629861382 1.200826677990153 0
5932 3.641038692490316 2.643645246162361 0
5933 2.357490076614597 2.938477235903238 0
5934 3.209771804792514 0.9719933761880195 0
5935 3.878321932855982 3.336377510573774 0
5936 4.249124572988227 1.280317662579241 0
5937 4.25416493873435 1.315154638122651 0
5938 4.26587443559483 2.843186393347511 0
5939 4.710194363092297 2.367020312353776 0
5940 3.357149011306542 1.371376015559442 0
5941 3.006173061329378 2.042921199226012 0
5942 3.760988431025559 0.8098088936303112 0
5943 3.817657160239352 0.8230755409380163 0
5944 2.516738777887207 3.739694846879111 0
5945 2.463974640238354 3.73531309299011 0
5946 2.163470419124657 0.3476848569521853 0
5947 4.481096659914765 2.391099065812966 0
5948 4.465071680176242 2.410019723583026 0
5949 2.866286189386715 0.5387057193675955 0
5950 2.826693386344849 0.5838182583807766 0
5951 3.956841382488107 0.2965173005527991 0
5952 4.355495235168298 0.9973136563966816 0
5953 4.431316410147765 1.553415697470732 0
5954 4.448849111789237 1.570948399197387 0
5955 2.120053800848486 0.3226885130801183 0
5956 4.485682211352314 1.026134635846527 0
5957 3.036689608959394 2.048050577512361 0
5958 4.512298037285181 2.351689950149799 0
5959 4.497890246571131 2.371869316549952 0
5960 4.500629454664207 1.625484599167346 0
5961 4.515037245260478 1.645663965538042 0
5962 4.38438402582778 2.882800955232574 0
5963 4.157613215424938 1.377608921522799 0
5964 4.207820825704177 0.8028765146648673 0
5965 4.238912906265995 0.7562546954508019 0
5966 4.280124384929213 0.8160733006027584 0
5967 2.791297753286266 0.62648036490299 0
5968 4.257836909575992 2.588690917338446 0
5969 4.305892448784324 2.566635884121427 0
5970 2.358889671695419 3.006131356513889 0
5971 3.404138098483486 2.449141822508488 0
5972 3.425610519805238 2.426121517350082 0
5973 4.980497129534804 1.536402687661375 0
5974 3.338415572480105 1.39918139095627 0
5975 3.155274386093686 1.662197027892933 0
5976 2.122005246627248 3.879348031473225 0
5977 4.473650113711767 2.43529833791242 0
5978 4.916070950743462 0.9018603808027258 0
5979 2.033546039339686 3.774043262982109 0
5980 5.046370316749895 2.260420979932215 0
5981 4.740888354883368 3.124141577854502 0
5982 4.786571162185998 3.201384292490552 0
5983 4.357162625560264 1.433469344628353 0
5984 4.379366820810738 1.448274085081299 0
5985 4.35261648713017 1.461502141862201 0
5986 3.300502236731761 3.927358764633737 0
5987 2.946922688965992 1.91922781531776 0
5988 4.746218066144483 2.169504098468912 0
5989 2.033546039339686 3.724043262981977 0
5990 2.679681221152819 2.004342240534599 0
5991 3.222572360030594 2.812280325440713 0
5992 2.036973935194198 0.5821303312111777 0
5993 2.231539294826692 1.01082679008134 0
5994 2.190575040151361 1.032013891185229 0
5995 3.583959100503717 3.379021432414103 0
5996 2.562291820029583 3.592757020134351 0
5997 2.891798315760385 2.849073269614234 0
5998 4.397616027422224 2.510251847229264 0
5999 2.260988120853363 1.055752730867751 0
6000 4.246344371962845 1.244374669037195 0
6001 4.622131656589852 3.468753031060912 0
6002 5.339704784381285 2.599396700197302 0
6003 5.260013126225715 2.515252194593156 0
6004 5.359552474292168 2.502810218811167 0
6005 4.564605822453267 2.261926608221926 0
6006 4.553715949780627 2.284202198785184 0
6007 4.583892693684563 2.214844743001193 0
6008 4.574879519173053 2.237943529596659 0
6009 4.57279310901697 1.760750392849827 0
6010 4.581806283448518 1.783849179370234 0
6011 4.395012523813982 1.493038008456891 0
6012 2.723396995846147 1.35466918057629 0
6013 4.530789401639377 1.67407073134955 0
6014 4.543481583453995 1.695370960854524 0
6015 3.471225551295566 1.357597621849986 0
6016 4.306371063771154 1.433879449480737 0
6017 4.208710422138552 1.392203162035477 0
6018 3.599151180861183 1.011893977882439 0
6019 4.645960548017245 1.120463140863486 0
6020 5.342368234135817 1.551823318564614 0
6021 3.844578504218341 3.396237239755866 0
6022 4.494103987045049 2.607151012536085 0
6023 4.468495777779316 2.564359533247601 0
6024 4.619861581086308 2.065830442271834 0
6025 4.616794624207202 2.090435015750745 0
6026 2.666669323414194 3.607683041358055 0
6027 2.685998699080252 3.665736499565549 0
6028 5.467372494313155 3.62170368346212 0
6029 5.46511126438965 0.3782299440617261 0
6030 5.248536752232079 1.77302172043302 0
6031 2.029733839500016 3.474999999998619 0
6032 3.504384733461156 1.310614651550172 0
6033 3.489940509923322 1.280901843234435 0
6034 3.115722054251932 2.44227601457897 0
6035 3.351298143311147 1.610575768617697 0
6036 3.375340899137838 1.61361353596156 0
6037 4.308992153232625 1.403720420030647 0
6038 4.307916537517753 1.374875962471571 0
6039 4.758986685386358 2.910523993557138 0
6040 3.25935200216547 0.9814772376018133 0
6041 3.305960934388597 0.9893678449250615 0
6042 3.102871903101443 3.326479763292677 0
6043 5.106934096296216 2.112685737920439 0
6044 2.926603102894531 3.680324228476587 0
6045 4.852669911756507 2.541898647321206 0
6046 4.93135863812631 2.537038949777685 0
6047 3.214414567227259 1.58869141061913 0
6048 3.053573544659921 2.021508925107774 0
6049 2.109754197964838 1.823187815823718 0
6050 3.792601739414515 1.183351659963323 0
6051 3.827853895345347 1.193377690294513 0
6052 4.640102208439929 2.109627269566309 0
6053 4.664964045912253 2.100106613839301 0
6054 4.615124366294598 2.117949007862727 0
6055 4.610036055025507 2.142216277060182 0
6056 3.989022849070742 0.8578103682979946 0
6057 4.045024701821211 0.8730290347412559 0
6058 5.172975104592902 1.951441786623368 0
6059 2.899467114179962 0.6408448684634659 0
6060 2.933723489888368 0.5971130753123306 0
6061 3.338313612733885 0.9541341255283847 0
6062 5.576166640658445 1.783769376691271 0
6063 5.471334170959384 1.75373858347182 0
6064 5.601752468781555 1.678179001035134 0
6065 3.679119063479235 1.152292415547227 0
6066 4.360539488911956 2.843473595560972 0
6067 3.402937303753067 0.4961481634682967 0
6068 4.095519338874902 1.33527140595331 0
6069 3.17818482885563 2.805793692648406 0
6070 4.593443694649515 1.810947811576078 0
6071 4.600518601883746 1.83471200616733 0
6072 3.236181242348482 1.976229717391872 0
6073 3.409427962188686 2.398834864206367 0
6074 3.384396535677149 2.395599837528759 0
6075 4.538988600583237 2.35316250957272 0
6076 2.083657771349001 0.6139935185482421 0
6077 3.470927324380655 1.607726337469721 0
6078 3.458990790253503 1.631307761217399 0
6079 3.449667620270407 1.610175074111624 0
6080 2.321924192505145 2.452142135278863 0
6081 3.098384351526006 2.355651820550472 0
6082 3.083254492602917 2.327432466434353 0
6083 4.149873612386252 1.347874181557586 0
6084 4.175649590390072 1.354243716742112 0
6085 3.187084715474164 3.284368565815093 0
6086 4.658648533747353 2.977166917756175 0
6087 4.693114168932718 3.053586282501681 0
6088 4.771632068820218 2.126738236170653 0
6089 4.333033381341166 1.416538371959164 0
6090 3.733397440188111 0.2517657117868491 0
6091 3.802306444206769 0.2792239997947317 0
6092 2.659874665880217 2.0429101283191 0
6093 2.678423327556368 2.068404445681492 0
6094 4.979248311652485 2.599201560822227 0
6095 4.93771507463422 2.689428807988807 0
6096 4.290233038024019 2.890674030542217 0
6097 4.244286046970789 2.889828634259555 0
6098 3.332198730229285 2.291492684628312 0
6099 3.34556741465165 2.270323256419735 0
6100 4.801966985728074 1.24100757489267 0
6101 2.641821582165996 1.341304833727059 0
6102 4.335709132313244 0.9291910754893904 0
6103 4.398542408808586 0.9448014466155051 0
6104 4.584706151732961 2.85209162112284 0
6105 2.231819107012508 2.065248413766194 0
6106 2.26911969684379 2.036601869466501 0
6107 3.289809248481339 1.875554643460088 0
6108 2.321261646380468 3.013260584995478 0
6109 2.314666642243448 3.064418355780204 0
6110 3.48257646742155 0.5708294821196824 0
6111 4.615184689625957 2.914011726987003 0
6112 2.347908741883613 2.417978594881093 0
6113 4.810688447834401 1.309152809818703 0
6114 4.567714331123865 2.306974987814881 0
6115 2.947477465580478 2.410203724062114 0
6116 4.338684300298405 0.1961163832702564 0
6117 2.117058558186369 0.5716302321639621 0
6118 3.632114729001293 0.7184990279960087 0
6119 4.436962091883705 2.670003206059717 0
6120 2.911930542538323 2.891177616266782 0
6121 4.379746021440971 2.554203050217419 0
6122 4.356914296109037 2.568914035067031 0
6123 4.58320412382649 1.742386013775583 0
6124 4.592137706449716 1.712886066400427 0
6125 3.048633232965403 2.389029183930471 0
6126 4.564782470829929 1.699282172254942 0
6127 3.981525107008678 1.26625106320885 0
6128 3.133928683568874 3.277966598161685 0
6129 4.81078666050905 1.381338920803965 0
6130 4.819575446151113 1.445095711140291 0
6131 3.623289855539712 2.979221592039931 0
6132 2.900282051187287 0.500815203055337 0
6133 2.221291472576688 1.994274611802088 0
6134 2.201719329361543 2.032551687057065 0
6135 2.647922912955811 3.551959099659761 0
6136 2.593320299046241 3.546057905931681 0
6137 4.437543687522153 2.573770714594582 0
6138 3.649340319518493 2.561795938319395 0
6139 4.151153580982172 0.8025213807939086 0
6140 4.083940810630125 0.8379847881261826 0
6141 2.111261620582261 1.32258207754491 0
6142 3.295686667493047 1.731089480227753 0
6143 4.663781275246962 2.442109371791648 0
6144 4.834689454201146 2.607410942812626 0
6145 4.957838388995706 3.203498489259221 0
6146 5.045831016091725 3.245708338698865 0
6147 4.508384273088476 0.2893424032547609 0
6148 4.328382029503198 2.585148743851162 0
6149 3.173785500709584 1.635976588922843 0
6150 3.069957506160929 2.295381900526568 0
6151 3.481199787751994 3.542878927446761 0
6152 4.622155248957043 1.961588041602881 0
6153 4.623179901047841 1.986361845157686 0
6154 2.846399773011792 0.633781411578367 0
6155 4.312739903159796 1.339703802771292 0
6156 3.336447898304602 1.700526978903724 0
6157 3.309900668584626 1.715677956495157 0
6158 3.328600324450496 1.852338401206038 0
6159 3.444292689982357 3.603539857080485 0
6160 4.611621781846072 2.210997506524 0
6161 3.649227030841528 0.7767116166246802 0
6162 3.704980346879378 0.7898586658573512 0
6163 3.340039449062859 1.748224801247535 0
6164 3.35207039409969 1.722517492189304 0
6165 3.485686644395575 1.585694642600135 0
6166 3.298300716798632 3.84322037572509 0
6167 3.400158767231895 1.615952644338256 0
6168 3.878973492156171 0.3033028141140298 0
6169 3.520840664770615 1.339096235300189 0
6170 4.846781958673567 2.086563524507123 0
6171 4.850912850774197 2.039732486894558 0
6172 4.881109401185374 2.057989191129848 0
6173 4.692912256383567 2.912497074736264 0
6174 3.355525497848667 2.43947989761014 0
6175 3.35915916687894 2.39368457510264 0
6176 3.370519594301874 2.419855335673131 0
6177 4.403735022853883 2.5649938926029 0
6178 3.00273510964989 3.474645212456185 0
6179 4.646818943114903 1.999871029780941 0
6180 4.67565124969461 1.982387960559062 0
6181 4.676110390713831 2.009535300024631 0
6182 3.228689465425315 2.61144494769306 0
6183 4.61524855438074 1.911091571206375 0
6184 4.618315511238412 1.93569614455174 0
6185 5.591892441958752 2.175946404141995 0
6186 2.778588749937837 1.393525984853868 0
6187 2.956728904651789 1.948035530853631 0
6188 3.054445830969584 2.267530315070257 0
6189 3.438482292037592 0.4507598238560001 0
6190 3.937857863660241 1.291975793101674 0
6191 2.848216263814571 1.23605341175448 0
6192 2.189506474233006 1.076741355025908 0
6193 4.175882510345089 2.646441033864301 0
6194 4.203661123545183 2.633370722231842 0
6195 4.196458895676487 2.660337996624915 0
6196 3.427000022957346 1.615852320954017 0
6197 5.367357704063825 1.769366000434733 0
6198 5.326927391004528 1.862984679126243 0
6199 3.12996824862766 2.41193533584071 0
6200 3.114612860137372 2.383612493715249 0
6201 4.30463365575874 2.597409252017739 0
6202 3.876170308408009 0.8320401984996053 0
6203 3.930885627774365 0.8466165498556643 0
6204 3.779318062317621 3.595443851974968 0
6205 4.465357456793733 2.637859680602052 0
6206 2.271044713511002 2.000867457103538 0
6207 4.644525275243328 2.054565823350419 0
6208 2.154492895138277 1.337346788979329 0
6209 4.812427432886785 1.951255740789218 0
6210 4.757057071959011 1.956767711158441 0
6211 2.592980152528768 1.401527709051803 0
6212 5.068833818685791 2.392248820517697 0
6213 5.040692775174403 2.461500297907512 0
6214 5.20179501665077 2.126331365518236 0
6215 5.170885342933962 2.202773929316469 0
6216 4.875058981347401 1.333110403200174 0
6217 3.670139567498706 0.2267068124503548 0
6218 5.399915389206873 2.683463712960698 0
6219 5.008323797423781 2.53237922396993 0
6220 5.247794615115134 2.905130328042717 0
6221 5.211788047834363 2.989768619495415 0
6222 2.964480784835539 2.37716498244618 0
6223 2.746875001761002 0.2183253854166464 0
6224 3.195035330254635 1.614795081005152 0
6225 5.091629921253026 3.147527408068033 0
6226 2.201830258064017 2.858335878623225 0
6227 4.590021345736631 2.258852882791199 0
6228 3.32666287047978 0.9158576468518953 0
6229 3.371327456527264 0.9236581073876751 0
6230 3.974046585040488 0.8027909057351286 0
6231 4.399293274605563 2.535744248641107 0
6232 5.564119244638362 2.56254152311667 0
6233 5.456661746796224 2.475541748980588 0
6234 4.585289448237276 2.329506624932631 0
6235 4.571349649262505 2.357284532824448 0
6236 4.344986385722282 0.8230651735484534 0
6237 4.944166987591156 1.365872033689838 0
6238 3.147376994802944 2.440915432979944 0
6239 3.535270651158023 1.365366028822518 0
6240 3.565564843747306 1.368981600583595 0
6241 4.869568524078328 2.659574370341209 0
6242 4.204626697048383 1.362165361068864 0
6243 4.229947925758177 1.370390066397016 0
6244 3.380732903133562 0.2437803092063818 0
6245 3.45584870978011 0.2563384046207313 0
6246 3.588557882057961 0.222789561972256 0
6247 4.638062815543118 1.793122013781731 0
6248 4.654324973738152 1.82279692086693 0
6249 4.721557797579086 1.950502253217233 0
6250 3.232140935323353 1.947713601570838 0
6251 3.082084799465282 2.385335244274958 0
6252 4.548985138631456 1.718342776560537 0
6253 4.559875011197869 1.740618367035199 0
6254 4.253021402450439 1.351862423932235 0
6255 4.281322140516781 1.326664796624483 0
6256 4.693236087095641 1.964516265512796 0
6257 4.709851187381188 1.922966287927278 0
6258 4.279296221411538 2.604567595345339 0
6259 4.254989055947664 2.61436212039578 0
6260 3.841901866875999 3.579543472022653 0
6261 2.190433071265497 1.530822331004341 0
6262 4.337030783252493 3.314938516813448 0
6263 2.350753912633853 3.862227656353402 0
6264 2.345248187729438 3.807501534400286 0
6265 2.915791267870947 0.5532287887438951 0
6266 2.96771935168894 0.5592225590000721 0
6267 2.113977566569092 2.083057790799122 0
6268 2.11334480788921 2.127507343327681 0
6269 4.19236505964539 0.862339985945865 0
6270 3.597315748982942 1.37282184455394 0
6271 3.584126428811964 1.346732114771237 0
6272 4.469465059960838 1.569222195464527 0
6273 4.462050295533757 1.591904854332663 0
6274 4.607759632846588 1.789616671796054 0
6275 4.210915161966772 0.9104041406895547 0
6276 4.270847131520175 0.9221992025436954 0
6277 4.66871801403995 2.072091286701371 0
6278 4.691909593599669 2.090084623086345 0
6279 3.456843588406176 0.5141007178222535 0
6280 3.518121455706075 0.5254411425073858 0
6281 4.47807527506955 1.610825512004291 0
6282 3.983370585722352 2.665837403010261 0
6283 3.409527478426999 3.666933055091483 0
6284 2.332448367956781 2.980199955985655 0
6285 4.626388428401637 1.842584243720169 0
6286 2.152268808895608 1.836328319509199 0
6287 2.231659958194762 1.09164623153075 0
6288 4.597322766130256 2.305367598534217 0
6289 2.613371086925758 1.370390552976604 0
6290 2.657212460090252 1.374833686390502 0
6291 2.707495950838127 2.066107682413972 0
6292 4.12406892169214 1.344628434404718 0
6293 3.90604718141909 2.649692117647851 0
6294 2.565454179519933 3.739608479332089 0
6295 2.531476613704933 3.787309201166333 0
6296 4.671470822930745 2.044543832597462 0
6297 3.162445581574838 2.469715689496923 0
6298 4.398868085777536 1.467145937780678 0
6299 4.801974825924459 2.663124026523854 0
6300 4.772085207732546 2.721653753569559 0
6301 4.959865363643532 3.042034713534353 0
6302 4.918180731851214 3.123133114075398 0
6303 4.313894305160463 0.8696869927625188 0
6304 2.245627562000679 2.866743304113784 0
6305 4.744456894965602 2.786707887347761 0
6306 4.715522841264962 2.847368802787966 0
6307 2.736439940072818 1.387506701852242 0
6308 5.054261096436371 3.052036003807145 0
6309 2.157050220530125 2.142972069896159 0
6310 2.18557667956417 2.104383153486865 0
6311 2.69870589955716 1.37858548841691 0
6312 3.503735792352312 1.361570393321815 0
6313 2.081053283856683 3.883257103444326 0
6314 2.079527258486902 0.1123577322734142 0
6315 4.202598693029067 2.878543326228793 0
6316 4.636030069707054 1.894696539825766 0
6317 4.661316358092202 1.848665860585202 0
6318 4.624531749668238 2.234392463863486 0
6319 3.325825447971281 1.763636324980131 0
6320 3.316847101148471 1.741001211874675 0
6321 4.871582129550754 3.197128231394901 0
6322 5.088582448700578 2.523662908952054 0
6323 5.180558431383015 2.532311329434464 0
6324 4.228883626494351 2.622876563690672 0
6325 2.577589274604513 1.36799885638836 0
6326 2.690432145701227 2.09752175003375 0
6327 4.432114190681901 0.2558638707076714 0
6328 3.307483753191119 1.86382442983606 0
6329 4.09678170611447 0.8970290986899796 0
6330 3.521918879115962 0.2426225077694199 0
6331 2.157373965490443 1.560771719783865 0
6332 3.380762866646876 2.441395160036259 0
6333 4.154247917244767 0.9100490068185958 0
6334 4.46167799966344 0.9623424527553921 0
6335 4.301785802130411 2.623080455075074 0
6336 3.826897767663824 1.363244473575755 0
6337 4.755891287880873 1.723409371328887 0
6338 2.687216596606611 0.2123317371412 0
6339 2.114248595158803 0.0769555806517785 0
6340 2.11424859515853 3.923044419348032 0
6341 3.266583781026647 3.781462882600225 0
6342 3.199259693276927 3.77716129238674 0
6343 3.19593859869916 2.522786372338599 0
6344 3.181601710395982 2.493059067190492 0
6345 4.159885820673809 2.881103448360759 0
6346 5.086852013669203 0.8440996736882119 0
6347 3.202586008740644 2.549377665865834 0
6348 4.642520064377052 1.946831793264231 0
6349 4.401193661722586 3.303166995464403 0
6350 4.826199078745622 1.673054906166671 0
6351 3.964784731636349 2.68535330731512 0
6352 3.954183026401096 2.659832540395447 0
6353 3.92821464760791 2.656766259190388 0
6354 4.335665963563885 2.883359149301777 0
6355 5.258890709023823 1.938313433008894 0
6356 4.817537237467435 1.508636532907269 0
6357 4.822459826989206 1.566976177449054 0
6358 4.873118985338373 1.468837335952415 0
6359 4.928854983282221 1.437540222074086 0
6360 4.926816774598542 1.501081043841064 0
6361 3.964586853121731 1.28627109361117 0
6362 5.392943532186935 1.663775624778597 0
6363 2.155476901913205 2.071686426777736 0
6364 3.218175968792957 2.578653249685099 0
6365 5.223759374443944 2.023114820507732 0
6366 5.113942125227315 2.255435272146872 0
6367 4.981720361289963 0.936395248983418 0
6368 4.896961096668207 0.9777135755813375 0
6369 2.195968346184215 2.070148223407088 0
6370 4.613897600856506 2.254565211544461 0
6371 4.603623904136718 2.278548290169729 0
6372 5.084288019397802 2.326727950360414 0
6373 4.907968643804829 1.060019334830882 0
6374 5.28771062108169 2.113203011903762 0
6375 3.991177805496821 1.284612986971678 0
6376 4.924761131590955 1.567699801539705 0
6377 5.13640562716321 2.387263112732354 0
6378 4.983106354641432 1.086577262243514 0
6379 5.200406121293899 2.435724848048329 0
6380 4.663944639496714 1.954851995269106 0
6381 5.14682273533853 0.9161471814257027 0
6382 5.263492768901472 0.9255964322754417 0
6383 3.195251374784831 2.603917152167773 0
6384 4.638134308068325 2.254087871242016 0
6385 4.818781371690383 1.620859046039515 0
6386 5.060800937034546 0.932589561942297 0
6387 4.867402321355871 1.586261026309854 0
6388 5.508197460181274 2.691392890158435 0
6389 5.041691082959291 1.008442756720909 0
6390 5.249156872651017 3.085260023756303 0
6391 5.141454026393231 3.070060039935461 0
6392 4.660104901778082 1.928960098217965 0
6393 4.803375597153181 2.111745798415831 0
6394 4.679336076931593 1.91453807936432 0
6395 4.686157035642109 2.403496557441674 0
6396 4.655261244860565 1.880274520972121 0
6397 4.657911501811931 1.906517877359445 0
6398 4.830590769669696 2.007870650101225 0
$EndNodes
$Elements
3276
1 8 2 5 1 1 11 20
2 8 2 5 1 11 12 21
3 8 2 5 1 12 13 22
4 8 2 5 1 13 14 23
5 8 2 5 1 14 15 24
6 8 2 5 1 15 16 25
7 8 2 5 1 16 17 26
8 8 2 5 1 17 18 27
9 8 2 5 1 18 19 28
10 8 2 5 1 19 2 29
11 8 2 5 2 2 30 48
12 8 2 5 2 30 31 49
13 8 2 5 2 31 32 50
14 8 2 5 2 32 33 51
15 8 2 5 2 33 34 52
16 8 2 5 2 34 35 53
17 8 2 5 2 35 36 54
18 8 2 5 2 36 37 55
19 8 2 5 2 37 38 56
20 8 2 5 2 38 39 57
21 8 2 5 2 39 40 58
22 8 2 5 2 40 41 59
23 8 2 5 2 41 42 60
24 8 2 5 2 42 43 61
25 8 2 5 2 43 44 62
26 8 2 5 2 44 45 63
27 8 2 5 2 45 46 64
28 8 2 5 2 46 47 65
29 8 2 5 2 47 3 66
30 8 2 4 3 3 67 76
31 8 2 4 3 67 68 77
32 8 2 4 3 68 69 78
33 8 2 4 3 69 70 79
34 8 2 4 3 70 71 80
35 8 2 4 3 71 72 81
36 8 2 4 3 72 73 82
37 8 2 4 3 73 74 83
38 8 2 4 3 74 75 84
39 8 2 4 3 75 4 85
40 8 2 6 4 4 86 104
41 8 2 6 4 86 87 105
42 8 2 6 4 87 88 106
43 8 2 6 4 88 89 107
44 8 2 6 4 89 90 108
45 8 2 6 4 90 91 109
46 8 2 6 4 91 92 110
47 8 2 6 4 92 93 111
48 8 2 6 4 93 94 112
49 8 2 6 4 94 95 113
50 8 2 6 4 95 96 114
51 8 2 6 4 96 97 115
52 8 2 6 4 97 98 116
53 8 2 6 4 98 99 117
54 8 2 6 4 99 100 118
55 8 2 6 4 100 101 119
56 8 2 6 4 101 102 120
57 8 2 6 4 102 103 121
58 8 2 6 4 103 5 122
59 8 2 6 5 5 123 132
60 8 2 6 5 123 124 133
61 8 2 6 5 124 125 134
62 8 2 6 5 125 126 135
63 8 2 6 5 126 127 136
64 8 2 6 5 127 128 137
65 8 2 6 5 128 129 138
66 8 2 6 5 129 130 139
67 8 2 6 5 130 131 140
68 8 2 6 5 131 6 141
69 8 2 3 6 6 142 151
70 8 2 3 6 142 143 152
71 8 2 3 6 143 144 153
72 8 2 3 6 144 145 154
73 8 2 3 6 145 146 155
74 8 2 3 6 146 147 156
75 8 2 3 6 147 148 157
76 8 2 3 6 148 149 158
77 8 2 3 6 149 150 159
78 8 2 3 6 150 1 160
79 8 2 7 8 240 7 258
80 8 2 7 8 241 240 259
81 8 2 7 8 242 241 260
82 8 2 7 8 243 242 261
83 8 2 7 8 244 243 262
84 8 2 7 8 245 244 263
85 8 2 7 8 246 245 264
86 8 2 7 8 247 246 265
87 8 2 7 8 248 247 266
88 8 2 7 8 249 248 267
89 8 2 7 8 250 249 268
90 8 2 7 8 251 250 269
91 8 2 7 8 252 251 270
92 8 2 7 8 253 252 271
93 8 2 7 8 254 253 272
94 8 2 7 8 255 254 273
95 8 2 7 8 256 255 274
96 8 2 7 8 257 256 275
97 8 2 7 8 8 257 276
98 8 2 7 9 277 8 295
99 8 2 7 9 278 277 296
100 8 2 7 9 279 278 297
101 8 2 7 9 280 279 298
102 8 2 7 9 281 280 299
103 8 2 7 9 282 281 300
104 8 2 7 9 283 282 301
105 8 2 7 9 284 283 302
106 8 2 7 9 285 284 303
107 8 2 7 9 286 285 304
108 8 2 7 9 287 286 305
109 8 2 7 9 288 287 306
110 8 2 7 9 289 288 307
111 8 2 7 9 290 289 308
112 8 2 7 9 291 290 309
113 8 2 7 9 292 291 310
114 8 2 7 9 293 292 311
115 8 2 7 9 294 293 312
116 8 2 7 9 9 294 313
117 8 2 7 10 314 9 332
118 8 2 7 10 315 314 333
119 8 2 7 10 316 315 334
120 8 2 7 10 317 316 335
121 8 2 7 10 318 317 336
122 8 2 7 10 319 318 337
123 8 2 7 10 320 319 338
124 8 2 7 10 321 320 339
125 8 2 7 10 322 321 340
126 8 2 7 10 323 322 341
127 8 2 7 10 324 323 342
128 8 2 7 10 325 324 343
129 8 2 7 10 326 325 344
130 8 2 7 10 327 326 345
131 8 2 7 10 328 327 346
132 8 2 7 10 329 328 347
133 8 2 7 10 330 329 348
134 8 2 7 10 331 330 349
135 8 2 7 10 10 331 350
136 8 2 7 11 351 10 369
137 8 2 7 11 352 351 370
138 8 2 7 11 353 352 371
139 8 2 7 11 354 353 372
140 8 2 7 11 355 354 373
141 8 2 7 11 356 355 374
142 8 2 7 11 357 356 375
143 8 2 7 11 358 357 376
144 8 2 7 11 359 358 377
145 8 2 7 11 360 359 378
146 8 2 7 11 361 360 379
147 8 2 7 11 362 361 380
148 8 2 7 11 363 362 381
149 8 2 7 11 364 363 382
150 8 2 7 11 365 364 383
151 8 2 7 11 366 365 384
152 8 2 7 11 367 366 385
153 8 2 7 11 368 367 386
154 8 2 7 11 7 368 387
155 9 2 1 30 500 412 596 623 624 625
156 9 2 1 30 405 493 551 626 627 628
157 9 2 1 30 543 407 557 629 630 631
158 9 2 1 30 485 413 580 632 633 634
159 9 2 1 30 445 520 544 635 636 637
160 9 2 1 30 493 405 513 626 638 639
161 9 2 1 30 398 482 604 640 641 642
162 9 2 1 30 482 398 595 640 643 644
163 9 2 1 30 494 400 524 645 646 647
164 9 2 1 30 416 414 514 648 649 650
165 9 2 1 30 537 524 569 651 652 653
166 9 2 1 30 557 407 558 630 654 655
167 9 2 1 30 517 518 566 656 657 658
168 9 2 1 30 476 518 520 659 660 661
169 9 2 1 30 511 402 541 662 663 664
170 9 2 1 30 498 462 611 665 666 667
171 9 2 1 30 447 537 569 668 653 669
172 9 2 1 30 479 458 501 670 671 672
173 9 2 1 30 451 462 498 673 665 674
174 9 2 1 30 401 515 586 675 676 677
175 9 2 1 30 476 520 563 661 678 679
176 9 2 1 30 412 510 596 680 681 624
177 9 2 1 30 400 507 524 682 683 646
178 9 2 1 30 479 501 529 672 684 685
179 9 2 1 30 468 491 594 686 687 688
180 9 2 1 30 494 524 537 647 651 689
181 9 2 1 30 425 423 503 690 691 692
182 9 2 1 30 462 484 611 693 694 666
183 9 2 1 30 413 485 565 632 695 696
184 9 2 1 30 413 143 580 697 698 633
185 9 2 1 30 556 555 583 699 700 701
186 9 2 1 30 527 392 560 702 703 704
187 9 2 1 30 414 416 591 648 705 706
188 9 2 1 30 553 389 594 707 708 709
189 9 2 1 30 418 474 515 710 711 712
190 9 2 1 30 518 476 566 659 713 657
191 9 2 1 30 491 553 594 714 709 687
192 9 2 1 30 538 398 604 715 642 716
193 9 2 1 30 503 423 597 691 717 718
194 9 2 1 30 401 147 515 719 720 675
195 9 2 1 30 493 468 594 721 688 722
196 9 2 1 30 459 572 606 723 724 725
197 9 2 1 30 554 577 583 726 727 728
198 9 2 1 30 533 547 575 729 730 731
199 9 2 1 30 544 520 545 636 732 733
200 9 2 1 30 596 410 604 734 735 736
201 9 2 1 30 572 569 606 737 738 724
202 9 2 1 30 540 511 541 739 664 740
203 9 2 1 30 529 542 593 741 742 743
204 9 2 1 30 499 546 615 744 745 746
205 9 2 1 30 543 527 560 747 704 748
206 9 2 1 30 467 505 506 749 750 751
207 9 2 1 30 409 418 515 752 712 753
208 9 2 1 30 555 406 583 754 755 700
209 9 2 1 30 409 416 417 756 757 758
210 9 2 1 30 400 145 507 759 760 682
211 9 2 1 30 546 499 574 744 761 762
212 9 2 1 30 553 491 588 714 763 764
213 9 2 1 30 412 500 576 623 765 766
214 9 2 1 30 520 445 563 635 767 678
215 9 2 1 30 18 19 510 28 768 769
216 9 2 1 30 467 466 505 770 771 749
217 9 2 1 30 490 465 492 772 773 774
218 9 2 1 30 437 435 490 775 776 777
219 9 2 1 30 443 440 509 778 779 780
220 9 2 1 30 406 554 583 781 728 755
221 9 2 1 30 486 461 487 782 783 784
222 9 2 1 30 418 417 419 785 786 787
223 9 2 1 30 495 455 496 788 789 790
224 9 2 1 30 513 405 549 638 791 792
225 9 2 1 30 567 506 618 793 794 795
226 9 2 1 30 422 421 423 796 797 798
227 9 2 1 30 548 513 549 799 792 800
228 9 2 1 30 433 431 486 801 802 803
229 9 2 1 30 420 419 421 804 805 806
230 9 2 1 30 469 468 493 807 721 808
231 9 2 1 30 507 401 508 809 810 811
232 9 2 1 30 466 498 499 812 813 814
233 9 2 1 30 423 424 448 815 816 817
234 9 2 1 30 448 449 466 818 819 820
235 9 2 1 30 429 427 495 821 822 823
236 9 2 1 30 533 512 547 824 825 729
237 9 2 1 30 454 453 471 826 827 828
238 9 2 1 30 462 463 481 829 830 831
239 9 2 1 30 130 502 521 832 833 834
240 9 2 1 30 483 463 531 835 836 837
241 9 2 1 30 458 454 501 838 839 671
242 9 2 1 30 435 433 465 840 841 842
243 9 2 1 30 501 471 533 843 844 845
244 9 2 1 30 431 429 461 846 847 848
245 9 2 1 30 427 425 455 849 850 851
246 9 2 1 30 433 486 607 803 852 853
247 9 2 1 30 400 494 579 645 854 855
248 9 2 1 30 521 502 522 833 856 857
249 9 2 1 30 439 437 468 858 859 860
250 9 2 1 30 486 487 489 784 861 862
251 9 2 1 30 435 465 490 842 772 776
252 9 2 1 30 446 443 453 863 864 865
253 9 2 1 30 501 533 598 845 866 867
254 9 2 1 30 419 417 464 786 868 869
255 9 2 1 30 451 456 462 870 871 673
256 9 2 1 30 484 481 504 872 873 874
257 9 2 1 30 454 471 501 828 843 839
258 9 2 1 30 439 468 469 860 807 875
259 9 2 1 30 528 567 618 876 795 877
260 9 2 1 30 446 453 454 865 826 878
261 9 2 1 30 431 461 486 848 782 802
262 9 2 1 30 600 530 610 879 880 881
263 9 2 1 30 409 149 416 882 883 756
264 9 2 1 30 561 408 618 884 885 886
265 9 2 1 30 409 417 418 758 785 752
266 9 2 1 30 129 130 521 139 834 887
267 9 2 1 30 525 403 532 888 889 890
268 9 2 1 30 388 512 548 891 892 893
269 9 2 1 30 477 458 479 894 670 895
270 9 2 1 30 422 423 425 798 690 896
271 9 2 1 30 427 455 495 851 788 822
272 9 2 1 30 517 397 518 897 898 656
273 9 2 1 30 449 451 498 899 674 900
274 9 2 1 30 420 421 422 806 796 901
275 9 2 1 30 466 449 498 819 900 812
276 9 2 1 30 128 397 517 902 897 903
277 9 2 1 30 418 419 420 787 804 904
278 9 2 1 30 462 456 463 871 905 829
279 9 2 1 30 448 466 467 820 770 906
280 9 2 1 30 126 403 525 907 888 908
281 9 2 1 30 423 421 424 797 909 815
282 9 2 1 30 448 424 449 816 910 818
283 9 2 1 30 546 550 615 911 912 745
284 9 2 1 30 481 463 482 830 913 914
285 9 2 1 30 466 499 505 814 915 771
286 9 2 1 30 471 478 512 916 917 918
287 9 2 1 30 543 557 564 631 919 920
288 9 2 1 30 437 490 614 777 921 922
289 9 2 1 30 487 461 488 783 923 924
290 9 2 1 30 496 455 497 789 925 926
291 9 2 1 30 477 479 511 895 927 928
292 9 2 1 30 463 456 531 905 929 836
293 9 2 1 30 443 509 617 780 930 931
294 9 2 1 30 500 596 604 625 736 932
295 9 2 1 30 388 548 549 893 800 933
296 9 2 1 30 429 495 613 823 934 935
297 9 2 1 30 411 540 570 936 937 938
298 9 2 1 30 525 532 539 890 939 940
299 9 2 1 30 479 529 593 685 743 941
300 9 2 1 30 465 433 607 841 853 942
301 9 2 1 30 462 481 484 831 872 693
302 9 2 1 30 512 388 547 891 943 825
303 9 2 1 30 146 401 507 944 809 945
304 9 2 1 30 417 416 514 757 650 946
305 9 2 1 30 487 488 556 924 947 948
306 9 2 1 30 507 508 524 811 949 683
307 9 2 1 30 414 12 536 950 951 952
308 9 2 1 30 469 493 513 808 639 953
309 9 2 1 30 142 143 413 152 697 954
310 9 2 1 30 148 149 409 158 882 955
311 9 2 1 30 471 453 478 827 956 916
312 9 2 1 30 495 496 564 790 957 958
313 9 2 1 30 568 399 578 959 960 961
314 9 2 1 30 457 454 458 962 838 963
315 9 2 1 30 475 458 477 964 894 965
316 9 2 1 30 412 18 510 966 769 680
317 9 2 1 30 144 145 400 154 759 967
318 9 2 1 30 146 147 401 156 719 944
319 9 2 1 30 419 464 530 869 968 969
320 9 2 1 30 445 443 446 970 863 971
321 9 2 1 30 496 497 527 926 972 973
322 9 2 1 30 421 419 619 805 974 975
323 9 2 1 30 149 150 416 159 976 883
324 9 2 1 30 438 437 439 977 858 978
325 9 2 1 30 436 435 437 979 775 980
326 9 2 1 30 482 483 500 981 982 983
327 9 2 1 30 455 425 503 850 692 984
328 9 2 1 30 393 599 615 985 986 987
329 9 2 1 30 506 561 618 988 886 794
330 9 2 1 30 551 493 594 627 722 989
331 9 2 1 30 491 468 614 686 990 991
332 9 2 1 30 148 409 515 955 753 992
333 9 2 1 30 449 450 451 993 994 899
334 9 2 1 30 451 452 456 995 996 870
335 9 2 1 30 520 519 545 997 998 732
336 9 2 1 30 423 448 597 817 999 717
337 9 2 1 30 411 525 539 1000 940 1001
338 9 2 1 30 434 433 435 1002 840 1003
339 9 2 1 30 432 431 433 1004 801 1005
340 9 2 1 30 461 429 613 847 935 1006
341 9 2 1 30 407 543 560 629 748 1007
342 9 2 1 30 426 425 427 1008 849 1009
343 9 2 1 30 430 429 431 1010 846 1011
344 9 2 1 30 428 427 429 1012 821 1013
345 9 2 1 30 442 440 443 1014 778 1015
346 9 2 1 30 481 482 595 914 644 1016
347 9 2 1 30 126 127 403 136 1017 907
348 9 2 1 30 13 14 396 23 1018 1019
349 9 2 1 30 467 506 567 751 793 1020
350 9 2 1 30 464 514 516 1021 1022 1023
351 9 2 1 30 15 16 399 25 1024 1025
352 9 2 1 30 128 129 397 138 1026 902
353 9 2 1 30 145 146 507 155 945 760
354 9 2 1 30 540 415 570 1027 1028 937
355 9 2 1 30 396 14 523 1018 1029 1030
356 9 2 1 30 124 125 411 134 1031 1032
357 9 2 1 30 17 18 412 27 966 1033
358 9 2 1 30 399 16 526 1024 1034 1035
359 9 2 1 30 531 568 578 1036 961 1037
360 9 2 1 30 592 413 616 1038 1039 1040
361 9 2 1 30 15 399 523 1025 1041 1042
362 9 2 1 30 403 517 566 1043 658 1044
363 9 2 1 30 487 556 583 948 701 1045
364 9 2 1 30 396 523 562 1030 1046 1047
365 9 2 1 30 510 19 603 768 1048 1049
366 9 2 1 30 530 464 610 968 1050 880
367 9 2 1 30 14 15 523 24 1042 1029
368 9 2 1 30 17 412 526 1033 1051 1052
369 9 2 1 30 416 150 591 976 1053 705
370 9 2 1 30 527 497 528 972 1054 1055
371 9 2 1 30 16 17 526 26 1052 1034
372 9 2 1 30 391 556 557 1056 1057 1058
373 9 2 1 30 556 488 557 947 1059 1057
374 9 2 1 30 11 12 414 21 950 1060
375 9 2 1 30 130 131 502 140 1061 832
376 9 2 1 30 440 439 509 1062 1063 779
377 9 2 1 30 147 148 515 157 992 720
378 9 2 1 30 419 530 619 969 1064 974
379 9 2 1 30 446 454 457 878 962 1065
380 9 2 1 30 471 512 533 918 824 844
381 9 2 1 30 532 477 539 1066 1067 939
382 9 2 1 30 468 437 614 859 922 990
383 9 2 1 30 453 443 617 864 931 1068
384 9 2 1 30 536 396 622 1069 1070 1071
385 9 2 1 30 559 609 618 1072 1073 1074
386 9 2 1 30 502 592 616 1075 1040 1076
387 9 2 1 30 512 478 548 917 1077 892
388 9 2 1 30 457 458 475 963 964 1078
389 9 2 1 30 439 469 509 875 1079 1063
390 9 2 1 30 415 540 541 1027 740 1080
391 9 2 1 30 402 511 593 662 1081 1082
392 9 2 1 30 482 463 483 913 835 981
393 9 2 1 30 464 417 514 868 946 1021
394 9 2 1 30 124 411 570 1032 938 1083
395 9 2 1 30 506 505 599 750 1084 1085
396 9 2 1 30 442 443 445 1015 970 1086
397 9 2 1 30 397 129 521 1026 887 1087
398 9 2 1 30 446 457 563 1065 1088 1089
399 9 2 1 30 438 439 440 978 1062 1090
400 9 2 1 30 449 424 450 910 1091 993
401 9 2 1 30 436 437 438 980 977 1092
402 9 2 1 30 127 128 517 137 903 1093
403 9 2 1 30 125 126 525 135 908 1094
404 9 2 1 30 475 477 532 965 1066 1095
405 9 2 1 30 456 470 531 1096 1097 929
406 9 2 1 30 514 414 620 649 1098 1099
407 9 2 1 30 142 413 592 954 1038 1100
408 9 2 1 30 505 499 615 915 746 1101
409 9 2 1 30 12 13 536 22 1102 951
410 9 2 1 30 456 452 470 996 1103 1096
411 9 2 1 30 451 450 452 994 1104 995
412 9 2 1 30 392 527 609 702 1105 1106
413 9 2 1 30 422 425 426 896 1008 1107
414 9 2 1 30 434 435 436 1003 979 1108
415 9 2 1 30 460 537 571 1109 1110 1111
416 9 2 1 30 399 526 578 1035 1112 960
417 9 2 1 30 530 450 619 1113 1114 1064
418 9 2 1 30 508 401 621 810 1115 1116
419 9 2 1 30 418 420 474 904 1117 710
420 9 2 1 30 450 530 600 1113 879 1118
421 9 2 1 30 411 539 540 1001 1119 936
422 9 2 1 30 490 492 601 774 1120 1121
423 9 2 1 30 414 536 620 952 1122 1098
424 9 2 1 30 389 551 594 1123 989 708
425 9 2 1 30 432 433 434 1005 1002 1124
426 9 2 1 30 430 431 432 1011 1004 1125
427 9 2 1 30 529 394 587 1126 1127 1128
428 9 2 1 30 497 455 503 925 984 1129
429 9 2 1 30 489 487 583 861 1045 1130
430 9 2 1 30 428 429 430 1013 1010 1131
431 9 2 1 30 410 538 604 1132 716 735
432 9 2 1 30 515 474 586 711 1133 676
433 9 2 1 30 426 427 428 1009 1012 1134
434 9 2 1 30 509 469 582 1079 1135 1136
435 9 2 1 30 477 511 539 928 1137 1067
436 9 2 1 30 518 519 520 1138 997 660
437 9 2 1 30 457 476 563 1139 679 1088
438 9 2 1 30 524 508 569 949 1140 652
439 9 2 1 30 144 400 580 967 1141 1142
440 9 2 1 30 577 489 583 1143 1130 727
441 9 2 1 30 473 545 565 1144 1145 1146
442 9 2 1 30 474 534 535 1147 1148 1149
443 9 2 1 30 162 163 410 202 1150 1151
444 9 2 1 30 391 557 558 1058 655 1152
445 9 2 1 30 519 522 545 1153 1154 998
446 9 2 1 30 545 522 565 1154 1155 1145
447 9 2 1 30 542 529 587 741 1128 1156
448 9 2 1 30 474 420 534 1117 1157 1147
449 9 2 1 30 516 536 622 1158 1071 1159
450 9 2 1 30 163 164 538 203 1160 1161
451 9 2 1 30 198 199 415 238 1162 1163
452 9 2 1 30 197 198 541 237 1164 1165
453 9 2 1 30 196 197 402 236 1166 1167
454 9 2 1 30 539 511 540 1137 739 1119
455 9 2 1 30 164 165 398 204 1168 1169
456 9 2 1 30 195 196 542 235 1170 1171
457 9 2 1 30 420 422 534 901 1172 1157
458 9 2 1 30 523 399 568 1041 959 1173
459 9 2 1 30 422 426 534 1107 1174 1172
460 9 2 1 30 599 505 615 1084 1101 986
461 9 2 1 30 1 11 591 20 1175 1176
462 9 2 1 30 131 6 592 141 1177 1178
463 9 2 1 30 193 194 394 233 1179 1180
464 9 2 1 30 495 564 613 958 1181 934
465 9 2 1 30 496 527 543 973 747 1182
466 9 2 1 30 460 494 537 1183 689 1109
467 9 2 1 30 497 503 567 1129 1184 1185
468 9 2 1 30 167 168 395 207 1186 1187
469 9 2 1 30 123 124 570 133 1083 1188
470 9 2 1 30 445 446 563 971 1089 767
471 9 2 1 30 190 191 388 230 1189 1190
472 9 2 1 30 191 192 547 231 1191 1192
473 9 2 1 30 483 531 578 837 1037 1193
474 9 2 1 30 189 190 549 229 1194 1195
475 9 2 1 30 168 169 546 208 1196 1197
476 9 2 1 30 492 465 584 773 1198 1199
477 9 2 1 30 442 445 544 1086 637 1200
478 9 2 1 30 188 189 405 228 1201 1202
479 9 2 1 30 150 1 591 160 1176 1053
480 9 2 1 30 6 142 592 151 1100 1177
481 9 2 1 30 550 393 615 1203 987 912
482 9 2 1 30 169 170 550 209 1204 1205
483 9 2 1 30 187 188 551 227 1206 1207
484 9 2 1 30 441 440 442 1208 1014 1209
485 9 2 1 30 522 502 616 856 1076 1210
486 9 2 1 30 143 144 580 153 1142 698
487 9 2 1 30 186 187 389 226 1211 1212
488 9 2 1 30 394 533 575 1213 731 1214
489 9 2 1 30 185 186 553 225 1215 1216
490 9 2 1 30 184 185 404 224 1217 1218
491 9 2 1 30 183 184 552 223 1219 1220
492 9 2 1 30 182 183 390 222 1221 1222
493 9 2 1 30 181 182 554 221 1223 1224
494 9 2 1 30 180 181 406 220 1225 1226
495 9 2 1 30 179 180 555 219 1227 1228
496 9 2 1 30 178 179 391 218 1229 1230
497 9 2 1 30 177 178 558 217 1231 1232
498 9 2 1 30 176 177 407 216 1233 1234
499 9 2 1 30 175 176 560 215 1235 1236
500 9 2 1 30 174 175 392 214 1237 1238
501 9 2 1 30 173 174 559 213 1239 1240
502 9 2 1 30 172 173 408 212 1241 1242
503 9 2 1 30 171 172 561 211 1243 1244
504 9 2 1 30 170 171 393 210 1245 1246
505 9 2 1 30 499 498 611 813 667 1247
506 9 2 1 30 518 397 519 898 1248 1138
507 9 2 1 30 571 537 590 1110 1249 1250
508 9 2 1 30 410 163 538 1150 1161 1132
509 9 2 1 30 403 127 517 1017 1093 1043
510 9 2 1 30 609 528 618 1251 877 1073
511 9 2 1 30 472 444 473 1252 1253 1254
512 9 2 1 30 411 125 525 1031 1094 1000
513 9 2 1 30 457 475 476 1078 1255 1139
514 9 2 1 30 13 396 536 1019 1069 1102
515 9 2 1 30 511 479 593 927 941 1081
516 9 2 1 30 199 5 605 239 1256 1257
517 9 2 1 30 482 500 604 983 932 641
518 9 2 1 30 5 123 605 132 1258 1256
519 9 2 1 30 447 569 572 669 737 1259
520 9 2 1 30 198 415 541 1163 1080 1164
521 9 2 1 30 562 480 622 1260 1261 1262
522 9 2 1 30 402 197 541 1166 1165 663
523 9 2 1 30 2 161 603 200 1263 1264
524 9 2 1 30 504 481 595 873 1016 1265
525 9 2 1 30 19 2 603 29 1264 1048
526 9 2 1 30 527 528 609 1055 1251 1105
527 9 2 1 30 394 529 598 1126 1266 1267
528 9 2 1 30 164 398 538 1169 715 1160
529 9 2 1 30 484 504 612 874 1268 1269
530 9 2 1 30 526 412 576 1051 766 1270
531 9 2 1 30 528 497 567 1054 1185 876
532 9 2 1 30 532 403 566 889 1044 1271
533 9 2 1 30 192 193 575 232 1272 1273
534 9 2 1 30 573 459 606 1274 725 1275
535 9 2 1 30 196 402 542 1167 1276 1170
536 9 2 1 30 464 516 610 1023 1277 1050
537 9 2 1 30 569 508 606 1140 1278 738
538 9 2 1 30 509 582 617 1136 1279 930
539 9 2 1 30 561 506 599 988 1085 1280
540 9 2 1 30 470 452 480 1103 1281 1282
541 9 2 1 30 162 410 581 1151 1283 1284
542 9 2 1 30 535 534 573 1148 1285 1286
543 9 2 1 30 473 444 544 1253 1287 1288
544 9 2 1 30 438 440 441 1090 1208 1289
545 9 2 1 30 562 523 568 1046 1173 1290
546 9 2 1 30 408 559 618 1291 1074 885
547 9 2 1 30 432 434 447 1124 1292 1293
548 9 2 1 30 473 544 545 1288 733 1144
549 9 2 1 30 519 397 521 1248 1087 1294
550 9 2 1 30 428 430 459 1131 1295 1296
551 9 2 1 30 470 480 562 1282 1260 1297
552 9 2 1 30 441 444 460 1298 1299 1300
553 9 2 1 30 395 168 546 1186 1197 1301
554 9 2 1 30 388 191 547 1189 1192 943
555 9 2 1 30 480 610 622 1302 1303 1261
556 9 2 1 30 460 472 494 1304 1305 1183
557 9 2 1 30 190 388 549 1190 933 1194
558 9 2 1 30 470 562 568 1297 1290 1306
559 9 2 1 30 500 483 576 982 1307 765
560 9 2 1 30 161 162 581 201 1284 1308
561 9 2 1 30 574 484 612 1309 1269 1310
562 9 2 1 30 450 424 619 1091 1311 1114
563 9 2 1 30 441 442 444 1209 1312 1298
564 9 2 1 30 405 189 549 1201 1195 791
565 9 2 1 30 472 473 485 1254 1313 1314
566 9 2 1 30 193 394 575 1180 1214 1272
567 9 2 1 30 546 169 550 1196 1205 911
568 9 2 1 30 535 573 606 1286 1275 1315
569 9 2 1 30 188 405 551 1202 628 1206
570 9 2 1 30 557 488 564 1059 1316 919
571 9 2 1 30 400 579 580 855 1317 1141
572 9 2 1 30 547 192 575 1191 1273 730
573 9 2 1 30 519 521 522 1294 857 1153
574 9 2 1 30 389 187 551 1211 1207 1123
575 9 2 1 30 170 393 550 1246 1203 1204
576 9 2 1 30 480 600 610 1318 881 1302
577 9 2 1 30 444 442 544 1312 1200 1287
578 9 2 1 30 186 389 553 1212 707 1215
579 9 2 1 30 404 185 553 1217 1216 1319
580 9 2 1 30 184 404 552 1218 1320 1219
581 9 2 1 30 390 183 552 1221 1220 1321
582 9 2 1 30 182 390 554 1222 1322 1223
583 9 2 1 30 406 181 554 1225 1224 781
584 9 2 1 30 180 406 555 1226 754 1227
585 9 2 1 30 391 179 555 1229 1228 1323
586 9 2 1 30 178 391 558 1230 1152 1231
587 9 2 1 30 407 177 558 1233 1232 654
588 9 2 1 30 176 407 560 1234 1007 1235
589 9 2 1 30 392 175 560 1237 1236 703
590 9 2 1 30 174 392 559 1238 1324 1239
591 9 2 1 30 408 173 559 1241 1240 1291
592 9 2 1 30 172 408 561 1242 884 1243
593 9 2 1 30 393 171 561 1245 1244 1325
594 9 2 1 30 475 532 566 1095 1271 1326
595 9 2 1 30 537 447 590 668 1327 1249
596 9 2 1 30 531 470 568 1097 1306 1036
597 9 2 1 30 460 444 472 1299 1252 1304
598 9 2 1 30 485 473 565 1313 1146 695
599 9 2 1 30 564 488 613 1316 1328 1181
600 9 2 1 30 195 542 587 1171 1156 1329
601 9 2 1 30 394 194 587 1179 1330 1127
602 9 2 1 30 476 475 566 1255 1326 713
603 9 2 1 30 533 394 598 1213 1267 866
604 9 2 1 30 398 165 589 1168 1331 1332
605 9 2 1 30 436 438 571 1092 1333 1334
606 9 2 1 30 496 543 564 1182 920 957
607 9 2 1 30 194 195 587 234 1329 1330
608 9 2 1 30 588 601 602 1335 1336 1337
609 9 2 1 30 391 555 556 1323 699 1056
610 9 2 1 30 395 546 574 1301 762 1338
611 9 2 1 30 582 478 617 1339 1340 1279
612 9 2 1 30 426 428 573 1134 1341 1342
613 9 2 1 30 430 432 572 1125 1343 1344
614 9 2 1 30 554 390 577 1322 1345 726
615 9 2 1 30 548 478 582 1077 1339 1346
616 9 2 1 30 534 426 573 1174 1342 1285
617 9 2 1 30 167 395 608 1187 1347 1348
618 9 2 1 30 469 513 582 953 1349 1135
619 9 2 1 30 513 548 582 799 1346 1349
620 9 2 1 30 567 503 597 1184 718 1350
621 9 2 1 30 441 460 571 1300 1111 1351
622 9 2 1 30 165 166 589 205 1352 1331
623 9 2 1 30 448 467 597 906 1353 999
624 9 2 1 30 452 450 600 1104 1118 1354
625 9 2 1 30 484 574 611 1309 1355 694
626 9 2 1 30 529 501 598 684 867 1266
627 9 2 1 30 526 576 578 1270 1356 1112
628 9 2 1 30 438 441 571 1289 1351 1333
629 9 2 1 30 486 489 607 862 1357 852
630 9 2 1 30 608 395 612 1347 1358 1359
631 9 2 1 30 474 535 586 1149 1360 1133
632 9 2 1 30 467 567 597 1020 1350 1353
633 9 2 1 30 459 430 572 1295 1344 723
634 9 2 1 30 576 483 578 1307 1193 1356
635 9 2 1 30 396 562 622 1047 1262 1070
636 9 2 1 30 432 447 572 1293 1259 1343
637 9 2 1 30 428 459 573 1296 1274 1341
638 9 2 1 30 11 414 591 1060 706 1175
639 9 2 1 30 502 131 592 1061 1178 1075
640 9 2 1 30 579 485 580 1361 634 1317
641 9 2 1 30 434 436 590 1108 1362 1363
642 9 2 1 30 424 421 619 909 975 1311
643 9 2 1 30 494 472 579 1305 1364 854
644 9 2 1 30 447 434 590 1292 1363 1327
645 9 2 1 30 492 584 585 1199 1365 1366
646 9 2 1 30 601 492 602 1120 1367 1336
647 9 2 1 30 584 577 585 1368 1369 1365
648 9 2 1 30 488 461 613 923 1006 1328
649 9 2 1 30 489 577 584 1143 1368 1370
650 9 2 1 30 472 485 579 1314 1361 1364
651 9 2 1 30 436 571 590 1334 1250 1362
652 9 2 1 30 166 167 608 206 1348 1371
653 9 2 1 30 404 553 588 1319 764 1372
654 9 2 1 30 516 514 620 1022 1099 1373
655 9 2 1 30 478 453 617 956 1068 1340
656 9 2 1 30 542 402 593 1276 1082 742
657 9 2 1 30 589 166 608 1352 1371 1374
658 9 2 1 30 395 574 612 1338 1310 1358
659 9 2 1 30 398 589 595 1332 1375 643
660 9 2 1 30 390 552 585 1321 1376 1377
661 9 2 1 30 415 199 605 1162 1257 1378
662 9 2 1 30 577 390 585 1345 1377 1369
663 9 2 1 30 581 410 596 1283 734 1379
664 9 2 1 30 565 522 616 1155 1210 1380
665 9 2 1 30 123 570 605 1188 1381 1258
666 9 2 1 30 480 452 600 1281 1354 1318
667 9 2 1 30 574 499 611 761 1247 1355
668 9 2 1 30 589 504 595 1382 1265 1375
669 9 2 1 30 581 510 603 1383 1049 1384
670 9 2 1 30 570 415 605 1028 1378 1381
671 9 2 1 30 504 608 612 1385 1359 1268
672 9 2 1 30 393 561 599 1325 1280 985
673 9 2 1 30 552 404 602 1320 1386 1387
674 9 2 1 30 504 589 608 1382 1374 1385
675 9 2 1 30 404 588 602 1372 1337 1386
676 9 2 1 30 161 581 603 1308 1384 1263
677 9 2 1 30 585 552 602 1376 1387 1388
678 9 2 1 30 601 491 614 1389 991 1390
679 9 2 1 30 536 516 620 1158 1373 1122
680 9 2 1 30 413 565 616 696 1380 1039
681 9 2 1 30 510 581 596 1383 1379 681
682 9 2 1 30 492 585 602 1366 1388 1367
683 9 2 1 30 559 392 609 1324 1106 1072
684 9 2 1 30 489 584 607 1370 1391 1357
685 9 2 1 30 490 601 614 1121 1390 921
686 9 2 1 30 584 465 607 1198 942 1391
687 9 2 1 30 610 516 622 1277 1159 1303
688 9 2 1 30 586 535 621 1360 1392 1393
689 9 2 1 30 588 491 601 763 1389 1335
690 9 2 1 30 535 606 621 1315 1394 1392
691 9 2 1 30 606 508 621 1278 1116 1394
692 9 2 1 30 401 586 621 677 1393 1115
693 9 2 2 31 1922 2038 2432 2605 2606 2607
694 9 2 2 31 1813 1985 2438 2608 2609 2610
695 9 2 2 31 41 2039 2497 2611 2612 2613
696 9 2 2 31 2189 1873 2190 2614 2615 2616
697 9 2 2 31 1599 1969 2480 2617 2618 2619
698 9 2 2 31 2190 1873 2198 2615 2620 2621
699 9 2 2 31 2340 2054 2376 2622 2623 2624
700 9 2 2 31 1427 2171 2172 2625 2626 2627
701 9 2 2 31 1967 1868 2114 2628 2629 2630
702 9 2 2 31 1680 1599 2480 2631 2619 2632
703 9 2 2 31 1975 2433 2454 2633 2634 2635
704 9 2 2 31 1961 1436 1963 2636 2637 2638
705 9 2 2 31 4 86 2407 104 2639 2640
706 9 2 2 31 47 3 2408 66 2641 2642
707 9 2 2 31 1841 1986 1988 2643 2644 2645
708 9 2 2 31 1922 1890 2038 2646 2647 2605
709 9 2 2 31 1939 2123 2275 2648 2649 2650
710 9 2 2 31 1939 1787 2123 2651 2652 2648
711 9 2 2 31 2037 1413 2185 2653 2654 2655
712 9 2 2 31 2003 1395 2018 2656 2657 2658
713 9 2 2 31 41 42 2039 60 2659 2611
714 9 2 2 31 1980 1638 2402 2660 2661 2662
715 9 2 2 31 1895 2040 2358 2663 2664 2665
716 9 2 2 31 1690 2133 2304 2666 2667 2668
717 9 2 2 31 1923 1813 2438 2669 2610 2670
718 9 2 2 31 1787 1743 2434 2671 2672 2673
719 9 2 2 31 1522 2353 2357 2674 2675 2676
720 9 2 2 31 2207 1708 2274 2677 2678 2679
721 9 2 2 31 1664 2340 2376 2680 2624 2681
722 9 2 2 31 1871 1701 2019 2682 2683 2684
723 9 2 2 31 2237 2236 2269 2685 2686 2687
724 9 2 2 31 1696 2049 2242 2688 2689 2690
725 9 2 2 31 2038 1415 2432 2691 2692 2606
726 9 2 2 31 2343 1872 2604 2693 2694 2695
727 9 2 2 31 1979 1888 2249 2696 2697 2698
728 9 2 2 31 2002 1441 2124 2699 2700 2701
729 9 2 2 31 2433 1587 2454 2702 2703 2634
730 9 2 2 31 1910 2079 2118 2704 2705 2706
731 9 2 2 31 1971 2200 2437 2707 2708 2709
732 9 2 2 31 1467 1435 1468 2710 2711 2712
733 9 2 2 31 2218 1629 2435 2713 2714 2715
734 9 2 2 31 2040 1769 2358 2716 2717 2664
735 9 2 2 31 75 4 2407 85 2640 2718
736 9 2 2 31 3 67 2408 76 2719 2641
737 9 2 2 31 1570 2188 2564 2720 2721 2722
738 9 2 2 31 2353 2102 2357 2723 2724 2675
739 9 2 2 31 1809 1989 2439 2725 2726 2727
740 9 2 2 31 2049 1696 2508 2688 2728 2729
741 9 2 2 31 1597 2034 2036 2730 2731 2732
742 9 2 2 31 1888 1979 2186 2696 2733 2734
743 9 2 2 31 1636 1638 1980 2735 2660 2736
744 9 2 2 31 2154 2146 2411 2737 2738 2739
745 9 2 2 31 1597 2033 2034 2740 2741 2730
746 9 2 2 31 99 1432 2023 2742 2743 2744
747 9 2 2 31 1967 2114 2543 2630 2745 2746
748 9 2 2 31 1815 1923 1990 2747 2748 2749
749 9 2 2 31 2008 1797 2011 2750 2751 2752
750 9 2 2 31 1737 2087 2284 2753 2754 2755
751 9 2 2 31 1423 2081 2082 2756 2757 2758
752 9 2 2 31 1934 1809 2439 2759 2727 2760
753 9 2 2 31 1629 2218 2461 2713 2761 2762
754 9 2 2 31 2006 1797 2008 2763 2750 2764
755 9 2 2 31 2018 1395 2234 2657 2765 2766
756 9 2 2 31 2261 2307 2532 2767 2768 2769
757 9 2 2 31 1845 1894 1942 2770 2771 2772
758 9 2 2 31 2266 2381 2399 2773 2774 2775
759 9 2 2 31 1841 1837 1986 2776 2777 2643
760 9 2 2 31 1423 2080 2081 2778 2779 2756
761 9 2 2 31 2190 1404 2199 2780 2781 2782
762 9 2 2 31 1971 1981 2200 2783 2784 2707
763 9 2 2 31 2123 1787 2434 2652 2673 2785
764 9 2 2 31 2236 1686 2269 2786 2787 2686
765 9 2 2 31 1999 1869 2000 2788 2789 2790
766 9 2 2 31 1427 2172 2467 2627 2791 2792
767 9 2 2 31 1779 1997 2349 2793 2794 2795
768 9 2 2 31 2118 2079 2391 2705 2796 2797
769 9 2 2 31 2101 1744 2103 2798 2799 2800
770 9 2 2 31 2323 2296 2415 2801 2802 2803
771 9 2 2 31 2187 1680 2362 2804 2805 2806
772 9 2 2 31 1431 2042 2201 2807 2808 2809
773 9 2 2 31 1415 2038 2406 2691 2810 2811
774 9 2 2 31 2192 1760 2317 2812 2813 2814
775 9 2 2 31 72 1448 2026 2815 2816 2817
776 9 2 2 31 2029 1460 2030 2818 2819 2820
777 9 2 2 31 90 1435 1467 2821 2710 2822
778 9 2 2 31 1464 2324 2387 2823 2824 2825
779 9 2 2 31 1545 2154 2411 2826 2739 2827
780 9 2 2 31 2301 1425 2328 2828 2829 2830
781 9 2 2 31 1436 1961 2039 2636 2831 2832
782 9 2 2 31 2103 1744 2126 2799 2833 2834
783 9 2 2 31 1404 2190 2198 2780 2621 2835
784 9 2 2 31 2035 1751 2174 2836 2837 2838
785 9 2 2 31 1806 1808 2085 2839 2840 2841
786 9 2 2 31 2223 1994 2552 2842 2843 2844
787 9 2 2 31 2352 1840 2452 2845 2846 2847
788 9 2 2 31 1995 1909 1996 2848 2849 2850
789 9 2 2 31 1439 2065 2067 2851 2852 2853
790 9 2 2 31 1570 1584 2188 2854 2855 2720
791 9 2 2 31 1990 1923 2501 2748 2856 2857
792 9 2 2 31 2026 1448 2210 2816 2858 2859
793 9 2 2 31 2108 1994 2223 2860 2842 2861
794 9 2 2 31 2171 1427 2300 2625 2862 2863
795 9 2 2 31 2015 2255 2259 2864 2865 2866
796 9 2 2 31 93 1430 2025 2867 2868 2869
797 9 2 2 31 1978 1828 2588 2870 2871 2872
798 9 2 2 31 1840 2352 2372 2845 2873 2874
799 9 2 2 31 1871 2019 2104 2684 2875 2876
800 9 2 2 31 2133 2132 2304 2877 2878 2667
801 9 2 2 31 2099 2093 2487 2879 2880 2881
802 9 2 2 31 1827 1825 1890 2882 2883 2884
803 9 2 2 31 1680 2107 2362 2885 2886 2805
804 9 2 2 31 1450 2043 2359 2887 2888 2889
805 9 2 2 31 1777 1975 2454 2890 2635 2891
806 9 2 2 31 1831 1828 1978 2892 2870 2893
807 9 2 2 31 1416 2135 2241 2894 2895 2896
808 9 2 2 31 1757 2083 2293 2897 2898 2899
809 9 2 2 31 98 99 2023 117 2744 2900
810 9 2 2 31 1868 1913 2114 2901 2902 2629
811 9 2 2 31 1798 1804 2312 2903 2904 2905
812 9 2 2 31 2346 1929 2482 2906 2907 2908
813 9 2 2 31 2203 1851 2295 2909 2910 2911
814 9 2 2 31 2024 2343 2604 2912 2695 2913
815 9 2 2 31 1936 2036 2373 2914 2915 2916
816 9 2 2 31 2086 1480 2505 2917 2918 2919
817 9 2 2 31 1433 1467 1966 2920 2921 2922
818 9 2 2 31 2413 1598 2448 2923 2924 2925
819 9 2 2 31 1439 2067 2070 2853 2926 2927
820 9 2 2 31 1801 1909 1995 2928 2848 2929
821 9 2 2 31 2380 2064 2529 2930 2931 2932
822 9 2 2 31 1793 1845 1943 2933 2934 2935
823 9 2 2 31 1701 1703 2019 2936 2937 2683
824 9 2 2 31 1827 1890 1922 2884 2646 2938
825 9 2 2 31 1966 1468 2460 2939 2940 2941
826 9 2 2 31 2043 1453 2359 2942 2943 2888
827 9 2 2 31 1825 1821 1948 2944 2945 2946
828 9 2 2 31 1988 1986 2004 2644 2947 2948
829 9 2 2 31 2024 2025 2343 2949 2950 2912
830 9 2 2 31 1891 1831 1978 2951 2893 2952
831 9 2 2 31 2008 2011 2392 2752 2953 2954
832 9 2 2 31 1756 2239 2244 2955 2956 2957
833 9 2 2 31 2193 2192 2317 2958 2814 2959
834 9 2 2 31 1774 1645 2055 2960 2961 2962
835 9 2 2 31 1676 2380 2529 2963 2932 2964
836 9 2 2 31 180 179 2155 219 2965 2966
837 9 2 2 31 2414 2413 2448 2967 2925 2968
838 9 2 2 31 2025 1430 2076 2868 2969 2970
839 9 2 2 31 2381 1507 2399 2971 2972 2774
840 9 2 2 31 2422 2387 2442 2973 2974 2975
841 9 2 2 31 1468 1435 1469 2711 2976 2977
842 9 2 2 31 1833 1831 1891 2978 2951 2979
843 9 2 2 31 2036 2174 2373 2980 2981 2915
844 9 2 2 31 2047 2072 2073 2982 2983 2984
845 9 2 2 31 2192 2099 2487 2985 2881 2986
846 9 2 2 31 2038 2037 2185 2987 2655 2988
847 9 2 2 31 1893 2301 2328 2989 2830 2990
848 9 2 2 31 1668 1670 2160 2991 2992 2993
849 9 2 2 31 1414 2158 2401 2994 2995 2996
850 9 2 2 31 2261 2532 2538 2769 2997 2998
851 9 2 2 31 2164 1410 2599 2999 3000 3001
852 9 2 2 31 2224 1984 2504 3002 3003 3004
853 9 2 2 31 1410 1985 2599 3005 3006 3000
854 9 2 2 31 1706 2228 2373 3007 3008 3009
855 9 2 2 31 1413 2037 2400 2653 3010 3011
856 9 2 2 31 2207 2274 2451 2679 3012 3013
857 9 2 2 31 2392 2011 2479 2953 3014 3015
858 9 2 2 31 1431 2331 2390 3016 3017 3018
859 9 2 2 31 2009 2098 2502 3019 3020 3021
860 9 2 2 31 2057 2223 2552 3022 2844 3023
861 9 2 2 31 1480 2005 2505 3024 3025 2918
862 9 2 2 31 1799 1763 1994 3026 3027 3028
863 9 2 2 31 2013 1438 2074 3029 3030 3031
864 9 2 2 31 2143 1864 2327 3032 3033 3034
865 9 2 2 31 1808 1869 2085 3035 3036 2840
866 9 2 2 31 2124 1441 2337 2700 3037 3038
867 9 2 2 31 1879 1817 1990 3039 3040 3041
868 9 2 2 31 1970 1971 1972 3042 3043 3044
869 9 2 2 31 1651 1797 2006 3045 2763 3046
870 9 2 2 31 2331 1976 2390 3047 3048 3017
871 9 2 2 31 2167 1616 2169 3049 3050 3051
872 9 2 2 31 1969 1784 1970 3052 3053 3054
873 9 2 2 31 42 1436 2039 3055 2832 2659
874 9 2 2 31 2087 2088 2284 3056 3057 2754
875 9 2 2 31 1528 1529 2130 3058 3059 3060
876 9 2 2 31 2173 2239 2311 3061 3062 3063
877 9 2 2 31 2114 1966 2460 3064 2941 3065
878 9 2 2 31 1441 2002 2125 2699 3066 3067
879 9 2 2 31 2247 1952 2253 3068 3069 3070
880 9 2 2 31 1468 1469 1470 2977 3071 3072
881 9 2 2 31 1774 2055 2056 2962 3073 3074
882 9 2 2 31 2425 2385 2567 3075 3076 3077
883 9 2 2 31 2254 2004 2582 3078 3079 3080
884 9 2 2 31 2041 1450 2201 3081 3082 3083
885 9 2 2 31 2229 1953 2420 3084 3085 3086
886 9 2 2 31 2421 1990 2501 3087 2857 3088
887 9 2 2 31 2042 2041 2201 3089 3083 2808
888 9 2 2 31 1474 2001 2352 3090 3091 3092
889 9 2 2 31 1433 1966 2113 2922 3093 3094
890 9 2 2 31 2173 2311 2574 3063 3095 3096
891 9 2 2 31 1935 2143 2327 3097 3034 3098
892 9 2 2 31 2184 1879 2298 3099 3100 3101
893 9 2 2 31 1797 1658 2012 3102 3103 3104
894 9 2 2 31 1994 1763 2552 3027 3105 2843
895 9 2 2 31 2379 1928 2448 3106 3107 3108
896 9 2 2 31 1405 2108 2120 3109 3110 3111
897 9 2 2 31 2083 2081 2293 3112 3113 2898
898 9 2 2 31 1736 2148 2149 3114 3115 3116
899 9 2 2 31 2130 2129 2132 3117 3118 3119
900 9 2 2 31 2016 2044 2550 3120 3121 3122
901 9 2 2 31 2251 1456 2602 3123 3124 3125
902 9 2 2 31 2270 1902 2330 3126 3127 3128
903 9 2 2 31 1604 1642 2244 3129 3130 3131
904 9 2 2 31 2245 2175 2596 3132 3133 3134
905 9 2 2 31 1452 1455 1457 3135 3136 3137
906 9 2 2 31 1461 1451 1463 3138 3139 3140
907 9 2 2 31 1948 1821 2456 2945 3141 3142
908 9 2 2 31 1425 2279 2329 3143 3144 3145
909 9 2 2 31 2436 2228 2464 3146 3147 3148
910 9 2 2 31 2356 1733 2395 3149 3150 3151
911 9 2 2 31 1879 1990 2298 3041 3152 3100
912 9 2 2 31 1996 2348 2447 3153 3154 3155
913 9 2 2 31 2065 1439 2127 2851 3156 3157
914 9 2 2 31 2069 2068 2280 3158 3159 3160
915 9 2 2 31 1443 2082 2405 3161 3162 3163
916 9 2 2 31 1598 2379 2448 3164 3108 2924
917 9 2 2 31 1982 1727 2458 3165 3166 3167
918 9 2 2 31 1708 2207 2336 2677 3168 3169
919 9 2 2 31 1597 1544 2033 3170 3171 2740
920 9 2 2 31 2143 1502 2233 3172 3173 3174
921 9 2 2 31 1997 2329 2349 3175 3176 2794
922 9 2 2 31 2237 2269 2270 2687 3177 3178
923 9 2 2 31 1891 1978 2014 2952 3179 3180
924 9 2 2 31 1463 1465 1466 3181 3182 3183
925 9 2 2 31 1459 1457 1460 3184 3185 3186
926 9 2 2 31 2330 1901 2332 3187 3188 3189
927 9 2 2 31 1866 1798 2312 3190 2905 3191
928 9 2 2 31 1902 1901 2330 3192 3187 3127
929 9 2 2 31 1453 2043 2281 2942 3193 3194
930 9 2 2 31 1942 1894 2443 2771 3195 3196
931 9 2 2 31 2228 1936 2373 3197 2916 3008
932 9 2 2 31 1736 2147 2148 3198 3199 3114
933 9 2 2 31 1532 2129 2130 3200 3117 3201
934 9 2 2 31 1464 2387 2440 2825 3202 3203
935 9 2 2 31 2186 1979 2299 2733 3204 3205
936 9 2 2 31 2082 1443 2498 3161 3206 3207
937 9 2 2 31 1450 2041 2043 3081 3208 2887
938 9 2 2 31 1470 1471 1472 3209 3210 3211
939 9 2 2 31 2187 1884 2188 3212 3213 3214
940 9 2 2 31 1929 2346 2530 2906 3215 3216
941 9 2 2 31 1963 1436 1964 2637 3217 3218
942 9 2 2 31 1599 1634 1969 3219 3220 2617
943 9 2 2 31 1682 2323 2415 3221 2803 3222
944 9 2 2 31 1432 2229 2420 3223 3086 3224
945 9 2 2 31 2182 1603 2354 3225 3226 3227
946 9 2 2 31 2182 2425 2567 3228 3077 3229
947 9 2 2 31 2338 1683 2490 3230 3231 3232
948 9 2 2 31 1977 1911 2107 3233 3234 3235
949 9 2 2 31 1839 1837 1841 3236 2776 3237
950 9 2 2 31 1983 2377 2478 3238 3239 3240
951 9 2 2 31 1817 1815 1990 3241 2749 3040
952 9 2 2 31 2095 2245 2596 3242 3134 3243
953 9 2 2 31 2279 1941 2329 3244 3245 3144
954 9 2 2 31 1435 91 2024 3246 3247 3248
955 9 2 2 31 1986 1837 2572 2777 3249 3250
956 9 2 2 31 2090 2093 2099 3251 2879 3252
957 9 2 2 31 1634 1636 1784 3253 3254 3255
958 9 2 2 31 1638 1640 1983 3256 3257 3258
959 9 2 2 31 190 189 2199 229 3259 3260
960 9 2 2 31 2410 2248 2453 3261 3262 3263
961 9 2 2 31 2364 1426 2369 3264 3265 3266
962 9 2 2 31 1470 1469 1471 3071 3267 3209
963 9 2 2 31 1996 1400 2348 3268 3269 3153
964 9 2 2 31 1640 1738 1792 3270 3271 3272
965 9 2 2 31 2121 1777 2454 3273 2891 3274
966 9 2 2 31 1892 2182 2354 3275 3227 3276
967 9 2 2 31 2040 2228 2436 3277 3146 3278
968 9 2 2 31 1528 2130 2131 3060 3279 3280
969 9 2 2 31 2155 1946 2481 3281 3282 3283
970 9 2 2 31 2280 2068 2446 3159 3284 3285
971 9 2 2 31 1438 2013 2075 3029 3286 3287
972 9 2 2 31 1472 1473 1475 3288 3289 3290
973 9 2 2 31 1634 1784 1969 3255 3052 3220
974 9 2 2 31 1894 1952 2135 3291 3292 3293
975 9 2 2 31 1985 1410 2438 3005 3294 2609
976 9 2 2 31 1504 2175 2245 3295 3132 3296
977 9 2 2 31 1459 1460 2495 3186 3297 3298
978 9 2 2 31 1532 2128 2129 3299 3300 3200
979 9 2 2 31 1995 1996 2447 2850 3155 3301
980 9 2 2 31 1727 1982 2510 3165 3302 3303
981 9 2 2 31 2270 2330 2500 3128 3304 3305
982 9 2 2 31 1475 2000 2001 3306 3307 3308
983 9 2 2 31 1938 2035 2433 3309 3310 3311
984 9 2 2 31 1547 2031 2033 3312 3313 3314
985 9 2 2 31 1616 2167 2243 3049 3315 3316
986 9 2 2 31 1442 180 2155 3317 2966 3318
987 9 2 2 31 1869 1999 2085 2788 3319 3036
988 9 2 2 31 2174 1751 2342 2837 3320 3321
989 9 2 2 31 2075 2053 2141 3322 3323 3324
990 9 2 2 31 2226 2171 2300 3325 2863 3326
991 9 2 2 31 1552 1548 2250 3327 3328 3329
992 9 2 2 31 2387 2324 2442 2824 3330 2974
993 9 2 2 31 2203 2295 2496 2911 3331 3332
994 9 2 2 31 1676 1677 2071 3333 3334 3335
995 9 2 2 31 1765 1668 2160 3336 2993 3337
996 9 2 2 31 1400 1996 2403 3268 3338 3339
997 9 2 2 31 2034 2035 2174 3340 2838 3341
998 9 2 2 31 1433 89 1467 3342 3343 2920
999 9 2 2 31 2098 2009 2225 3019 3344 3345
1000 9 2 2 31 1803 1781 2219 3346 3347 3348
1001 9 2 2 31 1529 1532 2130 3349 3201 3059
1002 9 2 2 31 1875 2213 2230 3350 3351 3352
1003 9 2 2 31 2142 2143 2233 3353 3174 3354
1004 9 2 2 31 1993 1799 1994 3355 3028 3356
1005 9 2 2 31 1970 1784 1971 3053 3357 3042
1006 9 2 2 31 1800 2153 2218 3358 3359 3360
1007 9 2 2 31 1890 1825 1948 2883 2946 3361
1008 9 2 2 31 2017 2003 2018 3362 2658 3363
1009 9 2 2 31 1595 1599 1680 3364 2631 3365
1010 9 2 2 31 2012 1658 2591 3103 3366 3367
1011 9 2 2 31 2133 1690 2492 2666 3368 3369
1012 9 2 2 31 1896 2248 2265 3370 3371 3372
1013 9 2 2 31 2089 2090 2099 3373 3252 3374
1014 9 2 2 31 1905 2398 2463 3375 3376 3377
1015 9 2 2 31 2169 1616 2244 3050 3378 3379
1016 9 2 2 31 1793 1795 1845 3380 3381 2933
1017 9 2 2 31 1560 1561 2121 3382 3383 3384
1018 9 2 2 31 89 90 1467 108 2822 3343
1019 9 2 2 31 2109 2111 2156 3385 3386 3387
1020 9 2 2 31 1845 1846 1894 3388 3389 2770
1021 9 2 2 31 1809 1807 1989 3390 3391 2725
1022 9 2 2 31 2251 1905 2463 3392 3377 3393
1023 9 2 2 31 1998 1727 2510 3394 3303 3395
1024 9 2 2 31 1802 1954 2258 3396 3397 3398
1025 9 2 2 31 1584 2187 2188 3399 3214 2855
1026 9 2 2 31 2248 1758 2265 3400 3401 3371
1027 9 2 2 31 1793 1943 2504 2935 3402 3403
1028 9 2 2 31 2398 1905 2523 3375 3404 3405
1029 9 2 2 31 2020 98 2023 3406 2900 3407
1030 9 2 2 31 92 93 2025 111 2869 3408
1031 9 2 2 31 2047 2045 2072 3409 3410 2982
1032 9 2 2 31 1833 1891 2409 2979 3411 3412
1033 9 2 2 31 1894 1951 1952 3413 3414 3291
1034 9 2 2 31 1559 2116 2292 3415 3416 3417
1035 9 2 2 31 1677 1684 2071 3418 3419 3334
1036 9 2 2 31 1428 2109 2110 3420 3421 3422
1037 9 2 2 31 1765 2321 2428 3423 3424 3425
1038 9 2 2 31 1851 2203 2296 2909 3426 3427
1039 9 2 2 31 2033 2032 2034 3428 3429 2741
1040 9 2 2 31 2132 2129 2358 3118 3430 3431
1041 9 2 2 31 1472 1471 1473 3210 3432 3288
1042 9 2 2 31 1970 1972 1973 3044 3433 3434
1043 9 2 2 31 2331 2301 2584 3435 3436 3437
1044 9 2 2 31 1530 2197 2283 3438 3439 3440
1045 9 2 2 31 1485 1566 2005 3441 3442 3443
1046 9 2 2 31 2239 1756 2311 2955 3444 3062
1047 9 2 2 31 1736 1605 2147 3445 3446 3198
1048 9 2 2 31 2160 1670 2529 2992 3447 3448
1049 9 2 2 31 2158 1414 2429 2994 3449 3450
1050 9 2 2 31 2153 1800 2217 3358 3451 3452
1051 9 2 2 31 1845 1942 1943 2772 3453 2934
1052 9 2 2 31 1862 2109 2156 3454 3387 3455
1053 9 2 2 31 2105 2423 2595 3456 3457 3458
1054 9 2 2 31 1645 1606 2055 3459 3460 2961
1055 9 2 2 31 1945 2410 2453 3461 3263 3462
1056 9 2 2 31 2042 1431 2390 2807 3018 3463
1057 9 2 2 31 1811 1809 1934 3464 2759 3465
1058 9 2 2 31 1984 1792 2504 3466 3467 3003
1059 9 2 2 31 2047 2073 2568 2984 3468 3469
1060 9 2 2 31 2155 179 2371 2965 3470 3471
1061 9 2 2 31 1621 1749 2055 3472 3473 3474
1062 9 2 2 31 1958 2209 2396 3475 3476 3477
1063 9 2 2 31 1861 2003 2017 3478 3362 3479
1064 9 2 2 31 1710 1801 1995 3480 2929 3481
1065 9 2 2 31 2136 1408 2570 3482 3483 3484
1066 9 2 2 31 1890 1948 2037 3361 3485 3486
1067 9 2 2 31 2027 1434 2029 3487 3488 3489
1068 9 2 2 31 1991 1629 2419 3490 3491 3492
1069 9 2 2 31 1807 1805 1887 3493 3494 3495
1070 9 2 2 31 1559 1486 2116 3496 3497 3415
1071 9 2 2 31 2367 1681 2414 3498 3499 3500
1072 9 2 2 31 2078 1459 2495 3501 3298 3502
1073 9 2 2 31 2089 1553 2090 3503 3504 3373
1074 9 2 2 31 1805 1799 1993 3505 3355 3506
1075 9 2 2 31 1854 2140 2277 3507 3508 3509
1076 9 2 2 31 69 70 1447 79 3510 3511
1077 9 2 2 31 72 73 1448 82 3512 2815
1078 9 2 2 31 2423 1907 2524 3513 3514 3515
1079 9 2 2 31 1815 1813 1923 3516 2669 2747
1080 9 2 2 31 2191 2356 2395 3517 3151 3518
1081 9 2 2 31 2378 2076 2471 3519 3520 3521
1082 9 2 2 31 2254 2253 2563 3522 3523 3524
1083 9 2 2 31 2159 1416 2562 3525 3526 3527
1084 9 2 2 31 1605 1586 2147 3528 3529 3446
1085 9 2 2 31 71 72 2026 81 2817 3530
1086 9 2 2 31 1713 2186 2299 3531 3205 3532
1087 9 2 2 31 1648 1764 2084 3533 3534 3535
1088 9 2 2 31 1476 1478 1602 3536 3537 3538
1089 9 2 2 31 2024 92 2025 3539 3408 2949
1090 9 2 2 31 2031 2032 2033 3540 3428 3313
1091 9 2 2 31 1499 1553 2089 3541 3503 3542
1092 9 2 2 31 1400 2016 2348 3543 3544 3269
1093 9 2 2 31 1649 1651 2006 3545 3046 3546
1094 9 2 2 31 2296 1959 2415 3547 3548 2802
1095 9 2 2 31 2044 2016 2450 3120 3549 3550
1096 9 2 2 31 2000 1869 2370 2789 3551 3552
1097 9 2 2 31 2167 2166 2243 3553 3554 3315
1098 9 2 2 31 1874 2111 2157 3555 3556 3557
1099 9 2 2 31 2115 1493 2231 3558 3559 3560
1100 9 2 2 31 2048 2049 2533 3561 3562 3563
1101 9 2 2 31 2023 1432 2477 2743 3564 3565
1102 9 2 2 31 1956 1803 2219 3566 3348 3567
1103 9 2 2 31 1564 1593 2278 3568 3569 3570
1104 9 2 2 31 1642 1756 2244 3571 2957 3130
1105 9 2 2 31 1988 2004 2254 2948 3078 3572
1106 9 2 2 31 1972 1971 2437 3043 2709 3573
1107 9 2 2 31 1547 1549 2031 3574 3575 3312
1108 9 2 2 31 1884 2187 2362 3212 2806 3576
1109 9 2 2 31 1629 1991 2435 3490 3577 2714
1110 9 2 2 31 2080 1423 2325 2778 3578 3579
1111 9 2 2 31 189 1444 2199 3580 3581 3259
1112 9 2 2 31 2195 1552 2250 3582 3329 3583
1113 9 2 2 31 1801 1907 1909 3584 3585 2928
1114 9 2 2 31 1404 190 2199 3586 3260 2781
1115 9 2 2 31 1475 1473 1476 3289 3587 3588
1116 9 2 2 31 2179 1984 2224 3589 3002 3590
1117 9 2 2 31 1807 1887 1989 3495 3591 3391
1118 9 2 2 31 1544 1547 2033 3592 3314 3171
1119 9 2 2 31 1475 1476 1999 3588 3593 3594
1120 9 2 2 31 2013 2074 2479 3031 3595 3596
1121 9 2 2 31 1478 1480 2086 3597 2917 3598
1122 9 2 2 31 2030 1460 2368 2819 3599 3600
1123 9 2 2 31 2111 1874 2156 3555 3601 3386
1124 9 2 2 31 97 98 2020 116 3406 3602
1125 9 2 2 31 1456 2556 2602 3603 3604 3124
1126 9 2 2 31 2557 1462 2603 3605 3606 3607
1127 9 2 2 31 1640 1792 2589 3272 3608 3609
1128 9 2 2 31 2249 1888 2590 2697 3610 3611
1129 9 2 2 31 1736 2149 2217 3116 3612 3613
1130 9 2 2 31 2372 2370 2507 3614 3615 3616
1131 9 2 2 31 1542 1597 2222 3617 3618 3619
1132 9 2 2 31 2122 2052 2238 3620 3621 3622
1133 9 2 2 31 2085 1602 2493 3623 3624 3625
1134 9 2 2 31 2002 1992 2125 3626 3627 3066
1135 9 2 2 31 1588 1571 1606 3628 3629 3630
1136 9 2 2 31 2219 2218 2435 3631 2715 3632
1137 9 2 2 31 35 2301 2331 3633 3435 3634
1138 9 2 2 31 1452 1457 1459 3137 3184 3635
1139 9 2 2 31 1463 1451 1465 3139 3636 3181
1140 9 2 2 31 2049 2508 2533 2729 3637 3562
1141 9 2 2 31 1584 1595 2187 3638 3639 3399
1142 9 2 2 31 1991 1682 2415 3640 3222 3641
1143 9 2 2 31 1591 1646 1648 3642 3643 3644
1144 9 2 2 31 2157 192 2580 3645 3646 3647
1145 9 2 2 31 1602 2312 2493 3648 3649 3624
1146 9 2 2 31 1566 1559 1571 3650 3651 3652
1147 9 2 2 31 1813 1811 1985 3653 3654 2608
1148 9 2 2 31 1887 2513 2571 3655 3656 3657
1149 9 2 2 31 1826 1825 1827 3658 2882 3659
1150 9 2 2 31 1475 1999 2000 3594 2790 3306
1151 9 2 2 31 1466 2113 2489 3660 3661 3662
1152 9 2 2 31 1452 68 1455 3663 3664 3135
1153 9 2 2 31 74 1451 1461 3665 3138 3666
1154 9 2 2 31 1442 2155 2481 3318 3283 3667
1155 9 2 2 31 1763 1645 1774 3668 2960 3669
1156 9 2 2 31 1819 1817 1879 3670 3039 3671
1157 9 2 2 31 2129 1895 2358 3672 2665 3430
1158 9 2 2 31 1996 1909 2105 2849 3673 3674
1159 9 2 2 31 2015 2014 2457 3675 3676 3677
1160 9 2 2 31 1648 1710 1764 3678 3679 3533
1161 9 2 2 31 38 39 2318 57 3680 3681
1162 9 2 2 31 1960 2364 2369 3682 3266 3683
1163 9 2 2 31 1910 2118 2524 2706 3684 3685
1164 9 2 2 31 2002 2124 2263 2701 3686 3687
1165 9 2 2 31 1426 97 2020 3688 3602 3689
1166 9 2 2 31 1395 2003 2550 2656 3690 3691
1167 9 2 2 31 1648 1646 1710 3643 3692 3678
1168 9 2 2 31 2174 2342 2373 3321 3693 2981
1169 9 2 2 31 2135 1416 2443 2894 3694 3695
1170 9 2 2 31 1703 2017 2019 3696 3697 2937
1171 9 2 2 31 2463 1458 2556 3698 3699 3700
1172 9 2 2 31 88 89 1433 107 3342 3701
1173 9 2 2 31 44 45 1434 63 3702 3703
1174 9 2 2 31 1567 1590 1591 3704 3705 3706
1175 9 2 2 31 90 91 1435 109 3246 2821
1176 9 2 2 31 42 43 1436 61 3707 3055
1177 9 2 2 31 1811 1934 1985 3465 3708 3654
1178 9 2 2 31 1548 1546 2250 3709 3710 3328
1179 9 2 2 31 1907 1910 2524 3711 3685 3514
1180 9 2 2 31 1591 1590 1646 3705 3712 3642
1181 9 2 2 31 1555 1564 2278 3713 3570 3714
1182 9 2 2 31 1764 1710 1995 3679 3481 3715
1183 9 2 2 31 1891 2014 2015 3180 3675 3716
1184 9 2 2 31 1588 1606 1645 3630 3459 3717
1185 9 2 2 31 1874 2157 2198 3557 3718 3719
1186 9 2 2 31 1566 1571 1588 3652 3628 3720
1187 9 2 2 31 2197 2196 2283 3721 3722 3439
1188 9 2 2 31 2152 1540 2526 3723 3724 3725
1189 9 2 2 31 1638 1983 2402 3258 3726 2661
1190 9 2 2 31 1467 1468 1966 2712 2939 2921
1191 9 2 2 31 69 1447 2602 3511 3727 3728
1192 9 2 2 31 1448 73 2603 3512 3729 3730
1193 9 2 2 31 1490 1493 2115 3731 3558 3732
1194 9 2 2 31 1540 2152 2459 3723 3733 3734
1195 9 2 2 31 1418 2247 2253 3735 3070 3736
1196 9 2 2 31 2265 2266 2399 3737 2775 3738
1197 9 2 2 31 1857 1982 2227 3739 3740 3741
1198 9 2 2 31 2015 2259 2474 2866 3742 3743
1199 9 2 2 31 1837 1835 2572 3744 3745 3249
1200 9 2 2 31 192 2157 2427 3645 3746 3747
1201 9 2 2 31 2374 2087 2441 3748 3749 3750
1202 9 2 2 31 2149 2153 2217 3751 3452 3612
1203 9 2 2 31 2150 2148 2154 3752 3753 3754
1204 9 2 2 31 1430 2444 2471 3755 3756 3757
1205 9 2 2 31 2007 2006 2008 3758 2764 3759
1206 9 2 2 31 1749 1649 2006 3760 3546 3761
1207 9 2 2 31 1899 2002 2263 3762 3687 3763
1208 9 2 2 31 2086 1866 2312 3764 3191 3765
1209 9 2 2 31 1887 1805 1993 3494 3506 3766
1210 9 2 2 31 1890 2037 2038 3486 2987 2647
1211 9 2 2 31 1993 1994 2108 3356 2860 3767
1212 9 2 2 31 1485 1486 1559 3768 3496 3769
1213 9 2 2 31 2010 2009 2502 3770 3021 3771
1214 9 2 2 31 2060 2065 2127 3772 3157 3773
1215 9 2 2 31 2007 2008 2009 3759 3774 3775
1216 9 2 2 31 2067 2069 2070 3776 3777 2926
1217 9 2 2 31 2035 1938 2383 3309 3778 3779
1218 9 2 2 31 1743 1744 2434 3780 3781 2672
1219 9 2 2 31 39 40 1429 58 3782 3783
1220 9 2 2 31 93 94 1430 112 3784 2867
1221 9 2 2 31 1556 1552 2195 3785 3582 3786
1222 9 2 2 31 1749 2006 2007 3761 3758 3787
1223 9 2 2 31 1682 1991 2419 3640 3492 3788
1224 9 2 2 31 1485 1559 1566 3769 3650 3441
1225 9 2 2 31 2092 2518 2565 3789 3790 3791
1226 9 2 2 31 1476 1602 1999 3538 3792 3593
1227 9 2 2 31 1616 1604 2244 3793 3131 3378
1228 9 2 2 31 2116 2115 2117 3794 3795 3796
1229 9 2 2 31 1983 1640 2589 3257 3609 3797
1230 9 2 2 31 2034 2032 2035 3429 3798 3340
1231 9 2 2 31 1606 1613 1621 3799 3800 3801
1232 9 2 2 31 2198 2157 2580 3718 3647 3802
1233 9 2 2 31 2076 1430 2471 2969 3757 3520
1234 9 2 2 31 1621 1649 1749 3803 3760 3472
1235 9 2 2 31 2055 1749 2575 3473 3804 3805
1236 9 2 2 31 1606 1621 2055 3801 3474 3460
1237 9 2 2 31 2036 2034 2174 2731 3341 2980
1238 9 2 2 31 1426 2020 2021 3689 3806 3807
1239 9 2 2 31 2005 1566 2365 3442 3808 3809
1240 9 2 2 31 1989 1887 2571 3591 3657 3810
1241 9 2 2 31 1688 1689 2106 3811 3812 3813
1242 9 2 2 31 2082 2081 2083 2757 3112 3814
1243 9 2 2 31 2109 1428 2111 3420 3815 3385
1244 9 2 2 31 1975 1777 2544 2890 3816 3817
1245 9 2 2 31 1914 2338 2490 3818 3232 3819
1246 9 2 2 31 2115 2231 2585 3560 3820 3821
1247 9 2 2 31 2328 1425 2329 2829 3145 3822
1248 9 2 2 31 1471 1872 2339 3823 3824 3825
1249 9 2 2 31 1861 1917 2003 3826 3827 3478
1250 9 2 2 31 1943 1942 2158 3453 3828 3829
1251 9 2 2 31 2160 2063 2321 3830 3831 3832
1252 9 2 2 31 1839 1841 1974 3237 3833 3834
1253 9 2 2 31 2239 2169 2244 3835 3379 2956
1254 9 2 2 31 2161 2136 2570 3836 3484 3837
1255 9 2 2 31 36 1425 2301 3838 2828 3839
1256 9 2 2 31 1774 2056 2057 3074 3840 3841
1257 9 2 2 31 1438 2075 2141 3287 3324 3842
1258 9 2 2 31 2102 2103 2341 3843 3844 3845
1259 9 2 2 31 286 1396 2074 3846 3847 3848
1260 9 2 2 31 1969 1970 1977 3054 3849 3850
1261 9 2 2 31 2142 1864 2143 3851 3032 3353
1262 9 2 2 31 1862 2156 2273 3455 3852 3853
1263 9 2 2 31 1586 2144 2147 3854 3855 3529
1264 9 2 2 31 1561 1567 2121 3856 3857 3383
1265 9 2 2 31 1602 1478 2086 3537 3598 3858
1266 9 2 2 31 1404 2198 2580 2835 3802 3859
1267 9 2 2 31 2011 1797 2012 2751 3104 3860
1268 9 2 2 31 1516 2332 2347 3861 3862 3863
1269 9 2 2 31 1621 1622 1649 3864 3865 3803
1270 9 2 2 31 1842 2210 2576 3866 3867 3868
1271 9 2 2 31 1447 2251 2602 3869 3125 3727
1272 9 2 2 31 1792 1984 2589 3466 3870 3608
1273 9 2 2 31 36 37 1425 55 3871 3838
1274 9 2 2 31 96 97 1426 115 3688 3872
1275 9 2 2 31 1784 1636 1980 3254 2736 3873
1276 9 2 2 31 1457 1455 2556 3136 3874 3875
1277 9 2 2 31 1461 1463 2557 3140 3876 3877
1278 9 2 2 31 1482 1484 1485 3878 3879 3880
1279 9 2 2 31 2105 1909 2423 3673 3881 3456
1280 9 2 2 31 1497 1499 2089 3882 3542 3883
1281 9 2 2 31 1906 1802 2258 3884 3398 3885
1282 9 2 2 31 1430 94 2444 3784 3886 3755
1283 9 2 2 31 1823 1821 1825 3887 2944 3888
1284 9 2 2 31 1603 1511 2139 3889 3890 3891
1285 9 2 2 31 1781 1800 2219 3892 3893 3347
1286 9 2 2 31 1651 1658 1797 3894 3102 3045
1287 9 2 2 31 1726 1730 2232 3895 3896 3897
1288 9 2 2 31 2016 1400 2450 3543 3898 3549
1289 9 2 2 31 1963 1964 1965 3218 3899 3900
1290 9 2 2 31 2332 1901 2347 3188 3901 3862
1291 9 2 2 31 2021 2020 2022 3806 3902 3903
1292 9 2 2 31 1722 1864 2142 3904 3851 3905
1293 9 2 2 31 1435 2024 2604 3248 2913 3906
1294 9 2 2 31 1848 2168 2226 3907 3908 3909
1295 9 2 2 31 1818 1820 2351 3910 3911 3912
1296 9 2 2 31 2120 2108 2223 3110 2861 3913
1297 9 2 2 31 1532 1533 2128 3914 3915 3299
1298 9 2 2 31 1480 1482 2005 3916 3917 3024
1299 9 2 2 31 1887 1993 2334 3766 3918 3919
1300 9 2 2 31 1416 2159 2443 3525 3920 3694
1301 9 2 2 31 2090 1553 2091 3504 3921 3922
1302 9 2 2 31 1848 2166 2167 3923 3553 3924
1303 9 2 2 31 2292 2116 2586 3416 3925 3926
1304 9 2 2 31 1705 1861 2017 3927 3479 3928
1305 9 2 2 31 1751 2035 2383 2836 3779 3929
1306 9 2 2 31 91 92 2024 110 3539 3247
1307 9 2 2 31 2318 39 2546 3680 3930 3931
1308 9 2 2 31 1423 182 2325 3932 3933 3578
1309 9 2 2 31 2045 317 2072 3934 3935 3410
1310 9 2 2 31 1472 1475 2001 3290 3308 3936
1311 9 2 2 31 2128 1895 2129 3937 3672 3300
1312 9 2 2 31 1432 100 2229 3938 3939 3223
1313 9 2 2 31 1879 2184 2363 3099 3940 3941
1314 9 2 2 31 1727 1998 2569 3394 3942 3943
1315 9 2 2 31 2104 2019 2483 2875 3944 3945
1316 9 2 2 31 1792 1738 1793 3271 3946 3947
1317 9 2 2 31 2222 1597 2554 3618 3948 3949
1318 9 2 2 31 1482 1485 2005 3880 3443 3917
1319 9 2 2 31 1907 1908 1910 3950 3951 3711
1320 9 2 2 31 33 1431 2201 3952 2809 3953
1321 9 2 2 31 1917 1949 2016 3954 3955 3956
1322 9 2 2 31 2102 2341 2357 3845 3957 2724
1323 9 2 2 31 2011 2012 2013 3860 3958 3959
1324 9 2 2 31 1777 1648 2084 3960 3535 3961
1325 9 2 2 31 1557 1560 1587 3962 3963 3964
1326 9 2 2 31 1586 1577 2144 3965 3966 3854
1327 9 2 2 31 1408 2521 2570 3967 3968 3483
1328 9 2 2 31 1911 1977 2578 3233 3969 3970
1329 9 2 2 31 1476 1477 1478 3971 3972 3536
1330 9 2 2 31 1703 1705 2017 3973 3928 3696
1331 9 2 2 31 1649 1650 1651 3974 3975 3545
1332 9 2 2 31 1910 1911 2079 3976 3977 2704
1333 9 2 2 31 1493 1494 1495 3978 3979 3980
1334 9 2 2 31 68 69 1455 78 3981 3664
1335 9 2 2 31 73 74 1461 83 3666 3982
1336 9 2 2 31 2028 2087 2374 3983 3748 3984
1337 9 2 2 31 2209 1422 2396 3985 3986 3476
1338 9 2 2 31 1848 1747 2166 3987 3988 3923
1339 9 2 2 31 1730 1741 2232 3989 3990 3896
1340 9 2 2 31 1485 1484 1486 3879 3991 3768
1341 9 2 2 31 2064 2160 2529 3992 3448 2931
1342 9 2 2 31 2177 1984 2179 3993 3589 3994
1343 9 2 2 31 2402 1983 2478 3726 3240 3995
1344 9 2 2 31 1589 2100 2231 3996 3997 3998
1345 9 2 2 31 1734 1862 2273 3999 3853 4000
1346 9 2 2 31 1861 1916 1917 4001 4002 3826
1347 9 2 2 31 2168 2171 2226 4003 3325 3908
1348 9 2 2 31 1654 1632 2126 4004 4005 4006
1349 9 2 2 31 1632 1856 2126 4007 4008 4005
1350 9 2 2 31 2001 2000 2372 3307 4009 4010
1351 9 2 2 31 1660 1662 1849 4011 4012 4013
1352 9 2 2 31 2149 2148 2150 3115 3752 4014
1353 9 2 2 31 2090 2091 2092 3922 4015 4016
1354 9 2 2 31 1474 1472 2001 4017 3936 3090
1355 9 2 2 31 2087 1737 2441 2753 4018 3749
1356 9 2 2 31 1591 1777 2121 4019 3273 4020
1357 9 2 2 31 1999 1602 2085 3792 3623 3319
1358 9 2 2 31 2093 2092 2565 4021 3791 4022
1359 9 2 2 31 2021 2022 2191 3903 4023 4024
1360 9 2 2 31 2351 2352 2452 4025 2847 4026
1361 9 2 2 31 1801 1844 1907 4027 4028 3584
1362 9 2 2 31 1594 1895 2128 4029 3937 4030
1363 9 2 2 31 1699 1701 1871 4031 2682 4032
1364 9 2 2 31 1710 1771 1801 4033 4034 3480
1365 9 2 2 31 2000 2370 2372 3552 3614 4009
1366 9 2 2 31 2567 2096 2596 4035 4036 4037
1367 9 2 2 31 1920 1960 1998 4038 4039 4040
1368 9 2 2 31 1478 1479 1480 4041 4042 3597
1369 9 2 2 31 1606 1571 1613 3629 4043 3799
1370 9 2 2 31 1455 69 2602 3981 3728 4044
1371 9 2 2 31 73 1461 2603 3982 4045 3729
1372 9 2 2 31 2213 2212 2230 4046 4047 3351
1373 9 2 2 31 1589 1497 2089 4048 3883 4049
1374 9 2 2 31 1495 1496 1497 4050 4051 4052
1375 9 2 2 31 74 75 1451 84 4053 3665
1376 9 2 2 31 67 68 1452 77 3663 4054
1377 9 2 2 31 1488 2115 2116 4055 3794 4056
1378 9 2 2 31 1456 2251 2463 3123 3393 4057
1379 9 2 2 31 2117 2115 2585 3795 3821 4058
1380 9 2 2 31 2335 2341 2350 4059 4060 4061
1381 9 2 2 31 2131 2130 2132 3279 3119 4062
1382 9 2 2 31 1917 2016 2550 3956 3122 4063
1383 9 2 2 31 2058 2060 2127 4064 3773 4065
1384 9 2 2 31 1651 1652 1658 4066 4067 3894
1385 9 2 2 31 2095 2091 2245 4068 4069 3242
1386 9 2 2 31 1589 2089 2099 4049 3374 4070
1387 9 2 2 31 2019 2018 2483 4071 4072 3944
1388 9 2 2 31 1490 1492 1493 4073 4074 3731
1389 9 2 2 31 1587 1560 2454 3963 4075 2703
1390 9 2 2 31 1593 1854 2278 4076 4077 3569
1391 9 2 2 31 2091 1553 2245 3921 4078 4069
1392 9 2 2 31 1601 2142 2233 4079 3354 4080
1393 9 2 2 31 1495 1589 2231 4081 3998 4082
1394 9 2 2 31 1488 1490 2115 4083 3732 4055
1395 9 2 2 31 1460 2029 2495 2818 4084 3297
1396 9 2 2 31 2387 2386 2440 4085 4086 3202
1397 9 2 2 31 1595 1680 2187 3365 2804 3639
1398 9 2 2 31 2106 2211 2280 4087 4088 4089
1399 9 2 2 31 1573 1556 2195 4090 3786 4091
1400 9 2 2 31 2092 2091 2094 4015 4092 4093
1401 9 2 2 31 1470 1472 1474 3211 4017 4094
1402 9 2 2 31 1499 1501 1553 4095 4096 3541
1403 9 2 2 31 1466 1465 2541 3182 4097 4098
1404 9 2 2 31 1692 1694 1766 4099 4100 4101
1405 9 2 2 31 1584 1585 1595 4102 4103 3638
1406 9 2 2 31 1533 1536 2128 4104 4105 3915
1407 9 2 2 31 1705 1850 1861 4106 4107 3927
1408 9 2 2 31 1567 1591 2121 3706 4020 3857
1409 9 2 2 31 1594 1860 1865 4108 4109 4110
1410 9 2 2 31 2053 1397 2141 4111 4112 3323
1411 9 2 2 31 1557 1558 1560 4113 4114 3962
1412 9 2 2 31 2056 2055 2575 3073 3805 4115
1413 9 2 2 31 1495 1497 1589 4052 4048 4081
1414 9 2 2 31 1744 1654 2126 4116 4006 2833
1415 9 2 2 31 2238 2052 2321 3621 4117 4118
1416 9 2 2 31 2050 2052 2122 4119 3620 4120
1417 9 2 2 31 1486 1488 2116 4121 4056 3497
1418 9 2 2 31 2028 2030 2087 4122 4123 3983
1419 9 2 2 31 1493 1492 1494 4074 4124 3978
1420 9 2 2 31 2227 1982 2302 3740 4125 4126
1421 9 2 2 31 1853 1925 2165 4127 4128 4129
1422 9 2 2 31 2278 2277 2384 4130 4131 4132
1423 9 2 2 31 1474 2352 2543 3092 4133 4134
1424 9 2 2 31 1549 1557 2031 4135 4136 3575
1425 9 2 2 31 1895 1865 2040 4137 4138 2663
1426 9 2 2 31 1465 2077 2541 4139 4140 4097
1427 9 2 2 31 1968 2112 2412 4141 4142 4143
1428 9 2 2 31 1536 1538 1594 4144 4145 4146
1429 9 2 2 31 1424 2202 2203 4147 4148 4149
1430 9 2 2 31 1621 1613 1622 3800 4150 3864
1431 9 2 2 31 1480 1481 1482 4151 4152 3916
1432 9 2 2 31 2209 1958 2499 3475 4153 4154
1433 9 2 2 31 1694 1696 2242 4155 2690 4156
1434 9 2 2 31 2352 2001 2372 3091 4010 2873
1435 9 2 2 31 1985 1934 2599 3708 4157 3006
1436 9 2 2 31 1841 1988 2355 2645 4158 4159
1437 9 2 2 31 1865 1936 2228 4160 3197 4161
1438 9 2 2 31 1597 2036 2554 2732 4162 3948
1439 9 2 2 31 2131 2132 2133 4062 2877 4163
1440 9 2 2 31 1567 1568 1590 4164 4165 3704
1441 9 2 2 31 1510 1511 1603 4166 3889 4167
1442 9 2 2 31 1905 1839 1974 4168 3834 4169
1443 9 2 2 31 2063 2238 2321 4170 4118 3831
1444 9 2 2 31 1689 1692 2106 4171 4172 3812
1445 9 2 2 31 1497 1498 1499 4173 4174 3882
1446 9 2 2 31 1658 1659 1660 4175 4176 4177
1447 9 2 2 31 1763 1774 2552 3669 4178 3105
1448 9 2 2 31 2213 1875 2573 3350 4179 4180
1449 9 2 2 31 1536 1594 2128 4146 4030 4105
1450 9 2 2 31 1971 1980 1981 4181 4182 2783
1451 9 2 2 31 2204 1443 2205 4183 4184 4185
1452 9 2 2 31 1666 1668 1765 4186 3336 4187
1453 9 2 2 31 2465 1904 2515 4188 4189 4190
1454 9 2 2 31 1804 1799 1805 4191 3505 4192
1455 9 2 2 31 1620 1722 2142 4193 3905 4194
1456 9 2 2 31 1510 1740 2175 4195 4196 4197
1457 9 2 2 31 2197 2335 2350 4198 4061 4199
1458 9 2 2 31 2333 71 2485 4200 4201 4202
1459 9 2 2 31 2462 1458 2463 4203 3698 4204
1460 9 2 2 31 1501 1504 2245 4205 3296 4206
1461 9 2 2 31 2321 2052 2428 4117 4207 3424
1462 9 2 2 31 1594 1865 1895 4110 4137 4029
1463 9 2 2 31 1649 1622 1650 3865 4208 3974
1464 9 2 2 31 2079 1408 2391 4209 4210 2796
1465 9 2 2 31 2031 1587 2032 4211 4212 3540
1466 9 2 2 31 1765 2160 2321 3337 3832 3423
1467 9 2 2 31 1740 1603 2182 4213 3225 4214
1468 9 2 2 31 1806 1805 1807 4215 3493 4216
1469 9 2 2 31 1773 1888 2186 4217 2734 4218
1470 9 2 2 31 1506 1509 1510 4219 4220 4221
1471 9 2 2 31 1460 1457 2583 3185 4222 4223
1472 9 2 2 31 1424 177 2202 4224 4225 4147
1473 9 2 2 31 1495 1494 1496 3979 4226 4050
1474 9 2 2 31 1973 1972 2570 3433 4227 4228
1475 9 2 2 31 185 1443 2204 4229 4183 4230
1476 9 2 2 31 1549 1551 1557 4231 4232 4135
1477 9 2 2 31 174 1422 2209 4233 3985 4234
1478 9 2 2 31 1854 2277 2278 3509 4130 4077
1479 9 2 2 31 1698 1613 2292 4235 4236 4237
1480 9 2 2 31 1591 1648 1777 3644 3960 4019
1481 9 2 2 31 1899 1992 2002 4238 3626 3762
1482 9 2 2 31 1800 1717 2217 4239 4240 3451
1483 9 2 2 31 1595 1596 1599 4241 4242 3364
1484 9 2 2 31 1613 1571 2292 4043 4243 4236
1485 9 2 2 31 1422 173 2214 4244 4245 4246
1486 9 2 2 31 1521 1524 2235 4247 4248 4249
1487 9 2 2 31 1857 1918 1982 4250 4251 3739
1488 9 2 2 31 1426 2021 2369 3807 4252 3265
1489 9 2 2 31 2140 1782 2326 4253 4254 4255
1490 9 2 2 31 1762 1645 1763 4256 3668 4257
1491 9 2 2 31 1444 188 2212 4258 4259 4260
1492 9 2 2 31 1451 75 2407 4053 2718 4261
1493 9 2 2 31 67 1452 2408 4054 4262 2719
1494 9 2 2 31 1542 1544 1597 4263 3170 3617
1495 9 2 2 31 1848 2167 2168 3924 4264 3907
1496 9 2 2 31 1626 1624 2196 4265 4266 4267
1497 9 2 2 31 1471 1469 1872 3267 4268 3823
1498 9 2 2 31 1444 2212 2213 4260 4046 4269
1499 9 2 2 31 1688 2106 2280 3813 4089 4270
1500 9 2 2 31 1800 2218 2219 3360 3631 3893
1501 9 2 2 31 86 87 2549 105 4271 4272
1502 9 2 2 31 46 47 2548 65 4273 4274
1503 9 2 2 31 2296 2203 2361 3426 4275 4276
1504 9 2 2 31 2044 1395 2550 4277 3691 3121
1505 9 2 2 31 1499 1500 1501 4278 4279 4095
1506 9 2 2 31 1798 1763 1799 4280 3026 4281
1507 9 2 2 31 170 1403 2215 4282 4283 4284
1508 9 2 2 31 1808 1807 1809 4285 3390 4286
1509 9 2 2 31 1724 1726 2232 4287 3897 4288
1510 9 2 2 31 1845 1795 1846 3381 4289 3388
1511 9 2 2 31 1754 1732 2220 4290 4291 4292
1512 9 2 2 31 2029 1434 2495 3488 4293 4084
1513 9 2 2 31 2149 2150 2151 4014 4294 4295
1514 9 2 2 31 2022 2020 2023 3902 3407 4296
1515 9 2 2 31 1828 1827 2588 4297 4298 2871
1516 9 2 2 31 2145 2146 2154 4299 2737 4300
1517 9 2 2 31 2223 2057 2316 3022 4301 4302
1518 9 2 2 31 1785 1848 2226 4303 3909 4304
1519 9 2 2 31 1974 1841 2566 3833 4305 4306
1520 9 2 2 31 1878 1877 1896 4307 4308 4309
1521 9 2 2 31 1761 1899 2263 4310 3763 4311
1522 9 2 2 31 1747 1615 2166 4312 4313 3988
1523 9 2 2 31 1962 2367 2414 4314 3500 4315
1524 9 2 2 31 1510 1509 1511 4220 4316 4166
1525 9 2 2 31 2035 2032 2433 3798 4317 3310
1526 9 2 2 31 2144 1790 2145 4318 4319 4320
1527 9 2 2 31 2384 2277 2417 4131 4321 4322
1528 9 2 2 31 1513 1515 1516 4323 4324 4325
1529 9 2 2 31 1510 1603 1740 4167 4213 4195
1530 9 2 2 31 1672 1675 1676 4326 4327 4328
1531 9 2 2 31 1830 1828 1831 4329 2892 4330
1532 9 2 2 31 1511 1513 2139 4331 4332 3890
1533 9 2 2 31 2204 2205 2206 4185 4333 4334
1534 9 2 2 31 2206 2205 2207 4333 4335 4336
1535 9 2 2 31 1501 1503 1504 4337 4338 4205
1536 9 2 2 31 1517 1519 1520 4339 4340 4341
1537 9 2 2 31 1888 1853 2165 4342 4129 4343
1538 9 2 2 31 1722 1724 1864 4344 4345 3904
1539 9 2 2 31 2083 1757 2519 2897 4346 4347
1540 9 2 2 31 1865 1860 1936 4109 4348 4160
1541 9 2 2 31 1504 1506 2175 4349 4350 3295
1542 9 2 2 31 1520 1521 2235 4351 4249 4352
1543 9 2 2 31 2140 1854 2276 3507 4353 4354
1544 9 2 2 31 1482 1483 1484 4355 4356 3878
1545 9 2 2 31 1677 1679 1684 4357 4358 3418
1546 9 2 2 31 1873 1874 2198 4359 3719 2620
1547 9 2 2 31 1897 2271 2299 4360 4361 4362
1548 9 2 2 31 1692 1766 2106 4101 4363 4172
1549 9 2 2 31 1660 1661 1662 4364 4365 4011
1550 9 2 2 31 1856 2196 2197 4366 3721 4367
1551 9 2 2 31 2011 2013 2479 3959 3596 3014
1552 9 2 2 31 2168 2167 2169 4264 3051 4368
1553 9 2 2 31 2215 1403 2216 4283 4369 4370
1554 9 2 2 31 1594 1538 1860 4145 4371 4108
1555 9 2 2 31 1513 1516 2139 4325 4372 4332
1556 9 2 2 31 33 34 1431 52 4373 3952
1557 9 2 2 31 99 100 1432 118 3938 2742
1558 9 2 2 31 1577 1575 2144 4374 4375 3966
1559 9 2 2 31 2007 2009 2010 3775 3770 4376
1560 9 2 2 31 2147 2145 2148 4377 4378 3199
1561 9 2 2 31 1732 1731 1739 4379 4380 4381
1562 9 2 2 31 2096 2095 2596 4382 3243 4036
1563 9 2 2 31 1575 1573 1790 4383 4384 4385
1564 9 2 2 31 1603 2139 2354 3891 4386 3226
1565 9 2 2 31 2094 2095 2096 4387 4382 4388
1566 9 2 2 31 1730 1729 1731 4389 4390 4391
1567 9 2 2 31 1497 1496 1498 4051 4392 4173
1568 9 2 2 31 2212 1421 2230 4393 4394 4047
1569 9 2 2 31 1925 2101 2102 4395 4396 4397
1570 9 2 2 31 1730 1731 1732 4391 4379 4398
1571 9 2 2 31 1651 1650 1652 3975 4399 4066
1572 9 2 2 31 1864 2232 2327 4400 4401 3033
1573 9 2 2 31 1604 1586 1605 4402 3528 4403
1574 9 2 2 31 1463 1466 2601 3183 4404 4405
1575 9 2 2 31 1698 2193 2317 4406 2959 4407
1576 9 2 2 31 2196 1624 2283 4266 4408 3722
1577 9 2 2 31 1785 1747 1848 4409 3987 4303
1578 9 2 2 31 1717 1647 2217 4410 4411 4240
1579 9 2 2 31 1926 1782 2140 4412 4253 4413
1580 9 2 2 31 2146 2250 2411 4414 4415 2738
1581 9 2 2 31 1521 1523 1524 4416 4417 4247
1582 9 2 2 31 1620 1721 1722 4418 4419 4193
1583 9 2 2 31 1853 1924 1925 4420 4421 4127
1584 9 2 2 31 2151 2150 2152 4294 4422 4423
1585 9 2 2 31 2105 327 2403 4424 4425 4426
1586 9 2 2 31 2090 2092 2093 4016 4021 3251
1587 9 2 2 31 1773 1853 1888 4427 4342 4217
1588 9 2 2 31 1917 1916 1949 4002 4428 3954
1589 9 2 2 31 287 286 2074 305 3848 4429
1590 9 2 2 31 1724 1725 1726 4430 4431 4287
1591 9 2 2 31 1506 1510 2175 4221 4197 4350
1592 9 2 2 31 1878 1896 2112 4309 4432 4433
1593 9 2 2 31 2087 2030 2088 4123 4434 3056
1594 9 2 2 31 1773 1852 1853 4435 4436 4427
1595 9 2 2 31 1861 1850 1916 4107 4437 4001
1596 9 2 2 31 1979 1897 2299 4438 4362 3204
1597 9 2 2 31 1734 1759 1862 4439 4440 3999
1598 9 2 2 31 2017 2018 2019 3363 4071 3697
1599 9 2 2 31 1561 1563 1567 4441 4442 3856
1600 9 2 2 31 1579 1577 1586 4443 3965 4444
1601 9 2 2 31 1486 1487 1488 4445 4446 4121
1602 9 2 2 31 1732 1739 2220 4381 4447 4291
1603 9 2 2 31 1899 1953 1992 4448 4449 4238
1604 9 2 2 31 2106 1766 2211 4363 4450 4087
1605 9 2 2 31 1786 1754 1877 4451 4452 4453
1606 9 2 2 31 1726 1729 1730 4454 4389 3895
1607 9 2 2 31 2291 41 2497 4455 2613 4456
1608 9 2 2 31 2145 1790 2146 4319 4457 4299
1609 9 2 2 31 1715 1773 2186 4458 4218 4459
1610 9 2 2 31 1662 1663 1664 4460 4461 4462
1611 9 2 2 31 1575 1790 2144 4385 4318 4375
1612 9 2 2 31 2166 1581 2243 4463 4464 3554
1613 9 2 2 31 1504 1505 1506 4465 4466 4349
1614 9 2 2 31 2148 2145 2154 4378 4300 3753
1615 9 2 2 31 1968 1878 2112 4467 4433 4141
1616 9 2 2 31 2070 1401 2581 4468 4469 4470
1617 9 2 2 31 1887 2334 2513 3919 4471 3655
1618 9 2 2 31 1642 1605 1647 4472 4473 4474
1619 9 2 2 31 2040 1865 2228 4138 4161 3277
1620 9 2 2 31 1862 1863 2109 4475 4476 3454
1621 9 2 2 31 1525 1527 1528 4477 4478 4479
1622 9 2 2 31 1726 1728 1729 4480 4481 4454
1623 9 2 2 31 1722 1723 1724 4482 4483 4344
1624 9 2 2 31 1516 1515 1517 4324 4484 4485
1625 9 2 2 31 1741 1732 1754 4486 4290 4487
1626 9 2 2 31 1881 1785 1883 4488 4489 4490
1627 9 2 2 31 2063 2059 2238 4491 4492 4170
1628 9 2 2 31 1925 2102 2353 4397 2723 4493
1629 9 2 2 31 1539 1542 2222 4494 3619 4495
1630 9 2 2 31 31 32 1450 50 4496 4497
1631 9 2 2 31 101 102 1449 120 4498 4499
1632 9 2 2 31 1739 1767 1873 4500 4501 4502
1633 9 2 2 31 1630 1626 2196 4503 4267 4504
1634 9 2 2 31 1746 1615 1747 4505 4312 4506
1635 9 2 2 31 2258 1954 2520 3397 4507 4508
1636 9 2 2 31 2100 2099 2192 4509 2985 4510
1637 9 2 2 31 1579 1586 1604 4444 4402 4511
1638 9 2 2 31 2144 2145 2147 4320 4377 3855
1639 9 2 2 31 1601 1620 2142 4512 4194 4079
1640 9 2 2 31 2266 2264 2286 4513 4514 4515
1641 9 2 2 31 1752 1747 1785 4516 4409 4517
1642 9 2 2 31 1647 1736 2217 4518 3613 4411
1643 9 2 2 31 318 317 2045 336 3934 4519
1644 9 2 2 31 1972 2161 2570 4520 3837 4227
1645 9 2 2 31 1520 1519 1521 4340 4521 4351
1646 9 2 2 31 2168 2169 2170 4368 4522 4523
1647 9 2 2 31 2109 1863 2110 4476 4524 3421
1648 9 2 2 31 1632 1630 1856 4525 4526 4007
1649 9 2 2 31 1493 1495 2231 3980 4082 3559
1650 9 2 2 31 1604 1605 1642 4403 4472 3129
1651 9 2 2 31 2188 1884 2375 3213 4527 4528
1652 9 2 2 31 1766 1694 2242 4100 4156 4529
1653 9 2 2 31 1711 1713 2299 4530 3532 4531
1654 9 2 2 31 1421 2204 2206 4532 4334 4533
1655 9 2 2 31 1658 1652 1659 4067 4534 4175
1656 9 2 2 31 1692 1693 1694 4535 4536 4099
1657 9 2 2 31 1499 1498 1500 4174 4537 4278
1658 9 2 2 31 2386 2388 2440 4538 4539 4086
1659 9 2 2 31 2113 1913 2489 4540 4541 3661
1660 9 2 2 31 1615 1581 2166 4542 4463 4313
1661 9 2 2 31 1894 2135 2443 3293 3695 3195
1662 9 2 2 31 2113 1466 2541 3660 4098 4543
1663 9 2 2 31 176 1446 2202 4544 4545 4546
1664 9 2 2 31 1664 1665 1666 4547 4548 4549
1665 9 2 2 31 1856 1630 2196 4526 4504 4366
1666 9 2 2 31 1676 1675 1677 4327 4550 3333
1667 9 2 2 31 1446 175 2209 4551 4552 4553
1668 9 2 2 31 1786 1877 1878 4453 4307 4554
1669 9 2 2 31 1421 186 2204 4555 4556 4532
1670 9 2 2 31 1713 1715 2186 4557 4459 3531
1671 9 2 2 31 2097 2120 2223 4558 3913 4559
1672 9 2 2 31 1506 1508 1509 4560 4561 4219
1673 9 2 2 31 70 71 2333 80 4200 4562
1674 9 2 2 31 187 1421 2212 4563 4393 4564
1675 9 2 2 31 71 2026 2485 3530 4565 4201
1676 9 2 2 31 172 1445 2214 4566 4567 4568
1677 9 2 2 31 2271 1897 2290 4360 4569 4570
1678 9 2 2 31 1715 1719 1773 4571 4572 4458
1679 9 2 2 31 2059 1402 2238 4573 4574 4492
1680 9 2 2 31 1445 171 2215 4575 4576 4577
1681 9 2 2 31 2172 2170 2173 4578 4579 4580
1682 9 2 2 31 1862 1759 1863 4440 4581 4475
1683 9 2 2 31 2131 2133 2134 4163 4582 4583
1684 9 2 2 31 1557 1587 2031 3964 4211 4136
1685 9 2 2 31 1647 1605 1736 4473 3445 4518
1686 9 2 2 31 2207 2205 2208 4335 4584 4585
1687 9 2 2 31 1781 1717 1800 4586 4239 3892
1688 9 2 2 31 1920 1998 2510 4040 3395 4587
1689 9 2 2 31 1528 2131 2319 3280 4588 4589
1690 9 2 2 31 2010 2056 2575 4590 4115 4591
1691 9 2 2 31 1553 1501 2245 4096 4206 4078
1692 9 2 2 31 1694 1695 1696 4592 4593 4155
1693 9 2 2 31 1478 1477 1479 3972 4594 4041
1694 9 2 2 31 2172 2173 2262 4580 4595 4596
1695 9 2 2 31 1957 1956 1991 4597 4598 4599
1696 9 2 2 31 1599 1600 1634 4600 4601 3219
1697 9 2 2 31 2210 1842 2515 3866 4602 4603
1698 9 2 2 31 1864 1724 2232 4345 4288 4400
1699 9 2 2 31 2108 1405 2334 3109 4604 4605
1700 9 2 2 31 1570 1583 1584 4606 4607 2854
1701 9 2 2 31 183 182 1423 222 3932 4608
1702 9 2 2 31 181 180 1442 220 3317 4609
1703 9 2 2 31 178 177 1424 217 4224 4610
1704 9 2 2 31 1716 1647 1717 4611 4410 4612
1705 9 2 2 31 37 38 2279 56 4613 4614
1706 9 2 2 31 185 184 1443 224 4615 4229
1707 9 2 2 31 176 175 1446 215 4551 4544
1708 9 2 2 31 1752 1785 1881 4517 4488 4616
1709 9 2 2 31 1726 1725 1728 4431 4617 4480
1710 9 2 2 31 187 186 1421 226 4555 4563
1711 9 2 2 31 174 173 1422 213 4244 4233
1712 9 2 2 31 1501 1500 1503 4279 4618 4337
1713 9 2 2 31 1490 1491 1492 4619 4620 4073
1714 9 2 2 31 40 41 2291 59 4455 4621
1715 9 2 2 31 1524 1523 1525 4417 4622 4623
1716 9 2 2 31 1743 1654 1744 4624 4116 3780
1717 9 2 2 31 1729 1728 1734 4481 4625 4626
1718 9 2 2 31 1780 1717 1781 4627 4586 4628
1719 9 2 2 31 2116 2117 2586 3796 4629 3925
1720 9 2 2 31 189 188 1444 228 4258 3580
1721 9 2 2 31 172 171 1445 211 4575 4566
1722 9 2 2 31 1696 1697 1699 4630 4631 4632
1723 9 2 2 31 1883 1785 2226 4489 4304 4633
1724 9 2 2 31 1724 1723 1725 4483 4634 4430
1725 9 2 2 31 1710 1646 1771 3692 4635 4033
1726 9 2 2 31 1488 1489 1490 4636 4637 4083
1727 9 2 2 31 2170 2169 2239 4522 3835 4638
1728 9 2 2 31 170 169 1403 209 4639 4282
1729 9 2 2 31 191 190 1404 230 3586 4640
1730 9 2 2 31 1925 1924 2101 4421 4641 4395
1731 9 2 2 31 1739 1731 1767 4380 4642 4500
1732 9 2 2 31 1480 1479 1481 4042 4643 4151
1733 9 2 2 31 2149 2151 2153 4295 4644 3751
1734 9 2 2 31 2200 1981 2416 2784 4645 4646
1735 9 2 2 31 1476 1473 1477 3587 4647 3971
1736 9 2 2 31 1662 1664 2376 4462 2681 4648
1737 9 2 2 31 1685 1687 1688 4649 4650 4651
1738 9 2 2 31 1557 1551 1558 4232 4652 4113
1739 9 2 2 31 2267 1883 2268 4653 4654 4655
1740 9 2 2 31 1745 1746 2310 4656 4657 4658
1741 9 2 2 31 1607 2271 2290 4659 4570 4660
1742 9 2 2 31 1447 70 2333 3510 4562 4661
1743 9 2 2 31 1511 1512 1513 4662 4663 4331
1744 9 2 2 31 1914 2076 2378 4664 3519 4665
1745 9 2 2 31 1853 1852 1924 4436 4666 4420
1746 9 2 2 31 2268 165 2579 4667 4668 4669
1747 9 2 2 31 1634 1635 1636 4670 4671 3253
1748 9 2 2 31 1689 1691 1692 4672 4673 4171
1749 9 2 2 31 1398 2048 2246 4674 4675 4676
1750 9 2 2 31 1873 1767 1874 4501 4677 4359
1751 9 2 2 31 1773 1719 1852 4572 4678 4435
1752 9 2 2 31 1664 1666 2340 4549 4679 2680
1753 9 2 2 31 1955 1803 1956 4680 3566 4681
1754 9 2 2 31 2173 2170 2239 4579 4638 3061
1755 9 2 2 31 1642 1647 1716 4474 4611 4682
1756 9 2 2 31 43 44 2560 62 4683 4684
1757 9 2 2 31 1832 1831 1833 4685 2978 4686
1758 9 2 2 31 1746 1747 1752 4506 4516 4687
1759 9 2 2 31 1666 1667 1668 4688 4689 4186
1760 9 2 2 31 1730 1732 1741 4398 4486 3989
1761 9 2 2 31 1741 1754 1786 4487 4451 4690
1762 9 2 2 31 2036 1936 2554 2914 4691 4162
1763 9 2 2 31 1502 2143 2542 3172 4692 4693
1764 9 2 2 31 1433 2113 2541 3094 4543 4694
1765 9 2 2 31 1589 2099 2100 4070 4509 3996
1766 9 2 2 31 1576 1575 1577 4695 4374 4696
1767 9 2 2 31 1482 1481 1483 4152 4697 4355
1768 9 2 2 31 1578 1577 1579 4698 4443 4699
1769 9 2 2 31 1910 1908 1911 3951 4700 3976
1770 9 2 2 31 2102 2101 2103 4396 2800 3843
1771 9 2 2 31 1729 1734 2273 4626 4000 4701
1772 9 2 2 31 2171 2170 2172 4702 4578 2626
1773 9 2 2 31 1810 1809 1811 4703 3464 4704
1774 9 2 2 31 1802 1781 1803 4705 3346 4706
1775 9 2 2 31 1915 1881 2267 4707 4708 4709
1776 9 2 2 31 1504 1503 1505 4338 4710 4465
1777 9 2 2 31 1790 1573 2195 4384 4091 4711
1778 9 2 2 31 1947 2155 2371 4712 3471 4713
1779 9 2 2 31 2041 1915 2043 4714 4715 3208
1780 9 2 2 31 177 176 2202 216 4546 4225
1781 9 2 2 31 186 185 2204 225 4230 4556
1782 9 2 2 31 88 1433 2077 3701 4716 4717
1783 9 2 2 31 1434 45 2078 3702 4718 4719
1784 9 2 2 31 175 174 2209 214 4234 4552
1785 9 2 2 31 173 172 2214 212 4568 4245
1786 9 2 2 31 188 187 2212 227 4564 4259
1787 9 2 2 31 1560 2121 2454 3384 3274 4075
1788 9 2 2 31 1513 1514 1515 4720 4721 4323
1789 9 2 2 31 2134 2133 2236 4582 4722 4723
1790 9 2 2 31 2214 1445 2258 4567 4724 4725
1791 9 2 2 31 2097 2223 2316 4559 4302 4726
1792 9 2 2 31 1722 1721 1723 4419 4727 4482
1793 9 2 2 31 171 170 2215 210 4284 4576
1794 9 2 2 31 1716 1717 1780 4612 4627 4728
1795 9 2 2 31 2197 1530 2335 3438 4729 4198
1796 9 2 2 31 1565 1556 1573 4730 4090 4731
1797 9 2 2 31 2094 2091 2095 4092 4068 4387
1798 9 2 2 31 1421 2206 2230 4533 4732 4394
1799 9 2 2 31 1955 1956 1957 4681 4597 4733
1800 9 2 2 31 1769 2040 2436 2716 3278 4734
1801 9 2 2 31 45 46 2078 64 4735 4718
1802 9 2 2 31 87 88 2077 106 4717 4736
1803 9 2 2 31 1660 1659 1661 4176 4737 4364
1804 9 2 2 31 1699 1700 1701 4738 4739 4031
1805 9 2 2 31 2092 2094 2470 4093 4740 4741
1806 9 2 2 31 44 2404 2560 4742 4743 4683
1807 9 2 2 31 1574 1573 1575 4744 4383 4745
1808 9 2 2 31 1602 2086 2312 3858 3765 3648
1809 9 2 2 31 1684 1679 1685 4358 4746 4747
1810 9 2 2 31 1965 2027 2028 4748 4749 4750
1811 9 2 2 31 165 2268 2469 4667 4751 4752
1812 9 2 2 31 1461 2557 2603 3877 3607 4045
1813 9 2 2 31 2556 1455 2602 3874 4044 3604
1814 9 2 2 31 2076 1914 2490 4664 3819 4753
1815 9 2 2 31 1517 1518 1519 4754 4755 4339
1816 9 2 2 31 2158 1942 2159 3828 4756 4757
1817 9 2 2 31 1767 1731 2273 4642 4758 4759
1818 9 2 2 31 1896 1877 2248 4308 4760 3370
1819 9 2 2 31 2193 1698 2586 4406 4761 4762
1820 9 2 2 31 1711 1712 1713 4763 4764 4530
1821 9 2 2 31 1780 1781 1802 4628 4705 4765
1822 9 2 2 31 1668 1669 1670 4766 4767 2991
1823 9 2 2 31 1641 2374 2441 4768 3750 4769
1824 9 2 2 31 2220 1945 2453 4770 3462 4771
1825 9 2 2 31 1882 1881 1915 4772 4707 4773
1826 9 2 2 31 2265 2264 2266 4774 4513 3737
1827 9 2 2 31 2084 1764 2476 3534 4775 4776
1828 9 2 2 31 1975 1938 2433 4777 3311 2633
1829 9 2 2 31 1670 1671 1672 4778 4779 4780
1830 9 2 2 31 1628 1626 1630 4781 4503 4782
1831 9 2 2 31 1536 1537 1538 4783 4784 4144
1832 9 2 2 31 2156 1767 2273 4785 4759 3852
1833 9 2 2 31 1506 1505 1508 4466 4786 4560
1834 9 2 2 31 2097 281 2120 4787 4788 4558
1835 9 2 2 31 282 281 2097 300 4787 4789
1836 9 2 2 31 2340 1765 2428 4790 3425 4791
1837 9 2 2 31 1609 1612 1711 4792 4793 4794
1838 9 2 2 31 2168 2170 2171 4523 4702 4003
1839 9 2 2 31 1701 1702 1703 4795 4796 2936
1840 9 2 2 31 1883 2226 2300 4633 3326 4797
1841 9 2 2 31 2235 1524 2393 4248 4798 4799
1842 9 2 2 31 1968 2412 2466 4143 4800 4801
1843 9 2 2 31 2065 2066 2067 4802 4803 2852
1844 9 2 2 31 1935 1878 1968 4804 4467 4805
1845 9 2 2 31 1560 1558 1561 4114 4806 3382
1846 9 2 2 31 1593 1644 1854 4807 4808 4076
1847 9 2 2 31 1676 2071 2380 3335 4809 2963
1848 9 2 2 31 1486 1484 1487 3991 4810 4445
1849 9 2 2 31 1428 2110 2536 3422 4811 4812
1850 9 2 2 31 1609 1711 2271 4794 4813 4814
1851 9 2 2 31 100 101 2229 119 4815 3939
1852 9 2 2 31 1403 169 2262 4639 4816 4817
1853 9 2 2 31 2058 1402 2059 4818 4573 4819
1854 9 2 2 31 1812 1811 1813 4820 3653 4821
1855 9 2 2 31 2207 2208 2336 4585 4822 3168
1856 9 2 2 31 1933 1961 1962 4823 4824 4825
1857 9 2 2 31 1907 1844 1908 4028 4826 3950
1858 9 2 2 31 1658 1660 2591 4177 4827 3366
1859 9 2 2 31 1491 1601 2233 4828 4080 4829
1860 9 2 2 31 1672 1674 1675 4830 4831 4326
1861 9 2 2 31 1734 1735 1759 4832 4833 4439
1862 9 2 2 31 1579 1604 1616 4511 3793 4834
1863 9 2 2 31 290 1397 2050 4835 4836 4837
1864 9 2 2 31 32 33 2201 51 3953 4838
1865 9 2 2 31 2060 2062 2065 4839 4840 3772
1866 9 2 2 31 2203 2202 2361 4148 4841 4275
1867 9 2 2 31 1801 1771 1844 4034 4842 4027
1868 9 2 2 31 2281 2043 2486 3193 4843 4844
1869 9 2 2 31 1713 1714 1715 4845 4846 4557
1870 9 2 2 31 1490 1489 1491 4637 4847 4619
1871 9 2 2 31 1521 1522 1523 4848 4849 4416
1872 9 2 2 31 2056 2010 2528 4590 4850 4851
1873 9 2 2 31 1662 1661 1663 4365 4852 4460
1874 9 2 2 31 293 1402 2058 4853 4818 4854
1875 9 2 2 31 1631 1630 1632 4855 4525 4856
1876 9 2 2 31 2050 1397 2051 4836 4857 4858
1877 9 2 2 31 1954 1803 1955 4859 4680 4860
1878 9 2 2 31 2304 2132 2358 2878 3431 4861
1879 9 2 2 31 95 96 2364 114 4862 4863
1880 9 2 2 31 316 1401 2072 4864 4865 4866
1881 9 2 2 31 1810 1812 2370 4867 4868 4869
1882 9 2 2 31 1531 1530 2283 4870 3440 4871
1883 9 2 2 31 1881 1883 2267 4490 4653 4708
1884 9 2 2 31 319 1398 2246 4872 4676 4873
1885 9 2 2 31 1688 1687 1689 4650 4874 3811
1886 9 2 2 31 1579 1616 2243 4834 3316 4875
1887 9 2 2 31 1423 2082 2498 2758 3207 4876
1888 9 2 2 31 1642 1716 1756 4682 4877 3571
1889 9 2 2 31 2015 2474 2538 3743 4878 4879
1890 9 2 2 31 1854 1644 2276 4808 4880 4353
1891 9 2 2 31 1677 1678 1679 4881 4882 4357
1892 9 2 2 31 1748 1950 2345 4883 4884 4885
1893 9 2 2 31 1761 1898 1899 4886 4887 4310
1894 9 2 2 31 1703 1704 1705 4888 4889 3973
1895 9 2 2 31 1576 1577 1578 4696 4698 4890
1896 9 2 2 31 34 35 2331 53 3634 4891
1897 9 2 2 31 1511 1509 1512 4316 4892 4662
1898 9 2 2 31 2110 1863 2124 4524 4893 4894
1899 9 2 2 31 2072 1401 2073 4865 4895 2983
1900 9 2 2 31 2375 1590 2564 4896 4897 4898
1901 9 2 2 31 1778 1901 1902 4899 3192 4900
1902 9 2 2 31 2146 1790 2195 4457 4711 4901
1903 9 2 2 31 1802 1803 1954 4706 4859 3396
1904 9 2 2 31 1402 292 2122 4902 4903 4904
1905 9 2 2 31 2146 2195 2250 4901 3583 4414
1906 9 2 2 31 1664 1663 1665 4461 4905 4547
1907 9 2 2 31 1516 1517 2332 4485 4906 3861
1908 9 2 2 31 1533 1535 1536 4907 4908 4104
1909 9 2 2 31 1488 1487 1489 4446 4909 4636
1910 9 2 2 31 1958 1957 1959 4910 4911 4912
1911 9 2 2 31 1823 1825 1826 3888 3658 4913
1912 9 2 2 31 1524 1525 2319 4623 4914 4915
1913 9 2 2 31 1778 1902 2287 4900 4916 4917
1914 9 2 2 31 1754 2220 2453 4292 4771 4918
1915 9 2 2 31 1525 1526 1527 4919 4920 4477
1916 9 2 2 31 1894 1846 1951 3389 4921 3413
1917 9 2 2 31 1437 320 2246 4922 4923 4924
1918 9 2 2 31 1715 1718 1719 4925 4926 4571
1919 9 2 2 31 2067 2068 2069 4927 3158 3776
1920 9 2 2 31 2366 2374 2522 4928 4929 4930
1921 9 2 2 31 2103 2126 2350 2834 4931 4932
1922 9 2 2 31 1397 289 2141 4933 4934 4112
1923 9 2 2 31 1494 1492 1502 4124 4935 4936
1924 9 2 2 31 1618 1611 2264 4937 4938 4939
1925 9 2 2 31 1402 2122 2238 4904 3622 4574
1926 9 2 2 31 1542 1543 1544 4940 4941 4263
1927 9 2 2 31 323 1395 2044 4942 4277 4943
1928 9 2 2 31 1588 1645 1762 3717 4256 4944
1929 9 2 2 31 1578 1579 2243 4699 4875 4945
1930 9 2 2 31 1529 1531 1532 4946 4947 3349
1931 9 2 2 31 1889 2189 2190 4948 2616 4949
1932 9 2 2 31 1711 1612 1712 4793 4950 4763
1933 9 2 2 31 294 2058 2127 4951 4065 4952
1934 9 2 2 31 1395 322 2234 4953 4954 2765
1935 9 2 2 31 1653 1632 1654 4955 4004 4956
1936 9 2 2 31 1513 1512 1514 4663 4957 4720
1937 9 2 2 31 1574 1575 1576 4745 4695 4958
1938 9 2 2 31 1666 1665 1667 4548 4959 4688
1939 9 2 2 31 1483 1857 2227 4960 3741 4961
1940 9 2 2 31 1750 1843 1875 4962 4963 4964
1941 9 2 2 31 1998 2512 2569 4965 4966 3942
1942 9 2 2 31 2407 86 2549 2639 4272 4967
1943 9 2 2 31 47 2408 2548 2642 4968 4273
1944 9 2 2 31 1439 9 2127 4969 4970 3156
1945 9 2 2 31 2432 2257 2517 4971 4972 4973
1946 9 2 2 31 1623 1534 1624 4974 4975 4976
1947 9 2 2 31 279 278 2119 297 4977 4978
1948 9 2 2 31 1744 2101 2434 2798 4979 3781
1949 9 2 2 31 288 1438 2141 4980 3842 4981
1950 9 2 2 31 1899 1898 1953 4887 4982 4448
1951 9 2 2 31 1930 1932 1933 4983 4984 4985
1952 9 2 2 31 169 168 2262 208 4986 4816
1953 9 2 2 31 1424 2203 2496 4149 3332 4987
1954 9 2 2 31 1713 1712 1714 4764 4988 4845
1955 9 2 2 31 1752 1881 1882 4616 4772 4989
1956 9 2 2 31 1696 1699 2508 4632 4990 2728
1957 9 2 2 31 1708 1655 2274 4991 4992 2678
1958 9 2 2 31 1692 1691 1693 4673 4993 4535
1959 9 2 2 31 1780 1802 1906 4765 3884 4994
1960 9 2 2 31 291 2050 2122 4995 4120 4996
1961 9 2 2 31 1539 1541 1542 4997 4998 4494
1962 9 2 2 31 1517 1515 1518 4484 4999 4754
1963 9 2 2 31 2134 2236 2237 4723 2685 5000
1964 9 2 2 31 1656 1618 1758 5001 5002 5003
1965 9 2 2 31 39 1429 2546 3783 5004 3930
1966 9 2 2 31 1758 1618 2264 5002 4939 5005
1967 9 2 2 31 2100 2192 2193 4510 2958 5006
1968 9 2 2 31 1657 1779 2349 5007 2795 5008
1969 9 2 2 31 1544 1546 1547 5009 5010 3592
1970 9 2 2 31 2329 1941 2349 3245 5011 3176
1971 9 2 2 31 1655 1750 2274 5012 5013 4992
1972 9 2 2 31 1456 2463 2556 4057 3700 3603
1973 9 2 2 31 1508 1554 1607 5014 5015 5016
1974 9 2 2 31 1731 1729 2273 4390 4701 4758
1975 9 2 2 31 1571 1559 2292 3651 3417 4243
1976 9 2 2 31 321 1437 2234 5017 5018 5019
1977 9 2 2 31 1984 2377 2589 5020 5021 3870
1978 9 2 2 31 1742 1654 1743 5022 4624 5023
1979 9 2 2 31 1628 1630 1631 4782 4855 5024
1980 9 2 2 31 1534 1531 2283 5025 4871 5026
1981 9 2 2 31 1528 1527 1529 4478 5027 3058
1982 9 2 2 31 1955 1957 1958 4733 4910 5028
1983 9 2 2 31 2131 2134 2319 4583 5029 4588
1984 9 2 2 31 1874 1767 2156 4677 4785 3601
1985 9 2 2 31 1468 1470 2460 3072 5030 2940
1986 9 2 2 31 1745 1615 1746 5031 4505 4656
1987 9 2 2 31 2110 2124 2337 4894 3038 5032
1988 9 2 2 31 2158 2159 2401 4757 5033 2995
1989 9 2 2 31 327 2105 2595 4424 3458 5034
1990 9 2 2 31 2080 1885 2081 5035 5036 2779
1991 9 2 2 31 1512 1509 2290 4892 5037 5038
1992 9 2 2 31 1636 1637 1638 5039 5040 2735
1993 9 2 2 31 1789 1787 1939 5041 2651 5042
1994 9 2 2 31 1620 1720 1721 5043 5044 4418
1995 9 2 2 31 1768 1743 1787 5045 2671 5046
1996 9 2 2 31 1833 2409 2558 3412 5047 5048
1997 9 2 2 31 1617 1655 1708 5049 4991 5050
1998 9 2 2 31 1521 1519 1522 4521 5051 4848
1999 9 2 2 31 1882 1915 2041 4773 4714 5052
2000 9 2 2 31 1756 1716 2272 4877 5053 5054
2001 9 2 2 31 1565 1573 1574 4731 4744 5055
2002 9 2 2 31 2054 2053 2430 5056 5057 5058
2003 9 2 2 31 1547 1548 1549 5059 5060 3574
2004 9 2 2 31 1694 1693 1695 4536 5061 4592
2005 9 2 2 31 2266 2286 2294 4515 5062 5063
2006 9 2 2 31 1705 1755 1850 5064 5065 4106
2007 9 2 2 31 1396 285 2225 5066 5067 5068
2008 9 2 2 31 1500 1498 1507 4537 5069 5070
2009 9 2 2 31 2211 1766 2468 4450 5071 5072
2010 9 2 2 31 1786 1878 1935 4554 4804 5073
2011 9 2 2 31 8 257 2137 276 5074 5075
2012 9 2 2 31 1581 1578 2243 5076 4945 4464
2013 9 2 2 31 1715 1714 1718 4846 5077 4925
2014 9 2 2 31 1607 1608 1609 5078 5079 5080
2015 9 2 2 31 1748 1859 1950 5081 5082 4883
2016 9 2 2 31 1655 1656 1750 5083 5084 5012
2017 9 2 2 31 1716 1780 2272 4728 5085 5053
2018 9 2 2 31 2311 2216 2574 5086 5087 3095
2019 9 2 2 31 1668 1667 1669 4689 5088 4766
2020 9 2 2 31 1997 1779 2555 2793 5089 5090
2021 9 2 2 31 31 1450 2359 4497 2889 5091
2022 9 2 2 31 1449 102 2360 4498 5092 5093
2023 9 2 2 31 352 351 2161 370 5094 5095
2024 9 2 2 31 1759 1761 2263 5096 4311 5097
2025 9 2 2 31 2126 1856 2350 4008 5098 4931
2026 9 2 2 31 1719 1718 1788 4926 5099 5100
2027 9 2 2 31 1567 1563 1568 4442 5101 4164
2028 9 2 2 31 1750 1875 2274 4964 5102 5013
2029 9 2 2 31 1625 1624 1626 5103 4265 5104
2030 9 2 2 31 1780 1906 2272 4994 5105 5085
2031 9 2 2 31 1924 1852 2123 4666 5106 5107
2032 9 2 2 31 1920 1921 1960 5108 5109 4038
2033 9 2 2 31 1814 1813 1815 5110 3516 5111
2034 9 2 2 31 1843 1880 1889 5112 5113 5114
2035 9 2 2 31 1820 1824 2351 5115 5116 3911
2036 9 2 2 31 1631 1632 1653 4856 4955 5117
2037 9 2 2 31 1638 1639 1640 5118 5119 3256
2038 9 2 2 31 1670 1669 1671 4767 5120 4778
2039 9 2 2 31 167 166 1427 206 5121 5122
2040 9 2 2 31 194 193 1428 233 5123 5124
2041 9 2 2 31 178 1424 2371 4610 5125 5126
2042 9 2 2 31 1609 1610 1612 5127 5128 4792
2043 9 2 2 31 1525 1523 1526 4622 5129 4919
2044 9 2 2 31 323 322 1395 341 4953 4942
2045 9 2 2 31 286 285 1396 304 5066 3846
2046 9 2 2 31 1644 1709 2276 5130 5131 4880
2047 9 2 2 31 1492 1491 2233 4620 4829 5132
2048 9 2 2 31 1655 1618 1656 5133 5001 5083
2049 9 2 2 31 1607 1609 2271 5080 4814 4659
2050 9 2 2 31 1614 1581 1615 5134 4542 5135
2051 9 2 2 31 1696 1695 1697 4593 5136 4630
2052 9 2 2 31 1963 1965 2366 3900 5137 5138
2053 9 2 2 31 1601 1619 1620 5139 5140 4512
2054 9 2 2 31 1672 1671 1674 4779 5141 4830
2055 9 2 2 31 1677 1675 1678 4550 5142 4881
2056 9 2 2 31 1425 37 2279 3871 4614 3143
2057 9 2 2 31 1750 1770 1843 5143 5144 4962
2058 9 2 2 31 1734 1728 1735 4625 5145 4832
2059 9 2 2 31 1758 2264 2265 5005 4774 3401
2060 9 2 2 31 1897 1512 2290 5146 5038 4569
2061 9 2 2 31 1959 2296 2361 3547 4276 5147
2062 9 2 2 31 1653 1654 1742 4956 5022 5148
2063 9 2 2 31 1607 1554 1608 5015 5149 5078
2064 9 2 2 31 290 289 1397 308 4933 4835
2065 9 2 2 31 319 318 1398 337 5150 4872
2066 9 2 2 31 1627 1626 1628 5151 4781 5152
2067 9 2 2 31 1549 1550 1551 5153 5154 4231
2068 9 2 2 31 1514 1979 2249 5155 2698 5156
2069 9 2 2 31 1889 1880 2189 5113 5157 4948
2070 9 2 2 31 1893 1772 1976 5158 5159 5160
2071 9 2 2 31 1824 1868 1967 5161 2628 5162
2072 9 2 2 31 1750 1656 1770 5084 5163 5143
2073 9 2 2 31 1508 1505 1554 4786 5164 5014
2074 9 2 2 31 1439 2070 2581 2927 4470 5165
2075 9 2 2 31 1725 1723 1733 4634 5166 5167
2076 9 2 2 31 2065 2062 2066 4840 5168 4802
2077 9 2 2 31 1609 1608 1610 5079 5169 5127
2078 9 2 2 31 1515 1514 2249 4721 5156 5170
2079 9 2 2 31 1931 1929 2530 5171 3216 5172
2080 9 2 2 31 35 36 2301 54 3839 3633
2081 9 2 2 31 1759 1735 1761 4833 5173 5096
2082 9 2 2 31 293 292 1402 311 4902 4853
2083 9 2 2 31 316 315 1401 334 5174 4864
2084 9 2 2 31 1617 1618 1655 5175 5133 5049
2085 9 2 2 31 2246 2048 2598 4675 5176 5177
2086 9 2 2 31 255 254 2163 273 5178 5179
2087 9 2 2 31 1714 1712 1757 4988 5180 5181
2088 9 2 2 31 1860 1538 2222 4371 5182 5183
2089 9 2 2 31 182 181 2325 221 5184 3933
2090 9 2 2 31 1789 1939 1946 5042 5185 5186
2091 9 2 2 31 2112 1507 2412 5187 5188 4142
2092 9 2 2 31 1688 2280 2446 4270 3285 5189
2093 9 2 2 31 1454 2125 2424 5190 5191 5192
2094 9 2 2 31 1623 1624 1625 4976 5103 5193
2095 9 2 2 31 1768 1787 1789 5046 5041 5194
2096 9 2 2 31 1792 1793 2504 3947 3403 3467
2097 9 2 2 31 1742 1743 1768 5023 5045 5195
2098 9 2 2 31 321 320 1437 339 4922 5017
2099 9 2 2 31 288 287 1438 306 5196 4980
2100 9 2 2 31 2053 2075 2430 3322 5197 5057
2101 9 2 2 31 2081 1885 2293 5036 5198 3113
2102 9 2 2 31 2423 1406 2595 5199 5200 3457
2103 9 2 2 31 1610 1608 1611 5169 5201 5202
2104 9 2 2 31 1617 1611 1618 5203 4937 5175
2105 9 2 2 31 1520 2330 2332 5204 3189 5205
2106 9 2 2 31 1514 1897 1979 5206 4438 5155
2107 9 2 2 31 2366 1965 2374 5137 5207 4928
2108 9 2 2 31 1788 1718 1885 5099 5208 5209
2109 9 2 2 31 1772 1745 2310 5210 4658 5211
2110 9 2 2 31 1880 1770 1945 5212 5213 5214
2111 9 2 2 31 1627 1628 1629 5152 5215 5216
2112 9 2 2 31 1509 1508 2290 4561 5217 5037
2113 9 2 2 31 1789 1946 1947 5186 5218 5219
2114 9 2 2 31 1934 2137 2599 5220 5221 4157
2115 9 2 2 31 1788 1885 1944 5209 5222 5223
2116 9 2 2 31 1742 1768 1851 5195 5224 5225
2117 9 2 2 31 1508 1607 2290 5016 4660 5217
2118 9 2 2 31 1843 1770 1880 5144 5212 5112
2119 9 2 2 31 1491 1572 1601 5226 5227 4828
2120 9 2 2 31 1469 1435 2604 2976 3906 5228
2121 9 2 2 31 1719 1788 2275 5100 5229 5230
2122 9 2 2 31 1624 1534 2283 4975 5026 4408
2123 9 2 2 31 1625 1626 1627 5104 5151 5231
2124 9 2 2 31 1869 1810 2370 5232 4869 3551
2125 9 2 2 31 1944 1885 2080 5222 5035 5233
2126 9 2 2 31 1580 1578 1581 5234 5076 5235
2127 9 2 2 31 1631 1653 1682 5117 5236 5237
2128 9 2 2 31 1689 1690 1691 5238 5239 4672
2129 9 2 2 31 1584 1583 1585 4607 5240 4102
2130 9 2 2 31 1863 1759 2263 4581 5097 5241
2131 9 2 2 31 1672 1676 2529 4328 2964 5242
2132 9 2 2 31 2264 1611 2286 4938 5243 4514
2133 9 2 2 31 1610 1611 1617 5202 5203 5244
2134 9 2 2 31 294 293 2058 312 4854 4951
2135 9 2 2 31 1851 2296 2323 3427 2801 5245
2136 9 2 2 31 1970 1973 1977 3434 5246 3849
2137 9 2 2 31 2067 2066 2068 4803 5247 4927
2138 9 2 2 31 317 316 2072 335 4866 3935
2139 9 2 2 31 9 294 2127 313 4952 4970
2140 9 2 2 31 314 9 1439 332 4969 5248
2141 9 2 2 31 291 290 2050 309 4837 4995
2142 9 2 2 31 1699 1697 1700 4631 5249 4738
2143 9 2 2 31 2257 2014 2517 5250 5251 4972
2144 9 2 2 31 1536 1535 1537 4908 5252 4783
2145 9 2 2 31 1852 1719 2275 4678 5230 5253
2146 9 2 2 31 1906 2258 2389 3885 5254 5255
2147 9 2 2 31 2271 1711 2299 4813 4531 4361
2148 9 2 2 31 1947 1946 2155 5218 3281 4712
2149 9 2 2 31 1685 1686 1687 5256 5257 4649
2150 9 2 2 31 1608 1554 2286 5149 5258 5259
2151 9 2 2 31 2339 1872 2449 3824 5260 5261
2152 9 2 2 31 1617 1708 2288 5050 5262 5263
2153 9 2 2 31 1826 1827 1828 3659 4297 5264
2154 9 2 2 31 1514 1512 1897 4957 5146 5206
2155 9 2 2 31 2028 2029 2030 5265 2820 4122
2156 9 2 2 31 1804 1805 1806 4192 4215 5266
2157 9 2 2 31 2232 1741 2327 3990 5267 4401
2158 9 2 2 31 199 198 1454 238 5268 5269
2159 9 2 2 31 162 161 1453 201 5270 5271
2160 9 2 2 31 1538 1539 2222 5272 4495 5182
2161 9 2 2 31 2125 1992 2424 3627 5273 5191
2162 9 2 2 31 1625 1627 1633 5231 5274 5275
2163 9 2 2 31 2268 1883 2300 4654 4797 5276
2164 9 2 2 31 292 291 2122 310 4996 4903
2165 9 2 2 31 1438 287 2074 5196 4429 3030
2166 9 2 2 31 320 319 2246 338 4873 4923
2167 9 2 2 31 1532 1531 1533 4947 5277 3914
2168 9 2 2 31 1689 1687 1690 4874 5278 5238
2169 9 2 2 31 1798 1799 1804 4281 4191 2903
2170 9 2 2 31 163 162 2281 202 5279 5280
2171 9 2 2 31 1834 1833 1835 5281 5282 5283
2172 9 2 2 31 1685 1679 1686 4746 5284 5256
2173 9 2 2 31 2058 2059 2060 4819 5285 4064
2174 9 2 2 31 1640 1737 1738 5286 5287 3270
2175 9 2 2 31 1518 1515 2249 4999 5170 5288
2176 9 2 2 31 1762 1763 1798 4257 4280 5289
2177 9 2 2 31 1542 1541 1543 4998 5290 4940
2178 9 2 2 31 1679 1678 2269 4882 5291 5292
2179 9 2 2 31 1538 1537 1539 4784 5293 5272
2180 9 2 2 31 2258 1445 2389 4724 5294 5254
2181 9 2 2 31 1675 1674 2287 4831 5295 5296
2182 9 2 2 31 2119 278 2138 4977 5297 5298
2183 9 2 2 31 44 1434 2404 3703 5299 4742
2184 9 2 2 31 1876 1776 1892 5300 5301 5302
2185 9 2 2 31 164 163 1440 203 5303 5304
2186 9 2 2 31 197 196 1441 236 5305 5306
2187 9 2 2 31 1401 2070 2445 4468 5307 5308
2188 9 2 2 31 1429 40 2291 3782 4621 5309
2189 9 2 2 31 1982 1918 2510 4251 5310 3302
2190 9 2 2 31 1398 318 2045 5150 4519 5311
2191 9 2 2 31 1904 2485 2515 5312 5313 4189
2192 9 2 2 31 2123 1852 2275 5106 5253 2649
2193 9 2 2 31 2022 2023 2561 4296 5314 5315
2194 9 2 2 31 289 288 2141 307 4981 4934
2195 9 2 2 31 1612 1610 2288 5128 5316 5317
2196 9 2 2 31 1701 1700 1702 4739 5318 4795
2197 9 2 2 31 1564 1556 1565 5319 4730 5320
2198 9 2 2 31 1971 1784 1980 3357 3873 4181
2199 9 2 2 31 1712 1612 2289 4950 5321 5322
2200 9 2 2 31 1535 1534 1623 5323 4974 5324
2201 9 2 2 31 1484 1483 2227 4356 4961 5325
2202 9 2 2 31 2215 2216 2389 4370 5326 5327
2203 9 2 2 31 2137 2164 2599 5328 3001 5221
2204 9 2 2 31 1806 1807 1808 4216 4285 2839
2205 9 2 2 31 2124 1863 2263 4893 5241 3686
2206 9 2 2 31 252 251 2180 270 5329 5330
2207 9 2 2 31 324 323 2044 342 4943 5331
2208 9 2 2 31 1918 1919 1920 5332 5333 5334
2209 9 2 2 31 1622 1613 1698 4150 4235 5335
2210 9 2 2 31 2255 2015 2457 2864 3677 5336
2211 9 2 2 31 1821 1819 2456 5337 5338 3141
2212 9 2 2 31 1595 1585 1596 4103 5339 4241
2213 9 2 2 31 2190 2199 2394 2782 5340 5341
2214 9 2 2 31 322 321 2234 340 5019 4954
2215 9 2 2 31 327 326 2403 345 5342 4425
2216 9 2 2 31 1543 1541 1545 5290 5343 5344
2217 9 2 2 31 2051 1397 2053 4857 4111 5345
2218 9 2 2 31 1728 1725 2309 4617 5346 5347
2219 9 2 2 31 1623 1625 2297 5193 5348 5349
2220 9 2 2 31 1610 1617 2288 5244 5263 5316
2221 9 2 2 31 1703 1702 1704 4796 5350 4888
2222 9 2 2 31 1525 1528 2319 4479 4589 4914
2223 9 2 2 31 2050 2051 2052 4858 5351 4119
2224 9 2 2 31 1796 2191 2395 5352 3518 5353
2225 9 2 2 31 1502 1492 2233 4935 5132 3173
2226 9 2 2 31 1555 1552 1556 5354 3785 5355
2227 9 2 2 31 1491 1489 1572 4847 5356 5226
2228 9 2 2 31 1565 1574 2282 5055 5357 5358
2229 9 2 2 31 1544 1543 1546 4941 5359 5009
2230 9 2 2 31 1950 1859 1997 5082 5360 5361
2231 9 2 2 31 101 1449 2229 4499 5362 4815
2232 9 2 2 31 2279 38 2318 4613 3681 5363
2233 9 2 2 31 1757 1712 2289 5180 5322 5364
2234 9 2 2 31 1686 1679 2269 5284 5292 2787
2235 9 2 2 31 1674 1776 1778 5365 5366 5367
2236 9 2 2 31 1611 1608 2286 5201 5259 5243
2237 9 2 2 31 1778 1876 1901 5368 5369 4899
2238 9 2 2 31 1866 2086 2505 3764 2919 5370
2239 9 2 2 31 1652 1650 1760 4399 5371 5372
2240 9 2 2 31 1547 1546 1548 5010 3709 5059
2241 9 2 2 31 1965 1964 2027 3899 5373 4748
2242 9 2 2 31 1718 1714 2293 5077 5374 5375
2243 9 2 2 31 1752 1882 2315 4989 5376 5377
2244 9 2 2 31 1450 32 2201 4496 4838 3082
2245 9 2 2 31 1539 1537 1540 5293 5378 5379
2246 9 2 2 31 1741 1786 2327 4690 5380 5267
2247 9 2 2 31 1940 1775 1941 5381 5382 5383
2248 9 2 2 31 1835 1833 2558 5282 5048 5384
2249 9 2 2 31 1714 1757 2293 5181 2899 5374
2250 9 2 2 31 1520 2235 2330 4352 5385 5204
2251 9 2 2 31 1678 1675 2287 5142 5296 5386
2252 9 2 2 31 2253 1952 2563 3069 5387 3523
2253 9 2 2 31 1957 1991 2415 4599 3641 5388
2254 9 2 2 31 1705 1704 1755 4889 5389 5064
2255 9 2 2 31 1674 1778 2287 5367 4917 5295
2256 9 2 2 31 1793 1794 1795 5390 5391 3380
2257 9 2 2 31 1988 2254 2563 3572 3524 5392
2258 9 2 2 31 1612 2288 2289 5317 5393 5321
2259 9 2 2 31 1725 1733 2309 5167 5394 5346
2260 9 2 2 31 284 2098 2225 5395 3345 5396
2261 9 2 2 31 2150 2154 2551 3754 5397 5398
2262 9 2 2 31 2060 2061 2062 5399 5400 4839
2263 9 2 2 31 246 245 2240 264 5401 5402
2264 9 2 2 31 1550 1548 1552 5403 3327 5404
2265 9 2 2 31 1549 1548 1550 5060 5403 5153
2266 9 2 2 31 1576 1578 1580 4890 5234 5405
2267 9 2 2 31 249 248 2185 267 5406 5407
2268 9 2 2 31 1761 1886 1898 5408 5409 4886
2269 9 2 2 31 1746 1752 2315 4687 5377 5410
2270 9 2 2 31 283 1399 2098 5411 5412 5413
2271 9 2 2 31 1756 2272 2311 5054 5414 3444
2272 9 2 2 31 2165 1925 2353 4128 4493 5415
2273 9 2 2 31 1761 1735 1886 5173 5416 5408
2274 9 2 2 31 1824 1967 2351 5162 5417 5116
2275 9 2 2 31 1483 1753 1857 5418 5419 4960
2276 9 2 2 31 1885 1718 2293 5208 5375 5198
2277 9 2 2 31 1614 1615 1745 5135 5031 5420
2278 9 2 2 31 1674 1671 1776 5141 5421 5365
2279 9 2 2 31 1533 1531 1534 5277 5025 5422
2280 9 2 2 31 1529 1527 1530 5027 5423 5424
2281 9 2 2 31 1539 1540 1541 5379 5425 4997
2282 9 2 2 31 2061 2059 2063 5426 4491 5427
2283 9 2 2 31 1505 1503 2294 4710 5428 5429
2284 9 2 2 31 2466 1502 2542 5430 4693 5431
2285 9 2 2 31 1976 1772 2310 5159 5211 5432
2286 9 2 2 31 1789 1947 2295 5219 5433 5434
2287 9 2 2 31 1721 1720 1796 5044 5435 5436
2288 9 2 2 31 1661 1659 1707 4737 5437 5438
2289 9 2 2 31 285 284 2225 303 5396 5067
2290 9 2 2 31 1623 2297 2305 5349 5439 5440
2291 9 2 2 31 1669 1667 1791 5088 5441 5442
2292 9 2 2 31 1446 2209 2499 4553 4154 5443
2293 9 2 2 31 181 1442 2325 4609 5444 5184
2294 9 2 2 31 1620 1619 1720 5140 5445 5043
2295 9 2 2 31 1507 2112 2399 5187 5446 2972
2296 9 2 2 31 2377 1983 2589 3238 3797 5021
2297 9 2 2 31 1794 2284 2285 5447 5448 5449
2298 9 2 2 31 283 282 1399 301 5450 5411
2299 9 2 2 31 326 325 1400 344 5451 5452
2300 9 2 2 31 2025 2076 2343 2970 5453 2950
2301 9 2 2 31 1554 1505 2294 5164 5429 5454
2302 9 2 2 31 1533 1534 1535 5422 5323 4907
2303 9 2 2 31 1665 1663 1673 4905 5455 5456
2304 9 2 2 31 1580 1581 1614 5235 5134 5457
2305 9 2 2 31 2444 1921 2471 5458 5459 3756
2306 9 2 2 31 284 283 2098 302 5413 5395
2307 9 2 2 31 1657 1643 1779 5460 5461 5007
2308 9 2 2 31 1851 1768 2295 5224 5462 2910
2309 9 2 2 31 1735 1728 2309 5145 5347 5463
2310 9 2 2 31 2077 1433 2541 4716 4694 4140
2311 9 2 2 31 1517 1520 2332 4341 5205 4906
2312 9 2 2 31 1768 1789 2295 5194 5434 5462
2313 9 2 2 31 2066 2062 2071 5168 5464 5465
2314 9 2 2 31 1778 1776 1876 5366 5300 5368
2315 9 2 2 31 1857 1858 1918 5466 5467 4250
2316 9 2 2 31 2224 2158 2429 5468 3450 5469
2317 9 2 2 31 1742 1851 2323 5225 5245 5470
2318 9 2 2 31 1398 2046 2048 5471 5472 4674
2319 9 2 2 31 1693 1691 1769 4993 5473 5474
2320 9 2 2 31 1601 1572 1619 5227 5475 5139
2321 9 2 2 31 1666 1765 2340 4187 4790 4679
2322 9 2 2 31 2286 1554 2294 5258 5454 5062
2323 9 2 2 31 1625 1633 2297 5275 5476 5348
2324 9 2 2 31 2064 2063 2160 5477 3830 3992
2325 9 2 2 31 1529 1530 1531 5424 4870 4946
2326 9 2 2 31 1682 1653 2323 5236 5478 3221
2327 9 2 2 31 1941 2279 2318 3244 5363 5479
2328 9 2 2 31 1898 1886 1900 5409 5480 5481
2329 9 2 2 31 1408 2079 2521 4209 5482 3967
2330 9 2 2 31 1775 1657 2349 5483 5008 5484
2331 9 2 2 31 2310 1746 2315 4657 5410 5485
2332 9 2 2 31 1434 2027 2404 3487 5486 5299
2333 9 2 2 31 1487 1484 2227 4810 5325 5487
2334 9 2 2 31 1816 1815 1817 5488 3241 5489
2335 9 2 2 31 1523 1522 2357 4849 2676 5490
2336 9 2 2 31 2206 2207 2451 4336 3013 5491
2337 9 2 2 31 2046 2045 2047 5492 3409 5493
2338 9 2 2 31 2016 1949 2348 3955 5494 3544
2339 9 2 2 31 2060 2059 2061 5285 5426 5399
2340 9 2 2 31 1653 1742 2323 5148 5470 5478
2341 9 2 2 31 1691 1690 2304 5239 2668 5495
2342 9 2 2 31 95 2364 2547 4863 5496 5497
2343 9 2 2 31 2009 2008 2392 3774 2954 5498
2344 9 2 2 31 1550 1552 1555 5404 5354 5499
2345 9 2 2 31 1926 2140 2276 4413 4354 5500
2346 9 2 2 31 2191 2022 2356 4023 5501 3517
2347 9 2 2 31 2094 2096 2426 4388 5502 5503
2348 9 2 2 31 2111 1428 2427 3815 5504 5505
2349 9 2 2 31 1535 1623 2305 5324 5440 5506
2350 9 2 2 31 1903 1839 1905 5507 4168 5508
2351 9 2 2 31 2152 2150 2551 4422 5398 5509
2352 9 2 2 31 2137 257 2164 5074 5510 5328
2353 9 2 2 31 183 1423 2498 4608 4876 5511
2354 9 2 2 31 1836 1835 1837 5512 3744 5513
2355 9 2 2 31 1882 2041 2042 5052 3089 5514
2356 9 2 2 31 1443 184 2498 4615 5515 3206
2357 9 2 2 31 1684 1685 2446 4747 5516 5517
2358 9 2 2 31 196 195 2337 235 5518 5519
2359 9 2 2 31 2267 2268 2579 4655 4669 5520
2360 9 2 2 31 2014 2257 2488 5250 5521 5522
2361 9 2 2 31 1574 1576 2303 4958 5523 5524
2362 9 2 2 31 1838 1837 1839 5525 3236 5526
2363 9 2 2 31 2280 2211 2503 4088 5527 5528
2364 9 2 2 31 1555 1556 1564 5355 5319 3713
2365 9 2 2 31 1892 1776 2313 5301 5529 5530
2366 9 2 2 31 1646 1590 2375 3712 4896 5531
2367 9 2 2 31 1564 1592 1593 5532 5533 3568
2368 9 2 2 31 2117 2193 2586 5534 4762 4629
2369 9 2 2 31 162 1453 2281 5271 3194 5279
2370 9 2 2 31 1889 2190 2394 4949 5341 5535
2371 9 2 2 31 1398 2045 2046 5311 5492 5471
2372 9 2 2 31 2248 1877 2453 4760 5536 3262
2373 9 2 2 31 1530 1527 2335 5423 5537 4729
2374 9 2 2 31 2188 2375 2564 4528 4898 2721
2375 9 2 2 31 2061 2063 2064 5427 5477 5538
2376 9 2 2 31 1614 1745 1748 5420 5539 5540
2377 9 2 2 31 1564 1565 1592 5320 5541 5532
2378 9 2 2 31 1808 1809 1810 4286 4703 5542
2379 9 2 2 31 2262 2173 2574 4595 3096 5543
2380 9 2 2 31 1527 1526 2335 4920 5544 5537
2381 9 2 2 31 2125 1454 2525 5190 5545 5546
2382 9 2 2 31 1850 1755 1937 5065 5547 5548
2383 9 2 2 31 1933 1932 1961 4984 5549 4823
2384 9 2 2 31 2352 1967 2543 5550 2746 4133
2385 9 2 2 31 1786 1935 2327 5073 3098 5380
2386 9 2 2 31 2376 2054 2430 2623 5058 5551
2387 9 2 2 31 1440 163 2281 5303 5280 5552
2388 9 2 2 31 1473 1471 2339 3432 3825 5553
2389 9 2 2 31 2083 2208 2405 5554 5555 5556
2390 9 2 2 31 243 242 2255 261 5557 5558
2391 9 2 2 31 1540 1537 2305 5378 5559 5560
2392 9 2 2 31 1700 1697 1706 5249 5561 5562
2393 9 2 2 31 281 280 2120 299 5563 4788
2394 9 2 2 31 351 2136 2161 5564 3836 5094
2395 9 2 2 31 1758 2248 2410 3400 3261 5565
2396 9 2 2 31 1593 1643 1644 5566 5567 4807
2397 9 2 2 31 2214 2258 2520 4725 4508 5568
2398 9 2 2 31 280 279 1405 298 5569 5570
2399 9 2 2 31 329 328 1406 347 5571 5572
2400 9 2 2 31 1489 1487 2302 4909 5573 5574
2401 9 2 2 31 2351 1967 2352 5417 5550 4025
2402 9 2 2 31 1886 1735 2309 5416 5463 5575
2403 9 2 2 31 1748 1745 1772 5539 5210 5576
2404 9 2 2 31 2140 2326 2593 4255 5577 5578
2405 9 2 2 31 1840 2372 2507 2874 3616 5579
2406 9 2 2 31 1561 1562 1563 5580 5581 4441
2407 9 2 2 31 1440 2267 2579 5582 5520 5583
2408 9 2 2 31 2312 1804 2493 2904 5584 3649
2409 9 2 2 31 1954 1955 2396 4860 5585 5586
2410 9 2 2 31 2484 1842 2576 5587 3868 5588
2411 9 2 2 31 1441 2125 2525 3067 5546 5589
2412 9 2 2 31 2135 1952 2247 3292 3068 5590
2413 9 2 2 31 1720 1619 1727 5445 5591 5592
2414 9 2 2 31 1859 1772 1893 5593 5158 5594
2415 9 2 2 31 1500 1507 2381 5070 2971 5595
2416 9 2 2 31 1748 1772 1859 5576 5593 5081
2417 9 2 2 31 1704 1702 1751 5350 5596 5597
2418 9 2 2 31 1592 1565 2282 5541 5358 5598
2419 9 2 2 31 2241 2135 2247 2895 5590 5599
2420 9 2 2 31 2143 1935 2542 3097 5600 4692
2421 9 2 2 31 1671 1669 2313 5120 5601 5602
2422 9 2 2 31 1977 2107 2480 3235 5603 5604
2423 9 2 2 31 2051 2053 2054 5345 5056 5605
2424 9 2 2 31 1537 1535 2305 5252 5506 5559
2425 9 2 2 31 1483 1481 1753 4697 5606 5418
2426 9 2 2 31 1599 1596 1600 4242 5607 4600
2427 9 2 2 31 1449 2424 2587 5608 5609 5610
2428 9 2 2 31 1399 282 2097 5450 4789 5611
2429 9 2 2 31 1962 1963 2366 5612 5138 5613
2430 9 2 2 31 2048 2046 2049 5472 5614 3561
2431 9 2 2 31 1403 2262 2574 4817 5543 5615
2432 9 2 2 31 1593 1592 1643 5533 5616 5566
2433 9 2 2 31 330 329 2118 348 5617 5618
2434 9 2 2 31 1667 1665 2314 4959 5619 5620
2435 9 2 2 31 1441 196 2337 5305 5519 3037
2436 9 2 2 31 1962 1961 1963 4824 2638 5612
2437 9 2 2 31 2330 2235 2500 5385 5621 3304
2438 9 2 2 31 2211 2468 2568 5072 5622 5623
2439 9 2 2 31 1806 2085 2493 2841 3625 5624
2440 9 2 2 31 1928 1930 2448 5625 5626 3107
2441 9 2 2 31 1937 1755 1938 5547 5627 5628
2442 9 2 2 31 1856 2197 2350 4367 4199 5098
2443 9 2 2 31 1582 1569 1782 5629 5630 5631
2444 9 2 2 31 2220 1739 2592 4447 5632 5633
2445 9 2 2 31 10 331 1408 350 5634 5635
2446 9 2 2 31 277 8 1407 295 5636 5637
2447 9 2 2 31 2092 2470 2518 4741 5638 3789
2448 9 2 2 31 1965 2028 2374 4750 3984 5207
2449 9 2 2 31 1909 1907 2423 3585 3513 3881
2450 9 2 2 31 2397 2285 2462 5639 5640 5641
2451 9 2 2 31 2205 1443 2405 4184 3163 5642
2452 9 2 2 31 2101 1924 2434 4641 5643 4979
2453 9 2 2 31 1769 1691 2304 5473 5495 5644
2454 9 2 2 31 102 103 2360 121 5645 5092
2455 9 2 2 31 30 31 2359 49 5091 5646
2456 9 2 2 31 2202 1446 2361 4545 5647 4841
2457 9 2 2 31 1663 1661 2320 4852 5648 5649
2458 9 2 2 31 1849 1662 2376 4012 4648 5650
2459 9 2 2 31 1401 315 2581 5174 5651 4469
2460 9 2 2 31 1494 1502 2466 4936 5430 5652
2461 9 2 2 31 1783 1782 1926 5653 4412 5654
2462 9 2 2 31 1656 1758 2410 5003 5565 5655
2463 9 2 2 31 1479 1477 1683 4594 5656 5657
2464 9 2 2 31 2262 168 2467 4986 5658 5659
2465 9 2 2 31 1882 2042 2315 5514 5660 5376
2466 9 2 2 31 1920 1919 1921 5333 5661 5108
2467 9 2 2 31 2139 1516 2347 4372 3863 5662
2468 9 2 2 31 280 1405 2120 5570 3111 5563
2469 9 2 2 31 1998 2369 2512 5663 5664 4965
2470 9 2 2 31 278 277 2138 296 5665 5297
2471 9 2 2 31 2071 1684 2577 3419 5666 5667
2472 9 2 2 31 1588 1762 2365 4944 5668 5669
2473 9 2 2 31 1984 2177 2377 3993 5670 5020
2474 9 2 2 31 2007 2010 2575 4376 4591 5671
2475 9 2 2 31 2163 254 2181 5178 5672 5673
2476 9 2 2 31 1937 1938 1975 5628 4777 5674
2477 9 2 2 31 1644 1643 1657 5567 5460 5675
2478 9 2 2 31 1431 34 2331 4373 4891 3016
2479 9 2 2 31 2048 2533 2598 3563 5676 5176
2480 9 2 2 31 1810 1811 1812 4704 4820 4867
2481 9 2 2 31 1941 1775 2349 5382 5484 5011
2482 9 2 2 31 1776 1671 2313 5421 5602 5529
2483 9 2 2 31 314 1439 2581 5248 5165 5677
2484 9 2 2 31 1998 1960 2369 4039 3683 5663
2485 9 2 2 31 1449 2360 2424 5093 5678 5608
2486 9 2 2 31 1888 2165 2590 4343 5679 3610
2487 9 2 2 31 2424 1992 2587 5273 5680 5609
2488 9 2 2 31 1659 1652 2322 4534 5681 5682
2489 9 2 2 31 2070 2069 2445 3777 5683 5307
2490 9 2 2 31 1933 1962 2414 4825 4315 5684
2491 9 2 2 31 1561 1558 1562 4806 5685 5580
2492 9 2 2 31 2288 1708 2336 5262 3169 5686
2493 9 2 2 31 2289 2288 2336 5393 5686 5687
2494 9 2 2 31 1576 1580 2303 5405 5688 5523
2495 9 2 2 31 2282 1574 2303 5357 5524 5689
2496 9 2 2 31 1669 1791 2313 5442 5690 5601
2497 9 2 2 31 240 7 2260 258 5691 5692
2498 9 2 2 31 1572 1489 2302 5356 5574 5693
2499 9 2 2 31 2110 2337 2536 5032 5694 4811
2500 9 2 2 31 2208 2083 2519 5554 4347 5695
2501 9 2 2 31 2398 2397 2462 5696 5641 5697
2502 9 2 2 31 1487 2227 2302 5487 4126 5573
2503 9 2 2 31 1650 1622 2317 4208 5698 5699
2504 9 2 2 31 329 1406 2118 5572 5700 5617
2505 9 2 2 31 1779 1643 2344 5461 5701 5702
2506 9 2 2 31 353 352 1409 371 5703 5704
2507 9 2 2 31 256 255 1410 274 5705 5706
2508 9 2 2 31 2537 1937 2544 5707 5708 5709
2509 9 2 2 31 1566 1588 2365 3720 5669 3808
2510 9 2 2 31 1622 1698 2317 5335 4407 5698
2511 9 2 2 31 1791 1667 2314 5441 5620 5710
2512 9 2 2 31 324 2044 2450 5331 3550 5711
2513 9 2 2 31 1721 1796 2395 5436 5353 5712
2514 9 2 2 31 2028 2027 2029 4749 3489 5265
2515 9 2 2 31 351 10 2136 369 5713 5564
2516 9 2 2 31 1933 2414 2448 5684 2968 5714
2517 9 2 2 31 1945 1770 2410 5213 5715 3461
2518 9 2 2 31 1665 1673 2314 5456 5716 5619
2519 9 2 2 31 1686 2236 2492 2786 5717 5718
2520 9 2 2 31 1644 1657 1709 5675 5719 5130
2521 9 2 2 31 2172 2262 2467 4596 5659 2791
2522 9 2 2 31 2137 1934 2439 5220 2760 5720
2523 9 2 2 31 2236 2133 2492 4722 3369 5717
2524 9 2 2 31 1634 1600 1635 4601 5721 4670
2525 9 2 2 31 1818 1817 1819 5722 3670 5723
2526 9 2 2 31 1507 1498 2412 5069 5724 5188
2527 9 2 2 31 1568 1569 1570 5725 5726 5727
2528 9 2 2 31 1940 1941 2318 5383 5479 5728
2529 9 2 2 31 1652 1760 2322 5372 5729 5681
2530 9 2 2 31 1629 1628 2419 5215 5730 3491
2531 9 2 2 31 356 355 1411 374 5731 5732
2532 9 2 2 31 253 252 1412 271 5733 5734
2533 9 2 2 31 257 256 2164 275 5735 5510
2534 9 2 2 31 1428 193 2427 5123 5736 5504
2535 9 2 2 31 1555 2278 2384 3714 4132 5737
2536 9 2 2 31 1434 2078 2495 4719 3502 4293
2537 9 2 2 31 192 191 2580 231 5738 3646
2538 9 2 2 31 1830 1831 1832 4330 4685 5739
2539 9 2 2 31 1760 2192 2487 2812 2986 5740
2540 9 2 2 31 1673 1663 2320 5455 5649 5741
2541 9 2 2 31 1661 1707 2320 5438 5742 5648
2542 9 2 2 31 1945 2220 2509 4770 5743 5744
2543 9 2 2 31 1820 1819 1821 5745 5337 5746
2544 9 2 2 31 328 327 2595 346 5034 5747
2545 9 2 2 31 1918 1858 1919 5467 5748 5332
2546 9 2 2 31 2182 1892 2425 3275 5749 3228
2547 9 2 2 31 1901 1876 2347 5369 5750 3901
2548 9 2 2 31 1526 1523 2357 5129 5490 5751
2549 9 2 2 31 1857 1753 1858 5419 5752 5466
2550 9 2 2 31 1968 2466 2542 4801 5431 5753
2551 9 2 2 31 1812 1813 1814 4821 5110 5754
2552 9 2 2 31 1568 1563 1569 5101 5755 5725
2553 9 2 2 31 359 358 1414 377 5756 5757
2554 9 2 2 31 250 249 1413 268 5758 5759
2555 9 2 2 31 1524 2319 2393 4915 5760 4798
2556 9 2 2 31 1444 2213 2394 4269 5761 5762
2557 9 2 2 31 2235 2393 2500 4799 5763 5621
2558 9 2 2 31 1405 279 2119 5569 4978 5764
2559 9 2 2 31 1900 2473 2561 5765 5766 5767
2560 9 2 2 31 1991 1956 2435 4598 5768 3577
2561 9 2 2 31 1936 1860 2554 4348 5769 4691
2562 9 2 2 31 2294 1503 2381 5428 5770 5771
2563 9 2 2 31 96 1426 2364 3872 3264 4862
2564 9 2 2 31 2335 1526 2341 5544 5772 4059
2565 9 2 2 31 1876 1892 2354 5302 3276 5773
2566 9 2 2 31 2250 1546 2411 3710 5774 4415
2567 9 2 2 31 1707 1659 2322 5437 5682 5775
2568 9 2 2 31 2023 2477 2561 3565 5776 5314
2569 9 2 2 31 2151 2152 2506 4423 5777 5778
2570 9 2 2 31 1997 2328 2329 5779 3822 3175
2571 9 2 2 31 2199 1444 2394 3581 5762 5340
2572 9 2 2 31 1760 1650 2317 5371 5699 2813
2573 9 2 2 31 1631 1682 2419 5237 3788 5780
2574 9 2 2 31 1996 2105 2403 3674 4426 3338
2575 9 2 2 31 1400 325 2450 5451 5781 3898
2576 9 2 2 31 1788 1944 2594 5223 5782 5783
2577 9 2 2 31 1943 2158 2224 3829 5468 5784
2578 9 2 2 31 254 253 2181 272 5785 5672
2579 9 2 2 31 1997 1859 2328 5360 5786 5779
2580 9 2 2 31 277 1407 2138 5637 5787 5665
2581 9 2 2 31 2276 1709 2382 5131 5788 5789
2582 9 2 2 31 1733 1723 2395 5166 5790 3150
2583 9 2 2 31 2107 1680 2480 2885 2632 5603
2584 9 2 2 31 1858 1753 1914 5752 5791 5792
2585 9 2 2 31 2277 2140 2593 3508 5578 5793
2586 9 2 2 31 1962 2366 2367 5613 5794 4314
2587 9 2 2 31 2341 1526 2357 5772 5751 3957
2588 9 2 2 31 167 1427 2467 5122 2792 5795
2589 9 2 2 31 2077 1465 2549 4139 5796 5797
2590 9 2 2 31 1459 2078 2548 3501 5798 5799
2591 9 2 2 31 355 354 2194 373 5800 5801
2592 9 2 2 31 354 353 2162 372 5802 5803
2593 9 2 2 31 1896 2265 2399 3372 3738 5804
2594 9 2 2 31 1870 1940 2346 5805 5806 5807
2595 9 2 2 31 2071 2062 2380 5464 5808 4809
2596 9 2 2 31 103 5 2534 122 5809 5810
2597 9 2 2 31 2 30 2535 48 5811 5812
2598 9 2 2 31 1709 1775 1870 5813 5814 5815
2599 9 2 2 31 1875 1843 2573 4963 5816 4179
2600 9 2 2 31 1396 2392 2479 5817 3015 5818
2601 9 2 2 31 5 199 2534 239 5819 5809
2602 9 2 2 31 161 2 2535 200 5812 5820
2603 9 2 2 31 1783 1927 1928 5821 5822 5823
2604 9 2 2 31 2179 2224 2429 3590 5469 5824
2605 9 2 2 31 2208 2205 2405 4584 5642 5555
2606 9 2 2 31 1911 1908 2107 4700 5825 3234
2607 9 2 2 31 2074 1396 2479 3847 5818 3595
2608 9 2 2 31 1407 8 2137 5636 5075 5826
2609 9 2 2 31 1563 1562 2326 5581 5827 5828
2610 9 2 2 31 2388 1462 2440 5829 5830 4539
2611 9 2 2 31 179 178 2371 218 5126 3470
2612 9 2 2 31 2191 1796 2512 5352 5831 5832
2613 9 2 2 31 1844 1771 1884 4842 5833 5834
2614 9 2 2 31 2180 251 2183 5329 5835 5836
2615 9 2 2 31 1683 2449 2490 5837 5838 3231
2616 9 2 2 31 2270 2269 2545 3177 5839 5840
2617 9 2 2 31 2178 1411 2194 5841 5842 5843
2618 9 2 2 31 1912 1867 2324 5844 5845 5846
2619 9 2 2 31 1859 1893 2328 5594 2990 5786
2620 9 2 2 31 2251 1447 2455 3869 5847 5848
2621 9 2 2 31 367 366 2308 385 5849 5850
2622 9 2 2 31 251 250 2183 269 5851 5835
2623 9 2 2 31 2157 2111 2427 3556 5505 3746
2624 9 2 2 31 1570 1582 1583 5852 5853 4606
2625 9 2 2 31 10 1408 2136 5635 3482 5713
2626 9 2 2 31 1709 1657 1775 5719 5483 5813
2627 9 2 2 31 1969 1977 2480 3850 5604 2618
2628 9 2 2 31 2315 2042 2390 5660 3463 5854
2629 9 2 2 31 358 357 2221 376 5855 5856
2630 9 2 2 31 2112 1896 2399 4432 5804 5446
2631 9 2 2 31 330 2118 2391 5618 2797 5857
2632 9 2 2 31 2266 2294 2381 5063 5771 2773
2633 9 2 2 31 331 330 2391 349 5857 5858
2634 9 2 2 31 1399 2097 2316 5611 4726 5859
2635 9 2 2 31 1614 1748 2345 5540 4885 5860
2636 9 2 2 31 1408 331 2391 5634 5858 4210
2637 9 2 2 31 1764 1995 2447 3715 3301 5861
2638 9 2 2 31 1783 1926 1927 5654 5862 5821
2639 9 2 2 31 2532 1987 2538 5863 5864 2997
2640 9 2 2 31 1870 1775 1940 5814 5381 5805
2641 9 2 2 31 2310 2315 2390 5485 5854 5865
2642 9 2 2 31 1445 2215 2389 4577 5327 5294
2643 9 2 2 31 1627 1629 2461 5216 2762 5866
2644 9 2 2 31 1636 1635 1637 4671 5867 5039
2645 9 2 2 31 1522 1519 2527 5051 5868 5869
2646 9 2 2 31 1928 1929 1930 5870 5871 5625
2647 9 2 2 31 165 164 2579 204 5872 4668
2648 9 2 2 31 357 356 2176 375 5873 5874
2649 9 2 2 31 1409 352 2161 5703 5095 5875
2650 9 2 2 31 2218 2153 2475 3359 5876 5877
2651 9 2 2 31 1913 2113 2597 4540 5878 5879
2652 9 2 2 31 1875 2230 2451 3352 5880 5881
2653 9 2 2 31 1396 2225 2392 5068 5882 5817
2654 9 2 2 31 1782 1569 2326 5630 5883 4254
2655 9 2 2 31 1822 1821 1823 5884 3887 5885
2656 9 2 2 31 2347 1876 2354 5750 5773 5886
2657 9 2 2 31 1956 2219 2435 3567 3632 5768
2658 9 2 2 31 1481 1479 2338 4643 5887 5888
2659 9 2 2 31 1762 1798 1866 5289 3190 5889
2660 9 2 2 31 2319 2134 2393 5029 5890 5760
2661 9 2 2 31 1922 2432 2517 2607 4973 5891
2662 9 2 2 31 1702 1700 2342 5318 5892 5893
2663 9 2 2 31 2082 2083 2405 3814 5556 3162
2664 9 2 2 31 2228 1706 2464 3007 5894 3147
2665 9 2 2 31 1926 2276 2382 5500 5789 5895
2666 9 2 2 31 1952 1951 2355 3414 5896 5897
2667 9 2 2 31 2459 2152 2551 3733 5509 5898
2668 9 2 2 31 1939 2275 2594 2650 5899 5900
2669 9 2 2 31 1684 2446 2577 5517 5901 5666
2670 9 2 2 31 1541 1540 2459 5425 3734 5902
2671 9 2 2 31 1930 1931 1932 5903 5904 4983
2672 9 2 2 31 1582 1782 1783 5631 5653 5905
2673 9 2 2 31 1410 255 2163 5705 5179 5906
2674 9 2 2 31 2334 2119 2513 5907 5908 4471
2675 9 2 2 31 2153 2151 2475 4644 5909 5876
2676 9 2 2 31 1769 2304 2358 5644 4861 2717
2677 9 2 2 31 1928 1927 1929 5822 5910 5870
2678 9 2 2 31 194 1428 2536 5124 4812 5911
2679 9 2 2 31 1592 2282 2344 5598 5912 5913
2680 9 2 2 31 1570 1569 1582 5726 5629 5852
2681 9 2 2 31 2061 2064 2380 5538 2930 5914
2682 9 2 2 31 2502 2316 2528 5915 5916 5917
2683 9 2 2 31 1580 1614 2345 5457 5860 5918
2684 9 2 2 31 2284 2088 2285 3057 5919 5448
2685 9 2 2 31 256 1410 2164 5706 2999 5735
2686 9 2 2 31 1751 1702 2342 5596 5893 3320
2687 9 2 2 31 1993 2108 2334 3767 4605 3918
2688 9 2 2 31 1700 1706 2342 5562 5920 5892
2689 9 2 2 31 2211 2073 2503 5921 5922 5527
2690 9 2 2 31 2043 1915 2486 4715 5923 4843
2691 9 2 2 31 2154 1545 2551 2826 5924 5397
2692 9 2 2 31 1762 1866 2365 5889 5925 5668
2693 9 2 2 31 2114 1913 2597 2902 5879 5926
2694 9 2 2 31 1546 1543 2411 5359 5927 5774
2695 9 2 2 31 1503 1500 2381 4618 5595 5770
2696 9 2 2 31 2512 1796 2569 5831 5928 4966
2697 9 2 2 31 1687 1686 2492 5257 5718 5929
2698 9 2 2 31 1550 1555 2384 5499 5737 5930
2699 9 2 2 31 1793 1738 1794 3946 5931 5390
2700 9 2 2 31 2057 2056 2528 3840 4851 5932
2701 9 2 2 31 1880 1945 2509 5214 5744 5933
2702 9 2 2 31 1551 1550 2384 5154 5930 5934
2703 9 2 2 31 1477 1473 2339 4647 5553 5935
2704 9 2 2 31 2416 1981 2478 4645 5936 5937
2705 9 2 2 31 1405 2119 2334 5764 5907 4604
2706 9 2 2 31 1643 1592 2344 5616 5913 5701
2707 9 2 2 31 2032 1587 2433 4212 2702 4317
2708 9 2 2 31 1814 1815 1816 5111 5488 5938
2709 9 2 2 31 2014 1978 2517 3179 5939 5251
2710 9 2 2 31 1938 1755 2383 5627 5940 3778
2711 9 2 2 31 1902 2270 2545 3126 5840 5941
2712 9 2 2 31 1585 1583 1598 5240 5942 5943
2713 9 2 2 31 1898 1900 2420 5481 5944 5945
2714 9 2 2 31 1915 2267 2486 4709 5946 5923
2715 9 2 2 31 1930 1929 1931 5871 5171 5903
2716 9 2 2 31 1569 1563 2326 5755 5828 5883
2717 9 2 2 31 248 247 2406 266 5947 5948
2718 9 2 2 31 2345 1950 2418 4884 5949 5950
2719 9 2 2 31 1961 1932 2039 5549 5951 2831
2720 9 2 2 31 1638 1637 1639 5040 5952 5118
2721 9 2 2 31 360 359 2401 378 5953 5954
2722 9 2 2 31 1930 1933 2448 4985 5714 5626
2723 9 2 2 31 2267 1440 2486 5582 5955 5946
2724 9 2 2 31 1640 1639 1737 5119 5956 5286
2725 9 2 2 31 1723 1721 2395 4727 5712 5790
2726 9 2 2 31 2287 1902 2545 4916 5941 5957
2727 9 2 2 31 2062 2061 2380 5400 5914 5808
2728 9 2 2 31 247 246 1415 265 5958 5959
2729 9 2 2 31 362 361 1416 380 5960 5961
2730 9 2 2 31 1818 2351 2452 3912 4026 5962
2731 9 2 2 31 353 1409 2162 5704 5963 5802
2732 9 2 2 31 2431 2367 2522 5964 5965 5966
2733 9 2 2 31 2303 1580 2345 5688 5918 5967
2734 9 2 2 31 2341 2103 2350 3844 4932 4060
2735 9 2 2 31 253 1412 2181 5734 5968 5785
2736 9 2 2 31 2225 2009 2392 3344 5498 5882
2737 9 2 2 31 1412 252 2180 5733 5330 5969
2738 9 2 2 31 2509 2220 2592 5743 5633 5970
2739 9 2 2 31 2013 2012 2491 3958 5971 5972
2740 9 2 2 31 2003 1917 2550 3827 4063 3690
2741 9 2 2 31 1905 1974 2523 4169 5973 3404
2742 9 2 2 31 1704 1751 2383 5597 3929 5974
2743 9 2 2 31 1693 1769 2436 5474 4734 5975
2744 9 2 2 31 2360 1454 2424 5976 5192 5678
2745 9 2 2 31 1411 355 2194 5731 5801 5842
2746 9 2 2 31 2185 248 2406 5406 5948 5977
2747 9 2 2 31 2088 2030 2368 4434 3600 5978
2748 9 2 2 31 1454 198 2525 5268 5979 5545
2749 9 2 2 31 1832 1833 1834 4686 5281 5980
2750 9 2 2 31 1868 1912 1913 5981 5982 2901
2751 9 2 2 31 2176 2179 2221 5983 5984 5985
2752 9 2 2 31 94 95 2444 113 5986 3886
2753 9 2 2 31 2134 2237 2393 5000 5987 5890
2754 9 2 2 31 1891 2015 2409 3716 5988 3411
2755 9 2 2 31 1755 1704 2383 5389 5974 5940
2756 9 2 2 31 197 1441 2525 5306 5589 5989
2757 9 2 2 31 1959 1957 2415 4911 5388 3548
2758 9 2 2 31 1955 1958 2396 5028 3477 5585
2759 9 2 2 31 2353 1522 2527 2674 5869 5990
2760 9 2 2 31 2274 1875 2451 5102 5881 3012
2761 9 2 2 31 1479 1683 2338 5657 3230 5887
2762 9 2 2 31 2193 2117 2585 5534 4058 5991
2763 9 2 2 31 1808 1810 1869 5542 5232 3035
2764 9 2 2 31 166 165 2469 205 4752 5992
2765 9 2 2 31 1413 249 2185 5758 5407 2654
2766 9 2 2 31 2216 2311 2516 5086 5993 5994
2767 9 2 2 31 1753 1481 2338 5606 5888 5995
2768 9 2 2 31 1900 1886 2473 5480 5996 5765
2769 9 2 2 31 1498 1496 2412 4392 5997 5724
2770 9 2 2 31 250 1413 2183 5759 5998 5851
2771 9 2 2 31 2311 2272 2516 5414 5999 5993
2772 9 2 2 31 1981 1980 2402 4182 2662 6000
2773 9 2 2 31 2113 1966 2597 3093 6001 5878
2774 9 2 2 31 2540 2388 2576 6002 6003 6004
2775 9 2 2 31 245 244 2256 263 6005 6006
2776 9 2 2 31 244 243 1417 262 6007 6008
2777 9 2 2 31 365 364 1418 383 6009 6010
2778 9 2 2 31 1414 358 2221 5756 5856 6011
2779 9 2 2 31 2506 2152 2526 5777 3725 6012
2780 9 2 2 31 363 362 2241 381 6013 6014
2781 9 2 2 31 1850 1937 2537 5548 5707 6015
2782 9 2 2 31 356 1411 2176 5732 6016 5873
2783 9 2 2 31 354 2162 2194 5803 6017 5800
2784 9 2 2 31 1568 1570 2564 5727 2722 6018
2785 9 2 2 31 1738 1737 2284 5287 2755 6019
2786 9 2 2 31 1903 1905 2251 5508 3392 6020
2787 9 2 2 31 1683 1477 2339 5656 5935 6021
2788 9 2 2 31 2037 1948 2363 3485 6022 6023
2789 9 2 2 31 241 240 1419 259 6024 6025
2790 9 2 2 31 2473 2356 2561 6026 6027 5766
2791 9 2 2 31 1770 1656 2410 5163 5655 5715
2792 9 2 2 31 1465 1451 2407 3636 4261 6028
2793 9 2 2 31 1452 1459 2408 3635 6029 4262
2794 9 2 2 31 1838 1839 1903 5526 5507 6030
2795 9 2 2 31 2337 195 2536 5518 6031 5694
2796 9 2 2 31 2159 1942 2443 4756 3196 3920
2797 9 2 2 31 2084 2537 2544 6032 5709 6033
2798 9 2 2 31 2094 2426 2470 5503 6034 4740
2799 9 2 2 31 2508 1871 2533 6035 6036 3637
2800 9 2 2 31 2177 1411 2178 6037 5841 6038
2801 9 2 2 31 1543 1545 2411 5344 2827 5927
2802 9 2 2 31 2324 1867 2442 5845 6039 3330
2803 9 2 2 31 1558 1551 2417 4652 6040 6041
2804 9 2 2 31 1727 1619 2458 5591 6042 3166
2805 9 2 2 31 1834 1835 1836 5283 5512 6043
2806 9 2 2 31 2021 2191 2512 4024 5832 6044
2807 9 2 2 31 1829 1828 1830 6045 4329 6046
2808 9 2 2 31 1706 1697 2464 5561 6047 5894
2809 9 2 2 31 2269 1678 2545 5291 6048 5839
2810 9 2 2 31 2371 1424 2496 5125 4987 6049
2811 9 2 2 31 1551 2384 2417 5934 4322 6040
2812 9 2 2 31 1908 1844 2362 4826 6050 6051
2813 9 2 2 31 2259 1419 2474 6052 6053 3742
2814 9 2 2 31 2073 2211 2568 5921 5623 3468
2815 9 2 2 31 242 241 2259 260 6054 6055
2816 9 2 2 31 1600 1596 1681 5607 6056 6057
2817 9 2 2 31 1685 1688 2446 4651 5189 5516
2818 9 2 2 31 1836 1837 1838 5513 5525 6058
2819 9 2 2 31 2139 2347 2354 5662 5886 4386
2820 9 2 2 31 1966 2114 2597 3064 5926 6001
2821 9 2 2 31 2344 2282 2418 5912 6059 6060
2822 9 2 2 31 1562 1558 2417 5685 6041 6061
2823 9 2 2 31 2333 1904 2455 6062 6063 6064
2824 9 2 2 31 1771 1646 2375 4635 5531 6065
2825 9 2 2 31 1816 1817 1818 5489 5722 6066
2826 9 2 2 31 1709 1870 2382 5815 6067 5788
2827 9 2 2 31 2038 2185 2406 2988 5977 2810
2828 9 2 2 31 193 192 2427 232 3747 5736
2829 9 2 2 31 1628 1631 2419 5024 5780 5730
2830 9 2 2 31 2161 1972 2437 4520 3573 6068
2831 9 2 2 31 2100 2193 2585 5006 5991 6069
2832 9 2 2 31 2342 1706 2373 5920 3009 3693
2833 9 2 2 31 366 365 2252 384 6070 6071
2834 9 2 2 31 359 1414 2401 5757 2996 5953
2835 9 2 2 31 1914 1753 2338 5791 5995 3818
2836 9 2 2 31 2066 2071 2577 5465 5667 6072
2837 9 2 2 31 357 2176 2221 5874 5985 5855
2838 9 2 2 31 2430 2075 2491 5197 6073 6074
2839 9 2 2 31 1415 246 2240 5958 5402 6075
2840 9 2 2 31 1427 166 2469 5121 5992 6076
2841 9 2 2 31 2483 1437 2598 6077 6078 6079
2842 9 2 2 31 326 1400 2403 5452 3339 5342
2843 9 2 2 31 2336 2208 2519 4822 5695 6080
2844 9 2 2 31 1953 1898 2420 4982 5945 3085
2845 9 2 2 31 1791 2314 2385 5710 6081 6082
2846 9 2 2 31 2162 1409 2200 5963 6083 6084
2847 9 2 2 31 2302 1982 2458 4125 3167 6085
2848 9 2 2 31 1824 1867 1868 6086 6087 5161
2849 9 2 2 31 2409 2015 2538 5988 4879 6088
2850 9 2 2 31 2176 2177 2179 6089 3994 5983
2851 9 2 2 31 1931 2291 2497 6090 4456 6091
2852 9 2 2 31 1877 1754 2453 4452 4918 5536
2853 9 2 2 31 2165 2527 2590 6092 6093 5679
2854 9 2 2 31 1829 2386 2387 6094 4085 6095
2855 9 2 2 31 1814 1816 1840 5938 6096 6097
2856 9 2 2 31 2051 2054 2428 5605 6098 6099
2857 9 2 2 31 1794 2285 2397 5449 5639 6100
2858 9 2 2 31 2475 2151 2506 5909 5778 6101
2859 9 2 2 31 1639 1637 1641 5952 6102 6103
2860 9 2 2 31 1820 1821 1822 5746 5884 6104
2861 9 2 2 31 1944 2472 2594 6105 6106 5782
2862 9 2 2 31 2069 2280 2503 3160 5528 6107
2863 9 2 2 31 2165 2353 2527 5415 5990 6092
2864 9 2 2 31 1873 2189 2592 2614 6108 6109
2865 9 2 2 31 1927 1926 2382 5862 5895 6110
2866 9 2 2 31 1699 1871 2508 4032 6035 4990
2867 9 2 2 31 1820 1822 1824 6104 6111 5115
2868 9 2 2 31 1924 2123 2434 5107 2785 5643
2869 9 2 2 31 2289 2336 2519 5687 6080 6112
2870 9 2 2 31 1818 1819 1820 5723 5745 3910
2871 9 2 2 31 1795 1794 2397 5391 6100 6113
2872 9 2 2 31 2240 245 2256 5401 6006 6114
2873 9 2 2 31 2175 1740 2596 4196 6115 3133
2874 9 2 2 31 1436 43 2560 3707 4684 6116
2875 9 2 2 31 2300 1427 2469 2862 6076 6117
2876 9 2 2 31 1783 1928 2379 5823 3106 6118
2877 9 2 2 31 1819 1879 2456 3671 6119 5338
2878 9 2 2 31 1794 1738 2284 5931 6019 5447
2879 9 2 2 31 2412 1496 2466 5997 6120 4800
2880 9 2 2 31 2180 2183 2184 5836 6121 6122
2881 9 2 2 31 1976 2310 2390 5432 5865 3048
2882 9 2 2 31 2247 1418 2511 3735 6123 6124
2883 9 2 2 31 2385 2096 2567 6125 4035 3076
2884 9 2 2 31 2241 2247 2511 5599 6124 6126
2885 9 2 2 31 1977 1973 2578 5246 6127 3969
2886 9 2 2 31 1572 2302 2458 5693 6085 6128
2887 9 2 2 31 1846 1795 1847 4289 6129 6130
2888 9 2 2 31 2005 2365 2505 3809 6131 3025
2889 9 2 2 31 1950 1997 2555 5361 5090 6132
2890 9 2 2 31 1946 2472 2481 6133 6134 3282
2891 9 2 2 31 2309 1733 2473 5394 6135 6136
2892 9 2 2 31 2052 2051 2428 5351 6099 4207
2893 9 2 2 31 2037 2363 2400 6023 6137 3010
2894 9 2 2 31 1399 2316 2502 5859 5915 6138
2895 9 2 2 31 1868 1867 1912 6087 5844 5981
2896 9 2 2 31 1681 2367 2494 3498 6139 6140
2897 9 2 2 31 1422 2214 2520 4246 5568 6141
2898 9 2 2 31 1766 2242 2468 4529 6142 5071
2899 9 2 2 31 2230 2206 2451 4732 5491 5880
2900 9 2 2 31 1827 1922 2588 2938 6143 4298
2901 9 2 2 31 1826 1828 1829 5264 6045 6144
2902 9 2 2 31 1466 2489 2539 3662 6145 6146
2903 9 2 2 31 1447 2333 2455 4661 6064 5847
2904 9 2 2 31 1844 1884 2362 5834 3576 6050
2905 9 2 2 31 2054 2340 2428 2622 4791 6098
2906 9 2 2 31 325 324 2450 343 5711 5781
2907 9 2 2 31 2176 1411 2177 6016 6037 6089
2908 9 2 2 31 2027 1964 2404 5373 6147 5486
2909 9 2 2 31 2180 2184 2298 6122 3101 6148
2910 9 2 2 31 1695 1693 2436 5061 5975 6149
2911 9 2 2 31 2231 2100 2585 3997 6069 3820
2912 9 2 2 31 1904 2333 2485 6062 4202 5312
2913 9 2 2 31 1791 2385 2425 6082 3075 6150
2914 9 2 2 31 1858 1914 2378 5792 4665 6151
2915 9 2 2 31 2107 1908 2362 5825 6051 2886
2916 9 2 2 31 7 368 2306 387 6152 6153
2917 9 2 2 31 2282 2303 2418 5689 6154 6059
2918 9 2 2 31 2177 2178 2377 6038 6155 5670
2919 9 2 2 31 2242 2049 2559 2689 6156 6157
2920 9 2 2 31 2010 2502 2528 3771 5917 4850
2921 9 2 2 31 2073 1401 2445 4895 5308 6158
2922 9 2 2 31 1919 1858 2378 5748 6151 6159
2923 9 2 2 31 1417 243 2255 6007 5558 6160
2924 9 2 2 31 1583 1582 2379 5853 6161 6162
2925 9 2 2 31 2046 2047 2559 5493 6163 6164
2926 9 2 2 31 2234 1437 2483 5018 6077 6165
2927 9 2 2 31 2444 95 2547 5986 5497 6166
2928 9 2 2 31 1871 2104 2533 2876 6167 6036
2929 9 2 2 31 1932 1931 2497 5904 6091 6168
2930 9 2 2 31 1981 2402 2478 6000 3995 5936
2931 9 2 2 31 2084 2476 2537 4776 6169 6032
2932 9 2 2 31 2558 1987 2572 6170 6171 6172
2933 9 2 2 31 1824 1822 1867 6111 6173 6086
2934 9 2 2 31 1660 1849 2591 4013 6174 4827
2935 9 2 2 31 1849 2430 2491 6175 6074 6176
2936 9 2 2 31 2363 2184 2400 3940 6177 6137
2937 9 2 2 31 1720 1727 2569 5592 3943 6178
2938 9 2 2 31 2260 2306 2307 6179 6180 6181
2939 9 2 2 31 2322 1760 2487 5729 5740 6182
2940 9 2 2 31 1496 1494 2466 4226 5652 6120
2941 9 2 2 31 168 167 2467 207 5795 5658
2942 9 2 2 31 2018 2234 2483 2766 6165 4072
2943 9 2 2 31 247 1415 2406 5959 2811 5947
2944 9 2 2 31 368 367 1420 386 6183 6184
2945 9 2 2 31 2026 2210 2515 2859 4603 6185
2946 9 2 2 31 1884 1771 2375 5833 6065 4527
2947 9 2 2 31 1540 2305 2526 5560 6186 3724
2948 9 2 2 31 1918 1920 2510 5334 4587 5310
2949 9 2 2 31 2303 2345 2418 5967 5950 6154
2950 9 2 2 31 2237 2270 2500 3178 3305 6187
2951 9 2 2 31 1892 2313 2425 5530 6188 5749
2952 9 2 2 31 1870 2346 2482 5807 2908 6189
2953 9 2 2 31 1733 2356 2473 3149 6026 6135
2954 9 2 2 31 2255 242 2259 5557 6055 2865
2955 9 2 2 31 2079 1911 2578 3977 3970 6190
2956 9 2 2 31 1545 1541 2459 5343 5902 6191
2957 9 2 2 31 2389 2216 2516 5326 5994 6192
2958 9 2 2 31 2438 2163 2501 6193 6194 6195
2959 9 2 2 31 1598 1583 2379 5942 6162 3164
2960 9 2 2 31 2104 2483 2598 3945 6079 6196
2961 9 2 2 31 1749 2007 2575 3787 5671 3804
2962 9 2 2 31 2075 2013 2491 3286 5972 6073
2963 9 2 2 31 1838 1903 1904 6030 6197 6198
2964 9 2 2 31 2314 1673 2426 5716 6199 6200
2965 9 2 2 31 1412 2180 2298 5969 6148 6201
2966 9 2 2 31 1582 1783 2379 5905 6118 6161
2967 9 2 2 31 1596 1585 2413 5339 6202 6203
2968 9 2 2 31 2343 2076 2490 5453 4753 6204
2969 9 2 2 31 1879 2363 2456 3941 6205 6119
2970 9 2 2 31 2313 1791 2425 5690 6150 6188
2971 9 2 2 31 1946 1939 2472 5185 6206 6133
2972 9 2 2 31 1419 240 2260 6024 5692 6207
2973 9 2 2 31 1954 2396 2520 5586 6208 4507
2974 9 2 2 31 2004 1986 2532 2947 6209 6210
2975 9 2 2 31 362 1416 2241 5961 2896 6013
2976 9 2 2 31 1670 1672 2529 4780 5242 3447
2977 9 2 2 31 1777 2084 2544 3961 6033 3816
2978 9 2 2 31 1633 1627 2461 5274 5866 6211
2979 9 2 2 31 1830 1832 1855 5739 6212 6213
2980 9 2 2 31 1834 1836 1842 6043 6214 6215
2981 9 2 2 31 1847 1795 2397 6129 6113 6216
2982 9 2 2 31 2291 1931 2530 6090 5172 6217
2983 9 2 2 31 1774 2057 2552 3841 3023 4178
2984 9 2 2 31 1462 2388 2540 5829 6002 6218
2985 9 2 2 31 1829 1830 2386 6046 6219 6094
2986 9 2 2 31 1464 2440 2557 3203 6220 6221
2987 9 2 2 31 184 183 2498 223 5511 5515
2988 9 2 2 31 1740 2182 2567 4214 3229 6222
2989 9 2 2 31 2301 1893 2584 2989 6223 3436
2990 9 2 2 31 2268 2300 2469 5276 6117 4751
2991 9 2 2 31 1697 1695 2464 5136 6224 6047
2992 9 2 2 31 1619 1572 2458 5475 6128 6042
2993 9 2 2 31 1466 2539 2601 6146 6225 4404
2994 9 2 2 31 2394 2213 2573 5761 4180 6226
2995 9 2 2 31 244 1417 2256 6008 6227 6005
2996 9 2 2 31 2367 2366 2522 5794 4930 5965
2997 9 2 2 31 1562 2417 2593 6061 6228 6229
2998 9 2 2 31 1681 2413 2414 6230 2967 3499
2999 9 2 2 31 2183 1413 2400 5998 3011 6231
3000 9 2 2 31 1410 2163 2438 5906 6193 3294
3001 9 2 2 31 1740 2567 2596 6222 4037 6115
3002 9 2 2 31 2210 1448 2540 2858 6232 6233
3003 9 2 2 31 2240 2257 2432 6234 4971 6235
3004 9 2 2 31 2374 1641 2522 4768 6236 4929
3005 9 2 2 31 1695 2436 2464 6149 3148 6224
3006 9 2 2 31 1847 2397 2398 6216 5696 6237
3007 9 2 2 31 1585 1598 2413 5943 2923 6202
3008 9 2 2 31 2426 1673 2470 6199 6238 6034
3009 9 2 2 31 1949 1916 2476 4428 6239 6240
3010 9 2 2 31 1829 2387 2422 6095 2973 6241
3011 9 2 2 31 2194 2162 2416 6017 6242 6243
3012 9 2 2 31 2346 1940 2546 5806 6244 6245
3013 9 2 2 31 1429 2291 2530 5309 6217 6246
3014 9 2 2 31 1415 2240 2432 6075 6235 2692
3015 9 2 2 31 2252 2253 2254 6247 3522 6248
3016 9 2 2 31 2307 2004 2532 6249 6210 2768
3017 9 2 2 31 2446 2068 2577 3284 6250 5901
3018 9 2 2 31 2385 2314 2426 6081 6200 6251
3019 9 2 2 31 364 363 2511 382 6252 6253
3020 9 2 2 31 2178 2416 2478 6254 5937 6255
3021 9 2 2 31 1739 1873 2592 4502 6109 5632
3022 9 2 2 31 2210 2540 2576 6233 6004 3867
3023 9 2 2 31 2004 2307 2531 6249 6256 6257
3024 9 2 2 31 2181 1412 2421 5968 6258 6259
3025 9 2 2 31 2393 2237 2500 5987 6187 5763
3026 9 2 2 31 1872 2343 2449 2693 6260 5260
3027 9 2 2 31 2098 1399 2502 5412 6138 3020
3028 9 2 2 31 1958 1959 2499 4912 6261 4153
3029 9 2 2 31 1470 1474 2460 4094 6262 5030
3030 9 2 2 31 1953 2229 2587 3084 6263 6264
3031 9 2 2 31 241 1419 2259 6025 6052 6054
3032 9 2 2 31 2344 2418 2555 6060 6265 6266
3033 9 2 2 31 2325 1442 2600 5444 6267 6268
3034 9 2 2 31 1437 2246 2598 4924 5177 6078
3035 9 2 2 31 2367 2431 2494 5964 6269 6139
3036 9 2 2 31 1937 1975 2544 5674 3817 5708
3037 9 2 2 31 1690 1687 2492 5278 5929 3368
3038 9 2 2 31 2447 1949 2476 6270 6240 6271
3039 9 2 2 31 360 2401 2562 5954 6272 6273
3040 9 2 2 31 365 1418 2252 6010 6274 6070
3041 9 2 2 31 1637 1635 2431 5867 6275 6276
3042 9 2 2 31 1419 2261 2474 6277 6278 6053
3043 9 2 2 31 1927 2382 2482 6110 6279 6280
3044 9 2 2 31 2348 1949 2447 5494 6270 3154
3045 9 2 2 31 1849 2376 2430 5650 5551 6175
3046 9 2 2 31 1416 361 2562 5960 6281 3526
3047 9 2 2 31 1407 2137 2439 5826 5720 6282
3048 9 2 2 31 1921 1919 2471 5661 6283 5459
3049 9 2 2 31 2189 1880 2509 5157 5933 6284
3050 9 2 2 31 366 2252 2308 6071 6285 5849
3051 9 2 2 31 1992 1953 2587 4449 6264 5680
3052 9 2 2 31 1947 2371 2496 4713 6049 6286
3053 9 2 2 31 2272 1906 2516 5105 6287 5999
3054 9 2 2 31 87 2077 2549 4736 5797 4271
3055 9 2 2 31 2078 46 2548 4735 4274 5798
3056 9 2 2 31 198 197 2525 237 5989 5979
3057 9 2 2 31 2162 2200 2416 6084 4646 6242
3058 9 2 2 31 191 1404 2580 4640 3859 5738
3059 9 2 2 31 2240 2256 2257 6114 6288 6234
3060 9 2 2 31 1633 2475 2506 6289 6101 6290
3061 9 2 2 31 1519 1518 2527 4755 6291 5868
3062 9 2 2 31 1681 1596 2413 6056 6203 6230
3063 9 2 2 31 2382 1870 2482 6067 6189 6279
3064 9 2 2 31 2398 2462 2463 5697 4204 3376
3065 9 2 2 31 1409 2161 2437 5875 6068 6292
3066 9 2 2 31 2260 7 2306 5691 6153 6179
3067 9 2 2 31 2119 2138 2513 5298 6293 5908
3068 9 2 2 31 1886 2309 2473 5575 6136 5996
3069 9 2 2 31 195 194 2536 234 5911 6031
3070 9 2 2 31 2295 1947 2496 5433 6286 3331
3071 9 2 2 31 1590 1568 2564 4165 6018 4897
3072 9 2 2 31 2420 1900 2477 5944 6294 6295
3073 9 2 2 31 2216 1403 2574 4369 5615 5087
3074 9 2 2 31 2261 2260 2307 6296 6181 2767
3075 9 2 2 31 1673 2320 2470 5741 6297 6238
3076 9 2 2 31 1919 2378 2471 6159 3521 6283
3077 9 2 2 31 1418 364 2511 6009 6253 6123
3078 9 2 2 31 1683 2339 2449 6021 5261 5837
3079 9 2 2 31 1414 2221 2429 6011 6298 3449
3080 9 2 2 31 363 2241 2511 6014 6126 6252
3081 9 2 2 31 1698 2292 2586 4237 3926 4761
3082 9 2 2 31 1823 1826 2422 4913 6299 6300
3083 9 2 2 31 1440 2281 2486 5552 4844 5955
3084 9 2 2 31 1912 2324 2539 5846 6301 6302
3085 9 2 2 31 1641 1637 2431 6102 6276 6303
3086 9 2 2 31 1889 2394 2573 5535 6226 6304
3087 9 2 2 31 1935 1968 2542 4805 5753 5600
3088 9 2 2 31 1843 1889 2573 5114 6304 5816
3089 9 2 2 31 1860 2222 2554 5183 3949 5769
3090 9 2 2 31 2229 1449 2587 5362 5610 6263
3091 9 2 2 31 1822 1823 2442 5885 6305 6306
3092 9 2 2 31 2305 2297 2526 5439 6307 6186
3093 9 2 2 31 2324 1464 2539 2823 6308 6301
3094 9 2 2 31 1944 2080 2600 5233 6309 6310
3095 9 2 2 31 1757 2289 2519 5364 6112 4346
3096 9 2 2 31 2297 2506 2526 6311 6012 6307
3097 9 2 2 31 2297 1633 2506 5476 6290 6311
3098 9 2 2 31 1929 1927 2482 5910 6280 2907
3099 9 2 2 31 1916 1850 2537 4437 6015 6312
3100 9 2 2 31 315 314 2581 333 5677 5651
3101 9 2 2 31 199 1454 2534 5269 6313 5819
3102 9 2 2 31 1453 161 2535 5270 5820 6314
3103 9 2 2 31 1814 1840 2507 6097 5579 6315
3104 9 2 2 31 2200 1409 2437 6083 6292 2708
3105 9 2 2 31 2178 2194 2416 5843 6243 6254
3106 9 2 2 31 1420 367 2308 6183 5850 6316
3107 9 2 2 31 1835 2558 2572 5384 6172 3745
3108 9 2 2 31 2096 2385 2426 6125 6251 5502
3109 9 2 2 31 2252 2254 2308 6248 6317 6285
3110 9 2 2 31 1465 2407 2549 6028 4967 5796
3111 9 2 2 31 2408 1459 2548 6029 5799 4968
3112 9 2 2 31 2476 1916 2537 6239 6312 6169
3113 9 2 2 31 1419 2260 2261 6207 6296 6277
3114 9 2 2 31 1417 2255 2457 6160 5336 6318
3115 9 2 2 31 2047 2468 2559 6319 6320 6163
3116 9 2 2 31 1913 1912 2489 5982 6321 4541
3117 9 2 2 31 2386 1855 2388 6322 6323 4538
3118 9 2 2 31 2163 2181 2501 5673 6324 6194
3119 9 2 2 31 1830 1855 2386 6213 6322 6219
3120 9 2 2 31 2417 2277 2593 4321 5793 6228
3121 9 2 2 31 1804 1806 2493 5266 5624 5584
3122 9 2 2 31 2461 2218 2475 2761 5877 6325
3123 9 2 2 31 2527 1518 2590 6291 6326 6093
3124 9 2 2 31 2275 1788 2594 5229 5783 5899
3125 9 2 2 31 2252 1418 2253 6274 3736 6247
3126 9 2 2 31 1964 1436 2560 3217 6116 6327
3127 9 2 2 31 361 360 2562 379 6273 6281
3128 9 2 2 31 1678 2287 2545 5386 5957 6048
3129 9 2 2 31 2073 2445 2503 6158 6328 5922
3130 9 2 2 31 1600 1681 2494 6057 6140 6329
3131 9 2 2 31 1429 2346 2546 6330 6245 5004
3132 9 2 2 31 1959 2361 2499 5147 6331 6261
3133 9 2 2 31 1432 2420 2477 3224 6295 3564
3134 9 2 2 31 2491 2012 2591 5971 3367 6332
3135 9 2 2 31 1635 1600 2494 5721 6329 6333
3136 9 2 2 31 1639 1641 2441 6103 4769 6334
3137 9 2 2 31 2184 2183 2400 6121 6231 6177
3138 9 2 2 31 2049 2046 2559 5614 6164 6156
3139 9 2 2 31 2039 1932 2497 5951 6168 2612
3140 9 2 2 31 2440 1462 2557 5830 3605 6220
3141 9 2 2 31 2298 1990 2421 3152 3087 6335
3142 9 2 2 31 1518 2249 2590 5288 3611 6326
3143 9 2 2 31 1764 2447 2476 5861 6271 4775
3144 9 2 2 31 2118 1406 2524 5700 6336 3684
3145 9 2 2 31 2418 1950 2555 5949 6132 6265
3146 9 2 2 31 1737 1639 2441 5956 6334 4018
3147 9 2 2 31 164 1440 2579 5304 5583 5872
3148 9 2 2 31 1826 1829 2422 6144 6241 6299
3149 9 2 2 31 2369 2021 2512 4252 6044 5664
3150 9 2 2 31 1952 2355 2563 5897 6337 5387
3151 9 2 2 31 2361 1446 2499 5647 5443 6331
3152 9 2 2 31 1893 1976 2584 5160 6338 6223
3153 9 2 2 31 30 2359 2535 5646 6339 5811
3154 9 2 2 31 2360 103 2534 5645 5810 6340
3155 9 2 2 31 1960 1921 2547 5109 6341 6342
3156 9 2 2 31 1412 2298 2421 6201 6335 6258
3157 9 2 2 31 2320 1707 2518 5742 6343 6344
3158 9 2 2 31 1823 2422 2442 6300 2975 6305
3159 9 2 2 31 2068 2066 2577 5247 6072 6250
3160 9 2 2 31 2080 2325 2600 3579 6268 6309
3161 9 2 2 31 1867 1822 2442 6173 6306 6039
3162 9 2 2 31 2370 1812 2507 4868 6345 3615
3163 9 2 2 31 2396 1422 2520 3986 6141 6208
3164 9 2 2 31 2431 1635 2494 6275 6333 6269
3165 9 2 2 31 2368 1460 2583 3599 4223 6346
3166 9 2 2 31 2518 1707 2565 6343 6347 3790
3167 9 2 2 31 368 1420 2306 6184 6348 6152
3168 9 2 2 31 1796 1720 2569 5435 6178 5928
3169 9 2 2 31 2377 2178 2478 6155 6255 3239
3170 9 2 2 31 2460 1474 2543 6262 4134 6349
3171 9 2 2 31 1841 2355 2566 4159 6350 4305
3172 9 2 2 31 1407 2439 2571 6282 6351 6352
3173 9 2 2 31 2221 2179 2429 5984 5824 6298
3174 9 2 2 31 1779 2344 2555 5702 6266 5089
3175 9 2 2 31 2513 2138 2571 6293 6353 3656
3176 9 2 2 31 1840 1816 2452 6096 6354 2846
3177 9 2 2 31 1838 1904 2465 6198 4188 6355
3178 9 2 2 31 2359 1453 2535 2943 6314 6339
3179 9 2 2 31 1454 2360 2534 5976 6340 6313
3180 9 2 2 31 2181 2421 2501 6259 3088 6324
3181 9 2 2 31 1951 1846 2514 4921 6356 6357
3182 9 2 2 31 2316 2057 2528 4301 5932 5916
3183 9 2 2 31 2138 1407 2571 5787 6352 6353
3184 9 2 2 31 2470 2320 2518 6297 6344 5638
3185 9 2 2 31 1943 2224 2504 5784 3004 3402
3186 9 2 2 31 1906 2389 2516 5255 6192 6287
3187 9 2 2 31 2514 1847 2523 6358 6359 6360
3188 9 2 2 31 1923 2438 2501 2670 6195 2856
3189 9 2 2 31 1872 1469 2604 4268 5228 2694
3190 9 2 2 31 1940 2318 2546 5728 3931 6244
3191 9 2 2 31 1816 1818 2452 6066 5962 6354
3192 9 2 2 31 2521 2079 2578 5482 6190 6361
3193 9 2 2 31 1903 2251 2455 6020 5848 6362
3194 9 2 2 31 2485 2026 2515 4565 6185 5313
3195 9 2 2 31 1442 2481 2600 3667 6363 6267
3196 9 2 2 31 1633 2461 2475 6211 6325 6289
3197 9 2 2 31 1812 1814 2507 5754 6315 6345
3198 9 2 2 31 1707 2322 2565 5775 6364 6347
3199 9 2 2 31 2365 1866 2505 5925 5370 6131
3200 9 2 2 31 1976 2331 2584 3047 3437 6338
3201 9 2 2 31 2363 1948 2456 6022 3142 6205
3202 9 2 2 31 1846 1847 2514 6130 6358 6356
3203 9 2 2 31 1406 2423 2524 5199 3515 6336
3204 9 2 2 31 1836 1838 2465 6058 6355 6365
3205 9 2 2 31 1406 328 2595 5571 5747 5200
3206 9 2 2 31 1834 1842 2484 6215 5587 6366
3207 9 2 2 31 2404 1964 2560 6147 6327 4743
3208 9 2 2 31 2088 2368 2553 5978 6367 6368
3209 9 2 2 31 2472 1944 2481 6105 6369 6134
3210 9 2 2 31 2326 1562 2593 5827 6229 5577
3211 9 2 2 31 1904 1903 2455 6197 6362 6063
3212 9 2 2 31 2346 1429 2530 6330 6246 3215
3213 9 2 2 31 2256 1417 2488 6227 6370 6371
3214 9 2 2 31 2356 2022 2561 5501 5315 6027
3215 9 2 2 31 2364 1960 2547 3682 6342 5496
3216 9 2 2 31 1832 1834 2484 5980 6366 6372
3217 9 2 2 31 2285 2088 2553 5919 6368 6373
3218 9 2 2 31 1842 1836 2465 6214 6365 6374
3219 9 2 2 31 2355 1988 2563 4158 5392 6337
3220 9 2 2 31 1849 2491 2591 6176 6332 6174
3221 9 2 2 31 2477 1900 2561 6294 5767 5776
3222 9 2 2 31 1921 2444 2547 5458 6166 6341
3223 9 2 2 31 1847 2398 2523 6237 3405 6359
3224 9 2 2 31 2521 1973 2570 6375 4228 3968
3225 9 2 2 31 1974 2514 2523 6376 6360 5973
3226 9 2 2 31 1855 1832 2484 6212 6372 6377
3227 9 2 2 31 2445 2069 2503 5683 6107 6328
3228 9 2 2 31 2468 2047 2568 6319 3469 5622
3229 9 2 2 31 2462 2285 2553 5640 6373 6378
3230 9 2 2 31 2388 1855 2576 6323 6379 6003
3231 9 2 2 31 1842 2465 2515 6374 4190 4602
3232 9 2 2 31 2114 2460 2543 3065 6349 2745
3233 9 2 2 31 2401 2159 2562 5033 3527 6272
3234 9 2 2 31 2257 2256 2488 6288 6371 5521
3235 9 2 2 31 2307 2306 2531 6180 6380 6256
3236 9 2 2 31 2449 2343 2490 6260 6204 5838
3237 9 2 2 31 2556 1458 2583 3699 6381 6382
3238 9 2 2 31 2439 1989 2571 2726 3810 6351
3239 9 2 2 31 2322 2487 2565 6182 6383 6364
3240 9 2 2 31 1417 2457 2488 6318 6384 6370
3241 9 2 2 31 2355 1951 2566 5896 6385 6350
3242 9 2 2 31 1641 2431 2522 6303 5966 6236
3243 9 2 2 31 2489 1912 2539 6321 6302 6145
3244 9 2 2 31 2472 1939 2594 6206 5900 6106
3245 9 2 2 31 2533 2104 2598 6167 6196 5676
3246 9 2 2 31 2481 1944 2600 6369 6310 6363
3247 9 2 2 31 2474 2261 2538 6278 2998 4878
3248 9 2 2 31 1458 2368 2583 6386 6346 6381
3249 9 2 2 31 1951 2514 2566 6357 6387 6385
3250 9 2 2 31 1462 2540 2603 6218 6388 3606
3251 9 2 2 31 1545 2459 2551 6191 5898 5924
3252 9 2 2 31 2368 1458 2553 6386 6389 6367
3253 9 2 2 31 2487 2093 2565 2880 4022 6383
3254 9 2 2 31 1464 2557 2601 6221 6390 6391
3255 9 2 2 31 2306 1420 2531 6348 6392 6380
3256 9 2 2 31 2468 2242 2559 6142 6157 6320
3257 9 2 2 31 2409 1987 2558 6393 6170 5047
3258 9 2 2 31 2004 2531 2582 6257 6394 3079
3259 9 2 2 31 1855 2484 2576 6377 5588 6379
3260 9 2 2 31 1987 2409 2538 6393 6088 5864
3261 9 2 2 31 1458 2462 2553 4203 6378 6389
3262 9 2 2 31 2189 2509 2592 6284 5970 6108
3263 9 2 2 31 2517 1978 2588 5939 2872 6395
3264 9 2 2 31 1922 2517 2588 5891 6395 6143
3265 9 2 2 31 1420 2308 2582 6316 6396 6397
3266 9 2 2 31 2532 1986 2572 6209 3250 6398
3267 9 2 2 31 2540 1448 2603 6232 3730 6388
3268 9 2 2 31 1457 2556 2583 3875 6382 4222
3269 9 2 2 31 2539 1464 2601 6308 6391 6225
3270 9 2 2 31 1973 2521 2578 6375 6361 6127
3271 9 2 2 31 1987 2532 2572 5863 6398 6171
3272 9 2 2 31 2557 1463 2601 3876 4405 6390
3273 9 2 2 31 2457 2014 2488 3676 5522 6384
3274 9 2 2 31 2531 1420 2582 6392 6397 6394
3275 9 2 2 31 2514 1974 2566 6376 4306 6387
3276 9 2 2 31 2308 2254 2582 6317 3080 6396
$EndElements
