$MeshFormat
2.2 0 8
$EndMeshFormat
$PhysicalNames
4
1 1 "LowerEdge"
1 2 "UpperEdge"
1 3 "NoClue"
2 4 "Plate"
$EndPhysicalNames
$Nodes
4449
1 0 0 0
2 5 0 0
3 5 5 0
4 5 10 0
5 0 10 0
6 0 5 0
7 0.1249999999999095 0 0
8 0.2499999999997756 0 0
9 0.3749999999996818 0 0
10 0.4999999999995947 0 0
11 0.6249999999994857 0 0
12 0.7499999999991426 0 0
13 0.874999999998778 0 0
14 0.9999999999984134 0 0
15 1.124999999998049 0 0
16 1.249999999997684 0 0
17 1.374999999997319 0 0
18 1.499999999996955 0 0
19 1.62499999999659 0 0
20 1.749999999996225 0 0
21 1.874999999995861 0 0
22 1.999999999995513 0 0
23 2.124999999995634 0 0
24 2.249999999995825 0 0
25 2.374999999996015 0 0
26 2.499999999996205 0 0
27 2.624999999996395 0 0
28 2.749999999996586 0 0
29 2.874999999996776 0 0
30 2.999999999996966 0 0
31 3.124999999997157 0 0
32 3.249999999997347 0 0
33 3.374999999997538 0 0
34 3.499999999997728 0 0
35 3.624999999997918 0 0
36 3.749999999998108 0 0
37 3.874999999998299 0 0
38 3.999999999998489 0 0
39 4.124999999998678 0 0
40 4.249999999998867 0 0
41 4.374999999999056 0 0
42 4.499999999999245 0 0
43 4.624999999999433 0 0
44 4.749999999999623 0 0
45 4.874999999999811 0 0
46 0.06249999999995497 0 0
47 0.1874999999998502 0 0
48 0.3124999999997082 0 0
49 0.4374999999996405 0 0
50 0.5624999999995491 0 0
51 0.687499999999313 0 0
52 0.8124999999989653 0 0
53 0.9374999999986007 0 0
54 1.062499999998203 0 0
55 1.187499999997882 0 0
56 1.312499999997484 0 0
57 1.43749999999713 0 0
58 1.56249999999677 0 0
59 1.687499999996403 0 0
60 1.81249999999605 0 0
61 1.937499999995684 0 0
62 2.062499999995559 0 0
63 2.187499999995685 0 0
64 2.312499999995911 0 0
65 2.437499999996091 0 0
66 2.56249999999634 0 0
67 2.687499999996444 0 0
68 2.812499999996689 0 0
69 2.937499999996862 0 0
70 3.062499999997065 0 0
71 3.187499999997263 0 0
72 3.312499999997398 0 0
73 3.437499999997644 0 0
74 3.562499999997815 0 0
75 3.687499999998018 0 0
76 3.812499999998166 0 0
77 3.937499999998413 0 0
78 4.062499999998588 0 0
79 4.187499999998723 0 0
80 4.312499999998972 0 0
81 4.437499999999141 0 0
82 4.562499999999378 0 0
83 4.687499999999369 0 0
84 4.81249999999968 0 0
85 4.937499999999927 0 0
86 5 0.1261509988003535 0
87 5 0.2618503960206858 0
88 5 0.4078209944018665 0
89 5 0.5648401886312872 0
90 5 0.7337442401535793 0
91 5 0.915432747855 0
92 5 1.11087336102932 0
93 5 1.321107036919477 0
94 5 1.547253385253003 0
95 5 1.790516849714187 0
96 5 2.05219308402352 0
97 5 2.333675765159028 0
98 5 2.63646402015352 0
99 5 2.962170513156383 0
100 5 3.312529908626038 0
101 5 3.689408213367396 0
102 5 4.094812661843207 0
103 5 4.530902429074882 0
104 5 0.06307549940017655 0
105 5 0.1940006974105254 0
106 5 0.3348356952112617 0
107 5 0.4863305915165706 0
108 5 0.6492922143924563 0
109 5 0.8245884940042829 0
110 5 1.013153054442163 0
111 5 1.215990198974379 0
112 5 1.434180211086251 0
113 5 1.668885117483595 0
114 5 1.921354966868818 0
115 5 2.192934424591286 0
116 5 2.485069892655824 0
117 5 2.799317266655017 0
118 5 3.137350210891123 0
119 5 3.500969060996717 0
120 5 3.892110437605223 0
121 5 4.312857545458627 0
122 5 4.765451214537441 0
123 5 5.469097570924204 0
124 5 5.905187338155091 0
125 5 6.310591786630233 0
126 5 6.68747009137102 0
127 5 7.037829486840195 0
128 5 7.363535979842659 0
129 5 7.666324234836829 0
130 5 7.947806915972076 0
131 5 8.209483150282107 0
132 5 8.452746614744115 0
133 5 8.678892963078368 0
134 5 8.889126638969161 0
135 5 9.084567252144041 0
136 5 9.266255759845947 0
137 5 9.435159811368534 0
138 5 9.592179005597997 0
139 5 9.73814960397921 0
140 5 9.87384900119962 0
141 5 5.23454878546154 0
142 5 5.687142454539574 0
143 5 6.107889562392566 0
144 5 6.499030939000148 0
145 5 6.8626497891054 0
146 5 7.200682733341326 0
147 5 7.51493010733945 0
148 5 7.807065575404406 0
149 5 8.078645033127135 0
150 5 8.331114882513111 0
151 5 8.565819788911302 0
152 5 8.784009801023625 0
153 5 8.9868469455566 0
154 5 9.175411505994944 0
155 5 9.350707785607185 0
156 5 9.513669408483171 0
157 5 9.665164304788586 0
158 5 9.805999302589289 0
159 5 9.936924500599869 0
160 4.875 10 0
161 4.749999999999999 10 0
162 4.624999999999999 10 0
163 4.499999999999999 10 0
164 4.374999999999998 10 0
165 4.249999999999998 10 0
166 4.124999999999998 10 0
167 3.999999999999998 10 0
168 3.874999999999997 10 0
169 3.749999999999997 10 0
170 3.624999999999997 10 0
171 3.499999999999997 10 0
172 3.374999999999996 10 0
173 3.249999999999996 10 0
174 3.124999999999996 10 0
175 2.999999999999996 10 0
176 2.874999999999996 10 0
177 2.749999999999995 10 0
178 2.624999999999995 10 0
179 2.499999999999995 10 0
180 2.374999999999995 10 0
181 2.249999999999994 10 0
182 2.124999999999994 10 0
183 1.999999999999994 10 0
184 1.874999999999993 10 0
185 1.749999999999993 10 0
186 1.624999999999993 10 0
187 1.499999999999992 10 0
188 1.374999999999992 10 0
189 1.249999999999992 10 0
190 1.124999999999992 10 0
191 0.9999999999999911 10 0
192 0.874999999999992 10 0
193 0.7499999999999938 10 0
194 0.6249999999999947 10 0
195 0.4999999999999956 10 0
196 0.3749999999999964 10 0
197 0.2499999999999982 10 0
198 0.1249999999999982 10 0
199 4.937500000000075 10 0
200 4.8125 10 0
201 4.687499999999937 10 0
202 4.562499999999928 10 0
203 4.43749999999998 10 0
204 4.312499999999949 10 0
205 4.187499999999972 10 0
206 4.06250000000006 10 0
207 3.937499999999969 10 0
208 3.812499999999952 10 0
209 3.687500000000005 10 0
210 3.562500000000039 10 0
211 3.437499999999992 10 0
212 3.312499999999971 10 0
213 3.187500000000037 10 0
214 3.06249999999992 10 0
215 2.937500000000012 10 0
216 2.812499999999977 10 0
217 2.687500000000016 10 0
218 2.562500000000002 10 0
219 2.437499999999984 10 0
220 2.312500000000011 10 0
221 2.187499999999943 10 0
222 2.062500000000004 10 0
223 1.937500000000045 10 0
224 1.812499999999988 10 0
225 1.687499999999981 10 0
226 1.562500000000012 10 0
227 1.437499999999988 10 0
228 1.312499999999967 10 0
229 1.187500000000002 10 0
230 1.062499999999972 10 0
231 0.9374999999999227 10 0
232 0.8124999999999813 10 0
233 0.6874999999999236 10 0
234 0.5624999999999964 10 0
235 0.4375000000000515 10 0
236 0.3124999999999636 10 0
237 0.1875 10 0
238 0.06250000000005329 10 0
239 0 9.87384900119962 0
240 0 9.738149603979204 0
241 0 9.592179005597988 0
242 0 9.435159811368527 0
243 0 9.26625575984594 0
244 0 9.084567252144032 0
245 0 8.889126638969152 0
246 0 8.678892963078356 0
247 0 8.452746614744102 0
248 0 8.209483150282093 0
249 0 7.947806915972059 0
250 0 7.666324234836813 0
251 0 7.363535979842644 0
252 0 7.037829486840178 0
253 0 6.687470091371003 0
254 0 6.310591786630217 0
255 0 5.905187338155081 0
256 0 5.469097570924196 0
257 0 9.936924500599803 0
258 0 9.805999302589411 0
259 0 9.66516430478841 0
260 0 9.513669408483333 0
261 0 9.350707785607234 0
262 0 9.175411505995173 0
263 0 8.986846945556897 0
264 0 8.784009801023949 0
265 0 8.565819788911229 0
266 0 8.331114882513139 0
267 0 8.078645033126939 0
268 0 7.807065575404375 0
269 0 7.51493010733985 0
270 0 7.200682733341344 0
271 0 6.862649789105838 0
272 0 6.499030939000315 0
273 0 6.107889562392903 0
274 0 5.687142454539662 0
275 0 5.234548785462024 0
276 0 4.530902429075796 0
277 0 4.094812661844909 0
278 0 3.689408213369767 0
279 0 3.31252990862898 0
280 0 2.962170513159804 0
281 0 2.636464020157341 0
282 0 2.333675765163171 0
283 0 2.052193084027924 0
284 0 1.790516849717893 0
285 0 1.547253385255885 0
286 0 1.321107036921632 0
287 0 1.110873361030839 0
288 0 0.9154327478559594 0
289 0 0.7337442401540537 0
290 0 0.5648401886314662 0
291 0 0.4078209944020035 0
292 0 0.2618503960207894 0
293 0 0.1261509988003802 0
294 0 4.76545121453846 0
295 0 4.312857545460426 0
296 0 3.892110437607237 0
297 0 3.500969060999622 0
298 0 3.137350210894536 0
299 0 2.799317266658601 0
300 0 2.485069892660579 0
301 0 2.19293442459555 0
302 0 1.921354966872833 0
303 0 1.668885117486918 0
304 0 1.434180211088778 0
305 0 1.215990198976267 0
306 0 1.013153054443446 0
307 0 0.824588494004928 0
308 0 0.6492922143927933 0
309 0 0.4863305915168601 0
310 0 0.3348356952114528 0
311 0 0.1940006974105728 0
312 0 0.06307549940021939 0
313 2.559400815563677 0.1117509434734036 0
314 1.935952185075009 0.1086785299222674 0
315 2.55834398352632 9.892292881188034 0
316 1.918472094805051 9.892061869103712 0
317 3.170198555418313 0.116363084523342 0
318 3.195638398734123 9.88304831100068 0
319 0.2606726014946736 7.509627112043237 0
320 0.2639993671808495 2.47292479233926 0
321 3.687499999998013 0.1078289045285111 0
322 3.688639656934015 9.890816560467885 0
323 1.44360163565619 9.896816270787284 0
324 1.420474034632059 0.1197274288563492 0
325 4.732797387541753 7.798150586995902 0
326 4.779147736290621 2.199933588190821 0
327 4.689645670138916 6.499951909640183 0
328 4.685245841172876 3.501540923388594 0
329 0.213644308713803 1.440206658870228 0
330 0.2044875366354891 8.551681533520958 0
331 4.811768500459792 1.221604435033699 0
332 4.827673969459418 8.771624983484966 0
333 0.3095299390538009 6.497269476701243 0
334 0.3149031614857999 3.500969060999374 0
335 0.8124999999989603 0.1082531754727391 0
336 0.7975979606939134 9.877831325232664 0
337 4.561478934362011 5.227022735325169 0
338 4.060791942179645 0.1170166709819706 0
339 4.079903308148705 9.891090032587751 0
340 0.3842442375843678 4.773756420169969 0
341 0.1518110313331057 0.8245884940050066 0
342 0.1669225240355129 9.182095827136749 0
343 4.437693068170327 0.09907769500481185 0
344 4.423552543045246 9.904904679112931 0
345 4.865344173068737 9.374338337508785 0
346 4.858871094747569 0.6492922143924331 0
347 0.4204953745295167 9.903792391030166 0
348 0.4480618186719595 0.1066073372218821 0
349 4.628306035698319 4.321341253080962 0
350 0.3501369382225966 5.684719974078072 0
351 4.722211070932358 2.79671445978746 0
352 4.719713849715852 7.194977994761158 0
353 0.1973402849213377 1.927039648069107 0
354 0.2099726902906647 8.069424558619003 0
355 4.817855194118803 8.325616632898967 0
356 4.769919815663174 1.697603747063146 0
357 0.1311984287441124 0.4863305915167349 0
358 0.128445823737207 9.518922143559255 0
359 1.066490378632573 9.883452883470941 0
360 1.054583435581712 0.110543173739088 0
361 1.695994762906722 0.1137998013563024 0
362 2.944189018052008 0.1132537151745332 0
363 3.437499999997631 0.108253175473219 0
364 2.938750204360579 9.890128281691688 0
365 3.440844840023983 9.890591024694647 0
366 2.182701373213642 0.1059577732611512 0
367 2.175167090690756 9.894971594625957 0
368 1.697862092797322 9.893491809273208 0
369 4.69030234945318 0.1118130502345512 0
370 4.68480661804574 9.916943481230756 0
371 4.857169030910698 9.644850921157802 0
372 4.881464966899118 0.3346001395197837 0
373 0.09896029047785013 0.1958952766388844 0
374 0.1119843043699354 9.800385758706772 0
375 0.3938568707878601 4.325935553573378 0
376 0.7584621900125292 4.535007553751626 0
377 0.774118820551424 4.119650956945778 0
378 1.121948254563228 4.318265810161208 0
379 1.129384106908745 3.921017805312083 0
380 1.474042806310952 4.116753408071192 0
381 1.478457217131492 3.730209573185594 0
382 1.42664073583183 4.519224331488246 0
383 1.81255208833701 3.917422157966832 0
384 1.816305050058342 3.545304764792109 0
385 2.141472925968664 3.730352575756977 0
386 2.142800926933251 3.367199840516656 0
387 2.460913816274005 3.549809689887101 0
388 2.454897582623333 3.194107667769501 0
389 2.142521880228289 3.020064289610122 0
390 2.43951215384042 2.85720238349672 0
391 2.159649580351084 2.693888189353343 0
392 2.433313354019073 2.542178760508657 0
393 2.194449171766811 2.389447309686052 0
394 2.442075215586028 2.249413084001704 0
395 2.214443100721321 2.103780615185159 0
396 2.441184502249366 1.974942282933164 0
397 2.220247280226531 1.83829272497343 0
398 2.430930413536914 1.728013261735581 0
399 2.654621920246965 1.839022353745138 0
400 2.617303967419305 1.573335124745999 0
401 2.854904156113846 1.708904002379257 0
402 2.220044546117044 1.595744720970613 0
403 2.01651201978534 1.698784931738143 0
404 2.853115082748448 1.473795707821184 0
405 3.056451854130597 1.589932817604059 0
406 3.063016542592596 1.82352534159157 0
407 2.01423511699281 1.480354897582469 0
408 1.820831918180885 1.571719030058865 0
409 3.054652733190783 1.364010972677215 0
410 2.455505650181507 3.918672179975371 0
411 1.82630172893037 1.353086981435615 0
412 3.248681157456929 1.47249821024177 0
413 2.035300744123562 1.262679986179945 0
414 3.245131947204671 1.254790267153163 0
415 3.434068636550148 1.358420740899146 0
416 2.87423836542766 1.251143600217986 0
417 1.628997959119923 1.454240598415931 0
418 1.645604795008527 1.689603803802063 0
419 1.642181864517754 1.237787549631645 0
420 2.699936395023251 3.029351854016458 0
421 3.430072041975742 1.148747229034784 0
422 3.612063826349221 1.248746301631043 0
423 3.620980019769917 1.459354154113327 0
424 1.449180899319379 1.336195359123643 0
425 1.45982724933456 1.127505814004573 0
426 3.611698868623966 1.048626964076279 0
427 1.926101833225811 2.524199669434485 0
428 1.274762003182789 1.222327349530139 0
429 1.283636931761143 1.022265255276803 0
430 1.110758805374309 1.106191307669196 0
431 3.433090009723094 0.9557519399371663 0
432 3.786539285649617 1.142362507454854 0
433 3.784869973809922 0.9500483290837884 0
434 1.466218211193309 0.9196616477380042 0
435 1.115851939514039 0.9190268501597483 0
436 1.097528717110524 1.303132399528118 0
437 2.781403426537778 3.730777814669354 0
438 2.79288987962114 4.105967067206131 0
439 3.951627960041834 1.040705395999811 0
440 3.947882375030338 0.8529793425292065 0
441 0.9510205465256776 0.9977615001430695 0
442 0.9530734264000491 0.8177826756145226 0
443 1.11614046973495 0.7353332669035071 0
444 3.786739395581241 0.7577542687350411 0
445 3.956516648266558 1.223355472235306 0
446 4.111288584055886 0.9417063352132335 0
447 4.10763637679273 0.7605131561423255 0
448 3.119658399129537 3.913301995276008 0
449 3.128838107887587 4.301122520611266 0
450 2.783370737720622 4.505017835649912 0
451 3.133829789409076 4.702276880989126 0
452 2.776329064526089 4.907211995612109 0
453 3.130053129964282 5.10466484968685 0
454 2.778877685316439 5.307675130575666 0
455 3.132153424938172 5.504969572181591 0
456 2.792667998618515 5.698227671499568 0
457 3.128265942171373 5.89198717465025 0
458 2.802484177451599 6.077333186958097 0
459 3.131790670719562 6.264438635854605 0
460 2.820092341193415 6.442396770742841 0
461 2.52069661939242 6.28048895521781 0
462 2.535582896696569 6.621860340528277 0
463 2.835473877025216 6.786789859960423 0
464 2.530110850292845 6.958530947199845 0
465 2.811648724354725 7.115845543545563 0
466 2.544677903170406 7.272215487846987 0
467 2.805177474310396 7.418310251402546 0
468 2.553655355832681 7.569274832866158 0
469 2.804313977223572 7.707821793226076 0
470 2.566764668482408 7.844845369080752 0
471 2.800167747608772 7.973087806592454 0
472 2.57665528612576 8.107630691905262 0
473 2.797058665905993 8.226317971829127 0
474 2.351333481284554 7.988721954993956 0
475 2.367778230081751 8.238543133331238 0
476 2.147648958780528 8.124049304971024 0
477 2.162126286070054 8.365176426448439 0
478 1.954829838229906 8.264451263869727 0
479 1.954376003558432 8.481942244394309 0
480 1.899867235606394 8.008639602793114 0
481 2.150111041908655 8.606726168979216 0
482 3.013572124749149 8.104546024771595 0
483 3.01008700618306 8.350107195745746 0
484 1.764572914355319 8.396385780174793 0
485 1.759450242646022 8.599660609870524 0
486 3.216679278000003 8.230535001766842 0
487 3.21990731438771 8.463446769825261 0
488 1.57064217606619 8.508222229479362 0
489 1.573819474440281 8.717317928417302 0
490 3.41635782608425 8.349217740680869 0
491 3.410654889753542 8.576709832578366 0
492 3.225809003232934 8.685072140449678 0
493 3.42223080170019 8.116488041116186 0
494 3.407008388863064 8.790250153634926 0
495 3.590272268308971 8.688001661451258 0
496 3.585066268595912 8.894090001027749 0
497 3.228115956161752 8.891829801142537 0
498 2.222949636289272 6.787117643295856 0
499 1.383827199437568 8.619673714272711 0
500 1.386717611965536 8.404540664388701 0
501 1.396490903896846 8.828712555862609 0
502 1.575210582183244 8.922974279533545 0
503 1.406893714440057 9.026918414420866 0
504 1.232505015043746 8.938890645599241 0
505 3.07627865908501 7.277478538256871 0
506 3.763544199120407 8.797835834534322 0
507 3.755782867036523 8.997731067845553 0
508 3.586624475754816 9.089279016395302 0
509 1.576423913998258 9.12079197234117 0
510 1.244507970680212 9.128550056771232 0
511 1.076191598733033 9.046956155146816 0
512 3.745566453960545 9.182110585961677 0
513 3.911230388175889 9.097423970940349 0
514 3.050612591293991 8.793808669133798 0
515 3.055433913366658 8.992973654933985 0
516 1.184719160183171 8.522457891816243 0
517 1.187260729782499 8.295359317059331 0
518 3.626266044131564 8.236140770702303 0
519 3.632925842270072 7.995072713950089 0
520 2.449819841587243 5.508778982646982 0
521 1.087992965285279 9.22811989784571 0
522 0.9270068392707468 9.148484649401276 0
523 2.882852964232013 8.900079154276586 0
524 2.89170329341131 9.092318380119904 0
525 3.054054387626224 9.181666226761564 0
526 2.894415213767911 9.277992732910393 0
527 2.739079868791716 9.190601953127082 0
528 0.9153063498373402 8.971812062958758 0
529 3.846878244741863 8.121268650733322 0
530 3.851273111419232 7.869902420141941 0
531 3.585279758263174 9.251746294539871 0
532 3.891941963059959 9.290519947335262 0
533 4.06229894510515 9.198496912598937 0
534 4.074417848073209 9.01302234045118 0
535 4.220664597245864 9.121312039954862 0
536 4.21315541448133 9.294441351398635 0
537 1.248415793244034 9.308435747552394 0
538 4.236917831999318 8.950643117505509 0
539 0.9375294692626204 9.323332012214317 0
540 4.266274847134366 0.8474331502923027 0
541 4.260879766536325 0.669800351876946 0
542 3.448436234044274 6.082033835986423 0
543 1.739898996140039 9.021880516290292 0
544 1.742342133257463 9.207004938820072 0
545 1.896329106142992 9.115385070559608 0
546 1.89887291699124 9.285596848805429 0
547 2.046585633830413 9.199124768366939 0
548 0.7823353760206242 9.246500407907842 0
549 0.9787627968391883 8.422509347766404 0
550 0.9678829630703147 8.188219358430867 0
551 1.181860262057555 8.056175953900601 0
552 1.509467722467057 3.3587785043556 0
553 3.047018722089146 9.359973378444785 0
554 2.742395095580924 9.365971415007309 0
555 0.962877843831524 0.6424913983236265 0
556 0.8085414771809878 0.7223374182200969 0
557 4.273411861851846 1.030142537081025 0
558 2.042502016423518 9.348768578564904 0
559 3.450950521860998 6.442999556582155 0
560 1.759694515108392 9.365600747125448 0
561 1.110585369499849 0.5602967818278248 0
562 0.7907565403551882 9.418183160958197 0
563 2.593775233828494 9.286528079497455 0
564 2.582834796956312 9.114018044527375 0
565 4.110672316805022 0.587001957460858 0
566 0.9503046225712565 7.942674899173494 0
567 1.161075554126461 7.807863495026332 0
568 2.730149658947136 2.417308706090675 0
569 2.323366437163216 7.427499663673073 0
570 0.6424184685704457 9.341501943770231 0
571 0.6301044368306493 9.182849832414689 0
572 0.8179469666681692 0.5527371705033928 0
573 0.6720899233911364 0.6234629993679306 0
574 0.6678665759358143 0.7904330904172292 0
575 3.465042245686881 4.101224276560055 0
576 3.452295806639719 3.717183797675202 0
577 4.363145328780473 9.224069156475425 0
578 4.354884627864896 9.389216125192144 0
579 4.20783535338833 9.461241571016977 0
580 2.600168647581818 9.454276640134704 0
581 0.6538529524569557 9.504396308278672 0
582 0.9291861442958805 7.686124349364524 0
583 1.164348355591462 7.532933970419476 0
584 0.9154418077416995 7.405518265443498 0
585 1.150929569582866 7.244292780474732 0
586 1.411797226130983 7.384523437293286 0
587 1.404339895916765 7.08296906559942 0
588 1.129916804465378 6.936264423231183 0
589 1.403089023665446 6.766333443322981 0
590 0.6794517718646571 0.4647963184901023 0
591 4.258687503269485 0.5000453243581339 0
592 4.400610833123351 0.5814975749375648 0
593 0.946441154630295 9.491568842757134 0
594 3.487668726129693 4.900514477474397 0
595 1.117055892646827 6.620684894895119 0
596 1.403326573281514 6.431740155442892 0
597 4.066709480050532 8.003693158570856 0
598 4.059149821412632 8.256123483834751 0
599 4.077699950663837 7.742552901832212 0
600 3.847891060998885 7.603009144713963 0
601 4.430791817227218 0.933195893388829 0
602 2.733142155264996 9.530665152481989 0
603 3.766018252579276 6.274878100484985 0
604 3.756872934723421 6.624625957055867 0
605 3.76946861620082 5.897900480808297 0
606 0.7722509445689358 8.319311442842086 0
607 0.5391817381775642 0.5323324179942761 0
608 4.074592061978455 7.464109933542767 0
609 1.113896667985443 6.281688097577431 0
610 1.394601118346162 6.077735892143348 0
611 3.433784508024672 7.866537786294902 0
612 3.770586450403094 3.901460590998569 0
613 3.779542050804456 3.519660610851297 0
614 0.5083982149372144 9.432433359097889 0
615 3.454254444776226 3.347654427176441 0
616 3.759300747859572 3.161804186836457 0
617 3.464207725355186 3.001482720242278 0
618 3.752141389636686 2.828819011778731 0
619 3.470836906303657 2.677563941261399 0
620 3.737706738974639 2.519379812430192 0
621 3.473483796557283 2.370257506186186 0
622 3.724348101990959 2.225821722159898 0
623 3.978166023975983 2.35509463577749 0
624 3.960402229485738 2.078432696928337 0
625 2.453932117275373 9.377655526320638 0
626 2.460946072049396 9.538527927901583 0
627 2.407094384880019 4.712306438618668 0
628 4.344723811977783 9.550591040314997 0
629 4.486446588329986 9.480532639733292 0
630 0.7206010861357216 4.987852784051987 0
631 1.263568625187089 0.6479060127086869 0
632 1.255617503030198 0.4805317912997491 0
633 1.398939523699851 0.5625423505927695 0
634 4.277627090400933 8.138437333910176 0
635 4.272012773615653 8.379887759697423 0
636 3.847581354770059 7.329367236540929 0
637 4.10955412063234 7.142905597935614 0
638 4.438853190243078 1.122793553721039 0
639 2.050860200276837 9.023120073167437 0
640 3.19535831984781 9.272875128446728 0
641 3.193571378992726 9.444013315899255 0
642 3.050087145824686 9.525167263311207 0
643 1.667644335741858 7.231150988173399 0
644 0.7837758694686872 8.548249200713531 0
645 2.804858231606409 8.495052353234472 0
646 4.016890566228474 2.972882578481457 0
647 1.708855671707202 6.249428701725369 0
648 1.718965850632704 5.883950983609037 0
649 1.378873063781056 5.706141658934891 0
650 1.716914271157641 5.507477552105295 0
651 4.119215888613894 0.4234487661042831 0
652 3.973920738460725 0.5011221426416436 0
653 4.39894628384704 0.4210077789024224 0
654 4.526390261085351 0.4961164757759403 0
655 0.5163758483586538 9.589535776341304 0
656 1.416238087542938 7.931988805808864 0
657 0.7173096807840215 7.816087785897619 0
658 4.204145445048486 9.619643097859305 0
659 4.070677279190751 9.536396021461698 0
660 3.807409097065263 4.301626718763296 0
661 1.399524380829298 0.405423020203195 0
662 1.540215590570804 0.4814428673832831 0
663 1.261351014191328 0.3237933239295983 0
664 3.717058266456557 1.95297355513228 0
665 3.94596802418586 1.817712471675264 0
666 4.174764991159247 1.935612964150904 0
667 4.157844204944524 1.684312213668783 0
668 4.543261125764868 0.6574280936261241 0
669 3.192559762274606 9.602279466219734 0
670 3.328031030413552 9.526780924291824 0
671 4.088535012912459 6.100190436607082 0
672 0.8251354618313684 0.3939321604574511 0
673 2.196007406374884 9.104810893988274 0
674 0.546006727398738 0.380565004259367 0
675 3.773343103409737 8.595000314211203 0
676 1.67502899944188 7.523603220008433 0
677 0.6546189003446684 9.66043516644261 0
678 4.52585322973876 0.346790070196452 0
679 3.936124108573515 8.717239690434228 0
680 3.453799015006952 6.844215632571413 0
681 3.9846178309379 0.3494093133447994 0
682 3.848524279118497 0.4182605585661477 0
683 1.539940092800724 0.6409545272028759 0
684 1.682415738189504 0.5589918158652153 0
685 1.680331762529435 0.7240960689207272 0
686 1.822748753946587 0.6403024535219355 0
687 1.825859299675319 0.475736655950223 0
688 1.965922692757774 0.554220866531971 0
689 1.968390159286332 0.7213446200398735 0
690 2.114415655020269 0.6309859250463699 0
691 2.118173117589904 0.8018066491933916 0
692 2.267709164472322 0.7094206921409878 0
693 2.271668022831989 0.8854967565091152 0
694 2.420859990119038 0.7913363212941259 0
695 2.414677474637849 0.6174047173967132 0
696 2.564751354698255 0.6954276634855969 0
697 2.550906822792605 0.5245468906932476 0
698 2.701404611508162 0.6010828383586736 0
699 2.431421849506274 0.972870014375471 0
700 2.688070129505094 0.4369336161392996 0
701 2.839654004183183 0.5106279861757905 0
702 2.848594005795579 0.67490426649215 0
703 2.988714755308044 0.5820538482453026 0
704 2.995579681406453 0.7458325012059686 0
705 3.133407336185488 0.6457712506805457 0
706 2.398940583881851 0.4483827540692653 0
707 3.125278634272441 0.4890464168054234 0
708 3.270207251523101 0.5547351922452435 0
709 2.108453587018574 0.4660970182969804 0
710 2.859912360147293 0.8456231627807994 0
711 3.254162036684558 0.4004238299119746 0
712 3.397916926830418 0.4660075417887941 0
713 3.01060720761525 0.9154665452914514 0
714 1.972779621220071 0.8901026108903132 0
715 3.416546824669948 0.622236952427096 0
716 3.56510867885031 0.5273933498738389 0
717 3.515336282096419 0.3623886510586661 0
718 3.592809948564858 7.466242146338667 0
719 4.477020923187432 9.632846851040229 0
720 4.611118666314519 9.564030332555923 0
721 2.833855842233693 0.3535437684336801 0
722 3.2168155291295 2.515545744381321 0
723 1.535123264948953 0.3322087822257425 0
724 0.5828173040027662 8.450752407869322 0
725 0.6037959245717642 8.672897806639948 0
726 2.21024849883129 8.933459931592816 0
727 3.120892708794293 0.3419377370009028 0
728 4.281301287477013 1.211417855488405 0
729 4.45883261039225 1.344716841308234 0
730 0.4088925697582179 0.4485883843677526 0
731 0.4164904100403911 0.6126617992737255 0
732 4.374843414320732 1.806084242025506 0
733 0.8449105641098036 6.818261524234836 0
734 2.320741275478107 9.467053146942714 0
735 2.32614847879853 9.62083793542233 0
736 4.316506257723441 7.589844469744328 0
737 1.36944116107744 5.331834558114037 0
738 1.702004706219051 5.132604732401418 0
739 1.034397411877028 5.550522114598915 0
740 3.078488979854092 9.678170103578781 0
741 4.10418950419953 3.697267111515803 0
742 3.32467004196841 9.680098124759645 0
743 3.451221440232086 9.606077206097035 0
744 4.08507164288317 5.706321645473267 0
745 3.86505307748035 0.2498571538254108 0
746 3.206056098474721 2.235448270568656 0
747 3.763511967893236 5.508991415304167 0
748 4.594767729449725 1.020894591406253 0
749 0.3767705543718742 9.520334716671586 0
750 0.3649430962138163 9.363744010226091 0
751 0.3833721760039231 9.68613143622234 0
752 4.627141476693302 9.417040250060069 0
753 0.5620704799051131 8.220306753745936 0
754 4.641766352891829 0.4387707327603543 0
755 2.474826210940902 9.684259663976123 0
756 2.277407227361395 1.064563529968703 0
757 2.438015549007906 1.157204954778094 0
758 2.594500545943371 1.052899451419064 0
759 4.40116501318709 2.040585464130844 0
760 2.691367311011689 0.2847981453166084 0
761 3.951925361515596 1.586109999507903 0
762 2.187533686313365 9.550039986860952 0
763 2.019476387415263 6.064727303987265 0
764 3.45905938214882 9.175417076537089 0
765 4.063533262308156 9.681538998847042 0
766 3.940637271571021 9.60991970895159 0
767 3.933446814254312 9.74660474165392 0
768 3.81224299848803 9.678655022069307 0
769 3.815183588880058 9.535143486563257 0
770 3.690850138744128 9.606885124136976 0
771 4.174469974025283 9.774149316394693 0
772 3.562610394703561 0.6933649421399409 0
773 2.047418147080693 8.837641564820917 0
774 0.8290106983523386 3.732331712195079 0
775 0.4113909567960808 0.3074973698845386 0
776 4.373559004762773 5.899993588459047 0
777 4.600304937490002 9.72129806044507 0
778 2.338573449665434 9.771433668680919 0
779 3.169833110847135 3.164485901503208 0
780 2.252740089656455 1.23285407523426 0
781 4.469505167559273 8.284411965349044 0
782 4.460755164181391 8.512035991810833 0
783 4.270951033622453 8.607363577317571 0
784 4.456541764032869 8.755247007620943 0
785 2.45070531159499 1.356537462454445 0
786 3.45873540134258 9.458577781394442 0
787 4.529715219510802 8.025181165527433 0
788 0.2619410401107746 0.3669782994103722 0
789 0.2919613461321989 0.2201718141947019 0
790 3.73993374913507 0.333024299916792 0
791 0.5320570379511854 0.2245570878864376 0
792 2.949604040164962 9.635343889424016 0
793 1.909864208408406 7.397921549289187 0
794 1.972106912747312 7.079401440501345 0
795 1.912599915005207 7.693123216420044 0
796 0.3803678210891432 8.375845632090861 0
797 3.591774148275987 7.179968694459006 0
798 2.022295348224315 6.443044852186798 0
799 4.757813055330828 9.49827722178647 0
800 4.610528829094946 1.900431258765073 0
801 4.127749435817411 0.2505589477876673 0
802 2.380811676175309 9.044774246661426 0
803 2.36693543032797 8.845485480010778 0
804 2.03972463231493 5.313916824854031 0
805 4.39613671295307 0.2721883473719787 0
806 3.690780523502903 9.461119546068073 0
807 1.678582337229978 7.816224317848605 0
808 1.630597314321312 8.074650007328334 0
809 4.109024103347229 5.307340620174944 0
810 2.315105821976116 9.314652122139265 0
811 4.14231378024104 1.482001549885719 0
812 2.051324145835874 4.928176187269049 0
813 3.063211099767807 1.112521372341224 0
814 4.364413909520323 1.562756246366408 0
815 4.641972074877605 0.269626168106688 0
816 2.256955010673688 0.540923318398097 0
817 2.247593035140166 0.3817092600893918 0
818 2.376620673237731 0.2948582018937477 0
819 2.110339456592674 0.3210159569477494 0
820 2.541065036908487 0.3449571677671336 0
821 4.080090714558566 8.469587226792878 0
822 0.4122389815942765 3.859829507724978 0
823 0.6778282670042164 3.282171863167343 0
824 0.7835739977713823 8.756409618923804 0
825 0.6150247557456068 8.878387729005825 0
826 0.4443151265016545 8.792031412071974 0
827 0.4516297047763024 8.967149382876975 0
828 0.287839704445514 8.896072285027003 0
829 3.155894488769229 6.625049212779992 0
830 1.13972655830612 3.517589373054598 0
831 1.036653081943092 3.152196636030992 0
832 2.873137010493362 8.704067968270971 0
833 2.713471861671724 8.826685846954998 0
834 1.822678791084076 3.189315073378789 0
835 1.537446815321459 3.010461607234364 0
836 2.983039323084528 0.4217566515621357 0
837 2.985672032049408 0.2609800562167675 0
838 3.716565906814787 0.4887407867615421 0
839 3.265193515163219 1.041827647362707 0
840 3.284548245697398 0.8691389953615278 0
841 2.826823606570614 0.2090740302405601 0
842 4.648176736781148 8.647020565719204 0
843 2.606556609906774 9.610962232348392 0
844 2.731580347610326 9.683684297516532 0
845 1.092779198802434 9.40050239146494 0
846 1.244875699154593 9.478115895042 0
847 1.390026445760904 9.39433830372599 0
848 1.392865508038647 9.55550628638194 0
849 1.251849236591187 9.637742486148072 0
850 1.529070490369735 9.472869041917159 0
851 1.532241620267969 9.627613675952972 0
852 1.090678860183966 9.568983536832773 0
853 0.9546949409927812 9.667940526383275 0
854 1.12478693407296 9.725713522684099 0
855 1.274938078990674 9.778440939602712 0
856 1.661214537670384 9.55920528781019 0
857 1.660825524525477 9.693111135094926 0
858 1.794267075470202 9.626968137251994 0
859 1.799961656037935 9.781228557667282 0
860 1.928028965802315 9.69363329021515 0
861 1.922094411702484 9.558588586164204 0
862 1.579508211754881 9.315442432026162 0
863 1.393917376304275 9.697845376972149 0
864 1.828665847450284 1.151313015386457 0
865 1.6521631081139 1.04747947429318 0
866 0.6821889394177088 0.3124808523757669 0
867 0.9619204771376975 0.4749581904909516 0
868 0.9479020292864542 0.3127621771482985 0
869 1.101399151694249 0.3721497948844283 0
870 1.151628813645761 0.2161703986785988 0
871 1.289979290770161 0.182513428447064 0
872 0.5336106982609885 9.738561157592557 0
873 0.6684254503579965 9.803401444883725 0
874 0.7995690683134462 9.729623611807583 0
875 0.8099653830656455 9.580655627767499 0
876 2.879898230151439 1.033792314330468 0
877 1.522087439834375 9.775571778305773 0
878 3.481138024454372 2.090466262564045 0
879 3.483336378638414 1.823321934716868 0
880 0.9901213033108565 8.667384375841603 0
881 4.331945902085077 9.697308237162559 0
882 2.591585994814226 8.357241672123966 0
883 2.564511580488563 8.570226641911692 0
884 2.360828382389648 8.466263899206687 0
885 0.6851410752210889 0.1785079595595803 0
886 1.83098406442136 2.806011825466889 0
887 1.518108319671667 2.676732822640877 0
888 1.220553434949964 2.870706405832655 0
889 1.254889863264536 2.527226680769208 0
890 0.9857367636443881 2.643724294228705 0
891 1.012156080706568 2.355575701712184 0
892 1.269424011927022 2.228671516212904 0
893 1.026464070026069 2.080813073084714 0
894 0.7754431145184461 2.19350441030741 0
895 0.797981737789958 1.933141332141142 0
896 1.035645753053698 1.817093995895543 0
897 0.815564150202061 1.683965587898201 0
898 0.5980704961313901 1.785185359204755 0
899 0.6160920967410505 1.55005804992312 0
900 0.8105149502277935 1.448453302613147 0
901 0.633313149658149 1.32443815767669 0
902 0.4093762331783375 1.613183389233055 0
903 0.7970633828033074 1.240364655615722 0
904 0.6384336257815182 1.124942122682137 0
905 0.4674699659288518 1.205639865620332 0
906 0.4819710312527706 0.9882623767192049 0
907 0.3117230719452994 1.095786495453179 0
908 1.503220885383794 2.377865994314988 0
909 1.508617959360272 2.098224398752038 0
910 1.764112333910811 2.225738663159943 0
911 1.733171051200471 1.942494548236525 0
912 1.264065766709046 1.963405719197982 0
913 1.254308262304214 1.698882853403237 0
914 1.030367114851916 1.531000291264565 0
915 1.967197885221954 0.3974288809721723 0
916 1.849045088818438 0.3203522778935816 0
917 1.694089651379674 0.3764321223586259 0
918 2.202483346474877 9.692003151029219 0
919 4.262034909631947 0.3440954282862523 0
920 4.275324903935034 0.2068007756809961 0
921 0.2867008779539733 6.864135932993813 0
922 0.3247074358403594 3.137594954683007 0
923 0.5883381869658288 2.903994905395119 0
924 3.707649969904013 1.680796787107438 0
925 3.249387265131213 0.2440008772248318 0
926 3.381097871426935 0.3182508207631853 0
927 4.824700888348261 8.979546655981647 0
928 4.649788340054715 8.868575154306798 0
929 4.65911797920309 9.06756264183049 0
930 4.503662476264788 8.969008891447306 0
931 4.84792800803028 1.017863282749468 0
932 0.2873668665062267 2.78331852947961 0
933 0.52504448598422 2.601466622471759 0
934 0.4838377812157643 2.293623938544249 0
935 4.889552651817263 9.800361086805641 0
936 4.758222088326617 9.73434973306032 0
937 4.894344242642308 0.1950728314540287 0
938 4.611503836919864 4.752002599407756 0
939 4.203434412609672 4.455830725544364 0
940 4.329671973112161 4.015915073855604 0
941 3.829281120960318 4.700318190468877 0
942 4.675054611126608 3.874843894907484 0
943 0.33707982449533 6.10411490702778 0
944 0.7035387824519126 5.893889890550412 0
945 0.5996289678337405 6.307569551937132 0
946 2.89077773618004 9.472206714485511 0
947 1.393449251443215 4.939901807589077 0
948 0.3537718575788816 5.232544892051002 0
949 1.404406156350583 0.2603672656754973 0
950 4.820568871950649 9.196318537894703 0
951 3.04585475736073 7.56453395946079 0
952 4.567288578454174 0.8326978788419996 0
953 2.393514435618707 5.114811787193608 0
954 2.088075955038242 4.516849543341391 0
955 3.961497418929292 0.6705655415056149 0
956 3.40075872905112 9.01820096082691 0
957 1.208920772165399 8.734260833496819 0
958 2.735281221732553 3.369002540351246 0
959 3.091038979648346 3.489033261327156 0
960 1.274567176893883 0.8270969420097243 0
961 3.206500440251365 9.092681726158379 0
962 3.844223512086651 8.384790999145268 0
963 1.410860336467199 9.215178404288885 0
964 2.061641919927377 9.631841354208795 0
965 2.067983557445172 9.779223466035385 0
966 0.2760762902220071 7.205658776303772 0
967 0.5083601056702198 7.380798811440823 0
968 0.5764105837701616 7.076920563463219 0
969 4.692101343037207 3.146579360098668 0
970 4.382488185125303 3.322206072068051 0
971 4.460053335882615 2.960693095801046 0
972 4.486134613741762 2.632051028323327 0
973 4.703144075265634 6.859269165680546 0
974 4.422975336493903 6.688374280319093 0
975 4.426966403056689 7.057592046433166 0
976 1.747224654853495 8.812905303796464 0
977 4.058398911492243 9.369207480394715 0
978 4.742621046685151 7.491120972589262 0
979 0.2371128431711218 7.802570044326065 0
980 0.4741198147510323 7.970944770528607 0
981 4.772977041756338 8.074321175168501 0
982 4.753324909323184 2.478393139315755 0
983 4.489807846610343 2.304385505340502 0
984 3.109261481801595 6.969925569743311 0
985 0.2193695676233658 2.18755113764852 0
986 0.4392418880325077 1.408039058215845 0
987 4.802918295034813 1.453986181575303 0
988 4.600778914954889 1.5534931950576 0
989 4.855502652604155 0.8245046132792477 0
990 3.993703278803754 2.652729412046847 0
991 1.690780996309557 6.60080082878507 0
992 0.4216167980808937 8.591209718878265 0
993 0.1337213023920797 9.357528835671699 0
994 0.1404517325277777 0.641297891354945 0
995 4.876357546621813 0.4854769776831285 0
996 2.090491556833882 5.693003982503473 0
997 2.418129303113815 5.93074509154305 0
998 2.269113983654836 7.129269389061665 0
999 3.200194834397547 2.81510109160255 0
1000 2.935613084616665 2.646229467666675 0
1001 2.677020045549071 2.111587160483941 0
1002 2.928118572466145 2.220574561442413 0
1003 2.343707283368604 7.716102979288987 0
1004 0.1230821934060123 9.665952639587294 0
1005 0.2342775320375327 9.741841308930859 0
1006 0.1206676699917702 0.3348356952113964 0
1007 3.0269698374762 7.841146797107116 0
1008 0.9086009154436124 9.786786294124479 0
1009 2.611879955121311 9.772089672840714 0
1010 2.741190930122334 9.803975465201727 0
1011 2.86236855987266 9.759394780097978 0
1012 2.671464548182382 1.358842502933036 0
1013 3.812337061738098 9.813482939171648 0
1014 3.690642991839947 9.749299849602586 0
1015 3.567216395424292 9.814075364733874 0
1016 4.748610708618221 0.542934588081993 0
1017 1.628678141249377 0.2269394623814635 0
1018 2.44380791080498 4.307836524671742 0
1019 1.98929065938499 0.2358188513256506 0
1020 4.498580769263818 7.371684840607628 0
1021 2.575302967951508 0.8693700251735497 0
1022 3.202081912525237 9.743653337884641 0
1023 0.4857865615021862 7.673723109801218 0
1024 3.320781792466461 9.811560763698818 0
1025 0.8150612509590293 0.2444693555295231 0
1026 0.9334561411253943 0.1762879955294723 0
1027 3.33146581453501 7.42866654503498 0
1028 0.5676907492367312 2.038671834548539 0
1029 3.061302961515448 0.1584547225719418 0
1030 0.3059265884268179 0.9026556875656009 0
1031 4.377352141455351 6.323591878502814 0
1032 4.643304211414987 9.250580004274193 0
1033 4.701660291871166 0.7138550989905762 0
1034 1.395652830604339 8.178510298206021 0
1035 3.475344847856469 4.501180510811169 0
1036 1.96816657774526 1.973243895267502 0
1037 3.486180651938786 0.2247763204793794 0
1038 2.694692262207968 0.1356184604952445 0
1039 4.318196086793808 9.828256277784401 0
1040 0.2095842313121169 9.883204179265322 0
1041 2.54599144200805 8.932134329328488 0
1042 2.241477881720857 0.2210011043181171 0
1043 2.368999451965065 0.1525373673336767 0
1044 4.567516256052521 0.1165666074012315 0
1045 4.569557898630991 9.87183759601362 0
1046 4.498547847937383 9.319692955106476 0
1047 0.2903632709399764 0.7124940062789432 0
1048 0.4305304551834039 0.7925443603110006 0
1049 4.098804047399081 6.53401154511532 0
1050 3.973997859231123 6.86658891661952 0
1051 0.8031742822148288 0.8904075270818985 0
1052 3.935557503275577 0.115458618330824 0
1053 3.936992945169323 9.888868957562451 0
1054 3.81148899496072 0.1109305049757538 0
1055 1.192285898616031 9.880689967090007 0
1056 3.562499999997824 0.1082531754732216 0
1057 3.309514303423262 0.1113973436903928 0
1058 1.815614393503179 0.1062568652675723 0
1059 1.562499999996773 0.1082531754727384 0
1060 3.060652928056525 9.892856333885966 0
1061 2.059657369610036 0.1086931254297546 0
1062 1.454887061436401 1.57842489369976 0
1063 4.409429054835336 0.753895925758684 0
1064 2.43073623886528 9.892763307596116 0
1065 3.922214540667924 8.906397652948259 0
1066 2.725989037845187 9.009306284722406 0
1067 3.261118589222694 1.703426763148784 0
1068 4.198482090644978 2.202659519453658 0
1069 3.324130359160463 9.37050166409343 0
1070 1.069718877814618 5.905138664486864 0
1071 3.598928561888144 8.466951154197554 0
1072 3.622268644111327 0.863043048587125 0
1073 3.041702172315127 8.581707076367127 0
1074 1.424068251924374 7.66304042147256 0
1075 0.4977542333116747 9.275159832712358 0
1076 0.3470352570556455 9.203753803554743 0
1077 0.7696006126496934 9.083625511993784 0
1078 1.064380062560645 8.862822870383097 0
1079 3.446897997622483 9.748270574754329 0
1080 2.445955765071407 9.214283183897551 0
1081 3.625129987794996 0.2507073352405723 0
1082 1.260172343034204 1.444993857758244 0
1083 4.288612926084845 7.892716669540516 0
1084 3.790292429221882 1.331656270564365 0
1085 3.459305791923685 1.582969765037888 0
1086 1.896133786969589 8.935810370364381 0
1087 2.131270583117737 7.852497110499404 0
1088 2.874260442089397 1.959538464623551 0
1089 3.223040820698723 7.986166634925588 0
1090 1.680222722570348 6.924897068036707 0
1091 4.201616095297078 4.923279330751261 0
1092 0.2747554232908235 0.528221981502669 0
1093 0.2502885829483408 9.59731887284855 0
1094 0.8846797562740136 7.10998181054386 0
1095 0.7406564176084456 8.076257501769767 0
1096 3.448752944621252 5.698492417906706 0
1097 4.048802100719207 3.298012526014458 0
1098 3.268005765179403 1.947493733514954 0
1099 0.5796266553071048 0.09653652091598498 0
1100 1.826722628861653 0.8040757620618755 0
1101 4.189101450553681 0.108308962358169 0
1102 0.1600034616044698 1.215990198976236 0
1103 2.480058122452576 0.2100837322529693 0
1104 4.233452959240984 2.485016062095402 0
1105 4.610155879693997 1.200133905642689 0
1106 1.808259168728059 9.913356447208841 0
1107 0.5528527316345411 9.878420884880429 0
1108 4.210011561494632 9.904092959925219 0
1109 3.569459316498329 9.677156381674736 0
1110 2.300415960986808 9.892968510978324 0
1111 2.712838662051768 0.7710059848483226 0
1112 4.114386112546173 1.122312527470949 0
1113 3.931947173580819 9.455548585687239 0
1114 0.3325278186960647 9.821568961760121 0
1115 2.124840667601748 0.9712728754123725 0
1116 3.634664417754398 7.739087701818612 0
1117 0.152820521833245 1.000848190840665 0
1118 1.312499999999993 9.896532456782289 0
1119 4.816716029554231 0.1093673839006605 0
1120 1.571434327169516 9.894413735413121 0
1121 0.1927567050494398 0.117626214628729 0
1122 3.999999999998483 0.217624709704351 0
1123 4.453429715205425 9.776075283593133 0
1124 0.3213332429160813 0.1057784377203073 0
1125 3.457099310355254 5.308147541560647 0
1126 0.2039019544327084 1.694981483752466 0
1127 4.479702635928187 7.774902297034811 0
1128 2.123858592727291 4.111771852845434 0
1129 4.682169224001306 6.090736346264887 0
1130 4.096247846068683 8.837784821970557 0
1131 2.051899451506507 9.895511370882838 0
1132 3.831243441590245 0.5788515225117115 0
1133 3.430524616907054 0.7846199869686579 0
1134 1.414245338730641 0.7325217728712065 0
1135 4.791577034297799 9.878838360131995 0
1136 4.823291019735398 8.552806696321557 0
1137 0.9395323386302777 9.897435006445763 0
1138 1.197281923331811 0.09872519027245154 0
1139 2.532507879624996 8.754681787570471 0
1140 1.935438032765245 8.688289678087273 0
1141 0.1586823780009943 8.788821208585313 0
1142 3.731902531721565 6.922058808029771 0
1143 4.508823283018078 9.151766111875691 0
1144 1.773921406416747 4.327532478905506 0
1145 0.7565993944708224 2.463933187260097 0
1146 3.808033553997134 5.108098595955715 0
1147 0.6765454887353979 5.465077360646338 0
1148 1.925015136889015 6.773245016640264 0
1149 4.78357005406048 0.2434436785934882 0
1150 1.484138317004772 1.851898559630016 0
1151 4.896065251862053 9.508961059483918 0
1152 3.692453563508029 0.609220974004415 0
1153 0.2508909346849301 9.441642843162821 0
1154 3.06788141556776 2.053617368098988 0
1155 3.244362109137207 7.711533171627851 0
1156 2.999065612925538 9.775272914706758 0
1157 2.180008886624763 9.40954765070029 0
1158 3.806972348865444 9.414521207743373 0
1159 0.1481405855006744 8.998036101208127 0
1160 2.689599610768511 2.718309201436508 0
1161 1.557878553992892 0.7788192281565793 0
1162 4.489199951167053 0.2130917591290696 0
1163 0.1875022355824199 8.311975206051958 0
1164 3.317393359819699 7.154805429645359 0
1165 2.013454603474003 2.243282030546628 0
1166 0.5533595276436387 6.691835027261882 0
1167 4.66091554033363 5.684581956362782 0
1168 2.815378049674288 0.09268589307300992 0
1169 3.745821161873831 0.210469639697408 0
1170 4.312499999998958 0.09302859680106708 0
1171 3.571824296959271 9.535887580939415 0
1172 2.35277351910389 8.665792165271901 0
1173 1.825852270567159 0.971298555337792 0
1174 4.808864543406951 1.939231519513319 0
1175 2.727801073664365 0.9518436985173977 0
1176 0.7141188512204694 7.539003874099452 0
1177 1.73923603346416 4.727381513499115 0
1178 0.6561987886275473 0.9534583537433582 0
1179 3.277642479665764 0.7121612687618317 0
1180 1.985685355451203 1.062575323140003 0
1181 1.078268655705406 4.74824088636039 0
1182 1.048510416245912 5.1891930311202 0
1183 0.6874999999999942 9.910633405381212 0
1184 4.435330022947295 3.682354615147107 0
1185 0.8777479792105064 2.924749710158514 0
1186 1.006059454745317 9.789521717312978 0
1187 1.588212774439802 8.296063870835564 0
1188 1.759737006308875 0.2228466782098304 0
1189 4.714802994816269 0.9196256979215933 0
1190 2.812266014626872 9.895126403946971 0
1191 1.683330692967511 0.8761791617517201 0
1192 2.225497327450499 8.777821062135127 0
1193 0.5460512496174337 0.7027649661599487 0
1194 4.645915893554072 8.427969038998668 0
1195 2.593316709628879 0.2174416898610719 0
1196 1.510236319435549 0.2094992229223581 0
1197 4.367718892368726 9.052492258071283 0
1198 0.3144658438852298 1.290432708298191 0
1199 2.122837710352833 0.2008689885804502 0
1200 2.183890827893216 9.258775273609746 0
1201 0.800878880216244 1.060583872518287 0
1202 2.4955414326384 9.800135805425356 0
1203 4.257281376647427 8.785098304535083 0
1204 3.457351519926254 9.315511203265277 0
1205 2.733584503056115 1.141432137055749 0
1206 2.047442750176981 9.492382686914592 0
1207 2.456691677994708 0.09487440861200991 0
1208 3.133820128423028 0.7983141328958481 0
1209 3.372736018383566 0.2013357075262017 0
1210 0.307931039159876 9.062430297746671 0
1211 1.780676420590801 9.494354544786621 0
1212 0.3946121249763573 1.851067243314291 0
1213 1.306547049745807 0.08019320951517295 0
1214 2.673185672317738 9.89987807420909 0
1215 1.827699008863666 1.770240765976338 0
1216 4.244196865238251 2.791577360118473 0
1217 1.037793914266714 0.2375827079959772 0
1218 4.656890840107148 1.354786911723505 0
1219 4.720438879533924 9.622002965805136 0
1220 4.781869517932794 0.40460633848614 0
1221 0.2517325073493728 9.298475165112968 0
1222 0.7668248087721734 8.923555896692262 0
1223 2.124810881870187 7.563872868804603 0
1224 4.094267195655783 8.660923169099199 0
1225 0.7497461559695519 2.704182433158107 0
1226 3.449302035248667 7.633761999472115 0
1227 2.310558608220072 6.46503346984338 0
1228 2.584471917881848 1.215498557856566 0
1229 2.12889128534042 1.126182923109689 0
1230 0.4719323020138942 9.120067334850136 0
1231 0.607537251076175 9.027468217708771 0
1232 1.304269515459247 3.167898530774455 0
1233 2.392366220358439 1.536435401901438 0
1234 0.3124999999999973 9.92188665983671 0
1235 1.906725823323143 9.422031518943259 0
1236 3.562499999999995 9.920286387811306 0
1237 2.216141922443755 1.413032639347825 0
1238 0.09529313389354252 9.904430570502731 0
1239 1.871377047583173 0.1972217546602536 0
1240 0.8499032533995245 6.499148772767063 0
1241 3.314516839920874 9.919592308428832 0
1242 0.3718206505714616 2.052860395031864 0
1243 1.371773066739082 9.809852625671983 0
1244 3.81252445147029 9.921534337398073 0
1245 3.783890881731898 1.512230469108367 0
1246 3.968713399378399 1.403767036619639 0
1247 4.126879375735179 1.30448236867251 0
1248 1.699078846576431 2.52664794840706 0
1249 4.286158886793356 1.382527118298927 0
1250 4.909266554918469 0.09105134318061284 0
1251 0.3832387651942595 8.166734523547987 0
1252 4.909424791666278 9.909105449818673 0
1253 0.09073344508127094 0.09105134318044034 0
1254 4.720164542828467 1.099631157780738 0
1255 0.1948606277942171 0.2603930722480174 0
1256 3.705008495303484 9.330274473063039 0
1257 3.105497114360553 9.795327226620882 0
1258 3.577103131773425 9.394317884898763 0
1259 0.9488979641300653 1.174532098557229 0
1260 2.936620580588097 2.925717311477339 0
1261 4.590978988278285 2.097679532555283 0
1262 4.733673653197081 9.352008336934299 0
1263 4.353247184111439 5.540759235635414 0
1264 1.960995715340731 9.794941253405435 0
1265 4.65342190588524 8.218102859813653 0
1266 4.552623606202336 1.728452523286055 0
1267 3.152679013358853 0.9433347297646013 0
1268 2.284342315004401 0.09199632846360144 0
1269 4.035677502996205 9.791105645637348 0
1270 3.007496498571199 2.424307979785576 0
1271 3.633927080613987 0.4060385343185785 0
1272 2.233018986699387 9.79864249496695 0
1273 0.8586223365815935 6.154428283842468 0
1274 4.678933536749795 9.815069252985559 0
1275 2.258231253273177 6.23680793455566 0
1276 0.9361374527503303 1.339158855868984 0
1277 0.3939031039441211 0.1973575908566009 0
1278 1.642756641184791 9.802414520230332 0
1279 3.318125768014035 9.20181962433664 0
1280 4.245217423833037 3.10249380139486 0
1281 4.530881388780091 7.568618593365872 0
1282 1.645781307195607 9.435753352552416 0
1283 0.7254121213253486 7.282949400181515 0
1284 2.125921196886719 7.302210011599726 0
1285 3.138209417348715 0.2306750029711819 0
1286 3.883068701370343 7.09489483944305 0
1287 3.924908094464053 8.548465393544882 0
1288 2.316290849858679 9.180015673146782 0
1289 4.370230406556052 0.174961747936573 0
1290 0.4349375982933017 9.792557795275339 0
1291 0.5952105323268264 3.553339345150993 0
1292 0.6896096757892015 0.07462730537204629 0
1293 4.26589051397637 7.326960947400936 0
1294 2.925564616085883 3.188322179728657 0
1295 4.314537170190526 9.928482597484502 0
1296 4.232006549848862 6.871066420278869 0
1297 0.9098542101946107 3.390789856932612 0
1298 4.364424468262626 8.902497915836024 0
1299 0.9362795486425017 0.07376760894964404 0
1300 0.9208139340602208 8.827952571552414 0
1301 4.625980573614358 0.5695834158740586 0
1302 0.3111763512594006 8.709233223320439 0
1303 3.062499999997062 0.0673415854976086 0
1304 2.718152035609263 8.666374919654508 0
1305 4.016611940138105 4.081136453297981 0
1306 0.5501483949762923 0.8651551295955309 0
1307 2.82628830467528 9.61335653562619 0
1308 1.774217378950824 8.210994581948485 0
1309 0.3115102709460703 1.526695024051642 0
1310 0.3264430983731554 1.424122858543037 0
1311 0.4243090606054226 1.51061122372445 0
1312 0.733011705525955 9.840616385058194 0
1313 0.7425489803469538 9.894232365306937 0
1314 0.6779627251789954 9.857017425132469 0
1315 3.674674895142401 0.7255596054374911 0
1316 3.627531979105795 0.651292958072178 0
1317 3.739596479544635 0.6834876213697281 0
1318 1.095638656352766 9.80458320307752 0
1319 1.158536416344495 9.803201744887053 0
1320 1.129388138624301 9.882071425280474 0
1321 2.689718720258392 0.360865880727954 0
1322 2.614567583206791 0.3909453919532166 0
1323 2.616216173960088 0.314877656541871 0
1324 4.666137212165392 0.1907196091706196 0
1325 4.604744165465062 0.1930963877539598 0
1326 4.628909302752851 0.1141898288178914 0
1327 1.484767328757892 9.354890367876076 0
1328 1.400443391114051 9.304758354007436 0
1329 1.49518427411104 9.265310418157522 0
1330 1.859216875421493 9.836645213385497 0
1331 1.863365631766555 9.902709158156277 0
1332 1.804110412382997 9.847292502438062 0
1333 0.7339972593357214 9.766512528345654 0
1334 0.7985835145036798 9.803727468520123 0
1335 1.459548468065319 9.433603672821574 0
1336 1.554289351062308 9.39415573697166 0
1337 1.906233575305801 7.850881409606579 0
1338 1.789224786418186 7.912431960320859 0
1339 1.795591126117593 7.754673767134324 0
1340 1.35522666270111 0.1511204286517066 0
1341 1.298263170257984 0.1313533189811185 0
1342 1.363510542188933 0.09996031918576105 0
1343 0.8771320046531137 9.698782069095429 0
1344 0.9316479282181969 9.727363410253876 0
1345 0.8540849918785294 9.758204952966031 0
1346 4.753509189503705 0.1105902170676059 0
1347 4.800143041807355 0.1764055312470744 0
1348 4.73693620175683 0.1776283644140197 0
1349 4.094270688998528 0.1837878093848189 0
1350 4.124946696366663 0.1126628166700698 0
1351 4.158425443185546 0.1794339550729181 0
1352 4.73819182617177 9.897890920681377 0
1353 4.681870077397767 9.866006367108158 0
1354 4.735255285523797 9.846953806558776 0
1355 1.412440095491321 0.1900473472659232 0
1356 1.347192723560372 0.2214403470612807 0
1357 4.553165052043791 8.811911080963871 0
1358 4.576725408159751 8.918792022877053 0
1359 4.480102120148828 8.862127949534123 0
1360 2.964930525050708 0.1871168856956504 0
1361 2.906247819310011 0.2350270432286638 0
1362 2.885506312311311 0.1611638727075467 0
1363 0.215407501733877 0.6768959488169441 0
1364 0.2076035779093006 0.584759936428807 0
1365 0.2825593471153999 0.6203579938908061 0
1366 1.748641692555641 2.084116605698234 0
1367 1.850668814472866 1.957869221752014 0
1368 1.866139455828036 2.099491279213722 0
1369 1.354597661870308 1.638653873551499 0
1370 1.469512689220586 1.715161726664888 0
1371 1.369223289654493 1.775390706516627 0
1372 2.905986300018811 9.697369334760996 0
1373 2.97433482654525 9.705308402065388 0
1374 2.930717086399099 9.767333847402368 0
1375 0.8047672256895458 9.655139619787541 0
1376 0.8823301620292133 9.624298077075387 0
1377 4.841084612000653 5.997961842209989 0
1378 4.671542382167468 5.887659151313835 0
1379 4.830457770166815 5.794884647258937 0
1380 3.900305290377963 0.1826578860781174 0
1381 3.838271036220535 0.1803938294005823 0
1382 3.873523249118149 0.1131945616532889 0
1383 2.534004639507148 1.464936293600222 0
1384 2.561084929888686 1.35768998269374 0
1385 2.644384257800843 1.466088813839518 0
1386 4.774899561312209 9.806594046596157 0
1387 4.718577812538205 9.774709493022939 0
1388 4.527864114382039 5.995364967361967 0
1389 4.517237272548201 5.792287772410915 0
1390 2.61948847614885 0.4807402534162736 0
1391 2.545985929850546 0.4347520292301906 0
1392 1.547410212386458 7.874106561828734 0
1393 1.654589825775645 7.945437162588469 0
1394 1.523417700932125 8.003319406568599 0
1395 0.6330832269850226 3.093083384281231 0
1396 0.7330430830881676 2.914372307776817 0
1397 0.7777881231073613 3.103460786662929 0
1398 4.201537169876222 0.2286798617343317 0
1399 4.232213177244358 0.1575548690195826 0
1400 1.880478685689333 9.788084905536358 0
1401 1.939733905072891 9.843501561254573 0
1402 0.2061194907971383 3.774618860547373 0
1403 0.2061194907971383 3.977321084784943 0
1404 2.151085730289686 2.856976239481733 0
1405 1.986752972324825 2.913038057538506 0
1406 1.995316822386222 2.749950007410116 0
1407 0.07934118900049716 8.838973923777232 0
1408 0.1534114817508344 8.89342865489672 0
1409 0.07407029275033722 8.943581370088641 0
1410 2.722346131102277 0.06780923024762225 0
1411 2.659846131102181 0.06780923024762225 0
1412 3.704504019846284 0.8103986586610831 0
1413 3.592439519407444 0.7782039953635329 0
1414 4.552359250407008 8.701133786670074 0
1415 4.648982538417931 8.757797860013001 0
1416 0.1965697344274435 0.4266544454635536 0
1417 0.1259330493679413 0.4105831433640657 0
1418 0.1913043550512724 0.3509069973108844 0
1419 0.8572406744736543 3.217184249599168 0
1420 0.9572005305767992 3.038473173094753 0
1421 4.565586013022329 0.2413589636178788 0
1422 4.528358103609786 0.1648291832651505 0
1423 4.631256303526277 7.911665876261668 0
1424 4.752887214649046 7.936235881082202 0
1425 4.65134613063357 8.049751170347967 0
1426 2.54850973005678 8.662454214741082 0
1427 2.442640699364443 8.710236976421186 0
1428 2.458642549796227 8.618009403591795 0
1429 0.7488205376100245 0.1433805675161597 0
1430 0.8137806254789948 0.1763612655011311 0
1431 0.7501011630900591 0.2114886575445517 0
1432 4.807491043120763 9.571564071472135 0
1433 4.788803955222311 9.633426943481469 0
1434 4.739125967432376 9.560140093795802 0
1435 4.411623259956286 1.453736543837321 0
1436 4.529805762673569 1.449105018182917 0
1437 4.482596412237606 1.558124720712004 0
1438 3.522786581641469 7.012092163515209 0
1439 3.454583754047842 7.167387062052183 0
1440 3.385596187413325 6.999510531108387 0
1441 2.097528274518292 6.9332595418986 0
1442 2.246031809972054 6.95819351617876 0
1443 2.120610448201074 7.104335414781505 0
1444 1.258484258610763 0.4021625576146737 0
1445 1.178508327362223 0.4263407930920887 0
1446 1.181375082942788 0.3479715594070133 0
1447 1.990810590609631 2.108262962907065 0
1448 1.888783468692407 2.234510346853285 0
1449 0.2232610412232542 8.842446746806157 0
1450 0.2179901449730942 8.947054193117566 0
1451 2.90976393714155 0.3072619123252238 0
1452 2.830339724402154 0.2813088993371201 0
1453 4.370874314919527 9.866580478448666 0
1454 4.385812900999617 9.802165780688767 0
1455 4.438491129125335 9.840489981353032 0
1456 2.504835093888872 1.554885263323719 0
1457 2.421535765976714 1.446486432177941 0
1458 0.6836650073193988 0.2454944059676736 0
1459 0.7486250951883691 0.278475103952645 0
1460 3.014046510009527 9.656756996501398 0
1461 3.038777296389815 9.72672150914277 0
1462 1.022686900588374 9.618462031608024 0
1463 1.107732897128463 9.647348529758435 0
1464 1.039740937532871 9.696827024533686 0
1465 2.823561300689971 6.951317701752993 0
1466 2.972367679413406 6.878357714851868 0
1467 2.96045510307816 7.042885556644437 0
1468 4.325070994439443 9.76278225747348 0
1469 4.392687808645251 9.736691760377846 0
1470 1.24836246787289 9.557929190595036 0
1471 1.171264048387576 9.603363011490423 0
1472 1.16777727966928 9.523549715937387 0
1473 4.712771064469042 0.2565349233500881 0
1474 2.156118663989354 8.485951297713829 0
1475 2.261477334229851 8.415720162827563 0
1476 2.255469712149151 8.536495034092951 0
1477 4.194892172724679 0.2973271880369598 0
1478 4.268679906783491 0.2754481019836242 0
1479 3.96777875163703 0.1665416640175875 0
1480 3.932526538739416 0.2337409317648809 0
1481 4.82693915359644 9.503619140635195 0
1482 4.876617141386376 9.57690599032086 0
1483 1.717940060895173 5.695714267857166 0
1484 1.903702913995762 5.600240767304384 0
1485 1.904728703733293 5.788477483056255 0
1486 4.127186641086993 9.832619674491223 0
1487 4.192240767759957 9.839121138159957 0
1488 4.144957434821668 9.897591496256485 0
1489 2.021935249061472 7.772810163459724 0
1490 2.015568909362066 7.930568356646258 0
1491 2.042875706788447 2.609043929393914 0
1492 1.878542948823586 2.665105747450687 0
1493 0.3534268404901837 0.6625779027763343 0
1494 0.3456229166656073 0.5704418903881973 0
1495 0.1574515807428999 3.59518863718457 0
1496 0.3635710715400382 3.680399284362176 0
1497 4.243338844662416 3.509736591791927 0
1498 4.076495802459369 3.49763981876513 0
1499 4.215645142922256 3.310109299041255 0
1500 1.550245928222464 1.634014348750911 0
1501 1.564871556006649 1.770751181716039 0
1502 1.065423194409139 9.757617619998538 0
1503 0.9803771978690493 9.728731121848126 0
1504 2.323266809511008 0.4150460070793285 0
1505 2.312106854188948 0.3382837309915697 0
1506 2.387780628559791 0.3716204779815065 0
1507 3.664314994836965 1.570075470610382 0
1508 3.583477880913849 1.631883276072663 0
1509 3.540142905846801 1.521161959575608 0
1510 1.188318085332073 9.681728004416087 0
1511 0.306639093805523 1.654082436492761 0
1512 0.2087731315732557 1.567594071311347 0
1513 4.057790405572455 9.84109783911255 0
1514 4.105073738510744 9.782627481016021 0
1515 2.462669981439105 8.51824527055919 0
1516 2.356800950746769 8.566028032239295 0
1517 4.82388737007194 9.76735540993298 0
1518 4.840564843057532 9.839599723468819 0
1519 2.098764594494674 8.722183866900068 0
1520 2.187804184679577 8.692273615557172 0
1521 2.136457737265596 8.807731313478023 0
1522 3.592292048420422 7.323105420398837 0
1523 3.462137881549934 7.447454345686824 0
1524 3.461619981405498 7.304317619746993 0
1525 3.570233134945707 0.3065479931496192 0
1526 3.629528534204491 0.3283729347795754 0
1527 3.574631681355203 0.3842135926886223 0
1528 4.782719785996637 0.3240250085398141 0
1529 4.711920796405199 0.337116253296414 0
1530 4.216930738655845 3.856591092685703 0
1531 4.269759763573413 3.689810863331455 0
1532 4.382500998029728 3.849134844501355 0
1533 3.595493174271214 1.752059360912153 0
1534 3.47132108528105 1.703145849877378 0
1535 1.991428089922969 8.762965621454095 0
1536 2.04277453733695 8.647507923533244 0
1537 1.930998680727495 4.422191011123449 0
1538 1.913655994251201 4.622115528420252 0
1539 1.756578719940454 4.527456996202311 0
1540 1.183101436265024 0.520414286563787 0
1541 1.105992260597049 0.4662232883561266 0
1542 1.765232274963853 8.041644805060724 0
1543 1.821679220911542 8.874357837080423 0
1544 1.84133134380937 8.750597490941868 0
1545 1.915785909867417 8.812050024225826 0
1546 4.737925353120282 8.709322774602086 0
1547 4.738731154757066 8.820100068895883 0
1548 1.184560495920027 8.175767635479966 0
1549 1.288756546330947 8.11734312605331 0
1550 1.291456780193419 8.236934807632675 0
1551 4.910284435975324 9.231287148870326 0
1552 4.910284435975324 9.140442895019373 0
1553 1.982600335656182 3.104689681494456 0
1554 1.826831427752718 2.997663449422839 0
1555 1.199862506531817 9.752077231143407 0
1556 1.233611988803352 9.829565453346358 0
1557 2.024474014497513 0.1722559883777026 0
1558 2.091247539981434 0.1547810570051024 0
1559 2.056064184868912 0.2183439199530504 0
1560 1.661383896314526 0.3016857923700447 0
1561 1.694207573779126 0.2248930702956469 0
1562 1.726913328844275 0.2996394002842282 0
1563 4.502363292119385 3.945379484381544 0
1564 4.555192317036951 3.778599255027296 0
1565 0.6542359264008121 9.582415737360641 0
1566 0.7319091677613005 9.542525968023085 0
1567 0.7322921417051569 9.620545397105055 0
1568 4.005421754837467 4.37872872215383 0
1569 3.912010518601684 4.191381586030639 0
1570 4.110023176373889 4.268483589421173 0
1571 4.584931418060496 9.796567828229346 0
1572 4.511493806918208 9.823956439803377 0
1573 4.526867326347713 9.748686672019101 0
1574 2.777603374921264 5.107443563093887 0
1575 2.586196060467573 5.211243458884637 0
1576 2.584921750072398 5.011011891402858 0
1577 1.559190659653605 0.9835705610155923 0
1578 1.57477445208041 0.8979204047448621 0
1579 1.667746900540705 0.9618293180224502 0
1580 1.036274916688945 9.836487300391958 0
1581 2.122622492256793 6.615081247741327 0
1582 2.073982386589144 6.78018132996806 0
1583 1.973655242556665 6.608144934413531 0
1584 0.1672921156560576 9.94160208963266 0
1585 0.2297921156560576 9.94160208963266 0
1586 2.968724732597734 1.181832486279605 0
1587 2.877068297789549 1.142467957274227 0
1588 2.971554664959623 1.073156843335846 0
1589 4.504708927719495 7.900041731281123 0
1590 4.60625001173497 7.786526442015356 0
1591 0.1436834332531133 2.709891274818475 0
1592 0.1436834332531133 2.872744521319707 0
1593 1.5120483825931 0.8492404379472918 0
1594 1.620604623480201 0.8274991949541497 0
1595 4.434043472263706 8.935753403641666 0
1596 4.410483116147747 8.828872461728484 0
1597 4.123482662215652 0.3370038569459752 0
1598 4.19062539912292 0.3837720971952677 0
1599 4.016357766784995 4.57807445800662 0
1600 3.818345109012791 4.500972454616086 0
1601 1.142337688578065 1.614941572333901 0
1602 1.14526972894306 1.487997074511404 0
1603 1.257240302669209 1.57193835558074 0
1604 2.908447582659111 0.3876502099979079 0
1605 2.984355677566968 0.3413683538894516 0
1606 2.838997621049885 8.599560160752722 0
1607 2.923280201960767 8.538379714800801 0
1608 2.957419591404244 8.64288752231905 0
1609 0.5180951473280727 8.095625762137271 0
1610 0.607388116179739 8.023601136149187 0
1611 0.6513634487567793 8.148282127757852 0
1612 0.2924276788623161 8.46376358280591 0
1613 0.4009923095850184 8.483527675484563 0
1614 0.3130521673581914 8.571445626199612 0
1615 1.463022730263935 1.023583730871289 0
1616 1.55599517872423 1.087492644148877 0
1617 0.4963657142450081 3.391570462083358 0
1618 0.3198052986630796 3.31928200784119 0
1619 0.5012678514222879 3.209883408925175 0
1620 2.481823236565811 9.079396145594401 0
1621 2.51439528101386 9.164150614212463 0
1622 2.413383720623358 9.129528715279488 0
1623 3.048552933956916 9.442570320877996 0
1624 2.970432441002363 9.49868698889836 0
1625 2.968898229134593 9.416090046465147 0
1626 4.408909104036299 3.502280343607579 0
1627 1.537669427759879 0.4068258248045128 0
1628 1.614606458164314 0.3543204522921842 0
1629 1.617152620975239 0.4289374948709546 0
1630 1.771567370099056 0.3483922001261038 0
1631 1.804391047563656 0.271599478051706 0
1632 2.264952258075903 8.301859779889838 0
1633 2.3643033062357 8.352403516268962 0
1634 0.19692843539393 4.210374107709143 0
1635 0.4030479261910683 4.092882530649177 0
1636 2.943963691719867 7.196662040901217 0
1637 3.092770070443302 7.123702054000091 0
1638 2.540691410423838 9.647610948162257 0
1639 2.609218282514043 9.691525952594553 0
1640 2.543353083031107 9.728174668408418 0
1641 2.995684182897222 6.705919536370208 0
1642 3.132577985285412 6.797487391261652 0
1643 1.962621422229999 0.172248690623959 0
1644 1.997804777342522 0.108685827676011 0
1645 1.126513982670005 0.2941600967815136 0
1646 1.206489913918544 0.2699818613040985 0
1647 1.971775967025141 8.88672596759265 0
1648 0.4565228114030941 3.020794930039063 0
1649 4.557861725249699 1.349751876515869 0
1650 4.628834877531018 1.454140053390553 0
1651 1.513125072462826 8.126580152767177 0
1652 1.405945459073639 8.055249552007442 0
1653 3.036909153691528 1.013993958816338 0
1654 2.945252718883345 0.9746294298109598 0
1655 4.639619237119899 9.768183656715316 0
1656 4.624245717690393 9.843453424499589 0
1657 3.682531868465033 0.2918658175786821 0
1658 3.686930414874528 0.3695314171176852 0
1659 3.324429587177354 7.29173598734017 0
1660 1.06394791598122 1.417066345396341 0
1661 1.178850530072364 1.374063128643181 0
1662 2.054983972124572 5.878865643245369 0
1663 2.254310429973848 5.811874537023262 0
1664 2.218802845264539 5.997736197765158 0
1665 0.5371864718573016 5.110198838051494 0
1666 0.6985732874355597 5.226465072349162 0
1667 0.5151586731571397 5.34881112634867 0
1668 4.932672086534369 9.320297048677366 0
1669 4.842956522509693 9.285328437701743 0
1670 0.1319996835904247 2.5546944062483 0
1671 0.2756831168435381 2.628121660909435 0
1672 0.268348231700799 0.4476001404565206 0
1673 0.2029769260174679 0.5072762865097019 0
1674 4.641869213884717 0.3541984504335212 0
1675 4.711817935412311 0.4216885356232472 0
1676 1.600281071124289 4.423378405196877 0
1677 1.582938384647995 4.62330292249368 0
1678 0.7270939843290574 9.695029389125096 0
1679 1.420153169733656 7.797514613640712 0
1680 1.551325294577176 7.739632369660583 0
1681 1.66233645207805 0.1703696318688829 0
1682 1.595589070623075 0.1675963189271009 0
1683 1.629247381451748 0.1110264884145204 0
1684 2.32794779727777 0.4946530362336812 0
1685 2.252274022906927 0.4613162892437444 0
1686 0.5524226618600447 4.880804602110977 0
1687 0.3690080475816247 5.003150656110485 0
1688 1.087420231747014 8.594921133828922 0
1689 1.196819966174285 8.628359362656532 0
1690 1.099521037738128 8.700822604669211 0
1691 2.111434621019421 0.5485414716716751 0
1692 2.182704298846131 0.5035101683475387 0
1693 2.185685332846979 0.5859546217222334 0
1694 0.8845557511908169 5.088522907586094 0
1695 0.8625279524906551 5.327135195883269 0
1696 1.869221119023983 5.974339143798151 0
1697 2.592200407780036 0.05587547173670181 0
1698 2.627046538885822 0.1236847019843241 0
1699 1.948561024818164 6.926323228570805 0
1700 3.453275125707973 3.532419112425822 0
1701 3.271667393144032 3.603108529501179 0
1702 3.272646712212286 3.418343844251798 0
1703 2.384654844265357 9.832098488138517 0
1704 2.417057441151917 9.785784737053138 0
1705 2.46313883575184 9.846449556510736 0
1706 2.244772236951087 5.411347903750507 0
1707 2.270155699210562 5.600891482575228 0
1708 2.065108094574406 5.503460403678752 0
1709 2.216619533966818 5.214364306023819 0
1710 2.421667138602975 5.311795384920295 0
1711 1.611315664380154 0.5202173416242493 0
1712 1.688252694784589 0.4677119691119206 0
1713 2.836754923208438 0.4320858773047353 0
1714 2.911346663633855 0.4661923188689631 0
1715 0.4378525267360278 2.843656717437365 0
1716 0.4062056762452234 2.692392575975685 0
1717 0.5566913364750244 2.752730763933439 0
1718 4.445486429898716 2.172485484735673 0
1719 4.344144968627661 2.253522512397081 0
1720 4.299823551916035 2.121622491792251 0
1721 0.5957147477675269 7.893516278213113 0
1722 0.7289830491962335 7.946172643833693 0
1723 2.17802331107937 0.4239031391931861 0
1724 1.069596532980481 0.3048662514402027 0
1725 1.094711363956237 0.226876553337288 0
1726 1.286989170874017 8.349949990724017 0
1727 1.391185221284938 8.291525481297361 0
1728 1.024650590490352 0.3424559860163634 0
1729 0.9928479717765841 0.2751724425721378 0
1730 0.1101465669467704 9.952215285251366 0
1731 0.1524386826028297 9.893817374884026 0
1732 2.121575324067964 9.83709753033067 0
1733 2.15050127207228 9.788932980501167 0
1734 2.204093038695071 9.846807044796453 0
1735 2.907472618894734 8.42257977449011 0
1736 3.025894589249093 8.465907136056437 0
1737 1.168827448978513 9.439309143253471 0
1738 1.0917290294932 9.484742964148857 0
1739 0.8689680971644704 5.722206002574664 0
1740 1.052058144845823 5.727830389542889 0
1741 0.8866288301332653 5.899514277518637 0
1742 1.482844537745283 9.836194024546529 0
1743 1.407687351197636 9.853334448229633 0
1744 1.446930253286728 9.792712201988877 0
1745 2.166426978222193 6.454039161015089 0
1746 2.266754122254672 6.626075556569618 0
1747 1.115996204624494 0.8271800585316277 0
1748 1.195353823314416 0.7812151044566157 0
1749 1.195209558203961 0.8730618960847363 0
1750 2.567190873268683 0.2811994288141028 0
1751 2.642342010320284 0.2511199175888401 0
1752 2.781133007313433 9.947563201973486 0
1753 2.711592836158866 9.949939037104546 0
1754 2.742725843472305 9.89750223907803 0
1755 3.349141762443157 0.9987897936499366 0
1756 3.274870880430308 0.9554833213621173 0
1757 3.358819127710246 0.9124454676493471 0
1758 2.827783109109316 6.614593315351632 0
1759 2.987993414981322 6.533722991761417 0
1760 4.109154346798876 0.6737575568015918 0
1761 4.03456689786101 0.7155393488239702 0
1762 4.036084867867157 0.6287837494832365 0
1763 1.689387923104499 1.816049176019294 0
1764 1.608654684102621 1.897196553933271 0
1765 2.229209265357946 4.820241312943859 0
1766 2.069700050437058 4.72251286530522 0
1767 2.247585169959131 4.614577990980029 0
1768 3.500758467017602 0.2935824857690227 0
1769 3.555655319866891 0.2377418278599758 0
1770 1.136650417363022 8.798541851939959 0
1771 1.027250682935751 8.765103623112349 0
1772 3.081643110487051 0.9294006375280264 0
1773 3.10794505656333 1.027928051052913 0
1774 1.998006261623744 9.736428378125268 0
1775 2.014489636392952 9.78708235972041 0
1776 1.944512340571523 9.744287271810293 0
1777 3.592850773364258 6.883137220300592 0
1778 3.661838339998776 7.051013751244389 0
1779 1.149855759881373 1.890249857546762 0
1780 1.144977007678956 1.75798842464939 0
1781 1.25918701450663 1.83114428630061 0
1782 4.33525151885462 5.267181677750056 0
1783 4.155320099322154 5.115309975463102 0
1784 4.381547514829545 5.075151033038215 0
1785 1.493962469799274 3.544494038770597 0
1786 1.309091887718806 3.623899473120096 0
1787 1.324597140386588 3.438183938705099 0
1788 0.2006211196770231 1.811010565910786 0
1789 0.2992570397045329 1.773024363533379 0
1790 0.2959762049488475 1.889053445691699 0
1791 0.6900421355936552 5.679483625598374 0
1792 0.8554714503062131 5.507799737622626 0
1793 1.031054911539883 1.948953534490129 0
1794 1.145264918367558 2.022109396141348 0
1795 1.994835442864846 9.662737322211973 0
1796 2.064812738686275 9.705532410122089 0
1797 2.14266140358077 3.193632065063389 0
1798 1.982739859008663 3.278257456947722 0
1799 0.4019941790773474 1.732125316273673 0
1800 4.604172842337061 2.714382744055394 0
1801 4.619729761532473 2.555222083819541 0
1802 4.737767990127772 2.637553799551608 0
1803 3.431581025849418 1.052249584485975 0
1804 3.34763277856948 1.095287438198745 0
1805 1.019610176716364 9.446035617111036 0
1806 1.018560007407131 9.530276189794954 0
1807 1.26339365779093 9.708091712875392 0
1808 1.322883306447731 9.66779393156011 0
1809 1.334427727647475 9.73814315828743 0
1810 1.18985454746102 0.691619639806097 0
1811 1.269067901040486 0.7375014773592056 0
1812 3.281530248404273 6.907070601157362 0
1813 3.213327420810646 7.062365499694335 0
1814 4.042296527632874 0.5440620500512507 0
1815 3.967709078695008 0.5858438420736292 0
1816 2.999845592994824 9.580255576367612 0
1817 2.920190888172501 9.553775301954763 0
1818 1.246461881962123 9.218492902161813 0
1819 1.327684153573705 9.171864230530058 0
1820 1.329638064855617 9.26180707592064 0
1821 2.474923703337228 0.4864648223812564 0
1822 2.470002810395169 0.3966699609181994 0
1823 3.42990905559997 9.096809018681999 0
1824 3.388592575081428 9.188618350436865 0
1825 3.359442248532577 9.110010292581775 0
1826 3.948946692850728 1.701911235591584 0
1827 3.826808997044937 1.749254629391351 0
1828 3.829787665709805 1.63345339330767 0
1829 2.463401559091679 8.988454287994957 0
1830 2.564413119482181 9.023076186927931 0
1831 3.31204377781168 3.256070164339825 0
1832 3.13043604524774 3.326759581415182 0
1833 2.614348763451841 5.408227056611324 0
1834 4.266553192860917 4.235872899699984 0
1835 4.173141956625133 4.048525763576793 0
1836 2.467886141495149 9.611393795938852 0
1837 2.533751340978085 9.574745080124988 0
1838 0.9419853119464576 9.407450427485726 0
1839 1.015154334032527 9.361917201839628 0
1840 4.361630402925664 2.394700783717952 0
1841 4.215967524942981 2.34383779077453 0
1842 0.8935279694845329 0.4344451754742014 0
1843 0.8865187455589113 0.3533471688028748 0
1844 0.9549112532120758 0.393860183819625 0
1845 3.849457155962702 9.352520577539318 0
1846 3.755990422084464 9.372397840403206 0
1847 3.798475229181721 9.310397210199151 0
1848 3.585845372175364 8.991684508711526 0
1849 3.493691602402968 9.053739988611106 0
1850 3.492912498823516 8.956145480927329 0
1851 3.808783307748194 8.489895656678236 0
1852 3.686135832648941 8.530975734204379 0
1853 3.721576036987397 8.425871076671411 0
1854 2.591711724703054 4.809759217115388 0
1855 2.400304410249363 4.913559112906138 0
1856 1.845107083568311 2.374969166297213 0
1857 1.969778218349907 2.383740849990557 0
1858 3.054744150496441 9.087319940847774 0
1859 3.130967176809012 9.042827690546183 0
1860 3.130277413938795 9.137173976459971 0
1861 0.6071229886844471 0.2685189701311023 0
1862 0.6085990565861372 0.201532523723009 0
1863 0.5390318826749617 0.3025610460729024 0
1864 0.6140978334082234 0.346522928317567 0
1865 0.135825080635945 0.5638142414358399 0
1866 0.4900594283115725 0.1655822125541599 0
1867 0.4629800709476533 0.2109573393715193 0
1868 0.4209824613080403 0.1519824640392415 0
1869 0.1257640085716096 9.592437391573274 0
1870 0.1893672033427739 9.558120508203903 0
1871 0.1866853881771765 9.631635756217921 0
1872 0.7223047464060719 9.461289734618434 0
1873 0.8003609617104168 9.499419394362848 0
1874 4.91235044417413 9.032056954062844 0
1875 4.822634880149455 9.087932596938174 0
1876 2.17896624586642 0.3513626085185706 0
1877 2.175908669156765 0.2710085306329333 0
1878 2.244535458430511 0.3013551822037545 0
1879 3.599098145455464 2.021719908848163 0
1880 3.482237201546393 1.956894098640457 0
1881 3.600197322547485 1.888147744924574 0
1882 1.878319451736286 5.410697188479663 0
1883 0.1623537179201797 3.049882733921406 0
1884 0.306037151173293 2.960456742081309 0
1885 1.569457230342463 0.2182193426519108 0
1886 1.536368159716161 0.1588761991975483 0
1887 4.069620267985599 8.362855355313815 0
1888 3.962157113322609 8.427189112969074 0
1889 3.951686666749641 8.32045724149001 0
1890 0.8130395502149272 1.566209445255674 0
1891 0.9204410325398549 1.489726796938856 0
1892 0.9229656325269886 1.607482939581383 0
1893 3.927276632745867 6.187534268546034 0
1894 4.09366953015577 6.317100990861201 0
1895 3.932411149989179 6.404444822800152 0
1896 2.338180278193496 6.083776513049355 0
1897 2.13885382034422 6.150767619271463 0
1898 0.8215412142497689 0.4733346654804219 0
1899 0.8899337219029333 0.5138476804971721 0
1900 1.319221119502469 9.351387025639191 0
1901 2.222419290727291 5.021493987231328 0
1902 3.522841928951818 9.132348046466195 0
1903 2.351722700625723 1.294695768844352 0
1904 2.333423617019372 1.384785050901135 0
1905 2.234441006050105 1.322943357291043 0
1906 3.209792910274763 0.1801819808740869 0
1907 3.239856429420787 0.1138802141068674 0
1908 3.279450784277237 0.1776991104576123 0
1909 1.235858953574311 4.844071346974734 0
1910 1.220979833844564 5.064547419354639 0
1911 1.063389535975659 4.968716958740295 0
1912 3.124706353737017 9.227270677604146 0
1913 3.200929380049588 9.182778427302553 0
1914 3.720703184223758 2.089397638646089 0
1915 3.602743063222666 2.158143992361972 0
1916 4.188951695941689 0.4617470452312085 0
1917 4.260361206450716 0.4220703763221931 0
1918 0.3939488098397943 0.9454590321424029 0
1919 0.3682285218051109 0.8476000239383008 0
1920 0.4562507432180873 0.8904033685151027 0
1921 1.748911874417628 9.837360183470246 0
1922 1.670309366991056 9.84795316475177 0
1923 1.721359148611363 9.791821538948806 0
1924 0.5203093034736213 5.999002398789096 0
1925 0.6515838751428266 6.100729721243772 0
1926 0.4683543961645353 6.205842229482457 0
1927 0.2423590255908193 0.1688990144117155 0
1928 0.243410986963208 0.2402824432213597 0
1929 0.1938086664218285 0.1890096434383732 0
1930 2.970716967928529 9.318983055677588 0
1931 2.892596474973976 9.375099723697952 0
1932 1.275665152480744 0.2531533761883311 0
1933 1.332878585270955 0.2920802948025478 0
1934 2.698222113210317 8.42614701267922 0
1935 2.684684906047486 8.532639497573083 0
1936 2.578048787651395 8.463734157017829 0
1937 0.899434870920564 4.868046835206188 0
1938 4.842622920586438 3.595474568377995 0
1939 4.837527305563304 3.78212605413744 0
1940 4.680150226149742 3.688192409148039 0
1941 4.189307709536884 9.696896207126999 0
1942 4.268045673566782 9.658475667510931 0
1943 4.25320793805518 9.735728776778625 0
1944 3.735244778109107 8.310465884923786 0
1945 3.612597303009854 8.351545962449929 0
1946 1.551004556926157 1.182646681818109 0
1947 1.647172486315827 1.142633511962413 0
1948 4.555274852109521 0.7450629862340619 0
1949 4.488358816644755 0.7932969023003418 0
1950 4.476345090300102 0.705662009692404 0
1951 0.1959948861089545 8.431828369786459 0
1952 0.2839350283357815 8.34391041907141 0
1953 0.8530994380687629 9.832308809678572 0
1954 0.5432317149477648 9.808491021236492 0
1955 0.4938951649639214 9.835489340077885 0
1956 0.4842741482771451 9.765559476433948 0
1957 2.800958448756201 8.3606851625318 0
1958 2.69432233036011 8.291779821976547 0
1959 0.3088248540207279 9.713986372576599 0
1960 0.3579499973499939 9.753850198991231 0
1961 0.2834026753667987 9.78170513534549 0
1962 0.6296404478671052 2.243564174425829 0
1963 0.7660212544946342 2.328718798783754 0
1964 0.6202185878432933 2.378778562902173 0
1965 2.304254071401097 1.474734020624632 0
1966 2.797576088035057 5.887780429228833 0
1967 2.610306740282707 6.004039139250574 0
1968 2.605398650866165 5.814486381521309 0
1969 2.144020416890009 1.247767030707103 0
1970 2.125721333283658 1.337856312763885 0
1971 1.458002408069325 9.736708577638961 0
1972 1.382845221521678 9.753849001322067 0
1973 4.487971230176052 2.468218266831915 0
1974 4.621566377966763 2.391389322328129 0
1975 3.303629584651242 9.055441343492644 0
1976 3.2623131041327 9.147250675247509 0
1977 3.002745989783728 0.1358542188732375 0
1978 3.023487496782428 0.2097173893943546 0
1979 1.57796606287657 9.218117202183667 0
1980 1.493642125232729 9.167985188315027 0
1981 4.81415301784916 4.426121841077922 0
1982 4.805751918459932 4.641452514241319 0
1983 4.619904936309092 4.53667192624436 0
1984 1.896528592448636 0.4365827684611976 0
1985 1.837452194246878 0.3980444669219023 0
1986 1.908121487020196 0.3588905794328769 0
1987 4.710962190076895 1.210869170338194 0
1988 4.73432967028347 1.288195673378602 0
1989 4.633523359900573 1.277460408683097 0
1990 4.811578614199782 9.436307779647628 0
1991 4.880704712465395 9.441649698496352 0
1992 1.735423855984019 1.194550282509051 0
1993 1.740414477782092 1.099396244839819 0
1994 1.08174097851118 8.472483619791323 0
1995 0.9844420500750224 8.544946861804004 0
1996 4.036400953315102 6.70030023086742 0
1997 4.165405298623972 6.702538982697094 0
1998 4.103002204539992 6.868827668449194 0
1999 0.5138442369895322 0.1015719290689335 0
2000 0.555841846629145 0.1605468044012113 0
2001 4.063874717907947 0.2340918287460091 0
2002 4.030395971089064 0.1673206903431608 0
2003 1.386322448655408 2.303268755263946 0
2004 1.389020985643647 2.163447957482471 0
2005 1.505919422372033 2.238045196533513 0
2006 3.456626604463418 0.4141980964237301 0
2007 3.389507399128676 0.3921291812759897 0
2008 3.448217076761677 0.3403197359109257 0
2009 3.818754208510252 9.23631526664847 0
2010 3.725287474632014 9.256192529512358 0
2011 2.191062409746295 0.6702033085936788 0
2012 2.262332087573005 0.6251720052695424 0
2013 2.914184379745613 0.5463409172105466 0
2014 2.985877039196286 0.5019052499037191 0
2015 0.4903394250798481 0.8288497449532657 0
2016 0.5160597131145315 0.9267087531573679 0
2017 0.4799531881266093 7.822333940164912 0
2018 0.6015481211431039 7.744905447849419 0
2019 3.640837292832548 0.5080670683176904 0
2020 3.704509735161408 0.5489808803829785 0
2021 3.628781121179169 0.5683071619391269 0
2022 4.69022432237906 1.79901750291411 0
2023 4.789392179535063 1.818417633288232 0
2024 4.709696686250949 1.919831389139196 0
2025 0.7106605739399826 6.947591043849027 0
2026 0.5648850557069002 6.88437779536255 0
2027 0.6991350458767212 6.755048275748359 0
2028 0.1547649695269004 6.40393063166573 0
2029 0.168539912247665 6.207353346828999 0
2030 0.3233048817745655 6.300692191864512 0
2031 2.832881371781901 2.531769086878675 0
2032 2.868823078759168 2.420808342938125 0
2033 2.971554791593932 2.535268723726126 0
2034 4.837527305563304 3.984828278375345 0
2035 2.782689024835437 0.04634294653650496 0
2036 2.755035155941128 0.1141521767841272 0
2037 0.9832522838011233 1.435079573566775 0
2038 1.016833084930427 1.321145627698551 0
2039 2.975941505956488 6.353417703298723 0
2040 3.143842579744395 6.444743924317299 0
2041 4.581576217648641 1.814441891025564 0
2042 4.661271710932755 1.713028135174601 0
2043 1.812590339901121 2.525423808920772 0
2044 1.731595590243621 2.376193305783501 0
2045 0.6010180743094925 9.770981301238141 0
2046 0.6106390909962688 9.840911164882076 0
2047 1.128603258446528 3.011451520931824 0
2048 1.049150707080236 2.897728057995585 0
2049 4.563059705879768 6.77382172299982 0
2050 4.565055239161161 6.958430606056856 0
2051 4.424970869775295 6.87298316337613 0
2052 4.015448608128698 4.811798760610069 0
2053 4.004824824647106 5.015688963353488 0
2054 3.818657337478726 4.904208393212296 0
2055 0.09867014246066885 1.8587782488935 0
2056 0.1019509772163542 1.74274916673518 0
2057 1.103106124613737 0.1633567862088434 0
2058 1.125932679456762 0.1046341820057698 0
2059 1.174455368488786 0.1574477944755252 0
2060 4.407469124764768 4.60391666247606 0
2061 4.415870224153996 4.388585989312663 0
2062 3.874118407255266 0.714159905120328 0
2063 3.808991418585743 0.6683028956233763 0
2064 3.896370430259768 0.6247085320086632 0
2065 1.147944040976545 2.154742294648809 0
2066 1.266744889318034 2.096038617705443 0
2067 0.5941147993028284 9.699498162017584 0
2068 0.6615221753513325 9.731918305663168 0
2069 2.113533271098632 9.895241482754397 0
2070 2.05994150447584 9.837367418459111 0
2071 3.285977102884628 3.815242896475605 0
2072 3.105348689388941 3.701167628301582 0
2073 2.66159039842201 6.178911071087954 0
2074 2.469412961253117 6.105617023380431 0
2075 2.812606347692588 2.682269334551592 0
2076 2.709874634857823 2.567808953763591 0
2077 1.036252923318773 0.5176274861593881 0
2078 1.031659814415973 0.42355399268769 0
2079 1.736651901936097 1.7299222848892 0
2080 1.780435030032069 1.856367657106432 0
2081 0.3739185741983069 2.383274365441754 0
2082 0.2416844674021076 2.33023796499389 0
2083 0.351603674419565 2.240587538096384 0
2084 1.374102041856909 1.907652139413999 0
2085 0.6373953209768859 2.652824527814933 0
2086 0.6690421714676904 2.804088669276613 0
2087 1.75306063076269 9.903424128241024 0
2088 1.370392694043596 0.8733792948738642 0
2089 1.344406257812262 0.7798093574404654 0
2090 1.440231774961975 0.8260917103046053 0
2091 1.221998036882683 3.342743951914526 0
2092 1.406868618963152 3.263338517565027 0
2093 0.4866740530820289 9.891106637955296 0
2094 0.4277164864114092 9.848175093152753 0
2095 1.162711954858962 7.670398732722904 0
2096 1.294208303757918 7.597987195946018 0
2097 1.292571903025418 7.735451958249446 0
2098 4.537294764081254 3.234392716083359 0
2099 4.421270760503959 3.141449583934548 0
2100 4.576077339459911 3.053636227949857 0
2101 3.504030617724137 9.852333194714261 0
2102 3.443871418823233 9.819430799724488 0
2103 3.507057196523387 9.781172969744102 0
2104 0.9256049516278797 1.750529791896872 0
2105 1.033006433952807 1.674047143580054 0
2106 0.1303363007473368 7.436581545942941 0
2107 0.1380381451110035 7.284597378073208 0
2108 0.2683744458583404 7.357642944173504 0
2109 4.859856924857926 7.116403740800676 0
2110 4.711428962490743 7.027123580220852 0
2111 4.851572037632817 6.948549326260371 0
2112 0.19692843539393 4.428418991324587 0
2113 4.861105535466179 2.879442486471921 0
2114 4.846050671518603 3.054374936627525 0
2115 4.707156206984783 2.971646909943064 0
2116 2.082096014731992 1.194431454644817 0
2117 2.190815687498438 1.179518499171975 0
2118 0.1623537179201797 3.225062431655993 0
2119 3.527679326917211 0.9093974942621457 0
2120 3.431807313315074 0.8701859634529121 0
2121 3.526396630509191 0.8238315177778914 0
2122 4.866398693770877 7.732237410916365 0
2123 4.737709217113451 7.644635779792582 0
2124 4.871310523342576 7.578722603713046 0
2125 3.652312984408393 4.600749350640023 0
2126 3.641376972460866 4.401403614787233 0
2127 0.168539912247665 6.004651122591431 0
2128 1.299049174800246 7.994082379854732 0
2129 3.380813316245222 9.851075894196732 0
2130 3.383839895044472 9.779915669226574 0
2131 0.1049863451453324 8.008615737295532 0
2132 0.1185564215855609 7.875188480149061 0
2133 0.2235427667308932 7.935997301472534 0
2134 4.91235044417413 8.934336647475405 0
2135 4.908927597059401 8.267549891590537 0
2136 4.79541611793757 8.199968904033735 0
2137 4.886488520878169 8.141902162725305 0
2138 4.586491385640938 4.989512667366462 0
2139 4.406559966108471 4.837640965079508 0
2140 1.262156937595779 2.377949098491056 0
2141 1.379055374324165 2.452546337542098 0
2142 2.251442280506272 8.636259167125559 0
2143 2.109396521805624 0.3935564876223648 0
2144 1.303920662020118 3.825613689248839 0
2145 1.134555332607432 3.71930358918334 0
2146 3.831513145321209 1.885343013403772 0
2147 3.712354118180285 1.816885171119859 0
2148 4.499040197840696 0.8829468861154144 0
2149 4.420110436031276 0.8435459095737565 0
2150 2.964445549309221 1.3075772864476 0
2151 3.058931916479295 1.238266172509219 0
2152 1.734241796724062 1.29543726553363 0
2153 1.827483788190327 1.252199998411036 0
2154 4.905884250229896 1.271355735976588 0
2155 4.901459147517406 1.38754660924739 0
2156 4.807343397747302 1.337795308304501 0
2157 1.657554789161642 8.972427397911918 0
2158 1.66121761851837 8.867939791665005 0
2159 1.743561825496767 8.917392910043379 0
2160 4.139256316289541 9.498818796239338 0
2161 4.064538095341497 9.452801750928206 0
2162 4.133117132440287 9.415224525705845 0
2163 2.553710693879856 9.786112739133035 0
2164 2.485183821789652 9.742197734700738 0
2165 2.776728472374603 9.849550934574349 0
2166 2.707188301220036 9.851926769705408 0
2167 1.088189820124606 3.334893004542795 0
2168 1.17046129870117 3.160047583402724 0
2169 3.337601994590206 1.201768748093973 0
2170 3.255162731183945 1.148308957257935 0
2171 2.406699830303168 9.727846666328521 0
2172 1.979552988495797 3.456252302654383 0
2173 1.819491920571209 3.367309919085449 0
2174 4.944776325908632 9.83710504400263 0
2175 4.944776325908632 9.769255345392425 0
2176 0.3945219265825348 2.53719570740551 0
2177 1.463079498286122 9.662729526462559 0
2178 1.527164530051172 9.701592727129373 0
2179 0.6127292496316976 0.4226806613747346 0
2180 0.6808203556411829 0.3886385854329346 0
2181 1.322357372314917 9.596624386265006 0
2182 1.393391442171461 9.626675831677044 0
2183 1.01276121727395 9.275725955030014 0
2184 1.090386082043856 9.314311144655324 0
2185 0.9505680478115381 9.579754684570204 0
2186 3.857936381475311 2.437237224103841 0
2187 3.985934651389869 2.503912023912168 0
2188 3.865705008889196 2.586054612238519 0
2189 4.260889691946492 6.611192912717206 0
2190 4.327490943171382 6.779720350298981 0
2191 3.598915949274121 2.298039614173042 0
2192 3.477310910505827 2.230361884375116 0
2193 4.72990456757098 1.404386546649404 0
2194 4.929435547373784 0.6915182272730063 0
2195 4.927751326302078 0.7791244267164135 0
2196 4.857186873675862 0.7368984138358404 0
2197 2.116588583472754 0.2609424727640998 0
2198 2.182157796036845 0.2109350464492837 0
2199 2.332360964231982 9.696135802051625 0
2200 2.270528398070156 9.73171840985507 0
2201 2.264315912636704 9.656420543225774 0
2202 2.530557359815607 9.496402284018144 0
2203 2.603362628744296 9.532619436241548 0
2204 0.781080559516753 6.024159087196439 0
2205 0.729125652207667 6.2309989178898 0
2206 0.4545794534437707 6.402419514319188 0
2207 0.8904124052498466 0.5976142844135096 0
2208 0.9623991604846107 0.5587247944072891 0
2209 1.330437697510313 0.3646081720663966 0
2210 1.401965268589941 0.3328951429393462 0
2211 0.3556163289610771 7.886757407427336 0
2212 0.361449702336654 7.738146577063642 0
2213 1.895890996216547 0.514978761241097 0
2214 1.966560288989864 0.4758248737520716 0
2215 2.547903211248166 1.906982318339151 0
2216 2.665820982898018 1.97530475711454 0
2217 2.559102273899219 2.043264721708553 0
2218 3.343826217716579 2.59655484282136 0
2219 3.335515870350602 2.746332516431974 0
2220 3.208505181763524 2.665323417991936 0
2221 0.2422830574929368 9.669580090889704 0
2222 0.3168303794761319 9.641725154535445 0
2223 3.496567505805308 0.7389924645542993 0
2224 0.5854973743516612 9.624985471391957 0
2225 0.5249932733098212 9.66404846696693 0
2226 0.1921221187921839 4.886878210084984 0
2227 0.1768859287894408 5.116272446025501 0
2228 1.581900703099165 0.279574122303603 0
2229 2.479682112447989 8.297892402727602 0
2230 2.476207188601937 8.411752785665326 0
2231 0.2570449739827605 0.1117023261745182 0
2232 0.3066472945241401 0.1629751259575046 0
2233 0.1380381451110035 7.121744131571975 0
2234 4.77858147223766 0.7691798561349119 0
2235 4.785152823710212 0.8720651556004205 0
2236 4.708231643343717 0.8167403984560848 0
2237 1.288656820834699 7.869926150417598 0
2238 2.788130308670881 4.305492451428021 0
2239 2.613589324262801 4.406427180160827 0
2240 2.61834889521306 4.206901795938936 0
2241 4.851572037632817 6.773369628525783 0
2242 4.846050671518603 3.229554634362353 0
2243 1.386341863034659 2.03081505897501 0
2244 1.199744435637591 0.9706460527182758 0
2245 1.279102054327513 0.9246810986432638 0
2246 4.871310523342576 7.42732847621596 0
2247 3.761445593651349 6.449752028770426 0
2248 3.927838491061251 6.579318751085593 0
2249 2.686856976015877 8.166974331867195 0
2250 2.584120640469993 8.232436182014613 0
2251 4.274434628513134 9.585117069087151 0
2252 4.33833485703143 9.623949638738779 0
2253 0.1185564215855609 7.734447139581439 0
2254 4.027759375911534 0.806746249335766 0
2255 3.954689896979815 0.7617724420174107 0
2256 4.886488520878169 8.011064045570288 0
2257 3.164202307465513 1.077174509851965 0
2258 3.208936264261036 0.9925811885636541 0
2259 3.761848502549137 0.5940362482580632 0
2260 3.658474923545005 4.800416333971637 0
2261 3.481506786993081 4.700847494142783 0
2262 4.805751918459932 4.876001299703878 0
2263 4.901459147517406 1.500619783414153 0
2264 1.754137518932411 0.5173642359077192 0
2265 1.759974475527497 0.4260843891544245 0
2266 2.459049074883481 7.916783662037354 0
2267 2.347520382326579 7.852412467141471 0
2268 2.455235975925506 7.780474174184869 0
2269 4.855530136098269 0.1522201076773446 0
2270 4.838957148351394 0.2192582550237585 0
2271 4.927751326302078 0.8699686805671238 0
2272 4.799508913132909 9.363173337221543 0
2273 4.777121262573865 9.274163437414501 0
2274 2.629731651839887 8.879410088141743 0
2275 2.719730449758456 8.917996065838702 0
2276 2.635990239926619 8.970720307025447 0
2277 0.4315557308620674 6.970528248228516 0
2278 0.420030202798806 6.777985480127848 0
2279 4.21049538393483 9.377841461207806 0
2280 4.135777162986786 9.331824415896676 0
2281 3.19886015562968 9.813350824442661 0
2282 3.261431852495849 9.77760705079173 0
2283 3.258210095600292 9.84730453734975 0
2284 0.4235104326118975 0.702603079792363 0
2285 0.3604468630616902 0.7525191832949719 0
2286 1.220804052207961 0.1993419135628314 0
2287 1.574515028311762 8.820146103975423 0
2288 1.660522064646888 8.765111616106882 0
2289 0.5044411335999921 2.447545280508004 0
2290 2.458842855073109 0.3199076848304406 0
2291 0.8647951601919086 6.964121667389348 0
2292 0.7305451700220876 7.09345118700354 0
2293 0.5127341649596939 1.581620719578088 0
2294 0.5276669923867792 1.479048554069483 0
2295 2.906869936178961 8.038816915682025 0
2296 2.913568792542486 7.907117301849786 0
2297 3.020270981112675 7.972846410939356 0
2298 4.622460708818017 0.6856415963083502 0
2299 4.634474435162669 0.773276488916288 0
2300 4.57334012638627 7.126285020597162 0
2301 3.941865777501993 3.60846386118355 0
2302 3.914172075761832 3.408836568432877 0
2303 1.325700842560134 9.077734235596049 0
2304 1.408877025453628 9.121048409354875 0
2305 3.496037328729488 8.842170077331337 0
2306 3.403883558957092 8.904225557230918 0
2307 3.744924064305663 2.674099412104462 0
2308 3.87292233422022 2.740774211912789 0
2309 0.3922181979461135 7.293228793872298 0
2310 0.3845163535824467 7.44521296174203 0
2311 3.141774934764205 8.942401728038261 0
2312 3.217308198206559 8.992255763650459 0
2313 4.641045786635221 0.8761617883817965 0
2314 4.246333030409545 9.801202797089548 0
2315 0.7151882662307282 1.282401406646206 0
2316 0.6358733877198336 1.224690140179414 0
2317 0.7177485042924128 1.18265338914893 0
2318 4.591132203407486 2.878703777794253 0
2319 4.505292012354139 7.671760445200341 0
2320 4.631839388160921 7.683384590180887 0
2321 0.7133035234844221 1.499255676268134 0
2322 0.6247026231995998 1.437248103799905 0
2323 0.7219140499429713 1.386445730144918 0
2324 0.9168137454218281 1.875117664018342 0
2325 0.8067729439960094 1.808553460019672 0
2326 3.605595267765961 2.444818659308189 0
2327 3.731027420482799 2.372600767295045 0
2328 3.467522315829421 2.839523330751838 0
2329 3.332201279876366 2.908291905922414 0
2330 0.3420462525208485 8.020184664573804 0
2331 4.05488478323006 1.635211106588343 0
2332 4.047119570878318 1.534055774696811 0
2333 4.150078992592782 1.583156881777251 0
2334 2.441629858917697 2.112177683467434 0
2335 2.55954763056755 2.180500122242822 0
2336 3.611489147970172 2.753191476520065 0
2337 3.604271822639148 2.598471876845795 0
2338 1.68421543987141 2.908236716350626 0
2339 1.527777567496563 2.84359721493762 0
2340 1.674546192046513 2.741372324053883 0
2341 1.140790046316795 2.292123608962544 0
2342 1.019310075366318 2.218194387398449 0
2343 0.6936849611715732 8.714653712781876 0
2344 0.6992993767584945 8.817398673964814 0
2345 0.6094103401586854 8.775642767822887 0
2346 2.296481467185078 2.618033474931 0
2347 2.177049376058947 2.541667749519698 0
2348 2.313881262892942 2.465813035097355 0
2349 2.31826219367642 2.319430196843878 0
2350 2.204446136244066 2.246613962435606 0
2351 2.328259158153674 2.176596849593431 0
2352 0.7536622006245386 0.353206506416609 0
2353 0.8200983563951989 0.3192007579934871 0
2354 2.327813801485344 2.039361449059161 0
2355 2.217345190473926 1.971036670079295 0
2356 2.330715891237949 1.906617503953297 0
2357 2.325588846881723 1.783152993354506 0
2358 2.220145913171788 1.717018722972022 0
2359 2.325487479826979 1.661878991353097 0
2360 1.680062803202767 3.099888340306576 0
2361 0.9791974026305418 3.826674758753581 0
2362 0.9843686283292292 3.624960542624838 0
2363 2.291017017034354 2.938633336553421 0
2364 2.299580867095752 2.775545286425031 0
2365 4.365853098901922 8.559699784564202 0
2366 4.45864846410713 8.633641499715889 0
2367 4.363746398827661 8.681305292469258 0
2368 3.47216035143047 2.523910723723792 0
2369 3.838730247971148 2.015703126030308 0
2370 3.953185126835799 1.948072584301801 0
2371 2.43605745789314 1.851477772334372 0
2372 2.43769428480255 2.39579592225518 0
2373 2.436412753929746 2.699690572002688 0
2374 0.8037891665155504 1.344408979114434 0
2375 3.608174557495936 2.915150866010504 0
2376 1.666073256775566 3.274046788867194 0
2377 1.523457268894258 3.184620055794982 0
2378 1.036731606665686 0.6013940900757256 0
2379 3.611754236607378 3.081643453539368 0
2380 3.755721068748129 2.995311599307594 0
2381 0.5257642652262478 2.166147886546394 0
2382 0.6715669318775886 2.116088122427974 0
2383 1.930801236526966 1.30788348380778 0
2384 1.931983295786923 1.206996500783201 0
2385 2.762611576622692 0.3191709568751442 0
2386 2.759095458791152 0.2469360877785843 0
2387 4.473093974812189 2.796372062062187 0
2388 1.662886386262699 3.452041634573854 0
2389 3.154171523486239 1.183655819747193 0
2390 2.298709731425811 3.107085978689812 0
2391 2.447204868231876 3.02565502563311 0
2392 1.925061688752399 9.626110938189676 0
2393 1.99186816581493 9.5952149701865 0
2394 4.576701260578613 1.640972859171828 0
2395 4.458518757861329 1.645604384826231 0
2396 1.034606948067499 0.7765579712590148 0
2397 0.9579756351157865 0.7301370369690745 0
2398 1.039509156783237 0.6889123326135668 0
2399 4.861105535466179 2.71658923997049 0
2400 4.876662454661592 2.557428579734637 0
2401 2.560210012157544 7.707060100973456 0
2402 2.448681319600643 7.642688906077573 0
2403 0.8733262014890619 1.393806079241066 0
2404 4.185776041670674 0.628401154668902 0
2405 4.184679910037254 0.5435236409094959 0
2406 4.259783634902905 0.58492283811754 0
2407 1.113362919617399 0.647815024365666 0
2408 3.606777596317899 3.254729307006449 0
2409 3.459231085065706 3.174568573709359 0
2410 0.1319996835904247 2.403300278751215 0
2411 0.1096847838116829 2.260613451405845 0
2412 4.114944102709458 0.5052253617825706 0
2413 0.7522936168480128 0.4293642394737767 0
2414 1.168204379264656 9.268277822699051 0
2415 1.170597496023234 9.354469069508667 0
2416 3.316408696047999 8.737661147042303 0
2417 3.317562172512408 8.841039977388732 0
2418 3.226962479697344 8.788450970796108 0
2419 2.678984666528127 7.638548313046117 0
2420 2.68553932285299 7.776333581153414 0
2421 3.66609546485768 9.13569480117849 0
2422 3.665423106111859 9.216928440250774 0
2423 3.585952117008995 9.170512655467586 0
2424 1.491052148311651 8.974946346977205 0
2425 1.575817248090751 9.021883125937357 0
2426 1.491658814219158 9.073855193381018 0
2427 3.121323454049646 9.563723364765471 0
2428 3.135524371064349 9.640224784899257 0
2429 3.064288062839389 9.601668683444995 0
2430 2.68346620804559 7.908966587836603 0
2431 2.688411516867266 8.040359249248858 0
2432 2.571709977304084 7.976238030493008 0
2433 1.485850743040045 8.875843417698077 0
2434 1.401692309168452 8.927815485141737 0
2435 4.281359990626614 9.42522884810456 0
2436 4.34980421992134 9.46990358275357 0
2437 4.276279582683056 9.505916305665988 0
2438 2.974234800697068 9.229829479835978 0
2439 3.050536554857685 9.270819802603175 0
2440 2.674927688740401 7.345262869624767 0
2441 2.679416415071539 7.493792542134353 0
2442 2.549166629501543 7.420745160356573 0
2443 3.671203671395669 9.043505042120428 0
2444 3.750674660498534 9.089920826903615 0
2445 2.669849382585885 9.570813692415189 0
2446 2.732361251437661 9.607174724999261 0
2447 2.66906847875855 9.647323264932462 0
2448 3.975170437276101 9.329863713864988 0
2449 3.995173042536531 9.412378033040977 0
2450 3.911944568320389 9.373034266511251 0
2451 2.400487344869716 9.652548799699225 0
2452 1.246645746199314 9.393275821297198 0
2453 0.7158281234715558 1.617011818910661 0
2454 1.386499091468101 2.601979751705042 0
2455 1.51066460252773 2.527299408477933 0
2456 0.9122229039080132 2.006977202612928 0
2457 2.666655401423407 9.492470896308348 0
2458 0.1750684691112983 5.794953656116577 0
2459 0.3436083813589633 5.894417440552926 0
2460 2.798613206757383 8.099702889210791 0
2461 2.802240862416173 7.840454799909265 0
2462 2.972878840518767 9.136992303440735 0
2463 2.893059253589611 9.185155556515149 0
2464 3.187527372739425 0.3711807834564387 0
2465 3.185139986962753 0.2929693071128673 0
2466 3.251774650907885 0.3222123535684032 0
2467 2.298849254778292 3.280653754143079 0
2468 1.133522971985552 2.441401191240696 0
2469 0.9517514637300845 4.02033438112893 0
2470 0.8015647594518813 3.925991334570428 0
2471 3.121829262408706 9.484590289605231 0
2472 3.193065570633666 9.523146391059495 0
2473 4.051906114565192 1.751012342672024 0
2474 4.366383968898521 8.445961875754129 0
2475 4.271481903619053 8.493625668507498 0
2476 2.365576099926043 9.89286590928722 0
2477 2.319494705326121 9.832201089829621 0
2478 3.339769947516002 2.302852888377421 0
2479 3.343597061464547 2.162957266566351 0
2480 2.804745725766984 7.563066022314311 0
2481 3.616898247790341 3.433657519013869 0
2482 3.769421399332014 3.340732398843877 0
2483 3.842375165738349 2.152127209544117 0
2484 3.318231946493238 8.630890986514022 0
2485 3.408831639308303 8.683479993106646 0
2486 1.486061946361766 0.7556705005138928 0
2487 0.6937858970202258 8.61057350367674 0
2488 0.7836749336200347 8.652329409818668 0
2489 4.47898900440524 4.168628163468282 0
2490 1.647381133594917 3.637757168988852 0
2491 4.205990399218408 9.54044233443814 0
2492 3.149892340197727 1.309400619915189 0
2493 3.197320837399922 9.672966402052188 0
2494 3.140285446189664 9.710911720731712 0
2495 2.953883907969615 1.4189033402492 0
2496 2.863676724088054 1.362469654019585 0
2497 1.92026842296159 1.416720939509042 0
2498 2.024767930558186 1.371517441881207 0
2499 2.678163313762566 7.194030515696275 0
2500 2.808413099332561 7.267077897474055 0
2501 3.520885455299854 1.098687096555532 0
2502 3.52239443917353 1.002189452006723 0
2503 1.327570941929748 0.442977405751472 0
2504 2.915641907349886 7.774484295166596 0
2505 2.760962985869394 0.3952386922864898 0
2506 1.371732090547852 1.074885534640688 0
2507 1.374927571477226 0.9709634515074037 0
2508 1.863995310920125 9.737430923941215 0
2509 2.482792148715227 0.5709758040449804 0
2510 2.40680902925985 0.5328937357329893 0
2511 0.3274831481077607 9.133092050650706 0
2512 0.3899316705868851 9.091248816298403 0
2513 0.4094837795347699 9.161910569202441 0
2514 4.051916859775897 0.3864290397245412 0
2515 4.056183633377655 0.2999841305662333 0
2516 3.067903959507106 2.730665279634612 0
2517 3.076214306873082 2.580887606023998 0
2518 3.86637617442013 0.9015138358064975 0
2519 3.785804684695581 0.8539012989094148 0
2520 3.867310885305789 0.8053668056321238 0
2521 1.357529702235302 1.511709375729002 0
2522 1.034462682957044 0.8684047628871354 0
2523 2.670879787323785 7.037188245372704 0
2524 2.537394376731625 7.115373217523416 0
2525 3.1897203354785 0.444735123358699 0
2526 3.123085671533367 0.4154920769031631 0
2527 2.621243920102879 5.603503327073275 0
2528 2.433974572350529 5.719762037095016 0
2529 4.184258071664527 0.7151567540096357 0
2530 4.636751217732621 7.529869782977567 0
2531 1.31887060359662 9.51681109071197 0
2532 1.793814457223543 7.608363218214238 0
2533 1.676805668335929 7.669913768928519 0
2534 3.616983756367647 0.9558350063317022 0
2535 1.596533572396723 9.660362405523948 0
2536 1.591456482179926 9.734341456700349 0
2537 1.462553564153308 9.591559981167457 0
2538 1.485155189168564 8.773015242139955 0
2539 3.120295050540936 9.40199334717202 0
2540 1.820607525124351 9.246300893812752 0
2541 1.829283716049816 9.325598797965439 0
2542 1.751018324182927 9.286302842972759 0
2543 3.670424567816217 8.945910534436651 0
2544 3.315281102070626 8.520078301201814 0
2545 3.222858158810322 8.574259455137469 0
2546 4.4623997567929 0.3838989245494372 0
2547 4.397541498400055 0.3465980631372005 0
2548 4.460994971345915 0.3094892087842154 0
2549 3.433639261682861 0.2715135706212823 0
2550 4.13383935367832 9.650591048353174 0
2551 4.11900161816672 9.727844157620869 0
2552 2.903572836044527 8.288212583787438 0
2553 2.973568603388984 9.042646017526945 0
2554 1.166250467982745 9.17833497730847 0
2555 2.058251144814243 8.423559335421373 0
2556 2.052243522733543 8.544334206686763 0
2557 1.919167874101714 0.2780855646096161 0
2558 1.978244272303472 0.3166238661489115 0
2559 2.671281871581371 9.410124027571007 0
2560 2.73776862542296 9.448318283744648 0
2561 2.393547275423963 9.579682931661957 0
2562 0.7486993692664132 0.5087667444967475 0
2563 4.81415301784916 4.208076957462085 0
2564 4.651680323412464 4.098092573994223 0
2565 2.135233451960024 9.735613308532301 0
2566 2.217751166587132 9.745322822998084 0
2567 0.8641430048089043 9.370757586586258 0
2568 0.8685988474927415 9.454876001857667 0
2569 2.049815057988832 0.2784174041367 0
2570 2.472216758103755 8.173086912618249 0
2571 4.410872367582607 9.591718945677613 0
2572 4.404483412636255 9.665077544101393 0
2573 4.284020021173113 9.341828738295391 0
2574 0.5851144004078048 9.546966042309988 0
2575 0.1786798627217725 9.703896974259077 0
2576 0.4786988420974094 0.3440311870719528 0
2577 0.4717239973736331 0.2660272288854881 0
2578 0.6408219402275213 2.532699904865928 0
2579 2.682792363659031 6.872660403580134 0
2580 0.4498740121812884 9.637833606281822 0
2581 0.4584914371324558 9.712346296907448 0
2582 4.766236322806902 2.339163363753288 0
2583 4.634477791450482 2.252159546765662 0
2584 3.615918928722087 3.618422204263249 0
2585 2.685528386860893 6.70432510024435 0
2586 2.532846873494707 6.790195643864061 0
2587 0.1921221187921839 4.652329424622883 0
2588 0.389050554186114 4.549845986871674 0
2589 2.802569309007608 2.166080860963177 0
2590 2.775640243819234 2.035562812553746 0
2591 2.901189507277771 2.090056513032982 0
2592 0.08346126201775644 9.224175793491344 0
2593 0.1503219132137963 9.269812331404225 0
2594 0.06686065119603984 9.311892297758821 0
2595 0.5529517958551849 1.165290994151235 0
2596 0.4747204985908112 1.096951121169769 0
2597 0.5602023285171445 1.056602249700671 0
2598 0.8814816401227417 0.2786157663389108 0
2599 0.8742586960422118 0.2103786755294977 0
2600 0.9406790852059242 0.2445250863388854 0
2601 3.603911728292209 6.53381275681901 0
2602 3.605335974865187 6.73442079481364 0
2603 3.452374768433975 6.643607594576784 0
2604 0.5296699411236306 8.8352095705389 0
2605 0.5333272302609546 8.922768555941399 0
2606 0.4479724156389784 8.879590397474475 0
2607 1.636365146635542 2.16198153095599 0
2608 1.620894505280372 2.020359473494282 0
2609 0.7068173231667255 1.734575473551478 0
2610 0.6070812964362202 1.667621704563937 0
2611 4.679263512908309 9.727823896752696 0
2612 4.660371908511962 9.671650513125103 0
2613 4.739330483930271 9.678176349432729 0
2614 4.929435547373784 0.6070662015118602 0
2615 4.867614320684691 0.5673845960377808 0
2616 4.938178773310907 0.5251585831572079 0
2617 3.750488359336057 9.852149749819766 0
2618 3.689641324386981 9.820058205035235 0
2619 3.751490026789023 9.781391394387118 0
2620 1.549548625683127 7.593321820740497 0
2621 0.3366659984534277 0.3372378346474554 0
2622 0.2769511931214867 0.2935750568025371 0
2623 0.3516761514641399 0.2638345920396202 0
2624 0.1574515807428999 3.406749484814177 0
2625 0.145858497763645 0.1567607456338067 0
2626 0.1469104591360336 0.2281441744434509 0
2627 4.544069794750976 9.598438591798075 0
2628 4.60571180190226 9.642664196500498 0
2629 4.538662930338717 9.67707245574265 0
2630 4.00249940451131 8.509026310168881 0
2631 3.884565803275352 8.466628196345075 0
2632 2.677837618944992 6.532128555635559 0
2633 0.9009535922722574 2.137158741696062 0
2634 0.786712426154202 2.063322871224276 0
2635 3.237030931827062 2.091471002041805 0
2636 3.374571894816888 2.0189799980395 0
2637 0.1750684691112983 5.576908772501135 0
2638 3.703569308960625 0.9065456888354567 0
2639 4.060366507672553 1.876662717913084 0
2640 4.166304598051886 1.809962588909844 0
2641 4.583809791315295 0.3927804014784032 0
2642 4.583912652308182 0.30820811915157 0
2643 0.8857096605062559 0.6824144082718617 0
2644 0.8132442219245786 0.6375372943617448 0
2645 2.624197764901324 4.01231962359075 0
2646 2.449656780493243 4.113254352323557 0
2647 0.8782032688479702 9.536112235262316 0
2648 4.415585200153885 9.515561840024144 0
2649 4.481733755758709 9.556689745386761 0
2650 4.329649168196418 0.5407714496478493 0
2651 4.328816893558262 0.4605265516302781 0
2652 4.399778558485195 0.5012526769199936 0
2653 3.851257062983471 2.290458178968694 0
2654 3.969284126730861 2.216763666352914 0
2655 2.118278282951192 1.647264826354378 0
2656 2.015373568389075 1.589569914660306 0
2657 2.117139831554927 1.538049809276541 0
2658 1.369330877310816 2.773719614236766 0
2659 1.23772164910725 2.698966543300932 0
2660 3.197742942897771 0.5218908045253334 0
2661 3.262184644103829 0.477579511078609 0
2662 0.7450184450296529 0.5881000849356617 0
2663 0.6757708476278967 0.5441296589290164 0
2664 1.197197868567726 1.064228281473 0
2665 1.113305372444174 1.012609078914472 0
2666 1.120313313454462 2.585475487498957 0
2667 0.9989464221754779 2.499649997970445 0
2668 4.462668272466195 0.4585621273391813 0
2669 4.526121745412055 0.4214532729861962 0
2670 0.6832965867357267 8.499500804291426 0
2671 0.5933066142872652 8.561825107254634 0
2672 1.04145391406147 5.369857572859558 0
2673 1.033436243019858 0.9583941751514089 0
2674 0.9520469864628633 0.907772087878796 0
2675 3.372227483930554 1.763374348932826 0
2676 3.36021219057319 1.643198264093336 0
2677 0.4774496485784779 0.4145766943135598 0
2678 0.4101417632771494 0.3780428771261456 0
2679 0.6093167550211107 0.4985643682421892 0
2680 0.5425942327881511 0.4564487111268216 0
2681 0.446573201365264 9.554935246506446 0
2682 0.3800713651878986 9.603233076446962 0
2683 0.5761595304001946 4.430471553662501 0
2684 0.583987845669642 4.222793255259578 0
2685 0.7662905052819766 4.327329255348702 0
2686 4.232943577183905 6.211891157554948 0
2687 4.238078094427216 6.428801711809067 0
2688 1.917533517586848 1.526036963820667 0
2689 1.823566823555627 1.46240300574724 0
2690 1.727649844025146 1.403663789925773 0
2691 1.635589911818838 1.346014074023788 0
2692 2.763862066844139 0.4737808011575451 0
2693 0.9480335375573262 4.218958383553493 0
2694 1.125666180735987 4.119641807736645 0
2695 1.319699364741901 8.982904530010053 0
2696 1.238506492861979 9.033720351185236 0
2697 2.626155717150383 0.5628148645259605 0
2698 2.694737370506628 0.5190082272489867 0
2699 1.545681381918566 1.286991454377644 0
2700 1.454504074326969 1.231850586564108 0
2701 4.913836984729709 8.830375811227064 0
2702 4.82618742890384 8.875585819733306 0
2703 0.581125583697085 9.46841483368828 0
2704 0.5123870316479341 9.510984567719596 0
2705 1.367294626258675 1.174916581767356 0
2706 1.279199467471966 1.122296302403471 0
2707 2.54277616689194 1.78351780774036 0
2708 2.524117190478109 1.65067419324079 0
2709 2.635962943833135 1.706178739245569 0
2710 4.231047008837615 6.000092012533065 0
2711 4.375455573109061 6.111792733480931 0
2712 4.186955611963548 0.8039731532173141 0
2713 4.263577306835346 0.7586167510846243 0
2714 4.370758970587463 8.332149862523234 0
2715 4.465130165870332 8.398223978579939 0
2716 1.301713456609848 4.018885606691637 0
2717 1.476250011721222 3.923481490628393 0
2718 1.467323822889126 0.3688159012144687 0
2719 1.469764710649768 0.2962880239506199 0
2720 3.345149662843391 2.442901625283754 0
2721 3.21143581380211 2.375497007474989 0
2722 0.08000173080223491 1.163431780003537 0
2723 0.07641026091662249 1.055860775935752 0
2724 0.1564119917188574 1.108419194908451 0
2725 3.828398421068217 9.139767278451014 0
2726 3.901586175617924 9.193971959137805 0
2727 4.741909433775676 9.023554648906067 0
2728 4.73984342557687 9.131940589862596 0
2729 2.489714414668052 0.6564161904411551 0
2730 2.55782908874543 0.6099872770894222 0
2731 4.288150371630902 9.259255253937031 0
2732 4.359014978322685 9.306642640833784 0
2733 1.645504652734251 3.823815865576213 0
2734 1.814428569197676 3.731363461379471 0
2735 1.160349784706623 9.087753105959024 0
2736 1.082092282009156 9.137538026496262 0
2737 3.390740939543358 9.343006433679353 0
2738 3.321128063587249 9.286160644215034 0
2739 3.387738643970144 9.258665413800959 0
2740 3.521067934162481 1.198746765332914 0
2741 3.611881347486594 1.148686632853661 0
2742 1.007499902278013 9.188302273623492 0
2743 0.9322681542666835 9.235908330807796 0
2744 0.06422291186860349 9.555550574578621 0
2745 0.06154109670300613 9.62906582259264 0
2746 3.339600291877409 1.306605504026154 0
2747 3.432070339262944 1.253583984966965 0
2748 2.96713742408558 6.170885911406351 0
2749 2.811288259322507 6.259864978850469 0
2750 0.8599324226416223 9.28491621006108 0
2751 0.7865459581879062 9.332341784433019 0
2752 1.895280089650017 4.827778850384082 0
2753 0.7165875044628169 9.379842552364213 0
2754 0.6481357105137007 9.422949126024452 0
2755 3.699119077136792 1.095494735765567 0
2756 3.698284421216944 0.9993376465800339 0
2757 3.78570462972977 1.046205418269321 0
2758 2.736104061766575 1.641119563562628 0
2759 2.735209525083876 1.523565416283592 0
2760 2.854009619431147 1.591349855100221 0
2761 4.029585479543112 0.89734283887122 0
2762 4.109462480424308 0.8511097456777795 0
2763 3.868248966925878 0.9953768625417997 0
2764 3.949755167536086 0.9468423692645087 0
2765 2.954783468439523 1.531864262712622 0
2766 3.05555229366069 1.476971895140637 0
2767 3.151666945323856 1.418254591459492 0
2768 3.2469065523308 1.363644238697467 0
2769 2.816747541279814 9.234297343018739 0
2770 2.818405154674418 9.32198207395885 0
2771 2.74073748218632 9.278286684067195 0
2772 1.792446603925143 7.46076238464881 0
2773 1.911232061706807 7.545522382854616 0
2774 4.737244614201488 8.924060905144223 0
2775 4.654453159628902 8.968068898068644 0
2776 4.168388455906783 8.197280408872462 0
2777 4.274819932008293 8.2591625468038 0
2778 4.165581297514143 8.318005621766087 0
2779 4.04656831353731 0.4622854543729633 0
2780 3.979269284699313 0.4252657279932215 0
2781 3.139364273727872 8.842819235138167 0
2782 3.053023252330324 8.893391162033891 0
2783 3.260295396344079 9.564530195255779 0
2784 3.326350536190981 9.603439524525735 0
2785 3.258614902121508 9.64118879548969 0
2786 3.498640328586017 8.739125907543091 0
2787 3.587669268452442 8.791045831239504 0
2788 2.301857371603628 3.458504765201878 0
2789 2.457905699448669 3.371958678828301 0
2790 3.916571055028198 0.3838349359554736 0
2791 3.856788678299423 0.3340588561957792 0
2792 3.924835454209125 0.2996332335851051 0
2793 1.978888988013503 3.637828670274543 0
2794 2.142136926450958 3.548776208136816 0
2795 2.132062633201127 9.661922252619007 0
2796 1.103145099297176 2.75721535003068 0
2797 0.9317423714274473 2.78423700219361 0
2798 1.40320779847348 6.599036799382937 0
2799 1.547053784795535 6.516270492113981 0
2800 1.546935009987501 6.683567136054026 0
2801 1.187076997343469 0.6041013972682558 0
2802 1.259593064108644 0.564218902004218 0
2803 2.256841082555948 9.585438961141641 0
2804 2.195008516394121 9.621021568945086 0
2805 1.478823336938924 8.668495821345006 0
2806 1.390159051667207 8.72419313506766 0
2807 2.390843673763751 9.502790537422149 0
2808 2.323444877138319 9.543945541182522 0
2809 2.668085164704709 9.326249747252382 0
2810 2.596971940705156 9.370402359816079 0
2811 3.121188520968478 9.316424253445756 0
2812 3.194464849420268 9.358444222172992 0
2813 2.527050382428596 9.415966083227671 0
2814 2.457439094662385 9.45809172711111 0
2815 1.665046209356106 8.553941419674942 0
2816 1.666634858543151 8.658489269143914 0
2817 1.572230825253236 8.612770078948332 0
2818 2.463994383705157 8.04817632344961 0
2819 2.359555855683153 8.113632544162597 0
2820 1.658161455069148 9.071336244315731 0
2821 1.741120564698751 9.114442727555183 0
2822 1.659383023627861 9.163898455580622 0
2823 1.859474458956876 8.43916401228455 0
2824 1.856913123102227 8.540801427132417 0
2825 1.762011578500671 8.498023195022657 0
2826 3.341125160903414 0.1563665256082972 0
2827 3.311061641757389 0.2226682923755167 0
2828 3.674305233858159 8.845962917781035 0
2829 3.759663533078465 8.897783451189937 0
2830 3.80543711967709 0.2301633967614094 0
2831 3.778655078417275 0.1607000723365809 0
2832 2.969143438799335 8.946526404605287 0
2833 2.887278128821661 8.996198767198244 0
2834 1.469869985700051 0.4434329437932391 0
2835 1.327278513365024 0.5215370709462592 0
2836 1.399231952264574 0.4839826853979823 0
2837 3.314437342606436 8.955015380984722 0
2838 2.05847806214998 8.314813845159083 0
2839 1.954602920894169 8.373196754132017 0
2840 0.8812693331539377 8.485379274239968 0
2841 0.8869485863897718 8.607816788277567 0
2842 1.317451072457748 9.436227099383995 0
2843 1.391445976899775 9.474922295053965 0
2844 4.176051744087109 8.42473749324515 0
2845 2.25771359443114 8.181296219151131 0
2846 2.15488762242529 8.244612865709732 0
2847 4.329486476452775 6.964329233356018 0
2848 3.05196601593941 0.3818471942815193 0
2849 3.05328237042185 0.3014588966088352 0
2850 4.735733878258273 8.599913631020382 0
2851 4.825482494597408 8.662215839903261 0
2852 1.819335619700228 9.161195004689841 0
2853 1.897601011567116 9.200490959682519 0
2854 1.972729275410826 9.242360808586184 0
2855 2.044543825126966 9.273946673465922 0
2856 1.970687466707379 9.317182713685167 0
2857 3.736572144436713 8.178704710717813 0
2858 3.845550878414257 8.253029824939295 0
2859 2.762289815465415 1.41631910537711 0
2860 2.341193319555085 0.6634127047688505 0
2861 2.335816242655769 0.5791640178974051 0
2862 2.905315395327571 8.165431998300361 0
2863 3.011829565466105 8.227326610258672 0
2864 0.4815925625459547 8.413299019980091 0
2865 0.50221705104183 8.520981063373792 0
2866 3.31813257023598 8.406332255253066 0
2867 3.413506357918896 8.462963786629619 0
2868 0.5931789010728503 3.989740232335378 0
2869 4.329085811292509 0.3081418878291156 0
2870 4.335730808444052 0.2394945615264874 0
2871 1.460967999204191 9.514187664149549 0
2872 1.530656055318852 9.550241358935065 0
2873 2.65441191740075 9.061662164624892 0
2874 1.72754629999784 9.66003963617346 0
2875 1.797114365754068 9.704098347459638 0
2876 1.730393590281706 9.737169846381104 0
2877 3.113383142091532 8.290321098756294 0
2878 3.218293296193857 8.346990885796052 0
2879 3.114997160285385 8.406776982785503 0
2880 1.596728078969177 9.593409481881581 0
2881 1.661020031097931 9.626158211452559 0
2882 4.137411362119618 9.5780195596605 0
2883 4.067105270749454 9.60896751015437 0
2884 2.965375059811486 5.984660180804173 0
2885 3.130028306445467 6.078212905252427 0
2886 1.660925172506172 9.261223685423117 0
2887 3.056996694790243 0.535550132525363 0
2888 3.054158978678485 0.4554015341837795 0
2889 4.002085266939588 9.645729353899316 0
2890 3.998490038281235 9.714071870250482 0
2891 3.937042042912666 9.678262225302756 0
2892 3.481512802840363 0.4967004458313165 0
2893 3.540222480473364 0.4448910004662525 0
2894 4.928584515455348 9.691500262568507 0
2895 4.873360841363981 9.722606003981721 0
2896 1.262411475204606 3.019302468303555 0
2897 2.816586415880482 9.419089064746409 0
2898 3.611441128521407 3.809322194336886 0
2899 3.775064250603775 3.710560600924933 0
2900 3.061061045746766 0.6139125494629242 0
2901 3.129342985228965 0.5674088337429846 0
2902 4.330490596739494 0.3825516035943374 0
2903 1.765031455498896 2.666329886936975 0
2904 2.960466970394944 5.795107423074909 0
2905 3.326039481757488 0.4332156858503843 0
2906 3.317629954055747 0.3593373253375799 0
2907 4.141481771175506 9.1599044762769 0
2908 4.216910005863596 9.207876695676749 0
2909 4.13772717979324 9.246469131998786 0
2910 3.958528828672182 5.20771960806533 0
2911 2.309049277479294 0.2579296531059324 0
2912 4.266343809632628 1.745198227847145 0
2913 4.261129057232424 1.623534230017595 0
2914 4.369628661920528 1.684420244195957 0
2915 0.8755068707040621 8.370910395304245 0
2916 0.7780134070188115 8.433780321777808 0
2917 4.745743354263954 9.425142779360385 0
2918 2.040169173889022 0.5926033957891704 0
2919 2.037188139888174 0.5101589424144757 0
2920 2.34428457729568 0.7503785067175568 0
2921 2.417768732378444 0.7043705193454195 0
2922 4.465225319196429 9.704461067316682 0
2923 0.2813885840879902 7.034897354648793 0
2924 0.4262434369960844 7.141289669883495 0
2925 4.803740901682895 0.5961134012372131 0
2926 4.812484127620017 0.5142057828825608 0
2927 0.5268378603372545 5.789304932314241 0
2928 1.865575509965758 6.346236776956084 0
2929 1.856538172266936 6.521922840485934 0
2930 1.699818334008379 6.42511476525522 0
2931 3.953014033077247 8.188696067284036 0
2932 2.90055938211662 9.824761530894833 0
2933 2.875508109493726 9.892627342819329 0
2934 2.837317287249766 9.827260592022474 0
2935 1.53972078093642 7.307837212733342 0
2936 1.671336667591869 7.377377104090916 0
2937 1.543413112786431 7.454063328650859 0
2938 1.556091122494358 6.340584428584131 0
2939 2.670394480292917 6.361442862980326 0
2940 2.528139758044495 6.451174647873043 0
2941 3.29137059629028 6.35371909621838 0
2942 3.303422505315113 6.534024384681073 0
2943 3.977120454082554 9.2445084299671 0
2944 4.060348928298696 9.283852196496827 0
2945 3.956793862396197 8.062480904652089 0
2946 4.062929650731582 8.129908321202803 0
2947 1.752582246068045 0.5996471346935754 0
2948 1.824304026810953 0.5580195547360792 0
2949 3.872891937996205 9.780043840412784 0
2950 3.935219879711818 9.817736849608185 0
2951 3.874665003453711 9.85117594836705 0
2952 1.633666609647302 2.301802328737466 0
2953 1.753337448749759 8.706282956833494 0
2954 2.037825736120264 0.4317629496345763 0
2955 1.314497959470296 8.883801600730925 0
2956 1.220712893604572 8.83657573954803 0
2957 1.302705838031123 8.781486694679714 0
2958 0.1547649695269004 6.592369784036123 0
2959 0.2981154085038871 6.680702704847528 0
2960 0.1433504389769866 6.775803012182408 0
2961 2.577416988823292 3.11172976089298 0
2962 2.717608808377902 3.199177197183852 0
2963 2.595089402177943 3.281555104060374 0
2964 3.461840325968208 0.1665147479762992 0
2965 3.499999999997727 0.1082531754732203 0
2966 3.524340325968304 0.1665147479763005 0
2967 2.671730151365819 9.727886985178623 0
2968 2.73638563886633 9.74382988135913 0
2969 2.676535442621823 9.788032569021221 0
2970 3.992308915468191 0.2835170115245752 0
2971 2.962410711778343 5.60159862184058 0
2972 3.130209683554773 5.69847837341592 0
2973 1.944907018161838 8.585115961240792 0
2974 2.595232561300321 4.60866213713429 0
2975 2.4254511478425 4.510071481645205 0
2976 4.780739467181006 5.113511367662584 0
2977 3.608484387220137 6.35893882853357 0
2978 4.780265693309367 0.6815736566915047 0
2979 4.512779773338471 0.9770452423975411 0
2980 4.58102815395195 0.9267962351241265 0
2981 1.243630607050986 0.1406193093597578 0
2982 4.359793786491373 2.558533545209364 0
2983 0.1433504389769866 6.950982709916996 0
2984 3.292350322408209 4.007263135918032 0
2985 3.4586690261633 3.909204037117628 0
2986 2.585111969323816 9.832191277014374 0
2987 2.642532813719525 9.835983873524903 0
2988 2.615764827922029 9.896085477698563 0
2989 3.322725917217435 9.745829444229232 0
2990 3.385784019795447 9.714184349756987 0
2991 0.5503915577935004 1.265039011648511 0
2992 3.290113452381918 6.173236235920514 0
2993 3.449693377952636 6.262516696284289 0
2994 2.955515555127305 5.406322351378629 0
2995 2.785772841967477 5.502951401037617 0
2996 4.780739467181006 5.348060153124687 0
2997 4.842622920586438 3.407035416007316 0
2998 4.844822835069458 6.593711000505602 0
2999 4.844822835069458 6.405271848135207 0
3000 2.265941932921611 4.412343034006566 0
3001 4.859856924857926 7.279256987301908 0
3002 0.1303363007473368 7.587975673440025 0
3003 4.905884250229896 1.16623889803151 0
3004 4.829848254245036 1.119733858891584 0
3005 4.92396400401514 1.064368321889394 0
3006 4.889573868145311 2.266804676674925 0
3007 4.889573868145311 2.126063336107171 0
3008 4.866398693770877 7.87297875148399 0
3009 2.018705398437697 7.628498042612324 0
3010 2.128040732493962 7.708184989652004 0
3011 0.5240555255367094 8.732464609355961 0
3012 4.696394872702275 6.679610537660364 0
3013 4.496555220838118 9.888371137563276 0
3014 0.09867014246066885 1.989616366048515 0
3015 0.1049863451453324 8.139453854450547 0
3016 4.253363844880681 1.522378898126063 0
3017 0.6980261169606741 1.859163345672949 0
3018 4.688673592105042 3.324060141743631 0
3019 4.42066560809744 9.434874382462718 0
3020 4.908927597059401 8.389181623821541 0
3021 4.884959907831587 1.744060298388667 0
3022 4.884959907831587 1.622428566158075 0
3023 0.3895965189370756 1.150713180536756 0
3024 0.396847051599035 1.042024436086192 0
3025 4.507526590452906 0.2799409146627608 0
3026 4.92396400401514 0.9666480153022342 0
3027 0.1068221543569015 1.38065684789593 0
3028 0.1068221543569015 1.493730022063057 0
3029 0.1022437683177446 8.50221407413253 0
3030 0.1022437683177446 8.615287248299657 0
3031 0.8808074517905184 0.7700600469173098 0
3032 4.731167448200502 7.34304948367521 0
3033 3.627928026179153 9.852445962600878 0
3034 3.62892969363212 9.78168760716823 0
3035 4.913836984729709 8.725258973281667 0
3036 1.864166029561232 6.157078002856317 0
3037 2.020885867819789 6.253886078087032 0
3038 4.330745299829838 0.6256489634072554 0
3039 4.548782627322252 9.522281486144607 0
3040 3.30484675188809 6.734632422675703 0
3041 2.038768670907314 0.3592224189599608 0
3042 0.2488927223328977 7.65609857818465 0
3043 0.8937995976125068 2.274540056009797 0
3044 0.3697347046109082 8.931610833951989 0
3045 0.3660774154735843 8.844051848549489 0
3046 4.554465950481269 8.579528278765018 0
3047 4.067583610322492 2.007022830539621 0
3048 0.07934118900049716 8.733857085831835 0
3049 0.3354168049344962 0.4077833418890624 0
3050 3.130804743351418 8.522576923096194 0
3051 0.07590551566655285 0.7791663670795301 0
3052 0.07590551566655285 0.870010620930483 0
3053 0.08346126201775644 9.133331539640391 0
3054 2.118379650005935 1.768538828355787 0
3055 2.821100828122451 0.150879961656785 0
3056 2.879783533863148 0.1029698041237716 0
3057 3.315242568279074 0.2811258489940086 0
3058 4.58407830698859 0.4674436042681473 0
3059 2.060275502496311 2.456823489560269 0
3060 0.474037153967891 0.4904604011810143 0
3061 0.2288688098799618 0.8636220907853037 0
3062 0.2293735551300314 0.9517519392031332 0
3063 0.1523157765831754 0.912718342422836 0
3064 0.7403157002860621 0.6729002087940137 0
3065 0.6056358307843503 0.5778977086811034 0
3066 0.5037233646548638 1.699184374218905 0
3067 3.833506627606206 9.047577519392952 0
3068 1.379000125135712 2.940584006533509 0
3069 0.4425843846545443 9.476384037884738 0
3070 4.932672086534369 9.404749074438659 0
3071 3.563859536776935 0.6103791460068899 0
3072 4.786419055348993 1.575794964319225 0
3073 3.88451597793258 2.900850795130094 0
3074 3.888095657044023 3.067343382658957 0
3075 3.33406208917676 0.5103713670170188 0
3076 2.586112437266582 2.333360895046189 0
3077 2.581731506483105 2.479743733299666 0
3078 2.815391581101513 9.141460166623492 0
3079 4.463500547104351 0.5388070253567525 0
3080 0.57540834175383 9.386967651434059 0
3081 4.463733510261534 1.76726838265578 0
3082 3.138210797263462 8.739440404791738 0
3083 0.5713532137984485 4.654381986960797 0
3084 1.030889675949993 1.051976403906133 0
3085 4.005296922516114 2.812805995264152 0
3086 0.3797803719680892 9.014789840311824 0
3087 0.4617810033950983 9.043608358863555 0
3088 4.27480420273999 1.870848603088205 0
3089 2.569724274431835 2.943277118756589 0
3090 3.260801204703139 9.48539712009554 0
3091 0.06559921437205618 0.4470757929593692 0
3092 0.06559921437205618 0.5255853900741005 0
3093 0.06422291186860349 9.47704097746389 0
3094 3.31702041810116 3.082984310872743 0
3095 2.438510896497949 7.498387248269616 0
3096 2.434022170166811 7.34985757576003 0
3097 1.669601363431636 9.340521589575804 0
3098 0.6365193996655214 3.417755604159168 0
3099 0.4550568469063132 3.527154203075184 0
3100 3.522169570205997 9.213581685538479 0
3101 1.192760404278549 1.164259328599668 0
3102 4.851715330317218 0.9211839480143581 0
3103 4.731936541682818 9.223449271084448 0
3104 4.688488932306034 9.301294170604246 0
3105 3.500463579031257 8.632355747014813 0
3106 2.772851456805021 1.304993051575511 0
3107 4.175520874090509 8.538475402055225 0
3108 1.15434830688839 8.992923400373028 0
3109 4.928584515455348 9.618514963377899 0
3110 4.940732483449559 0.3712105669608251 0
3111 4.940732483449559 0.2982252677702347 0
3112 1.00159921900189 9.097720402274046 0
3113 0.6206248399733076 3.796080609960028 0
3114 0.712376922295535 9.294001175839036 0
3115 0.8546711076456854 9.197492528654559 0
3116 4.947172121321154 0.2284616137373572 0
3117 4.947172121321154 0.1606119151271911 0
3118 3.986764666640519 9.147960441769644 0
3119 2.770529307845672 0.5558554122672321 0
3120 1.724914938650404 1.512979814237398 0
3121 1.539089429219651 1.395217978769787 0
3122 1.918671968983113 1.635251980898504 0
3123 1.361971451251084 1.279261354326891 0
3124 2.633077983103209 0.6482552509221353 0
3125 4.188781715595127 0.8945697427527681 0
3126 3.201807293854295 0.6002532214628946 0
3127 1.29799553043709 4.2175096091162 0
3128 2.703584852248103 2.264447933287308 0
3129 2.37199972598054 0.07626868366683834 0
3130 2.415845838995361 0.04743720430600495 0
3131 2.412845564979886 0.1237058879728433 0
3132 2.296240210409026 7.278384526367368 0
3133 2.406895943412621 7.200742438454325 0
3134 0.07022586626388884 0.6875210657544993 0
3135 0.1461313819304417 0.7329431926799758 0
3136 4.291904963013168 9.172690598215144 0
3137 3.872844906371171 9.712629881861613 0
3138 3.812290030113064 9.746068980620478 0
3139 0.9402052222878788 4.426636681956417 0
3140 1.288072790861223 7.458728703856381 0
3141 1.417932739027679 7.523781929382923 0
3142 3.185013972622341 2.989793496552879 0
3143 1.643297447323981 4.017087783019011 0
3144 0.8868476505411194 8.711896997382704 0
3145 0.7395316380741255 4.761430168901807 0
3146 3.699301555999419 1.195554404542949 0
3147 2.940728066697703 7.347894394829709 0
3148 3.06106670822287 7.421006248858831 0
3149 2.925516115835563 7.491422105431668 0
3150 0.2640550762995164 1.36531968358421 0
3151 0.3768538659588688 1.349235883257018 0
3152 3.523066231449684 1.303583521265094 0
3153 2.811959945722518 9.50143593348375 0
3154 4.031458272048861 0.9912058656065222 0
3155 3.869083622845725 1.091533951727333 0
3156 4.830457770166815 5.576839763643493 0
3157 3.341374897003538 1.415459475570458 0
3158 2.754763038180406 1.773963178062198 0
3159 2.666427551310105 9.238565016312268 0
3160 2.33353686026591 7.57180132148103 0
3161 0.9732536460688515 3.271493246481802 0
3162 0.7938412385994136 3.336480860049977 0
3163 2.124587803120371 9.590940670534874 0
3164 0.04948014523892506 0.1610231377196323 0
3165 0.04948014523892506 0.2288728363298369 0
3166 0.05599215218496768 9.769267681342988 0
3167 0.05599215218496768 9.837117379953195 0
3168 1.546760883501946 9.834992756859446 0
3169 1.507517981412853 9.895615003100202 0
3170 2.254137480895736 9.508546566901833 0
3171 2.955678005122222 1.649418409991658 0
3172 3.152566505793763 1.531215513922915 0
3173 2.38733669637674 9.422354336631676 0
3174 2.523853675551933 9.332091802909046 0
3175 2.925084367292151 7.636177876343433 0
3176 2.95446540764036 5.206169990131258 0
3177 3.131103277451227 5.304817210934221 0
3178 4.635222844054145 9.33381012716713 0
3179 4.562844662315342 9.368366602583272 0
3180 4.570926029676185 9.285136479690333 0
3181 0.677534124285851 8.385031925355705 0
3182 1.296373985801484 8.676967273884765 0
3183 2.598097519003279 3.459406115119173 0
3184 0.8729780705621772 0.1422705855011057 0
3185 4.373566128980103 8.21142464962961 0
3186 2.966732777763002 8.846943911705193 0
3187 3.389626235322819 9.566429065194431 0
3188 3.387945741100248 9.64308766542834 0
3189 2.492805672408647 0.7433819923898615 0
3190 1.477234687751879 8.563947971876036 0
3191 1.667607545210755 8.452304004827077 0
3192 3.676908233714689 8.742918747992789 0
3193 3.794229014126783 0.3756424292414698 0
3194 3.80249341330771 0.2914407268711014 0
3195 1.788754272075132 7.314536268731293 0
3196 3.099756189432082 0.1945648627715618 0
3197 3.061940724699062 0.2458275295939747 0
3198 1.977012507152837 3.823887366861904 0
3199 3.911222508789611 0.4596913506038957 0
3200 4.887904604770713 0.2648364854869062 0
3201 1.859701376292613 8.33041852202226 0
3202 2.693029786609829 0.2102083029059265 0
3203 2.760757934389291 0.1723462453679023 0
3204 2.249491220032541 8.05638562998249 0
3205 4.807695559618658 9.689600327109062 0
3206 0.1768859287894408 5.350821231487599 0
3207 1.818114051141516 9.06863279342495 0
3208 2.051239398505217 8.194250284420376 0
3209 2.950530912833657 3.822039904972681 0
3210 2.936221203093062 3.609905537998255 0
3211 2.301193371121334 3.640081132822039 0
3212 1.971457369986703 9.157254919463274 0
3213 1.469577557135327 0.5219926089880262 0
3214 1.33125407444347 0.6052241816507282 0
3215 0.402647030370101 0.2524274803705697 0
3216 4.581390227733939 9.018285766638897 0
3217 1.894335723352181 0.5972616600269532 0
3218 2.376530243291059 6.872824295247851 0
3219 2.379266266492921 6.704488991912067 0
3220 0.07022586626388884 0.6030690399932056 0
3221 2.399612416973841 7.043900168130754 0
3222 4.172168285225732 8.071065246240515 0
3223 1.727740806570293 9.593086712531093 0
3224 1.861148020636259 9.660300713733573 0
3225 1.595142514020059 9.516037164863675 0
3226 0.2358632667748846 1.155888347214707 0
3227 0.2322717968892722 1.048317343146922 0
3228 3.316518552042127 8.289876371223855 0
3229 4.42671623790114 9.354454540149309 0
3230 4.492497218133684 9.400112797419883 0
3231 3.115125701374576 8.16754051326922 0
3232 2.105967273882767 4.314310698093413 0
3233 2.283833251766135 4.209804188758588 0
3234 0.06033383499588511 0.3713283448067 0
3235 3.937387977301312 3.799363851257186 0
3236 2.796974453741493 9.721539538807255 0
3237 2.801779744997497 9.781685122649852 0
3238 4.049605382652181 9.736322322242195 0
3239 3.876440135029525 9.644287365510449 0
3240 1.651791082855134 9.74776282766263 0
3241 3.036412297418465 7.702840378283954 0
3242 4.005657275380885 9.573157865206644 0
3243 1.807898066599286 6.687022922712667 0
3244 0.878123854307439 0.8540951013482105 0
3245 0.8058578796979083 0.8063724726509978 0
3246 3.617814348044988 4.001342433779312 0
3247 2.183771286469064 9.479793818780621 0
3248 2.117488218245173 9.521211336887772 0
3249 2.113725818400872 9.450965168807441 0
3250 1.496378138182522 1.975061479191027 0
3251 2.953191097245186 5.005938422649479 0
3252 2.305238666842961 0.1867692358258969 0
3253 2.372810062601398 0.2236977846137122 0
3254 4.405019943979344 0.6676967503481244 0
3255 4.33515441068583 0.7118481388178151 0
3256 2.326670883484733 0.1222668478986391 0
3257 2.329671157500208 0.04599816423180072 0
3258 3.263375977246824 9.711875731322143 0
3259 0.06033383499588511 0.2983430456160929 0
3260 3.375671071908909 1.885407834115911 0
3261 3.264562177201049 1.825460248331869 0
3262 0.1577641488929937 0.2976143837297069 0
3263 0.2284008339524959 0.3136856858291949 0
3264 3.129551063071504 0.2863063699860423 0
3265 3.838998703852223 8.952064360396907 0
3266 3.916722464421906 9.001910811944304 0
3267 4.186623540902112 2.069136241802281 0
3268 4.079442160065359 2.140546108190998 0
3269 4.31385280447917 3.212349936731456 0
3270 4.352635379857826 3.031593448597953 0
3271 0.3088248301860587 0.99922109150939 0
3272 2.411648316947677 1.632224331818509 0
3273 0.1098139802348102 0.2653654859251404 0
3274 4.457363059236725 5.383890985480291 0
3275 4.231135643729334 5.424049927905179 0
3276 3.008301797867114 3.338677720527906 0
3277 3.047698863466509 3.176404040615933 0
3278 2.732534453318451 9.099954118924744 0
3279 2.808846165628248 9.050812332421156 0
3280 3.288351088107824 5.987010505318336 0
3281 4.794006139848786 2.06958255385207 0
3282 4.685063362284453 2.148806560373052 0
3283 4.699921765842618 2.018455526034301 0
3284 0.2981449296833971 0.8075748469222721 0
3285 2.795644523051312 8.685221443962739 0
3286 2.761505133607836 8.580713636444489 0
3287 3.458205451037538 9.245464139901184 0
3288 4.556310503316409 6.594163094979638 0
3289 3.20387223681001 7.353072541645925 0
3290 3.18866028594787 7.496600252247885 0
3291 3.258850869076594 9.407257489996343 0
3292 3.326080694787008 9.448641294192626 0
3293 4.556794032511643 9.44878644489668 0
3294 3.504791725820843 8.521830493387959 0
3295 3.594600415098558 8.577476407824406 0
3296 0.1987374629365423 8.19069988233548 0
3297 0.2966057277424621 8.118079541083496 0
3298 0.2853705003883397 8.239354864799973 0
3299 1.847444137705633 8.643975143978899 0
3300 2.702524525619248 1.250137319994392 0
3301 2.803911434241887 1.196287868636867 0
3302 0.7382040265584011 0.7563852543186631 0
3303 0.7355204290753216 0.8404203087495639 0
3304 3.865435396977272 6.745607436837693 0
3305 0.08000173080223491 1.268548617948934 0
3306 0.1868238851591364 1.328098428923232 0
3307 1.450341771071392 4.317988869779719 0
3308 1.274294495197529 4.418745070824727 0
3309 4.47193597944411 0.6194628342818445 0
3310 4.53386701314909 3.411873497728322 0
3311 3.607227243311775 6.178455968235705 0
3312 2.779849901123356 4.70611491563101 0
3313 3.046157381804559 8.687757872750463 0
3314 3.13375558777403 8.633389608408404 0
3315 2.570027161324882 0.7823988443295733 0
3316 2.498081479035273 0.8303531732338378 0
3317 2.887946172420121 9.624350212525103 0
3318 2.85853302042766 9.54278162505585 0
3319 0.221087151136541 0.7685412501419748 0
3320 4.060400722168818 3.889201782406892 0
3321 1.709459488688346 5.320041142253356 0
3322 1.870864669266991 5.223260778627725 0
3323 2.955079426967583 4.804744438300617 0
3324 3.131941459686679 4.903470865337988 0
3325 3.992824118124549 9.055223155695764 0
3326 3.998316194370567 8.959709996699718 0
3327 4.287965002173168 1.988099214140874 0
3328 2.660957332874014 9.152309998827228 0
3329 2.968907908643058 9.832700598199223 0
3330 1.28427317981037 8.571065803044476 0
3331 0.5764942477386896 6.499702289599507 0
3332 0.4314447333487198 6.594552251981563 0
3333 0.2569788905455792 9.192924815345746 0
3334 0.2374267815976944 9.122263062441711 0
3335 1.323355572864878 9.794146782637348 0
3336 3.751442995163988 9.713977435835947 0
3337 2.829134115706641 2.318941633766544 0
3338 2.621158621405892 3.640293752278227 0
3339 2.758342324135165 3.5498901775103 0
3340 4.197103104193639 7.66619868578827 0
3341 4.302559591904143 7.741280569642422 0
3342 4.183156438374342 7.817634785686364 0
3343 4.685349365309031 1.625548471060373 0
3344 4.701848604994851 1.503739688316452 0
3345 1.024790384250365 3.454189614993605 0
3346 4.651211095309039 9.159071323052341 0
3347 2.958600263564849 4.603647358319519 0
3348 3.393383215878067 9.492679352843133 0
3349 3.391432880251521 9.414539722743935 0
3350 2.913160100690449 3.429017900839201 0
3351 2.115188519718282 1.446693768465147 0
3352 0.3519543979007391 5.458632433064537 0
3353 2.84432843227397 9.686375657862083 0
3354 4.876662454661592 2.406034452237392 0
3355 0.1096847838116829 2.119872110838222 0
3356 3.745770425817955 1.596513628107902 0
3357 3.867908121623747 1.549170234308135 0
3358 4.609147309489835 7.283331417684392 0
3359 4.462773586160253 7.214638443520397 0
3360 4.911645509867699 8.502776655532836 0
3361 4.820573106927101 8.439211664610262 0
3362 0.512706361326329 8.632053762759107 0
3363 0.5362775188453284 1.366238607946268 0
3364 3.681807685859354 8.641500987831231 0
3365 0.6828362435133446 1.98590658334484 0
3366 1.948889999572019 4.21965216587547 0
3367 1.608593583124049 2.601690385523968 0
3368 2.045524389075402 5.12104650606154 0
3369 4.619130071503911 9.490535291307996 0
3370 4.692477266012064 9.457658735923269 0
3371 4.684465860822673 9.531153777171196 0
3372 2.967807535518672 2.322441270613995 0
3373 2.961874800893676 8.748938318702384 0
3374 0.06686065119603984 9.396344323520113 0
3375 0.497073333586203 7.527260960621021 0
3376 0.3732295814984299 7.591675110922227 0
3377 3.564858197712143 9.86718087627259 0
3378 3.501672420011989 9.905438706252976 0
3379 4.938178773310907 0.4466489860424975 0
3380 3.869459761223132 9.435034896715306 0
3381 1.713910761169953 6.066689842667204 0
3382 2.09130483923329 2.03851225522633 0
3383 2.094206928985895 1.905768310120466 0
3384 3.751546568616079 9.642770073103142 0
3385 3.690746565292038 9.678092486869781 0
3386 0.06154109670300613 9.702051121783249 0
3387 3.357536431302226 0.8268794911650929 0
3388 3.407231875750183 0.544122247107945 0
3389 3.490827751760129 0.5748151511504674 0
3390 0.09375111779120995 8.260729178167026 0
3391 2.113948852097661 2.173531322865894 0
3392 1.410044993637523 4.729563069538662 0
3393 1.252454695768618 4.633732608924318 0
3394 4.068358396589179 9.105759626525058 0
3395 4.147541222659537 9.067167190203021 0
3396 4.388004213753911 1.923334853078175 0
3397 4.492686121707839 1.853257750395289 0
3398 4.505846921141018 1.970508361447958 0
3399 1.876664426027463 5.030390459835234 0
3400 2.844124004989381 0.5927661263339703 0
3401 2.918654380551811 0.6284790573687262 0
3402 4.600753908686615 1.999055395660178 0
3403 1.398963845813838 6.25473802379312 0
3404 1.551728395026682 6.163582296934359 0
3405 2.971070928828579 2.00657791636127 0
3406 2.997999994016952 2.137095964770701 0
3407 2.458209733227756 3.734240934931235 0
3408 2.618454538359642 3.824724997322362 0
3409 4.269843354493107 0.9387878436866637 0
3410 4.348533332180792 0.8903145218405659 0
3411 4.352101839539532 0.9816692152349269 0
3412 0.5724438919539396 8.335529580807629 0
3413 0.4712191504971281 8.298076192918398 0
3414 4.904432271703476 1.995712301768419 0
3415 2.877994987362687 8.802073561273779 0
3416 2.798162412951869 8.863382500615792 0
3417 2.793304436082543 8.765376907612985 0
3418 4.627182258338365 9.894390538622188 0
3419 4.948032625931027 9.472060435426226 0
3420 2.103951887620407 2.31636467011634 0
3421 4.176764611358054 8.811441563252821 0
3422 4.095257520862233 8.749353995534879 0
3423 4.175774286151604 8.723010736817141 0
3424 0.1896683792110685 9.480282493361038 0
3425 0.2505897588166354 9.519480858005686 0
3426 4.337851950984851 0.8006645380254933 0
3427 1.685501859439952 6.762848948410889 0
3428 1.541655873117897 6.845615255679844 0
3429 2.787146653079459 3.918372440937743 0
3430 2.956274139375338 4.00963453124107 0
3431 2.992147218357248 0.6639431747256356 0
3432 3.06449350879597 0.6958018759432572 0
3433 0.7525323712607186 3.472064601041803 0
3434 3.290453184779712 5.601730995044148 0
3435 3.294626367646713 5.406558556871119 0
3436 3.452926127488253 5.503319979733677 0
3437 3.124248253508562 4.107212257943637 0
3438 3.296940176787234 4.20117339858566 0
3439 4.268260261844514 7.10024882218439 0
3440 4.346428458516529 7.192276496917051 0
3441 4.187722317304354 7.234933272668275 0
3442 4.434822503735148 1.027994723554934 0
3443 4.516810459846401 1.071844072563646 0
3444 2.564555882304465 2.787755792466614 0
3445 2.694768002895881 2.873830527726483 0
3446 4.202525253953375 4.689555028147812 0
3447 1.967156426022053 0.6377827432859222 0
3448 2.041402907153301 0.6761652725431218 0
3449 1.385272405701552 8.512107189330706 0
3450 1.285718386074354 8.463499278102471 0
3451 0.3818032931417014 8.271290077819424 0
3452 3.720350504781871 7.534625645526315 0
3453 3.741277739376641 7.671048423266287 0
3454 3.613737183159627 7.602664924078639 0
3455 2.048722917053625 9.111122420767188 0
3456 2.12343380332586 9.063965483577856 0
3457 2.121296520102648 9.151967831177608 0
3458 3.768443651265072 8.696418074372762 0
3459 3.854733605991626 8.656120002322716 0
3460 3.849834153846961 8.757537762484276 0
3461 3.647851140063413 5.004306536715056 0
3462 3.847736207884472 7.466188190627445 0
3463 3.720195651667458 7.397804691439798 0
3464 0.07641026091662249 0.9581404693483124 0
3465 1.408068561023874 7.233746251446353 0
3466 1.535992115829311 7.157060026886409 0
3467 3.59381499389641 0.1794802553568969 0
3468 2.428339397845154 0.2524709670733585 0
3469 2.510561579680532 0.2775204500100514 0
3470 4.620600907974485 7.431402906598445 0
3471 2.269688593652155 0.7974587243250515 0
3472 2.346264006475514 0.8384165389016205 0
3473 2.116294386305086 0.7163962871198808 0
3474 2.192941141031113 0.7556136706671897 0
3475 1.540077841685764 0.5611986972930796 0
3476 1.611177915495114 0.5999731715340456 0
3477 4.841084612000653 6.20066406644756 0
3478 1.185989944982835 8.408908604437787 0
3479 1.083011763310844 8.358934332412868 0
3480 0.9733228799547515 8.305364353098636 0
3481 0.8700669538196253 8.253765400636476 0
3482 2.203127952603087 9.019135412790545 0
3483 2.2955300875033 8.98911708912712 0
3484 2.288409541275096 9.074792570324849 0
3485 4.430846588358929 9.271881055790949 0
3486 3.904051424289389 3.229908356425458 0
3487 2.8044210010386 8.954692719499496 0
3488 3.813713293684044 9.606899254316282 0
3489 3.753016863812094 9.571014305350117 0
3490 3.92916932462072 8.811818671691244 0
3491 3.842879369894165 8.852116743741291 0
3492 2.956104422804104 4.403070178130589 0
3493 3.131333948648332 4.501699700800196 0
3494 3.310749257769384 4.801395679231762 0
3495 3.308860928046987 5.002589663580624 0
3496 3.41929431389222 8.232852890898528 0
3497 3.524248422915877 8.176314405909245 0
3498 3.521311935107907 8.292679255691585 0
3499 1.681373750359469 0.6415439423929712 0
3500 1.751540258238011 0.6821992612213313 0
3501 4.560287932060086 3.591947769267851 0
3502 3.449059718927285 9.677173890425681 0
3503 0.8770974143702532 0.944084513612484 0
3504 0.5423853447201907 7.228859687452021 0
3505 2.536687416040728 0.2137627110570206 0
3506 0.2993838822025091 9.251114484333856 0
3507 0.2093275156924428 9.240285496124859 0
3508 2.43471869925709 1.065037484576783 0
3509 2.512961197724823 1.012884732897267 0
3510 2.516258047475639 1.105052203098579 0
3511 4.105809491608484 2.420055348936446 0
3512 4.113578119022369 2.568872737071124 0
3513 4.529760682728329 6.20716411238385 0
3514 1.54317771611754 5.419656055109666 0
3515 1.535722933648245 5.232219645257728 0
3516 3.629595943200818 8.115606742326197 0
3517 3.739902043505967 8.058170682341705 0
3518 3.788997773734179 4.101543654880933 0
3519 3.636225671376073 4.201425497661676 0
3520 3.849075678080547 7.995585535437631 0
3521 3.958991295734882 7.936797789356398 0
3522 1.157638962587164 7.388613375447104 0
3523 1.281363397856925 7.314408108884009 0
3524 3.067087335470433 2.228011416005535 0
3525 3.10677629852296 2.329878125177116 0
3526 1.171467908092008 7.932019724463466 0
3527 0.5133412134789972 5.574898667362205 0
3528 1.381445206260327 5.135868182851557 0
3529 1.547726978831133 5.036253269995248 0
3530 0.4812708298289123 0.6577133827168371 0
3531 0.4882908524004188 0.7476546632354746 0
3532 2.779715229970138 9.572010844054089 0
3533 0.9397453834335685 7.81439962426901 0
3534 0.833807151677639 7.879381342535557 0
3535 0.823247912539951 7.751106067631072 0
3536 0.6323838652640968 0.1375222402377826 0
3537 3.507643193986197 8.408084447439212 0
3538 4.720151174726402 0.0559065251172756 0
3539 4.657651174726307 0.0559065251172756 0
3540 4.65490330902287 9.958471740615378 0
3541 4.71740330902287 9.958471740615378 0
3542 0.1019509772163542 1.621117434504176 0
3543 4.088324057310481 2.278877077615574 0
3544 1.818016391554814 8.978845443327337 0
3545 4.076146006321146 7.60333141768749 0
3546 4.195549159850948 7.526977201643548 0
3547 3.259744339504136 9.32168839627008 0
3548 3.470193546771675 4.301202393685612 0
3549 3.302091477872028 4.401151515711217 0
3550 0.1731309182037341 9.771113533818816 0
3551 0.2219308816748248 9.812522744098089 0
3552 0.1607842678410261 9.841794968986047 0
3553 3.304587318632773 4.601728695900148 0
3554 0.9183654228589677 4.641624220056008 0
3555 3.254899873339811 1.587962486695277 0
3556 3.158785221676646 1.646679790376421 0
3557 4.596258128025977 0.05828330370061575 0
3558 4.533758128025883 0.05828330370061575 0
3559 4.534778949315495 9.93591879800681 0
3560 4.597278949315495 9.93591879800681 0
3561 1.148442538802195 8.900856757991168 0
3562 1.374157112429248 5.518988108524464 0
3563 1.206635237829042 5.628331886766903 0
3564 1.201919286477234 5.441178336356476 0
3565 2.764441181168181 1.899280409184344 0
3566 1.556783484489433 5.980843437876192 0
3567 3.053226845717616 3.045101606490273 0
3568 3.068407707492822 2.870409201539944 0
3569 4.911645509867699 8.615849829699963 0
3570 2.960863993754363 4.203544793908698 0
3571 1.123486348556102 6.778474659063151 0
3572 0.9874136842875906 6.877262973733009 0
3573 0.9809832283783152 6.719473209564978 0
3574 2.503362408728891 0.9211200197745104 0
3575 2.58490175694744 0.9611347382963068 0
3576 4.665778772924222 9.59301664918053 0
3577 0.1175332488879738 9.733169199147033 0
3578 4.1707803352406 7.006986009107242 0
3579 2.241302032201146 7.920609532746679 0
3580 2.237488933243171 7.784300044894195 0
3581 4.468846534084786 0.04953884750240593 0
3582 4.406346534084692 0.04953884750240593 0
3583 4.399276271522622 9.952452339556466 0
3584 4.461776271522623 9.952452339556466 0
3585 4.001312226385785 9.495972303574469 0
3586 2.830422918909218 3.278662360039951 0
3587 3.288509443396312 5.795239796278478 0
3588 1.566342642453687 4.833641660544096 0
3589 1.601149865980112 2.452256971361024 0
3590 0.4740309093357771 0.05330366861094105 0
3591 0.4115309093358206 0.05330366861094105 0
3592 0.3977476872647566 9.951896195515083 0
3593 0.4602476872647561 9.951896195515083 0
3594 3.902582090025485 0.5399868325766775 0
3595 4.325286398156839 1.472641682332667 0
3596 4.372495748592803 1.36362197980358 0
3597 2.197517590270778 7.215739700330696 0
3598 2.049014054817015 7.190805726050536 0
3599 0.4778360741089777 0.5724971086340008 0
3600 0.4126914898993045 0.530625091820739 0
3601 0.3708568252928452 9.442039363448838 0
3602 0.4366706555755153 9.398088684661989 0
3603 0.6699782496634754 0.7069480448925799 0
3604 3.90599647258466 9.944434478781226 0
3605 3.96849647258466 9.944434478781226 0
3606 1.54891945720688 5.795046321271965 0
3607 1.547893667469349 5.606809605520093 0
3608 0.4533559269806797 1.306839461918089 0
3609 0.8711680790576053 2.553828740744401 0
3610 0.884377737588695 2.409754444486141 0
3611 1.158642949308011 9.940344983545003 0
3612 1.221142949308011 9.940344983545003 0
3613 4.092895971089161 0.05850833549098528 0
3614 4.030395971089067 0.05850833549098528 0
3615 4.039951654074351 9.945545016293876 0
3616 4.102451654074351 9.945545016293876 0
3617 0.7737989803469536 9.938915662616331 0
3618 0.8362989803469527 9.938915662616331 0
3619 0.8437499999988691 0.05412658773636954 0
3620 0.7812499999990514 0.05412658773636954 0
3621 3.718749999998061 0.05391445226425556 0
3622 3.656249999997965 0.05391445226425556 0
3623 3.656819828467006 9.945408280233941 0
3624 3.719319828467006 9.945408280233941 0
3625 1.033245189316282 9.94172644173547 0
3626 1.095745189316282 9.94172644173547 0
3627 1.08979171778988 0.05527158686954399 0
3628 1.027291717790063 0.05527158686954399 0
3629 3.599517879732148 0.4667159420962087 0
3630 3.675246493714387 0.4473896605400603 0
3631 3.843244497479509 0.05546525248787688 0
3632 3.780744497479414 0.05546525248787688 0
3633 1.409300817828091 9.948408135393642 0
3634 1.471800817828091 9.948408135393642 0
3635 1.460237017314507 0.05986371442817458 0
3636 1.397737017314689 0.05986371442817458 0
3637 3.593749999997871 0.05412658773661082 0
3638 3.531249999997776 0.05412658773661082 0
3639 3.967778751637033 0.05772930916541202 0
3640 3.905278751636938 0.05772930916541202 0
3641 1.593749999996682 0.05412658773636919 0
3642 1.531249999996864 0.05412658773636919 0
3643 3.468749999997679 0.05412658773660952 0
3644 3.406249999997585 0.05412658773660952 0
3645 3.40792242001199 9.945295512347323 0
3646 3.47042242001199 9.945295512347323 0
3647 3.3422571517104 0.05569867184519639 0
3648 3.279757151710304 0.05569867184519639 0
3649 1.661431046398657 9.946745904636604 0
3650 1.723931046398657 9.946745904636604 0
3651 1.722997381451474 0.05689990067815118 0
3652 1.660497381451656 0.05689990067815118 0
3653 0.6362614527005475 9.262175888092461 0
3654 0.7062199064256367 9.214675120161266 0
3655 0.07407029275033722 9.041301676676079 0
3656 3.21009927770783 0.05818154226167101 0
3657 3.147599277707735 0.05818154226167101 0
3658 3.160319199367059 9.941524155500339 0
3659 3.22281919936706 9.941524155500339 0
3660 2.402868119432637 9.946381653798058 0
3661 2.465368119432637 9.946381653798058 0
3662 1.84530719674952 0.05312843263378617 0
3663 1.782807196749702 0.05312843263378617 0
3664 3.03032646402826 9.946428166942983 0
3665 3.092826464028261 9.946428166942983 0
3666 4.534825693425109 0.5767722847010321 0
3667 2.972094509024487 0.0566268575872666 0
3668 2.909594509024393 0.0566268575872666 0
3669 2.906875102180288 9.945064140845844 0
3670 2.969375102180288 9.945064140845844 0
3671 1.896736047402522 9.946030934551857 0
3672 1.959236047402523 9.946030934551857 0
3673 1.967976092535261 0.05433926496113368 0
3674 1.905476092535435 0.05433926496113368 0
3675 1.338906981958865 0.6902138927899466 0
3676 3.767743434390048 6.086389290646641 0
3677 3.929001814556639 5.999045458707689 0
3678 2.092328684802835 0.05434656271487729 0
3679 2.029828684802775 0.05434656271487729 0
3680 2.216350686604733 0.05297888663057561 0
3681 2.153850686604638 0.05297888663057561 0
3682 2.150083545345375 9.947485797312979 0
3683 2.212583545345375 9.947485797312979 0
3684 0.4329659622912741 8.69162056547512 0
3685 4.086803327897814 5.903256041040175 0
3686 4.229315323822972 5.803157616966157 0
3687 3.343377038096524 0.5884860723361698 0
3688 2.426140919812656 0.8821031678347985 0
3689 2.529171991763158 9.946146440594017 0
3690 2.591671991763158 9.946146440594017 0
3691 2.529700407779941 0.05587547173670181 0
3692 4.400163738974626 6.505983079410953 0
3693 4.533498905797133 6.411771894071499 0
3694 4.463446509668691 0.1560847270669407 0
3695 4.429715178861553 0.1940267535328213 0
3696 4.40396173736319 0.1370197214706924 0
3697 1.819875624244585 7.155276214337372 0
3698 1.940985560577859 7.238661494895267 0
3699 0.5037247569605514 3.706584426437986 0
3700 0.5828806226840606 1.911928596876647 0
3701 2.298489288075086 3.824512377866174 0
3702 0.9211565945540434 9.060148356180017 0
3703 0.9957489742851868 9.009384109052787 0
3704 2.212089627467249 0.1634794387896342 0
3705 2.233521844109021 0.09897705086237632 0
3706 2.262910098362629 0.1564987163908593 0
3707 3.508178657060406 9.712713478214532 0
3708 3.56833785596131 9.745615873204304 0
3709 2.588305015392403 9.200273062012414 0
3710 3.125005329087461 7.913656716016352 0
3711 3.135665973306704 7.776339984367484 0
3712 3.233701464917965 7.84884990327672 0
3713 3.328412664361697 7.926352210610245 0
3714 3.33907330858094 7.789035478961376 0
3715 2.317923548727112 9.390852634540989 0
3716 2.384518969625745 9.346153824229951 0
3717 1.9923392987653 1.836014413502823 0
3718 2.77499930865187 0.6379935524254118 0
3719 1.186145360146657 1.262729874529129 0
3720 1.104143761242417 1.204661853598657 0
3721 4.192350222953866 0.9859244361471291 0
3722 3.454978420787334 9.53232749374574 0
3723 3.118306472723936 8.045356329848591 0
3724 1.003011358631425 9.890443944958353 0
3725 0.9727958966877976 9.84347836187937 0
3726 1.720945479130592 9.526779916298405 0
3727 1.653497922432996 9.497479320181302 0
3728 1.713228863893204 9.465053948669517 0
3729 1.837042307278609 8.1098170923708 0
3730 1.702407346636068 8.14282229463841 0
3731 1.541942510278162 1.516332746057846 0
3732 1.45203398037789 1.457310126411702 0
3733 1.733218356594706 1.630661416930464 0
3734 1.637301377064225 1.571922201108997 0
3735 0.6023133276532953 0.04826826045799249 0
3736 0.5398133276533497 0.04826826045799249 0
3737 1.973594653209914 9.069252571863522 0
3738 3.954072304154196 1.132030434117559 0
3739 3.871527966958087 1.18285898984508 0
3740 1.92734853691815 8.13654543333142 0
3741 2.023758097193461 8.066344453882069 0
3742 3.685475574834413 0.2305884874689901 0
3743 3.74287745550445 0.2717469698071 0
3744 0.6671607122370244 8.269809098294012 0
3745 3.616521923059569 1.354050227872185 0
3746 3.527524328160032 1.408887447506237 0
3747 1.478679894015863 8.456381446934031 0
3748 3.782545092966642 0.4535006726638449 0
3749 3.728249827974929 0.4108825433391671 0
3750 3.059734198361597 1.706729079597815 0
3751 2.958960349353221 1.766214671985414 0
3752 1.858180743586343 9.592778361708099 0
3753 1.89556945661646 0.6808235367809046 0
3754 4.26410382414422 9.86617461885481 0
3755 1.386737091063609 5.89193877553912 0
3756 3.136968757021241 2.144532819333822 0
3757 3.167943590373582 2.000555550806971 0
3758 3.87791043022554 9.572531597757424 0
3759 0.2083549262723517 2.057295392858813 0
3760 1.62398210636385 4.222142943488349 0
3761 1.469439808250288 0.6017484388978227 0
3762 4.403671154955868 8.081809249718805 0
3763 4.499610193535037 8.154796565438239 0
3764 3.719677751523023 7.254667965499968 0
3765 3.319455039850096 8.173511521441515 0
3766 0.09375111779120995 8.382360910398031 0
3767 0.7121106153395825 3.642835528673036 0
3768 0.8694324542734746 3.561560784563845 0
3769 0.9573301850944649 9.788154005718727 0
3770 4.948032625931027 9.550570032540957 0
3771 2.813110095678304 2.822013256456923 0
3772 2.818278487805674 2.977534582746898 0
3773 3.489578609686754 0.6578009472835185 0
3774 2.561456482393792 2.630243980972582 0
3775 0.3135295686601075 9.558826794760069 0
3776 1.465355177033804 0.1646133258893537 0
3777 1.457321237893066 0.2349332442989277 0
3778 3.927270129541995 5.802111063140782 0
3779 3.766490292047028 5.703445948056232 0
3780 3.924291805388203 5.607656530388716 0
3781 2.922086843601016 0.7103683838490593 0
3782 2.449721654976483 8.800083633790624 0
3783 2.35985447471593 8.755638822641339 0
3784 0.6873753755051453 0.1265676324658133 0
3785 0.7510548378940809 0.09144024042239268 0
3786 1.779129584364026 9.95667822360442 0
3787 1.841629584364026 9.95667822360442 0
3788 4.155667840036264 8.981832728978343 0
3789 4.228791214622591 9.035977578730186 0
3790 2.130554349554063 8.978290002380128 0
3791 4.219550725276274 0.05415448117908449 0
3792 4.157050725276179 0.05415448117908449 0
3793 2.28859196457963 8.889472705801797 0
3794 2.37387355325164 8.945129863336103 0
3795 4.356132526047462 1.076468045401032 0
3796 0.1310835630646433 9.438225489615476 0
3797 4.167505780747315 9.952046479962609 0
3798 4.230005780747315 9.952046479962609 0
3799 4.904432271703476 1.864874184613753 0
3800 2.638795008375012 0.7332168241669598 0
3801 2.644070815001638 0.8201880050109361 0
3802 2.043281638438118 0.7615756346166326 0
3803 1.258611620633479 6.356714126510162 0
3804 1.254248893165802 6.17971199486039 0
3805 2.351544936169131 0.9291833854422931 0
3806 2.194920570210947 0.8436517028512533 0
3807 0.845480520089851 8.00946620047163 0
3808 4.878911256760466 0.4100385586014561 0
3809 1.277634732749815 7.163630923037076 0
3810 0.9856250276960542 0.2069353517627247 0
3811 1.542281309243557 7.003933066818064 0
3812 1.673933529156103 7.078024028105053 0
3813 1.224295970797837 5.805640161710878 0
3814 3.690815331123515 9.534002335102524 0
3815 3.75298205619148 9.498131516315665 0
3816 2.275207980493401 9.946484255489162 0
3817 2.337707980493401 9.946484255489162 0
3818 2.806741366603777 1.087612225693108 0
3819 1.61013592766508 0.6825252980618015 0
3820 1.09180777290003 6.093413381032148 0
3821 1.23215999808039 5.991437278315106 0
3822 3.317649316193667 9.865576536063825 0
3823 3.255077619327498 9.901320309714755 0
3824 1.077571846426407 8.2417893377451 0
3825 4.713199473820789 8.146212017491077 0
3826 4.591568562698021 8.121642012670543 0
3827 4.734603456644735 8.490387867660113 0
3828 4.731885543836437 8.376792835948818 0
3829 4.557710530556673 8.356190502173856 0
3830 4.553335528867732 8.470002515404751 0
3831 3.608952425122547 5.98996715839736 0
3832 3.527578321985131 8.055780377533138 0
3833 3.606132456257244 5.603741916605436 0
3834 3.610305639124245 5.408569478432407 0
3835 4.496072000732688 2.069132498343063 0
3836 4.540393417444314 2.201032518947893 0
3837 1.727865884607799 0.1683232397830664 0
3838 4.009231193368303 8.872091237459408 0
3839 4.085332847070946 8.925403581210869 0
3840 3.742099476844652 7.932487567046015 0
3841 3.964486531041535 7.806227660987076 0
3842 4.072204715357184 7.873123030201534 0
3843 0.7564536810886907 8.197784472305926 0
3844 0.8542696903393802 8.132238430100317 0
3845 1.260072458156137 6.69350916910905 0
3846 1.26019123296417 6.526212525169005 0
3847 0.04764656694677126 9.952215285251366 0
3848 0.5264263658172683 9.939210442440213 0
3849 0.5889263658172679 9.939210442440213 0
3850 0.04764656694677126 9.889139785851174 0
3851 1.007298280369695 7.023123116887522 0
3852 4.725135500244694 0.6283948435362846 0
3853 2.234259082619396 7.639987924046795 0
3854 2.45646343616801 8.888809904669632 0
3855 1.115476280316135 6.451186496236275 0
3856 4.502604662111424 0.1078221512030217 0
3857 3.936268035620233 5.408166017739555 0
3858 4.0970478731152 5.506831132824106 0
3859 3.472384018242473 5.104331009517522 0
3860 3.293576220159768 5.206406195623749 0
3861 0.9240666270369451 9.842110650285122 0
3862 0.8685651496620956 9.887633165839214 0
3863 4.50368556547773 9.235729533491083 0
3864 4.576063747216532 9.201173058074943 0
3865 1.82616481765883 7.002149254269026 0
3866 0.5030762241244445 9.353796595905123 0
3867 0.5700863509410602 9.308330888241294 0
3868 2.627968233032115 1.287170530394801 0
3869 2.659028210468981 1.178465347456157 0
3870 2.42452878720882 0.181310549793323 0
3871 2.049139173678765 8.930380818994177 0
3872 2.128833322955992 8.885550748206867 0
3873 3.205524907925626 0.6789662597211887 0
3874 3.205731304044396 0.7552377008288399 0
3875 3.133613732304258 0.7220426917881969 0
3876 0.3418239965245207 0.4884051829352107 0
3877 2.381123307465042 9.197149428522167 0
3878 2.348551263016994 9.112394959904105 0
3879 3.96124156148867 7.533559539128365 0
3880 3.961086708374257 7.396738585041848 0
3881 1.612644759475244 9.375597892289289 0
3882 1.587425898782671 9.454311197234787 0
3883 3.162067565907645 1.763476052370177 0
3884 3.428007654862431 7.991512913705544 0
3885 3.533355175147372 7.930805250122495 0
3886 3.630051154169138 9.71322811563866 0
3887 1.100108455134317 4.533253348260799 0
3888 3.849582086209059 7.736455782427951 0
3889 3.962795505831362 7.672781023273087 0
3890 1.267128350191071 7.009616744415301 0
3891 1.266502914065412 6.851298933277082 0
3892 1.403714459791106 6.9246512544612 0
3893 1.82473569140412 0.7221891077919055 0
3894 1.753527195695544 0.7640859154913013 0
3895 3.112156013850349 2.469926862083449 0
3896 3.744387733222493 6.773342382542818 0
3897 0.7759679943351587 9.165062959950813 0
3898 0.8483037259602201 9.11605508069753 0
3899 1.897556394073993 0.7627101910508745 0
3900 3.874758698319807 9.905201647480261 0
3901 3.812430756604194 9.86750863828486 0
3902 2.289682121454399 4.015222016410402 0
3903 4.032846333473841 3.135447552247957 0
3904 1.074871612563935 8.122197656165735 0
3905 1.070285830646839 8.954889512764957 0
3906 2.045476369404987 0.8459546300418523 0
3907 1.970584890253201 0.8057236154650933 0
3908 4.602461804571861 1.110514248524471 0
3909 4.524504534968537 1.161463729681864 0
3910 4.166582839034001 8.894213969738033 0
3911 2.354414538433834 1.018716772172087 0
3912 2.274537625096692 0.9750301432389092 0
3913 2.44994394117339 9.295969355109094 0
3914 2.51986549944995 9.250405631697504 0
3915 2.927746020776873 0.795727831993384 0
3916 2.854253182971436 0.7602637146364747 0
3917 3.9785677377012 7.236136417238271 0
3918 4.092073091305398 7.303507765739191 0
3919 4.360077238860045 1.167105704604722 0
3920 4.277356574664429 1.120780196284715 0
3921 3.193798341239964 0.2373379400980068 0
3922 3.154203986383514 0.173519043747262 0
3923 3.448594589332763 5.890263126946564 0
3924 1.140423187024122 7.090278601852957 0
3925 3.003093444510851 0.83064952324871 0
3926 2.935259783881272 0.8805448540361254 0
3927 1.985185773155779 9.893786619993275 0
3928 2.006447583423619 9.845226312144137 0
3929 3.287913961836109 7.570099858331416 0
3930 3.145108433248969 7.638033565544321 0
3931 4.583970631110584 9.10966437685309 0
3932 4.506242879641433 9.060387501661499 0
3933 1.354676621176791 1.390594608440944 0
3934 1.267467173108496 1.333660603644192 0
3935 1.066082442314406 7.999425426537048 0
3936 1.055690088348859 7.875269197099913 0
3937 2.139459770949133 7.988273207735213 0
3938 4.008448126659014 9.889979495075101 0
3939 2.357711388184651 1.110884242373399 0
3940 1.896231446556291 9.025597720461995 0
3941 0.9590937928207857 8.06544712880218 0
3942 1.045130849211171 7.746993922195428 0
3943 1.046767249943671 7.609529159892 0
3944 0.9925969983104328 8.845387720967755 0
3945 0.9554676186855386 8.747668473697008 0
3946 0.6069589127766239 0.7465990282885889 0
3947 0.6090074854560533 0.82779411000638 0
3948 0.5480998222968629 0.7839600478777398 0
3949 3.749494497479366 0.1093797047521324 0
3950 3.998174722727611 0.1162376446563973 0
3951 4.247099604323372 8.867870711020295 0
3952 3.624999999997918 0.1080410400008664 0
3953 4.041775989931732 7.004747257277566 0
3954 4.448842900317664 1.233755197514636 0
3955 4.370066948934632 1.27806734839832 0
3956 1.491487017314416 0.1139903021645438 0
3957 2.345377819332181 1.195029515006177 0
3958 2.444360430301448 1.256871208616269 0
3959 3.446687214236916 1.470695252968517 0
3960 3.353993474690307 1.527733987639829 0
3961 1.039895081666581 7.469226117931488 0
3962 1.033185688662283 7.324905522959115 0
3963 3.78841585743575 1.23700938900961 0
3964 3.701178127785552 1.290201286097704 0
3965 3.373507151710446 0.1098252595818059 0
3966 2.423070752458321 6.543446905185828 0
3967 1.755804578204951 0.1100283333119373 0
3968 3.128145663395324 9.887952322443322 0
3969 2.017337545139297 7.480897209046895 0
3970 2.707121636779965 0.686044411603498 0
3971 2.265073658508925 1.148708802601482 0
3972 2.864582299101621 1.834221233501404 0
3973 2.999701566208552 9.891492307788827 0
3974 1.875783289289094 0.1074676975949199 0
3975 0.9223139760187899 7.545821307404012 0
3976 2.28579621818241 9.785038081823934 0
3977 2.869905295149366 0.9397077385556338 0
3978 2.4945401111958 9.892528094392075 0
3979 4.11283734830103 1.032009431342091 0
3980 4.033007036294004 1.08150896173538 0
3981 0.7247661106166325 6.403359162352098 0
3982 0.7016313905215816 6.595491900014473 0
3983 3.219860049349363 8.108350818346215 0
3984 2.121179371411839 0.1073254493454529 0
3985 4.177661203067689 7.948204914055686 0
3986 4.283120008242889 8.015577001725346 0
3987 0.9000607820078566 7.257750037993679 0
3988 1.01780466292844 7.177137295509295 0
3989 1.420858165390353 3.089180069004409 0
3990 1.522679792192251 0.2708540025740503 0
3991 3.936292222575919 9.532734147319415 0
3992 0.5639293350711621 9.229004832563524 0
3993 4.783358014776926 0.05468369195033025 0
3994 0.4313486647627455 9.319451921469224 0
3995 0.3559891766347308 9.283748906890416 0
3996 0.4223947451836601 9.239456818133551 0
3997 0.9818999606924836 6.390418435172247 0
3998 0.854262794990559 6.326788528304766 0
3999 0.9862595022835181 6.21805819070995 0
4000 1.281249999999992 9.948266228391144 0
4001 1.343749999999993 9.948266228391144 0
4002 1.535717163584754 9.94720686770656 0
4003 1.598217163584755 9.94720686770656 0
4004 3.702435450750907 1.485792311610847 0
4005 3.376916944905251 0.2597932641446935 0
4006 0.8424534812435167 9.027718787476271 0
4007 1.73900768934053 1.009389014815486 0
4008 1.827259059008722 1.061305785362125 0
4009 2.237791525838782 9.893970052802141 0
4010 4.035451380406366 1.172833999853128 0
4011 0.6998525247401713 9.133237672204237 0
4012 3.196836009452354 7.216141983951115 0
4013 1.907175601450743 1.10694416926323 0
4014 2.010493049787383 1.162627654659974 0
4015 2.778934326142803 9.648520416571362 0
4016 4.398104446825814 7.682373383389569 0
4017 4.384157781006516 7.833809483287663 0
4018 1.046188674924213 0.1740629408675326 0
4019 4.695188530755026 0.4908526604211736 0
4020 4.765240113275508 0.4737704632840665 0
4021 0.3481666214578816 0.05288921886015366 0
4022 0.2856666214579284 0.05288921886015366 0
4023 1.720620369841606 4.929993122950266 0
4024 2.380530793523762 9.264467653018407 0
4025 0.4726546225496863 8.193520638646962 0
4026 0.4286792899726459 8.068839647038297 0
4027 0.9898432061989925 8.917317466670927 0
4028 4.84585801477702 0.05468369195033025 0
4029 4.584620849689613 0.6135057547500913 0
4030 4.663820432742762 0.6417192574323174 0
4031 3.705636224495899 1.395505212338846 0
4032 3.609110780411036 5.798196449357501 0
4033 0.1927269048707262 9.328002000392335 0
4034 4.130543715733363 2.882229969299964 0
4035 4.244707144535644 2.947035580756666 0
4036 4.131053995030756 3.037688189938159 0
4037 4.770788517148899 9.939419180065997 0
4038 0.2213783525246077 0.0588131073143645 0
4039 0.1588783525246746 0.0588131073143645 0
4040 1.973496993623213 8.97946522176591 0
4041 1.902799370157191 9.353814183874345 0
4042 1.833210169215768 9.393816133034353 0
4043 3.165511153886 1.885509537553262 0
4044 0.3846975307940204 0.1061928874710947 0
4045 3.87340453874422 1.277505871399836 0
4046 2.539249660816523 8.84340805844948 0
4047 2.62298987064836 8.790683817262735 0
4048 2.111255451524141 9.379158114632597 0
4049 2.04497238330025 9.420575632739748 0
4050 3.656314993896505 0.1792681198845417 0
4051 2.968638492340997 1.891531903107561 0
4052 3.83988386035437 0.4985560405389296 0
4053 3.873565381230438 9.495346036125248 0
4054 4.409164072797823 7.958948917533974 0
4055 1.252392949308012 9.888611211936148 0
4056 1.378050817828092 9.896674363784786 0
4057 2.780716333923674 0.7229551256702362 0
4058 0.2955951090974137 2.120205766340192 0
4059 0.4278292158936129 2.173242166788056 0
4060 0.5999527063613278 7.606363491950335 0
4061 0.7157142660022454 7.677545829998536 0
4062 3.322635811199456 8.051327338020887 0
4063 1.634648209983419 9.893952772343164 0
4064 4.19389898719901 1.076227532275987 0
4065 0.7682127107109333 9.003590704343022 0
4066 0.6885689318629342 9.055546864851276 0
4067 0.6871810299241742 8.975512057200516 0
4068 1.899751125040862 0.8470891864760943 0
4069 2.025949725753251 9.947755685441418 0
4070 2.088449725753251 9.947755685441418 0
4071 1.406592431215246 0.647532061731988 0
4072 2.132665759347978 3.921062214301206 0
4073 3.630154727621229 9.642020752905857 0
4074 2.641331808048913 8.6183007807831 0
4075 0.3909679049070408 1.248036286959262 0
4076 0.3130944579152646 1.193109601875685 0
4077 4.829113532277304 0.4450416580846343 0
4078 3.153789513442895 9.769490282252761 0
4079 3.091993047107322 9.736748665099832 0
4080 2.389463936332799 6.258648444886735 0
4081 3.750582054202153 9.906175448932979 0
4082 2.843633007313434 9.947563201973486 0
4083 4.954712395833139 9.891477225509146 0
4084 4.89948872174177 9.854733268312156 0
4085 3.510340378365208 9.641616793885886 0
4086 4.68729564111629 0.5562590019780258 0
4087 4.633873463253094 0.5041770743172065 0
4088 4.685907447070111 6.295344127952535 0
4089 1.860211068200805 0.2587870162769176 0
4090 1.930333853484081 0.2165203029929521 0
4091 2.936116832602381 2.785973389572007 0
4092 1.770185467849597 9.429977645956034 0
4093 1.702737911151999 9.400677049838933 0
4094 0.9072661693151349 9.948717503222881 0
4095 0.9697661693151345 9.948717503222881 0
4096 0.1815849573182417 8.670251371053135 0
4097 4.534494245043124 1.272425373475461 0
4098 4.954633277459235 0.1086011709904832 0
4099 4.954633277459235 0.04552567159030642 0
4100 2.52694270808236 9.846214343306695 0
4101 0.04536672254063547 0.04552567159022017 0
4102 0.04536672254063547 0.1086011709904103 0
4103 4.89213327745914 0.04552567159030642 0
4104 2.478345838995456 0.04743720430600495 0
4105 4.442668332060062 0.2426400532505241 0
4106 4.383183559754562 0.2235750476542759 0
4107 0.1078667225405902 0.04552567159022017 0
4108 2.93109259833699 3.057019745602998 0
4109 4.954712395833139 9.954552724909338 0
4110 0.1036387191317389 9.852408164604752 0
4111 2.649092836158866 9.949939037104546 0
4112 1.16114096166493 0.04936259513622577 0
4113 0.3138307445284022 9.480988779917205 0
4114 4.892212395833139 9.954552724909338 0
4115 4.833288517148899 9.939419180065997 0
4116 3.849125598936895 8.571732853878043 0
4117 1.968205340532151 4.014597005406133 0
4118 0.5690849099401589 0.9708603652312815 0
4119 0.6473162072045328 1.039200238212748 0
4120 0.2710560250040908 9.852386570512721 0
4121 0.8216524977581749 7.612564111731988 0
4122 3.377680839972428 9.90509166656174 0
4123 4.576185417349855 0.5328499458249994 0
4124 4.832517510479799 0.2890219090566359 0
4125 2.250375081051435 9.438300398821502 0
4126 2.24755735430044 9.362099886419777 0
4127 1.49193280252207 8.237287084520792 0
4128 1.487465193202669 8.350302267612133 0
4129 2.054542335052179 9.562112020561694 0
4130 3.273924865594433 0.6334482305035376 0
4131 2.786375511099531 0.808314573814561 0
4132 3.8935991952706 3.991298522148275 0
4133 0.2995080278524573 8.802652754173721 0
4134 0.3777457388805275 8.750632317696207 0
4135 1.802618929729682 6.849071042338485 0
4136 3.852950195476344 6.894323862324645 0
4137 4.197843700011592 1.166865191479677 0
4138 0.2372346527448498 1.253211453637213 0
4139 4.016185977321099 8.777512256202392 0
4140 1.787675699906027 0.1645517717387014 0
4141 4.302318362184023 9.001567687788395 0
4142 4.294191744807295 9.086902149013072 0
4143 4.64704631516761 8.537494802358935 0
4144 2.115238230861815 9.228950020988343 0
4145 2.113196422158367 9.303771926087325 0
4146 1.208975788661676 5.260513794617118 0
4147 1.609405044380557 8.185356939081949 0
4148 4.375096534084642 0.09605314590293947 0
4149 4.343749999999007 0.04651429840053354 0
4150 0.1923061185385049 9.399585839417259 0
4151 4.665160211261233 1.149882531711713 0
4152 4.765966521644129 1.160617796407219 0
4153 1.984768580939732 9.525485636539397 0
4154 3.742968764586815 7.804495060980276 0
4155 4.352125100560434 2.876135227959759 0
4156 1.223640961664748 0.04936259513622577 0
4157 0.609070586504285 0.6631139827639396 0
4158 3.423535720788501 0.703428469697877 0
4159 2.267171157500113 0.04599816423180072 0
4160 3.625569828467005 9.905551474139596 0
4161 3.986335224082764 9.8399873015999 0
4162 0.4697556999040964 2.045766114790201 0
4163 2.845189024835532 0.04634294653650496 0
4164 3.996311411001341 7.118900218689332 0
4165 3.928533280300733 6.980741878031285 0
4166 2.201123947481571 1.017918202690538 0
4167 2.198254345216869 0.9283848159607438 0
4168 0.4091548871486124 9.739344615748839 0
4169 0.3837327084946832 9.80706337851773 0
4170 4.369044856617887 9.916693638298717 0
4171 4.316366628492167 9.878369437634451 0
4172 2.121506892595826 0.8865397623028821 0
4173 3.773904674202516 0.5337961546366268 0
4174 3.534224462889535 7.802812744056757 0
4175 3.633795130012235 7.86708020788435 0
4176 3.256742043930922 9.237347376391684 0
4177 0.297885371802695 8.979251291386838 0
4178 2.152769541783237 0.1534133809208007 0
4179 2.048810144410909 0.9306877431513428 0
4180 4.407543513493629 7.480764655175978 0
4181 4.291198385849905 7.458402708572632 0
4182 4.382235641620094 7.349322894004282 0
4183 4.262274365842579 9.916287778704859 0
4184 2.517588614738419 1.286018010155505 0
4185 0.718749999999994 9.955316702690606 0
4186 4.281249999998913 0.04651429840053354 0
4187 4.250800725276319 0.100668779579618 0
4188 1.793236747376878 4.122477318436169 0
4189 3.984562158625259 9.768855193645635 0
4190 1.477092715765683 0.6867381500370412 0
4191 4.61119723734782 5.455802345843976 0
4192 0.4811514371065443 1.944869538931415 0
4193 0.4963413105538737 1.818126301259523 0
4194 1.897932793304463 1.87174233062192 0
4195 1.922105514324503 1.734512848857241 0
4196 4.735638550002022 8.271859746356309 0
4197 1.787471748030502 9.560661341019308 0
4198 3.150567756547338 9.839187768810781 0
4199 0.874389774320731 0.09101039221119156 0
4200 0.934867844883948 0.1250278022395582 0
4201 0.9940197883535533 0.1434155846342801 0
4202 0.995431492112107 0.09215539134436601 0
4203 1.023213340620295 1.238832249042674 0
4204 1.029828384752187 1.140361703113213 0
4205 3.632566432176194 5.208123068758181 0
4206 3.429458335161176 0.2130560140027905 0
4207 3.405118009190598 0.1547944414997104 0
4208 4.118950072021002 2.72215338608266 0
4209 2.017892702647563 7.350065780444456 0
4210 2.125366039378453 7.433041440202165 0
4211 1.974613919873331 9.385400048754082 0
4212 0.5426164938974989 0.6175486920771124 0
4213 1.864523608590365 8.237722922909107 0
4214 2.720319867858067 0.8614248416828602 0
4215 2.651552020807936 0.9106068618454737 0
4216 0.3437499999999969 9.960943329918354 0
4217 0.366497687264757 9.912839525433437 0
4218 4.561463536722257 8.251257412581349 0
4219 0.719656252998881 1.092762997600212 0
4220 0.7989711315097756 1.150474264067005 0
4221 1.340773524871563 0.04009660475758647 0
4222 0.3765115966127907 9.862680676395144 0
4223 0.322513909348031 9.871727810798415 0
4224 3.115750758466881 0.1374089035476419 0
4225 3.061901480756255 0.1128981540347752 0
4226 3.116349277707688 0.09185233501047531 0
4227 3.003344509024536 0.0902976503360709 0
4228 0.6201763658172676 9.894527145130819 0
4229 0.6562499999999944 9.955316702690606 0
4230 1.293719039495333 9.8374866981925 0
4231 1.579427475252996 8.402143050157463 0
4232 4.344768585095262 9.964241298742252 0
4233 2.203149256350907 1.095373226539196 0
4234 3.593749999999996 9.960143193905653 0
4235 3.531249999999996 9.960143193905653 0
4236 3.78709165547689 1.421943369836366 0
4237 3.879502914300141 1.367711653592002 0
4238 3.876302140555149 1.457998752864003 0
4239 3.843762225735144 9.960767168699036 0
4240 3.781262225735144 9.960767168699036 0
4241 3.344758419960435 9.959796154214416 0
4242 3.282258419960435 9.959796154214416 0
4243 4.356911570340148 8.770172656078014 0
4244 4.26411620513494 8.696230940926327 0
4245 4.649668899719656 8.323035949406162 0
4246 0.719804837894172 0.03731365268602314 0
4247 4.170241287977412 7.395535440471852 0
4248 0.9056397743206399 0.03688380447482202 0
4249 0.9681397743204576 0.03688380447482202 0
4250 4.680407564945192 9.384524293497183 0
4251 0.2349293646301975 8.749027215952875 0
4252 3.09374999999711 0.0336707927488043 0
4253 3.031249999997014 0.0336707927488043 0
4254 3.281095362681581 0.7906501320616798 0
4255 3.209184187060213 0.833726564128688 0
4256 3.645144126783329 9.291010383801455 0
4257 3.6313372178517 9.571386352538195 0
4258 3.631302410231087 9.498503563503743 0
4259 3.065448979080178 1.938571354845279 0
4260 0.6573048378943436 0.03731365268602314 0
4261 0.6346181655481531 0.08558191314401564 0
4262 3.785772760945185 5.308545005629941 0
4263 1.824265463522276 1.670979898017601 0
4264 2.661150809803869 1.002371574968231 0
4265 2.73069278836024 1.046637917786573 0
4266 2.664042524499743 1.097165794237406 0
4267 2.625329957617129 8.710528353612489 0
4268 2.715811948640494 8.746530383304753 0
4269 3.5706418067288 9.606521981307075 0
4270 0.1575315547680937 9.090065964172439 0
4271 2.511243733444877 1.18635175631733 0
4272 3.354083548286409 0.7483906278652448 0
4273 3.511522868595678 9.570982393518225 0
4274 3.064699904914741 0.7720733170509083 0
4275 3.072213668019139 0.8568903390936498 0
4276 0.9834795730231757 6.559916833831091 0
4277 3.811077968872751 9.474832347153315 0
4278 4.282268585095262 9.964241298742252 0
4279 4.435984305899275 9.187917634175559 0
4280 2.306205383237741 1.566090061436026 0
4281 2.218093234280399 1.504388680159219 0
4282 4.831667242415956 0.3696032390029619 0
4283 0.3079170154493732 9.402693426694455 0
4284 0.7751994032717778 8.839982757808034 0
4285 0.6909247822588901 8.900971812849043 0
4286 2.18994911713405 9.181793083799011 0
4287 2.793856716905829 0.8987334306490986 0
4288 2.217872913140895 8.855640496863971 0
4289 2.296216378889235 8.811653271072952 0
4290 3.960319380446998 1.494938518063771 0
4291 4.05551358980972 1.442884293252679 0
4292 3.218613629528125 0.9062368625630646 0
4293 4.219159413497304 5.62354044055434 0
4294 4.363403094437105 5.72037641204723 0
4295 4.182609114639117 8.634143373208385 0
4296 2.803849651907902 0.9928180064239329 0
4297 4.438271087693402 9.102129184973487 0
4298 4.435690684316757 9.010750574759294 0
4299 0.6112810034108909 8.952927973357298 0
4300 0.5295834779262387 8.997308800292874 0
4301 3.748876436184173 9.437820376905723 0
4302 0.7296865354211881 0.9219329404126284 0
4303 0.6620326822816809 0.8719457220802938 0
4304 0.6188208439534122 9.105159025061731 0
4305 3.716660580935922 0.1591492721129596 0
4306 1.582422040509583 9.788993149268052 0
4307 1.619105158261164 0.7514576485386533 0
4308 1.548909323396808 0.7098868776797276 0
4309 0.2513117210171514 9.370059004137895 0
4310 3.737421424823165 7.137431766951028 0
4311 3.865325028070201 7.212131037991989 0
4312 4.322777655245543 0.1908812618087846 0
4313 2.140263300748746 6.339926393371229 0
4314 3.029859270491031 9.834064624296362 0
4315 1.977084286750062 9.457207102928926 0
4316 0.34293222503816 0.2087647025256514 0
4317 1.90366461632909 0.1529501422912605 0
4318 2.644004485918424 0.1765300751781582 0
4319 2.576358762596278 0.1645963166672377 0
4320 0.8474069087546641 6.65870514850095 0
4321 3.347094652167856 0.6671991105944639 0
4322 4.654785362132997 0.9702601446639233 0
4323 3.515279849150926 9.497232681166928 0
4324 3.521315639094714 9.283628748902574 0
4325 4.365165739490006 2.7118141942209 0
4326 4.293912451966996 0.1499146862410316 0
4327 2.812750505554567 3.108837016872558 0
4328 0.6112394784453445 7.459901342770138 0
4329 0.8521939659158015 8.79218109523811 0
4330 0.3663965746701472 8.650221471099352 0
4331 0.2578319439474449 8.630457378420697 0
4332 1.278273524871746 0.04009660475758647 0
4333 1.251914486538809 0.08945919989381224 0
4334 4.238824912239618 2.638296711106937 0
4335 1.681215076695313 8.253529226392025 0
4336 0.2280358123302752 9.030233199477399 0
4337 4.214236333517198 1.432264334092323 0
4338 4.3654321105746 9.138280707273353 0
4339 0.8020265812155364 0.9754956998000929 0
4340 0.7285388344218957 1.007021113130823 0
4341 4.087178955107174 8.565255197946039 0
4342 3.541983226501532 7.686424850645363 0
4343 3.521055991906763 7.550002072905391 0
4344 4.901805398780389 0.1430620873173208 0
4345 0.8147803294810845 7.472261069771475 0
4346 1.67639284439756 8.346224825505178 0
4347 3.390383924891839 7.531214272253547 0
4348 3.346832072192937 7.672647585549983 0
4349 0.09484686777956053 0.1434733099096624 0
4350 4.781365501423275 0.9687444903355309 0
4351 3.962615023822479 1.313561254427472 0
4352 4.784046275429374 1.058747220265103 0
4353 2.181949857258989 9.334161462155018 0
4354 2.256149128116781 9.142413283567528 0
4355 2.415627613806246 6.372761212530595 0
4356 2.519729469008126 0.1609173378631865 0
4357 3.083075021208539 9.844091780253425 0
4358 2.249498324934666 9.286713697874506 0
4359 2.250090838875948 9.219395473378263 0
4360 2.315698335917397 9.247333897643024 0
4361 2.224643817024968 7.3648548376364 0
4362 0.3576181734301012 0.1515680142884541 0
4363 0.4848432676627845 9.197613583781248 0
4364 1.843701121956972 9.458193031864941 0
4365 1.914410117512813 9.490310052553731 0
4366 4.507081362222534 5.612670595999099 0
4367 1.899315945893615 0.9307005831140526 0
4368 1.826287449714406 0.8876871586998337 0
4369 3.807485616545954 7.008476823736411 0
4370 0.8666004177768188 1.289761755742353 0
4371 0.3083378017815945 9.33110958766953 0
4372 4.514731079021955 7.47015171698675 0
4373 4.423693823251766 7.5792315315551 0
4374 0.9425177084401979 1.256845477213107 0
4375 0.2610421156560571 9.902545419551016 0
4376 0.2812499999999978 9.960943329918354 0
4377 1.681831227748473 0.8001376153362236 0
4378 2.468374900223642 0.1524790704324896 0
4379 2.508046246779192 0.1033126760427068 0
4380 4.204090331606096 1.257950112080458 0
4381 4.283730087135185 1.296972486893666 0
4382 4.206519131264267 1.343504743485718 0
4383 1.979232488335637 0.9763389670151581 0
4384 1.905768813009181 1.016936939238898 0
4385 4.015195652114649 8.689081429766713 0
4386 3.930516101518784 8.632852541989555 0
4387 4.009587645059918 8.60469428132204 0
4388 4.300671150130972 8.926570516670767 0
4389 4.366071680315676 8.977495086953653 0
4390 3.458043460634417 9.38704449232986 0
4391 2.266717473843097 9.845805502972638 0
4392 1.755026660914582 0.8401274619067978 0
4393 2.224088659516702 7.495686266238838 0
4394 1.607095484177154 9.848414127821727 0
4395 1.754591481767335 0.923738858544756 0
4396 2.289135423277195 8.721806613703514 0
4397 0.8677414598069699 2.673953363693406 0
4398 0.7531727752201871 2.584057810209102 0
4399 0.6168861134977842 7.331874105811169 0
4400 0.719765486272909 7.410976637140483 0
4401 4.717483768822368 1.009628427851166 0
4402 2.055263011526476 1.016924099276188 0
4403 4.657466136139096 1.060262874593496 0
4404 1.851385416146642 9.526471565475411 0
4405 0.9641706071981058 6.029783474164666 0
4406 0.820426964533524 7.344233832812506 0
4407 0.6509113525477551 7.179934981822367 0
4408 2.58948623191261 1.134199004637815 0
4409 0.8759497133709608 1.029172686330678 0
4410 1.769395146653072 8.30369018106164 0
4411 0.8137470675900291 2.814466071658311 0
4412 3.44154327163667 7.750149892883508 0
4413 0.9499592553278715 1.086146799350149 0
4414 0.8748884221731547 1.117557985537758 0
4415 0.8050459387996811 7.196465605362688 0
4416 0.2845804677463997 1.989950021550485 0
4417 0.5510183694222718 9.151458583632412 0
4418 1.815557026946024 0.210034216435042 0
4419 2.057288320395812 1.094379123124846 0
4420 0.8410655793047568 8.947683979825509 0
4421 0.8729806734666863 1.207448377086476 0
4422 0.3832163877739095 1.951963819173077 0
4423 4.134596577988109 1.393241959279115 0
4424 3.574463714366348 9.465102732919089 0
4425 3.633941827638164 9.427718715483419 0
4426 4.147009762276122 3.200253163704659 0
4427 4.120632744140676 1.21339744807173 0
4428 0.8438193714161971 8.875754234122338 0
4429 0.9180601419487805 8.899882317255585 0
4430 4.041698012000868 1.263918920453908 0
4431 1.342136533369537 9.853192541227136 0
4432 1.843495720543176 0.151739309963913 0
4433 4.310852922455027 8.843798110185553 0
4434 2.126865976471084 1.048727899261031 0
4435 3.14324957089094 0.8708244313302247 0
4436 4.86299129223635 0.1002093635406367 0
4437 2.284394930746624 6.35092070219952 0
4438 0.1417450750653554 0.1043387789045847 0
4439 4.850500912982039 9.893971904975334 0
4440 4.341365203277505 0.1339951723688201 0
4441 3.517919266558003 9.426447833146604 0
4442 3.052281363643045 9.785300070663819 0
4443 0.6031735918019199 0.9093067416694445 0
4444 3.697894509403193 9.395697009565556 0
4445 3.641055813538455 9.362296178980902 0
4446 3.51722732584984 9.354914544082021 0
4447 3.5811914450183 9.323032089719316 0
4448 0.5397347765450347 9.073767776279453 0
4449 4.047796387556789 1.354124702646074 0
$EndNodes
$Elements
2264
1 8 2 1 1 1 7 46
2 8 2 1 1 7 8 47
3 8 2 1 1 8 9 48
4 8 2 1 1 9 10 49
5 8 2 1 1 10 11 50
6 8 2 1 1 11 12 51
7 8 2 1 1 12 13 52
8 8 2 1 1 13 14 53
9 8 2 1 1 14 15 54
10 8 2 1 1 15 16 55
11 8 2 1 1 16 17 56
12 8 2 1 1 17 18 57
13 8 2 1 1 18 19 58
14 8 2 1 1 19 20 59
15 8 2 1 1 20 21 60
16 8 2 1 1 21 22 61
17 8 2 1 1 22 23 62
18 8 2 1 1 23 24 63
19 8 2 1 1 24 25 64
20 8 2 1 1 25 26 65
21 8 2 1 1 26 27 66
22 8 2 1 1 27 28 67
23 8 2 1 1 28 29 68
24 8 2 1 1 29 30 69
25 8 2 1 1 30 31 70
26 8 2 1 1 31 32 71
27 8 2 1 1 32 33 72
28 8 2 1 1 33 34 73
29 8 2 1 1 34 35 74
30 8 2 1 1 35 36 75
31 8 2 1 1 36 37 76
32 8 2 1 1 37 38 77
33 8 2 1 1 38 39 78
34 8 2 1 1 39 40 79
35 8 2 1 1 40 41 80
36 8 2 1 1 41 42 81
37 8 2 1 1 42 43 82
38 8 2 1 1 43 44 83
39 8 2 1 1 44 45 84
40 8 2 1 1 45 2 85
41 8 2 2 4 4 160 199
42 8 2 2 4 160 161 200
43 8 2 2 4 161 162 201
44 8 2 2 4 162 163 202
45 8 2 2 4 163 164 203
46 8 2 2 4 164 165 204
47 8 2 2 4 165 166 205
48 8 2 2 4 166 167 206
49 8 2 2 4 167 168 207
50 8 2 2 4 168 169 208
51 8 2 2 4 169 170 209
52 8 2 2 4 170 171 210
53 8 2 2 4 171 172 211
54 8 2 2 4 172 173 212
55 8 2 2 4 173 174 213
56 8 2 2 4 174 175 214
57 8 2 2 4 175 176 215
58 8 2 2 4 176 177 216
59 8 2 2 4 177 178 217
60 8 2 2 4 178 179 218
61 8 2 2 4 179 180 219
62 8 2 2 4 180 181 220
63 8 2 2 4 181 182 221
64 8 2 2 4 182 183 222
65 8 2 2 4 183 184 223
66 8 2 2 4 184 185 224
67 8 2 2 4 185 186 225
68 8 2 2 4 186 187 226
69 8 2 2 4 187 188 227
70 8 2 2 4 188 189 228
71 8 2 2 4 189 190 229
72 8 2 2 4 190 191 230
73 8 2 2 4 191 192 231
74 8 2 2 4 192 193 232
75 8 2 2 4 193 194 233
76 8 2 2 4 194 195 234
77 8 2 2 4 195 196 235
78 8 2 2 4 196 197 236
79 8 2 2 4 197 198 237
80 8 2 2 4 198 5 238
81 8 2 3 5 5 239 257
82 8 2 3 5 239 240 258
83 8 2 3 5 240 241 259
84 8 2 3 5 241 242 260
85 8 2 3 5 242 243 261
86 8 2 3 5 243 244 262
87 8 2 3 5 244 245 263
88 8 2 3 5 245 246 264
89 8 2 3 5 246 247 265
90 8 2 3 5 247 248 266
91 8 2 3 5 248 249 267
92 8 2 3 5 249 250 268
93 8 2 3 5 250 251 269
94 8 2 3 5 251 252 270
95 8 2 3 5 252 253 271
96 8 2 3 5 253 254 272
97 8 2 3 5 254 255 273
98 8 2 3 5 255 256 274
99 8 2 3 5 256 6 275
100 8 2 3 6 6 276 294
101 8 2 3 6 276 277 295
102 8 2 3 6 277 278 296
103 8 2 3 6 278 279 297
104 8 2 3 6 279 280 298
105 8 2 3 6 280 281 299
106 8 2 3 6 281 282 300
107 8 2 3 6 282 283 301
108 8 2 3 6 283 284 302
109 8 2 3 6 284 285 303
110 8 2 3 6 285 286 304
111 8 2 3 6 286 287 305
112 8 2 3 6 287 288 306
113 8 2 3 6 288 289 307
114 8 2 3 6 289 290 308
115 8 2 3 6 290 291 309
116 8 2 3 6 291 292 310
117 8 2 3 6 292 293 311
118 8 2 3 6 293 1 312
119 9 2 4 1 902 329 986 1309 1310 1311
120 9 2 4 1 873 336 1183 1312 1313 1314
121 9 2 4 1 444 772 1152 1315 1316 1317
122 9 2 4 1 359 854 1055 1318 1319 1320
123 9 2 4 1 760 700 820 1321 1322 1323
124 9 2 4 1 369 815 1044 1324 1325 1326
125 9 2 4 1 862 847 963 1327 1328 1329
126 9 2 4 1 859 316 1106 1330 1331 1332
127 9 2 4 1 336 873 874 1312 1333 1334
128 9 2 4 1 850 847 862 1335 1327 1336
129 9 2 4 1 795 480 807 1337 1338 1339
130 9 2 4 1 324 871 1213 1340 1341 1342
131 9 2 4 1 874 853 1008 1343 1344 1345
132 9 2 4 1 369 1119 1149 1346 1347 1348
133 9 2 4 1 801 338 1101 1349 1350 1351
134 9 2 4 1 1135 370 1274 1352 1353 1354
135 9 2 4 1 871 324 949 1340 1355 1356
136 9 2 4 1 784 928 930 1357 1358 1359
137 9 2 4 1 362 837 841 1360 1361 1362
138 9 2 4 1 1047 994 1092 1363 1364 1365
139 9 2 4 1 910 911 1036 1366 1367 1368
140 9 2 4 1 913 1062 1150 1369 1370 1371
141 9 2 4 1 1011 792 1156 1372 1373 1374
142 9 2 4 1 853 874 875 1343 1375 1376
143 9 2 4 1 124 1129 1167 1377 1378 1379
144 9 2 4 1 1052 745 1054 1380 1381 1382
145 9 2 4 1 400 785 1012 1383 1384 1385
146 9 2 4 1 936 1135 1274 1386 1354 1387
147 9 2 4 1 1129 776 1167 1388 1389 1378
148 9 2 4 1 700 697 820 1390 1391 1322
149 9 2 4 1 656 807 808 1392 1393 1394
150 9 2 4 1 823 923 1185 1395 1396 1397
151 9 2 4 1 920 801 1101 1398 1351 1399
152 9 2 4 1 316 859 1264 1330 1400 1401
153 9 2 4 1 277 278 822 296 1402 1403
154 9 2 4 1 391 389 886 1404 1405 1406
155 9 2 4 1 245 1141 1159 1407 1408 1409
156 9 2 4 1 27 28 1038 67 1410 1411
157 9 2 4 1 772 444 1072 1315 1412 1413
158 9 2 4 1 784 842 928 1414 1415 1357
159 9 2 4 1 788 357 1006 1416 1417 1418
160 9 2 4 1 831 823 1185 1419 1397 1420
161 9 2 4 1 1044 815 1162 1325 1421 1422
162 9 2 4 1 787 325 981 1423 1424 1425
163 9 2 4 1 883 1139 1172 1426 1427 1428
164 9 2 4 1 885 335 1025 1429 1430 1431
165 9 2 4 1 799 371 1219 1432 1433 1434
166 9 2 4 1 814 729 988 1435 1436 1437
167 9 2 4 1 680 797 1164 1438 1439 1440
168 9 2 4 1 794 498 998 1441 1442 1443
169 9 2 4 1 663 632 869 1444 1445 1446
170 9 2 4 1 910 1036 1165 1368 1447 1448
171 9 2 4 1 1141 828 1159 1449 1450 1408
172 9 2 4 1 837 721 841 1451 1452 1361
173 9 2 4 1 344 1039 1123 1453 1454 1455
174 9 2 4 1 785 400 1233 1383 1456 1457
175 9 2 4 1 866 885 1025 1458 1431 1459
176 9 2 4 1 792 740 1156 1460 1461 1373
177 9 2 4 1 853 852 854 1462 1463 1464
178 9 2 4 1 465 463 984 1465 1466 1467
179 9 2 4 1 1039 881 1123 1468 1469 1454
180 9 2 4 1 846 849 852 1470 1471 1472
181 9 2 4 1 815 369 1149 1324 1348 1473
182 9 2 4 1 481 477 884 1474 1475 1476
183 9 2 4 1 919 801 920 1477 1398 1478
184 9 2 4 1 745 1052 1122 1380 1479 1480
185 9 2 4 1 371 799 1151 1432 1481 1482
186 9 2 4 1 648 650 996 1483 1484 1485
187 9 2 4 1 339 771 1108 1486 1487 1488
188 9 2 4 1 480 795 1087 1337 1489 1490
189 9 2 4 1 427 391 886 1491 1406 1492
190 9 2 4 1 731 1047 1092 1493 1365 1494
191 9 2 4 1 278 334 822 1495 1496 1402
192 9 2 4 1 970 741 1097 1497 1498 1499
193 9 2 4 1 1062 418 1150 1500 1501 1370
194 9 2 4 1 853 854 1186 1464 1502 1503
195 9 2 4 1 706 817 818 1504 1505 1506
196 9 2 4 1 423 924 1085 1507 1508 1509
197 9 2 4 1 852 849 854 1471 1510 1463
198 9 2 4 1 329 902 1126 1309 1511 1512
199 9 2 4 1 771 339 1269 1486 1513 1514
200 9 2 4 1 884 883 1172 1515 1428 1516
201 9 2 4 1 936 935 1135 1517 1518 1386
202 9 2 4 1 773 481 1192 1519 1520 1521
203 9 2 4 1 797 718 1027 1522 1523 1524
204 9 2 4 1 717 1081 1271 1525 1526 1527
205 9 2 4 1 815 1149 1220 1473 1528 1529
206 9 2 4 1 940 741 1184 1530 1531 1532
207 9 2 4 1 924 879 1085 1533 1534 1508
208 9 2 4 1 481 773 1140 1519 1535 1536
209 9 2 4 1 1144 954 1177 1537 1538 1539
210 9 2 4 1 632 561 869 1540 1541 1445
211 9 2 4 1 807 480 808 1338 1542 1393
212 9 2 4 1 1086 976 1140 1543 1544 1545
213 9 2 4 1 842 332 928 1546 1547 1415
214 9 2 4 1 517 551 1034 1548 1549 1550
215 9 2 4 1 135 136 950 154 1551 1552
216 9 2 4 1 389 834 886 1553 1554 1405
217 9 2 4 1 854 855 1055 1555 1556 1319
218 9 2 4 1 1019 1061 1199 1557 1558 1559
219 9 2 4 1 917 1017 1188 1560 1561 1562
220 9 2 4 1 942 940 1184 1563 1532 1564
221 9 2 4 1 677 581 875 1565 1566 1567
222 9 2 4 1 939 660 1305 1568 1569 1570
223 9 2 4 1 777 1045 1123 1571 1572 1573
224 9 2 4 1 452 454 953 1574 1575 1576
225 9 2 4 1 865 434 1191 1577 1578 1579
226 9 2 4 1 854 359 1186 1318 1580 1502
227 9 2 4 1 798 498 1148 1581 1582 1583
228 9 2 4 1 197 198 1040 237 1584 1585
229 9 2 4 1 813 416 876 1586 1587 1588
230 9 2 4 1 325 787 1127 1423 1589 1590
231 9 2 4 1 280 281 932 299 1591 1592
232 9 2 4 1 434 1161 1191 1593 1594 1578
233 9 2 4 1 784 930 1298 1359 1595 1596
234 9 2 4 1 651 801 919 1597 1477 1598
235 9 2 4 1 660 939 941 1568 1599 1600
236 9 2 4 1 913 914 1082 1601 1602 1603
237 9 2 4 1 836 721 837 1604 1451 1605
238 9 2 4 1 832 645 1073 1606 1607 1608
239 9 2 4 1 753 980 1095 1609 1610 1611
240 9 2 4 1 330 796 992 1612 1613 1614
241 9 2 4 1 425 434 865 1615 1577 1616
242 9 2 4 1 823 334 922 1617 1618 1619
243 9 2 4 1 802 564 1080 1620 1621 1622
244 9 2 4 1 553 642 946 1623 1624 1625
245 9 2 4 1 741 970 1184 1497 1626 1531
246 9 2 4 1 662 723 917 1627 1628 1629
247 9 2 4 1 916 917 1188 1630 1562 1631
248 9 2 4 1 477 475 884 1632 1633 1475
249 9 2 4 1 375 277 822 1634 1403 1635
250 9 2 4 1 505 465 984 1636 1467 1637
251 9 2 4 1 755 843 1009 1638 1639 1640
252 9 2 4 1 463 829 984 1641 1642 1466
253 9 2 4 1 1019 314 1061 1643 1644 1557
254 9 2 4 1 663 869 870 1446 1645 1646
255 9 2 4 1 773 1086 1140 1647 1545 1535
256 9 2 4 1 823 922 923 1619 1648 1395
257 9 2 4 1 988 729 1218 1436 1649 1650
258 9 2 4 1 656 808 1034 1394 1651 1652
259 9 2 4 1 713 813 876 1653 1588 1654
260 9 2 4 1 1045 777 1274 1571 1655 1656
261 9 2 4 1 1081 790 1271 1657 1658 1526
262 9 2 4 1 797 1027 1164 1524 1659 1439
263 9 2 4 1 914 436 1082 1660 1661 1602
264 9 2 4 1 763 996 997 1662 1663 1664
265 9 2 4 1 948 630 1147 1665 1666 1667
266 9 2 4 1 136 345 950 1668 1669 1551
267 9 2 4 1 281 320 932 1670 1671 1591
268 9 2 4 1 357 788 1092 1416 1672 1673
269 9 2 4 1 754 815 1220 1674 1529 1675
270 9 2 4 1 382 1144 1177 1676 1539 1677
271 9 2 4 1 874 677 875 1678 1567 1375
272 9 2 4 1 807 656 1074 1392 1679 1680
273 9 2 4 1 361 1017 1059 1681 1682 1683
274 9 2 4 1 706 816 817 1684 1685 1504
275 9 2 4 1 340 630 948 1686 1665 1687
276 9 2 4 1 880 516 957 1688 1689 1690
277 9 2 4 1 690 709 816 1691 1692 1693
278 9 2 4 1 1147 630 1182 1666 1694 1695
279 9 2 4 1 763 648 996 1696 1485 1662
280 9 2 4 1 313 27 1038 1697 1411 1698
281 9 2 4 1 498 794 1148 1441 1699 1582
282 9 2 4 1 615 576 959 1700 1701 1702
283 9 2 4 1 1064 778 1202 1703 1704 1705
284 9 2 4 1 804 520 996 1706 1707 1708
285 9 2 4 1 520 804 953 1706 1709 1710
286 9 2 4 1 684 662 917 1711 1629 1712
287 9 2 4 1 701 721 836 1713 1604 1714
288 9 2 4 1 923 932 933 1715 1716 1717
289 9 2 4 1 759 983 1068 1718 1719 1720
290 9 2 4 1 980 657 1095 1721 1722 1610
291 9 2 4 1 816 709 817 1692 1723 1685
292 9 2 4 1 870 869 1217 1645 1724 1725
293 9 2 4 1 500 517 1034 1726 1550 1727
294 9 2 4 1 869 868 1217 1728 1729 1724
295 9 2 4 1 1040 198 1238 1584 1730 1731
296 9 2 4 1 367 965 1272 1732 1733 1734
297 9 2 4 1 645 483 1073 1735 1736 1607
298 9 2 4 1 845 846 852 1737 1472 1738
299 9 2 4 1 944 739 1070 1739 1740 1741
300 9 2 4 1 877 323 1243 1742 1743 1744
301 9 2 4 1 498 798 1227 1581 1745 1746
302 9 2 4 1 435 443 960 1747 1748 1749
303 9 2 4 1 760 820 1195 1323 1750 1751
304 9 2 4 1 1190 177 1214 1752 1753 1754
305 9 2 4 1 431 839 840 1755 1756 1757
306 9 2 4 1 463 460 829 1758 1759 1641
307 9 2 4 1 565 447 955 1760 1761 1762
308 9 2 4 1 418 911 1150 1763 1764 1501
309 9 2 4 1 627 812 954 1765 1766 1767
310 9 2 4 1 717 1037 1081 1768 1769 1525
311 9 2 4 1 880 957 1078 1690 1770 1771
312 9 2 4 1 813 713 1267 1653 1772 1773
313 9 2 4 1 860 965 1264 1774 1775 1776
314 9 2 4 1 797 680 1142 1438 1777 1778
315 9 2 4 1 912 896 913 1779 1780 1781
316 9 2 4 1 337 809 1091 1782 1783 1784
317 9 2 4 1 552 381 830 1785 1786 1787
318 9 2 4 1 353 1126 1212 1788 1789 1790
319 9 2 4 1 739 944 1147 1739 1791 1792
320 9 2 4 1 893 896 912 1793 1779 1794
321 9 2 4 1 860 964 965 1795 1796 1774
322 9 2 4 1 389 386 834 1797 1798 1553
323 9 2 4 1 1126 902 1212 1511 1799 1789
324 9 2 4 1 351 972 982 1800 1801 1802
325 9 2 4 1 431 421 839 1803 1804 1755
326 9 2 4 1 593 845 852 1805 1738 1806
327 9 2 4 1 855 849 863 1807 1808 1809
328 9 2 4 1 443 631 960 1810 1811 1748
329 9 2 4 1 984 680 1164 1812 1440 1813
330 9 2 4 1 652 565 955 1814 1762 1815
331 9 2 4 1 642 792 946 1816 1817 1624
332 9 2 4 1 537 510 963 1818 1819 1820
333 9 2 4 1 697 706 820 1821 1822 1391
334 9 2 4 1 956 764 1279 1823 1824 1825
335 9 2 4 1 761 665 924 1826 1827 1828
336 9 2 4 1 564 802 1041 1620 1829 1830
337 9 2 4 1 779 615 959 1831 1702 1832
338 9 2 4 1 454 520 953 1833 1710 1575
339 9 2 4 1 940 939 1305 1834 1570 1835
340 9 2 4 1 755 626 843 1836 1837 1638
341 9 2 4 1 593 539 845 1838 1839 1805
342 9 2 4 1 1068 983 1104 1719 1840 1841
343 9 2 4 1 867 672 868 1842 1843 1844
344 9 2 4 1 532 1158 1256 1845 1846 1847
345 9 2 4 1 496 508 956 1848 1849 1850
346 9 2 4 1 962 675 1071 1851 1852 1853
347 9 2 4 1 627 452 953 1854 1576 1855
348 9 2 4 1 427 910 1165 1856 1448 1857
349 9 2 4 1 525 515 961 1858 1859 1860
350 9 2 4 1 866 791 885 1861 1862 1458
351 9 2 4 1 674 791 866 1863 1861 1864
352 9 2 4 1 994 357 1092 1865 1673 1364
353 9 2 4 1 348 791 1277 1866 1867 1868
354 9 2 4 1 1004 358 1093 1869 1870 1871
355 9 2 4 1 581 562 875 1872 1873 1566
356 9 2 4 1 927 135 950 1874 1552 1875
357 9 2 4 1 817 819 1042 1876 1877 1878
358 9 2 4 1 664 878 879 1879 1880 1881
359 9 2 4 1 650 804 996 1882 1708 1484
360 9 2 4 1 922 280 932 1883 1592 1884
361 9 2 4 1 1059 1017 1196 1682 1885 1886
362 9 2 4 1 598 821 962 1887 1888 1889
363 9 2 4 1 897 900 914 1890 1891 1892
364 9 2 4 1 603 671 1049 1893 1894 1895
365 9 2 4 1 763 997 1275 1664 1896 1897
366 9 2 4 1 572 672 867 1898 1842 1899
367 9 2 4 1 847 537 963 1900 1820 1328
368 9 2 4 1 812 627 953 1765 1855 1901
369 9 2 4 1 508 764 956 1902 1823 1849
370 9 2 4 1 780 785 1237 1903 1904 1905
371 9 2 4 1 925 317 1057 1906 1907 1908
372 9 2 4 1 1181 947 1182 1909 1910 1911
373 9 2 4 1 640 525 961 1912 1860 1913
374 9 2 4 1 664 622 878 1914 1915 1879
375 9 2 4 1 591 651 919 1916 1598 1917
376 9 2 4 1 906 1030 1048 1918 1919 1920
377 9 2 4 1 859 368 1278 1921 1922 1923
378 9 2 4 1 943 944 945 1924 1925 1926
379 9 2 4 1 1121 789 1255 1927 1928 1929
380 9 2 4 1 526 553 946 1930 1625 1931
381 9 2 4 1 663 871 949 1932 1356 1933
382 9 2 4 1 882 645 883 1934 1935 1936
383 9 2 4 1 630 1181 1182 1937 1911 1694
384 9 2 4 1 328 101 942 1938 1939 1940
385 9 2 4 1 771 658 881 1941 1942 1943
386 9 2 4 1 518 962 1071 1944 1853 1945
387 9 2 4 1 419 425 865 1946 1616 1947
388 9 2 4 1 668 952 1063 1948 1949 1950
389 9 2 4 1 796 330 1163 1612 1951 1952
390 9 2 4 1 336 874 1008 1334 1345 1953
391 9 2 4 1 872 1107 1290 1954 1955 1956
392 9 2 4 1 473 645 882 1957 1934 1958
393 9 2 4 1 1005 751 1114 1959 1960 1961
394 9 2 4 1 934 894 1145 1962 1963 1964
395 9 2 4 1 785 1233 1237 1457 1965 1904
396 9 2 4 1 456 458 997 1966 1967 1968
397 9 2 4 1 413 780 1237 1969 1905 1970
398 9 2 4 1 863 877 1243 1971 1744 1972
399 9 2 4 1 982 972 983 1801 1973 1974
400 9 2 4 1 961 956 1279 1975 1825 1976
401 9 2 4 1 837 362 1029 1360 1977 1978
402 9 2 4 1 509 862 963 1979 1329 1980
403 9 2 4 1 349 103 938 1981 1982 1983
404 9 2 4 1 915 687 916 1984 1985 1986
405 9 2 4 1 1105 331 1218 1987 1988 1989
406 9 2 4 1 799 345 1151 1990 1991 1481
407 9 2 4 1 864 419 865 1992 1947 1993
408 9 2 4 1 549 516 880 1994 1688 1995
409 9 2 4 1 1050 1049 1296 1996 1997 1998
410 9 2 4 1 791 348 1099 1866 1999 2000
411 9 2 4 1 338 801 1122 1349 2001 2002
412 9 2 4 1 908 892 909 2003 2004 2005
413 9 2 4 1 717 712 926 2006 2007 2008
414 9 2 4 1 512 532 1256 2009 1847 2010
415 9 2 4 1 692 690 816 2011 1693 2012
416 9 2 4 1 703 701 836 2013 1714 2014
417 9 2 4 1 906 1048 1306 1920 2015 2016
418 9 2 4 1 657 980 1023 1721 2017 2018
419 9 2 4 1 716 838 1152 2019 2020 2021
420 9 2 4 1 800 356 1174 2022 2023 2024
421 9 2 4 1 733 968 1166 2025 2026 2027
422 9 2 4 1 333 254 943 2028 2029 2030
423 9 2 4 1 1000 568 1270 2031 2032 2033
424 9 2 4 1 854 849 855 1510 1807 1555
425 9 2 4 1 101 102 942 120 2034 1939
426 9 2 4 1 1038 28 1168 1410 2035 2036
427 9 2 4 1 436 914 1276 1660 2037 2038
428 9 2 4 1 460 459 829 2039 2040 1759
429 9 2 4 1 356 800 1266 2022 2041 2042
430 9 2 4 1 910 427 1248 1856 2043 2044
431 9 2 4 1 872 873 1107 2045 2046 1954
432 9 2 4 1 888 831 1185 2047 1420 2048
433 9 2 4 1 974 973 975 2049 2050 2051
434 9 2 4 1 941 1091 1146 2052 2053 2054
435 9 2 4 1 353 284 1126 2055 2056 1788
436 9 2 4 1 870 360 1138 2057 2058 2059
437 9 2 4 1 349 938 939 1983 2060 2061
438 9 2 4 1 955 444 1132 2062 2063 2064
439 9 2 4 1 892 893 912 2065 1794 2066
440 9 2 4 1 872 677 873 2067 2068 2045
441 9 2 4 1 965 367 1131 1732 2069 2070
442 9 2 4 1 576 448 959 2071 2072 1701
443 9 2 4 1 458 461 997 2073 2074 1967
444 9 2 4 1 568 1000 1160 2031 2075 2076
445 9 2 4 1 561 867 869 2077 2078 1541
446 9 2 4 1 911 418 1215 1763 2079 2080
447 9 2 4 1 934 320 985 2081 2082 2083
448 9 2 4 1 912 913 1150 1781 1371 2084
449 9 2 4 1 923 933 1225 1717 2085 2086
450 9 2 4 1 368 859 1106 1921 1332 2087
451 9 2 4 1 434 960 1134 2088 2089 2090
452 9 2 4 1 552 830 1232 1787 2091 2092
453 9 2 4 1 1107 347 1290 2093 2094 1955
454 9 2 4 1 567 583 1074 2095 2096 2097
455 9 2 4 1 969 970 971 2098 2099 2100
456 9 2 4 1 1015 365 1079 2101 2102 2103
457 9 2 4 1 896 897 914 2104 1892 2105
458 9 2 4 1 319 251 966 2106 2107 2108
459 9 2 4 1 127 352 973 2109 2110 2111
460 9 2 4 1 276 277 375 295 1634 2112
461 9 2 4 1 351 99 969 2113 2114 2115
462 9 2 4 1 780 413 1229 1969 2116 2117
463 9 2 4 1 279 280 922 298 1883 2118
464 9 2 4 1 1072 431 1133 2119 2120 2121
465 9 2 4 1 129 325 978 2122 2123 2124
466 9 2 4 1 660 941 1035 1600 2125 2126
467 9 2 4 1 254 255 943 273 2127 2029
468 9 2 4 1 551 656 1034 2128 1652 1549
469 9 2 4 1 365 1024 1079 2129 2130 2102
470 9 2 4 1 354 249 979 2131 2132 2133
471 9 2 4 1 134 135 927 153 1874 2134
472 9 2 4 1 131 355 981 2135 2136 2137
473 9 2 4 1 938 337 1091 2138 1784 2139
474 9 2 4 1 889 892 908 2140 2003 2141
475 9 2 4 1 913 896 914 1780 2105 1601
476 9 2 4 1 481 884 1172 1476 1516 2142
477 9 2 4 1 817 709 819 1723 2143 1876
478 9 2 4 1 381 379 830 2144 2145 1786
479 9 2 4 1 665 664 924 2146 2147 1827
480 9 2 4 1 952 601 1063 2148 2149 1949
481 9 2 4 1 409 416 813 2150 1586 2151
482 9 2 4 1 411 419 864 2152 1992 2153
483 9 2 4 1 331 93 987 2154 2155 2156
484 9 2 4 1 543 502 976 2157 2158 2159
485 9 2 4 1 579 659 977 2160 2161 2162
486 9 2 4 1 755 1009 1202 1640 2163 2164
487 9 2 4 1 1010 1190 1214 2165 1754 2166
488 9 2 4 1 830 831 1232 2167 2168 2091
489 9 2 4 1 421 414 839 2169 2170 1804
490 9 2 4 1 778 755 1202 2171 2164 1704
491 9 2 4 1 386 384 834 2172 2173 1798
492 9 2 4 1 139 140 935 158 2174 2175
493 9 2 4 1 932 320 933 1671 2176 1716
494 9 2 4 1 863 851 877 2177 2178 1971
495 9 2 4 1 590 674 866 2179 1864 2180
496 9 2 4 1 849 848 863 2181 2182 1808
497 9 2 4 1 539 521 845 2183 2184 1839
498 9 2 4 1 593 852 853 1806 1462 2185
499 9 2 4 1 620 623 990 2186 2187 2188
500 9 2 4 1 1049 974 1296 2189 2190 1997
501 9 2 4 1 622 621 878 2191 2192 1915
502 9 2 4 1 331 987 1218 2156 2193 1988
503 9 2 4 1 346 90 989 2194 2195 2196
504 9 2 4 1 1042 819 1199 1877 2197 2198
505 9 2 4 1 735 778 918 2199 2200 2201
506 9 2 4 1 626 580 843 2202 2203 1837
507 9 2 4 1 945 944 1273 1925 2204 2205
508 9 2 4 1 333 943 945 2030 1926 2206
509 9 2 4 1 555 572 867 2207 1899 2208
510 9 2 4 1 661 663 949 2209 1933 2210
511 9 2 4 1 980 979 1023 2211 2212 2017
512 9 2 4 1 688 687 915 2213 1984 2214
513 9 2 4 1 396 399 1001 2215 2216 2217
514 9 2 4 1 722 619 999 2218 2219 2220
515 9 2 4 1 751 1005 1093 1959 2221 2222
516 9 2 4 1 772 1072 1133 1413 2121 2223
517 9 2 4 1 655 677 872 2224 2067 2225
518 9 2 4 1 6 340 948 2226 1687 2227
519 9 2 4 1 917 723 1017 1628 2228 1560
520 9 2 4 1 475 882 884 2229 2230 1633
521 9 2 4 1 789 1121 1124 1927 2231 2232
522 9 2 4 1 923 922 932 1648 1884 1715
523 9 2 4 1 251 252 966 270 2233 2107
524 9 2 4 1 1033 989 1189 2234 2235 2236
525 9 2 4 1 656 567 1074 2237 2097 1679
526 9 2 4 1 438 450 1018 2238 2239 2240
527 9 2 4 1 126 127 973 145 2111 2241
528 9 2 4 1 99 100 969 118 2242 2114
529 9 2 4 1 909 892 912 2004 2066 2243
530 9 2 4 1 429 435 960 2244 1749 2245
531 9 2 4 1 128 129 978 147 2124 2246
532 9 2 4 1 604 603 1049 2247 1895 2248
533 9 2 4 1 472 473 882 2249 1958 2250
534 9 2 4 1 658 628 881 2251 2252 1942
535 9 2 4 1 249 250 979 268 2253 2132
536 9 2 4 1 447 440 955 2254 2255 1761
537 9 2 4 1 130 131 981 149 2137 2256
538 9 2 4 1 839 813 1267 2257 1773 2258
539 9 2 4 1 1132 444 1152 2063 1317 2259
540 9 2 4 1 941 594 1035 2260 2261 2125
541 9 2 4 1 103 3 938 122 2262 1982
542 9 2 4 1 93 94 987 112 2263 2155
543 9 2 4 1 687 684 917 2264 1712 2265
544 9 2 4 1 470 474 1003 2266 2267 2268
545 9 2 4 1 1119 937 1149 2269 2270 1347
546 9 2 4 1 664 879 924 1881 1533 2147
547 9 2 4 1 90 91 989 109 2271 2195
548 9 2 4 1 950 345 1262 1669 2272 2273
549 9 2 4 1 1041 833 1066 2274 2275 2276
550 9 2 4 1 968 921 1166 2277 2278 2026
551 9 2 4 1 536 579 977 2279 2162 2280
552 9 2 4 1 318 1022 1024 2281 2282 2283
553 9 2 4 1 1047 731 1048 1493 2284 2285
554 9 2 4 1 663 870 871 1646 2286 1932
555 9 2 4 1 502 489 976 2287 2288 2158
556 9 2 4 1 933 320 934 2176 2081 2289
557 9 2 4 1 706 818 820 1506 2290 1822
558 9 2 4 1 968 733 1094 2025 2291 2292
559 9 2 4 1 899 902 986 2293 1311 2294
560 9 2 4 1 482 471 1007 2295 2296 2297
561 9 2 4 1 952 668 1033 1948 2298 2299
562 9 2 4 1 973 352 975 2110 2300 2050
563 9 2 4 1 741 613 1097 2301 2302 1498
564 9 2 4 1 510 503 963 2303 2304 1819
565 9 2 4 1 494 496 956 2305 1850 2306
566 9 2 4 1 618 620 990 2307 2188 2308
567 9 2 4 1 319 966 967 2108 2309 2310
568 9 2 4 1 515 497 961 2311 2312 1859
569 9 2 4 1 952 1033 1189 2299 2236 2313
570 9 2 4 1 771 881 1039 1943 1468 2314
571 9 2 4 1 903 901 904 2315 2316 2317
572 9 2 4 1 351 969 971 2115 2100 2318
573 9 2 4 1 325 1127 1281 1590 2319 2320
574 9 2 4 1 900 899 901 2321 2322 2323
575 9 2 4 1 896 895 897 2324 2325 2104
576 9 2 4 1 620 621 622 2326 2191 2327
577 9 2 4 1 619 617 999 2328 2329 2219
578 9 2 4 1 354 979 980 2133 2211 2330
579 9 2 4 1 667 761 811 2331 2332 2333
580 9 2 4 1 394 396 1001 2334 2217 2335
581 9 2 4 1 618 619 620 2336 2337 2307
582 9 2 4 1 886 835 887 2338 2339 2340
583 9 2 4 1 892 891 893 2341 2342 2065
584 9 2 4 1 725 824 825 2343 2344 2345
585 9 2 4 1 392 391 393 2346 2347 2348
586 9 2 4 1 394 393 395 2349 2350 2351
587 9 2 4 1 672 866 1025 2352 1459 2353
588 9 2 4 1 396 395 397 2354 2355 2356
589 9 2 4 1 398 397 402 2357 2358 2359
590 9 2 4 1 834 835 886 2360 2338 1554
591 9 2 4 1 379 774 830 2361 2362 2145
592 9 2 4 1 390 389 391 2363 1404 2364
593 9 2 4 1 783 782 784 2365 2366 2367
594 9 2 4 1 620 619 621 2337 2368 2326
595 9 2 4 1 624 664 665 2369 2146 2370
596 9 2 4 1 396 397 398 2356 2357 2371
597 9 2 4 1 394 395 396 2351 2354 2334
598 9 2 4 1 392 393 394 2348 2349 2372
599 9 2 4 1 390 391 392 2364 2346 2373
600 9 2 4 1 900 901 903 2323 2315 2374
601 9 2 4 1 618 617 619 2375 2328 2336
602 9 2 4 1 834 552 835 2376 2377 2360
603 9 2 4 1 561 555 867 2378 2208 2077
604 9 2 4 1 616 617 618 2379 2375 2380
605 9 2 4 1 894 934 1028 1962 2381 2382
606 9 2 4 1 413 411 864 2383 2153 2384
607 9 2 4 1 721 760 841 2385 2386 1452
608 9 2 4 1 351 971 972 2318 2387 1800
609 9 2 4 1 384 552 834 2388 2376 2173
610 9 2 4 1 414 813 839 2389 2257 2170
611 9 2 4 1 388 389 390 2390 2363 2391
612 9 2 4 1 860 861 964 2392 2393 1795
613 9 2 4 1 814 988 1266 1437 2394 2395
614 9 2 4 1 443 442 555 2396 2397 2398
615 9 2 4 1 98 351 982 2399 1802 2400
616 9 2 4 1 468 470 1003 2401 2268 2402
617 9 2 4 1 914 900 1276 1891 2403 2037
618 9 2 4 1 541 565 591 2404 2405 2406
619 9 2 4 1 443 555 561 2398 2378 2407
620 9 2 4 1 616 615 617 2408 2409 2379
621 9 2 4 1 320 282 985 2410 2411 2082
622 9 2 4 1 591 565 651 2405 2412 1916
623 9 2 4 1 672 590 866 2413 2180 2352
624 9 2 4 1 521 537 845 2414 2415 2184
625 9 2 4 1 492 494 497 2416 2417 2418
626 9 2 4 1 468 469 470 2419 2420 2401
627 9 2 4 1 508 512 531 2421 2422 2423
628 9 2 4 1 503 502 509 2424 2425 2426
629 9 2 4 1 642 669 740 2427 2428 2429
630 9 2 4 1 470 471 472 2430 2431 2432
631 9 2 4 1 501 502 503 2433 2424 2434
632 9 2 4 1 579 578 628 2435 2436 2437
633 9 2 4 1 526 525 553 2438 2439 1930
634 9 2 4 1 466 467 468 2440 2441 2442
635 9 2 4 1 508 507 512 2443 2444 2421
636 9 2 4 1 843 602 844 2445 2446 2447
637 9 2 4 1 532 977 1113 2448 2449 2450
638 9 2 4 1 735 755 778 2451 2171 2199
639 9 2 4 1 845 537 846 2415 2452 1737
640 9 2 4 1 897 899 900 2453 2321 1890
641 9 2 4 1 887 889 908 2454 2141 2455
642 9 2 4 1 893 895 896 2456 2324 1793
643 9 2 4 1 580 602 843 2457 2445 2203
644 9 2 4 1 255 350 943 2458 2459 2127
645 9 2 4 1 472 471 473 2431 2460 2249
646 9 2 4 1 470 469 471 2420 2461 2430
647 9 2 4 1 524 525 526 2462 2438 2463
648 9 2 4 1 711 727 925 2464 2465 2466
649 9 2 4 1 388 386 389 2467 1797 2390
650 9 2 4 1 889 891 892 2468 2341 2140
651 9 2 4 1 379 377 774 2469 2470 2361
652 9 2 4 1 642 641 669 2471 2472 2427
653 9 2 4 1 667 665 761 2473 1826 2331
654 9 2 4 1 635 782 783 2474 2365 2475
655 9 2 4 1 778 1064 1110 1703 2476 2477
656 9 2 4 1 621 746 878 2478 2479 2192
657 9 2 4 1 468 467 469 2441 2480 2419
658 9 2 4 1 613 615 616 2481 2408 2482
659 9 2 4 1 624 622 664 2483 1914 2369
660 9 2 4 1 492 491 494 2484 2485 2416
661 9 2 4 1 434 1134 1161 2090 2486 1593
662 9 2 4 1 725 644 824 2487 2488 2343
663 9 2 4 1 349 939 940 2061 1834 2489
664 9 2 4 1 384 381 552 2490 1785 2388
665 9 2 4 1 579 628 658 2437 2251 2491
666 9 2 4 1 414 409 813 2492 2151 2389
667 9 2 4 1 740 669 1022 2428 2493 2494
668 9 2 4 1 409 404 416 2495 2496 2150
669 9 2 4 1 407 411 413 2497 2383 2498
670 9 2 4 1 466 465 467 2499 2500 2440
671 9 2 4 1 426 421 431 2501 1803 2502
672 9 2 4 1 661 632 663 2503 1444 2209
673 9 2 4 1 471 469 1007 2461 2504 2296
674 9 2 4 1 721 700 760 2505 1321 2385
675 9 2 4 1 425 429 434 2506 2507 1615
676 9 2 4 1 859 860 1264 2508 1776 1400
677 9 2 4 1 697 695 706 2509 2510 1821
678 9 2 4 1 1076 1210 1230 2511 2512 2513
679 9 2 4 1 651 681 801 2514 2515 1597
680 9 2 4 1 722 999 1000 2220 2516 2517
681 9 2 4 1 440 433 444 2518 2519 2520
682 9 2 4 1 1062 913 1082 1369 1603 2521
683 9 2 4 1 435 442 443 2522 2396 1747
684 9 2 4 1 464 465 466 2523 2499 2524
685 9 2 4 1 711 707 727 2525 2526 2464
686 9 2 4 1 520 456 997 2527 1968 2528
687 9 2 4 1 541 447 565 2529 1760 2404
688 9 2 4 1 978 325 1281 2123 2320 2530
689 9 2 4 1 846 848 849 2531 2181 1470
690 9 2 4 1 676 795 807 2532 1339 2533
691 9 2 4 1 426 431 1072 2502 2119 2534
692 9 2 4 1 851 857 877 2535 2536 2178
693 9 2 4 1 848 851 863 2537 2177 2182
694 9 2 4 1 501 489 502 2538 2287 2433
695 9 2 4 1 553 641 642 2539 2471 1623
696 9 2 4 1 544 546 560 2540 2541 2542
697 9 2 4 1 496 507 508 2543 2443 1848
698 9 2 4 1 487 491 492 2544 2484 2545
699 9 2 4 1 678 653 805 2546 2547 2548
700 9 2 4 1 717 926 1037 2008 2549 1768
701 9 2 4 1 765 658 771 2550 1941 2551
702 9 2 4 1 473 483 645 2552 1735 1957
703 9 2 4 1 524 515 525 2553 1858 2462
704 9 2 4 1 521 510 537 2554 1818 2414
705 9 2 4 1 479 477 481 2555 1474 2556
706 9 2 4 1 915 916 1019 1986 2557 2558
707 9 2 4 1 580 554 602 2559 2560 2457
708 9 2 4 1 735 626 755 2561 1836 2451
709 9 2 4 1 572 590 672 2562 2413 1898
710 9 2 4 1 102 349 942 2563 2564 2034
711 9 2 4 1 965 918 1272 2565 2566 1733
712 9 2 4 1 562 539 593 2567 1838 2568
713 9 2 4 1 819 1019 1199 2569 1559 2197
714 9 2 4 1 475 472 882 2570 2250 2229
715 9 2 4 1 628 719 881 2571 2572 2252
716 9 2 4 1 536 578 579 2573 2435 2279
717 9 2 4 1 655 581 677 2574 1565 2224
718 9 2 4 1 1005 1004 1093 2575 1871 2221
719 9 2 4 1 674 775 791 2576 2577 1863
720 9 2 4 1 933 934 1145 2289 1964 2578
721 9 2 4 1 464 463 465 2579 1465 2523
722 9 2 4 1 751 655 872 2580 2225 2581
723 9 2 4 1 326 982 983 2582 1974 2583
724 9 2 4 1 613 576 615 2584 1700 2481
725 9 2 4 1 462 463 464 2585 2579 2586
726 9 2 4 1 340 276 375 2587 2112 2588
727 9 2 4 1 1002 1001 1088 2589 2590 2591
728 9 2 4 1 243 342 993 2592 2593 2594
729 9 2 4 1 904 905 906 2595 2596 2597
730 9 2 4 1 868 1025 1026 2598 2599 2600
731 9 2 4 1 559 604 680 2601 2602 2603
732 9 2 4 1 826 825 827 2604 2605 2606
733 9 2 4 1 910 909 911 2607 2608 1366
734 9 2 4 1 897 898 899 2609 2610 2453
735 9 2 4 1 936 777 1219 2611 2612 2613
736 9 2 4 1 89 346 995 2614 2615 2616
737 9 2 4 1 1013 322 1014 2617 2618 2619
738 9 2 4 1 676 807 1074 2533 1680 2620
739 9 2 4 1 775 788 789 2621 2622 2623
740 9 2 4 1 334 279 922 2624 2118 1618
741 9 2 4 1 373 1121 1255 2625 1929 2626
742 9 2 4 1 719 720 777 2627 2628 2629
743 9 2 4 1 962 821 1287 1888 2630 2631
744 9 2 4 1 462 460 463 2632 1758 2585
745 9 2 4 1 893 894 895 2633 2634 2456
746 9 2 4 1 878 746 1098 2479 2635 2636
747 9 2 4 1 255 256 350 274 2637 2458
748 9 2 4 1 444 433 1072 2519 2638 1412
749 9 2 4 1 666 665 667 2639 2473 2640
750 9 2 4 1 754 678 815 2641 2642 1674
751 9 2 4 1 555 556 572 2643 2644 2207
752 9 2 4 1 410 438 1018 2645 2240 2646
753 9 2 4 1 562 593 875 2568 2647 1873
754 9 2 4 1 628 629 719 2648 2649 2571
755 9 2 4 1 592 591 653 2650 2651 2652
756 9 2 4 1 623 622 624 2653 2483 2654
757 9 2 4 1 349 940 942 2489 1563 2564
758 9 2 4 1 402 403 407 2655 2656 2657
759 9 2 4 1 887 888 889 2658 2659 2454
760 9 2 4 1 708 707 711 2660 2525 2661
761 9 2 4 1 102 103 349 121 1981 2563
762 9 2 4 1 572 573 590 2662 2663 2562
763 9 2 4 1 429 430 435 2664 2665 2244
764 9 2 4 1 889 890 891 2666 2667 2468
765 9 2 4 1 654 653 678 2668 2546 2669
766 9 2 4 1 724 644 725 2670 2487 2671
767 9 2 4 1 739 1147 1182 1792 1695 2672
768 9 2 4 1 435 441 442 2673 2674 2522
769 9 2 4 1 879 1067 1085 2675 2676 1534
770 9 2 4 1 674 730 775 2677 2678 2576
771 9 2 4 1 590 607 674 2679 2680 2179
772 9 2 4 1 749 655 751 2681 2580 2682
773 9 2 4 1 376 375 377 2683 2684 2685
774 9 2 4 1 671 1031 1049 2686 2687 1894
775 9 2 4 1 407 408 411 2688 2689 2497
776 9 2 4 1 411 417 419 2690 2691 2152
777 9 2 4 1 701 700 721 2692 2505 1713
778 9 2 4 1 378 377 379 2693 2469 2694
779 9 2 4 1 504 503 510 2695 2303 2696
780 9 2 4 1 698 697 700 2697 1390 2698
781 9 2 4 1 419 424 425 2699 2700 1946
782 9 2 4 1 332 134 927 2701 2134 2702
783 9 2 4 1 614 581 655 2703 2574 2704
784 9 2 4 1 425 428 429 2705 2706 2506
785 9 2 4 1 399 398 400 2707 2708 2709
786 9 2 4 1 671 776 1031 2710 2711 2686
787 9 2 4 1 540 447 541 2712 2529 2713
788 9 2 4 1 635 781 782 2714 2715 2474
789 9 2 4 1 380 379 381 2716 2144 2717
790 9 2 4 1 723 661 949 2718 2210 2719
791 9 2 4 1 621 722 746 2720 2721 2478
792 9 2 4 1 1102 287 1117 2722 2723 2724
793 9 2 4 1 512 513 532 2725 2726 2009
794 9 2 4 1 929 927 950 2727 1875 2728
795 9 2 4 1 696 695 697 2729 2509 2730
796 9 2 4 1 536 577 578 2731 2732 2573
797 9 2 4 1 383 381 384 2733 2490 2734
798 9 2 4 1 511 510 521 2735 2554 2736
799 9 2 4 1 1204 1069 1279 2737 2738 2739
800 9 2 4 1 422 421 426 2740 2501 2741
801 9 2 4 1 522 521 539 2742 2183 2743
802 9 2 4 1 241 358 1004 2744 1869 2745
803 9 2 4 1 415 414 421 2746 2169 2747
804 9 2 4 1 458 459 460 2748 2039 2749
805 9 2 4 1 548 539 562 2750 2567 2751
806 9 2 4 1 954 812 1177 1766 2752 1538
807 9 2 4 1 570 562 581 2753 1872 2754
808 9 2 4 1 432 426 433 2755 2756 2757
809 9 2 4 1 401 400 404 2758 2759 2760
810 9 2 4 1 446 440 447 2761 2254 2762
811 9 2 4 1 439 433 440 2763 2518 2764
812 9 2 4 1 405 404 409 2765 2495 2766
813 9 2 4 1 412 409 414 2767 2492 2768
814 9 2 4 1 527 526 554 2769 2770 2771
815 9 2 4 1 676 793 795 2772 2773 2532
816 9 2 4 1 928 927 929 2774 2727 2775
817 9 2 4 1 598 634 635 2776 2777 2778
818 9 2 4 1 651 652 681 2779 2780 2514
819 9 2 4 1 514 497 515 2781 2311 2782
820 9 2 4 1 669 670 742 2783 2784 2785
821 9 2 4 1 494 495 496 2786 2787 2305
822 9 2 4 1 387 386 388 2788 2467 2789
823 9 2 4 1 681 682 745 2790 2791 2792
824 9 2 4 1 385 384 386 2793 2172 2794
825 9 2 4 1 964 918 965 2795 2565 1796
826 9 2 4 1 890 888 1185 2796 2048 2797
827 9 2 4 1 589 596 991 2798 2799 2800
828 9 2 4 1 631 561 632 2801 1540 2802
829 9 2 4 1 762 735 918 2803 2201 2804
830 9 2 4 1 499 489 501 2805 2538 2806
831 9 2 4 1 734 626 735 2807 2561 2808
832 9 2 4 1 440 444 955 2520 2062 2255
833 9 2 4 1 563 554 580 2809 2559 2810
834 9 2 4 1 553 640 641 2811 2812 2539
835 9 2 4 1 625 580 626 2813 2202 2814
836 9 2 4 1 488 485 489 2815 2816 2817
837 9 2 4 1 474 472 475 2818 2570 2819
838 9 2 4 1 509 543 544 2820 2821 2822
839 9 2 4 1 484 479 485 2823 2824 2825
840 9 2 4 1 925 1057 1209 1908 2826 2827
841 9 2 4 1 496 506 507 2828 2829 2543
842 9 2 4 1 1054 745 1169 1381 2830 2831
843 9 2 4 1 523 515 524 2832 2553 2833
844 9 2 4 1 662 661 723 2834 2718 1627
845 9 2 4 1 633 632 661 2835 2503 2836
846 9 2 4 1 497 494 956 2417 2306 2837
847 9 2 4 1 478 477 479 2838 2555 2839
848 9 2 4 1 644 549 880 2840 1995 2841
849 9 2 4 1 846 847 848 2842 2843 2531
850 9 2 4 1 598 635 821 2778 2844 1887
851 9 2 4 1 476 475 477 2845 1632 2846
852 9 2 4 1 974 975 1296 2051 2847 2190
853 9 2 4 1 727 836 837 2848 1605 2849
854 9 2 4 1 434 429 960 2507 2245 2088
855 9 2 4 1 332 842 1136 1546 2850 2851
856 9 2 4 1 544 545 546 2852 2853 2540
857 9 2 4 1 546 547 558 2854 2855 2856
858 9 2 4 1 518 529 962 2857 2858 1944
859 9 2 4 1 404 400 1012 2759 1385 2859
860 9 2 4 1 695 692 816 2860 2012 2861
861 9 2 4 1 473 482 483 2862 2863 2552
862 9 2 4 1 796 724 992 2864 2865 1613
863 9 2 4 1 487 490 491 2866 2867 2544
864 9 2 4 1 377 375 822 2684 1635 2868
865 9 2 4 1 867 868 869 1844 1728 2078
866 9 2 4 1 805 919 920 2869 1478 2870
867 9 2 4 1 848 850 851 2871 2872 2537
868 9 2 4 1 564 1041 1066 1830 2276 2873
869 9 2 4 1 857 858 859 2874 2875 2876
870 9 2 4 1 483 486 487 2877 2878 2879
871 9 2 4 1 851 856 857 2880 2881 2535
872 9 2 4 1 659 658 765 2882 2550 2883
873 9 2 4 1 458 457 459 2884 2885 2748
874 9 2 4 1 509 544 862 2822 2886 1979
875 9 2 4 1 707 703 836 2887 2014 2888
876 9 2 4 1 766 765 767 2889 2890 2891
877 9 2 4 1 503 509 963 2426 1980 2304
878 9 2 4 1 882 883 884 1936 1515 2230
879 9 2 4 1 716 712 717 2892 2006 2893
880 9 2 4 1 371 139 935 2894 2175 2895
881 9 2 4 1 831 888 1232 2047 2896 2168
882 9 2 4 1 554 526 946 2770 1931 2897
883 9 2 4 1 612 576 613 2898 2584 2899
884 9 2 4 1 705 703 707 2900 2887 2901
885 9 2 4 1 653 591 919 2651 1917 2902
886 9 2 4 1 427 886 1248 1492 2903 2043
887 9 2 4 1 456 457 458 2904 2884 1966
888 9 2 4 1 712 711 926 2905 2906 2007
889 9 2 4 1 533 535 536 2907 2908 2909
890 9 2 4 1 1091 809 1146 1783 2910 2053
891 9 2 4 1 818 817 1042 1505 1878 2911
892 9 2 4 1 732 667 814 2912 2913 2914
893 9 2 4 1 606 549 644 2915 2840 2916
894 9 2 4 1 345 799 1262 1990 2917 2272
895 9 2 4 1 690 688 709 2918 2919 1691
896 9 2 4 1 694 692 695 2920 2860 2921
897 9 2 4 1 881 719 1123 2572 2922 1469
898 9 2 4 1 966 921 968 2923 2277 2924
899 9 2 4 1 995 346 1016 2615 2925 2926
900 9 2 4 1 943 350 944 2459 2927 1924
901 9 2 4 1 647 798 991 2928 2929 2930
902 9 2 4 1 916 687 917 1985 2265 1630
903 9 2 4 1 529 598 962 2931 1889 2858
904 9 2 4 1 1011 364 1190 2932 2933 2934
905 9 2 4 1 586 643 676 2935 2936 2937
906 9 2 4 1 596 647 991 2938 2930 2799
907 9 2 4 1 461 460 462 2939 2632 2940
908 9 2 4 1 459 559 829 2941 2942 2040
909 9 2 4 1 532 533 977 2943 2944 2448
910 9 2 4 1 529 597 598 2945 2946 2931
911 9 2 4 1 686 684 687 2947 2264 2948
912 9 2 4 1 1013 767 1053 2949 2950 2951
913 9 2 4 1 908 909 910 2005 2607 2952
914 9 2 4 1 489 485 976 2816 2953 2288
915 9 2 4 1 709 688 915 2919 2214 2954
916 9 2 4 1 501 504 957 2955 2956 2957
917 9 2 4 1 253 333 921 2958 2959 2960
918 9 2 4 1 388 420 958 2961 2962 2963
919 9 2 4 1 1037 363 1056 2964 2965 2966
920 9 2 4 1 1009 844 1010 2967 2968 2969
921 9 2 4 1 533 536 977 2909 2280 2944
922 9 2 4 1 681 745 1122 2792 1480 2970
923 9 2 4 1 456 455 457 2971 2972 2904
924 9 2 4 1 479 481 1140 2556 1536 2973
925 9 2 4 1 6 276 340 294 2587 2226
926 9 2 4 1 497 956 961 2837 1975 2312
927 9 2 4 1 450 627 1018 2974 2975 2239
928 9 2 4 1 3 337 938 2976 2138 2262
929 9 2 4 1 559 603 604 2977 2247 2601
930 9 2 4 1 346 989 1033 2196 2234 2978
931 9 2 4 1 593 853 875 2185 1376 2647
932 9 2 4 1 748 601 952 2979 2148 2980
933 9 2 4 1 871 870 1138 2286 2059 2981
934 9 2 4 1 983 972 1104 1973 2982 1840
935 9 2 4 1 252 253 921 271 2960 2983
936 9 2 4 1 873 677 874 2068 1678 1333
937 9 2 4 1 575 448 576 2984 2071 2985
938 9 2 4 1 315 1009 1214 2986 2987 2988
939 9 2 4 1 1024 742 1079 2989 2990 2130
940 9 2 4 1 252 921 966 2983 2923 2233
941 9 2 4 1 904 901 905 2316 2991 2595
942 9 2 4 1 459 542 559 2992 2993 2941
943 9 2 4 1 454 455 456 2994 2971 2995
944 9 2 4 1 3 123 337 141 2996 2976
945 9 2 4 1 100 101 328 119 1938 2997
946 9 2 4 1 125 126 327 144 2998 2999
947 9 2 4 1 253 254 333 272 2028 2958
948 9 2 4 1 278 279 334 297 2624 1495
949 9 2 4 1 627 954 1018 1767 3000 2975
950 9 2 4 1 98 99 351 117 2113 2399
951 9 2 4 1 127 128 352 146 3001 2109
952 9 2 4 1 250 251 319 269 2106 3002
953 9 2 4 1 281 282 320 300 2410 1670
954 9 2 4 1 92 331 931 3003 3004 3005
955 9 2 4 1 96 97 326 115 3006 3007
956 9 2 4 1 129 130 325 148 3008 2122
957 9 2 4 1 1087 795 1223 1489 3009 3010
958 9 2 4 1 725 825 826 2345 2604 3011
959 9 2 4 1 996 520 997 1707 2528 1663
960 9 2 4 1 327 126 973 2998 2241 3012
961 9 2 4 1 1045 344 1123 3013 1455 1572
962 9 2 4 1 283 284 353 302 2055 3014
963 9 2 4 1 248 249 354 267 2131 3015
964 9 2 4 1 667 811 814 2333 3016 2913
965 9 2 4 1 897 895 898 2325 3017 2609
966 9 2 4 1 100 328 969 2997 3018 2242
967 9 2 4 1 628 578 629 2436 3019 2648
968 9 2 4 1 131 132 355 150 3020 2135
969 9 2 4 1 94 95 356 113 3021 3022
970 9 2 4 1 843 844 1009 2447 2967 1639
971 9 2 4 1 906 905 907 2596 3023 3024
972 9 2 4 1 815 678 1162 2642 3025 1421
973 9 2 4 1 91 92 931 110 3005 3026
974 9 2 4 1 285 286 329 304 3027 3028
975 9 2 4 1 246 247 330 265 3029 3030
976 9 2 4 1 555 442 556 2397 3031 2643
977 9 2 4 1 868 672 1025 1843 2353 2598
978 9 2 4 1 352 128 978 3001 2246 3032
979 9 2 4 1 1014 322 1015 2618 3033 3034
980 9 2 4 1 133 134 332 152 2701 3035
981 9 2 4 1 92 93 331 111 2154 3003
982 9 2 4 1 647 763 798 3036 3037 2928
983 9 2 4 1 541 591 592 2406 2650 3038
984 9 2 4 1 719 629 720 2649 3039 2627
985 9 2 4 1 829 680 984 3040 1812 1642
986 9 2 4 1 819 709 915 2143 2954 3041
987 9 2 4 1 250 319 979 3002 3042 2253
988 9 2 4 1 893 891 894 2342 3043 2633
989 9 2 4 1 826 827 828 2606 3044 3045
990 9 2 4 1 784 782 842 2366 3046 1414
991 9 2 4 1 624 665 666 2370 2639 3047
992 9 2 4 1 245 246 1141 264 3048 1407
993 9 2 4 1 325 130 981 3008 2256 1424
994 9 2 4 1 775 730 788 2678 3049 2621
995 9 2 4 1 483 487 1073 2879 3050 1736
996 9 2 4 1 620 622 623 2327 2653 2186
997 9 2 4 1 288 289 341 307 3051 3052
998 9 2 4 1 243 244 342 262 3053 2592
999 9 2 4 1 402 397 403 2358 3054 2655
1000 9 2 4 1 362 841 1168 1362 3055 3056
1001 9 2 4 1 711 925 926 2466 3057 2906
1002 9 2 4 1 501 503 504 2434 2695 2955
1003 9 2 4 1 654 678 754 2669 2641 3058
1004 9 2 4 1 393 391 427 2347 1491 3059
1005 9 2 4 1 674 607 730 2680 3060 2677
1006 9 2 4 1 341 1030 1117 3061 3062 3063
1007 9 2 4 1 572 556 573 2644 3064 2662
1008 9 2 4 1 590 573 607 2663 3065 2679
1009 9 2 4 1 899 898 902 2610 3066 2293
1010 9 2 4 1 512 507 513 2444 3067 2725
1011 9 2 4 1 887 835 888 2339 3068 2658
1012 9 2 4 1 614 655 749 2704 2681 3069
1013 9 2 4 1 136 137 345 155 3070 1668
1014 9 2 4 1 89 90 346 108 2194 2614
1015 9 2 4 1 772 716 1152 3071 2021 1316
1016 9 2 4 1 94 356 987 3022 3072 2263
1017 9 2 4 1 616 618 646 2380 3073 3074
1018 9 2 4 1 396 398 399 2371 2707 2215
1019 9 2 4 1 708 711 712 2661 2905 3075
1020 9 2 4 1 392 394 568 2372 3076 3077
1021 9 2 4 1 524 526 527 2463 2769 3078
1022 9 2 4 1 592 653 654 2652 2668 3079
1023 9 2 4 1 570 581 614 2754 2703 3080
1024 9 2 4 1 732 814 1266 2914 2395 3081
1025 9 2 4 1 621 619 722 2368 2218 2720
1026 9 2 4 1 559 680 829 2603 3040 2942
1027 9 2 4 1 492 497 514 2418 2781 3082
1028 9 2 4 1 340 375 376 2588 2683 3083
1029 9 2 4 1 435 430 441 2665 3084 2673
1030 9 2 4 1 646 618 990 3073 2308 3085
1031 9 2 4 1 1210 827 1230 3086 3087 2512
1032 9 2 4 1 642 740 792 2429 1460 1816
1033 9 2 4 1 666 667 732 2640 2912 3088
1034 9 2 4 1 388 390 420 2391 3089 2961
1035 9 2 4 1 669 641 670 2472 3090 2783
1036 9 2 4 1 290 291 357 309 3091 3092
1037 9 2 4 1 241 242 358 260 3093 2744
1038 9 2 4 1 617 615 779 2409 1831 3094
1039 9 2 4 1 466 468 569 2442 3095 3096
1040 9 2 4 1 470 472 474 2432 2818 2266
1041 9 2 4 1 544 560 862 2542 3097 2886
1042 9 2 4 1 334 823 1291 1617 3098 3099
1043 9 2 4 1 508 531 764 2423 3100 1902
1044 9 2 4 1 429 428 430 2706 3101 2664
1045 9 2 4 1 91 931 989 3026 3102 2271
1046 9 2 4 1 1032 950 1262 3103 2273 3104
1047 9 2 4 1 494 491 495 2485 3105 2786
1048 9 2 4 1 416 404 1012 2496 2859 3106
1049 9 2 4 1 635 783 821 2475 3107 2844
1050 9 2 4 1 553 525 640 2439 1912 2811
1051 9 2 4 1 504 510 511 2696 2735 3108
1052 9 2 4 1 138 139 371 157 2894 3109
1053 9 2 4 1 87 88 372 106 3110 3111
1054 9 2 4 1 511 521 522 2736 2742 3112
1055 9 2 4 1 774 377 822 2470 2868 3113
1056 9 2 4 1 548 562 570 2751 2753 3114
1057 9 2 4 1 651 565 652 2412 1814 2779
1058 9 2 4 1 522 539 548 2743 2750 3115
1059 9 2 4 1 86 87 937 105 3116 3117
1060 9 2 4 1 509 502 543 2425 2157 2820
1061 9 2 4 1 532 513 533 2726 3118 2943
1062 9 2 4 1 698 700 701 2698 2692 3119
1063 9 2 4 1 411 408 417 2689 3120 2690
1064 9 2 4 1 419 417 424 2691 3121 2699
1065 9 2 4 1 407 403 408 2656 3122 2688
1066 9 2 4 1 425 424 428 2700 3123 2705
1067 9 2 4 1 696 697 698 2730 2697 3124
1068 9 2 4 1 446 447 540 2762 2712 3125
1069 9 2 4 1 705 707 708 2901 2660 3126
1070 9 2 4 1 378 379 380 2694 2716 3127
1071 9 2 4 1 443 561 631 2407 2801 1810
1072 9 2 4 1 568 394 1001 3076 2335 3128
1073 9 2 4 1 1043 25 1207 3129 3130 3131
1074 9 2 4 1 466 569 998 3096 3132 3133
1075 9 2 4 1 889 888 890 2659 2796 2666
1076 9 2 4 1 341 289 994 3051 3134 3135
1077 9 2 4 1 536 535 577 2908 3136 2731
1078 9 2 4 1 768 767 1013 3137 2949 3138
1079 9 2 4 1 777 936 1274 2611 1387 1655
1080 9 2 4 1 376 377 378 2685 2693 3139
1081 9 2 4 1 583 586 1074 3140 3141 2096
1082 9 2 4 1 617 779 999 3094 3142 2329
1083 9 2 4 1 380 381 383 2717 2733 3143
1084 9 2 4 1 824 644 880 2488 2841 3144
1085 9 2 4 1 340 376 630 3083 3145 1686
1086 9 2 4 1 422 426 432 2741 2755 3146
1087 9 2 4 1 846 537 847 2452 1900 2842
1088 9 2 4 1 467 505 951 3147 3148 3149
1089 9 2 4 1 706 695 816 2510 2861 1684
1090 9 2 4 1 986 329 1198 1310 3150 3151
1091 9 2 4 1 415 421 422 2747 2740 3152
1092 9 2 4 1 602 554 946 2560 2897 3153
1093 9 2 4 1 439 440 446 2764 2761 3154
1094 9 2 4 1 432 433 439 2757 2763 3155
1095 9 2 4 1 473 471 482 2460 2295 2862
1096 9 2 4 1 123 124 1167 142 1379 3156
1097 9 2 4 1 412 414 415 2768 2746 3157
1098 9 2 4 1 454 456 520 2995 2527 1833
1099 9 2 4 1 399 400 401 2709 2758 3158
1100 9 2 4 1 527 554 563 2771 2809 3159
1101 9 2 4 1 569 468 1003 3095 2402 3160
1102 9 2 4 1 823 831 1297 1419 3161 3162
1103 9 2 4 1 762 918 964 2804 2795 3163
1104 9 2 4 1 292 293 373 311 3164 3165
1105 9 2 4 1 239 240 374 258 3166 3167
1106 9 2 4 1 323 877 1120 1742 3168 3169
1107 9 2 4 1 734 735 762 2808 2803 3170
1108 9 2 4 1 401 404 405 2760 2765 3171
1109 9 2 4 1 405 409 412 2766 2767 3172
1110 9 2 4 1 625 626 734 2814 2807 3173
1111 9 2 4 1 563 580 625 2810 2813 3174
1112 9 2 4 1 469 467 951 2480 3149 3175
1113 9 2 4 1 454 453 455 3176 3177 2994
1114 9 2 4 1 1032 752 1046 3178 3179 3180
1115 9 2 4 1 606 644 724 2916 2670 3181
1116 9 2 4 1 499 501 957 2806 2957 3182
1117 9 2 4 1 387 388 958 2789 2963 3183
1118 9 2 4 1 1025 335 1026 1430 3184 2599
1119 9 2 4 1 635 634 781 2777 3185 2714
1120 9 2 4 1 514 515 523 2782 2832 3186
1121 9 2 4 1 742 670 743 2784 3187 3188
1122 9 2 4 1 694 695 696 2921 2729 3189
1123 9 2 4 1 488 489 499 2817 2805 3190
1124 9 2 4 1 484 485 488 2825 2815 3191
1125 9 2 4 1 496 495 506 2787 3192 2828
1126 9 2 4 1 745 682 790 2791 3193 3194
1127 9 2 4 1 676 643 793 2936 3195 2772
1128 9 2 4 1 837 1029 1285 1978 3196 3197
1129 9 2 4 1 383 384 385 2734 2793 3198
1130 9 2 4 1 681 652 682 2780 3199 2790
1131 9 2 4 1 87 372 937 3111 3200 3116
1132 9 2 4 1 467 465 505 2500 1636 3147
1133 9 2 4 1 579 658 659 2491 2882 2160
1134 9 2 4 1 727 707 836 2526 2888 2848
1135 9 2 4 1 478 479 484 2839 2823 3201
1136 9 2 4 1 841 760 1038 2386 3202 3203
1137 9 2 4 1 805 653 919 2547 2902 2869
1138 9 2 4 1 474 475 476 2819 2845 3204
1139 9 2 4 1 371 936 1219 3205 2613 1433
1140 9 2 4 1 256 6 948 275 2227 3206
1141 9 2 4 1 544 543 545 2821 3207 2852
1142 9 2 4 1 476 477 478 2846 2838 3208
1143 9 2 4 1 448 437 959 3209 3210 2072
1144 9 2 4 1 332 927 928 2702 2774 1547
1145 9 2 4 1 385 386 387 2794 2788 3211
1146 9 2 4 1 546 545 547 2853 3212 2854
1147 9 2 4 1 633 661 662 2836 2834 3213
1148 9 2 4 1 631 632 633 2802 2835 3214
1149 9 2 4 1 791 775 1277 2577 3215 1867
1150 9 2 4 1 928 929 930 2775 3216 1358
1151 9 2 4 1 686 687 688 2948 2213 3217
1152 9 2 4 1 462 464 498 2586 3218 3219
1153 9 2 4 1 290 357 994 3092 1865 3220
1154 9 2 4 1 498 464 998 3218 3221 1442
1155 9 2 4 1 598 597 634 2946 3222 2776
1156 9 2 4 1 289 290 994 308 3220 3134
1157 9 2 4 1 848 847 850 2843 1335 2871
1158 9 2 4 1 857 856 858 2881 3223 2874
1159 9 2 4 1 859 858 860 2875 3224 2508
1160 9 2 4 1 851 850 856 2872 3225 2880
1161 9 2 4 1 907 1102 1117 3226 2724 3227
1162 9 2 4 1 487 486 490 2878 3228 2866
1163 9 2 4 1 629 578 1046 3019 3229 3230
1164 9 2 4 1 483 482 486 2863 3231 2877
1165 9 2 4 1 1018 954 1128 3000 3232 3233
1166 9 2 4 1 357 291 1006 3091 3234 1417
1167 9 2 4 1 612 613 741 2899 2301 3235
1168 9 2 4 1 1010 844 1011 2968 3236 3237
1169 9 2 4 1 765 771 1269 2551 1514 3238
1170 9 2 4 1 766 767 768 2891 3137 3239
1171 9 2 4 1 857 859 1278 2876 1923 3240
1172 9 2 4 1 458 460 461 2749 2939 2073
1173 9 2 4 1 469 951 1007 3175 3241 2504
1174 9 2 4 1 659 765 766 2883 2889 3242
1175 9 2 4 1 991 798 1148 2929 1583 3243
1176 9 2 4 1 556 442 1051 3031 3244 3245
1177 9 2 4 1 575 576 612 2985 2898 3246
1178 9 2 4 1 1157 762 1206 3247 3248 3249
1179 9 2 4 1 911 909 1150 2608 3250 1764
1180 9 2 4 1 452 453 454 3251 3176 1574
1181 9 2 4 1 818 1042 1043 2911 3252 3253
1182 9 2 4 1 541 592 1063 3038 3254 3255
1183 9 2 4 1 25 1043 1268 3129 3256 3257
1184 9 2 4 1 464 466 998 2524 3133 3221
1185 9 2 4 1 669 742 1022 2785 3258 2493
1186 9 2 4 1 291 292 1006 310 3259 3234
1187 9 2 4 1 1067 879 1098 2675 3260 3261
1188 9 2 4 1 788 1006 1255 1418 3262 3263
1189 9 2 4 1 1009 1010 1214 2969 2166 2987
1190 9 2 4 1 727 837 1285 2849 3197 3264
1191 9 2 4 1 513 507 1065 3067 3265 3266
1192 9 2 4 1 624 666 1068 3047 3267 3268
1193 9 2 4 1 971 970 1280 2099 3269 3270
1194 9 2 4 1 906 907 1030 3024 3271 1918
1195 9 2 4 1 400 398 1233 2708 3272 1456
1196 9 2 4 1 292 373 1006 3165 3273 3259
1197 9 2 4 1 809 337 1263 1782 3274 3275
1198 9 2 4 1 779 959 1294 1832 3276 3277
1199 9 2 4 1 524 527 1066 3078 3278 3279
1200 9 2 4 1 459 457 542 2885 3280 2992
1201 9 2 4 1 1174 326 1261 3281 3282 3283
1202 9 2 4 1 1030 1047 1048 3284 2285 1919
1203 9 2 4 1 645 832 1304 1606 3285 3286
1204 9 2 4 1 764 1204 1279 3287 2739 1824
1205 9 2 4 1 327 973 974 3012 2049 3288
1206 9 2 4 1 951 505 1027 3148 3289 3290
1207 9 2 4 1 670 641 1069 3090 3291 3292
1208 9 2 4 1 371 935 936 2895 1517 3205
1209 9 2 4 1 752 629 1046 3293 3230 3179
1210 9 2 4 1 495 491 1071 3105 3294 3295
1211 9 2 4 1 1163 354 1251 3296 3297 3298
1212 9 2 4 1 976 485 1140 2953 3299 1544
1213 9 2 4 1 416 1012 1205 3106 3300 3301
1214 9 2 4 1 574 556 1051 3302 3245 3303
1215 9 2 4 1 819 915 1019 3041 2558 2569
1216 9 2 4 1 604 1049 1050 2248 1996 3304
1217 9 2 4 1 329 286 1102 3027 3305 3306
1218 9 2 4 1 378 380 382 3127 3307 3308
1219 9 2 4 1 592 668 1063 3309 1950 3254
1220 9 2 4 1 969 328 970 3018 3310 2098
1221 9 2 4 1 559 542 603 2993 3311 2977
1222 9 2 4 1 450 452 627 3312 1854 2974
1223 9 2 4 1 492 514 1073 3082 3313 3314
1224 9 2 4 1 694 696 1021 3189 3315 3316
1225 9 2 4 1 946 792 1307 1817 3317 3318
1226 9 2 4 1 1030 341 1047 3061 3319 3284
1227 9 2 4 1 741 940 1305 1530 1835 3320
1228 9 2 4 1 650 738 804 3321 3322 1882
1229 9 2 4 1 452 451 453 3323 3324 3251
1230 9 2 4 1 534 513 1065 3325 3266 3326
1231 9 2 4 1 666 759 1068 3327 1720 3267
1232 9 2 4 1 527 564 1066 3328 2873 3278
1233 9 2 4 1 364 1011 1156 2932 1374 3329
1234 9 2 4 1 516 499 957 3330 3182 1689
1235 9 2 4 1 333 945 1166 2206 3331 3332
1236 9 2 4 1 1076 342 1210 3333 3334 2511
1237 9 2 4 1 855 863 1243 1809 1972 3335
1238 9 2 4 1 768 1013 1014 3138 2619 3336
1239 9 2 4 1 568 1001 1002 3128 2589 3337
1240 9 2 4 1 437 387 958 3338 3183 3339
1241 9 2 4 1 599 736 1083 3340 3341 3342
1242 9 2 4 1 987 356 988 3072 3343 3344
1243 9 2 4 1 831 830 1297 2167 3345 3161
1244 9 2 4 1 929 950 1032 2728 3103 3346
1245 9 2 4 1 450 451 452 3347 3323 3312
1246 9 2 4 1 786 670 1069 3348 3292 3349
1247 9 2 4 1 437 958 959 3339 3350 3210
1248 9 2 4 1 407 413 1237 2498 1970 3351
1249 9 2 4 1 350 256 948 2637 3206 3352
1250 9 2 4 1 792 1011 1307 1372 3353 3317
1251 9 2 4 1 97 98 982 116 2400 3354
1252 9 2 4 1 282 283 985 301 3355 2411
1253 9 2 4 1 761 924 1245 1828 3356 3357
1254 9 2 4 1 975 352 1020 2300 3358 3359
1255 9 2 4 1 355 132 1136 3020 3360 3361
1256 9 2 4 1 724 725 992 2671 3362 2865
1257 9 2 4 1 901 899 986 2322 2294 3363
1258 9 2 4 1 675 495 1071 3364 3295 1852
1259 9 2 4 1 895 894 1028 2634 2382 3365
1260 9 2 4 1 1128 954 1144 3232 1537 3366
1261 9 2 4 1 886 887 1248 2340 3367 2903
1262 9 2 4 1 804 812 953 3368 1901 1709
1263 9 2 4 1 720 752 799 3369 3370 3371
1264 9 2 4 1 568 1002 1270 3337 3372 2032
1265 9 2 4 1 1022 742 1024 3258 2989 2282
1266 9 2 4 1 514 832 1073 3373 1608 3313
1267 9 2 4 1 242 243 993 261 2594 3374
1268 9 2 4 1 319 967 1023 2310 3375 3376
1269 9 2 4 1 365 1015 1236 2101 3377 3378
1270 9 2 4 1 88 89 995 107 2616 3379
1271 9 2 4 1 532 1113 1158 2450 3380 1845
1272 9 2 4 1 647 648 763 3381 1696 3036
1273 9 2 4 1 397 395 1036 2355 3382 3383
1274 9 2 4 1 770 768 1014 3384 3336 3385
1275 9 2 4 1 240 241 1004 259 2745 3386
1276 9 2 4 1 431 840 1133 1757 3387 2120
1277 9 2 4 1 715 712 716 3388 2892 3389
1278 9 2 4 1 248 354 1163 3015 3296 3390
1279 9 2 4 1 1036 395 1165 3382 3391 1447
1280 9 2 4 1 433 426 1072 2756 2534 2638
1281 9 2 4 1 382 947 1181 3392 1909 3393
1282 9 2 4 1 533 534 535 3394 3395 2907
1283 9 2 4 1 759 732 800 3396 3397 3398
1284 9 2 4 1 804 738 812 3322 3399 3368
1285 9 2 4 1 702 701 703 3400 2013 3401
1286 9 2 4 1 800 1174 1261 2024 3283 3402
1287 9 2 4 1 596 610 647 3403 3404 2938
1288 9 2 4 1 1002 1088 1154 2591 3405 3406
1289 9 2 4 1 410 387 437 3407 3338 3408
1290 9 2 4 1 557 540 601 3409 3410 3411
1291 9 2 4 1 753 724 796 3412 2864 3413
1292 9 2 4 1 96 326 1174 3007 3281 3414
1293 9 2 4 1 832 523 833 3415 3416 3417
1294 9 2 4 1 370 1045 1274 3418 1656 1353
1295 9 2 4 1 345 137 1151 3070 3419 1991
1296 9 2 4 1 393 427 1165 3059 1857 3420
1297 9 2 4 1 1203 1130 1224 3421 3422 3423
1298 9 2 4 1 1093 358 1153 1870 3424 3425
1299 9 2 4 1 601 540 1063 3410 3426 2149
1300 9 2 4 1 589 991 1090 2800 3427 3428
1301 9 2 4 1 438 437 448 3429 3209 3430
1302 9 2 4 1 704 703 705 3431 2900 3432
1303 9 2 4 1 1291 823 1297 3098 3162 3433
1304 9 2 4 1 1096 455 1125 3434 3435 3436
1305 9 2 4 1 449 448 575 3437 2984 3438
1306 9 2 4 1 637 975 1293 3439 3440 3441
1307 9 2 4 1 638 601 748 3442 2979 3443
1308 9 2 4 1 420 390 1160 3089 3444 3445
1309 9 2 4 1 941 939 1091 1599 3446 2052
1310 9 2 4 1 689 688 690 3447 2918 3448
1311 9 2 4 1 500 499 516 3449 3330 3450
1312 9 2 4 1 796 1163 1251 1952 3298 3451
1313 9 2 4 1 718 600 1116 3452 3453 3454
1314 9 2 4 1 547 639 673 3455 3456 3457
1315 9 2 4 1 506 675 679 3458 3459 3460
1316 9 2 4 1 594 941 1146 2260 2054 3461
1317 9 2 4 1 636 600 718 3462 3452 3463
1318 9 2 4 1 287 288 1117 306 3464 2723
1319 9 2 4 1 586 676 1074 2937 2620 3141
1320 9 2 4 1 586 587 643 3465 3466 2935
1321 9 2 4 1 1037 1056 1081 2966 3467 1769
1322 9 2 4 1 979 319 1023 3042 3376 2212
1323 9 2 4 1 820 818 1103 2290 3468 3469
1324 9 2 4 1 352 978 1020 3032 3470 3358
1325 9 2 4 1 693 692 694 3471 2920 3472
1326 9 2 4 1 691 690 692 3473 2011 3474
1327 9 2 4 1 683 662 684 3475 1711 3476
1328 9 2 4 1 124 125 1129 143 3477 1377
1329 9 2 4 1 517 516 549 3478 1994 3479
1330 9 2 4 1 1010 1011 1190 3237 2934 2165
1331 9 2 4 1 550 549 606 3480 2915 3481
1332 9 2 4 1 673 726 802 3482 3483 3484
1333 9 2 4 1 341 994 1047 3135 1363 3319
1334 9 2 4 1 578 577 1046 2732 3485 3229
1335 9 2 4 1 613 616 1097 2482 3486 2302
1336 9 2 4 1 833 523 1066 3416 3487 2275
1337 9 2 4 1 769 768 770 3488 3384 3489
1338 9 2 4 1 506 679 1065 3460 3490 3491
1339 9 2 4 1 450 449 451 3492 3493 3347
1340 9 2 4 1 453 451 594 3324 3494 3495
1341 9 2 4 1 490 493 518 3496 3497 3498
1342 9 2 4 1 685 684 686 3499 2947 3500
1343 9 2 4 1 328 942 1184 1940 1564 3501
1344 9 2 4 1 742 743 1079 3188 3502 2990
1345 9 2 4 1 442 441 1051 2674 3503 3244
1346 9 2 4 1 967 966 968 2309 2924 3504
1347 9 2 4 1 879 878 1098 1880 2636 3260
1348 9 2 4 1 820 1103 1195 3469 3505 1750
1349 9 2 4 1 342 1076 1221 3333 3506 3507
1350 9 2 4 1 757 699 758 3508 3509 3510
1351 9 2 4 1 990 623 1104 2187 3511 3512
1352 9 2 4 1 1031 776 1129 2711 1388 3513
1353 9 2 4 1 650 737 738 3514 3515 3321
1354 9 2 4 1 540 541 1063 2713 3255 3426
1355 9 2 4 1 518 519 529 3516 3517 2857
1356 9 2 4 1 575 612 660 3246 3518 3519
1357 9 2 4 1 529 530 597 3520 3521 2945
1358 9 2 4 1 583 585 586 3522 3523 3140
1359 9 2 4 1 1002 746 1270 3524 3525 3372
1360 9 2 4 1 551 567 656 3526 2237 2128
1361 9 2 4 1 944 350 1147 2927 3527 1791
1362 9 2 4 1 738 737 947 3515 3528 3529
1363 9 2 4 1 1048 731 1193 2284 3530 3531
1364 9 2 4 1 602 946 1307 3153 3318 3532
1365 9 2 4 1 582 566 657 3533 3534 3535
1366 9 2 4 1 885 791 1099 1862 2000 3536
1367 9 2 4 1 507 506 1065 2829 3491 3265
1368 9 2 4 1 490 518 1071 3498 1945 3537
1369 9 2 4 1 43 44 369 83 3538 3539
1370 9 2 4 1 161 162 370 201 3540 3541
1371 9 2 4 1 523 524 1066 2833 3279 3487
1372 9 2 4 1 284 285 1126 303 3542 2056
1373 9 2 4 1 623 624 1068 2654 3268 3543
1374 9 2 4 1 543 976 1086 2159 1543 3544
1375 9 2 4 1 599 608 736 3545 3546 3340
1376 9 2 4 1 487 492 1073 2545 3314 3050
1377 9 2 4 1 641 640 1069 2812 3547 3291
1378 9 2 4 1 449 575 1035 3438 3548 3549
1379 9 2 4 1 374 1005 1040 3550 3551 3552
1380 9 2 4 1 451 449 1035 3493 3549 3553
1381 9 2 4 1 630 376 1181 3145 3554 1937
1382 9 2 4 1 491 490 1071 2867 3537 3294
1383 9 2 4 1 405 412 1067 3172 3555 3556
1384 9 2 4 1 42 43 1044 82 3557 3558
1385 9 2 4 1 162 163 1045 202 3559 3560
1386 9 2 4 1 957 504 1078 2956 3561 1770
1387 9 2 4 1 594 451 1035 3494 3553 2261
1388 9 2 4 1 575 660 1035 3519 2126 3548
1389 9 2 4 1 737 649 739 3562 3563 3564
1390 9 2 4 1 1001 399 1088 2216 3565 2590
1391 9 2 4 1 647 610 648 3404 3566 3381
1392 9 2 4 1 999 779 1260 3142 3567 3568
1393 9 2 4 1 133 332 1136 3035 2851 3569
1394 9 2 4 1 438 449 450 3570 3492 2238
1395 9 2 4 1 595 588 733 3571 3572 3573
1396 9 2 4 1 758 699 1021 3509 3574 3575
1397 9 2 4 1 777 720 1219 2628 3576 2612
1398 9 2 4 1 374 1004 1005 3577 2575 3550
1399 9 2 4 1 975 637 1296 3439 3578 2847
1400 9 2 4 1 1003 474 1087 2267 3579 3580
1401 9 2 4 1 41 42 343 81 3581 3582
1402 9 2 4 1 163 164 344 203 3583 3584
1403 9 2 4 1 977 659 1113 2161 3585 2449
1404 9 2 4 1 959 958 1294 3350 3586 3276
1405 9 2 4 1 457 455 1096 2972 3434 3587
1406 9 2 4 1 947 382 1177 3392 1677 3588
1407 9 2 4 1 720 629 752 3039 3293 3369
1408 9 2 4 1 908 910 1248 2952 2044 3589
1409 9 2 4 1 9 10 348 49 3590 3591
1410 9 2 4 1 195 196 347 235 3592 3593
1411 9 2 4 1 1030 907 1117 3271 3227 3062
1412 9 2 4 1 652 955 1132 1815 2064 3594
1413 9 2 4 1 729 814 1249 1435 3595 3596
1414 9 2 4 1 794 998 1284 1443 3597 3598
1415 9 2 4 1 730 607 731 3060 3599 3600
1416 9 2 4 1 614 749 750 3069 3601 3602
1417 9 2 4 1 573 556 574 3064 3302 3603
1418 9 2 4 1 167 168 1053 207 3604 3605
1419 9 2 4 1 648 649 650 3606 3607 1483
1420 9 2 4 1 905 901 986 2991 3363 3608
1421 9 2 4 1 891 890 1145 2667 3609 3610
1422 9 2 4 1 189 190 1055 229 3611 3612
1423 9 2 4 1 38 39 338 78 3613 3614
1424 9 2 4 1 166 167 339 206 3615 3616
1425 9 2 4 1 192 193 336 232 3617 3618
1426 9 2 4 1 12 13 335 52 3619 3620
1427 9 2 4 1 35 36 321 75 3621 3622
1428 9 2 4 1 169 170 322 209 3623 3624
1429 9 2 4 1 190 191 359 230 3625 3626
1430 9 2 4 1 14 15 360 54 3627 3628
1431 9 2 4 1 838 716 1271 2019 3629 3630
1432 9 2 4 1 36 37 1054 76 3631 3632
1433 9 2 4 1 187 188 323 227 3633 3634
1434 9 2 4 1 17 18 324 57 3635 3636
1435 9 2 4 1 34 35 1056 74 3637 3638
1436 9 2 4 1 37 38 1052 77 3639 3640
1437 9 2 4 1 18 19 1059 58 3641 3642
1438 9 2 4 1 33 34 363 73 3643 3644
1439 9 2 4 1 171 172 365 211 3645 3646
1440 9 2 4 1 32 33 1057 72 3647 3648
1441 9 2 4 1 185 186 368 225 3649 3650
1442 9 2 4 1 19 20 361 59 3651 3652
1443 9 2 4 1 548 570 571 3114 3653 3654
1444 9 2 4 1 244 245 1159 263 1409 3655
1445 9 2 4 1 31 32 317 71 3656 3657
1446 9 2 4 1 173 174 318 213 3658 3659
1447 9 2 4 1 179 180 1064 219 3660 3661
1448 9 2 4 1 20 21 1058 60 3662 3663
1449 9 2 4 1 174 175 1060 214 3664 3665
1450 9 2 4 1 592 654 668 3079 3666 3309
1451 9 2 4 1 29 30 362 69 3667 3668
1452 9 2 4 1 175 176 364 215 3669 3670
1453 9 2 4 1 183 184 316 223 3671 3672
1454 9 2 4 1 21 22 314 61 3673 3674
1455 9 2 4 1 960 631 1134 1811 3675 2089
1456 9 2 4 1 603 605 671 3676 3677 1893
1457 9 2 4 1 22 23 1061 62 3678 3679
1458 9 2 4 1 23 24 366 63 3680 3681
1459 9 2 4 1 181 182 367 221 3682 3683
1460 9 2 4 1 725 826 992 3011 3684 3362
1461 9 2 4 1 671 744 776 3685 3686 2710
1462 9 2 4 1 708 712 715 3075 3388 3687
1463 9 2 4 1 699 694 1021 3688 3316 3574
1464 9 2 4 1 178 179 315 218 3689 3690
1465 9 2 4 1 26 27 313 66 1697 3691
1466 9 2 4 1 327 974 1031 3288 3692 3693
1467 9 2 4 1 343 1162 1289 3694 3695 3696
1468 9 2 4 1 793 643 794 3195 3697 3698
1469 9 2 4 1 822 334 1291 1496 3099 3699
1470 9 2 4 1 898 895 1028 3017 3365 3700
1471 9 2 4 1 533 513 534 3118 3325 3394
1472 9 2 4 1 385 387 410 3211 3407 3701
1473 9 2 4 1 511 522 528 3112 3702 3703
1474 9 2 4 1 1042 366 1268 3704 3705 3706
1475 9 2 4 1 514 523 832 3186 3415 3373
1476 9 2 4 1 1015 1079 1109 2103 3707 3708
1477 9 2 4 1 527 563 564 3159 3709 3328
1478 9 2 4 1 1089 1007 1155 3710 3711 3712
1479 9 2 4 1 611 1089 1155 3713 3712 3714
1480 9 2 4 1 625 734 810 3173 3715 3716
1481 9 2 4 1 403 397 1036 3054 3383 3717
1482 9 2 4 1 698 701 702 3119 3400 3718
1483 9 2 4 1 430 428 436 3101 3719 3720
1484 9 2 4 1 446 540 557 3125 3409 3721
1485 9 2 4 1 743 670 786 3187 3348 3722
1486 9 2 4 1 482 1007 1089 2297 3710 3723
1487 9 2 4 1 939 938 1091 2060 2139 3446
1488 9 2 4 1 359 1137 1186 3724 3725 1580
1489 9 2 4 1 1211 856 1282 3726 3727 3728
1490 9 2 4 1 666 732 759 3088 3396 3327
1491 9 2 4 1 808 480 1308 1542 3729 3730
1492 9 2 4 1 424 417 1062 3121 3731 3732
1493 9 2 4 1 417 408 418 3120 3733 3734
1494 9 2 4 1 10 11 1099 50 3735 3736
1495 9 2 4 1 547 545 639 3212 3737 3455
1496 9 2 4 1 432 439 445 3155 3738 3739
1497 9 2 4 1 476 478 480 3208 3740 3741
1498 9 2 4 1 790 1081 1169 1657 3742 3743
1499 9 2 4 1 606 724 753 3181 3412 3744
1500 9 2 4 1 415 422 423 3152 3745 3746
1501 9 2 4 1 488 499 500 3190 3449 3747
1502 9 2 4 1 790 682 838 3193 3748 3749
1503 9 2 4 1 1043 1042 1268 3252 3706 3256
1504 9 2 4 1 438 448 449 3430 3437 3570
1505 9 2 4 1 506 495 675 3192 3364 3458
1506 9 2 4 1 401 405 406 3171 3750 3751
1507 9 2 4 1 860 858 861 3224 3752 2392
1508 9 2 4 1 650 649 737 3607 3562 3514
1509 9 2 4 1 410 437 438 3408 3429 2645
1510 9 2 4 1 686 688 689 3217 3447 3753
1511 9 2 4 1 771 1039 1108 2314 3754 1487
1512 9 2 4 1 648 610 649 3566 3755 3606
1513 9 2 4 1 326 97 982 3006 3354 2582
1514 9 2 4 1 1031 974 1049 3692 2189 2687
1515 9 2 4 1 1098 746 1154 2635 3756 3757
1516 9 2 4 1 766 768 769 3239 3488 3758
1517 9 2 4 1 283 353 985 3014 3759 3355
1518 9 2 4 1 382 380 1144 3307 3760 1676
1519 9 2 4 1 633 662 683 3213 3475 3761
1520 9 2 4 1 781 634 787 3185 3762 3763
1521 9 2 4 1 636 718 797 3463 1522 3764
1522 9 2 4 1 490 486 493 3228 3765 3496
1523 9 2 4 1 330 247 1163 3029 3766 1951
1524 9 2 4 1 286 287 1102 305 2722 3305
1525 9 2 4 1 774 1291 1297 3767 3433 3768
1526 9 2 4 1 1008 853 1186 1344 1503 3769
1527 9 2 4 1 138 371 1151 3109 1482 3770
1528 9 2 4 1 420 1160 1260 3445 3771 3772
1529 9 2 4 1 715 716 772 3389 3071 3773
1530 9 2 4 1 392 568 1160 3077 2076 3774
1531 9 2 4 1 749 751 1093 2682 2222 3775
1532 9 2 4 1 949 324 1196 1355 3776 3777
1533 9 2 4 1 744 605 747 3778 3779 3780
1534 9 2 4 1 702 703 704 3401 3431 3781
1535 9 2 4 1 1139 803 1172 3782 3783 1427
1536 9 2 4 1 335 885 1292 1429 3784 3785
1537 9 2 4 1 184 185 1106 224 3786 3787
1538 9 2 4 1 535 534 538 3395 3788 3789
1539 9 2 4 1 673 639 726 3456 3790 3482
1540 9 2 4 1 39 40 1101 79 3791 3792
1541 9 2 4 1 802 726 803 3483 3793 3794
1542 9 2 4 1 557 601 638 3411 3442 3795
1543 9 2 4 1 358 242 993 3093 3374 3796
1544 9 2 4 1 165 166 1108 205 3797 3798
1545 9 2 4 1 356 95 1174 3021 3799 2023
1546 9 2 4 1 1021 696 1111 3315 3800 3801
1547 9 2 4 1 689 690 691 3448 3473 3802
1548 9 2 4 1 596 609 610 3803 3804 3403
1549 9 2 4 1 693 694 699 3472 3688 3805
1550 9 2 4 1 691 692 693 3474 3471 3806
1551 9 2 4 1 657 566 1095 3534 3807 1722
1552 9 2 4 1 372 88 995 3110 3379 3808
1553 9 2 4 1 586 585 587 3523 3809 3465
1554 9 2 4 1 500 516 517 3450 3478 1726
1555 9 2 4 1 868 1026 1217 2600 3810 1729
1556 9 2 4 1 643 587 1090 3466 3811 3812
1557 9 2 4 1 739 649 1070 3563 3813 1740
1558 9 2 4 1 769 770 806 3489 3814 3815
1559 9 2 4 1 180 181 1110 220 3816 3817
1560 9 2 4 1 876 416 1205 1587 3301 3818
1561 9 2 4 1 683 684 685 3476 3499 3819
1562 9 2 4 1 610 609 1070 3804 3820 3821
1563 9 2 4 1 318 1024 1241 2283 3822 3823
1564 9 2 4 1 517 549 550 3479 3480 3824
1565 9 2 4 1 787 981 1265 1425 3825 3826
1566 9 2 4 1 43 369 1044 3539 1326 3557
1567 9 2 4 1 370 162 1045 3540 3560 3418
1568 9 2 4 1 355 1136 1194 3361 3827 3828
1569 9 2 4 1 782 781 1194 2715 3829 3830
1570 9 2 4 1 603 542 605 3311 3831 3676
1571 9 2 4 1 374 240 1004 3166 3386 3577
1572 9 2 4 1 518 493 519 3497 3832 3516
1573 9 2 4 1 747 1096 1125 3833 3436 3834
1574 9 2 4 1 983 759 1261 1718 3835 3836
1575 9 2 4 1 1017 361 1188 1681 3837 1561
1576 9 2 4 1 534 1065 1130 3326 3838 3839
1577 9 2 4 1 529 519 530 3517 3840 3520
1578 9 2 4 1 597 530 599 3521 3841 3842
1579 9 2 4 1 550 606 1095 3481 3843 3844
1580 9 2 4 1 589 595 596 3845 3846 2798
1581 9 2 4 1 198 5 1238 238 3847 1730
1582 9 2 4 1 194 195 1107 234 3848 3849
1583 9 2 4 1 5 239 1238 257 3850 3847
1584 9 2 4 1 733 588 1094 3572 3851 2291
1585 9 2 4 1 1016 346 1033 2925 2978 3852
1586 9 2 4 1 1003 1087 1223 3580 3010 3853
1587 9 2 4 1 802 803 1041 3794 3854 1829
1588 9 2 4 1 596 595 609 3846 3855 3803
1589 9 2 4 1 343 42 1044 3581 3558 3856
1590 9 2 4 1 163 344 1045 3584 3013 3559
1591 9 2 4 1 744 747 809 3780 3857 3858
1592 9 2 4 1 453 594 1125 3495 3859 3860
1593 9 2 4 1 649 610 1070 3755 3821 3813
1594 9 2 4 1 336 1008 1137 1953 3861 3862
1595 9 2 4 1 1032 1046 1143 3180 3863 3864
1596 9 2 4 1 794 643 1090 3697 3812 3865
1597 9 2 4 1 570 614 1075 3080 3866 3867
1598 9 2 4 1 1205 1012 1228 3300 3868 3869
1599 9 2 4 1 719 777 1123 2629 1573 2922
1600 9 2 4 1 818 1043 1103 3253 3870 3468
1601 9 2 4 1 726 639 773 3790 3871 3872
1602 9 2 4 1 705 1179 1208 3873 3874 3875
1603 9 2 4 1 788 730 1092 3049 3876 1672
1604 9 2 4 1 802 1080 1288 1622 3877 3878
1605 9 2 4 1 608 600 636 3879 3462 3880
1606 9 2 4 1 850 862 1282 1336 3881 3882
1607 9 2 4 1 406 405 1067 3750 3556 3883
1608 9 2 4 1 519 493 611 3832 3884 3885
1609 9 2 4 1 1014 1015 1109 3034 3708 3886
1610 9 2 4 1 378 382 1181 3308 3393 3887
1611 9 2 4 1 599 530 600 3841 3888 3889
1612 9 2 4 1 587 588 589 3890 3891 3892
1613 9 2 4 1 685 686 1100 3500 3893 3894
1614 9 2 4 1 746 722 1270 2721 3895 3525
1615 9 2 4 1 680 604 1142 2602 3896 1777
1616 9 2 4 1 522 548 1077 3115 3897 3898
1617 9 2 4 1 686 689 1100 3753 3899 3893
1618 9 2 4 1 1013 1053 1244 2951 3900 3901
1619 9 2 4 1 410 1018 1128 2646 3233 3902
1620 9 2 4 1 616 646 1097 3074 3903 3486
1621 9 2 4 1 589 588 595 3891 3571 3845
1622 9 2 4 1 517 550 551 3824 3904 1548
1623 9 2 4 1 504 511 1078 3108 3905 3561
1624 9 2 4 1 689 691 714 3802 3906 3907
1625 9 2 4 1 638 748 1105 3443 3908 3909
1626 9 2 4 1 538 534 1130 3788 3839 3910
1627 9 2 4 1 693 699 756 3805 3911 3912
1628 9 2 4 1 563 625 1080 3174 3913 3914
1629 9 2 4 1 702 704 710 3781 3915 3916
1630 9 2 4 1 671 605 744 3677 3778 3685
1631 9 2 4 1 608 636 637 3880 3917 3918
1632 9 2 4 1 606 753 1095 3744 1611 3843
1633 9 2 4 1 557 638 728 3795 3919 3920
1634 9 2 4 1 317 925 1285 1906 3921 3922
1635 9 2 4 1 542 457 1096 3280 3587 3923
1636 9 2 4 1 587 585 588 3809 3924 3890
1637 9 2 4 1 710 704 713 3915 3925 3926
1638 9 2 4 1 417 418 1062 3734 1500 3731
1639 9 2 4 1 1131 316 1264 3927 1401 3928
1640 9 2 4 1 951 1027 1155 3290 3929 3930
1641 9 2 4 1 930 929 1143 3216 3931 3932
1642 9 2 4 1 348 10 1099 3590 3736 1999
1643 9 2 4 1 428 424 1082 3123 3933 3934
1644 9 2 4 1 551 566 567 3935 3936 3526
1645 9 2 4 1 474 476 1087 3204 3937 3579
1646 9 2 4 1 599 600 608 3889 3879 3545
1647 9 2 4 1 339 167 1053 3615 3605 3938
1648 9 2 4 1 756 699 757 3911 3508 3939
1649 9 2 4 1 545 543 1086 3207 3544 3940
1650 9 2 4 1 551 550 566 3904 3941 3935
1651 9 2 4 1 567 582 583 3942 3943 2095
1652 9 2 4 1 190 359 1055 3626 1320 3611
1653 9 2 4 1 880 1078 1300 1771 3944 3945
1654 9 2 4 1 1193 574 1306 3946 3947 3948
1655 9 2 4 1 321 36 1054 3621 3632 3949
1656 9 2 4 1 38 338 1052 3614 3950 3639
1657 9 2 4 1 538 1130 1203 3910 3421 3951
1658 9 2 4 1 35 321 1056 3622 3952 3637
1659 9 2 4 1 637 1050 1296 3953 1998 3578
1660 9 2 4 1 37 1052 1054 3640 1382 3631
1661 9 2 4 1 728 638 729 3919 3954 3955
1662 9 2 4 1 324 18 1059 3635 3642 3956
1663 9 2 4 1 363 34 1056 3643 3638 2965
1664 9 2 4 1 780 757 785 3957 3958 1903
1665 9 2 4 1 412 415 1085 3157 3959 3960
1666 9 2 4 1 583 584 585 3961 3962 3522
1667 9 2 4 1 422 432 1084 3146 3963 3964
1668 9 2 4 1 33 363 1057 3644 3965 3647
1669 9 2 4 1 19 361 1059 3652 1683 3641
1670 9 2 4 1 567 566 582 3936 3533 3942
1671 9 2 4 1 462 498 1227 3219 1746 3966
1672 9 2 4 1 317 32 1057 3656 3648 1907
1673 9 2 4 1 361 20 1058 3651 3663 3967
1674 9 2 4 1 318 174 1060 3658 3665 3968
1675 9 2 4 1 795 793 1223 2773 3969 3009
1676 9 2 4 1 696 698 1111 3124 3970 3800
1677 9 2 4 1 756 757 780 3939 3957 3971
1678 9 2 4 1 399 401 1088 3158 3972 3565
1679 9 2 4 1 175 364 1060 3670 3973 3664
1680 9 2 4 1 21 314 1058 3674 3974 3662
1681 9 2 4 1 583 582 584 3943 3975 3961
1682 9 2 4 1 918 778 1272 2200 3976 2566
1683 9 2 4 1 314 22 1061 3673 3679 1644
1684 9 2 4 1 710 713 876 3926 1654 3977
1685 9 2 4 1 315 179 1064 3689 3661 3978
1686 9 2 4 1 439 446 1112 3154 3979 3980
1687 9 2 4 1 1166 945 1240 3331 3981 3982
1688 9 2 4 1 486 482 1089 3231 3723 3983
1689 9 2 4 1 23 366 1061 3681 3984 3678
1690 9 2 4 1 730 731 1092 3600 1494 3876
1691 9 2 4 1 634 597 1083 3222 3985 3986
1692 9 2 4 1 585 584 1094 3962 3987 3988
1693 9 2 4 1 888 835 1232 3068 3989 2896
1694 9 2 4 1 1017 723 1196 2228 3990 1885
1695 9 2 4 1 659 766 1113 3242 3991 3585
1696 9 2 4 1 988 356 1266 3343 2042 2394
1697 9 2 4 1 571 570 1075 3653 3867 3992
1698 9 2 4 1 369 44 1119 3538 3993 1346
1699 9 2 4 1 1075 750 1076 3994 3995 3996
1700 9 2 4 1 597 599 1083 3842 3342 3985
1701 9 2 4 1 609 1240 1273 3997 3998 3999
1702 9 2 4 1 188 189 1118 228 4000 4001
1703 9 2 4 1 614 750 1075 3602 3994 3866
1704 9 2 4 1 1067 412 1085 3555 3960 2676
1705 9 2 4 1 186 187 1120 226 4002 4003
1706 9 2 4 1 338 39 1101 3613 3792 1350
1707 9 2 4 1 166 339 1108 3616 1488 3797
1708 9 2 4 1 924 423 1245 1507 4004 3356
1709 9 2 4 1 926 925 1209 3057 2827 4005
1710 9 2 4 1 185 368 1106 3650 2087 3786
1711 9 2 4 1 195 347 1107 3593 2093 3848
1712 9 2 4 1 316 184 1106 3671 3787 1331
1713 9 2 4 1 528 522 1077 3702 3898 4006
1714 9 2 4 1 564 563 1080 3709 3914 1621
1715 9 2 4 1 864 865 1173 1993 4007 4008
1716 9 2 4 1 1064 180 1110 3660 3817 2476
1717 9 2 4 1 181 367 1110 3683 4009 3816
1718 9 2 4 1 445 439 1112 3738 3980 4010
1719 9 2 4 1 548 571 1077 3654 4011 3897
1720 9 2 4 1 505 984 1164 1637 1813 4012
1721 9 2 4 1 413 864 1180 2384 4013 4014
1722 9 2 4 1 587 589 1090 3892 3428 3811
1723 9 2 4 1 1011 844 1307 3236 4015 3353
1724 9 2 4 1 1083 736 1127 3341 4016 4017
1725 9 2 4 1 360 870 1217 2057 1725 4018
1726 9 2 4 1 1016 754 1220 4019 1675 4020
1727 9 2 4 1 8 9 1124 48 4021 4022
1728 9 2 4 1 738 947 1177 3529 3588 4023
1729 9 2 4 1 625 810 1080 3716 4024 3913
1730 9 2 4 1 424 1062 1082 3732 2521 3933
1731 9 2 4 1 980 753 1251 1609 4025 4026
1732 9 2 4 1 511 528 1078 3703 4027 3905
1733 9 2 4 1 44 45 1119 84 4028 3993
1734 9 2 4 1 1033 668 1301 2298 4029 4030
1735 9 2 4 1 830 774 1297 2362 3768 3345
1736 9 2 4 1 423 422 1084 3745 3964 4031
1737 9 2 4 1 747 605 1096 3779 4032 3833
1738 9 2 4 1 993 342 1221 2593 3507 4033
1739 9 2 4 1 623 1068 1104 3543 1841 3511
1740 9 2 4 1 646 1216 1280 4034 4035 4036
1741 9 2 4 1 161 370 1135 3541 1352 4037
1742 9 2 4 1 7 8 1121 47 4038 4039
1743 9 2 4 1 639 545 1086 3737 3940 4040
1744 9 2 4 1 436 428 1082 3719 3934 1661
1745 9 2 4 1 476 480 1087 3741 1490 3937
1746 9 2 4 1 560 546 1235 2541 4041 4042
1747 9 2 4 1 406 1067 1098 3883 3261 4043
1748 9 2 4 1 288 341 1117 3052 3063 3464
1749 9 2 4 1 9 348 1124 3591 4044 4021
1750 9 2 4 1 432 445 1084 3739 4045 3963
1751 9 2 4 1 833 1041 1139 2274 4046 4047
1752 9 2 4 1 415 423 1085 3746 1509 3959
1753 9 2 4 1 558 1157 1206 4048 3249 4049
1754 9 2 4 1 1056 321 1081 3952 4050 3467
1755 9 2 4 1 455 453 1125 3177 3860 3435
1756 9 2 4 1 909 912 1150 2243 2084 3250
1757 9 2 4 1 485 479 1140 2824 2973 3299
1758 9 2 4 1 401 406 1088 3751 4051 3972
1759 9 2 4 1 682 652 1132 3199 3594 4052
1760 9 2 4 1 132 133 1136 151 3569 3360
1761 9 2 4 1 801 681 1122 2515 2970 2001
1762 9 2 4 1 766 769 1113 3758 4053 3991
1763 9 2 4 1 787 634 1083 3762 3986 4054
1764 9 2 4 1 189 1055 1118 3612 4055 4000
1765 9 2 4 1 323 188 1118 3633 4001 4056
1766 9 2 4 1 187 323 1120 3634 3169 4002
1767 9 2 4 1 698 702 1111 3718 4057 3970
1768 9 2 4 1 934 985 1242 2083 4058 4059
1769 9 2 4 1 657 1023 1176 2018 4060 4061
1770 9 2 4 1 493 486 1089 3765 3983 4062
1771 9 2 4 1 368 186 1120 3649 4003 4063
1772 9 2 4 1 446 557 1112 3721 4064 3979
1773 9 2 4 1 566 550 1095 3941 3844 3807
1774 9 2 4 1 1222 1077 1231 4065 4066 4067
1775 9 2 4 1 689 714 1100 3907 4068 3899
1776 9 2 4 1 182 183 1131 222 4069 4070
1777 9 2 4 1 631 633 1134 3214 4071 3675
1778 9 2 4 1 385 410 1128 3701 3902 4072
1779 9 2 4 1 770 1014 1109 3385 3886 4073
1780 9 2 4 1 883 645 1304 1935 3286 4074
1781 9 2 4 1 907 905 1198 3023 4075 4076
1782 9 2 4 1 995 1016 1220 2926 4020 4077
1783 9 2 4 1 740 1022 1257 2494 4078 4079
1784 9 2 4 1 588 585 1094 3924 3988 3851
1785 9 2 4 1 326 983 1261 2583 3836 3282
1786 9 2 4 1 997 461 1275 2074 4080 1896
1787 9 2 4 1 343 1044 1162 3856 1422 3694
1788 9 2 4 1 1048 1193 1306 3531 3948 2015
1789 9 2 4 1 746 1002 1154 3524 3406 3756
1790 9 2 4 1 322 1013 1244 2617 3901 4081
1791 9 2 4 1 176 177 1190 216 1752 4082
1792 9 2 4 1 1137 1008 1186 3861 3769 3725
1793 9 2 4 1 605 542 1096 3831 3923 4032
1794 9 2 4 1 183 316 1131 3672 3927 4069
1795 9 2 4 1 367 182 1131 3682 4070 2069
1796 9 2 4 1 935 140 1252 2174 4083 4084
1797 9 2 4 1 1079 743 1109 3502 4085 3707
1798 9 2 4 1 754 1016 1301 4019 4086 4087
1799 9 2 4 1 327 1031 1129 3693 3513 4088
1800 9 2 4 1 1019 916 1239 2557 4089 4090
1801 9 2 4 1 125 327 1129 2999 4088 3477
1802 9 2 4 1 1160 1000 1260 2075 4091 3771
1803 9 2 4 1 560 1211 1282 4092 3728 4093
1804 9 2 4 1 192 336 1137 3618 3862 4094
1805 9 2 4 1 359 191 1137 3625 4095 3724
1806 9 2 4 1 246 330 1141 3030 4096 3048
1807 9 2 4 1 729 638 1105 3954 3909 4097
1808 9 2 4 1 137 138 1151 156 3770 3419
1809 9 2 4 1 841 1038 1168 3203 2036 3055
1810 9 2 4 1 2 86 1250 104 4098 4099
1811 9 2 4 1 745 790 1169 3194 3743 2830
1812 9 2 4 1 1009 315 1202 2986 4100 2163
1813 9 2 4 1 293 1 1253 312 4101 4102
1814 9 2 4 1 45 2 1250 85 4099 4103
1815 9 2 4 1 25 26 1207 65 4104 3130
1816 9 2 4 1 1162 805 1289 4105 4106 3695
1817 9 2 4 1 773 639 1086 3871 4040 1647
1818 9 2 4 1 1 7 1253 46 4107 4101
1819 9 2 4 1 1260 779 1294 3567 3277 4108
1820 9 2 4 1 140 4 1252 159 4109 4083
1821 9 2 4 1 678 805 1162 2548 4105 3025
1822 9 2 4 1 374 1040 1238 3552 1731 4110
1823 9 2 4 1 177 178 1214 217 4111 1753
1824 9 2 4 1 360 15 1138 3627 4112 2058
1825 9 2 4 1 749 1093 1153 3775 3425 4113
1826 9 2 4 1 4 160 1252 199 4114 4109
1827 9 2 4 1 787 1083 1127 4054 4017 1589
1828 9 2 4 1 160 161 1135 200 4037 4115
1829 9 2 4 1 675 962 1287 1851 2631 4116
1830 9 2 4 1 1121 8 1124 4038 4022 2231
1831 9 2 4 1 383 385 1128 3198 4072 4117
1832 9 2 4 1 611 493 1089 3884 4062 3713
1833 9 2 4 1 191 192 1137 231 4094 4095
1834 9 2 4 1 904 906 1178 2597 4118 4119
1835 9 2 4 1 1040 1005 1114 3551 1961 4120
1836 9 2 4 1 582 657 1176 3535 4061 4121
1837 9 2 4 1 1024 365 1241 2129 4122 3822
1838 9 2 4 1 654 754 1301 3058 4087 4123
1839 9 2 4 1 937 372 1149 3200 4124 2270
1840 9 2 4 1 810 734 1157 3715 4125 4126
1841 9 2 4 1 500 1034 1187 1727 4127 4128
1842 9 2 4 1 929 1032 1143 3346 3864 3931
1843 9 2 4 1 762 964 1206 3163 4129 3248
1844 9 2 4 1 285 329 1126 3028 1512 3542
1845 9 2 4 1 705 708 1179 3126 4130 3873
1846 9 2 4 1 702 710 1111 3916 4131 4057
1847 9 2 4 1 612 741 1305 3235 3320 4132
1848 9 2 4 1 826 828 1302 3045 4133 4134
1849 9 2 4 1 794 1090 1148 3865 4135 1699
1850 9 2 4 1 604 1050 1142 3304 4136 3896
1851 9 2 4 1 557 728 1112 3920 4137 4064
1852 9 2 4 1 1102 907 1198 3226 4076 4138
1853 9 2 4 1 1065 679 1130 3490 4139 3838
1854 9 2 4 1 361 1058 1188 3967 4140 3837
1855 9 2 4 1 535 538 1197 3789 4141 4142
1856 9 2 4 1 1136 842 1194 2850 4143 3827
1857 9 2 4 1 558 547 1200 2855 4144 4145
1858 9 2 4 1 947 737 1182 3528 4146 1910
1859 9 2 4 1 1034 808 1187 1651 4147 4127
1860 9 2 4 1 789 788 1255 2622 3263 1928
1861 9 2 4 1 41 343 1170 3582 4148 4149
1862 9 2 4 1 358 993 1153 3796 4150 3424
1863 9 2 4 1 331 1105 1254 1987 4151 4152
1864 9 2 4 1 964 861 1206 2393 4153 4129
1865 9 2 4 1 600 530 1116 3888 4154 3453
1866 9 2 4 1 1216 971 1280 4155 3270 4035
1867 9 2 4 1 15 16 1138 55 4156 4112
1868 9 2 4 1 573 574 1193 3603 3946 4157
1869 9 2 4 1 715 772 1133 3773 2223 4158
1870 9 2 4 1 247 248 1163 266 3390 3766
1871 9 2 4 1 24 25 1268 64 3257 4159
1872 9 2 4 1 1015 322 1236 3033 4160 3377
1873 9 2 4 1 339 1053 1269 3938 4161 1513
1874 9 2 4 1 1028 934 1242 2381 4059 4162
1875 9 2 4 1 965 1131 1264 2070 3928 1775
1876 9 2 4 1 29 362 1168 3668 3056 4163
1877 9 2 4 1 1050 637 1286 3953 4164 4165
1878 9 2 4 1 329 1102 1198 3306 4138 3150
1879 9 2 4 1 693 756 1115 3912 4166 4167
1880 9 2 4 1 1114 751 1290 1960 4168 4169
1881 9 2 4 1 1039 344 1295 1453 4170 4171
1882 9 2 4 1 350 948 1147 3352 1667 3527
1883 9 2 4 1 691 693 1115 3806 4167 4172
1884 9 2 4 1 390 392 1160 2373 3774 3444
1885 9 2 4 1 921 333 1166 2959 3332 2278
1886 9 2 4 1 838 682 1132 3748 4052 4173
1887 9 2 4 1 519 611 1116 3885 4174 4175
1888 9 2 4 1 640 961 1279 1913 1976 4176
1889 9 2 4 1 828 827 1210 3044 3086 4177
1890 9 2 4 1 838 1132 1152 4173 2259 2020
1891 9 2 4 1 366 1042 1199 3704 2198 4178
1892 9 2 4 1 530 519 1116 3840 4175 4154
1893 9 2 4 1 714 691 1115 3906 4172 4179
1894 9 2 4 1 395 393 1165 2350 3420 3391
1895 9 2 4 1 1020 736 1293 4180 4181 4182
1896 9 2 4 1 1108 1039 1295 3754 4171 4183
1897 9 2 4 1 1012 785 1228 1384 4184 3868
1898 9 2 4 1 336 193 1183 3617 4185 1313
1899 9 2 4 1 1101 40 1170 3791 4186 4187
1900 9 2 4 1 383 1128 1144 4117 3366 4188
1901 9 2 4 1 1053 767 1269 2950 4189 4161
1902 9 2 4 1 1052 338 1122 3950 2002 1479
1903 9 2 4 1 1090 991 1148 3427 3243 4135
1904 9 2 4 1 633 683 1134 3761 4190 4071
1905 9 2 4 1 716 717 1271 2893 1527 3629
1906 9 2 4 1 1240 945 1273 3981 2205 3998
1907 9 2 4 1 337 123 1167 2996 3156 4191
1908 9 2 4 1 774 822 1291 3113 3699 3767
1909 9 2 4 1 975 1020 1293 3359 4182 3440
1910 9 2 4 1 898 1028 1212 3700 4192 4193
1911 9 2 4 1 403 1036 1215 3717 4194 4195
1912 9 2 4 1 981 355 1265 2136 4196 3825
1913 9 2 4 1 95 96 1174 114 3414 3799
1914 9 2 4 1 858 856 1211 3223 3726 4197
1915 9 2 4 1 894 891 1145 3043 3610 1963
1916 9 2 4 1 1022 318 1257 2281 4198 4078
1917 9 2 4 1 1026 335 1299 3184 4199 4200
1918 9 2 4 1 360 1026 1299 4201 4200 4202
1919 9 2 4 1 430 436 1259 3720 4203 4204
1920 9 2 4 1 1125 594 1146 3859 3461 4205
1921 9 2 4 1 363 1037 1209 2964 4206 4207
1922 9 2 4 1 646 990 1216 3085 4208 4034
1923 9 2 4 1 1223 793 1284 3969 4209 4210
1924 9 2 4 1 546 558 1235 2856 4211 4041
1925 9 2 4 1 380 383 1144 3143 4188 3760
1926 9 2 4 1 731 607 1193 3599 4212 3530
1927 9 2 4 1 480 478 1308 3740 4213 3729
1928 9 2 4 1 1021 1111 1175 3801 4214 4215
1929 9 2 4 1 347 196 1234 3592 4216 4217
1930 9 2 4 1 781 787 1265 3763 3826 4218
1931 9 2 4 1 903 904 1201 2317 4219 4220
1932 9 2 4 1 17 324 1213 3636 1342 4221
1933 9 2 4 1 1114 347 1234 4222 4217 4223
1934 9 2 4 1 317 1029 1303 4224 4225 4226
1935 9 2 4 1 1029 362 1303 1977 4227 4225
1936 9 2 4 1 194 1107 1183 3849 4228 4229
1937 9 2 4 1 1016 1033 1301 3852 4030 4086
1938 9 2 4 1 1055 855 1118 1556 4230 4055
1939 9 2 4 1 488 500 1187 3747 4128 4231
1940 9 2 4 1 751 872 1290 2581 1956 4168
1941 9 2 4 1 344 164 1295 3583 4232 4170
1942 9 2 4 1 756 780 1229 3971 2117 4233
1943 9 2 4 1 322 170 1236 3623 4234 4160
1944 9 2 4 1 171 365 1236 3646 3378 4235
1945 9 2 4 1 1245 1084 1246 4236 4237 4238
1946 9 2 4 1 1027 505 1164 3289 4012 1659
1947 9 2 4 1 1053 168 1244 3604 4239 3900
1948 9 2 4 1 169 322 1244 3624 4081 4240
1949 9 2 4 1 365 172 1241 3645 4241 4122
1950 9 2 4 1 173 318 1241 3659 3823 4242
1951 9 2 4 1 324 1059 1196 3956 1886 3776
1952 9 2 4 1 783 784 1203 2367 4243 4244
1953 9 2 4 1 1194 781 1265 3829 4218 4245
1954 9 2 4 1 12 335 1292 3620 3785 4246
1955 9 2 4 1 736 608 1293 3546 4247 4181
1956 9 2 4 1 335 13 1299 3619 4248 4199
1957 9 2 4 1 14 360 1299 3628 4202 4249
1958 9 2 4 1 799 752 1262 3370 4250 2917
1959 9 2 4 1 828 1141 1302 1449 4251 4133
1960 9 2 4 1 31 317 1303 3657 4226 4252
1961 9 2 4 1 362 30 1303 3667 4253 4227
1962 9 2 4 1 1179 840 1208 4254 4255 3874
1963 9 2 4 1 531 512 1256 2422 2010 4256
1964 9 2 4 1 806 770 1171 3814 4257 4258
1965 9 2 4 1 406 1098 1154 4043 3757 4259
1966 9 2 4 1 1099 11 1292 3735 4260 4261
1967 9 2 4 1 809 747 1146 3857 4262 2910
1968 9 2 4 1 418 408 1215 3733 4263 2079
1969 9 2 4 1 354 980 1251 2330 4026 3297
1970 9 2 4 1 758 1175 1205 4264 4265 4266
1971 9 2 4 1 1029 317 1285 4224 3922 3196
1972 9 2 4 1 28 29 1168 68 4163 2035
1973 9 2 4 1 833 1139 1304 4047 4267 4268
1974 9 2 4 1 770 1109 1171 4073 4269 4257
1975 9 2 4 1 342 244 1159 3053 3655 4270
1976 9 2 4 1 785 757 1228 3958 4271 4184
1977 9 2 4 1 1133 840 1179 3387 4254 4272
1978 9 2 4 1 1109 743 1171 4085 4273 4269
1979 9 2 4 1 713 704 1208 3925 4274 4275
1980 9 2 4 1 609 595 1240 3855 4276 3997
1981 9 2 4 1 1113 769 1158 4053 4277 3380
1982 9 2 4 1 40 41 1170 80 4149 4186
1983 9 2 4 1 165 1108 1295 3798 4183 4278
1984 9 2 4 1 734 762 1157 3170 3247 4125
1985 9 2 4 1 1046 577 1143 3485 4279 3863
1986 9 2 4 1 1007 951 1155 3241 3930 3711
1987 9 2 4 1 1233 402 1237 4280 4281 1965
1988 9 2 4 1 1149 372 1220 4124 4282 1528
1989 9 2 4 1 750 749 1153 3601 4113 4283
1990 9 2 4 1 825 824 1222 2344 4284 4285
1991 9 2 4 1 398 402 1233 2359 4280 3272
1992 9 2 4 1 723 949 1196 2719 3777 3990
1993 9 2 4 1 547 673 1200 3457 4286 4144
1994 9 2 4 1 1111 710 1175 4131 4287 4214
1995 9 2 4 1 803 726 1192 3793 4288 4289
1996 9 2 4 1 1036 911 1215 1367 2080 4194
1997 9 2 4 1 811 761 1246 2332 4290 4291
1998 9 2 4 1 840 839 1267 1756 2258 4292
1999 9 2 4 1 776 744 1263 3686 4293 4294
2000 9 2 4 1 783 1203 1224 4244 3423 4295
2001 9 2 4 1 1175 876 1205 4296 3818 4265
2002 9 2 4 1 930 1143 1197 3932 4297 4298
2003 9 2 4 1 827 825 1231 2605 4299 4300
2004 9 2 4 1 793 794 1284 3698 3598 4209
2005 9 2 4 1 769 806 1158 3815 4301 4277
2006 9 2 4 1 402 407 1237 2657 3351 4281
2007 9 2 4 1 574 1051 1178 3303 4302 4303
2008 9 2 4 1 1077 571 1231 4011 4304 4066
2009 9 2 4 1 1081 321 1169 4050 4305 3742
2010 9 2 4 1 747 1125 1146 3834 4205 4262
2011 9 2 4 1 877 857 1278 2536 3240 4306
2012 9 2 4 1 683 685 1161 3819 4307 4308
2013 9 2 4 1 1153 993 1221 4150 4033 4309
2014 9 2 4 1 636 797 1286 3764 4310 4311
2015 9 2 4 1 925 727 1285 2465 3264 3921
2016 9 2 4 1 1041 803 1139 3854 3782 4046
2017 9 2 4 1 805 920 1289 2870 4312 4106
2018 9 2 4 1 798 763 1275 3037 1897 4313
2019 9 2 4 1 1060 364 1156 3973 3329 4314
2020 9 2 4 1 722 1000 1270 2517 2033 3895
2021 9 2 4 1 1088 406 1154 4051 4259 3405
2022 9 2 4 1 812 738 1177 3399 4023 2752
2023 9 2 4 1 558 1206 1235 4049 4315 4211
2024 9 2 4 1 758 1021 1175 3575 4215 4264
2025 9 2 4 1 775 789 1277 2623 4316 3215
2026 9 2 4 1 314 1019 1239 1643 4090 4317
2027 9 2 4 1 313 1038 1195 1698 4318 4319
2028 9 2 4 1 733 1166 1240 2027 3982 4320
2029 9 2 4 1 193 194 1183 233 4229 4185
2030 9 2 4 1 715 1133 1179 4158 4272 4321
2031 9 2 4 1 767 765 1269 2890 3238 4189
2032 9 2 4 1 1134 683 1161 4190 4308 2486
2033 9 2 4 1 748 952 1189 2980 2313 4322
2034 9 2 4 1 743 786 1171 3722 4323 4273
2035 9 2 4 1 764 531 1204 3100 4324 3287
2036 9 2 4 1 972 971 1216 2387 4155 4325
2037 9 2 4 1 1139 883 1304 1426 4074 4267
2038 9 2 4 1 920 1101 1170 1399 4187 4326
2039 9 2 4 1 958 420 1294 2962 4327 3586
2040 9 2 4 1 376 378 1181 3139 3887 3554
2041 9 2 4 1 1023 967 1176 3375 4328 4060
2042 9 2 4 1 885 1099 1292 3536 4261 3784
2043 9 2 4 1 824 880 1300 3144 3945 4329
2044 9 2 4 1 1069 640 1279 3547 4176 2738
2045 9 2 4 1 330 992 1302 1614 4330 4331
2046 9 2 4 1 1138 16 1213 4156 4332 4333
2047 9 2 4 1 1104 972 1216 2982 4325 4334
2048 9 2 4 1 1187 808 1308 4147 3730 4335
2049 9 2 4 1 342 1159 1210 4270 4336 3334
2050 9 2 4 1 862 560 1282 3097 4093 3881
2051 9 2 4 1 814 811 1249 3016 4337 3595
2052 9 2 4 1 720 799 1219 3371 1434 3576
2053 9 2 4 1 1143 577 1197 4279 4338 4297
2054 9 2 4 1 708 715 1179 3687 4321 4130
2055 9 2 4 1 1178 1051 1201 4302 4339 4340
2056 9 2 4 1 1037 926 1209 2549 4005 4206
2057 9 2 4 1 821 783 1224 3107 4295 4341
2058 9 2 4 1 835 552 1232 2377 2092 3989
2059 9 2 4 1 752 1032 1262 3178 3104 4250
2060 9 2 4 1 1107 873 1183 2046 1314 4228
2061 9 2 4 1 987 988 1218 3344 1650 2193
2062 9 2 4 1 718 1116 1226 3454 4342 4343
2063 9 2 4 1 86 937 1250 3117 4344 4098
2064 9 2 4 1 584 582 1176 3975 4121 4345
2065 9 2 4 1 737 739 1182 3564 2672 4146
2066 9 2 4 1 484 488 1187 3191 4231 4346
2067 9 2 4 1 825 1222 1231 4285 4067 4299
2068 9 2 4 1 1155 1027 1226 3929 4347 4348
2069 9 2 4 1 710 876 1175 3977 4296 4287
2070 9 2 4 1 373 293 1253 3164 4102 4349
2071 9 2 4 1 989 931 1189 3102 4350 2235
2072 9 2 4 1 607 573 1193 3065 4157 4212
2073 9 2 4 1 1027 718 1226 1523 4343 4347
2074 9 2 4 1 990 1104 1216 3512 4334 4208
2075 9 2 4 1 1084 445 1246 4045 4351 4237
2076 9 2 4 1 931 331 1254 3004 4152 4352
2077 9 2 4 1 1157 558 1200 4048 4145 4353
2078 9 2 4 1 673 802 1288 3484 3878 4354
2079 9 2 4 1 461 462 1227 2940 3966 4355
2080 9 2 4 1 1103 313 1195 4356 4319 3505
2081 9 2 4 1 842 782 1194 3046 3830 4143
2082 9 2 4 1 321 1054 1169 3949 2831 4305
2083 9 2 4 1 970 328 1184 3310 3501 1626
2084 9 2 4 1 887 908 1248 2455 3589 3367
2085 9 2 4 1 318 1060 1257 3968 4357 4198
2086 9 2 4 1 729 1105 1218 4097 1989 1649
2087 9 2 4 1 239 374 1238 3167 4110 3850
2088 9 2 4 1 810 1200 1288 4358 4359 4360
2089 9 2 4 1 998 569 1284 3132 4361 3597
2090 9 2 4 1 1200 673 1288 4286 4354 4359
2091 9 2 4 1 577 535 1197 3136 4142 4338
2092 9 2 4 1 1124 348 1277 4044 1868 4362
2093 9 2 4 1 1075 1076 1230 3996 2513 4363
2094 9 2 4 1 364 176 1190 3669 4082 2933
2095 9 2 4 1 1211 560 1235 4092 4042 4364
2096 9 2 4 1 1206 861 1235 4153 4365 4315
2097 9 2 4 1 1167 776 1263 1389 4294 4366
2098 9 2 4 1 1100 714 1173 4068 4367 4368
2099 9 2 4 1 797 1142 1286 1778 4369 4310
2100 9 2 4 1 1026 360 1217 4201 4018 3810
2101 9 2 4 1 844 602 1307 2446 3532 4015
2102 9 2 4 1 800 732 1266 3397 3081 2041
2103 9 2 4 1 900 903 1276 2374 4370 2403
2104 9 2 4 1 750 1153 1221 4283 4309 4371
2105 9 2 4 1 16 17 1213 56 4221 4332
2106 9 2 4 1 736 1020 1281 4180 4372 4373
2107 9 2 4 1 1259 436 1276 4203 2038 4374
2108 9 2 4 1 197 1040 1234 1585 4375 4376
2109 9 2 4 1 905 986 1198 3608 3151 4075
2110 9 2 4 1 1006 373 1255 3273 2626 3262
2111 9 2 4 1 1161 685 1191 4307 4377 1594
2112 9 2 4 1 313 1103 1207 4356 4378 4379
2113 9 2 4 1 1247 728 1249 4380 4381 4382
2114 9 2 4 1 1173 714 1180 4367 4383 4384
2115 9 2 4 1 1224 679 1287 4385 4386 4387
2116 9 2 4 1 1197 538 1298 4141 4388 4389
2117 9 2 4 1 408 403 1215 3122 4195 4263
2118 9 2 4 1 1038 760 1195 3202 1751 4318
2119 9 2 4 1 786 1069 1204 3349 2737 4390
2120 9 2 4 1 1110 367 1272 4009 1734 4391
2121 9 2 4 1 685 1100 1191 3894 4392 4377
2122 9 2 4 1 569 1003 1223 3160 3853 4393
2123 9 2 4 1 726 773 1192 3872 1521 4288
2124 9 2 4 1 368 1120 1278 4063 4394 1922
2125 9 2 4 1 1173 865 1191 4007 1579 4395
2126 9 2 4 1 902 898 1212 3066 4193 1799
2127 9 2 4 1 1172 803 1192 3783 4289 4396
2128 9 2 4 1 1103 1043 1207 3870 3131 4378
2129 9 2 4 1 904 1178 1201 4119 4340 4219
2130 9 2 4 1 1145 890 1225 3609 4397 4398
2131 9 2 4 1 1176 967 1283 4328 4399 4400
2132 9 2 4 1 170 171 1236 210 4235 4234
2133 9 2 4 1 704 705 1208 3432 3875 4274
2134 9 2 4 1 26 313 1207 3691 4379 4104
2135 9 2 4 1 1020 978 1281 3470 2530 4372
2136 9 2 4 1 196 197 1234 236 4376 4216
2137 9 2 4 1 1189 931 1254 4350 4352 4401
2138 9 2 4 1 714 1115 1180 4179 4402 4383
2139 9 2 4 1 871 1138 1213 2981 4333 1341
2140 9 2 4 1 761 1245 1246 3357 4238 4290
2141 9 2 4 1 178 315 1214 3690 2988 4111
2142 9 2 4 1 1100 1173 1191 4368 4395 4392
2143 9 2 4 1 810 1157 1200 4126 4353 4358
2144 9 2 4 1 748 1189 1254 4322 4401 4403
2145 9 2 4 1 172 173 1241 212 4242 4241
2146 9 2 4 1 168 169 1244 208 4240 4239
2147 9 2 4 1 372 995 1220 3808 4077 4282
2148 9 2 4 1 861 858 1211 3752 4197 4404
2149 9 2 4 1 1070 609 1273 3820 3999 4405
2150 9 2 4 1 569 1223 1284 4393 4210 4361
2151 9 2 4 1 584 1176 1283 4345 4400 4406
2152 9 2 4 1 1061 366 1199 3984 4178 1558
2153 9 2 4 1 967 968 1283 3504 4407 4399
2154 9 2 4 1 757 758 1228 3510 4408 4271
2155 9 2 4 1 1076 750 1221 3995 4371 3506
2156 9 2 4 1 1000 999 1260 2516 3568 4091
2157 9 2 4 1 1051 441 1201 3503 4409 4339
2158 9 2 4 1 315 1064 1202 3978 1705 4100
2159 9 2 4 1 484 1187 1308 4346 4335 4410
2160 9 2 4 1 1057 363 1209 3965 4207 2826
2161 9 2 4 1 821 1224 1287 4341 4387 2630
2162 9 2 4 1 1185 923 1225 1396 2086 4411
2163 9 2 4 1 1116 611 1226 4174 4412 4342
2164 9 2 4 1 789 1124 1277 2232 4362 4316
2165 9 2 4 1 1040 1114 1234 4120 4223 4375
2166 9 2 4 1 441 430 1259 3084 4204 4413
2167 9 2 4 1 1201 441 1259 4409 4413 4414
2168 9 2 4 1 778 1110 1272 2477 4391 3976
2169 9 2 4 1 595 733 1240 3573 4320 4276
2170 9 2 4 1 11 12 1292 51 4246 4260
2171 9 2 4 1 660 612 1305 3518 4132 1569
2172 9 2 4 1 164 165 1295 204 4278 4232
2173 9 2 4 1 968 1094 1283 2292 4415 4407
2174 9 2 4 1 864 1173 1180 4008 4384 4013
2175 9 2 4 1 944 1070 1273 1741 4405 2204
2176 9 2 4 1 753 796 1251 3413 3451 4025
2177 9 2 4 1 355 1194 1265 3828 4245 4196
2178 9 2 4 1 13 14 1299 53 4249 4248
2179 9 2 4 1 985 353 1242 3759 4416 4058
2180 9 2 4 1 571 1075 1230 3992 4363 4417
2181 9 2 4 1 1105 748 1254 3908 4403 4151
2182 9 2 4 1 30 31 1303 70 4252 4253
2183 9 2 4 1 790 838 1271 3749 3630 1658
2184 9 2 4 1 916 1188 1239 1631 4418 4089
2185 9 2 4 1 759 800 1261 3398 3402 3835
2186 9 2 4 1 413 1180 1229 4014 4419 2116
2187 9 2 4 1 528 1077 1222 4006 4065 4420
2188 9 2 4 1 903 1201 1259 4220 4414 4421
2189 9 2 4 1 1212 1028 1242 4192 4162 4422
2190 9 2 4 1 668 654 1301 3666 4123 4029
2191 9 2 4 1 1120 877 1278 3168 4306 4394
2192 9 2 4 1 856 850 1282 3225 3882 3727
2193 9 2 4 1 992 826 1302 3684 4134 4330
2194 9 2 4 1 611 1155 1226 3714 4348 4412
2195 9 2 4 1 811 1247 1249 4423 4382 4337
2196 9 2 4 1 806 1171 1258 4258 4424 4425
2197 9 2 4 1 1097 646 1280 3903 4036 4426
2198 9 2 4 1 366 24 1268 3680 4159 3705
2199 9 2 4 1 478 484 1308 3201 4410 4213
2200 9 2 4 1 1142 1050 1286 4136 4165 4369
2201 9 2 4 1 1112 728 1247 4137 4380 4427
2202 9 2 4 1 528 1222 1300 4420 4428 4429
2203 9 2 4 1 744 809 1263 3858 3275 4293
2204 9 2 4 1 445 1112 1247 4010 4427 4430
2205 9 2 4 1 1094 584 1283 3987 4406 4415
2206 9 2 4 1 679 675 1287 3459 4116 4386
2207 9 2 4 1 323 1118 1243 4056 4431 1743
2208 9 2 4 1 728 729 1249 3955 3596 4381
2209 9 2 4 1 608 637 1293 3918 3441 4247
2210 9 2 4 1 1058 314 1239 3974 4317 4432
2211 9 2 4 1 832 833 1304 3417 4268 3285
2212 9 2 4 1 1203 784 1298 4243 1596 4433
2213 9 2 4 1 1115 756 1229 4166 4233 4434
2214 9 2 4 1 423 1084 1245 4031 4236 4004
2215 9 2 4 1 713 1208 1267 4275 4435 1772
2216 9 2 4 1 481 1172 1192 2142 4396 1520
2217 9 2 4 1 637 636 1286 3917 4311 4164
2218 9 2 4 1 1119 45 1250 4028 4103 4436
2219 9 2 4 1 1227 798 1275 1745 4313 4437
2220 9 2 4 1 937 1119 1250 2269 4436 4344
2221 9 2 4 1 7 1121 1253 4039 4438 4107
2222 9 2 4 1 1118 855 1243 4230 3335 4431
2223 9 2 4 1 1141 330 1302 4096 4331 4251
2224 9 2 4 1 1135 935 1252 1518 4084 4439
2225 9 2 4 1 1121 373 1253 2625 4349 4438
2226 9 2 4 1 970 1097 1280 1499 4426 3269
2227 9 2 4 1 1222 824 1300 4284 4329 4428
2228 9 2 4 1 337 1167 1263 4191 4366 3274
2229 9 2 4 1 1170 343 1289 4148 3696 4440
2230 9 2 4 1 1171 786 1258 4323 4441 4424
2231 9 2 4 1 1130 679 1224 4139 4385 3422
2232 9 2 4 1 1156 740 1257 1461 4079 4442
2233 9 2 4 1 1080 810 1288 4024 4360 3877
2234 9 2 4 1 160 1135 1252 4115 4439 4114
2235 9 2 4 1 347 1114 1290 4222 4169 2094
2236 9 2 4 1 1178 906 1306 4118 2016 4443
2237 9 2 4 1 758 1205 1228 4266 3869 4408
2238 9 2 4 1 890 1185 1225 2797 4411 4397
2239 9 2 4 1 1078 528 1300 4027 4429 3944
2240 9 2 4 1 1180 1115 1229 4402 4434 4419
2241 9 2 4 1 1256 806 1258 4444 4425 4445
2242 9 2 4 1 1159 828 1210 1450 4177 4336
2243 9 2 4 1 930 1197 1298 4298 4389 1595
2244 9 2 4 1 933 1145 1225 2578 4398 2085
2245 9 2 4 1 1060 1156 1257 4314 4442 4357
2246 9 2 4 1 1188 1058 1239 4140 4432 4418
2247 9 2 4 1 1158 806 1256 4301 4444 1846
2248 9 2 4 1 420 1260 1294 3772 4108 4327
2249 9 2 4 1 903 1259 1276 4421 4374 4370
2250 9 2 4 1 786 1204 1258 4390 4446 4441
2251 9 2 4 1 1127 736 1281 4016 4373 2319
2252 9 2 4 1 531 1256 1258 4256 4445 4447
2253 9 2 4 1 861 1211 1235 4404 4364 4365
2254 9 2 4 1 571 1230 1231 4417 4448 4304
2255 9 2 4 1 1246 445 1247 4351 4430 4449
2256 9 2 4 1 1230 827 1231 3087 4300 4448
2257 9 2 4 1 1204 531 1258 4324 4447 4446
2258 9 2 4 1 574 1178 1306 4303 4443 3947
2259 9 2 4 1 811 1246 1247 4291 4449 4423
2260 9 2 4 1 353 1212 1242 1790 4422 4416
2261 9 2 4 1 538 1203 1298 3951 4433 4388
2262 9 2 4 1 1208 840 1267 4255 4292 4435
2263 9 2 4 1 920 1170 1289 4326 4440 4312
2264 9 2 4 1 461 1227 1275 4355 4437 4080
$EndElements
