$MeshFormat
2.2 0 8
$EndMeshFormat
$PhysicalNames
3
1 1 "RightEdge"
1 2 "LeftEdge"
2 3 "Plate"
$EndPhysicalNames
$Nodes
6940
1 -5 -5 0
2 5 -5 0
3 5 5 0
4 -5 5 0
5 0.05 0 0
6 0 0.5 0
7 -0.05 0 0
8 0 -0.5 0
9 -4.499999999999384 -5 0
10 -3.999999999998766 -5 0
11 -3.49999999999926 -5 0
12 -3.000000000000863 -5 0
13 -2.500000000002466 -5 0
14 -2.00000000000407 -5 0
15 -1.500000000005672 -5 0
16 -1.00000000000724 -5 0
17 -0.5000000000067626 -5 0
18 -6.145306485905166e-12 -5 0
19 0.499999999994472 -5 0
20 0.9999999999950866 -5 0
21 1.499999999995705 -5 0
22 1.999999999996321 -5 0
23 2.499999999996938 -5 0
24 2.999999999997555 -5 0
25 3.499999999998165 -5 0
26 3.999999999998776 -5 0
27 4.499999999999389 -5 0
28 -4.749999999999845 -5 0
29 -4.249999999999029 -5 0
30 -3.749999999998896 -5 0
31 -3.250000000000092 -5 0
32 -2.750000000001593 -5 0
33 -2.250000000003279 -5 0
34 -1.750000000004898 -5 0
35 -1.250000000006469 -5 0
36 -0.7500000000069198 -5 0
37 -0.2500000000064118 -5 0
38 0.2499999999942872 -5 0
39 0.7499999999949214 -5 0
40 1.249999999995286 -5 0
41 1.7499999999961 -5 0
42 2.249999999996637 -5 0
43 2.749999999997238 -5 0
44 3.249999999997739 -5 0
45 3.74999999999835 -5 0
46 4.249999999999087 -5 0
47 4.74999999999949 -5 0
48 5 -4.499999999999384 0
49 5 -3.999999999998766 0
50 5 -3.49999999999926 0
51 5 -3.000000000000863 0
52 5 -2.500000000002466 0
53 5 -2.00000000000407 0
54 5 -1.500000000005672 0
55 5 -1.00000000000724 0
56 5 -0.5000000000067626 0
57 5 -6.145306485905166e-12 0
58 5 0.499999999994472 0
59 5 0.9999999999950866 0
60 5 1.499999999995705 0
61 5 1.999999999996321 0
62 5 2.499999999996938 0
63 5 2.999999999997555 0
64 5 3.499999999998165 0
65 5 3.999999999998776 0
66 5 4.499999999999389 0
67 5 -4.749999999999845 0
68 5 -4.249999999999029 0
69 5 -3.749999999998896 0
70 5 -3.250000000000092 0
71 5 -2.750000000001593 0
72 5 -2.250000000003279 0
73 5 -1.750000000004898 0
74 5 -1.250000000006469 0
75 5 -0.7500000000069198 0
76 5 -0.2500000000064118 0
77 5 0.2499999999942872 0
78 5 0.7499999999949214 0
79 5 1.249999999995286 0
80 5 1.7499999999961 0
81 5 2.249999999996637 0
82 5 2.749999999997238 0
83 5 3.249999999997739 0
84 5 3.74999999999835 0
85 5 4.249999999999087 0
86 5 4.74999999999949 0
87 4.499999999999384 5 0
88 3.999999999998766 5 0
89 3.49999999999926 5 0
90 3.000000000000863 5 0
91 2.500000000002466 5 0
92 2.00000000000407 5 0
93 1.500000000005672 5 0
94 1.00000000000724 5 0
95 0.5000000000067626 5 0
96 6.145306485905166e-12 5 0
97 -0.499999999994472 5 0
98 -0.9999999999950866 5 0
99 -1.499999999995705 5 0
100 -1.999999999996321 5 0
101 -2.499999999996938 5 0
102 -2.999999999997555 5 0
103 -3.499999999998165 5 0
104 -3.999999999998776 5 0
105 -4.499999999999389 5 0
106 4.749999999999845 5 0
107 4.249999999999029 5 0
108 3.749999999998896 5 0
109 3.250000000000092 5 0
110 2.750000000001593 5 0
111 2.250000000003279 5 0
112 1.750000000004898 5 0
113 1.250000000006469 5 0
114 0.7500000000069198 5 0
115 0.2500000000064118 5 0
116 -0.2499999999942872 5 0
117 -0.7499999999949214 5 0
118 -1.249999999995286 5 0
119 -1.7499999999961 5 0
120 -2.249999999996637 5 0
121 -2.749999999997238 5 0
122 -3.249999999997739 5 0
123 -3.74999999999835 5 0
124 -4.249999999999087 5 0
125 -4.74999999999949 5 0
126 -5 4.499999999999384 0
127 -5 3.999999999998766 0
128 -5 3.49999999999926 0
129 -5 3.000000000000863 0
130 -5 2.500000000002466 0
131 -5 2.00000000000407 0
132 -5 1.500000000005672 0
133 -5 1.00000000000724 0
134 -5 0.5000000000067626 0
135 -5 6.145306485905166e-12 0
136 -5 -0.499999999994472 0
137 -5 -0.9999999999950866 0
138 -5 -1.499999999995705 0
139 -5 -1.999999999996321 0
140 -5 -2.499999999996938 0
141 -5 -2.999999999997555 0
142 -5 -3.499999999998165 0
143 -5 -3.999999999998776 0
144 -5 -4.499999999999389 0
145 -5 4.749999999999845 0
146 -5 4.249999999999029 0
147 -5 3.749999999998896 0
148 -5 3.250000000000092 0
149 -5 2.750000000001593 0
150 -5 2.250000000003279 0
151 -5 1.750000000004898 0
152 -5 1.250000000006469 0
153 -5 0.7500000000069198 0
154 -5 0.2500000000064118 0
155 -5 -0.2499999999942872 0
156 -5 -0.7499999999949214 0
157 -5 -1.249999999995286 0
158 -5 -1.7499999999961 0
159 -5 -2.249999999996637 0
160 -5 -2.749999999997238 0
161 -5 -3.249999999997739 0
162 -5 -3.74999999999835 0
163 -5 -4.249999999999087 0
164 -5 -4.74999999999949 0
165 0.04916229647985884 0.09114197980429206 0
166 0.04696322414808182 0.1715970797003917 0
167 0.04374286424802855 0.2421903853125775 0
168 0.03973341509903095 0.3035219472407393 0
169 0.035105161909585 0.3560375833113442 0
170 0.03014784510662997 0.39888688063493 0
171 0.02553572045495257 0.4298752122240265 0
172 0.02137706306239633 0.4519979175644874 0
173 0.01766784206452956 0.4677443058747847 0
174 0.01437495670954488 0.4788904488083586 0
175 0.01145096522421503 0.4867109404393761 0
176 0.008845945586495147 0.4921127154098711 0
177 0.006516601755229503 0.49573520165142 0
178 0.004439399374045192 0.4980252737761134 0
179 0.002628997837556621 0.4993083586692819 0
180 0.001138067267450737 0.4998704635097734 0
181 0.04979187764810929 0.04557293086440101 0
182 0.04824321178345053 0.1313744711948027 0
183 0.04551833231918352 0.2069012863373195 0
184 0.04189794749472522 0.2728666333081511 0
185 0.03758136041449816 0.3297940796005278 0
186 0.03278842570563274 0.3774810114093427 0
187 0.02797706570831395 0.4144012300117707 0
188 0.02357032295171287 0.4409580338254377 0
189 0.01962070817427961 0.4598943151137834 0
190 0.01610788829863984 0.4733429976833441 0
191 0.01299053424584286 0.4828297857431317 0
192 0.01021894019314631 0.4894459379062104 0
193 0.007744986616236005 0.4939650981915955 0
194 0.005532401268594964 0.4969298276621408 0
195 0.003572938771158181 0.498721776999717 0
196 0.001901828660430961 0.4996381738564782 0
197 0.0005726614040987796 0.4999672048161015 0
198 -0.00113751653458305 0.4998705888661135 0
199 -0.002627641448990312 0.499309072660967 0
200 -0.004437139139953604 0.4980272880327635 0
201 -0.006513519161087025 0.4957392528475179 0
202 -0.008842195382958646 0.4921194550929261 0
203 -0.01144680913373514 0.4867207167006391 0
204 -0.01437071799847227 0.47890317019293 0
205 -0.01766410685932471 0.4677584129507836 0
206 -0.02137470674318503 0.452009060931619 0
207 -0.02553791591927364 0.4298621698289011 0
208 -0.03015569826119023 0.3988275143943868 0
209 -0.03511546228241311 0.355935992657728 0
210 -0.0397407324136004 0.303426133882797 0
211 -0.04374747233386272 0.2421071383495159 0
212 -0.04696554515827764 0.1715335442372088 0
213 -0.04916296523841131 0.09110589935166732 0
214 -0.0005723808283910691 0.4999672369453113 0
215 -0.001900848412393738 0.4996385468829542 0
216 -0.003571085003290426 0.4987231047283928 0
217 -0.005529688494233865 0.4969328470886924 0
218 -0.007741543669204945 0.4939704952340567 0
219 -0.01021497929724149 0.4894542060251324 0
220 -0.01298634733889241 0.4828410486685698 0
221 -0.01610394037874492 0.4733564306395159 0
222 -0.01961774317683959 0.4599069637054394 0
223 -0.02357049177416284 0.4409571314225593 0
224 -0.02798242108076545 0.4143650697704542 0
225 -0.03279768718829261 0.3774005451902404 0
226 -0.03759002150285848 0.3296953568697378 0
227 -0.04190377780441367 0.2727770895288548 0
228 -0.04552166798305067 0.2068278859440622 0
229 -0.04824456802269056 0.1313246573587702 0
230 -0.0497920427535781 0.04555488824028738 0
231 -0.04916232349161526 -0.09114052276884105 0
232 -0.04696331789386903 -0.1715945140146982 0
233 -0.04374305036570249 -0.242187023744795 0
234 -0.03973371063739478 -0.3035180783715832 0
235 -0.03510557788482114 -0.3560334817643926 0
236 -0.030148071168635 -0.3988851720496669 0
237 -0.02553550199145035 -0.4298765099472917 0
238 -0.02137646531017025 -0.4520007445616757 0
239 -0.01766737545111614 -0.4677460683607401 0
240 -0.0143745901254458 -0.4788915491763703 0
241 -0.01145068166650513 -0.4867116075636953 0
242 -0.008845735309928614 -0.4921130933867421 0
243 -0.006516452069007517 -0.4957353984165675 0
244 -0.00443929993863898 -0.4980253624118756 0
245 -0.002628941380226032 -0.4993083883953218 0
246 -0.001138044908176877 -0.4998704686003138 0
247 -0.04979188431848458 -0.04557220206951881 0
248 -0.0482432665621352 -0.1313724596004694 0
249 -0.04551846704585864 -0.2068983223216379 0
250 -0.04189818297832689 -0.2728630174858153 0
251 -0.03758171021408058 -0.3297900934511035 0
252 -0.03278876002236571 -0.3774781074705813 0
253 -0.02797709556387033 -0.4144010284507113 0
254 -0.02356993627544674 -0.4409601006861487 0
255 -0.01962017042945207 -0.4598966092850933 0
256 -0.01610746778780608 -0.4733444286631873 0
257 -0.01299020594434688 -0.4828306690262599 0
258 -0.01021869020617788 -0.4894464598370455 0
259 -0.007744803849102367 -0.4939653847527102 0
260 -0.005532274158035436 -0.4969299691747656 0
261 -0.0035728586698766 -0.4987218343851699 0
262 -0.001901788126061753 -0.4996381892853639 0
263 -0.0005726500110757821 -0.499967206121043 0
264 0.001137517551429427 -0.4998705886347175 0
265 0.002627643976374829 -0.4993090713309163 0
266 0.004437143403194313 -0.4980272842344572 0
267 0.006513525332283763 -0.4957392447391771 0
268 0.008842202868401887 -0.4921194416433905 0
269 0.01144681829804368 -0.4867206951477994 0
270 0.01437072973253148 -0.4789031349818598 0
271 0.0176641219036302 -0.4677583561384756 0
272 0.0213747140360335 -0.4520090264450247 0
273 0.02553790243370962 -0.4298622499459944 0
274 0.03015567946318169 -0.3988276565277086 0
275 0.03511544332496586 -0.3559361796855031 0
276 0.03974071894844384 -0.3034263102403604 0
277 0.04374746385383731 -0.2421072915790013 0
278 0.0469655408872835 -0.1715336611761376 0
279 0.04916296400786026 -0.09110596575517722 0
280 0.0005723813462005204 -0.4999672368860305 0
281 0.001900850231632588 -0.499638546190834 0
282 0.003571088471213004 -0.4987231022452007 0
283 0.005529693806374846 -0.4969328411775317 0
284 0.007741550545240839 -0.4939704844578753 0
285 0.01021498768709926 -0.4894541885153716 0
286 0.01298635788778852 -0.4828410202965642 0
287 0.01610395390062703 -0.4733563846370383 0
288 0.01961775390795048 -0.4599069179309104 0
289 0.02357048754967056 -0.4409571540037447 0
290 0.02798240463207038 -0.4143651808498252 0
291 0.03279766824950364 -0.3774007097761606 0
292 0.03759000556617322 -0.329695538570825 0
293 0.04190376707753071 -0.2727772543142208 0
294 0.045521661841376 -0.2068280211188536 0
295 0.0482445655261334 -0.13132474907443 0
296 0.04979204244973445 -0.04555492145075173 0
297 0.0880896149715481 0.3283595767864721 0
298 0.1255579508947476 0.04289356002369712 0
299 0.0645157664253045 -0.3804076626396276 0
300 -0.08089477507049761 -0.3294241661153119 0
301 -0.1205171555443607 -0.04603839197415423 0
302 -0.06464566950680944 0.380687483213802 0
303 -4.553855354000225 1.742821018882585 0
304 4.577228342355155 -1.748377570789918 0
305 -4.598825350306445 -1.777011161808121 0
306 4.54422743391139 1.684342699086532 0
307 -1.829525274816959 4.510825758108921 0
308 1.748263511199549 -4.628136479943047 0
309 -1.769040589907411 -4.645441669361516 0
310 1.77474649502676 4.587600698410708 0
311 0.09700631103878893 -0.201180736475927 0
312 -0.1024966787745565 0.2094258657910732 0
313 0.2323248502297319 4.576702942797139 0
314 -0.2851144104124561 -4.593349000818365 0
315 -4.54986475180102 0.2819944868976034 0
316 4.584544956263591 -0.209734324589692 0
317 -3.260132895685935 -4.581486403206944 0
318 3.209710181521281 4.600735748717584 0
319 4.579006679874633 -3.233116684016315 0
320 -4.566987298109169 3.250000000000062 0
321 0.1025072263783588 0.2095010199088473 0
322 -0.09930874900761071 -0.2075365670335716 0
323 -4.566987298107252 -3.24999999999786 0
324 4.599677221487919 3.229103707030478 0
325 -3.271118861265491 4.597043407748767 0
326 3.231121647130442 -4.621882263895858 0
327 -0.7195703978491453 4.571725927351996 0
328 0.8105409295688382 -4.513129215237665 0
329 -4.561673360100922 -0.7611194769444813 0
330 4.665779174372687 0.7610874928258746 0
331 -4.237816066227388 -4.525324726247375 0
332 4.270522440362472 4.601954209410655 0
333 4.599590831498835 -4.259055854575594 0
334 -4.538117523399102 4.22608511665832 0
335 -0.2449718526112771 4.584838850419679 0
336 -0.4822353913128728 4.193921772995125 0
337 -0.9079819622760922 4.167458068565922 0
338 -0.695229342341636 3.832155038455159 0
339 -1.0777490406519 3.804732301040044 0
340 -0.8670587815769079 3.496125346718947 0
341 -0.5123622048598044 3.514198458709186 0
342 -0.6528528666286992 3.220153652345377 0
343 -0.3469263470543507 3.218972640638327 0
344 -0.4689660648508807 2.960626529379202 0
345 -0.1952692158298149 2.957008931328815 0
346 -0.3239363779516706 2.713591461075487 0
347 -0.05310290013018765 2.719329374758685 0
348 -0.6194595574985596 2.727253919242356 0
349 -0.4380171651523854 2.441815823538368 0
350 -0.6974657636041864 2.454932484242834 0
351 -0.5794482103603245 2.240704986163479 0
352 -0.8013333395385338 2.234748891901519 0
353 -0.6752819106683972 2.047909415583452 0
354 -0.4639070405289554 2.05128443833073 0
355 -0.896832991497364 2.02956516424964 0
356 -0.7662459752542723 1.8213373160774 0
357 -0.9888484178590973 1.829894210117881 0
358 -1.080635396969529 2.001295146511337 0
359 -0.8845018694083029 1.643859596505517 0
360 -1.083796033045538 1.64035499812177 0
361 -0.9681957113672458 1.474609610121679 0
362 -1.171657165384302 1.453967191570816 0
363 -1.058682551928403 1.30219518493976 0
364 -1.263402924943872 1.26843604207268 0
365 -1.121893247460851 1.097317355929558 0
366 -1.352388661602435 1.077798661668411 0
367 -1.236436545681058 0.9015026392248503 0
368 -1.447698503793875 0.8866794215082854 0
369 -1.331752368691741 0.7098658471823323 0
370 -1.539846243921695 0.6955637808459207 0
371 -1.424525614836152 0.5191822284799211 0
372 -1.632948649673381 0.5054878491041669 0
373 -1.514896050352206 0.3334033861101628 0
374 -1.476992937070366 1.242975855617776 0
375 -0.7748434570185427 1.470700080396788 0
376 -1.725868285286134 0.3157420963655272 0
377 -1.604083398330754 0.1442431938199901 0
378 -1.819464375237814 0.1219095699058096 0
379 -1.694963060668069 -0.05780337892925167 0
380 -1.849337267631828 0.4940240098775802 0
381 -1.922305192479584 -0.07989765783404557 0
382 -1.791661958935692 -0.2675887130999182 0
383 -1.525507986171581 -0.2498705715803745 0
384 -1.64697786354394 -0.4633905973786411 0
385 -1.891631318499551 -0.4811467379550288 0
386 -1.756602432552662 -0.6775268115680468 0
387 -1.514674737723868 -0.6546263890536984 0
388 -1.604425614670988 -0.8620998719081124 0
389 -1.375014317190864 -0.8329763465643646 0
390 -1.461376176786721 -1.057258651429949 0
391 -1.246957402105419 -1.021709146434944 0
392 -1.327931945643772 -1.219492633817059 0
393 -1.081583997909995 -1.195830732906603 0
394 -1.195991307806936 -1.386354369612865 0
395 -0.975897462983666 -1.386661022847899 0
396 -1.420522524869116 -1.417532326483722 0
397 -1.073552053053396 -1.554313705408272 0
398 -0.8578522292061287 -1.528453806908363 0
399 -0.9428938001293596 -1.732394287513267 0
400 -0.7256546746492338 -1.701104462507156 0
401 -0.6398030731737939 -1.484882917153649 0
402 -0.521916540479658 -1.662736512505594 0
403 -0.4434689487747921 -1.488773873729987 0
404 -0.333596191745521 -1.634933069255275 0
405 -0.274052113085844 -1.477571339963947 0
406 -0.1636207660446768 -1.60809327398912 0
407 -0.09946512988980934 -1.449592013619868 0
408 0.002511487311509799 -1.58145376525793 0
409 0.06884391430119943 -1.429774715782865 0
410 0.1655462488500414 -1.556176646349341 0
411 0.2269941709938375 -1.405323523762544 0
412 0.3329076242076482 -1.533947955130552 0
413 0.3967007202880506 -1.38503311832908 0
414 0.5072836221938437 -1.513794301391077 0
415 0.576759020173626 -1.352541552826216 0
416 0.6936815848152983 -1.491625714124732 0
417 0.7603261605168395 -1.315972674973233 0
418 0.8956342366128466 -1.473676793760809 0
419 0.9631094419950973 -1.291712479815591 0
420 1.110122996451128 -1.448500886598354 0
421 1.183988743984491 -1.248300316286369 0
422 1.331237945530421 -1.415000719394494 0
423 1.408381603429807 -1.192742145244608 0
424 0.1142050978254059 -1.711158415420862 0
425 1.239861057679805 -1.019941154579787 0
426 1.485572107966031 -0.9735996924059648 0
427 1.340797841217912 -0.7931015159238077 0
428 1.566996256490971 -0.7547753357041584 0
429 1.421907825207768 -0.5829900396475427 0
430 1.646294641766858 -0.5410248653844638 0
431 1.499301775415026 -0.368742417382865 0
432 1.719673545975047 -0.3224006901860415 0
433 1.575907511253165 -0.1432089325820346 0
434 0.8096021629192404 -1.677194694161592 0
435 1.804916502089292 -0.0997004139342649 0
436 1.657376143499954 0.09171972626213198 0
437 1.566807030188172 -1.379787271459711 0
438 1.470940653419097 -1.611919459135306 0
439 -0.3722089646027155 -1.357642723684701 0
440 1.799460336176927 -0.7185896010510621 0
441 1.899325145732341 0.1310868742289241 0
442 1.738030425654458 0.3322042121356752 0
443 -0.5883237087871076 -1.86603315021404 0
444 -1.041172085349964 -0.9975200154399435 0
445 1.728942177707954 -1.580356456423808 0
446 -1.864406163721293 -0.9319201058202375 0
447 1.994881141133939 0.3748953028898455 0
448 1.819049886387615 0.5774134295752852 0
449 2.030845046271871 -0.08156573456862573 0
450 1.532818035908541 0.5159360019943428 0
451 1.64091553778342 0.7725748875924165 0
452 1.383275382986029 0.7327163377916156 0
453 1.466985938842807 0.9777008357583614 0
454 1.731159484161066 1.032549848418629 0
455 1.224668481309282 0.9139031723093211 0
456 1.544554806542834 1.242710984373802 0
457 1.823283715780309 1.305320684803744 0
458 1.624560555083869 1.523899523729575 0
459 1.921517078722625 1.590377492309773 0
460 1.709698822498388 1.820481341943417 0
461 0.6378212098807788 -1.161759068011695 0
462 1.619270677953036 -1.833186007591143 0
463 1.904392234193323 -1.796394594161806 0
464 -1.133723743780911 0.7299124349955881 0
465 1.187373705009777 -0.6343863077926931 0
466 0.1268079823350405 -1.275200654260571 0
467 2.021901930147258 1.890541512444077 0
468 2.128822885502081 1.358363201562676 0
469 1.793207482403447 -2.064631037368047 0
470 2.094947862930721 -2.029464351631699 0
471 2.206656121064758 -1.742807914790344 0
472 -1.236612600305672 3.468234555854778 0
473 0.08101472520820596 2.954426738216728 0
474 1.149837136262978 0.6986294861205384 0
475 1.00827866724323 0.8537919095950476 0
476 0.9444197325950091 0.6620078243151279 0
477 0.8042132907905738 0.7890999177542204 0
478 0.869444678731896 0.9815145570918957 0
479 0.6992451589246312 0.9335918123196001 0
480 0.7419294247444752 1.103479971356329 0
481 0.5599791637625918 1.039734525423466 0
482 0.6171963782570123 1.227613308446088 0
483 0.4491115073473964 1.178457760108381 0
484 0.4941275276720033 1.353027104131043 0
485 0.6460637754803649 0.7955919272223279 0
486 0.02442643132800039 0.4760377551583841 0
487 0.03992022626911827 0.4440314597564805 0
488 1.800528529709513 2.125690458278702 0
489 2.126989182203684 2.198504054334828 0
490 2.411235360146412 -1.986998532881864 0
491 2.528031258694767 -1.680313462952058 0
492 2.289828745216465 -2.294061611577168 0
493 0.3866705903186394 1.025702594052523 0
494 0.2937939673996356 1.131464316987256 0
495 0.2469148592965455 0.9946065101879642 0
496 0.1565911939558374 1.086607625471504 0
497 0.1268446630985887 0.9605432837743972 0
498 0.1939786135841221 0.8783443400503168 0
499 0.03904325423619864 1.045079617737333 0
500 0.01720138269480821 0.9180161627999067 0
501 0.05902519864082648 1.186824630445557 0
502 -0.07260758108343227 1.010357510007807 0
503 -0.09793107809587416 0.896332707130763 0
504 -0.1755946194612548 0.977745338533842 0
505 -0.2034838983335492 0.8801541545582376 0
506 -0.2799958606495264 0.9492262348461464 0
507 -0.301886438494576 0.84494367009903 0
508 1.499107311903551 2.062252836968405 0
509 1.579272241669583 2.361997619131934 0
510 -0.2552941871059022 1.058050460236763 0
511 -0.2186146084098261 0.7828669531998583 0
512 -0.3205382919508865 0.7449016473276446 0
513 -0.02557308122163683 0.4744674932591471 0
514 -0.04079958871811844 0.4459856883891729 0
515 -0.4044927273158486 0.81263240129225 0
516 -0.4130322014444135 0.6872065837718341 0
517 -0.02700429900320051 0.8350404760816232 0
518 2.630493863855141 -2.251514392184503 0
519 -1.292410288430477 -0.6312087130468922 0
520 -0.2498265427087326 0.68004687356232 0
521 2.496747742843151 -2.578353678062237 0
522 -1.322692496781372 0.3394561603143686 0
523 0.2179922081066725 2.719185212591845 0
524 0.3577578712812718 2.959501170976829 0
525 1.498201565307313 -2.094923096555603 0
526 1.328117764512568 -0.2037838040549925 0
527 -0.5121931860082213 0.7725991206888729 0
528 -0.5289308334770751 0.6558104449311755 0
529 2.858404634200986 -2.530710902712592 0
530 0.6751626672613202 1.409812443912551 0
531 0.538893678797178 1.547939255834192 0
532 -0.4431068403244354 0.5767508301292588 0
533 -0.5458962718891379 0.5425887638120855 0
534 -0.4582271273649428 0.4725770171223885 0
535 -0.5613363286970805 0.4316393651738266 0
536 -0.4737226279645075 0.3645594114526957 0
537 -0.5759334988586648 0.3207631367484807 0
538 -0.4870485775145607 0.2519598095123756 0
539 -0.5926901568857715 0.2066819710018369 0
540 -0.5018966305048396 0.1340599414812409 0
541 -0.6096789402491855 0.090382878801838 0
542 -0.5179458643024527 0.0168698510654586 0
543 -0.6261152576112968 -0.02622739148252429 0
544 -0.5342157885295513 -0.09657978224485304 0
545 -0.02410303821918804 -0.4761077095541786 0
546 -0.03895915386837682 -0.4451493882115654 0
547 -0.6412553578677733 -0.1418664315365973 0
548 -0.5341731608982752 -0.2168067867012221 0
549 -0.6560388487753663 -0.2576928403995322 0
550 -0.5629255481862353 -0.3314336754675773 0
551 -0.6754608073775371 -0.3703006563381732 0
552 -0.5817901523880442 -0.4406460469228582 0
553 -0.7388613522093166 -0.07143895581055897 0
554 -0.4787619973766447 -0.4025432418798623 0
555 -0.4926898998010734 -0.5071351357159414 0
556 -0.3943353416949094 -0.4654050489440203 0
557 -0.3990019518544423 -0.5621240526449203 0
558 -0.4964530339664575 -0.6069010886503714 0
559 -0.4112783163509658 -0.6662157338689916 0
560 -0.325787100648924 -0.6294461267480491 0
561 -0.3350141546403796 -0.7180612674575915 0
562 -0.2583031846704107 -0.6806707517786772 0
563 -0.2636381361287549 -0.7650362614293971 0
564 -0.1846263357501632 -0.7201021172559656 0
565 -0.4172819856432977 -0.7693181018459594 0
566 -0.1950343796249793 -0.8111651631186798 0
567 -0.1252329830396136 -0.7722762295455348 0
568 -0.1185753553910045 -0.7034584667391617 0
569 -0.0618944308049794 -0.7320587148978529 0
570 -0.06133742055084165 -0.8095597612097244 0
571 -0.003071998984647571 -0.7712537791508038 0
572 -0.001039030078301518 -0.706427696495358 0
573 0.05171307436313703 -0.737307204783004 0
574 0.04815001115443819 -0.6783666195914655 0
575 0.1032924283133149 -0.7040089040662336 0
576 0.02430921539747685 -0.4757810512386327 0
577 0.03917227363046205 -0.4450664392382338 0
578 0.1083784201532192 -0.7696286082426635 0
579 0.1652618455087977 -0.7316133948919952 0
580 0.1572761659905118 -0.6676510773646884 0
581 0.2244595339425697 -0.6902198852527449 0
582 0.2100805919038695 -0.6132820434176589 0
583 0.2911772749541665 -0.6451017414343444 0
584 0.2824871138569855 -0.5615392125594031 0
585 0.3652597680347724 -0.5959836590574432 0
586 0.3546896424669875 -0.501677231425139 0
587 0.1731210732760479 -0.8050954251193554 0
588 0.4444558668105699 -0.5419896149358835 0
589 0.4331026393136058 -0.4403395533399993 0
590 0.01411138441603079 -0.4916991912294382 0
591 0.5320218157455658 -0.4811590333371469 0
592 0.5201599043456528 -0.369601698616593 0
593 -0.2497828222807525 -0.6029686019814351 0
594 0.0001470922013302976 -0.6484722819979841 0
595 0.04298094749621253 -0.6284055287500432 0
596 -0.6906627169536542 -0.4878277306446321 0
597 0.5377696686502771 -0.6013311771504357 0
598 0.6308320672556041 -0.4144976939810559 0
599 0.6153336789126039 -0.2913798556476795 0
600 0.01057381232271108 -0.6056646862798234 0
601 0.04098092363438746 -0.5885481656813217 0
602 -0.6682728489738917 0.3853694283126083 0
603 0.4790267242024549 -0.2462217368304761 0
604 0.5944157547826829 -0.1664049145791349 0
605 2.157230295663319 -2.604480653011145 0
606 2.354208400420728 -2.913614641848052 0
607 1.999714826344513 -2.944587410337731 0
608 3.001367664957704 -2.188460820144552 0
609 -0.1796910831141296 3.501131316805136 0
610 2.353508698977276 1.950871611360972 0
611 2.468972376972308 2.280495162126385 0
612 2.7107441146446 2.009834351052673 0
613 2.826989219172765 2.366902236540633 0
614 2.57954854121673 2.626570732806439 0
615 2.946645235505495 2.733726405079706 0
616 2.683787542826761 3.014032863847381 0
617 -0.7932387664481111 -0.4103173304305636 0
618 -0.3803075872406405 -0.3732927263633938 0
619 0.738064072961093 -0.3398530719057374 0
620 -0.4912555273289159 0.8923604667541531 0
621 -0.3808568546187627 0.4102310793839157 0
622 -0.9469318355771307 2.432433500962814 0
623 -0.7049753244742298 0.1688878910200169 0
624 -1.659569574967162 0.8832912314707994 0
625 0.7510196315136279 -0.4751831361682826 0
626 3.07521979738104 3.120654056086909 0
627 1.07263771628568 0.5136608397566688 0
628 0.8693683845635014 0.465422026915801 0
629 -2.054850273377625 0.1131954434287297 0
630 -2.16614714338561 -0.1056263952027548 0
631 -2.309283598171054 0.1125262249890203 0
632 -2.429666006261048 -0.1469566911221104 0
633 -2.588630622477309 0.1096136524529507 0
634 -2.71642153305505 -0.1779667361505792 0
635 -2.88542715729675 0.0848557176879437 0
636 -2.745356130480859 0.3766041930407479 0
637 -3.025036651312894 -0.1967254137526623 0
638 -2.839885125826641 -0.4737575741770296 0
639 -3.060889491250965 0.3503403975171536 0
640 -2.90844011450106 0.6459187065995797 0
641 -3.245404074797335 0.6273925947268003 0
642 -3.085295910326444 0.9240061025624665 0
643 -2.751471517078784 0.9375887278751975 0
644 -2.921914637201448 1.214463137888884 0
645 -2.585561024661334 1.227677848263212 0
646 -2.762951767736757 1.501029500485339 0
647 -2.419692871250291 1.518736925400733 0
648 -2.596685313849734 1.804900441706342 0
649 -2.950728710009002 1.7939861322501 0
650 -2.780037673615827 2.103821213200185 0
651 -2.422988360006854 2.107290182119521 0
652 -2.60367125954455 2.414632378967164 0
653 -2.241081482069998 2.396289195148598 0
654 -2.420363782879935 2.731485783423846 0
655 -2.789798673587098 2.735991478669752 0
656 -3.148571937050513 2.097004410949521 0
657 -2.600168330205329 3.068048220274709 0
658 -3.163191340018053 -0.4889286292539117 0
659 -2.968376610658528 -0.7719288180101034 0
660 -2.994217492852782 3.074794279081226 0
661 -1.294085978987552 1.615062506440833 0
662 -3.259011160488944 1.217491382586142 0
663 1.277673844685923 2.296948494410593 0
664 1.354351794315807 2.596618855032505 0
665 -0.2273784018690564 -1.745446564058349 0
666 -0.6123645257544761 0.8520896245652338 0
667 0.474053900737276 -0.115172915164737 0
668 0.5767353625179716 -0.04023007231424053 0
669 0.7005297275695972 -0.08645593986683256 0
670 0.4264406862660088 -1.668779339945307 0
671 3.078561009953379 2.086537790425461 0
672 2.953779771981161 1.724953715921752 0
673 -0.6418471418157727 0.6129148391844246 0
674 0.01212157451141316 -0.5705057728252297 0
675 -0.01342693407800445 -0.5860814677024839 0
676 -0.0131737810282067 -0.5587730581919317 0
677 -0.01101616380075709 -0.4966719972592131 0
678 -0.03497046989677421 -0.5705355216484344 0
679 0.03907214063464 -0.5563415857559838 0
680 -0.03393391957464181 -0.5459226187566293 0
681 -0.05728104637776477 -0.5570068108060759 0
682 -0.05445391843299173 -0.5328202415280497 0
683 -0.08081622403509083 -0.5421983558233073 0
684 -0.07239206848482575 -0.5067610797177341 0
685 0.2996675861421048 -0.7295446283565925 0
686 -3.312650075031526 -0.7989960791000557 0
687 -3.108364301962159 -1.079560573820331 0
688 -0.001742359868293868 -0.8463130134755188 0
689 -0.0631746155056629 -0.8892007079132078 0
690 1.001301539205441 0.3349294392502058 0
691 -1.171562978042902 -1.765467829346137 0
692 -1.028660508208395 -1.959151217909744 0
693 -1.27677524820086 -1.992422963240925 0
694 -1.117509907960322 -2.200684906046638 0
695 -1.389320709725434 -2.239734411600328 0
696 -1.207215622396363 -2.47073856376347 0
697 -1.506356858493085 -2.505464500586348 0
698 -1.683087302900281 -2.266829054285326 0
699 -1.814762073283992 -2.532091152717161 0
700 -1.328216032838749 -2.745791078395943 0
701 -1.011018004107008 -2.702156531920357 0
702 -2.001447819959024 -2.285311099194928 0
703 -2.139877240167555 -2.574721173759626 0
704 -1.139740152762938 -2.994852169198011 0
705 -0.8078199074228213 -2.942722997306713 0
706 -2.338210887998035 -2.325592144220481 0
707 -2.478741693356003 -2.629584271830763 0
708 -2.69086687780162 -2.341571569535745 0
709 -2.846440921084697 -2.678546590143162 0
710 -2.203082580487867 -2.943114140525762 0
711 -0.9318815722925449 -3.253080955838683 0
712 -0.6018155625858497 -3.1969470302077 0
713 -0.482489823444991 -2.888435389622039 0
714 -0.2778963113692709 -3.136212028062143 0
715 -0.1671886680589866 -2.783173491522081 0
716 0.03943374681524135 -3.07060895261926 0
717 0.1484825235465158 -2.774121807805976 0
718 0.3734237884740335 -3.042956224779442 0
719 -3.059156305941491 -2.357281732372039 0
720 -2.219110302697273 -2.054303356395336 0
721 0.4648725776367806 -2.727456121622239 0
722 0.6773271205140404 -2.966366570887122 0
723 -1.274403030070391 -3.303594020094166 0
724 2.210099325015375 -3.263026400316498 0
725 1.831748589329064 -3.305614739096955 0
726 2.598602815829273 -3.221156639245144 0
727 3.241477141774383 -2.477644742747459 0
728 0.3355691309023834 -0.407279872746322 0
729 -0.1101461311045817 -0.5248488089892912 0
730 -0.1079234415845598 -0.4852420853173925 0
731 -0.5913666285938894 0.9816562059604412 0
732 0.4606515118303543 0.004109983144140365 0
733 0.5580918487835652 0.08297221959367113 0
734 0.4449780287417498 0.126364218029265 0
735 -1.053521075518391 -3.581310136450873 0
736 0.08347731282110195 2.487177069468157 0
737 0.2613185732245156 -3.351569340041797 0
738 0.005161765989964043 -0.9314755976534697 0
739 -0.06729985188489472 -0.9773190451052046 0
740 0.9300755632042514 1.20218724307836 0
741 -0.8075561199531155 -0.5474526106292408 0
742 0.737540367175184 1.606704423395646 0
743 0.5901129858358694 1.759705474408653 0
744 0.377797370542398 1.701771864104779 0
745 0.337763465859198 2.480505331642134 0
746 -3.228955225463417 -2.724986921925115 0
747 -2.994714018891573 -3.04499617739646 0
748 0.5379499245245761 0.2030902347332282 0
749 0.4144515808543677 0.2509506190381595 0
750 0.5161365150398149 0.319075781575109 0
751 0.4138878309665209 0.3650008323696413 0
752 0.206183486780476 -0.5267076154236507 0
753 -0.3880499146815181 0.1764942996441432 0
754 -3.363866637468744 -0.2029635898895825 0
755 -2.766930605994422 -1.047366996296135 0
756 3.355924583162753 2.81553027016504 0
757 -0.1103471540866476 -0.5621341220924632 0
758 -3.466893465539835 -1.108154676625484 0
759 0.4997245291375531 0.4291598461219371 0
760 0.3989142949963989 0.4655377475218239 0
761 0.3220832691465603 0.408060500552906 0
762 0.3088370888531176 0.4942877861669006 0
763 0.3804605392717467 0.5614441712898169 0
764 0.2337823570418023 0.4428992854702416 0
765 0.2306898653824962 0.5187951846202437 0
766 0.2517045825829531 0.3628208492511081 0
767 2.445613748558951 -3.593952272069519 0
768 2.318018947467586 -1.437892269345768 0
769 2.643019044202222 -1.372313611558803 0
770 -0.1466361450953875 -0.5041806413516433 0
771 -0.1445280087056 -0.4569780462498748 0
772 -0.1892044454619943 -0.483011089674631 0
773 -0.187066462373278 -0.4249528248457969 0
774 -2.060870125112566 2.723475472068206 0
775 -0.2738117494696078 -0.8543630015070477 0
776 -2.071825689614836 2.081509730518039 0
777 3.391415582341343 -2.112508700584855 0
778 0.2669470324915761 -2.487403689072511 0
779 0.5569618763549571 -2.438791261064318 0
780 0.1793669601485549 0.4861282319993991 0
781 0.1736419815915917 0.5376022384624042 0
782 0.2171793722536142 0.5821842116662059 0
783 0.155153076771985 0.589646359378555 0
784 0.1167108177060571 0.5640261454694606 0
785 0.0112585440330266 0.4965848959544799 0
786 0.1013480414868233 0.6038212873026262 0
787 0.06080844112996044 0.5775504230581068 0
788 0.05527145356561741 0.6205355304624247 0
789 0.02710061270351625 0.5922065098047391 0
790 0.01494478408965632 0.6316687347662812 0
791 -0.01216530646442017 0.5959252847735375 0
792 -0.02682668339920105 0.6459004464528566 0
793 -0.05498546329602121 0.6106648030710043 0
794 0.08645566483390757 0.6597297288042269 0
795 -0.04269971923881623 0.5785134278237057 0
796 -0.01107602217843633 0.4965192819439477 0
797 -0.07817706712751858 0.5769051078987023 0
798 -0.07774772295650634 0.5432428466568332 0
799 -0.1109466098152495 0.5493515903532338 0
800 -0.09266852920502328 0.5119536115639109 0
801 -0.1403762149548928 0.5181054598558125 0
802 3.334246687214801 1.796011674611374 0
803 3.206904218398322 1.431324827640083 0
804 -0.1258516563693491 0.4751114206256585 0
805 -0.1800826684912589 0.4842221083807459 0
806 -0.1596294653081023 0.433993257812217 0
807 -3.463093602016038 -2.40159267145852 0
808 -0.03743472281902906 -0.5998599360421337 0
809 -0.07174097847026176 0.6573057511781846 0
810 -0.4187444113174157 -0.05570981617508627 0
811 2.794346711238004 3.426330571398447 0
812 2.362374464561535 3.313446824839987 0
813 2.432202614818768 -1.123472634752201 0
814 2.756312304070113 -1.061044509649849 0
815 2.535481026401785 -0.8184623985524474 0
816 2.865227565733252 -0.7458815747118326 0
817 3.095000269381975 -1.008023292237457 0
818 3.214668706717275 -0.676854913012505 0
819 2.976470625243587 -0.4107144660023777 0
820 3.331306810564928 -0.3366832383558728 0
821 3.09292018085044 -0.06428317923156322 0
822 3.454680628531417 -0.9521894027855057 0
823 3.454101126692941 0.01350483326981013 0
824 3.208811025563165 0.2824774303192406 0
825 0.07916304232051975 0.5338238507813354 0
826 0.008242706203383776 0.6796273560160088 0
827 2.095399885624974 0.6326662026896764 0
828 2.277655323404934 0.4112747826376429 0
829 2.387100056444249 0.691113997569289 0
830 2.859013075910198 -3.541944786947098 0
831 3.63635539285395 -2.422704666624039 0
832 0.06972965442851183 -0.5696697134175294 0
833 0.06734025965615337 -0.5348987659052127 0
834 -2.792281274998992 3.416990548315737 0
835 -3.212137392089869 3.425006297148191 0
836 -2.395453436783224 3.406557533626044 0
837 -3.405176482053721 3.074396525979986 0
838 -0.01647650620511901 -0.5379313031312447 0
839 -0.385366446263135 -3.455460217173642 0
840 -2.903418866683693 -1.35564952228422 0
841 -0.407404061048446 -2.573637222471411 0
842 -3.401522650080232 -3.099787109477026 0
843 0.2023337524012633 0.646610940908925 0
844 -0.9198282308573412 -0.4572412713581198 0
845 0.8647992922494769 -0.3959981204454421 0
846 0.3656655275344213 -0.06765553156824933 0
847 2.50259111346778 3.718148848601713 0
848 2.090152985582242 3.63340309638447 0
849 -0.7181012828086411 0.9367720613952344 0
850 3.51762471334521 -2.777810511813792 0
851 0.3393870604465916 0.1717712675141762 0
852 -1.412910776048168 -3.632493476089448 0
853 -2.422856349123665 0.954296311056726 0
854 3.49387120233974 3.220875760695038 0
855 1.609250408553878 -2.981206103571427 0
856 1.449287018136912 -3.34412844555283 0
857 -2.600639369058157 3.772767515188125 0
858 1.676018700033937 2.677961193426787 0
859 1.438438727940399 2.921478124606089 0
860 -0.6922137369395035 1.078686225590418 0
861 -0.5663802026874558 1.123180294843916 0
862 3.578447740781304 0.3709087203426134 0
863 -2.56396126294742 -1.315658072594141 0
864 3.617758407253389 1.488149299687839 0
865 0.6592808271906645 0.1509562583934747 0
866 -3.147765312437159 -3.435195724828796 0
867 -3.579561639028718 -3.494847893450244 0
868 -1.184284492301201 -3.932059932970399 0
869 -0.8975430861176359 -0.3170246861479983 0
870 -1.036444075728441 -0.3645657440754333 0
871 -1.007838996479002 -0.2116049039884656 0
872 -0.9417808984783715 -0.5998560561256829 0
873 -0.821878612100081 -0.692518701761685 0
874 0.2097338863851793 2.264011241456605 0
875 0.805494987536356 1.820728375736133 0
876 0.967558402795599 1.651873167505914 0
877 -0.1277760022595955 0.5922399732768464 0
878 0.01320646939729517 -1.02308217172515 0
879 -0.07264312032901329 -1.077361551119402 0
880 0.08018579153437441 -0.9728606344114678 0
881 1.047049391459604 2.512546204783826 0
882 -0.1909411148539559 0.5333822463680338 0
883 -1.455722264187045 3.772133448093393 0
884 0.5960662752765823 2.001977441027952 0
885 3.73453432593424 1.863921622468565 0
886 -0.1679151141063876 -1.005282853655552 0
887 -0.1665725782210748 -1.126013272741767 0
888 -0.2667590481647971 -1.070089561199332 0
889 -3.646272680862213 3.43108849449669 0
890 0.3657188345484249 -2.223705958977778 0
891 0.1027085678673603 -2.269673676396744 0
892 0.6314836991597456 -2.170009526919984 0
893 0.8288800179285604 -2.391584456307618 0
894 -0.03451896701999056 0.5346438608107569 0
895 -3.269623198130263 -2.027345512719203 0
896 -0.2185917103188095 0.4431107151750048 0
897 -0.1964572882232681 0.3873778818180986 0
898 -3.6798564497655 -0.8166508482739482 0
899 -3.843912071669456 -1.134218067903271 0
900 1.179082819690001 0.3607157030750472 0
901 1.107053557075015 0.1866304457084559 0
902 0.9275643009027664 -2.099052524031599 0
903 -1.167825993819363 -0.266486126963028 0
904 -1.128688079104097 -0.1020104985668448 0
905 0.8772050966612008 -0.5454894746337259 0
906 2.672293528369658 -0.1370504988516191 0
907 1.669157049427557 -3.661706616850585 0
908 1.274606914855501 -3.70058571506185 0
909 -3.694085016774449 -2.071406419628942 0
910 -3.851836470715889 -2.430935850501906 0
911 2.826290845649781 1.360994616233177 0
912 3.096731652448753 1.069752995698373 0
913 -2.442119040988352 -1.012306106646583 0
914 -2.245993171416389 -1.256331815599566 0
915 3.319745470280129 -1.299693118656452 0
916 3.695295463232788 -1.26751921282589 0
917 3.83657940664676 -0.879747524953178 0
918 2.083216611894041 -1.200124369683605 0
919 -1.611035676274055 3.433496577222297 0
920 -1.39621612129663 3.138373087183478 0
921 -0.2404036807060447 -0.4557743322179355 0
922 -0.2370504947118602 -0.3886788507630167 0
923 -0.03530052012560891 2.266491385663018 0
924 0.08206223238521218 2.060842228119091 0
925 -1.635623790444916 -3.341052076116959 0
926 -1.772164107489913 -3.669151560343688 0
927 3.785063510756795 2.895865507551257 0
928 -2.699563286025795 -1.626363189941604 0
929 -0.8582505921719585 -2.16024353889877 0
930 -2.746537436864902 -3.366203902359335 0
931 -2.888848534139522 -3.772872167622685 0
932 0.612070677747189 0.3903701521113057 0
933 0.584115670842787 0.506922941121621 0
934 3.791509062866507 -2.02716297575741 0
935 4.048909359373575 -2.344097679673746 0
936 2.692123078993885 -3.933748800256312 0
937 0.108039962835951 -0.5515163647805621 0
938 0.09644493645268232 -0.5113329734203903 0
939 -0.1031398972730251 -0.4427597731438986 0
940 1.671874251393095 -2.339133620611155 0
941 1.376114849124424 -2.370144864483836 0
942 0.7576113915598073 -0.6246723361124362 0
943 0.8911142350398804 -0.6964384970729929 0
944 0.7614409234605272 -0.7837221853577432 0
945 0.9387341453601299 -0.8595408971764595 0
946 -1.833173788190384 3.748216871762622 0
947 2.605100989151308 0.4530214247682048 0
948 3.856257474423662 0.08666069356343953 0
949 -0.8012807863369584 -3.864316406688125 0
950 0.03443963292862223 -0.5219283414219339 0
951 1.776446999195797 3.008565056478997 0
952 1.52708584861059 3.264342239937566 0
953 1.184986475144366 3.170678412164069 0
954 1.274612484992532 3.524027700466521 0
955 0.9368626890091054 3.445153762664138 0
956 1.01651683916346 3.787852722973358 0
957 0.6336422285079739 3.722984198290373 0
958 1.402725380782101 3.867802189747174 0
959 1.126598936150406 4.166368044850781 0
960 -0.1808343147320192 -0.363609780780305 0
961 -0.2309117988159216 -0.321485229163571 0
962 -2.268080407002033 -0.3546353107370919 0
963 -0.070786178006521 -1.20644749584942 0
964 -0.7442043096373261 0.801178639906226 0
965 -0.8764006328056412 0.8920686289940818 0
966 2.865012301780118 -1.609043387833767 0
967 0.8526781649558184 -0.253705174811612 0
968 1.008601198381162 -0.3254539150443003 0
969 0.9700648579205464 -0.1375320803243402 0
970 -0.05135280233849641 -0.4990924367227029 0
971 4.09661317909698 -1.189672305238801 0
972 2.277425398103555 -3.956544261122224 0
973 -2.18574845383634 0.3361781561495601 0
974 0.2264270058439534 3.211354983537631 0
975 0.1005548835782723 -1.073516479236817 0
976 0.1803597084954972 -0.9971571029755125 0
977 -3.301563875963357 1.780767879117759 0
978 -3.535138797675363 2.089619444935162 0
979 -3.701217573826975 1.688352345191707 0
980 -3.929127450010085 2.075146011139165 0
981 -3.397641298578638 0.3309003273857249 0
982 -3.602241933558276 0.6200005631687643 0
983 -3.800835775340883 0.2700791062791862 0
984 -3.985646171527057 0.6332230684766618 0
985 -3.807447990902145 0.9661685647034678 0
986 -4.222656751919074 0.9974816884890699 0
987 2.895113163947642 3.872008175721276 0
988 2.609392801656884 4.111292479769251 0
989 0.03186610710977127 0.5533368018034508 0
990 -0.01847416661991493 0.554272122794244 0
991 -0.007571748469246586 0.5302714515628952 0
992 -1.42542368427579 -1.802603391068429 0
993 -0.9782075747910235 -0.05087229557751722 0
994 -1.095325843929408 0.05774758830476005 0
995 -1.274850263423551 0.01814404247775938 0
996 -0.9434717126261695 0.1084411318679214 0
997 -1.057912425848283 0.2140792965312874 0
998 -0.9153252882164686 0.2646735880451263 0
999 -1.018223316145978 0.3672293710960788 0
1000 -0.6604261581428169 1.223686628780924 0
1001 -0.5270346148366301 1.271952873044379 0
1002 3.126968951205221 -3.870980653176799 0
1003 -0.3640494612142673 1.03590704147953 0
1004 -0.3205563442841952 1.143457309503868 0
1005 -0.2162318913570022 1.177617763506687 0
1006 -0.3108752914376116 1.261157224249934 0
1007 -0.1730011433437074 1.306423914601903 0
1008 -0.276195730017687 1.405493231883148 0
1009 -0.1241431303947671 1.450968324450102 0
1010 -0.2398707168622399 1.568668429269248 0
1011 -0.07762754565211771 1.605791711913725 0
1012 0.0404502507077955 1.486315998803441 0
1013 -0.1804494589039041 1.745817879323635 0
1014 -0.353220527307775 1.675745409384444 0
1015 -0.9384066946259306 -4.238695503531646 0
1016 -3.812183388305482 3.063102653624562 0
1017 1.298690057285123 0.2065907986652922 0
1018 0.2703731738129242 0.6300251311477365 0
1019 0.2543599008858115 0.7031991841982312 0
1020 0.1818092362639552 0.7163103639223076 0
1021 0.3342027167998723 0.6823732201707738 0
1022 0.321136913558494 0.77442887462388 0
1023 0.4155143884513604 0.7336851156943882 0
1024 -0.1883171977748519 -1.23898792774238 0
1025 -2.488583090096839 -3.712569293623214 0
1026 -2.619680799111928 -4.116183868655988 0
1027 0.9154935208777968 0.1675457055749796 0
1028 -0.01873106352065016 -0.4849770799976282 0
1029 3.297971240949231 -3.492089420206703 0
1030 3.574769871585529 -3.818113966526658 0
1031 3.728709940628804 -3.449689231404673 0
1032 -0.1701601078258888 0.7077874852146171 0
1033 -0.1430953567903679 0.7755032634445276 0
1034 -3.805469230542001 -3.112316505914777 0
1035 -0.9610391397648713 -0.7469919977992306 0
1036 -0.8362448719771993 -0.8337295757656041 0
1037 -0.7029289574196478 -0.7803103379516166 0
1038 -0.717686331687832 -0.9210206132613536 0
1039 -3.39709773557091 3.801022118429701 0
1040 -3.849826168546424 3.831785855390074 0
1041 -0.02754769295494 -0.4849684911822991 0
1042 -0.0367571347950469 -0.4766564044437223 0
1043 -0.02365739309879426 -0.49323274914798 0
1044 1.052423602989804 1.881191029570925 0
1045 -0.8854350139357181 0.417756138875411 0
1046 1.229842800615499 -3.037195534747032 0
1047 1.357361109837181 1.449743776358043 0
1048 -0.04279231049565047 -0.6763097964020384 0
1049 -0.5933180126423292 -0.8699254048946856 0
1050 -0.6002409668517286 -1.009187992893997 0
1051 -0.7342715892843492 -1.06840736447925 0
1052 -0.6084065947215124 -1.151505886941202 0
1053 -0.4807987390028426 -0.9540135590290483 0
1054 -0.8775934770101471 0.7355368417593443 0
1055 0.8383048120641426 3.105700139421924 0
1056 0.09467048356344362 1.647064066265498 0
1057 -0.7510895467003671 -1.21299309297644 0
1058 -0.1935354328188529 -0.6431386024231406 0
1059 -0.1343496551183821 0.3830074908728324 0
1060 -0.1725807760861623 0.3289854093032926 0
1061 -0.237816455592707 0.3379887806483118 0
1062 -0.2110577440146073 0.2731238216632226 0
1063 -0.284576645598332 0.2840584718777806 0
1064 -0.2505520827823826 0.2156082610013055 0
1065 0.09793834158774618 0.8552515333974764 0
1066 3.971165364663043 0.4589646367060088 0
1067 3.696973361361274 0.7620623145149901 0
1068 -3.46651929639189 -1.716936650500407 0
1069 4.030377582203792 -3.761136277017762 0
1070 3.857040397800362 -4.196209890841198 0
1071 -0.3097502290327678 -0.5541228767743656 0
1072 -0.1637706589033317 -0.2975775615833173 0
1073 -0.2252887772671329 -0.2487928081218196 0
1074 -0.2943154750286094 -0.2753692700411118 0
1075 -0.2887322113224351 -0.1967497591695038 0
1076 -0.3645780309261245 -0.2182569324331599 0
1077 -0.2165625824154354 -0.1749248881887731 0
1078 -0.2770635898236347 -0.1173872731656677 0
1079 -0.1225414688606346 2.058705301023223 0
1080 -3.874404701005241 -1.723417513142192 0
1081 0.002057605620748479 -0.5453125607877269 0
1082 0.004223000827914597 -0.5310262010212163 0
1083 -0.009089631635410553 -0.5203789388050295 0
1084 -0.004677273541359898 -0.5007132379556627 0
1085 -0.03148497357102122 -0.5249863869410323 0
1086 0.1951848271373066 -2.023274378779585 0
1087 -0.04742297886221047 -2.061394631262653 0
1088 0.1791099568181316 0.3961274366316214 0
1089 0.1913761113647588 0.3250247692124214 0
1090 0.2552865652713261 0.2861929821963037 0
1091 -0.08171115027567223 0.4714920399332463 0
1092 0.01991794162577672 0.4856513667371492 0
1093 0.03028452284813581 0.4869283966750474 0
1094 0.0381778703611131 0.4748006729002728 0
1095 0.04538704477840783 0.489794646196909 0
1096 0.03555055375165161 0.5023624522784391 0
1097 0.0565108315639808 0.4731449002234653 0
1098 0.06615986818095199 0.4925459938989838 0
1099 0.08081735721975958 0.4712241454963497 0
1100 0.09312369728148533 0.4962870068483337 0
1101 0.1115004622595641 0.4715484791509162 0
1102 0.09576545718474506 0.4436573069145832 0
1103 2.014581533739289 2.752676302382266 0
1104 -4.107525807741389 -3.493105761189911 0
1105 -3.756782340865052 -3.908609565450379 0
1106 0.2014905812097256 -1.145034257231879 0
1107 0.30200725403315 -1.062283779590661 0
1108 0.2841894210213745 -0.9416140660349154 0
1109 0.4024548013999547 -0.9952196790083226 0
1110 0.3876013662859499 -0.8778566594204313 0
1111 0.5063240145616166 -0.9236104789687446 0
1112 0.4057824245043706 -1.110895167652123 0
1113 0.4952992980971231 -0.7939811990896116 0
1114 -2.235860255046642 -4.04682711394293 0
1115 -0.183070039401233 -0.5786494648134251 0
1116 -0.9909909841880405 0.5219731649496925 0
1117 -3.349009558844911 2.431916236581968 0
1118 3.908351595905221 3.327559858433855 0
1119 3.620281992624919 3.675044328843689 0
1120 4.059303930695933 3.754055792988472 0
1121 -0.8113501573969768 1.178818019089984 0
1122 3.751990340235235 4.110723110060836 0
1123 -0.5154487705326871 -1.362408939983747 0
1124 4.24339760074383 -0.8057248557328852 0
1125 -0.1365452567596265 -2.28849568093129 0
1126 -0.2617156768784527 -2.102436091189932 0
1127 0.1083993413498007 -0.5950418903117453 0
1128 0.4524723166458897 -1.994217430013776 0
1129 0.1086144899778316 -0.8433443134668157 0
1130 -0.118042977844727 0.3271017345757488 0
1131 4.068697360623153 1.569868242047239 0
1132 -1.998325528447685 -3.337092973207335 0
1133 3.622013451987195 2.513613857358049 0
1134 4.101151903379985 2.494971068591912 0
1135 0.7783197759888343 -0.9444663342092829 0
1136 -0.06139804701220868 0.4996327835196546 0
1137 2.493503980437742 -4.280884397030135 0
1138 2.698945367337495 0.7493600825437069 0
1139 2.477090290943392 0.9849668327820795 0
1140 1.485882471286007 -3.951771538759304 0
1141 1.123419635608199 -4.124795178083957 0
1142 0.8652784959372494 -3.724692370744977 0
1143 0.4005922984002862 0.8256925261166015 0
1144 0.3295355706811007 2.055500721845033 0
1145 -0.04341078597126807 -0.4222994996733933 0
1146 -0.05986424558631882 -0.3980666154516016 0
1147 -1.803712931522175 3.042793484227743 0
1148 -1.539849563511691 2.804795912598971 0
1149 -1.201263186475585 2.867995784623523 0
1150 -1.323358280571572 2.562070014557127 0
1151 -1.602171813747816 2.53526520416361 0
1152 -1.487684256974407 2.267979905472662 0
1153 0.5777142171462198 0.8919466454808989 0
1154 -1.138783758553944 -0.8239101071880406 0
1155 -0.06193541905645139 0.4091324808025899 0
1156 3.982347935013554 -0.5435342153170853 0
1157 0.2146384183883878 1.524498758206471 0
1158 -0.02104993858226883 0.4870382232086364 0
1159 -0.03530476062237788 0.4833347522919439 0
1160 -0.03125366946067004 0.4972616281441832 0
1161 0.3499294491347775 0.0441336113840366 0
1162 0.2643299400160993 -0.03050493860393137 0
1163 0.2777952806059397 -0.1317911734358153 0
1164 0.2556953457953901 0.1034342691314863 0
1165 0.1975978443643788 -0.09596599755025648 0
1166 0.2072857432921819 -0.1858876658376219 0
1167 0.2845204810039565 -0.221986244865257 0
1168 0.2091512479978276 -0.2742259577642133 0
1169 0.1576895540694136 1.35219416920256 0
1170 0.7800646490927869 0.6121282444373985 0
1171 0.1798926875974198 0.2497665599823427 0
1172 -1.152437663563347 4.53642311758769 0
1173 -0.3790670158375545 0.2948390249785275 0
1174 0.06400943945591762 -0.4143934799080214 0
1175 0.09607727156753515 -0.4036599064097339 0
1176 0.1010266063750346 -0.3626441139636163 0
1177 0.1358674762147554 -0.3894133290719506 0
1178 0.1287007640759666 -0.4341041329384998 0
1179 0.1796156504924676 -0.4215053497010289 0
1180 0.1417952854398406 -0.3424649035411183 0
1181 -0.4597244900867067 -0.3096082463309077 0
1182 0.01778290614095527 -0.535730448346158 0
1183 -0.03964917141178115 0.467284968933569 0
1184 0.04930252594073016 0.423729431132764 0
1185 0.06504507857689897 0.3963397849238562 0
1186 -1.412617909954277 -0.4605559938561338 0
1187 -0.9902537877581596 3.148808220766589 0
1188 -0.2480137277881694 2.247946274177977 0
1189 -0.4110665775609846 0.06441824938901564 0
1190 -0.3102231902627263 0.1008578106993077 0
1191 -0.3298681188568291 0.009639218111291568 0
1192 -0.2386378386689079 0.05211180394067777 0
1193 0.7009112772406875 -1.895646072100077 0
1194 -1.22537854150729 0.5255445208165894 0
1195 0.1004316285810517 -0.3148273548616174 0
1196 -0.01416083108000888 0.4913577580928442 0
1197 2.477388576146405 0.1743443761677509 0
1198 -0.234945716056247 -0.5318604492390602 0
1199 0.06332107328618541 -0.5039924522464552 0
1200 0.08281320778121537 -0.4752762860481354 0
1201 0.03899789521714152 -0.4968549960170081 0
1202 0.02079395520323564 -0.5075610994281917 0
1203 0.004541709109892825 -0.5003971270097868 0
1204 -4.223098143905408 -3.979624710830651 0
1205 -3.965719113629387 1.361415229210656 0
1206 -0.01888233023734874 0.4972644855532741 0
1207 -0.01317529472487357 0.5034049145594764 0
1208 -0.02402244468393343 0.5084456372705449 0
1209 -0.5489766940972899 1.876344469042802 0
1210 -0.6229402384467256 1.695478742515661 0
1211 1.134934184757062 -0.8391574560890827 0
1212 0.09250039597832049 -0.6456583648471362 0
1213 -0.8925495119776043 2.83994654748363 0
1214 0.9872734561416894 2.200355099366108 0
1215 0.7655066852556063 2.468572311622286 0
1216 -1.205162257845187 -0.4440960090731211 0
1217 0.1856075933249603 -0.8889449253446819 0
1218 0.2654376413650495 -0.8315529617339159 0
1219 -0.03104794883896774 4.134018996025492 0
1220 0.4148509569683221 4.133427242603513 0
1221 0.212314185097802 3.814974157794073 0
1222 1.28257367067461 -0.4336417788763767 0
1223 0.01558735488519587 0.492296951801711 0
1224 0.01578764825274855 0.4984821909555695 0
1225 0.0108616785537681 0.5029600972653226 0
1226 0.00034195488684674 0.5016002110040197 0
1227 0.01790695680111659 0.505828111894446 0
1228 0.01102696167478101 0.5115770554729746 0
1229 0.02046435614119395 0.5175714207958927 0
1230 0.004738029993452943 0.5007401513457647 0
1231 0.9295394135099772 -1.014902910662069 0
1232 0.7597602827838692 4.497909949825486 0
1233 0.1354943674840559 0.4379957796381044 0
1234 0.1111309693000256 0.4044739473505332 0
1235 1.201705997874534 -0.004997967236240923 0
1236 -0.1860236290990798 0.6361761224629845 0
1237 -0.2613068757727328 0.6026397435586059 0
1238 -0.01501514497816308 -0.4919476601569448 0
1239 -0.8894047908843389 -1.120706568367309 0
1240 3.932735620273929 -1.609370666129422 0
1241 -0.1453195039419011 -0.6197745018684466 0
1242 -0.6779555016671004 -2.642968782627838 0
1243 -0.6323350606729616 -2.372037051844219 0
1244 3.492956698578391 -1.666918726643527 0
1245 -1.813728283596249 -3.034742909827266 0
1246 0.2969170414580236 -0.323842487538108 0
1247 0.3599764073825036 -0.262677407949047 0
1248 -0.3730386764956721 0.5072633496585048 0
1249 -0.3528084354756301 1.859655865248245 0
1250 -1.395277018115671 0.1721525749052982 0
1251 -1.47287467851683 -0.01744849048403815 0
1252 -1.343015312920294 -0.1689394147926638 0
1253 -0.3070422446901446 -0.4193983297037154 0
1254 -3.068248132349302 -1.679336002275944 0
1255 -2.574033055228767 0.6730282046306935 0
1256 -2.263944623436888 0.6480119485868047 0
1257 -2.135494882896309 0.9317082071025375 0
1258 0.008982979586773937 0.5241913704992294 0
1259 0.0191826177765742 -0.4863461251154738 0
1260 0.2246281625469119 -0.3392018469458822 0
1261 0.1346456141975092 0.5036389549037639 0
1262 -2.624199113537046 -0.7517584650921324 0
1263 -2.309184587421402 -0.6813601622485538 0
1264 1.821714095181675 -1.331735598995117 0
1265 -2.365263650230193 -4.44528987214597 0
1266 -0.5859229108717717 -0.7424944952537949 0
1267 -0.6801340440950359 -0.645542919604898 0
1268 0.6393046901003705 -4.055513941494365 0
1269 0.3712146613212746 -4.389140445651096 0
1270 0.2308436567476569 -3.930124805757409 0
1271 1.258864865662956 -4.569324824336601 0
1272 4.246293451044716 0.1484558106071524 0
1273 4.141370241235192 2.004078917792331 0
1274 4.331223441017643 1.31875029535736 0
1275 4.556076978906425 2.230217066951383 0
1276 -4.078875051709389 -0.8244236218355669 0
1277 -3.89231261254241 -0.4759737829348559 0
1278 -4.241235911521354 -1.190822425505155 0
1279 -0.0977315940905914 0.7260176913316437 0
1280 -0.01180144371888118 0.5143895729777014 0
1281 -0.003711843727339118 0.5117652173070023 0
1282 -0.002658382011382052 0.5016616916978811 0
1283 0.08664265633092885 0.2827152137292788 0
1284 -0.100682118301966 -0.2746401167891855 0
1285 -2.247864761048466 1.814003440317848 0
1286 -2.092803738573403 1.532975637617757 0
1287 -1.930072679448779 1.798360590715391 0
1288 -1.776707106893108 1.50779608975282 0
1289 -1.63335550158524 1.779954655011407 0
1290 -1.925890263634202 1.280760349799311 0
1291 -2.223622252886701 1.230533613734349 0
1292 -1.74339089135921 2.038104741908512 0
1293 -0.1781103379877959 0.2143446399060231 0
1294 0.2900250392390463 -1.27210038686392 0
1295 2.228416846671363 -0.8859036942371372 0
1296 2.321380253172112 -0.5830154355706113 0
1297 -0.1218038997173443 0.04327062943780688 0
1298 -0.1249723024401688 0.1281144988888199 0
1299 3.945634315737594 1.139179842584247 0
1300 -0.1955267811399523 -0.9055990765474753 0
1301 -1.087301101592198 -0.6539889790108788 0
1302 0.8130289092058597 2.759612223194341 0
1303 2.62737678108222 -0.4965961334168597 0
1304 2.406726568351345 -0.3268997752952195 0
1305 -0.2130462795224838 0.141901496181711 0
1306 0.06319869640381337 0.448342052151455 0
1307 -4.591681811412721 -0.2492510311866326 0
1308 -4.166564507293525 -0.02272649640089815 0
1309 -2.827825635564962 -1.986946286515149 0
1310 2.834759071102959 0.2046236825730209 0
1311 4.570202464024823 -1.251587597035321 0
1312 0.1088034808425328 0.140625816138879 0
1313 -0.1101212200305862 -0.1297982845936753 0
1314 0.2751267674962221 -0.4761621772232388 0
1315 -0.1120477201312018 0.4340633814173879 0
1316 -0.5411610319698614 -4.207228347795843 0
1317 -0.8571523290783479 -0.1627481413770212 0
1318 -0.8486988063596017 0.5734432191333462 0
1319 -2.142601942371963 -0.9664220461671773 0
1320 -1.958762696634354 -1.204799811550266 0
1321 -2.044640443143231 -1.479432663162778 0
1322 -1.728789007196514 -1.40525323336361 0
1323 -1.850554795360113 -1.6931474708146 0
1324 -2.350152888186067 -1.548172372948515 0
1325 -4.612192009570278 1.231067205913632 0
1326 -0.16914889638782 2.479391898113615 0
1327 0.1647800066138645 -0.4732783426423792 0
1328 0.144108056204063 -0.5197804941420577 0
1329 -0.04137110251563246 1.891052873435263 0
1330 0.1864486185734248 1.831305299124717 0
1331 -0.298823107139081 0.4508872271298452 0
1332 2.121835658530131 -0.3557962793437314 0
1333 -3.64894629238018 4.232036968215906 0
1334 -0.2744358083171762 -0.9592752595333007 0
1335 -0.371048682204616 -1.022867180848482 0
1336 -0.3524281554887463 -1.139420312037923 0
1337 -1.049538358101526 0.9105212630177039 0
1338 -0.9406089368872833 1.044955869265261 0
1339 0.03123710340044563 -0.4626444152219173 0
1340 0.03934065896037788 -0.4776578805926087 0
1341 -1.672602554894814 4.098864526812907 0
1342 -2.042471836357859 4.133065363847413 0
1343 -2.264641658975178 4.565046258331067 0
1344 -2.746638391045449 4.575275906508946 0
1345 -2.996811258605961 4.140961771741699 0
1346 0.4580784264622159 2.247278196170511 0
1347 -1.31791830971356 -4.283103162920453 0
1348 -0.007893736753042018 -0.4994506658253489 0
1349 -0.007112510705212953 -0.5031174932967574 0
1350 -0.0004958022732238839 -0.5008397093935265 0
1351 -0.01209912281731016 -0.502791351334075 0
1352 -0.009469318918678048 -0.5080166600465973 0
1353 -0.004542341153606091 -0.5087209981215626 0
1354 -0.01714356336766676 -0.5079250226075337 0
1355 -0.003464765200592122 -0.5033321606258521 0
1356 -0.002067467115939664 -0.5010987025647344 0
1357 0.0007963278199677282 -0.5010621134452551 0
1358 -0.0001862558983300866 -0.5026555917306489 0
1359 0.002232790827387641 -0.5025256164154146 0
1360 0.005118526678160912 -0.5036647876103955 0
1361 0.001664494254056399 -0.5053377132068074 0
1362 0.004949963601017845 -0.5085588524545712 0
1363 0.01034145105347806 -0.5054618412090809 0
1364 0.01099061455674771 -0.5128797133800294 0
1365 0.00261635551189309 -0.5147508117730398 0
1366 0.008488691555252986 -0.5006174804491761 0
1367 0.009752634550729309 -0.4964491586518574 0
1368 0.01406317647216565 -0.4996788759130947 0
1369 4.55721225617115 2.708518478440938 0
1370 1.134781073620897 -0.2104205348812977 0
1371 2.222092276892049 4.600492043157899 0
1372 1.99956939190964 4.238402535772461 0
1373 2.593722141209221 1.671706954987495 0
1374 -0.02002018172324991 1.331059380579453 0
1375 0.5108344214945206 3.190760116716846 0
1376 -4.596206919272579 2.254532249035173 0
1377 4.518287641731452 -2.282230589955736 0
1378 -4.580471308484235 -2.243839590940982 0
1379 -4.580297530777435 -2.72903271827364 0
1380 0.3241479293902092 1.285451041576723 0
1381 0.7062107067303691 0.484629025909412 0
1382 0.7436528515795156 0.3572568774662551 0
1383 0.02285260764104051 -0.4951380802145827 0
1384 -0.07569921594926374 -0.4707757057263647 0
1385 -0.0641362977899987 -0.4377948177969735 0
1386 1.536967840715911 -2.627262752085723 0
1387 1.23044742550614 -2.665287634876106 0
1388 0.02088707861707353 0.5317209732752953 0
1389 0.03553475140474323 0.5222501378665192 0
1390 0.007825251160043884 0.5435414809679406 0
1391 1.383176379980384 1.773196714219794 0
1392 4.578769198155027 -2.779734949884042 0
1393 4.208058039869629 -2.978688140121796 0
1394 -4.598046567387001 2.751079364757498 0
1395 -4.190055635120665 2.46475981048169 0
1396 -0.4442490227746744 -0.1587542442189157 0
1397 -0.3206341109790899 0.6601363306709761 0
1398 -2.002722389238624 0.707304626836733 0
1399 0.6309501528457825 -0.7126894730204059 0
1400 -0.631850418472317 1.371951768787972 0
1401 -0.5079934562006652 1.43745349187491 0
1402 1.260144504885439 1.170575451914978 0
1403 1.084883311568166 1.365046440032937 0
1404 0.001220692961666589 -2.513093333264332 0
1405 -0.03092363326283556 -0.4634956754980954 0
1406 -0.04951291205183671 -0.4616237979148001 0
1407 0.4726560216196892 0.5386497935709179 0
1408 0.5386025545493246 0.6137670897044814 0
1409 4.523291889890326 3.760468356980264 0
1410 0.01860863801608631 -0.519828020434089 0
1411 -1.861451564078131 -2.005837248440328 0
1412 1.293189602508503 4.57941080308597 0
1413 -3.735525111964185 -4.594451330349956 0
1414 1.059674694399509 -3.393850619803893 0
1415 0.6546140529775085 -3.358820516824682 0
1416 -4.572539455857648 3.7157471234755 0
1417 4.51800680275235 -3.748509426512574 0
1418 -1.689589422231471 -1.118956679599026 0
1419 3.481408874585227 1.091866433182083 0
1420 -1.202949697702417 2.311277468631775 0
1421 1.224519383660475 -2.108962036033176 0
1422 1.364810334576943 -1.853116705105484 0
1423 1.954549986230008 -0.9162421940100585 0
1424 1.02456874807378 0.02626500311575344 0
1425 0.8474434133202718 0.004207297526546732 0
1426 1.428205942744774 0.0409555533519431 0
1427 1.107076700436294 -0.4687715683503091 0
1428 1.112693351688363 2.844438993200459 0
1429 -0.08014182001906049 1.203629245973158 0
1430 -2.011170335820504 3.403356752568777 0
1431 -0.317406754894534 3.846965352095689 0
1432 -1.52508015755052 1.564762332778217 0
1433 -0.9074600598595215 -2.430724558436558 0
1434 -0.6094574182675805 -2.117572810619497 0
1435 -0.1400939576965775 -0.4072121511454479 0
1436 0.6336750703937297 -0.8575954368259882 0
1437 3.006183651908561 -3.181864323450439 0
1438 -4.12432076016599 1.722931623049722 0
1439 -0.6911804065330169 -4.58088274828789 0
1440 -0.09276702102193959 -4.19017280371549 0
1441 -0.08554203400814236 -3.745133584485826 0
1442 -0.4773455988808724 -1.089881501711737 0
1443 -0.3769675203431189 -0.8864093763092331 0
1444 -4.611764087885188 0.7771718909079444 0
1445 2.188286336169498 0.9117848628119445 0
1446 3.284886261766217 0.6999929914135401 0
1447 -0.1450663771474739 0.2685842611172384 0
1448 -2.041147412553721 -0.7124565339238129 0
1449 0.5222595619098179 2.682120714793866 0
1450 0.389695947155014 3.47037925132684 0
1451 0.7490611675854097 -2.669094066809914 0
1452 0.2570722802400351 0.2075859793546097 0
1453 0.1886148484060175 0.1647543948042057 0
1454 0.3355590821274009 0.3180949919051753 0
1455 -3.62036835316745 1.363796811819517 0
1456 -0.01104951883809794 -1.319649068780459 0
1457 -2.223277645799854 3.064279352215293 0
1458 1.642370156587017 -1.15530150499739 0
1459 -2.452428508960878 0.3933692758189796 0
1460 1.289363294813852 0.5371153118199922 0
1461 -2.536365086704698 -0.4489144193396113 0
1462 3.74759171700403 4.570211825928351 0
1463 -3.31422943618424 -3.833411920837776 0
1464 0.5124025758076154 0.7946201055659805 0
1465 -0.6213028936153294 1.531787186549866 0
1466 0.05110907364649092 0.5100015937698807 0
1467 2.048662848516543 -0.6600679012805372 0
1468 -0.4645430511710175 -1.231863766203303 0
1469 0.9188052563746463 -1.865503591612695 0
1470 1.0183490632466 -1.655764266241854 0
1471 -2.467808569305438 -1.847531151032263 0
1472 -0.09135436024763305 0.4021585368520993 0
1473 -4.135033695082538 3.454276077986244 0
1474 -0.7922067837022724 -1.922749911277079 0
1475 4.197899615232195 -1.94107227574147 0
1476 -2.798682113576686 -4.552617905481438 0
1477 0.4114523858484986 -0.343658773740981 0
1478 -0.3086934936096943 0.3559738214499411 0
1479 3.292638749040486 4.109617596912492 0
1480 -0.05441278902968285 -0.4795922280096575 0
1481 4.592529249994369 4.261303623368448 0
1482 2.729285897647076 -2.87077047722066 0
1483 -0.5915997196470827 -0.5489671336139741 0
1484 3.582978309434554 -0.608539946049877 0
1485 2.055655804241835 -3.62415838500198 0
1486 2.687803538067601 4.550075238635062 0
1487 3.195245269428638 3.570755081609642 0
1488 0.1191096885331683 -0.06496266402446964 0
1489 -1.478286537027309 -3.03829927129725 0
1490 -2.484897226070375 4.18718660744184 0
1491 0.2922996953358051 -1.823899257562659 0
1492 0.8634813715092136 1.417440217608168 0
1493 2.95204012653678 0.5192325422661117 0
1494 -1.474358853584393 1.998120130380785 0
1495 -4.159062992147125 -2.039454954229954 0
1496 1.5074381820433 0.2994134990575025 0
1497 3.199042205022236 2.446629238950744 0
1498 -1.213920647955008 0.1673624955000447 0
1499 -0.03623538376031358 -0.6355656700065627 0
1500 -0.07385615024485818 -0.6460792190719318 0
1501 -1.295240629658507 4.110142836185863 0
1502 -3.052532786627047 -4.175832953617931 0
1503 0.148946615390654 -0.2888027498542962 0
1504 -0.08690319306393653 0.2821318602800423 0
1505 2.252583363354898 1.63201823716249 0
1506 -3.620947151752689 -2.760900400480571 0
1507 -3.272760193886742 -1.389621621594979 0
1508 -2.606658330653639 -2.989051055407709 0
1509 -1.55191967246245 -2.024808126564404 0
1510 1.905005112942029 2.437055905466547 0
1511 -0.7779886683973583 0.3065679032513304 0
1512 -1.535940047195521 -3.961433598487402 0
1513 -0.1319759615847771 0.6529637458833139 0
1514 -0.03868020166016791 0.7027394992616088 0
1515 0.008585143867834391 0.7331037724407492 0
1516 -3.74512063036814 2.417312681790277 0
1517 -2.970645474226184 2.421181910954644 0
1518 1.972413706391378 -2.30224177565642 0
1519 1.646300371434477 3.59973022457298 0
1520 2.965861507362164 -1.312748523751362 0
1521 1.008720151485241 -0.5918070888879543 0
1522 0.424326214633179 0.6325178611708527 0
1523 -4.250191046657563 4.620139549554774 0
1524 4.223611538824642 -4.544462893996786 0
1525 -4.607367978918458 -4.243456476739105 0
1526 -0.2536498956353218 0.3959523071884662 0
1527 -0.244672486549668 0.5014369286056944 0
1528 4.206015663494682 3.006589670159864 0
1529 -1.884815053583531 0.891768282916924 0
1530 2.010490031251556 -1.514885200566741 0
1531 2.733166309367508 -1.936708316189717 0
1532 1.716344401359002 -0.9412499303912574 0
1533 -0.03948134662178231 0.512102641247373 0
1534 -1.565386049831259 1.060326202620594 0
1535 -0.7196250377944028 -3.515239301586003 0
1536 -3.42683223270477 0.9127923738267606 0
1537 8.122060246006698e-05 -0.5097076162755863 0
1538 -3.209926968932484 0.06803339239749744 0
1539 -0.0417579381528386 0.7673797314088235 0
1540 2.483144159650738 1.318285458907388 0
1541 -2.363439268307993 -3.320579227849625 0
1542 0.2337877060947675 0.7928852664747574 0
1543 0.1329422424950616 0.3544179158559463 0
1544 -0.01814518330306775 -0.4996847966480853 0
1545 0.008382144480086924 0.5677420759841385 0
1546 0.7211072709973961 -0.2097718448668729 0
1547 -0.8643952741045832 -0.9707266148889151 0
1548 -0.8836982147459169 1.321509820134649 0
1549 -0.1437860531255998 1.087348853795413 0
1550 -3.534680691411053 -0.4807530650913373 0
1551 -0.05328656592335149 0.4787676202136014 0
1552 -0.05875814313916423 0.4604874563481569 0
1553 -1.76153986316937 0.6962399635086873 0
1554 0.1442674735219241 -0.1518138524081116 0
1555 1.87344913542874 -0.484912761596719 0
1556 3.168840676653151 -1.819576482687381 0
1557 -0.05708298230577908 -1.732808162682666 0
1558 0.05223794582257394 -1.883315763765272 0
1559 -0.1881127786201843 -0.09809997471265711 0
1560 -1.708019055158932 1.238396326585073 0
1561 -3.088503037685949 1.494245127841276 0
1562 0.1982495686911844 1.20850835673672 0
1563 -1.858396270069631 2.397348384876708 0
1564 2.070343574210415 3.05384316793225 0
1565 -4.591561496121509 -3.707436240482519 0
1566 2.156066833499358 0.1653987527449468 0
1567 0.05328887000795874 0.7024339033386526 0
1568 0.06470396787628445 0.7676741176851362 0
1569 -0.7250724696316719 0.05618444550824812 0
1570 -0.8454387204522651 0.007639699641568414 0
1571 -2.024804658430511 -0.2989188776777912 0
1572 0.3681145494162229 -0.1684562660099702 0
1573 -1.232688469230024 1.859148116279055 0
1574 1.91064763279226 0.8368537204263206 0
1575 0.6861827125126148 0.03425660898506773 0
1576 -0.07319420251239275 0.3378079871735978 0
1577 0.4469204499800261 -0.6700834284541437 0
1578 1.874595632886385 3.349012973907937 0
1579 -0.3877124480149911 -1.806062344749545 0
1580 -1.949278165503325 0.3145818260978565 0
1581 -0.05060648434291659 -3.391944212012132 0
1582 -0.4376237262324065 -3.829591776907488 0
1583 0.03123821734953169 0.4623621991293281 0
1584 3.473209885974494 2.151931404788333 0
1585 -0.3864188221647801 0.9233723089536473 0
1586 -0.6226706175763916 0.733859386107379 0
1587 -0.3579928296125834 -0.1450952735960383 0
1588 -1.647633787038897 -2.771457274310249 0
1589 -0.05398432332490466 3.215859140558178 0
1590 -0.6477801722687233 0.4995224241196272 0
1591 -1.06012599989717 -0.5126294821983242 0
1592 -0.07010538790954191 0.4355272729838628 0
1593 2.266872767753946 -4.638214778041026 0
1594 0.6166241459525746 -1.653630988150643 0
1595 0.4418859004427966 -3.653049492065927 0
1596 -0.0055223364596162 -0.5139029790533561 0
1597 1.067111038174769 1.046096639994746 0
1598 0.01558321261797115 -1.127061087308558 0
1599 -0.1265629308947067 -0.3514961932765343 0
1600 2.954843497095465 -4.256872031842831 0
1601 1.099116515010824 -2.373313858024734 0
1602 1.584409496991131 4.213219281448991 0
1603 3.724972984542053 -4.610389363463987 0
1604 -0.7736254552883164 -0.290753170423974 0
1605 0.6455213831077666 -1.01442840745391 0
1606 -0.3018312750430944 -0.3466812702719311 0
1607 -0.3804726177686962 1.507877158520155 0
1608 -0.1276044716876436 -0.8519394692530834 0
1609 1.843592810938185 -3.970334023471525 0
1610 0.3575510270727466 -0.6831583572382089 0
1611 0.384730056252663 -0.7750783288885209 0
1612 0.1637523952654431 -0.5769044025669356 0
1613 0.6426232578607787 0.2715511047559804 0
1614 -0.3203529796138233 0.2250728644897094 0
1615 0.09301513859349424 -0.2615272310990115 0
1616 -1.563795966554809 -1.622439487807488 0
1617 3.736040408392702 -0.2663718884265694 0
1618 -0.2979932528722602 -0.4835640508460812 0
1619 -1.308474752433825 -1.591451851621152 0
1620 0.1124727069762029 0.7149752584995122 0
1621 0.6400341212617775 -0.5515888082949605 0
1622 -0.03646079390125334 -0.4917945841510378 0
1623 -0.03023581996621857 -0.5056380645613106 0
1624 -0.04798391655871073 -0.5138596418941658 0
1625 0.227975798548701 -0.7603077270839218 0
1626 0.0553001337300251 0.5387733028572628 0
1627 0.1399287464556895 0.6551823231360253 0
1628 0.147448428730513 0.7875734800049178 0
1629 -0.7780005043396007 -1.373172157663727 0
1630 4.635320810754166 0.284940835968256 0
1631 0.5106507450236778 -1.07678123539777 0
1632 0.766693103743131 0.2261863037388705 0
1633 -0.759517202590424 0.4572131406757126 0
1634 -4.234963988399414 -2.987733998947758 0
1635 -0.09843213220083637 -0.4034762885762782 0
1636 2.236469331290518 2.523469473194755 0
1637 -2.127742282322828 -1.763697963934575 0
1638 -3.177735231952973 2.74430935532365 0
1639 0.1196869800818871 -0.4761258013375528 0
1640 0.09148069590786718 -0.4402599571963844 0
1641 0.7806360457392428 4.049775028521058 0
1642 -4.268755442456206 -0.5167060227315495 0
1643 -3.766306559873262 -0.1170715535414344 0
1644 -0.6639720995179833 0.2776540660668547 0
1645 -1.073769036886456 -4.546372438481086 0
1646 -4.045621835261564 4.241344040081505 0
1647 -2.227967665380084 3.77519177407247 0
1648 0.05306175058317004 -0.8086026741510691 0
1649 3.137940137721762 -2.833783155448196 0
1650 4.643058705660668 -0.72967494309226 0
1651 0.7655690809952547 1.272106636880299 0
1652 0.1987470122154159 0.03759849755063636 0
1653 1.824575221510349 -2.6331520525456 0
1654 -4.649919053348819 -1.26297201959788 0
1655 -0.163481122775347 -0.229335599963317 0
1656 -2.999793406064778 3.711349650164691 0
1657 0.008902578695711871 -0.5226999231734926 0
1658 0.1521125783348309 -0.228171328421364 0
1659 -1.323404782250954 -0.3194601016669019 0
1660 3.906974690452502 -2.708764332516806 0
1661 0.9604698485733689 -2.848910984347574 0
1662 0.8167125527323944 -1.132948536597744 0
1663 0.3604682834618521 1.453846739026589 0
1664 2.011348320960398 1.100138929015406 0
1665 -1.389027267215839 1.420704327386178 0
1666 -3.749999999998471 4.65006188594676 0
1667 0.07688854548124263 0.4233085044946383 0
1668 0.08646261345062385 0.3679257616456304 0
1669 -1.015684248793472 2.207591732266413 0
1670 0.3194560486395608 0.8877478009879508 0
1671 0.4298787366790947 1.881974525591881 0
1672 -1.157470450920148 0.3467144071173003 0
1673 -0.3112278110984908 -1.247021663911441 0
1674 -1.031832170251113 2.668859406707006 0
1675 0.02334116922616106 0.4963644153882563 0
1676 1.236174042367795 -1.640096206161268 0
1677 -0.0137453850742558 -0.5147199384328307 0
1678 -0.01672927722033204 -0.5236859292486389 0
1679 -0.7462781840915914 -0.1817160299805973 0
1680 -0.475112723851715 1.022378660374053 0
1681 -4.228853513575453 -2.534441915474581 0
1682 3.4029448592442 -4.208786692112477 0
1683 2.741056982068681 -4.632975578468308 0
1684 0.02893659899852219 -0.4863556266356612 0
1685 1.189994218913866 1.632441049017606 0
1686 -3.511500137832329 -4.222915023552262 0
1687 -0.8298668843770617 0.1662720132383384 0
1688 0.6946981339544337 2.212613903467872 0
1689 0.1374711132749052 0.3012748433498689 0
1690 -0.02231410358217775 -0.5153256859527925 0
1691 -0.08244894896650067 -0.572557365557447 0
1692 0.005558252874502335 0.5066244282616998 0
1693 0.003239188584526122 0.5033793161548588 0
1694 -0.1848618458870602 0.0009545387460540428 0
1695 0.07146146678229209 -0.6039609456682203 0
1696 0.2830999898748363 0.5627516731221776 0
1697 0.007705189858919574 0.4993980936643339 0
1698 1.057349771043274 -0.9740149002109419 0
1699 -0.09186692296633309 0.8075553309974242 0
1700 4.157538261363727 4.176452819789504 0
1701 0.05299384085784009 -0.4639182534123654 0
1702 0.06330966138363378 -0.4406987199301025 0
1703 2.311567577700262 -0.06355550902830918 0
1704 -0.02300493045575218 0.5227307601412468 0
1705 0.0681660327309601 -0.343448324278145 0
1706 0.09822709019772015 -1.171663114426514 0
1707 -0.3341390845807329 -0.8002965497896168 0
1708 -2.050206179929401 0.5000201135097069 0
1709 0.612390805865571 2.940599189966539 0
1710 0.8204382697669705 -0.1321317095890847 0
1711 0.04364069574010476 0.6587990506775189 0
1712 2.781536518962088 1.030490177627518 0
1713 -2.121965896139863 -3.678410345020341 0
1714 -0.967783315121632 -0.880788991783753 0
1715 -0.08017193232743614 -0.3676993490368238 0
1716 -0.3855920924376106 -2.273513226848273 0
1717 4.176359273575906 -3.387999176411813 0
1718 -0.09293109454763483 0.6180158762616104 0
1719 -0.2261393438072389 -1.352022982374362 0
1720 -0.006376389800508762 0.5047382162258709 0
1721 -0.18747907273668 0.5798356379685656 0
1722 -0.2591357364687002 -0.03581090368321788 0
1723 -4.251587237193123 -1.570046798753238 0
1724 -3.566508986988317 2.740982723371632 0
1725 0.6583786342231952 0.5980982477104346 0
1726 1.239930919140271 2.042788834907165 0
1727 -1.423840013523979 1.775330130233105 0
1728 -0.1797414507352603 0.08369072555555829 0
1729 2.323719240669071 2.845514682052066 0
1730 -0.4258246169703905 1.16906727560464 0
1731 0.2162924704283479 -0.4604602265461091 0
1732 0.2436742511352737 -0.4001424648825724 0
1733 0.2662798704969819 -1.658792322881744 0
1734 -0.4232563273459507 -2.002123854095555 0
1735 -4.218809495041851 2.964129205219537 0
1736 -0.18457168271128 -0.5294747810088889 0
1737 3.830571868568761 2.205466480118686 0
1738 0.1038268229488442 0.5268432901159176 0
1739 0.03497640394608501 0.8305060797484658 0
1740 -0.1476353470903581 -0.6634274711316228 0
1741 -0.1019805034399869 -0.6074340148228966 0
1742 0.4485564718613706 -1.21804952648406 0
1743 -0.1427370267501959 -0.5429594587058105 0
1744 -2.106969676781444 -0.5057035245084558 0
1745 -3.650006738030822 -1.418140161909502 0
1746 -0.3384596044880114 -0.06871564244224763 0
1747 -0.09631737304598886 0.366152646537616 0
1748 -1.289268149277526 2.119854651242052 0
1749 -0.8376477677817189 2.624685171727728 0
1750 -0.7528712651394289 0.6712223461530284 0
1751 4.127300960654239 -0.2130757462525839 0
1752 0.8628458833800756 0.3142993280544994 0
1753 -0.008377996440558083 0.4997933492739937 0
1754 -0.0007732833202355632 0.5058934099821524 0
1755 -0.005392528288658122 0.5010132522485735 0
1756 0.8271912911797732 2.023373169833798 0
1757 -0.4890105513035107 -0.8336421719424651 0
1758 -4.157756443996649 0.3630116258771823 0
1759 -1.675459525594204 -1.841421690751094 0
1760 -0.06468533943307081 -0.6070621796456916 0
1761 -3.519781798660634 0.05199795227673919 0
1762 -0.4907005520810995 1.606235712419978 0
1763 -0.2973646780997476 0.5403391524067014 0
1764 1.832304586702498 3.900806615395265 0
1765 -0.0434843537749165 1.107813394454832 0
1766 4.285897085153479 -1.503603750012037 0
1767 0.1722898304674738 0.09878740584787077 0
1768 -0.05615632736773651 -0.5808768723731779 0
1769 0.0895558130217653 3.493975751732604 0
1770 0.01760546820953226 -0.5532392933616782 0
1771 -0.8077349493676093 1.026260160866996 0
1772 0.3203513137879442 0.2469191680016849 0
1773 -1.525641815345519 -1.243698704938673 0
1774 4.048489874596978 0.7679515644936092 0
1775 3.431804522034451 -3.142241728002201 0
1776 2.938931686846779 4.248745847951134 0
1777 1.115037063521537 -1.870415888197679 0
1778 0.04585987101203248 0.4595610835215593 0
1779 0.1366802801952669 0.5373510866017732 0
1780 2.97979105108702 0.8036505035713696 0
1781 1.350811799743654 0.3705119148086496 0
1782 -0.001798430936154352 0.5203261004233496 0
1783 1.910143977659016 -0.2688751759258765 0
1784 0.8870436594980846 -3.152111667516742 0
1785 -0.1931901242076952 -1.904798201686282 0
1786 -0.3566307554112631 0.5884471601683605 0
1787 -4.291078107034537 2.030928452892355 0
1788 2.278561812029821 1.150428821913246 0
1789 -0.29888516315487 2.036162323486113 0
1790 2.022510017740759 -4.304625368052125 0
1791 0.002688747440456254 0.5131796786288928 0
1792 0.00252628523979541 0.5011273103466327 0
1793 -0.4136319230684321 1.329792312837499 0
1794 4.234168080806356 -4.095861783674843 0
1795 0.07293806049703547 0.5126856690382693 0
1796 -0.01749738009991486 -0.6153201784056714 0
1797 0.1022650753690509 -4.652282096608277 0
1798 4.633974596215157 4.63397459621516 0
1799 -4.636788728702607 -4.63678872870261 0
1800 -2.529361054534048 -2.11711573121043 0
1801 0.5126288912715523 -1.808000083913279 0
1802 4.636520367722016 -4.636520367722014 0
1803 0.457652637644367 0.9142408317393447 0
1804 -4.636520367722016 4.636520367722014 0
1805 -1.79152724544468 1.075107118728666 0
1806 -3.909188330304199 -4.245474470304543 0
1807 -0.1243041668649082 -0.9258682304949046 0
1808 -0.6348531874944096 -1.276257680324894 0
1809 1.043680053909396 -1.136532082547312 0
1810 -1.09189572891244 0.5842373774228483 0
1811 -0.1992111257821343 1.918278848503296 0
1812 0.18279710200248 -0.3699505293687664 0
1813 -1.773000140792776 2.700735691587048 0
1814 2.235223026124547 3.932743894587483 0
1815 4.313402953968428 0.5651858887143044 0
1816 0.3323991933560492 0.608185235306001 0
1817 -0.9925626210680656 0.6628112965398045 0
1818 0.1266284208954032 0.2608144092425844 0
1819 -0.08080637427641876 -0.6856587818081129 0
1820 -1.944452936994 -2.772354733037528 0
1821 -0.8809881223730617 -1.267567612238078 0
1822 -1.878614255280831 -3.987294017739222 0
1823 -1.996401342318445 -4.343434483449329 0
1824 -1.09679180433478 0.4691397682805019 0
1825 -0.9560429237271155 1.18657540087975 0
1826 -0.0008060428793257414 -0.5219843440864237 0
1827 -0.3735959092287049 -0.2924863795695193 0
1828 1.845204340093981 -1.114662300919321 0
1829 3.16248333093079 -1.541596047914498 0
1830 -3.953578276691812 -2.768233918746584 0
1831 0.5290971800888817 -0.6967257821830876 0
1832 -1.489961224585866 4.451251247739076 0
1833 -0.5781652782392592 -0.6450960496763165 0
1834 -0.7301429176347902 0.5628631938532278 0
1835 -2.000668046993029 1.090952795465106 0
1836 0.1732646578680884 0.442332989572104 0
1837 0.9735949949208607 -2.589638200073189 0
1838 4.264902031085922 3.452868577232603 0
1839 -0.006136808581920712 -0.5300532128467133 0
1840 -0.02089245314122606 0.5354795488272857 0
1841 -0.3502701938635949 -0.5163040073023468 0
1842 -0.1191514736633038 -1.313339897673298 0
1843 -0.4898769380886259 -0.7158147906302872 0
1844 4.342221125945841 0.967025847328465 0
1845 3.828255196651083 -3.074198853378513 0
1846 -0.4807423564749119 1.743962396514657 0
1847 0.02296204597630635 -1.216714892258653 0
1848 -0.05742685352714336 3.750155660373773 0
1849 0.7750176812902452 0.1101902793392162 0
1850 4.241996377285011 -2.640422220028073 0
1851 -0.04570680197291513 0.4238670252797826 0
1852 0.5472585600086626 2.445765066744571 0
1853 0.05447887785777397 -0.8837691257876092 0
1854 -1.421339773552529 -4.629180777665441 0
1855 -0.1366908455239929 -0.5821903124606084 0
1856 -0.02868818222822525 0.4616016956378543 0
1857 -1.163818347067037 -0.5592088066078484 0
1858 0.006746740790270639 -0.4982460590168909 0
1859 0.08707478382898168 -0.1323856483519465 0
1860 -3.906535627164891 2.73005741489754 0
1861 -0.4408185970470547 -0.2317098319766118 0
1862 0.972518083683853 -0.4631227128743096 0
1863 0.2183887227669135 1.676159996925366 0
1864 0.5940845482816151 0.6999684851019398 0
1865 -3.379663323141591 1.490071304321867 0
1866 0.1814636826755428 -0.3229291974948553 0
1867 -0.2919633385907453 0.1681584056951819 0
1868 0.1468544123915545 0.4683288870528575 0
1869 -0.2363528456025569 0.5515267417815203 0
1870 0.05872442327133758 -0.4828668989432558 0
1871 -4.228227735629456 3.893847642718329 0
1872 -0.2551476565443819 -1.163244387422832 0
1873 0.4968323512130736 0.693371351736689 0
1874 1.5436774445053 -4.30492719731175 0
1875 4.696983152389645 1.227143395796131 0
1876 0.159579922412782 -3.614364286872618 0
1877 -0.1153496343271821 -0.3130412845348098 0
1878 -0.1503572074227622 0.1741539691770324 0
1879 1.02807584854436 -0.7302227538294025 0
1880 1.166205679460857 -0.3413903565594805 0
1881 0.6965609795737072 0.6989773644452643 0
1882 1.406408179409304 -2.831856470215037 0
1883 1.082780169372439 -0.08167139483153135 0
1884 -0.05914450465672823 0.5251926671532438 0
1885 -3.974340288683104 -1.425864362883098 0
1886 0.006743488870736574 0.7863052669758374 0
1887 -0.05179369126991247 0.5521283388562475 0
1888 -0.2114611767948866 -2.479587767979143 0
1889 -4.304926962494736 1.438926680981861 0
1890 0.3274534369553931 -1.163262204348267 0
1891 0.02655955746497329 0.5088753076447107 0
1892 -1.126267996025558 2.49366009771468 0
1893 0.1435246207913553 -0.6184485744020655 0
1894 -0.4137682669943836 2.209696743683484 0
1895 1.085553604458156 1.195976443755255 0
1896 -1.653209052994716 -4.308314618270559 0
1897 0.006420467973033814 0.5026204173383959 0
1898 -0.1555172905698327 -0.1679390628983988 0
1899 -0.7058039701675569 2.981910628997968 0
1900 0.04443699127338096 -0.4257697091100122 0
1901 -2.074689833275418 -4.668202670061171 0
1902 -0.1113622057307546 -0.6543054092403621 0
1903 4.328184747987187 -0.4985150273842863 0
1904 0.6618680196461514 3.386995493684024 0
1905 0.1828342551765414 -0.02647505665679951 0
1906 -0.1515038029240748 0.5545829815644985 0
1907 -4.285871014020759 0.6524879641333581 0
1908 -1.583102200372229 1.390382714827652 0
1909 -0.002003602864154249 -0.5059363310804781 0
1910 -0.005391496917152969 -0.5058359223165817 0
1911 -0.04492139233043451 0.4926245901499375 0
1912 0.00226719785701049 -0.5006329033672181 0
1913 -0.7480826430515808 1.314531619961445 0
1914 -0.9859637665532581 0.7861700930613045 0
1915 -0.1474144865906689 0.8366011600968571 0
1916 -0.7393882517313372 1.624176139573734 0
1917 -0.0233389534726387 1.735361267990137 0
1918 0.1147502607960434 -0.9088224399390192 0
1919 2.350816206930144 4.286601238384431 0
1920 0.08619288322037164 0.5574730499307848 0
1921 0.9431796094671375 4.332138997338133 0
1922 1.209894269329455 4.372889423968376 0
1923 1.026474942646186 4.538660376455728 0
1924 0.4628009229788415 2.028739081436492 0
1925 0.5270723508693991 2.124627818599231 0
1926 0.3938069985716582 2.151389459007772 0
1927 0.02156401984877141 -0.6384389053740136 0
1928 0.0267773799094618 -0.6170351075149333 0
1929 0.005360452262020687 -0.6270684841389038 0
1930 0.4195015657924792 -0.2544495723897616 0
1931 0.4235706368093389 -0.2073390014202232 0
1932 0.3640454783993632 -0.2155668369795086 0
1933 0.2825526137535772 -0.7805487950452542 0
1934 0.3250838488088563 -0.8033156453112185 0
1935 0.3421988211973839 -0.7523114786225567 0
1936 -2.150975803591282 2.559882333608402 0
1937 -2.049738876069815 2.396818790012653 0
1938 -1.959633197591098 2.560411928472457 0
1939 0.9669802825885188 -4.318962196660811 0
1940 1.034702897615897 -4.541227019787133 0
1941 1.191142250635577 -4.347060001210279 0
1942 0.1411999569878893 0.229633789945595 0
1943 0.1532605542464115 0.2552904846124635 0
1944 0.1145678236368809 0.2351577145757158 0
1945 0.8813621628542849 -4.090154559789161 0
1946 0.7249228098346043 -4.284321578366015 0
1947 1.217799991485094 1.827193871895359 0
1948 1.121208910951835 1.756816039294265 0
1949 1.286585299447125 1.7028188816187 0
1950 0.02577736797854927 -0.5971064259805725 0
1951 0.02655124907290031 -0.5795269692532757 0
1952 0.01134769341706212 -0.5880852295525265 0
1953 0.03675588678163112 -0.5391349635889588 0
1954 0.02611126953478875 -0.5288293948840459 0
1955 0.02842752338779763 -0.546036017051071 0
1956 0.0263765928634224 0.542528887539373 0
1957 0.02821091501090838 0.5269855555709073 0
1958 0.03370042925725725 0.537793469834985 0
1959 0.525375454494037 -3.004661397833282 0
1960 0.514018920725771 -3.200888370802062 0
1961 0.6659705867457745 -3.162593543855902 0
1962 -0.02649656681995274 0.5444579918025004 0
1963 -0.02770571008060831 0.5350617048190213 0
1964 -0.01968330988057049 0.5448758358107648 0
1965 -1.21559702349221 -0.7275594101174664 0
1966 -1.113042430073071 -0.7389495430994597 0
1967 -1.189855695011337 -0.6425988460288855 0
1968 -1.93229152831737 2.883134478147975 0
1969 -2.013495288661015 3.053536418221518 0
1970 -2.14207388545621 2.89387741214175 0
1971 -0.1322263886026488 -0.2861088391862514 0
1972 -0.1320816205386565 -0.2519878583762512 0
1973 -0.1636258908393393 -0.2634565807733171 0
1974 -0.07404564221704474 -0.4887683927220494 0
1975 -0.0634024287572543 -0.4931766538636958 0
1976 -0.0650560024894733 -0.4751839668680111 0
1977 1.168243535747715 -0.1077092510587693 0
1978 1.142243083623486 -0.04333468103388614 0
1979 1.108780621496668 -0.1460459648564146 0
1980 -3.523022013975545 4.016529543322804 0
1981 -3.196954497088436 3.9709919450857 0
1982 -3.32287877549307 4.186499369978803 0
1983 -2.100704054467776 -3.140103556866548 0
1984 -1.906026906021967 -3.1859179415173 0
1985 -2.008405432042058 -2.988928525176514 0
1986 -0.00407101937097601 -0.5020226992907574 0
1987 -0.002766116158265893 -0.5022154315952932 0
1988 -0.003372370328649781 -0.5009059702601986 0
1989 2.539510048360501 -0.2319751370734193 0
1990 2.49193055303496 -0.1003030039399642 0
1991 2.359147073025803 -0.1952276421617643 0
1992 0.2600126429057447 0.03646466526377747 0
1993 0.227221179005403 0.07051638334106133 0
1994 0.2315384761157576 0.003546779473352496 0
1995 0.4564974371039507 0.810156315841291 0
1996 0.4850276067259912 0.8544304686526626 0
1997 0.4291224680223266 0.8699666789279731 0
1998 2.574841052258031 0.01864693865806591 0
1999 2.394478076923333 0.05539443356972087 0
2000 -1.815698205431203 2.549042038231878 0
2001 -1.916935132952671 2.712105581827627 0
2002 4.121261072307588 2.249524993192122 0
2003 4.348723610070809 2.117147992371857 0
2004 4.328614441143205 2.362594067771647 0
2005 -0.4195810925329912 1.029142850926792 0
2006 -0.3949370390923289 1.102487158542085 0
2007 -0.4504686704110528 1.095722967989347 0
2008 0.8967784673567325 1.309813730343264 0
2009 0.8145252262522341 1.344773427244234 0
2010 0.8478223220997531 1.23714693997933 0
2011 0.3162430861802035 -0.3655611801422151 0
2012 0.373510758375441 -0.3754693232436515 0
2013 0.3541847136532611 -0.3337506306395445 0
2014 0.524246592738148 3.928205720446943 0
2015 0.3135825710330621 3.974200700198793 0
2016 0.422978206802888 3.768979178042223 0
2017 3.781696361495492 1.313664571136043 0
2018 3.549583640919308 1.290007866434961 0
2019 3.71352159516141 1.115523137883165 0
2020 0.3446582547906846 0.1079524394491064 0
2021 0.2975412031209909 0.1376027683228312 0
2022 0.3028123974650838 0.07378394025776146 0
2023 -0.01531973654216755 0.5750987037838907 0
2024 -0.005046011069914001 0.5610070993891912 0
2025 -0.001891580992166622 0.581833680378838 0
2026 -0.7452928264224601 -2.266140295371494 0
2027 -0.88285532601574 -2.295484048667664 0
2028 -0.7698975602662416 -2.401380805140389 0
2029 -0.09999543365478833 -0.2410883419113786 0
2030 -0.1313949358914788 -0.2184360834984443 0
2031 0.0575698621412772 0.8866338480986915 0
2032 0.02608889332044661 0.8742611212741862 0
2033 0.0664573727669156 0.8428788065729711 0
2034 -1.061378041629979 -1.096675374173273 0
2035 -0.985494394397167 -1.158268650636956 0
2036 -0.9652884381171511 -1.059113291903627 0
2037 0.643883123582712 2.575346513208076 0
2038 0.5347590609592403 2.563942890769218 0
2039 0.6563826226321344 2.457168689183428 0
2040 -0.1395601466152569 -0.3053094230590635 0
2041 -0.108015876314574 -0.2938407006619976 0
2042 0.3797071536800977 1.968737623718457 0
2043 0.5129725059778385 1.941975983309916 0
2044 -1.326218831779526 4.768211558793845 0
2045 -1.494980612290786 4.725625623869538 0
2046 -1.321199444074607 4.493837182663382 0
2047 -1.469062948062929 -0.3552132827182541 0
2048 -1.368011346102616 -0.3900080477615179 0
2049 -1.424456384211267 -0.2846653366236382 0
2050 -0.05545248831383017 0.4407564806865178 0
2051 -0.05790609494122852 0.4296971491318227 0
2052 -0.04325319534551678 0.4349263568344778 0
2053 -2.504208686892499 1.090987079659969 0
2054 -2.323239301005183 1.092414962395537 0
2055 -2.404591638774018 1.22910573099878 0
2056 0.4022357385263863 -0.6766208928461763 0
2057 0.3711405416627048 -0.729118343063365 0
2058 0.4158252531163446 -0.7225808786713324 0
2059 4.306462397267271 1.627105470566885 0
2060 4.199960400820398 1.4443092687023 0
2061 4.437725437464517 1.501546497221946 0
2062 -0.02398073988807012 -0.5314588450361385 0
2063 -0.01660289171272553 -0.5308086161899418 0
2064 -0.02410712539567663 -0.5243361580948356 0
2065 -0.9812860601415285 -1.23169917257234 0
2066 -0.8851964566287003 -1.194137090302694 0
2067 0.3173711808492745 -3.19726278241062 0
2068 0.457966313101012 -3.35519492843324 0
2069 -0.06200027168815876 -0.4179307166242876 0
2070 -0.0791481888935776 -0.4007714520139399 0
2071 -0.08128421499541753 -0.4206355531866259 0
2072 -3.460032576822835 4.414540187982337 0
2073 -3.133965059935726 4.369002589745233 0
2074 0.6552704647816551 -4.756564607618833 0
2075 0.5908777954450564 -4.451134830444381 0
2076 0.4356073306578733 -4.694570222825548 0
2077 1.264911881193551 -0.1043908856456167 0
2078 1.231449419066732 -0.2071021694681451 0
2079 -2.224846538636614 0.4920950523681824 0
2080 -2.358186566198883 0.5206906122028921 0
2081 -2.319088481398609 0.3647737159842699 0
2082 1.311553649560327 1.90799277456348 0
2083 1.146177261065037 1.961989932239045 0
2084 -0.6208962394702711 -2.244804931231858 0
2085 -0.7338540052197695 -2.138908174759133 0
2086 -1.788356536157476 2.871764587907395 0
2087 0.5742359774522283 -1.119270151704733 0
2088 0.4796036084425242 -1.147415380940915 0
2089 0.5431888408710748 -1.189904297247877 0
2090 -1.751063914855887 4.304845142460914 0
2091 -1.935998555587409 4.321945560978167 0
2092 -1.857537195626337 4.11596494533016 0
2093 0.5843599107480297 -0.6570103250854208 0
2094 0.63549213705378 -0.6321391406576832 0
2095 0.5889018949560273 -0.5764599927226981 0
2096 0.04395452691673835 0.5848784664314229 0
2097 0.02948335990664376 0.5727716558040949 0
2098 0.04633727411986585 0.5654436124307788 0
2099 -1.1795511426441 0.6277284779060888 0
2100 -1.158637135209865 0.5548909491197189 0
2101 -1.112809736346676 0.6570749062092183 0
2102 -0.04977886592864134 0.4532365723686649 0
2103 -0.06443176552435306 0.4480073646660099 0
2104 -1.664762637406332 4.755412879054461 0
2105 -1.659743249701413 4.481038502923998 0
2106 -0.08473628628042658 0.6916617212549141 0
2107 -0.1148537778376843 0.6894907186074788 0
2108 -0.1018584700275195 0.6551347485307493 0
2109 0.6416712964942728 -1.088093737732802 0
2110 0.7272668813065866 -1.147353802304719 0
2111 0.7311169679200805 -1.073688472025827 0
2112 -0.07473111196641706 0.190479705014141 0
2113 -0.1137344906073626 0.1687701823399465 0
2114 -0.08596892379922319 0.1498240215630143 0
2115 0.07202302289669846 0.9392797232871519 0
2116 0.1123915023431674 0.9078974085859368 0
2117 0.3921825445941707 0.1490677427717206 0
2118 0.3974537389382636 0.0852489147066508 0
2119 3.28907026351699 1.080809714440228 0
2120 3.190808957107485 0.8848729935559567 0
2121 3.383147568175722 0.8959297122978115 0
2122 0.7119205795483005 -0.9794473708315964 0
2123 0.7975161643606143 -1.038707435403513 0
2124 -3.449273664439898 -0.3418583274904599 0
2125 -3.565086598671003 -0.1600175717155084 0
2126 -3.650493625642157 -0.2989123093163858 0
2127 1.573109124634894 -2.804234427828575 0
2128 1.716912815032113 -2.807179078058514 0
2129 1.68077153111313 -2.630207402315662 0
2130 1.804482617449195 -2.962896756954579 0
2131 1.912145023927431 -2.788869731441666 0
2132 0.7522915930188099 -3.890103156119671 0
2133 0.6535821981900229 -3.688870931405452 0
2134 0.5405952952715836 -3.854281716780146 0
2135 0.8798801413955548 4.748954974912743 0
2136 1.146594801257872 4.789705401542985 0
2137 0.4711098740385746 -0.7320323137718776 0
2138 0.4400146771748931 -0.7845297639890663 0
2139 -0.0274325128516182 0.5872193562986217 0
2140 -0.03058694292936558 0.5663927753089748 0
2141 0.01005224480976087 0.4943488056821755 0
2142 0.01221665023584551 0.492204833605791 0
2143 0.01342294945911123 0.4944409238780955 0
2144 3.965861885974373 2.350218774355299 0
2145 3.985971054901976 2.104772698955508 0
2146 0.3071296945754384 0.006814336390052619 0
2147 0.1455610373921881 0.1871277073565265 0
2148 0.1842537680017186 0.2072604773932742 0
2149 -2.047083466896068 4.537936008219994 0
2150 -2.153556747666518 4.34905581108924 0
2151 -0.07703328810861598 0.5057931975417828 0
2152 -0.06027127583446845 0.5124127253364492 0
2153 -0.07590651693087574 0.5185731393585773 0
2154 3.749791028619633 4.340467467994594 0
2155 3.520115233022258 4.339914711420422 0
2156 3.522314544637861 4.110170353486664 0
2157 -1.353523661407209 1.92863412332992 0
2158 -1.449099433554186 1.886725130306945 0
2159 -1.328264241377002 1.81723912325608 0
2160 -0.08718983974034775 0.4917228257485786 0
2161 -0.07155459864394045 0.4855624117264504 0
2162 0.2322361112121493 0.4808472350452426 0
2163 0.2050284127655256 0.5024617083098214 0
2164 0.2065746585951787 0.4645137587348204 0
2165 0.2774623098266308 0.7836570705493187 0
2166 0.3202964810990274 0.8310883378059154 0
2167 0.2766218773671641 0.8403165337313541 0
2168 -2.117977316882871 0.4180991348296335 0
2169 -2.157075401683145 0.5740160310482558 0
2170 -0.02355385030142425 -0.5523478384742805 0
2171 -0.01482514361666286 -0.5483521806615882 0
2172 -0.02520521288988041 -0.541926960943937 0
2173 -0.3995582461212513 0.1204562745165794 0
2174 -0.3606448839118555 0.08263803004416168 0
2175 -0.3491365524721222 0.1386760551717255 0
2176 -0.01764437333536725 -0.5038049096278095 0
2177 -0.02419050163464316 -0.5026614306046979 0
2178 -0.02368969166694266 -0.5067815435844221 0
2179 2.076340352401001 -0.2186810069561786 0
2180 2.216701618115196 -0.2096758941860203 0
2181 2.171206311986067 -0.07256062179846745 0
2182 0.4080533434258232 0.7796888209054949 0
2183 0.4639584821294879 0.7641526106301844 0
2184 -1.248786273137832 -0.5376523610600066 0
2185 -1.228114317748757 -0.5952087598273703 0
2186 -1.184490302456112 -0.5016524078404847 0
2187 -3.164389752035877 -2.192313622545621 0
2188 -2.943490970753227 -2.172114009443594 0
2189 -3.048724416847613 -2.007145899617176 0
2190 -0.1264269430986593 0.1917899174840528 0
2191 -0.1376647549314655 0.1511342340329261 0
2192 0.2367398683451627 -4.520711271129686 0
2193 0.3011325376817614 -4.826141048304139 0
2194 -4.378944171226784 -1.908233058019038 0
2195 -4.205325114670124 -1.804750876491596 0
2196 -4.425206293749784 -1.67352898028068 0
2197 3.478650949262655 4.585473787322968 0
2198 3.251174465280883 4.355176672815038 0
2199 -1.333712302810671 -0.7320925298056284 0
2200 -1.256899037872404 -0.8284432268762025 0
2201 0.3265195038254997 -0.8547048105771736 0
2202 0.3861657112693065 -0.8264674941544761 0
2203 0.05007512024324198 0.3761886841176002 0
2204 0.06078388768010443 0.3619816724784873 0
2205 0.07575384601376141 0.3821327732847433 0
2206 4.342798837573291 1.844210808439432 0
2207 4.105033800929172 1.786973579919785 0
2208 -0.3873214644677749 -0.419348887653707 0
2209 -0.350688793192527 -0.4424016893238679 0
2210 -0.3436749159653926 -0.3963455280335546 0
2211 1.952465353537858 -1.265929984339361 0
2212 1.916102063216616 -1.423310399780929 0
2213 2.046853321572799 -1.357504785125173 0
2214 -1.434261649545937 -0.2094049931865191 0
2215 -1.333210047585625 -0.2441997582297828 0
2216 -2.288632497211718 -0.5179977364928229 0
2217 -2.402222746853365 -0.4017748650383516 0
2218 -2.42277483706305 -0.5651372907940826 0
2219 -4.029438559917967 -0.249350139667877 0
2220 -4.217659974874865 -0.2697162595662239 0
2221 -4.080534027499308 -0.4963399028332027 0
2222 0.3284467244202636 -0.2932599477435776 0
2223 0.3857143966155011 -0.303168090845014 0
2224 -0.3236538846580316 -2.187974659019103 0
2225 -0.3424860021122017 -2.052279972642744 0
2226 -0.4044242098917806 -2.137818540471915 0
2227 -1.574655766032815 -1.411392779923666 0
2228 -1.473082170107317 -1.330615515711198 0
2229 -1.627215411271016 -1.324475969151142 0
2230 3.507520466756458 -1.283606165741171 0
2231 3.40635108442926 -1.48330592264999 0
2232 3.594126080905589 -1.467218969734708 0
2233 -2.279175616009987 0.9430022590796318 0
2234 -2.179558567891505 1.081120910418443 0
2235 -0.123198687624792 0.4085354361451101 0
2236 -0.1128520076830076 0.3925830138624659 0
2237 -0.1017010401894174 0.4181109591347436 0
2238 -0.3423029027492313 1.089682175491699 0
2239 -0.3731904806272929 1.156262292554254 0
2240 2.200617779680814 -1.319008319514686 0
2241 2.164254489359571 -1.476388734956255 0
2242 -0.001281634694581774 -0.5009692059791304 0
2243 -0.001126861507134876 -0.5018771471476917 0
2244 -0.0003410290857769852 -0.5017476505620877 0
2245 0.1573021621510938 0.4170616081348629 0
2246 0.1233126683920407 0.4212348634943188 0
2247 0.1451204630590786 0.4003006919910773 0
2248 0.10835737635512 1.269509399824059 0
2249 0.06883468617308185 1.341626774891007 0
2250 0.01950250845878828 1.258942005512505 0
2251 -0.3461642972835848 -0.4744845498950507 0
2252 -0.3025177487812024 -0.4514811902748983 0
2253 0.6942807722027948 -0.668680904566421 0
2254 0.6988227564107924 -0.5881305722036984 0
2255 -1.260978309253775 1.989501383760554 0
2256 -1.381813501430959 2.058987390811418 0
2257 -0.2148040630840195 -0.4693927109462832 0
2258 -0.2376746983811459 -0.4938173907284978 0
2259 -0.2120750807591207 -0.5074357694568455 0
2260 -1.73441588919614 -0.8970099888641749 0
2261 -1.776997792976382 -1.025438392709632 0
2262 -1.647007518451229 -0.9905282757535689 0
2263 -4.337256552924321 -3.371552880593886 0
2264 -4.171244898070402 -3.240419880068835 0
2265 -4.400975643253333 -3.118866999472809 0
2266 1.007479437386209 1.283616841555648 0
2267 0.9741823415386898 1.391243328820553 0
2268 -0.06749885809951187 0.4751298300734239 0
2269 -0.05734230646778008 0.489200201866628 0
2270 3.456460370832703 3.89233096287809 0
2271 3.243942009234562 3.840186339261067 0
2272 3.407763631026778 3.622899705226665 0
2273 0.7892677972307329 2.614092267408314 0
2274 0.6676442355578388 2.720866468994103 0
2275 -0.3430154464702774 2.344881048858173 0
2276 -0.2085813120879947 2.363669086145796 0
2277 -0.3035830307701027 2.460603860825992 0
2278 0.7877895456469353 0.4750255264126065 0
2279 0.7249317791549423 0.4209429516878336 0
2280 0.8065106180715085 0.4113394521910281 0
2281 0.1765044708700733 0.5118652352309017 0
2282 0.1541437978945505 0.520620596683084 0
2283 0.1570062871730321 0.4948835934515815 0
2284 -0.03016780958927353 -0.4485750663866205 0
2285 -0.03494139356560619 -0.4543225318548304 0
2286 -0.0261500492865029 -0.4577482100298855 0
2287 0.04888035310740382 -0.5129603968341945 0
2288 0.05115948425166347 -0.5004237241317316 0
2289 0.03671876407288188 -0.5093916687194711 0
2290 0.4765403124698655 -0.1806973259976066 0
2291 0.4210842250767495 -0.1418145905873536 0
2292 -0.1491169993253852 -0.1139491296531662 0
2293 -0.1718150345950085 -0.133019518805528 0
2294 -0.1328192553002094 -0.1488686737460371 0
2295 -4.58964832939534 -2.010425376374552 0
2296 -4.369767150315679 -2.141647272585468 0
2297 -0.4975247553525955 -2.195543018733885 0
2298 -0.5163568728067656 -2.059848332357526 0
2299 0.01351916005470545 0.4895039461205435 0
2300 -1.298739653886107 3.0031844359035 0
2301 -1.095758487116872 3.008402002695056 0
2302 -1.193234954527395 3.143590653975033 0
2303 -1.352514099192377 -0.545882353451513 0
2304 -1.308890083899732 -0.4523260014646274 0
2305 -0.0006526797832956451 -0.5782936202638569 0
2306 -0.001426560877646685 -0.5958730769911537 0
2307 0.2138831598394448 0.8356148032625371 0
2308 0.2567173311118414 0.8830460705191339 0
2309 -3.368071247261077 -1.872141081609805 0
2310 -3.168935665239783 -1.853340757497574 0
2311 -3.267383714370596 -1.698136326388176 0
2312 3.821303838549434 0.9506210785496184 0
2313 3.58919111797325 0.9269643738485365 0
2314 -2.28326092439793 -3.131846684187694 0
2315 -2.180882398377839 -3.32883610052848 0
2316 -3.829309586207835 -0.2965226682381451 0
2317 -3.966435533583393 -0.06989902497116625 0
2318 -4.57927439711438 -3.478718120240189 0
2319 -4.349543651931449 -3.600271000836215 0
2320 0.02355549053806833 -0.6923971580434117 0
2321 0.02414855167788425 -0.6634194507947249 0
2322 -0.0004459689384856101 -0.677449989246671 0
2323 -0.18172094762317 -0.9554409651015134 0
2324 -0.2349812947285643 -0.932437168040388 0
2325 -0.2211754612117819 -0.9822790565944262 0
2326 -1.156661933099777 1.930221631395196 0
2327 -1.184951773123528 2.060574898876695 0
2328 0.02989592521018858 -0.5022080477225999 0
2329 0.02761679406592894 -0.5147447204250628 0
2330 -0.2214647602102869 -0.7003864345173214 0
2331 -0.189080884284508 -0.6816203598395532 0
2332 -0.2259193087446318 -0.6619046771009089 0
2333 -0.03146673044164046 -0.7192432056966054 0
2334 -0.02191567028697599 -0.6913687464486982 0
2335 -0.05234337065031494 -0.7041842556499456 0
2336 -0.04748491173556998 -0.3770500486079971 0
2337 -0.04500615837747691 -0.3984758937506343 0
2338 -0.000526103258396771 -0.5646394155085808 0
2339 0.007089590066080819 -0.5579091668064784 0
2340 -0.005558087703729109 -0.5520428094898293 0
2341 0.2322745647584358 -0.9693855845052139 0
2342 0.2348985071731674 -0.9152794956897987 0
2343 0.1829836509102287 -0.9430510141600972 0
2344 -0.7491094184533849 -0.5176401706369365 0
2345 -0.7438450820240756 -0.5964977651170693 0
2346 -0.6853983805243451 -0.566685325124765 0
2347 -1.492159245711962 -1.519985907145605 0
2348 -1.436135359494317 -1.60694566971432 0
2349 -1.36449863865147 -1.504492089052437 0
2350 0.7701981642615561 4.273842489173272 0
2351 0.9536174909448243 4.10807153668592 0
2352 0.05320620014539668 -0.5456201758305983 0
2353 0.0508899462923878 -0.5284135536635732 0
2354 -1.615537574166809 2.153042323690586 0
2355 -1.673040263522019 2.332664145174685 0
2356 -1.80089358071442 2.21772656339261 0
2357 -1.046906349226595 2.853971166053577 0
2358 -0.941401649867882 2.99437738412511 0
2359 -1.532900895728854 -0.9596792616690308 0
2360 -1.575482799509096 -1.088107665514487 0
2361 0.1501789270605018 -0.8988836826418506 0
2362 0.1475549846457703 -0.9529897714572659 0
2363 -0.01624837385800199 0.4868794699546377 0
2364 -0.01771032829037055 0.4829706967007832 0
2365 -2.208077132101423 -0.5935318433785048 0
2366 -2.187525041891738 -0.4301694176227738 0
2367 -0.007209450292185266 -0.5416219319594858 0
2368 2.753526299736309 0.0337865918607009 0
2369 2.656073823624682 0.1894840293703859 0
2370 -0.001825510549461104 -0.5029938761782504 0
2371 0.1551611308934293 0.5374766625320887 0
2372 0.1356629471963881 0.5204950207527685 0
2373 1.933051414339472 -4.137479695761825 0
2374 1.693635127721743 -4.137630610391637 0
2375 1.783093731123029 -4.304776282681938 0
2376 0.2443353003187307 -0.544123413991527 0
2377 0.2788069406766038 -0.518850694891321 0
2378 0.240655127138349 -0.5014348963234447 0
2379 0.3154601789998389 0.4511741433599033 0
2380 0.2713097229474599 0.4685935358185711 0
2381 0.2779328130941813 0.4254798930115738 0
2382 4.170005389920405 -0.9976985804858431 0
2383 4.333407821560901 -1.220629951137061 0
2384 4.406800032384327 -1.028656226384103 0
2385 -0.05163751577879344 -0.4101830575624975 0
2386 -0.05377354188063339 -0.4300471587351834 0
2387 -0.1661308414202606 -0.6917647941937942 0
2388 -0.1705853899546055 -0.6532830367773816 0
2389 -2.011438209011091 1.665668114166574 0
2390 -1.934755422733256 1.520385863685289 0
2391 -1.853389893170944 1.653078340234106 0
2392 -1.646292486875661 -1.513846360585549 0
2393 -0.4449732725931788 0.1552771205626921 0
2394 -0.4564816040329121 0.09923909543512827 0
2395 -2.948036883957132 -1.833141144395547 0
2396 -0.006407567790255844 0.4989103186533786 0
2397 -0.007445757800822554 0.4977663010607558 0
2398 0.4350741734240137 -3.992819373625887 0
2399 0.3363647785952267 -3.791587148911668 0
2400 0.7071391371236084 3.886379613405715 0
2401 0.5977435013537825 4.091601135562286 0
2402 3.843227883938271 1.529008770867539 0
2403 4.007165838180374 1.354524042315743 0
2404 0.2697634771178069 0.5065414853935721 0
2405 -0.1549296593948884 -0.7461891734007502 0
2406 -0.1219041692153091 -0.7378673481423482 0
2407 -0.1516008455705838 -0.7117802919975637 0
2408 0.4452395550254767 -0.2949402552857285 0
2409 0.003140303224331538 -0.5381693809044716 0
2410 -0.0009569038770030572 -0.5305397069339648 0
2411 -0.002039601480586116 -0.5376828868172201 0
2412 -0.2691984667891525 -0.4696691915320084 0
2413 -0.2664694844642536 -0.5077122500425707 0
2414 0.001790571735686431 0.5024897635794392 0
2415 0.001434120063321075 0.5013637606753263 0
2416 0.002882736912160766 0.5022533132507457 0
2417 0.8743165116927915 0.7255538710346742 0
2418 0.7921389699416803 0.7006140810958095 0
2419 0.862242190843898 0.6370680343762632 0
2420 -4.320274205905156 -0.7927715493900241 0
2421 -4.401454635811138 -0.9759709512248184 0
2422 -4.160055481615371 -1.007623023670361 0
2423 0.1868797611975671 0.9775748969811807 0
2424 0.1604116383413554 0.919443811912357 0
2425 0.2204467364403337 0.9364754251191405 0
2426 3.814015541753359 -1.438444939477656 0
2427 3.71284615942616 -1.638144696386475 0
2428 -0.261634734892605 0.1213796534405094 0
2429 -0.2525048090566145 0.1550299509384464 0
2430 -0.3010932644267358 0.1345081081972448 0
2431 -1.232738056236326 0.7198891410889602 0
2432 -1.278565455099515 0.6177051839994608 0
2433 2.264281113440738 -0.3413480273194754 0
2434 -0.06187243541166108 -0.5029267582202185 0
2435 -0.06018799252176824 -0.5103103608059499 0
2436 -0.04966835944860357 -0.5064760393084343 0
2437 0.135931947239021 0.5768362524240078 0
2438 0.126695548950662 0.5506886160356169 0
2439 0.1459166784836259 0.5634987229901641 0
2440 -2.875011591871556 -2.349426650953892 0
2441 -2.759346256683291 -2.164258928025447 0
2442 0.1459584775859341 0.8667979367238966 0
2443 -3.713496651976731 -0.4783634240130966 0
2444 0.04358312041989819 0.5460550523303568 0
2445 0.05805428742999277 0.5581618629576848 0
2446 0.1641492817723831 -1.210117455746225 0
2447 0.1498588357037229 -1.158348685829197 0
2448 0.1125175362663803 -1.223431884343543 0
2449 0.1082196520928758 -0.5732791275461537 0
2450 0.1360758683076219 -0.5859731464393405 0
2451 0.135896179050697 -0.5642103836737489 0
2452 0.7552567200799639 -1.786420383130834 0
2453 0.7131131544359075 -1.665412841156118 0
2454 0.6587677115966311 -1.77463853012536 0
2455 -1.14825703646173 -0.1842483127649364 0
2456 -1.235851696012196 -0.1354749566797543 0
2457 -1.255420653369829 -0.2177127708778459 0
2458 -0.3668331562117517 0.6736714572214051 0
2459 -0.3848314784278383 0.6378268719700972 0
2460 -0.3386324331951766 0.6242917454196684 0
2461 4.415419203654153 -0.03063925699126976 0
2462 4.609932883508879 0.03760325568928205 0
2463 4.440807130899441 0.2166983232877042 0
2464 -0.1469895602132422 0.4085003743425247 0
2465 -0.135838592719652 0.4340283196148024 0
2466 -0.5776259218532405 -1.423645928568698 0
2467 -0.5751509790135483 -1.31933331015432 0
2468 -0.6373281303341017 -1.380570298739271 0
2469 0.1286373836660055 1.197666493591139 0
2470 0.177969561380299 1.28035126296964 0
2471 0.5450583964769176 0.8432833755234397 0
2472 0.5176834273952935 0.9030937386101218 0
2473 -0.01248836922187737 0.5088972437685889 0
2474 -0.009775842262691164 0.5040715653926737 0
2475 -0.009088916759694971 0.5095638946017862 0
2476 -0.2920451426596674 -0.6550584392633632 0
2477 -0.2540430034755816 -0.6418196768800561 0
2478 -0.2877849614648382 -0.6162073643647421 0
2479 0.2962178944653929 1.613135311155625 0
2480 0.2875533509251199 1.48917274861653 0
2481 0.369132827002125 1.577809301565684 0
2482 0.03092525142909102 -0.4959965381157954 0
2483 0.02182328142213807 -0.5013495898213872 0
2484 -0.020901288200931 -0.4964587728980326 0
2485 -0.02694660653250641 -0.4994354068546453 0
2486 -1.58624292485776 -0.3566305844795078 0
2487 -1.529797886749108 -0.4619732956173874 0
2488 0.04759646184176447 0.3976133327793931 0
2489 -2.502626947955812 1.373207386831972 0
2490 -2.321657562068496 1.374635269567541 0
2491 0.2084165107870434 -1.273650520562245 0
2492 0.2457578102243859 -1.208567322047899 0
2493 3.796148941408182 -0.08985559743156496 0
2494 3.93167068452347 -0.2397238173395767 0
2495 3.99177921753895 -0.06320752634457219 0
2496 -0.03270944657283151 -0.5354545028488308 0
2497 0.202165923487044 0.5281987115413239 0
2498 -0.01330035755310557 -0.5724272629472078 0
2499 4.606630584842746 -0.9906312700637904 0
2500 4.443228153202249 -0.7676998994125726 0
2501 -0.4195419909918527 0.4414040482531522 0
2502 -0.3769477655572174 0.4587472145212103 0
2503 -0.4156329019303074 0.4899201833904467 0
2504 0.3358953936536622 -0.9097353627276734 0
2505 0.2748135311932119 -0.8865835138844156 0
2506 -0.4375492460980394 0.2142270545782594 0
2507 -0.3835584652595363 0.2356666623113354 0
2508 -0.4330577966760576 0.2733994172454516 0
2509 -1.499191332344205 -0.1336595310322063 0
2510 -1.407944995718562 -0.09319395263835095 0
2511 0.04556547932532536 -0.6533860741707543 0
2512 -1.911584430177823 -1.068359958685252 0
2513 -1.824176059432912 -1.161878245574646 0
2514 3.093875956494064 3.990812886316884 0
2515 3.04517921668814 3.721381628665459 0
2516 -3.713908172034798 1.164982688261493 0
2517 -3.617140111803458 0.9394804692651142 0
2518 -3.52360029293611 1.138294592823139 0
2519 -0.004517385905945408 0.503199953961876 0
2520 -0.005884459044583443 0.5028757342372222 0
2521 -0.004025455150020087 0.5013374719732273 0
2522 -0.2342205755592793 0.7314569133810891 0
2523 -0.2099933252673107 0.6939171793884685 0
2524 -0.1943873581178575 0.7453272192072378 0
2525 -0.08706763383929003 0.1096101991202436 0
2526 -3.170504163118022 -1.534478811935462 0
2527 -3.369639745139316 -1.553279136047693 0
2528 -3.439689756828197 1.29064409720283 0
2529 -3.342921696596857 1.065141878206451 0
2530 -0.5064418673131227 1.963814453686766 0
2531 -0.45089256478646 1.868000167145524 0
2532 -0.4083577380022928 1.955470151789488 0
2533 4.792272478131796 -0.1048671622979186 0
2534 4.817660405377083 0.1424704179810554 0
2535 -2.448957110324181 0.1110699387209855 0
2536 -2.380856053565966 0.252947750404 0
2537 -2.520529565719094 0.2514914641359651 0
2538 -0.5485493545422553 -0.2741202310843997 0
2539 -0.511325019136471 -0.3205209608992425 0
2540 -0.4969488254924909 -0.2632075165160649 0
2541 0.2116449508138707 -0.4108239072918006 0
2542 0.2132356765688769 -0.3850464971256694 0
2543 0.1812063762474738 -0.3957279395348977 0
2544 -1.049911449159408 -0.7854510524936356 0
2545 -1.024170120678535 -0.7004904884050547 0
2546 0.126074009520007 -0.53564842946131 0
2547 0.153930225734753 -0.5483424483544967 0
2548 -0.01760538483113886 0.4891979906507403 0
2549 -0.01652158065867881 0.4943111218230591 0
2550 -0.01996613440980879 0.4921513543809553 0
2551 -0.741481996435794 0.2377278971356737 0
2552 -0.6844737119961066 0.2232709785434357 0
2553 -0.7209803839576707 0.2921109846590926 0
2554 0.1316885810275462 -0.1083882582162906 0
2555 0.103092236181075 -0.09867415618820807 0
2556 0.1156711286754529 -0.1420997503800291 0
2557 -0.2216591275498027 -0.6230536022022879 0
2558 -2.798725313832059 3.956864643464912 0
2559 -2.542768297564266 3.979977061314982 0
2560 -2.740854242338168 4.164074189591769 0
2561 -0.8039277763872099 0.2364199582448344 0
2562 -0.7674211044256458 0.1675799521291776 0
2563 2.649835154725939 -0.3168233161342394 0
2564 2.517051674716782 -0.4117479543560396 0
2565 1.877005161203467 -0.8174158975305603 0
2566 2.001606417373275 -0.7881550476452979 0
2567 1.924061592346735 -0.6893287511657996 0
2568 -0.3542014471476707 0.2007835820669263 0
2569 -0.3497099977256889 0.2599559447341184 0
2570 -0.5405198529272857 -0.9816007759615226 0
2571 -0.5387932828663005 -1.049534747302867 0
2572 -0.4790721689418576 -1.021947530370392 0
2573 -1.4946098254153 -1.712521439437958 0
2574 -1.366949218354808 -1.697027621344791 0
2575 1.355504216570768 4.189793663149886 0
2576 1.438799549749817 4.396315042267481 0
2577 2.380188374095844 -4.45954958753558 0
2578 2.503964874911313 -4.635595178254666 0
2579 2.617280481253212 -4.456929987749222 0
2580 -0.3623945262516832 -0.5957850896964847 0
2581 -0.3177686648408459 -0.5917845017612073 0
2582 -0.3543760904436051 -0.5581234647096429 0
2583 -1.162362765178343 -2.335711734905054 0
2584 -1.057337841127942 -2.450731561100014 0
2585 -1.012484983909922 -2.315704732241598 0
2586 -2.003504053046628 -0.9491710759937074 0
2587 -2.050682319503159 -1.085610928858721 0
2588 -0.7980068406438323 -0.1170935485937901 0
2589 -0.7921500363307908 -0.03189962808449528 0
2590 -0.8512955247653065 -0.07755422086772641 0
2591 0.5121982390930024 -0.7453534906363496 0
2592 0.4880088150344539 -0.6834046053186156 0
2593 2.19070312442849 1.495190719362583 0
2594 2.30598352257641 1.338324330235032 0
2595 2.367863761502818 1.475151848034939 0
2596 -0.08363809753151191 -0.440277295470436 0
2597 -0.1007860147369307 -0.4231180308600884 0
2598 0.1302727500149358 -0.9850088686934901 0
2599 0.09746802616520889 -0.9408415371752434 0
2600 -2.573043769658049 -0.1624617136363448 0
2601 -2.626393309879874 -0.3134405777450953 0
2602 -2.483015546482873 -0.2979355552308608 0
2603 0.05803994734778892 0.5990429767602657 0
2604 0.04118603313456683 0.6063710201335819 0
2605 -1.076218831779217 4.768211558793845 0
2606 4.556644617538788 2.46936777269616 0
2607 4.329182079775567 2.601744773516425 0
2608 -0.2173370811355924 -1.037686207427442 0
2609 -0.2705974282409866 -1.014682410366316 0
2610 -0.2744305144658171 0.07648480731999274 0
2611 -0.2258420590956958 0.09700665006119438 0
2612 -4.016733846576183 -1.881436233686073 0
2613 -4.062995969099182 -1.646732155947715 0
2614 -0.01130665739351986 -0.533992257988979 0
2615 3.490929811563745 0.7310276529642651 0
2616 1.378161853628671 -0.0814141253515247 0
2617 1.314955970309654 0.01797879305785109 0
2618 -2.170334249810934 1.673489538967803 0
2619 -2.088968720248622 1.80618201551662 0
2620 0.1407500132945319 0.4859839209783107 0
2621 0.1631106862700547 0.4772285595261283 0
2622 0.07008617376474777 -0.3091268325509889 0
2623 0.09672338358727296 -0.2881772929803145 0
2624 0.06637792877096904 -0.282476770669686 0
2625 1.026220857181882 1.508459803769425 0
2626 1.137438765241016 1.498743744525271 0
2627 1.078776310854733 1.64215710826176 0
2628 -0.0308603967686199 -0.5153122257511714 0
2629 -0.02689953857659948 -0.5201560364469124 0
2630 -0.02627496177419816 -0.5104818752570515 0
2631 -0.3304006276446518 -0.6737536971028203 0
2632 -0.2966586696553951 -0.6993660096181343 0
2633 2.383436383875441 -4.819107389020512 0
2634 2.620528491032809 -4.816487789234154 0
2635 -0.1568998156793376 0.6142080478699155 0
2636 -0.1298759819221864 0.6226018595800802 0
2637 -0.1589997953419285 0.6445699341731492 0
2638 0.004398720729514229 0.5050018722082793 0
2639 0.002392484777133386 0.5062589191219261 0
2640 0.001232952632145279 0.5046363630685056 0
2641 -0.3400066266361317 0.1723263526696625 0
2642 -0.3061581591022843 0.1966156350924456 0
2643 0.8032493674797956 0.3357781027603773 0
2644 0.8661071339717885 0.3898606774851502 0
2645 -0.04036484770053297 0.9071744349653348 0
2646 -0.06246768854953734 0.8656865916061931 0
2647 -0.004901458154196153 0.8765283194407649 0
2648 3.038261351767887 0.9367017496348715 0
2649 3.132338656426619 0.7518217474924549 0
2650 -0.1883027361100429 -0.6108940336182829 0
2651 -0.2164264308409928 -0.5908090333974301 0
2652 -0.4822711252302112 4.578282388885837 0
2653 -0.6009028945810091 4.38282385017356 0
2654 -0.363603621962075 4.389380311707402 0
2655 -0.2566416700759203 4.163970384510309 0
2656 -0.3998210731037034 4.020443562545407 0
2657 -0.1742273518667508 3.99049217406059 0
2658 -0.004010084868824217 0.5001611624547703 0
2659 -0.004914833714305863 0.4995202701406685 0
2660 -4.417424380744676 1.114274447201351 0
2661 -4.611978048727734 1.004119548410788 0
2662 -4.417210419902132 0.8873267896985071 0
2663 0.5056292880845069 0.5762084416376996 0
2664 0.4814643845912518 0.6231424754376671 0
2665 0.4484911181264341 0.5855838273708853 0
2666 0.2702956462966487 -0.3619924762103402 0
2667 0.2896216910188286 -0.4037111688144472 0
2668 -1.335063640769611 0.09514830869152879 0
2669 -1.434075848316251 0.07735204221063002 0
2670 -1.373862470970191 0.000347775996860613 0
2671 0.2017530266261914 1.040607067829734 0
2672 0.141717928527213 1.023575454622951 0
2673 -0.1331053512406813 -0.6834429689353922 0
2674 2.216359019385975 3.183644996386119 0
2675 2.11848504872396 3.331229899373962 0
2676 1.9724696035484 3.201428070920094 0
2677 0.1056553536104458 0.1750634180238631 0
2678 0.1487091646242752 0.1526901054715423 0
2679 0.08808802393846227 0.4004068661371947 0
2680 0.09400975739063409 0.4138912259225858 0
2681 0.07096681202907079 0.4098241447092472 0
2682 -0.1690092909813262 0.1350079975352654 0
2683 -0.181701743472623 0.1580277326793717 0
2684 0.9155198871524063 1.534656692557041 0
2685 -0.8147173660265983 -0.6199856561954629 0
2686 -0.7510063280975584 -0.6690308106832914 0
2687 -1.201769171263824 -0.04193322804454271 0
2688 -1.308932788171923 -0.07539768615745218 0
2689 0.0419809355653 -0.6084768472156825 0
2690 -1.90744163367134 3.22307511839826 0
2691 -2.117223990810179 3.233818052392035 0
2692 -0.1238339529893125 -0.4498689096968867 0
2693 -0.1216169274848013 -0.4249859621446732 0
2694 -0.1423109832010888 -0.4320950986976614 0
2695 0.3402322788591375 1.078583455519889 0
2696 0.2703544133480905 1.06303541358761 0
2697 0.3167927248075925 1.010154552120243 0
2698 0.003986052471442247 0.8327732779150445 0
2699 -1.053283536837788 -0.8523495494858968 0
2700 -0.9644112274432517 -0.8138904947914918 0
2701 0.9763491999191196 0.7578998669550878 0
2702 0.906245979016902 0.8214459136746339 0
2703 -0.1380099007251224 4.359428923222586 0
2704 1.413709769963797 -0.2862631107189287 0
2705 1.305345717593589 -0.3187127914656846 0
2706 1.390937723044818 -0.4011920981296209 0
2707 -0.4258927160733845 2.325756283610926 0
2708 -0.3308909973912765 2.22882150893073 0
2709 -0.3398399808789219 0.4305591532568804 0
2710 -0.3359308918173766 0.479075288394175 0
2711 -0.6358668818710593 -0.5972550266094361 0
2712 -0.6411312183003685 -0.5183974321293031 0
2713 0.003387249968640233 -0.5014613717126006 0
2714 0.003404453483451657 -0.5005150151885025 0
2715 0.002249994342199066 -0.5015792598913164 0
2716 -4.605796206724871 -1.01204574827118 0
2717 -4.445577482435087 -1.226897222551517 0
2718 -0.1153191877874734 -0.08791833828391477 0
2719 -0.1543149670822725 -0.07206918334340567 0
2720 -1.610235523419825 -0.1538369752548131 0
2721 -1.58391886959245 -0.03762593470664491 0
2722 1.624131755597627 -4.814068239971523 0
2723 1.503564188431253 -4.598730652139824 0
2724 1.37943243282933 -4.7846624121683 0
2725 -0.3318218307179432 0.289448748428154 0
2726 -0.3024648126060776 0.254565668183745 0
2727 0.2409187417298114 1.318822605389641 0
2728 0.3423081064260306 1.369648890301656 0
2729 0.2590789187656328 1.403020454114575 0
2730 -0.2966350696040132 0.3200161466638608 0
2731 -0.3438802547236244 0.3254064232142343 0
2732 -0.2023376805178098 -0.1365124314507151 0
2733 -0.1860399364926341 -0.171431975543586 0
2734 3.862122341570218 -1.818266820943416 0
2735 3.642232880722449 -1.847040851200469 0
2736 0.2427434698123777 0.4028600673606748 0
2737 0.206446156929967 0.4195133610509315 0
2738 0.2154072697005424 0.3794741429413647 0
2739 -3.956497519141695 -3.302711133552344 0
2740 -4.020216609470707 -3.050025252431268 0
2741 1.885386764470154 -4.466380923997586 0
2742 1.645970477852425 -4.466531838627398 0
2743 -1.028740730446831 -1.291245877877251 0
2744 -0.9284427926783638 -1.327114317542988 0
2745 2.824382076806622 -0.2738824824269984 0
2746 2.801923703162903 -0.4536552997096187 0
2747 0.7517292248576025 0.8613458650369102 0
2748 0.6726544672024981 0.864591869770964 0
2749 0.7251385331354694 0.7923459224882741 0
2750 -0.180854982600097 0.779185108322193 0
2751 -0.1452549216905184 0.8060522117706923 0
2752 -0.1830145475002475 0.8097340566483577 0
2753 0.2831854539680531 0.9411771555879576 0
2754 0.3530633194791001 0.9567251975202367 0
2755 0.8256668606350012 2.932656181308133 0
2756 0.9628611304471113 2.8020256081974 0
2757 0.9754990818762528 2.975069566311191 0
2758 -0.04558496191236487 -0.4781243162266899 0
2759 -0.0454367914654681 -0.4856934060803476 0
2760 -0.03660896434815012 -0.48422549429738 0
2761 0.2376965624851592 -0.1138785854930359 0
2762 0.2024417938282804 -0.1409268316939392 0
2763 0.2425405119490608 -0.1588394196367186 0
2764 -1.316414360801151 3.303303821519128 0
2765 -1.113433194031916 3.308521388310683 0
2766 3.859194171703129 -0.4049530518718274 0
2767 4.054824447833896 -0.3783049807848347 0
2768 0.08107824130839189 0.5906858551803664 0
2769 0.07350066217516604 0.5675117364944458 0
2770 0.09377046235359748 0.5806471686167055 0
2771 1.079057901753104 0.776210697857793 0
2772 1.047128434428994 0.6803186552178332 0
2773 1.011645643604254 3.138189275792997 0
2774 1.148839913416364 3.007558702682264 0
2775 1.076041842281621 -2.104007280032388 0
2776 1.169778223591006 -1.989688962115428 0
2777 1.021300682212152 -1.984734206114639 0
2778 0.2032523965806055 -1.767528836491761 0
2779 0.08322152182398992 -1.797237089593067 0
2780 0.1722688205791895 -1.853607510663965 0
2781 -0.9878802500661402 -2.180464222472704 0
2782 -0.4280695208844245 0.6319787069505465 0
2783 -0.3998687978678492 0.5825989951488096 0
2784 0.458345524669788 1.624855559969486 0
2785 0.449680981129515 1.500892997430391 0
2786 0.2980930466546557 1.688965930515073 0
2787 0.2165135705776507 1.600329377565919 0
2788 -0.07356714419978574 -0.5898097726015693 0
2789 -0.06042083340040366 -0.5939695260094348 0
2790 -0.0693026381671186 -0.5767171189653124 0
2791 -2.247516026003697 0.2243521905692902 0
2792 -0.657611334675781 1.848840892560101 0
2793 -0.6945931068504989 1.75840802929653 0
2794 -0.5859584662720078 1.785911605779231 0
2795 -0.05763875510612863 -0.3618664154006082 0
2796 -0.07001808895687747 -0.3828829822442127 0
2797 1.019848529565747 2.040773064468516 0
2798 1.11360218764098 2.121571967136636 0
2799 2.226263725071889 3.473424960612228 0
2800 1.982374309234314 3.491208035146203 0
2801 0.06790352431952773 -0.4695972697302504 0
2802 0.07306143458242458 -0.4579875029891189 0
2803 0.05815175112073694 -0.4523084866712339 0
2804 -2.333778816149378 1.66637018285929 0
2805 -2.256248304911847 1.525856281509245 0
2806 -0.02132260914716009 -0.6623910392000112 0
2807 0.4733248770406157 1.032718559737994 0
2808 0.4221616139815032 0.9699717128959336 0
2809 0.5088159007034794 0.9769876785814054 0
2810 -0.06179934238603461 -0.6809842891050757 0
2811 -0.07135040254069908 -0.7088587483529829 0
2812 -0.003461783888601891 -0.6104924323427474 0
2813 -0.008675143949292282 -0.6318962302018278 0
2814 0.08294395866739368 1.002811450755865 0
2815 0.02812231846550343 0.9815478902686199 0
2816 2.091483416450686 -0.9010729441235978 0
2817 2.138539847593953 -0.7729857977588372 0
2818 0.0391692770887597 -0.4872564383048084 0
2819 0.04886115924423955 -0.489860947480132 0
2820 0.04903254111585773 -0.4802623897679322 0
2821 0.02559685757302658 -0.5634236792906068 0
2822 0.02833880442208613 -0.554790439558831 0
2823 0.01486352136047271 -0.561872533093454 0
2824 -0.4149054944392002 0.004354216606964681 0
2825 -0.3743062650871224 -0.02303529903189735 0
2826 -0.3704673482089069 0.0370287337501536 0
2827 0.452814770286052 0.06523710058670269 0
2828 0.4052904804825659 0.02412179726408848 0
2829 -0.01602881248111115 0.5003347000563753 0
2830 -0.0185988697044035 0.5059252759150107 0
2831 -0.02145238746064108 0.5028550614119095 0
2832 0.7739865704449345 -0.04112432117014291 0
2833 0.7668130629164434 0.01923195325580723 0
2834 0.693356220041106 -0.02609966544088241 0
2835 1.247161721986712 -0.2725870803072365 0
2836 1.224389675067733 -0.3875160677179286 0
2837 -1.544928035361111 2.401622554818136 0
2838 -1.730284041908723 2.466306794520159 0
2839 0.2821229945579114 1.766538581614749 0
2840 0.4038380536107463 1.79187319484833 0
2841 0.3081636776262597 1.856639912358299 0
2842 -0.04022438006494979 0.4566353286613709 0
2843 -0.03474388547317184 0.4537936920135136 0
2844 -0.0341686768200032 0.4644433322857117 0
2845 -0.06332196273876846 0.2927789970814197 0
2846 -0.05646746746299658 0.3206170605281974 0
2847 -0.08004869778816465 0.3099699237268201 0
2848 -0.3283341738931916 1.456685195201651 0
2849 -0.3970522704185642 1.418834735678827 0
2850 -0.3449138265430596 1.367642772360323 0
2851 -0.358760530930318 -1.483172606846967 0
2852 -0.3231305388442797 -1.417607031824324 0
2853 -0.4078389566887538 -1.423208298707344 0
2854 0.06533066647116939 -0.5194456090758339 0
2855 0.5688466904544058 0.9658405854521825 0
2856 -0.08520812608076481 0.527598229110372 0
2857 -0.06844611380661728 0.5342177569050385 0
2858 -4.80609600478514 1.115533602960436 0
2859 -4.805882043942594 0.8885859454575924 0
2860 0.1220366058975436 0.3794459316032398 0
2861 0.1560260996565966 0.3752726762437839 0
2862 -0.9176799519346857 -0.1068102184772692 0
2863 -0.9118231476216443 -0.02161629796797441 0
2864 -2.348873206631541 -0.2507960009296011 0
2865 0.7503871351821405 0.7440386410997424 0
2866 0.7383128143332471 0.6555528044413315 0
2867 -0.7089017887566973 -1.429027537408688 0
2868 -0.7064268459170051 -1.324714918994311 0
2869 -0.7852555950419685 0.03191207257490827 0
2870 -0.7774696770043668 0.1112282293732932 0
2871 -0.8376528024146634 0.08695585643995339 0
2872 -0.02119422830972221 -0.4891049145728041 0
2873 -0.01933626903847867 -0.4925902046524624 0
2874 -0.01687310424940662 -0.4884623700772865 0
2875 -0.876900032494461 -1.045716591628112 0
2876 -0.9527836797272733 -0.9841233151644293 0
2877 2.523081003694148 3.163739844343683 0
2878 2.343046852615303 3.079480753446027 0
2879 2.503753391747916 2.929773772949723 0
2880 -0.007205094411024767 -0.4975930321209582 0
2881 -0.006166518345840499 -0.4987380141186123 0
2882 -0.00242251824160257 -1.808061963223969 0
2883 -0.1251365532567371 -1.818803182184474 0
2884 -0.07047608919256064 -1.894056982725777 0
2885 2.423152752282059 1.651862596074992 0
2886 2.538433150429979 1.494996206947442 0
2887 -0.9094189557649144 -2.822439764613535 0
2888 -0.7428877045449609 -2.792845889967276 0
2889 -0.844486752887054 -2.672562657274097 0
2890 -2.43263182511633 -4.722644936072985 0
2891 -2.58197288190344 -4.498953888813704 0
2892 -2.649341056789576 -4.776308952740719 0
2893 0.03554265257819742 0.5123062950724792 0
2894 0.03104715443485826 0.515562722755615 0
2895 0.03105505560831245 0.5056188799615748 0
2896 0.0473357229442431 -0.3896176595836681 0
2897 0.04981560487513519 -0.3681719211625653 0
2898 -0.04740068388399984 0.3897574988040944 0
2899 -0.04988056589461128 0.368311737935765 0
2900 2.541244782648856 0.3136829004679779 0
2901 2.719930030127133 0.3288225536706129 0
2902 -0.1092600927871862 0.4935325160947847 0
2903 -0.1037814033225107 0.4733017302794524 0
2904 0.0306486446657573 0.448014688660484 0
2905 0.03557922180932498 0.4531968294429043 0
2906 0.02630764020596401 0.4571800583469078 0
2907 -0.09356370692229651 -0.7521674722216938 0
2908 -0.09023489309799197 -0.7177585908185073 0
2909 -0.01302295754458076 0.5422717871785696 0
2910 0.0001267513453986494 0.5369064662654179 0
2911 -0.005324457729935521 0.5489068018810923 0
2912 -0.0351339289449137 0.5532002308252457 0
2913 -0.04315632914495152 0.5433860998335022 0
2914 -0.01280382010687201 0.4890392373967416 0
2915 -0.5207464632695854 1.072779477608985 0
2916 -0.4961024098289232 1.146123785224278 0
2917 3.994704339049351 -1.98411762574944 0
2918 4.065317617753062 -1.775221470935446 0
2919 -0.03224732792991358 -0.4375129490794285 0
2920 0.8247165168281442 0.5387751356765997 0
2921 0.743137677911578 0.5483786351734052 0
2922 0.4297148047980587 0.1886574185337123 0
2923 0.3769193206504796 0.2113609432761678 0
2924 0.01984567913490758 0.5484391413856957 0
2925 0.01435616488855871 0.5376312271216179 0
2926 -0.1867513509178799 0.6080058802157751 0
2927 -0.1576275374981377 0.586037805622706 0
2928 3.072061894815161 -3.007823739449317 0
2929 3.218994086971506 -3.16205302572632 0
2930 3.284872329878106 -2.988012441725198 0
2931 -0.04604555865882082 0.4039799975984883 0
2932 -0.06329054428163042 0.3949099820081959 0
2933 0.245709618962285 -0.468311201884674 0
2934 0.2112379786044119 -0.4935839209848799 0
2935 -0.4054843876804709 -1.90409309942255 0
2936 -0.3082232257768229 -1.953461027890918 0
2937 -0.2904512861113431 -1.855430273217913 0
2938 0.1226933851591296 0.821412506701197 0
2939 0.1707135211573175 0.8329589100276173 0
2940 0.1854817466971702 -0.499992979033015 0
2941 0.1544440314089637 -0.4965294183922185 0
2942 0.1751457714922695 -0.5232440547828543 0
2943 -0.004558286739999438 -0.4993693001837691 0
2944 -0.006285505147200958 -0.5000819518905057 0
2945 2.867266987162606 -2.062584568167135 0
2946 3.085104170805427 -2.004018651415967 0
2947 2.951003493010329 -1.878142399438549 0
2948 0.2982296703433134 0.1896786234343929 0
2949 0.2563838130177126 0.155510124243048 0
2950 -0.169427468380377 -0.6314565521457935 0
2951 -0.164194771671567 -0.5992119833409358 0
2952 1.303971932147656 0.8233097550504683 0
2953 1.18725280878613 0.8062663292149297 0
2954 1.266556259624504 0.715672911956077 0
2955 1.542791043122364 0.06633763980703754 0
2956 1.582407162771627 0.1955666126598172 0
2957 1.467822062394037 0.1701845262047228 0
2958 -0.1339458509582401 0.7169025882731304 0
2959 -0.151068034705333 0.6803756155489655 0
2960 0.9068940585792553 0.5637149256154644 0
2961 -0.1403035083811762 0.2118852528485482 0
2962 -0.1237815279610152 0.2390050634541558 0
2963 -0.1615883575676349 0.2414644505116308 0
2964 -2.41430351721912 3.773979644630297 0
2965 -2.356432445725229 3.981189190757155 0
2966 1.007814583831204 1.199081843416808 0
2967 1.085218458013161 1.280511441894096 0
2968 0.1861639862289007 1.438346463704516 0
2969 1.116473574276256 0.8838475409521843 0
2970 1.664737641112096 -3.961052781115415 0
2971 1.514779957895653 -4.128349368035527 0
2972 0.07306714053370039 -0.4896343691472953 0
2973 0.07076881552627648 -0.4790715924956956 0
2974 0.0610227482787615 -0.4934296755948555 0
2975 0.001348788057176579 -0.512229214024313 0
2976 -0.002720557928578067 -0.5118052976644711 0
2977 -0.001452990473861555 -0.514326895413198 0
2978 -0.0854834324778778 0.0671882643947371 0
2979 -0.1233881010787565 0.08569256416331338 0
2980 -3.833468343728181 1.524883787201182 0
2981 -3.793043733398418 1.362606020515087 0
2982 -3.660792963497213 1.526074578505612 0
2983 -2.263684531214117 4.160125985644626 0
2984 -2.135219750868971 3.954128568959941 0
2985 -1.177595225411342 2.615464710632066 0
2986 -1.224813138298565 2.527865056135903 0
2987 -1.079050083138335 2.581259752210843 0
2988 0.6298801413953159 4.748954974912743 0
2989 -0.380976771552028 2.577703642306927 0
2990 -0.2465426371697453 2.596491679594551 0
2991 0.3604987820714796 0.4367991240373649 0
2992 0.3538756919247582 0.4799127668443622 0
2993 -0.7207639429613347 1.934623365830426 0
2994 -0.6121293023828436 1.962126942313127 0
2995 1.452012637882867 -0.1734963683185136 0
2996 1.50205672699897 -0.05112668961504577 0
2997 0.3010291590344657 -4.159632625704252 0
2998 0.06903831786285863 -4.06014880473645 0
2999 0.1392238201496675 -4.289656624683293 0
3000 -0.01923881417231692 -0.4774996293652745 0
3001 -0.0214170508699191 -0.4805423947759034 0
3002 -0.01655282682304798 -0.4819343145869993 0
3003 -1.164270700007707 -1.108769939670773 0
3004 -1.144064743727691 -1.009614580937444 0
3005 0.3593701908009069 -1.746339298753983 0
3006 0.4024642933036787 -1.815949670737969 0
3007 0.4695347887687806 -1.738389711929293 0
3008 -0.1416571239568892 2.257218829920498 0
3009 -0.1022247082567144 2.372941641888317 0
3010 -0.1855118916726074 0.5088021773743898 0
3011 -0.217806800701812 0.5174095874868641 0
3012 -0.2123775775204635 0.4928295184932202 0
3013 0.04541744256738416 0.530511720361891 0
3014 4.79983861074396 3.114551853514016 0
3015 4.578444738829535 2.968811092735708 0
3016 4.778606128085575 2.854259239219246 0
3017 -0.2236652524359063 0.6194079330107952 0
3018 -0.2243929742547064 0.5912376907635858 0
3019 -0.4259237106037293 -0.9884403699387652 0
3020 -0.4241971405427442 -1.056374341280109 0
3021 0.504545335554994 1.109096142765924 0
3022 0.4178910488330179 1.102080177080452 0
3023 0.07312504531319365 0.2258457026107124 0
3024 0.09457494135464381 0.246108116819063 0
3025 0.06519276028947871 0.2624527995209281 0
3026 -0.0715258996866566 -0.2248617953891833 0
3027 -0.07221258433383422 -0.2584135702669902 0
3028 -4.569763376983409 3.482873561737781 0
3029 -4.351010496595854 3.352138038993153 0
3030 -4.353786575470093 3.585011600730872 0
3031 0.01556770312835685 -0.5065114703186363 0
3032 0.01742856583770064 -0.5036199876706432 0
3033 0.01220231376282185 -0.5025703585610878 0
3034 -0.6097851989218086 4.785862963675998 0
3035 -0.3724859263028745 4.79241942520984 0
3036 -0.1993371894050342 0.4636664117778754 0
3037 -0.2316320984342388 0.4722738218903496 0
3038 1.036834165058596 -0.8493491766327711 0
3039 1.081505016650711 -0.7846901049592425 0
3040 0.983404996952245 -0.7948818255029311 0
3041 -0.02088520683515209 -0.4719268889574594 0
3042 -0.4506669838446891 0.5246639236258237 0
3043 -0.4080727584100537 0.5420070898938818 0
3044 0.4141697059104443 0.3079757257039004 0
3045 0.3747234565469609 0.3415479121374083 0
3046 0.3750053314908843 0.2845228054716674 0
3047 0.2607726020024677 -0.3315221672419951 0
3048 0.2341512068410928 -0.3696721559142273 0
3049 0.1090294295964402 0.5839237163860433 0
3050 0.1014518504632144 0.5607495977001227 0
3051 -0.08298398754866002 -2.648133412393206 0
3052 -0.10512024191661 -2.496340550621738 0
3053 -0.1893249224269366 -2.631380629750612 0
3054 -0.03248321489481348 -0.7516562470243284 0
3055 -0.002055514531474545 -0.7388407378230809 0
3056 -2.82689812249096 0.5112614498201637 0
3057 -2.659694592854813 0.5248161988357207 0
3058 -2.741236584864914 0.6594734556151366 0
3059 -0.08915452751504098 -3.967653194100658 0
3060 -0.2615828801202744 -3.787362680696657 0
3061 -0.265195373627173 -4.00988229031149 0
3062 0.8098582668076668 -1.880574831856386 0
3063 0.8642037096469433 -1.771349142887144 0
3064 0.2710626103110195 -0.08114805601987332 0
3065 0.2309638921902391 -0.06323546807709393 0
3066 0.9973168029971633 -0.05563353860429338 0
3067 0.9360060806970261 0.01523615032115009 0
3068 0.9087541356204092 -0.06666239139889672 0
3069 -0.02615180402146944 0.4921499256764098 0
3070 -0.02506799984900939 0.4972630568487286 0
3071 -0.598890563527344 -1.991802980416769 0
3072 -0.69026524624469 -1.89439153074556 0
3073 -0.7008321009849264 -2.020161360948288 0
3074 0.004749027173555645 -4.421227450161884 0
3075 -0.009686596094063882 0.5223305122702984 0
3076 -0.01528833946249938 0.526501105852071 0
3077 -0.01740318708731668 0.5185601665594741 0
3078 0.4064010629814599 0.4152692899457325 0
3079 0.3679855500565406 0.3865306664612737 0
3080 -0.007756643723110149 0.5130773951423518 0
3081 -0.00504411676392394 0.5082517167664367 0
3082 0.04708255945954966 -0.406610568217865 0
3083 0.06426260294061106 -0.3974005712738245 0
3084 -2.156453585842417 2.238899462833318 0
3085 -1.965110979842233 2.239429057697373 0
3086 -0.4857259485888591 -0.4548391887979019 0
3087 -0.4435126207479914 -0.4862700923299809 0
3088 -0.436548669535777 -0.4339741454119413 0
3089 -0.3723027677792521 -0.4908545281231835 0
3090 -0.3241317233679276 -0.499934029074214 0
3091 0.9072323736607313 2.111864134599953 0
3092 0.9398074470847888 1.952282099702361 0
3093 0.6384796880354255 0.9127692289002495 0
3094 0.6118889963132923 0.8437692863516133 0
3095 0.9052704647819624 -4.756564607618833 0
3096 1.129432432829021 -4.7846624121683 0
3097 -0.06342299345890874 -0.5197906606228919 0
3098 -0.05121891749585123 -0.5233399417111078 0
3099 -0.655145281170031 -2.507502917236029 0
3100 -0.7927077807633109 -2.536846670532198 0
3101 -0.5808598068267259 -1.573809714829622 0
3102 -0.482692744627225 -1.575755193117791 0
3103 -0.541636010974293 -1.486828395441818 0
3104 0.2342137012078926 -2.246689817687261 0
3105 0.2804518308428657 -2.123490168878681 0
3106 0.1489466975023334 -2.146474027588164 0
3107 -1.444844527457366 -0.7438013678090315 0
3108 -1.403542513077172 -0.6429175510502954 0
3109 -0.03357538488022069 0.6032950439222708 0
3110 -0.04884259126741872 0.594589115447355 0
3111 -4.379123159353123 -0.1359887637937653 0
3112 -4.430218626934463 -0.3829785269590911 0
3113 -0.6951086767944825 4.180689920780523 0
3114 -0.8016056523088642 3.99980655351054 0
3115 -0.5887323668272544 4.013038405725142 0
3116 0.2638216923454029 -0.7449261777202572 0
3117 0.2467067199568752 -0.7959303444089189 0
3118 0.04461137610492422 0.4338804454446222 0
3119 0.05625061117227177 0.4360357416421095 0
3120 0.05155946133646582 0.4461867559539677 0
3121 -0.003653107460792965 -0.5000108131754922 0
3122 -0.002348204248082848 -0.5002035454800281 0
3123 -0.2526851684140626 0.8625489123286338 0
3124 -0.260250523452201 0.8139053116494441 0
3125 -0.2110492533716876 0.8315105538790479 0
3126 -2.99830233233537 3.926155710953195 0
3127 -2.800216387561467 3.742058582676408 0
3128 -0.2179250859039062 0.6581114980126522 0
3129 -0.1780918684624843 0.6719818038388008 0
3130 0.9980419582017019 -0.9167778986937007 0
3131 1.096141977900168 -0.9065861781500123 0
3132 -0.4051401341027041 -0.6141698932569559 0
3133 -0.3685327084999449 -0.6478309303085203 0
3134 -0.9263487903877743 1.559234603313598 0
3135 -0.8715195841928942 1.472654845259233 0
3136 -0.8296726632134228 1.557279838451152 0
3137 0.779524000031256 -2.134531025475792 0
3138 0.8142377890717269 -1.997349298065838 0
3139 0.6661974882002165 -2.03282779951003 0
3140 -0.4295347923086426 -0.387917984121628 0
3141 -0.4659748776647252 0.4185682142875421 0
3142 -0.4272897412916351 0.3873952454183057 0
3143 1.150493376540877 -0.2759054457203891 0
3144 0.3692907555502085 -1.24507495667399 0
3145 0.3880049544083818 -1.190655865416164 0
3146 0.3087392380972197 -1.217681295606094 0
3147 -0.0604383931831674 0.577709267861204 0
3148 -0.06498537919871553 0.5645167233774748 0
3149 -0.04724670525436435 0.5653208833399765 0
3150 -0.04390679811987487 -0.4954435104368703 0
3151 -0.04079431115235749 -0.5023652506420067 0
3152 -0.03334830693373596 -0.4987163243561742 0
3153 0.007467653119548043 0.5940658972891383 0
3154 0.01774137859180159 0.5799742928944388 0
3155 0.04002653213451373 -0.5724448757186528 0
3156 0.002577641538676016 0.5002178345079573 0
3157 0.001832176253623074 0.5004988869282031 0
3158 1.38135283321284 -0.6880457777856752 0
3159 1.304640765108773 -0.608688173720118 0
3160 1.264085773113844 -0.7137439118582505 0
3161 -3.912769166996482 1.705641984120714 0
3162 -4.045019936897688 1.542173426130189 0
3163 0.1206368922803565 -0.1764972944420193 0
3164 0.1245594446868099 -0.2146760324486455 0
3165 0.1481900259283775 -0.1899925904147378 0
3166 -0.3321176403403478 2.958817730354009 0
3167 -0.3964512214012756 2.837108995227345 0
3168 -0.2596027968907428 2.835300196202151 0
3169 -2.904130868242584 -0.6228431960935665 0
3170 -2.796287862097787 -0.7618436415511178 0
3171 -2.732042119681843 -0.612758019634581 0
3172 -0.4502715435668807 -0.2706590391537597 0
3173 -0.4874958789726649 -0.2242583093389169 0
3174 -1.580826300633904 -0.5590084932161697 0
3175 -1.463646323839072 -0.5575911914549161 0
3176 0.06838130122366577 -0.2518172613390064 0
3177 -0.0946999359192465 0.2457788630355578 0
3178 -0.1159847851057052 0.2753580606986404 0
3179 -0.01423210080523632 0.5328755001950904 0
3180 -0.6273650605143608 2.144307200873466 0
3181 -0.5695944755986763 2.049596926957091 0
3182 -0.5216776254446399 2.145994712247105 0
3183 -0.4998896068415249 3.219563146491852 0
3184 -0.5609094657397899 3.090390090862289 0
3185 -0.4079462059526157 3.089799585008765 0
3186 4.778038489453213 2.36510853347416 0
3187 4.778038489453213 2.115108533473852 0
3188 -2.382320829486058 4.782523129165534 0
3189 -2.132320829485749 4.782523129165534 0
3190 0.9231847786387064 -1.982278057822147 0
3191 1.016921159948092 -1.867959739905187 0
3192 -2.508189092550012 1.661818683553537 0
3193 -2.4222750374491 1.809451941012095 0
3194 1.345827210076044 0.9458020040338413 0
3195 1.363565221864123 1.07413814383667 0
3196 1.24240649309736 1.04223931211215 0
3197 0.301005066126408 3.642676704560457 0
3198 0.511669087831494 3.596681724808606 0
3199 -4.165311975823398 -3.736365236010281 0
3200 -4.407329820013459 -3.843530475656585 0
3201 2.799089305573813 -1.772875852011742 0
3202 3.016926489216635 -1.714309935260574 0
3203 -0.8631461416848745 0.6544900304463452 0
3204 -0.9350780490391064 0.6991740691495745 0
3205 -0.9206307137138336 0.6181272578365753 0
3206 0.5419780079028176 -2.08211347846688 0
3207 0.5766917969432885 -1.944931751056926 0
3208 -1.085715802781188 1.003919309473631 0
3209 -0.9950736474944046 0.9777385661414821 0
3210 -1.031251092174067 1.071136612597409 0
3211 0.02408839634774652 2.376834227565587 0
3212 -0.04283579178335901 2.483284483790886 0
3213 -0.2872963645537163 -2.678405356996746 0
3214 -0.3094326189216663 -2.526612495225277 0
3215 -0.0002156642166944116 0.503746810493086 0
3216 -2.194297556894176 -1.111376930883372 0
3217 -2.102377934025371 -1.230565813574916 0
3218 -0.3885325702601565 -1.561853471492631 0
3219 -0.3038241524156825 -1.556252204609611 0
3220 0.02533702214241776 -0.721867450639181 0
3221 0.04993154275878761 -0.7078369121872348 0
3222 -0.4442330369846807 1.472665325197533 0
3223 -0.4608126896345486 1.383622902356205 0
3224 0.3279551979576726 0.2825070799534301 0
3225 0.367401447321156 0.2489348935199222 0
3226 -0.9198448952738212 0.5477081920415193 0
3227 -0.9917768026280531 0.5923922307447484 0
3228 -1.851298685263655 1.394278219776065 0
3229 -1.816954659396567 1.259578338192192 0
3230 -1.74236308102602 1.373096208168947 0
3231 -1.91476263740664 4.755412879054461 0
3232 0.2462838528804275 -0.5874106279885309 0
3233 0.2081320393421727 -0.5699948294206548 0
3234 0.01193200948338005 -0.4940741749406478 0
3235 0.01190790551144748 -0.4980640172824761 0
3236 0.01408728044409822 -0.4956890335712664 0
3237 1.458046709447285 0.6243261698929792 0
3238 1.336319338899941 0.6349158248058039 0
3239 1.411090665361196 0.5265256569071675 0
3240 -1.608874872471802 2.018112436144648 0
3241 -1.4810215552794 2.133050017926723 0
3242 0.2459031121480692 -0.2039369553514395 0
3243 0.2082184956450048 -0.2300568118009176 0
3244 0.2468358645008921 -0.2481061013147352 0
3245 1.363448000014948 0.1237731760086177 0
3246 1.403064119664211 0.2530021488613974 0
3247 -0.3037583003743877 0.4034305242898931 0
3248 -0.2811716946225081 0.3759630643192036 0
3249 -0.2762365013872014 0.4234197671591557 0
3250 -0.5341944747139132 -0.1566932844730376 0
3251 -0.4892110918364748 -0.1877805154600689 0
3252 -0.4892324056521128 -0.1276670132318843 0
3253 -0.04423603296010677 -0.4533865930631827 0
3254 -0.04021827265733613 -0.4625597367064478 0
3255 0.6296121613436115 0.9866631688715332 0
3256 -0.9592390319832645 -2.566440545178457 0
3257 -1.705031304239174 1.643875372382114 0
3258 -1.781714090517009 1.789157622863399 0
3259 2.648598169862242 4.330683859202157 0
3260 2.519309872498873 4.418338238509746 0
3261 2.480104504293514 4.198946859076841 0
3262 -1.943768721411077 0.7995364548768285 0
3263 -1.882131126203997 0.7017722951727101 0
3264 -1.823177458376451 0.7940041232128057 0
3265 0.2868939258647567 0.3854406749020071 0
3266 1.264662158466254 4.017085117298977 0
3267 1.493567438886616 4.040510735598082 0
3268 -0.8137761800626188 4.369591997958959 0
3269 0.4119544544232666 -2.463097475068414 0
3270 0.4613403554516909 -2.331248610021048 0
3271 0.3163329335200005 -2.355554824025145 0
3272 -0.3200456545597777 0.05524851440529965 0
3273 4.138428878377619 1.228965068970803 0
3274 -2.009347001103802 1.406867993708534 0
3275 -0.01691834444613312 -2.279084678664017 0
3276 -0.06766228189897996 -2.400794507097811 0
3277 0.05196463041451344 -2.391383504830538 0
3278 4.778606128085575 2.604259239218938 0
3279 -1.310985859648142 -0.9273427464996542 0
3280 -1.192870580329682 -0.9228096268114923 0
3281 -2.623319195521193 4.787637953254473 0
3282 -2.505640025010313 4.570161082420007 0
3283 0.1643975291817883 0.5636242989204796 0
3284 -0.7528171134928048 1.722756727825567 0
3285 -0.6811642450890314 1.659827441044698 0
3286 -2.418988839332828 0.6605200766087491 0
3287 -2.513230782094822 0.5331987402248365 0
3288 0.07037688744631312 -0.2216440140274642 0
3289 0.07198592596303621 -0.1863571988260323 0
3290 -0.0731220755542096 0.2257665020702945 0
3291 -0.1485721368692373 1.378696119526003 0
3292 -0.09651066253347867 1.318741647590678 0
3293 -0.07208165605900851 1.391013852514778 0
3294 2.454947907479825 4.575283640896481 0
3295 2.286454241911096 4.443546640771165 0
3296 0.3885543431419639 0.9009943163636478 0
3297 0.2255226173450049 -0.8602489435392989 0
3298 -0.03215241387499345 -0.4808124478130107 0
3299 -0.03200424342809667 -0.4883815376666685 0
3300 0.007110895807074538 0.4975666476578769 0
3301 0.006072294616482383 0.4987116837202237 0
3302 -0.5374667310876412 -0.78806833359813 0
3303 -0.4894437446960683 -0.7747284812863762 0
3304 -0.5378999244801987 -0.729154642942041 0
3305 0.06159738844056655 0.3421985800489081 0
3306 0.08727611421108597 0.3481426692160512 0
3307 0.6509520425257216 0.2112536815747276 0
3308 0.7129869654668978 0.1885712810661726 0
3309 0.7046581808019549 0.2488687042474255 0
3310 2.197031407439743 2.949678924992158 0
3311 -0.7917534519276812 -1.61477913470776 0
3312 -0.6827288739115138 -1.592993689830402 0
3313 -0.7488276511899613 -1.506668362031006 0
3314 -0.006323501190772574 4.580770896608409 0
3315 0.1006384506953821 4.355360969411315 0
3316 -0.6322588796960822 0.6733871126459018 0
3317 -0.6877709413579103 0.7025408661302037 0
3318 -0.6973592034776008 0.6420685926687265 0
3319 -1.856003179719122 -1.849492359627464 0
3320 -1.989148538841471 -1.728422717374588 0
3321 -1.99459692320048 -1.884767606187452 0
3322 0.1583537664487735 -0.08046433078736306 0
3323 0.1709326589431515 -0.1238899249791841 0
3324 -4.780836680050461 -0.6305597384694767 0
3325 -4.576677585756822 -0.5051852540655569 0
3326 -4.795840905706361 -0.3746255155905522 0
3327 0.4986012668540852 -2.196857742948881 0
3328 0.4090955755971573 -2.108961694495777 0
3329 3.327782425533486 -2.805796833630994 0
3330 3.47471461768983 -2.960026119907996 0
3331 -0.002643011730186182 0.5004853821794241 0
3332 0.1479190426475185 -1.417549119772704 0
3333 0.176901076664439 -1.340262089011557 0
3334 0.09782594831811998 -1.352487685021718 0
3335 -0.3169640264959005 -4.198700575755666 0
3336 -0.489392379101134 -4.018410062351665 0
3337 -0.6897104932183562 3.505161902714066 0
3338 -0.7599558241028035 3.358139499532162 0
3339 -0.5826075357442518 3.367176055527281 0
3340 -0.4794588596537396 -1.425591406856867 0
3341 0.1848278001794682 -2.378538682734628 0
3342 0.1340838627266214 -2.500248511168421 0
3343 -3.983700141317204 0.123676304939144 0
3344 -3.783571167607072 0.07650377636887591 0
3345 -3.979296109668766 0.3165453660781842 0
3346 -4.162160475645087 0.1701425647381421 0
3347 -0.5099212474036461 0.07546489627334975 0
3348 -0.4645062209317187 0.04064405022723712 0
3349 -0.2717477968443745 0.4761620778677698 0
3350 -0.2710185823247078 0.520888040506198 0
3351 -0.2980938926194143 0.4956131897682733 0
3352 -0.3044367598666194 -0.3830397999878233 0
3353 -0.3410694311418674 -0.3599869983176625 0
3354 -2.426011179202416 -3.516574260736419 0
3355 -2.305274493118351 -3.695489819321778 0
3356 -2.242702582223928 -3.499494786434983 0
3357 0.4131585196823878 -0.03177277421205448 0
3358 0.3577974883345994 -0.01176096009210636 0
3359 0.1105159287333048 0.3413887463212092 0
3360 0.1127803641232267 0.3148172100681705 0
3361 0.1352066778849834 0.3278463796029076 0
3362 0.8731259831211857 -1.073925723629906 0
3363 0.9301963033208951 -1.134740309572528 0
3364 0.9866097337096864 -1.07571749660469 0
3365 1.008528724440345 0.5878343320358983 0
3366 0.9710030504245909 0.4895414333362349 0
3367 0.17618730734311 0.4192302131018627 0
3368 0.1543795126760722 0.4401643846051042 0
3369 0.426558280445718 0.5500469824303674 0
3370 0.4023933769524629 0.5969810162303348 0
3371 0.05395337583970197 -0.3234373172592527 0
3372 0.08429883065600589 -0.3291378395698812 0
3373 -0.2695764501803563 0.7638843002637514 0
3374 -0.2851824173298095 0.7124742604449823 0
3375 -0.08590194985867214 0.02163531471890344 0
3376 -0.069744766121715 0.7466987113702337 0
3377 -0.06681243055958584 0.7874675312031238 0
3378 -0.09479925852846224 0.766786511164534 0
3379 -1.284094457186399 0.8056842432035913 0
3380 -1.185080144730984 0.8157075371102191 0
3381 1.998419385959405 4.594046370784303 0
3382 1.8871579434682 4.413001617091584 0
3383 2.110830834400844 4.41944728946518 0
3384 -0.8252286879371155 -2.041496725087924 0
3385 0.4652940479470913 0.2850132003066342 0
3386 0.4650121730031679 0.3420383069723751 0
3387 0.3149977337752603 -0.04908023508609035 0
3388 0.3217304040701805 -0.09972335250203231 0
3389 -2.899341056788775 -4.776308952740719 0
3390 3.24111440060546 -1.420644583285475 0
3391 3.327720014754591 -1.604257387279013 0
3392 -0.4944726040097001 0.1930098754968082 0
3393 -1.378138991763946 0.6145240378311267 0
3394 -1.324952078171721 0.5223633746482552 0
3395 -0.1453118769654446 0.3280435719395207 0
3396 -0.1588235766168181 0.2987848352102655 0
3397 -0.1315546774961004 0.2978429978464936 0
3398 0.01066603280511288 -0.5091707772945551 0
3399 0.01589228487999167 -0.5102204064041105 0
3400 0.5631247254714529 -0.7533353360550088 0
3401 0.5800236664673322 -0.7047076276017468 0
3402 0.7698803497246807 -0.8640942597835131 0
3403 0.6975579969271284 -0.8206588110918657 0
3404 0.705997423191282 -0.9010308855176355 0
3405 -4.230457105066398 -4.252474718539013 0
3406 -4.415233061411933 -4.111540593784878 0
3407 -4.422592022572923 -4.384390601493241 0
3408 -0.3971247529932083 -0.8278637390775963 0
3409 -0.355553302461926 -0.843352963049425 0
3410 -0.3757105351120153 -0.7848073258177881 0
3411 -0.3740081012738674 -0.9546382785788575 0
3412 -0.4288831296729808 -0.9202114676691406 0
3413 4.283598500552514 -2.313164134814741 0
3414 4.145452868329293 -2.492259949850909 0
3415 4.380142009508232 -2.461326404991905 0
3416 -1.370556374993638 2.836395848611247 0
3417 -1.431603922041632 2.683432963578049 0
3418 -1.262310733523578 2.715032899590325 0
3419 -0.3786020079027135 -0.06221272930866695 0
3420 -0.3341638616724202 -0.02953821216547804 0
3421 0.1905362385211062 -0.4668692845942441 0
3422 -0.3075454249420237 -1.775754454403947 0
3423 -0.2102842630383758 -1.825122382872315 0
3424 -1.824116875526106 -0.5793367747615378 0
3425 -1.966389365526636 -0.5968016359394208 0
3426 -1.898874922553192 -0.6949916727459299 0
3427 0.7599462744573789 -3.54175644378483 0
3428 0.5482499767101525 -3.505935004445305 0
3429 -1.274035519144331 0.432500340565479 0
3430 -1.24008147385076 0.3430852837158345 0
3431 -1.191424496213719 0.4361294639669449 0
3432 -0.6481234850309885 -0.8251178714231511 0
3433 -0.5896204617570504 -0.8062099500742402 0
3434 -0.6444259341457097 -0.7614024166027058 0
3435 -2.466691850479224 -0.7165593136703431 0
3436 -2.580282100120872 -0.6003364422158719 0
3437 0.02338085612980163 2.163666806891055 0
3438 -0.07892099449312175 2.162598343343121 0
3439 -0.0202396182377112 2.059773764571157 0
3440 -0.1055316694287924 -0.4640009292306455 0
3441 -0.09181132876691175 -0.4780088955218786 0
3442 -0.08941955661114442 -0.4567677394351317 0
3443 0.491463976633163 0.1647272263812466 0
3444 0.4762007526894719 0.2270204268856939 0
3445 0.5873056198760956 4.3156685962145 0
3446 4.29129791029313 3.757262074984368 0
3447 4.340415075627027 3.968460588384884 0
3448 4.108421096029829 3.965254306388988 0
3449 0.1919015040646772 4.133723119314503 0
3450 0.09063311812941716 3.974496576909782 0
3451 -0.7150238970529509 0.1125361682641325 0
3452 -1.127131127627464 0.4079270876989011 0
3453 -1.161085172921035 0.4973421445485456 0
3454 -2.060145712293774 -3.507751659113838 0
3455 -2.344056106202371 -1.134318961123074 0
3456 -2.292360491680157 -0.98936407640688 0
3457 0.1282505591294041 0.5967338233405906 0
3458 -2.158212995730052 1.381754625676053 0
3459 -1.468032842404161 2.971584499891224 0
3460 4.358093628481823 -2.111651432848603 0
3461 4.123404487302885 -2.142584977707608 0
3462 2.920849095488419 -0.5782980203571051 0
3463 2.746302173407736 -0.6212388540643461 0
3464 -2.159845225331651 1.947756585417943 0
3465 -2.000949184531808 1.939935160616715 0
3466 3.686136166430077 3.892883719452263 0
3467 0.07830974752622037 0.6121784088825255 0
3468 0.3066775505916481 -2.750788964714107 0
3469 0.3659098050641784 -2.607429905347375 0
3470 0.2077147780190459 -2.630762748439243 0
3471 0.1906180674126403 0.7902293732398376 0
3472 1.490960832460525 1.486821650043809 0
3473 1.503868467532127 1.648548118974684 0
3474 1.370268744908782 1.611470245288918 0
3475 -0.6903907749494291 2.237726939032499 0
3476 -0.7383076251034655 2.141329153742486 0
3477 1.887373247515415 4.793800349205354 0
3478 2.111046138448059 4.80024602157895 0
3479 0.3298691871172679 0.2093452177579305 0
3480 -0.886489191496768 3.818443669747602 0
3481 -0.9724039111144038 3.650428823879496 0
3482 -0.781144061959272 3.664140192587053 0
3483 -0.5677414643782859 2.448374153890601 0
3484 -0.6384569869822554 2.347818735203157 0
3485 -0.5087326877563549 2.341260404850924 0
3486 0.4673527062838152 -0.05553146601029834 0
3487 0.4198597141358487 -0.09141422336649319 0
3488 0.0201241257949291 0.5605394388937947 0
3489 -0.3447751741142285 0.3831024504169284 0
3490 -0.0492838309347314 0.6516030988155206 0
3491 -0.03275344252968448 0.6743199728572327 0
3492 -0.05521059006521484 0.6800226252198966 0
3493 -1.409583068269036 1.589912419609525 0
3494 -1.358962996255766 1.695196318336969 0
3495 -1.47446008553725 1.670046231505661 0
3496 -0.3248392457519888 -2.83580444057206 0
3497 -0.4449469422467185 -2.731036306046725 0
3498 -0.4084856033298819 -1.185642039120613 0
3499 -0.3878854311347542 -1.239442715057372 0
3500 -0.3318279832936186 -1.193220987974682 0
3501 -0.2609706603995828 -0.7228535066040371 0
3502 -0.224132235939459 -0.7425691893426813 0
3503 -0.4263948219010311 0.3296992182156116 0
3504 -0.3799619352281586 0.3525350521812216 0
3505 -0.2710977814420829 3.087990785983571 0
3506 -2.631762274486608 -1.471010631267873 0
3507 -2.524858087105931 -1.58726778144506 0
3508 -2.457057075566744 -1.431915222771328 0
3509 -0.01509087259357764 -0.4858443437806618 0
3510 -0.0132329133223341 -0.48932963386032 0
3511 -1.772192314275347 0.8875297571938616 0
3512 -1.710554719068266 0.7897655974897433 0
3513 -0.4531462684734042 -0.8014801368942123 0
3514 -0.4329890358233148 -0.8600257741258491 0
3515 -0.009454950276899554 -0.498061331542281 0
3516 -0.01155764330903363 -0.4997316742966441 0
3517 -0.00999642978517609 -0.501121008579712 0
3518 0.5646265186120635 -1.730815536031961 0
3519 0.6067700842561199 -1.851823078006678 0
3520 -0.3300102114481814 -0.5352134420383562 0
3521 -0.3746360728590186 -0.5392140299736335 0
3522 -0.4716979677251151 2.720422690158921 0
3523 -0.5287383613254726 2.584534871390362 0
3524 -0.1874168042108387 3.798560506234731 0
3525 -0.04423740118305555 3.942087328199633 0
3526 -1.645560627765581 1.314389520706363 0
3527 -1.679904653632669 1.449089402290236 0
3528 0.0872166831297852 2.265251313559811 0
3529 0.1458980593851957 2.162426734787848 0
3530 -0.5364748229462649 -1.191684826572252 0
3531 -0.621629891107961 -1.213881783633048 0
3532 -0.5496981193327135 -1.254060723264098 0
3533 0.8368289847612349 0.8853072374230581 0
3534 0.7843449188282636 0.9575531847057479 0
3535 -1.836731785403995 1.918232666311952 0
3536 -1.907608290487023 2.059807236213275 0
3537 0.645382204615508 2.107295672247912 0
3538 0.5763882802083248 2.229946049819191 0
3539 0.1097024279728427 0.3611718387507883 0
3540 0.2228435643230263 0.1861701870794077 0
3541 0.2221550971007038 0.134094331967846 0
3542 0.07388092413754804 -2.042334505021119 0
3543 0.0276427945025749 -2.165534153829698 0
3544 1.290329449448859 -0.9065213352517972 0
3545 1.237866012987487 -0.8161294860064452 0
3546 1.187397621218434 -0.9295493053344347 0
3547 -0.1422306920874178 -1.739127363370507 0
3548 -0.06820589787537966 0.7143785952966263 0
3549 3.954764300799481 4.14358796492517 0
3550 3.952564989183879 4.373332322858928 0
3551 0.08736012368730324 0.06701776991399459 0
3552 0.1171807158686402 0.09175968808128805 0
3553 0.07898288866119585 0.1158838979715855 0
3554 -0.08483973951798797 -0.06858945737149763 0
3555 -0.07964177176110071 -0.1104694036812582 0
3556 -0.2488298606876448 0.5770832426700632 0
3557 -0.2119159591696184 0.5656811898750429 0
3558 -0.2587074087289453 0.446998971152425 0
3559 -0.3731462354956727 -0.6921385006632915 0
3560 -0.4296442759570775 3.366585549673756 0
3561 0.1466055996031406 2.375594155462381 0
3562 1.098046928247509 -0.6130966983403237 0
3563 1.018398000014801 -0.6610149213586785 0
3564 1.107724776777069 -0.6823045308110478 0
3565 0.01100295348443493 -0.5333783246836872 0
3566 0.01334274241833357 -0.5292151857598253 0
3567 0.006562789761813234 -0.5268630620973545 0
3568 -0.06532533269889962 0.2621194993147791 0
3569 4.788614171177578 -1.874188785396994 0
3570 4.547757992043303 -2.015304080372827 0
3571 4.759143820865726 -2.141115294979903 0
3572 -0.02770309919431203 0.9641868364038571 0
3573 -0.08526932958965322 0.9533451085692852 0
3574 4.00905707868325 4.586083017669504 0
3575 4.2140303508631 4.38920351460008 0
3576 0.3238285718915981 -2.00874590439668 0
3577 -1.358984757448522 0.2558043676098334 0
3578 -1.30459883303534 0.1697575352026715 0
3579 -1.26830657236819 0.2534093279072067 0
3580 -4.776927677000113 1.871410509443328 0
3581 -4.575031136636403 1.998676633958879 0
3582 -4.798103459636289 2.127266124519621 0
3583 -4.57077328160687 0.01637172785548546 0
3584 -4.358214629547272 0.1296339952483526 0
3585 -0.1566277323081284 0.7416453743295723 0
3586 -1.469710832594179 0.426292807295042 0
3587 -1.418794273566789 0.3364297732122657 0
3588 -1.373609055808762 0.4293191943971449 0
3589 1.320087547278753 0.4538136133143209 0
3590 1.441814917826097 0.4432239584014962 0
3591 -0.3157158178609034 1.202307266876901 0
3592 -0.3683499542040011 1.215112249927287 0
3593 0.8339408415436211 -0.06396220603126895 0
3594 0.8952515638437585 -0.1348318949567124 0
3595 0.05320460368825801 0.5243874483135718 0
3596 0.06202356707176319 0.511343631404075 0
3597 0.06411909711353028 0.525729485947766 0
3598 -1.109116813251686 -2.586447547841914 0
3599 -1.116547678363349 2.768427595665265 0
3600 0.4995933142740538 -0.3079117177235345 0
3601 0.4658061450970757 -0.356630236178787 0
3602 -0.6037957736007202 3.673176748582172 0
3603 -4.624372201827632 -1.519991590703 0
3604 -4.450753145270971 -1.416509409175559 0
3605 0.1012500939315513 -0.4757010436928441 0
3606 0.1055838379948772 -0.4581928792669686 0
3607 0.08714695184454127 -0.4577681216222599 0
3608 2.89339959881987 0.3619281124195664 0
3609 2.778570557844044 0.4861269835171582 0
3610 1.545105665686067 -1.722552733363224 0
3611 1.41787549399802 -1.732518082120395 0
3612 1.49204050626499 -1.843151356348313 0
3613 -0.8253739223312876 1.732598456291458 0
3614 -0.81194506056982 1.634017868039626 0
3615 0.6931380547201471 0.3144039911111178 0
3616 0.7551729776613233 0.2917215906025628 0
3617 -0.6451548654339061 -2.915579193464376 0
3618 -0.5802226625560457 -2.765702086124938 0
3619 1.352240747941189 -0.5083159092619597 0
3620 1.234973687842193 -0.5340140433345349 0
3621 -0.2723479725445074 -0.5429916630067129 0
3622 -0.303871740952514 -0.5188434638102234 0
3623 -2.598892319720869 0.3849867344298638 0
3624 -0.8597851989221159 4.785862963675998 0
3625 -0.9360040307062463 4.554074522469843 0
3626 -0.1963938651288721 0.1127961108686346 0
3627 -0.1523568765877145 0.1059026122221891 0
3628 0.2035235074549454 0.4426161375211728 0
3629 -2.509836836928294 1.956095311912931 0
3630 -2.33542656052766 1.960646811218685 0
3631 0.1405595510684342 1.739184682695107 0
3632 0.08155483255039304 1.783333283557427 0
3633 0.03566576504540246 1.691212667127817 0
3634 1.161153944883419 -0.7367718819408879 0
3635 2.375110781143177 -1.280682452048985 0
3636 2.257709613356405 -1.161798502217903 0
3637 0.371452737373516 1.154961038547818 0
3638 0.2024186706701692 1.753732648025042 0
3639 -3.00887862615547 4.586159657128857 0
3640 -2.871724824825705 4.358118839125322 0
3641 -0.1024730854543318 0.3046167974278955 0
3642 -0.09561859017855986 0.3324548608746733 0
3643 0.3451293866846855 -0.4544785520857305 0
3644 0.3053479491993027 -0.4417210249847804 0
3645 0.3149082049816048 -0.4889197043241889 0
3646 0.2534955739271396 0.3245069157237059 0
3647 0.2954228236993635 0.3021439870507395 0
3648 0.293631832355177 0.3404579205781417 0
3649 -0.6043237807866204 -1.080346939917599 0
3650 -0.5428760968011924 -1.120693694326469 0
3651 0.03272797336203542 0.4369533359902535 0
3652 0.2437422612365558 -1.923586818171122 0
3653 0.1237113864799403 -1.953295071272428 0
3654 0.2251925806777365 1.10903597122938 0
3655 -0.52084377278144 -0.3669884586737198 0
3656 -0.4692432437316757 -0.356075744105385 0
3657 1.002878616531987 -1.461088840179581 0
3658 0.9569916499297231 -1.564720530001332 0
3659 1.064236029848864 -1.552132576420104 0
3660 -2.668516270870059 1.082633288069205 0
3661 -2.587163933101224 0.9459425194659618 0
3662 -0.00929198859790864 0.6627639012344326 0
3663 -0.01521874772839207 0.6911834276388088 0
3664 -1.559550176197428 -0.7583631304809054 0
3665 -1.489719965930926 -0.8475381092362385 0
3666 1.162361618072764 2.404747349597209 0
3667 1.017161423800647 2.356450652074967 0
3668 1.132473650413806 2.248651796888351 0
3669 0.09946418590505525 0.6873524936518696 0
3670 0.1131922056447986 0.6574560259701261 0
3671 0.1262007267159462 0.6850787908177687 0
3672 2.262337534266172 -1.590350092068056 0
3673 2.108573076158157 -1.628846557678543 0
3674 1.013340407956795 -2.236183191028166 0
3675 1.16181794933565 -2.241137947028955 0
3676 -1.089977921951954 -0.910715061313992 0
3677 -0.5723578502871398 -0.3860398611952178 0
3678 -0.5302760748823445 -0.4215946444013602 0
3679 -4.783493649053626 -3.124999999997708 0
3680 -4.573642414442343 -2.98951635913575 0
3681 -4.790148765388718 -2.864516359135597 0
3682 -0.54116428197292 -0.8517837884185754 0
3683 0.09781722409601801 1.065843621604419 0
3684 -0.175449192462109 0.8583776573275474 0
3685 0.3723860059908474 -1.909058343788217 0
3686 0.482550603958721 -1.901108756963527 0
3687 -0.2842529787628685 0.03087551102598467 0
3688 0.08132115473201532 0.8114628255413063 0
3689 0.1060761983033987 0.777623798845027 0
3690 -0.04419391900381676 -0.5393714301423396 0
3691 -0.04296944600200647 -0.528903314234541 0
3692 -0.7991767410725806 2.910928588240798 0
3693 -0.8480288789628583 3.065359424882278 0
3694 -2.498444702176216 0.8136622578437097 0
3695 -2.343400486280276 0.8011541298217653 0
3696 -0.4131377211911588 -4.400288674307104 0
3697 -0.1889407157171978 -4.391760902266928 0
3698 -1.179164896570954 0.9994099975772039 0
3699 -1.142987451891292 0.9060119511212771 0
3700 -0.07796239504201247 0.5600739772777678 0
3701 -0.0647707071132094 0.5476855927565403 0
3702 -0.09015775503469275 -0.4960015825175633 0
3703 0.8526181997660435 -1.575435743961201 0
3704 0.91397561308292 -1.666479480201723 0
3705 -2.332034921038426 2.25178968863406 0
3706 -2.247407024810845 2.09439995631878 0
3707 0.1763158090083217 0.4642306107857516 0
3708 -2.199719753166599 0.7898600778446712 0
3709 -0.526080826416002 -0.03985496558969722 0
3710 -0.4764800999234835 -0.07614479920996965 0
3711 -0.4683451378099342 -0.01941998255481383 0
3712 2.381948936536574 -0.8521830463947924 0
3713 2.428430639786948 -0.7007389170615294 0
3714 2.274898549921737 -0.7344595649038743 0
3715 2.364053410761728 -0.4549576054329154 0
3716 2.221607955851121 -0.4694058574571713 0
3717 0.5052596757108225 -4.22232719357273 0
3718 -2.615767808557912 4.381231256975393 0
3719 0.02652413547235427 -0.5208781809280114 0
3720 0.01819577207852079 -0.5277792343901235 0
3721 0.323587903599027 4.355065092700326 0
3722 4.040325968312502 -4.370336392418992 0
3723 3.791006691171208 -4.403299627152592 0
3724 3.974292261683347 -4.577426128730386 0
3725 2.480117225297065 1.151626145844734 0
3726 2.62931340495274 1.007728505204799 0
3727 2.632340339306412 1.174387818267453 0
3728 -2.666993376479084 0.2431089227468493 0
3729 3.629992628522281 -4.202498291476838 0
3730 3.563958921893126 -4.409588027788232 0
3731 -0.1885196390409291 2.716460417917086 0
3732 -0.1241860579800013 2.83816915304375 0
3733 -0.5426797813577732 -2.608303002549625 0
3734 -0.5198695608607038 -2.472837137157815 0
3735 -1.05183569094129 3.482179951286863 0
3736 -0.9286562846675337 3.322466783742768 0
3737 -0.2188364395652604 -1.542832306976533 0
3738 -0.1315429479672431 -1.528842643804494 0
3739 -0.1867586214878267 -1.463581676791907 0
3740 -0.470944325025945 -1.16087263395752 0
3741 -2.665445934470921 -1.181512534445138 0
3742 -2.503040151967886 -1.163982089620362 0
3743 -2.604524823491387 -1.029836551471359 0
3744 1.58686678684598 0.6442554447933797 0
3745 1.512095460384725 0.752645612692016 0
3746 0.1161624251179386 4.78835147139857 0
3747 -0.1224859263025659 4.79241942520984 0
3748 0.01775264825548629 0.4889741592694301 0
3749 0.02162955542596889 0.4910078910627027 0
3750 0.01946426205567846 0.4943306835949836 0
3751 -1.418195246988792 -0.9451174989971569 0
3752 -1.35416678944607 -1.039483898932447 0
3753 -0.9930232856350129 -0.1312385997829914 0
3754 -0.9324956627786751 -0.1871765226827434 0
3755 -0.7860574510828806 2.038737289916546 0
3756 -0.8315394833758181 1.92545124016352 0
3757 -0.4458459258277578 -0.5346295941804309 0
3758 -0.3966686467746758 -0.5137645507944703 0
3759 -3.135559430631523 4.798521703874384 0
3760 -2.873319195521502 4.787637953254473 0
3761 0.07265081136975723 -3.837629195121617 0
3762 0.05585913206458884 -0.4733925761778106 0
3763 -1.810504298136977 -0.8047234586941422 0
3764 -1.952776788137507 -0.8221883198720252 0
3765 -0.7624037847598644 -0.7364145198566507 0
3766 -0.6915315007573418 -0.7129266287782573 0
3767 -0.03108714773065174 0.4489973746603959 0
3768 -0.03316875231869604 0.437923929109037 0
3769 -0.3227422452608961 -0.9910712201908913 0
3770 -0.3257016643301476 -0.9228423179212669 0
3771 -2.533159077262699 -0.8820322858693574 0
3772 -2.375651814204877 -0.8468331344475681 0
3773 -1.264283520048071 -0.3817780553700115 0
3774 -0.04184643984348581 1.468642161626772 0
3775 0.01021503449227279 1.408687689691447 0
3776 -2.688125106265669 -0.4613359967583204 0
3777 1.111237426274329 0.6061451629386037 0
3778 4.504000150159264 0.8640566700771698 0
3779 4.681381163381166 0.9941154443110028 0
3780 4.519602139167743 1.097084621562298 0
3781 4.557910569942347 4.010885990174356 0
3782 4.375033755679048 4.218878221578976 0
3783 1.054177548140228 0.2607799424793309 0
3784 0.958397530041619 0.2512375724125927 0
3785 1.011273538976406 0.1770880756417178 0
3786 -0.009353072256235412 -2.778647649664028 0
3787 0.07485160825409118 -2.643607570535154 0
3788 0.3600241735199234 0.8567201635522761 0
3789 -0.7560045347380819 2.783600233362993 0
3790 -0.6626317638330583 2.854582274120162 0
3791 0.3288211756369805 0.3630777462290407 0
3792 -0.06991775686963123 -0.4542852617616692 0
3793 -0.06260606400055022 -0.4661997518205824 0
3794 -0.0568246049209177 -0.4497093078558868 0
3795 -1.462765047159694 2.548667609360368 0
3796 -1.405521268772989 2.415024960014894 0
3797 -2.778153329440845 -0.3258621551638043 0
3798 -0.1111258982590038 2.59936063643615 0
3799 0.07074650847519837 0.5481231763940237 0
3800 0.1979540604604078 -0.4409827881235691 0
3801 0.2299833607818108 -0.4303013457143408 0
3802 -0.992865501463996 3.986095184802983 0
3803 -2.287344916638942 -4.834101335030585 0
3804 -2.219976741752806 -4.55674627110357 0
3805 -1.244385455689279 0.09275326898890204 0
3806 0.08189259805441784 -0.5231158696628015 0
3807 0.07988300486943387 -0.5076627128334228 0
3808 1.558736121630175 -1.964054552073373 0
3809 1.431505949942128 -1.974019900830543 0
3810 0.5109172269958688 -2.583123691343278 0
3811 -0.03562235894609438 0.4268645975543419 0
3812 -0.03793125011705268 0.4113472698370847 0
3813 0.3185883781619865 -0.5316082219922711 0
3814 -0.5967794897470289 -0.9395566988943412 0
3815 -0.537058375822586 -0.9119694819618669 0
3816 -0.08195628568813351 1.974879087229243 0
3817 0.02034556493478986 1.975947550777177 0
3818 -0.8650986398796616 2.732315859605679 0
3819 -0.7285536626401392 2.675969545485042 0
3820 -0.1898303576875712 -0.7656336401873227 0
3821 -0.1601336813322965 -0.7917206963321073 0
3822 -0.8290617420386401 -0.7631241387636445 0
3823 -0.7695869146984236 -0.8070199568586104 0
3824 -0.2797665256567602 -0.5785457393779003 0
3825 -0.2423642691684998 -0.5674145256102476 0
3826 1.339564909376205 -3.190661990149931 0
3827 1.144758747507504 -3.215523077275463 0
3828 1.25448085626821 -3.368989532678362 0
3829 0.5942227877573514 -2.304400393992151 0
3830 1.30875280736131 1.31015961413651 0
3831 1.221122210702674 1.40739510819549 0
3832 1.172513908226802 1.267810945973957 0
3833 -1.287444673874596 -1.120600890126002 0
3834 -1.204757971776884 -1.207661683361831 0
3835 -2.225893264896682 -0.8238911042078656 0
3836 0.02432053768924473 -0.7542804919669039 0
3837 -0.9168748460948973 -1.457557414878131 0
3838 -0.8179263667728647 -1.450812982286045 0
3839 -0.8769489836616333 -1.379916590255813 0
3840 2.330309730745065 -1.004688164494669 0
3841 2.155816729282702 -1.043014031960371 0
3842 0.9062780383576052 2.490559258203056 0
3843 0.8763900706986478 2.334463705494197 0
3844 -0.9629694954535835 0.9012949460058928 0
3845 -0.9085047848464622 0.9685122491296712 0
3846 -2.091874677462842 -0.8394392900454951 0
3847 -0.71030764455374 -0.8506654756064851 0
3848 -0.6555021721650807 -0.8954730090780196 0
3849 -2.404977217181905 -1.285994944096853 0
3850 -0.09142466752170259 -4.622815548713321 0
3851 0.6685425903452328 -1.334257113899724 0
3852 0.6990736851988092 -1.238865871492464 0
3853 0.6072901150272024 -1.257150310418956 0
3854 0.03413862897945003 -0.4820067536141349 0
3855 0.03396724710783186 -0.4916053113263347 0
3856 2.483841820610277 -0.9709675166523244 0
3857 1.460604800311397 -0.4758662285152038 0
3858 0.01518720634545716 2.603253222113421 0
3859 -0.1204134754404796 0.7507604773880856 0
3860 -2.829955815789922 0.7917537172373886 0
3861 -2.662752286153776 0.8053084662529455 0
3862 0.671312377527036 0.7472846458337961 0
3863 -0.003164189669470971 -0.5179436615698899 0
3864 0.0009051563162836744 -0.5183675779297318 0
3865 -0.6237856075644459 -1.681920487506375 0
3866 1.060924582076735 3.307916087414104 0
3867 0.887583750536624 3.275426951043031 0
3868 0.5093716803069598 0.04354110136890574 0
3869 0.5015349387626575 0.1046682188114681 0
3870 0.08962907211694884 -0.4933046297342629 0
3871 2.532126406810938 1.980352981206822 0
3872 2.473615420093248 1.811289283174233 0
3873 2.652233127926911 1.840770653020084 0
3874 4.772113716955695 1.842171349541427 0
3875 4.550152206408907 1.957279883018958 0
3876 -0.4148844798771692 3.680581905402437 0
3877 -0.5063180486180849 3.839560195275424 0
3878 -0.0500810008711552 1.267344313276306 0
3879 -0.01055831068911701 1.195226938209358 0
3880 -0.4945015561067867 0.5596697969706721 0
3881 -0.5020616996270404 0.507582890467237 0
3882 3.478047315836247 -4.616135813679922 0
3883 3.317033253187321 -4.415334478004167 0
3884 -0.1124975315477716 -0.3774862409264063 0
3885 -0.08930203226413624 -0.385587818806551 0
3886 -0.1033674316110714 -0.359597771156679 0
3887 -1.036884518446848 -4.773186219240543 0
3888 -1.247554405219492 -4.587776608073264 0
3889 -1.210669886779885 -4.814590388832721 0
3890 -1.599964526409403 3.09058328570561 0
3891 -1.671781247516933 2.923794698413357 0
3892 -0.8775471965566848 1.82561576309764 0
3893 -0.9366751436337001 1.736876903311699 0
3894 -0.8215533271934294 3.184480936555983 0
3895 -0.005894892123286425 -0.5019153656262101 0
3896 -0.005288637952902537 -0.5032248269613047 0
3897 -0.1189496882502754 0.4545874010215232 0
3898 -0.09687943520343702 0.4527777106753171 0
3899 -3.441824218064689 -0.07548281880642166 0
3900 -3.643044179266948 -0.03253680063234758 0
3901 -0.01531060779430495 -1.439683364701366 0
3902 0.02889719773155074 -1.374711892281662 0
3903 -0.05525732436395364 -1.384620541200163 0
3904 -0.126571481681384 1.25502658028753 0
3905 0.7708288562377965 -3.255466092170712 0
3906 0.7821853900060625 -3.059239119201932 0
3907 0.09906990238860455 1.419255084003 0
3908 -1.423824138289864 3.450865566538538 0
3909 -1.503625898785342 3.285934832202888 0
3910 -0.5442128111747202 2.843940224310779 0
3911 2.654717502650259 1.339640037570283 0
3912 2.803913682305934 1.195742396930348 0
3913 1.537604643334095 -0.2559756749824498 0
3914 -2.867653608326475 -0.9096479071531191 0
3915 -2.695564859765734 -0.8995627306941336 0
3916 0.06723158802527243 0.5362985768192992 0
3917 0.0826779627704457 0.5456484503560601 0
3918 -0.4277563661125895 -1.648834790880435 0
3919 0.9700311344757885 0.09690535434536654 0
3920 0.8814684670990343 0.08587650155076318 0
3921 4.759143820865726 -2.391115294979101 0
3922 4.548528419943239 -2.530982769919889 0
3923 4.789384599077513 -2.639867474943254 0
3924 -4.073502198265793 -4.385399598275959 0
3925 -4.066143237104804 -4.112549590567597 0
3926 -1.091631050941218 0.8202168490066459 0
3927 -2.040280933387702 -2.030070302417832 0
3928 -2.173426292510051 -1.909000660164956 0
3929 -4.798103459636289 2.37726612451882 0
3930 -4.59712674332979 2.502805806896336 0
3931 -4.799023283693501 2.625539682379982 0
3932 1.401271155084128 -4.437126010824175 0
3933 1.425130660914418 0.8552085867749886 0
3934 -0.4709815174607443 0.6715085143515047 0
3935 -0.4860188369007553 0.6162806375302171 0
3936 0.3433628797635485 -1.3285667525965 0
3937 0.4226285960747106 -1.30154132240657 0
3938 0.3661624251182473 4.78835147139857 0
3939 -0.1425572052093007 -4.796674500409182 0
3940 -0.3925572052096094 -4.796674500409182 0
3941 1.874131755597935 -4.814068239971523 0
3942 -1.634520294956542 -4.822720834680759 0
3943 -1.88452029495574 -4.822720834680759 0
3944 1.637373247516216 4.793800349205354 0
3945 0.21062038934015 2.483841200555146 0
3946 0.2737486761221887 2.37225828654937 0
3947 -4.77493237590051 0.1409972434518744 0
3948 -4.795840905706361 -0.1246255155902436 0
3949 -0.380193067407131 -3.012323708842091 0
3950 -0.2225424897141288 -2.959692759792112 0
3951 4.241898350192837 -1.722338012876753 0
3952 4.109316352713704 -1.55648720807073 0
3953 -0.5955902032698898 -4.790441374143946 0
3954 -0.8455902032701287 -4.790441374143946 0
3955 -4.776927677000113 1.621410509444129 0
3956 -4.80609600478514 1.365533602959652 0
3957 -4.583023681785251 1.486944112398108 0
3958 -0.01678216342361681 1.02771856387257 0
3959 0.5126577460174984 -1.285295539655138 0
3960 1.163627771530104 1.108336045954862 0
3961 1.145889759742026 0.9799999061520337 0
3962 0.2037126322746959 -0.3545761881573243 0
3963 -0.346026643986967 3.507664887757161 0
3964 -0.2485489190043318 3.674048334450412 0
3965 4.788614171177578 -1.624188785397795 0
3966 4.785101232012412 -1.375793798520497 0
3967 4.573715403189989 -1.499982583912619 0
3968 3.034695403047014 -0.2374988226169705 0
3969 2.882606854610049 -0.1006668390415912 0
3970 -1.701790148048301 -0.570458704473344 0
3971 -1.635638585138265 -0.6660766003108727 0
3972 0.2811578808049481 -0.1768887091505361 0
3973 -0.01791194420140731 0.5114176051241232 0
3974 -4.393131277196622 2.359646029758431 0
3975 -4.394051101253833 2.607919587619594 0
3976 0.2585096051164419 -1.338711955313232 0
3977 0.2579920946272627 1.943403010484875 0
3978 1.311712601542382 3.046078268385079 0
3979 1.275566039814381 2.882958558903274 0
3980 0.01684730252693257 0.5021551514250078 0
3981 0.0195644087394548 0.4974233031719129 0
3982 0.02062406301363882 0.5010962636413512 0
3983 -0.5877355731986623 -0.1192231068907252 0
3984 -0.5877142593830242 -0.1793366091189097 0
3985 1.333548540056749 -4.214861187697854 0
3986 -0.3622536072530218 1.295474768543717 0
3987 -0.4197282700194113 1.249429794221069 0
3988 -2.001701569888792 -1.342116237356522 0
3989 -1.886714725169872 -1.442342948263194 0
3990 -1.843775851915434 -1.305026522456938 0
3991 1.778540156021036 0.4548088208554802 0
3992 1.675933961148078 0.546674715784814 0
3993 1.635424230781499 0.424070107065009 0
3994 0.9388616729875632 0.9176532333434717 0
3995 -0.1780433767656852 0.4106855698151578 0
3996 -0.1654034716708251 0.3851926863454655 0
3997 2.890035308815471 1.542974166077465 0
3998 2.773750956595191 1.698330335454624 0
3999 2.710006493429501 1.516350785610336 0
4000 -0.9483259303071994 1.115765635072505 0
4001 -1.038968085593983 1.141946378404654 0
4002 0.456806180052037 0.3970803392457892 0
4003 0.449319412066976 0.4473487968218804 0
4004 0.1275443345480916 1.505407378504956 0
4005 0.0349874468535453 -0.4278159795280033 0
4006 0.03729633536828132 -0.4122986828188604 0
4007 -4.799412675153222 -1.888505580902221 0
4008 -4.799412675153222 -1.638505580901913 0
4009 4.772113716955695 1.592171349541118 0
4010 -1.772269433489206 -2.136333151362827 0
4011 -1.617503487681365 -2.145818590424865 0
4012 -1.706685618270291 -2.015322687502366 0
4013 0.0007056155587636757 0.5272314110310623 0
4014 -0.004685089702700469 0.5252987759931225 0
4015 0.003592274325309792 0.5222587354612895 0
4016 0.8112305473052586 0.05719878843288144 0
4017 0.73060019690143 0.07222344416214194 0
4018 -1.926029828435226 0.6006643183571566 0
4019 -1.805438565400599 0.5951319866931337 0
4020 0.4960425665068006 4.537306446311312 0
4021 -0.2361208029770656 0.4195315111817355 0
4022 -4.790235654242117 -2.121919795468652 0
4023 0.1852430340914452 0.3605761029220214 0
4024 0.2215403469738559 0.3439228092317648 0
4025 -0.496608238677354 2.225200864923481 0
4026 2.83226194331288 1.867394033487213 0
4027 -1.048159822881501 2.104443439388875 0
4028 -1.152476199035499 2.163723191754233 0
4029 -0.4803856027395341 0.3082596104825356 0
4030 0.06391151503528952 0.3159407620136057 0
4031 -0.0603142428539462 -0.3164711222434475 0
4032 -0.05800017647765937 -0.3427288239398523 0
4033 -1.345316977338412 2.289628687052218 0
4034 -1.263153989136995 2.436673741594451 0
4035 -0.6793284183981281 3.101032140671672 0
4036 -0.5951060048368207 -0.2372498135503772 0
4037 -0.6094821984808008 -0.2945632579335548 0
4038 -1.455086534233939 0.2527779805077305 0
4039 -0.119263044948707 -0.4053442198608631 0
4040 -1.57921782956788 1.672358493894812 0
4041 -1.52859775755461 1.777642392622256 0
4042 0.09879679137532471 0.3861998544980818 0
4043 -1.649523229499411 0.0432199074453692 0
4044 -1.538479038423792 0.06339735166797596 0
4045 -2.133333506337756 0.6776582877117688 0
4046 -2.069108636067467 0.8195064169696353 0
4047 -4.780836680050461 -0.880559738469784 0
4048 4.832889587186344 0.8805437464104806 0
4049 4.832889587186344 0.6305437464101733 0
4050 1.50577037269282 1.110205910066082 0
4051 1.402349655714136 1.20664321814439 0
4052 0.04332191252561707 0.5161258658182 0
4053 -0.1174811398783505 0.7915292972209759 0
4054 1.964210475994011 -1.157393335301463 0
4055 1.833459217637828 -1.223198949957219 0
4056 -0.02503144448570514 0.4568053782847367 0
4057 -0.20900787772874 -0.5552549570262426 0
4058 1.604403067200969 1.941367089455911 0
4059 1.441141845941968 1.917724775594099 0
4060 1.546437601239386 1.796839028081606 0
4061 -1.157180820478786 3.636483428447411 0
4062 1.6175149837423 3.884304402571219 0
4063 1.708357041846814 4.057012948422128 0
4064 1.453897048854441 -0.7739384258139831 0
4065 1.49445204084937 -0.6688826876758506 0
4066 -1.036766709360216 0.003437646363621413 0
4067 -0.9608396437085964 0.02878441814520209 0
4068 -1.019398778277788 0.08309436008634072 0
4069 -0.03677942856995153 -0.4105923358615301 0
4070 -0.03447314398135921 -0.4260880048103425 0
4071 1.362716582822918 -0.9967704234928758 0
4072 1.413184974591972 -0.8833506041648862 0
4073 0.08244465398824244 2.719257293675265 0
4074 0.1507347604638872 2.603181141030001 0
4075 -0.431496717046045 -0.1072320301970009 0
4076 -0.4011209261936289 -0.151924758907477 0
4077 -0.3883686204649995 -0.1004025448855623 0
4078 4.228889809815499 -4.320162338835814 0
4079 4.045604239303359 -4.146035837258021 0
4080 0.5644871842454264 -0.8257883179577998 0
4081 0.6323126116197562 -0.785142454923197 0
4082 1.533968048767632 4.583505750748339 0
4083 1.679577996008946 4.40040998992985 0
4084 4.792272478131796 -0.3548671622982272 0
4085 -4.77493237590051 0.390997243452183 0
4086 0.8899109973637458 -1.212330508206667 0
4087 1.003394747952246 -1.214122281181451 0
4088 -1.000692069237226 0.1612602141996044 0
4089 -0.929398500421319 0.1865573599565238 0
4090 -0.9866188570323757 0.2393764422882068 0
4091 4.514103296703644 1.272946845576746 0
4092 4.620605293150517 1.455743047441332 0
4093 -0.5089635765552861 -2.322775139346246 0
4094 0.1209808769920741 -0.2751649904766539 0
4095 0.1505295968627425 -0.2584870391378301 0
4096 0.1225638584641626 -0.2448492797601877 0
4097 -0.2486084788950989 -1.621513171622198 0
4098 1.450957958190008 1.346227380365922 0
4099 1.868226678508359 3.616566660478725 0
4100 1.760448002160431 3.474371599240458 0
4101 -1.55948972434148 0.2388232899650765 0
4102 -1.499680208223212 0.1581978843626441 0
4103 4.57888793901483 -3.006425816950179 0
4104 4.393413619012328 -2.879211545002919 0
4105 4.393532359872131 -3.105902412069055 0
4106 1.181000505549766 0.5253880757883305 0
4107 1.219600215538415 0.6178723989702652 0
4108 -0.2097586993837635 -0.5306676151239745 0
4109 -0.1868880640866372 -0.5062429353417599 0
4110 1.361360474483894 -2.101942566294389 0
4111 1.294664859118709 -1.98103937056933 0
4112 3.080341995189741 1.578139271780918 0
4113 3.016597532024051 1.39615972193663 0
4114 -0.002734184032373185 -0.5046342458531651 0
4115 -0.001094929381242168 -0.5042959614055635 0
4116 0.8782221594156634 -2.245318490169609 0
4117 0.9639982664696922 -2.382449157166176 0
4118 0.009831536915140368 -0.5492759270747025 0
4119 -4.803683989459229 -4.121728238368941 0
4120 -4.599464737519984 -3.975446358610812 0
4121 -4.795780748060754 -3.853718120240647 0
4122 -1.743312509801881 -0.1626960460145849 0
4123 -1.658584972553636 -0.2587296423401463 0
4124 -0.9841489512269204 1.642107297313643 0
4125 -1.025995872206392 1.557482304121724 0
4126 -0.4183760078868665 -1.294753244944002 0
4127 -0.3417183878506032 -1.302332193798071 0
4128 2.185021550844327 -0.6215416684255742 0
4129 0.02104713669626497 0.4718910305165844 0
4130 0.01940069401877263 0.4774641019833714 0
4131 -0.1918192600503848 0.3010546154832576 0
4132 -0.1780620605810406 0.2708540413902305 0
4133 1.61664182737656 -0.02574460315995132 0
4134 -0.1723024868176755 -0.3305936711818112 0
4135 -0.1536986228133629 -0.3575529870284196 0
4136 -0.1451667948990192 -0.3245368774299258 0
4137 -1.013439131647825 1.38840239753072 0
4138 -0.9711903833371601 1.311852502537205 0
4139 -0.9259469630565813 1.398059715128164 0
4140 1.273677664375524 1.541092412687824 0
4141 -0.8294943133563312 -1.320369884950903 0
4142 0.7543155115367176 -0.5499277361403594 0
4143 0.6955268763877027 -0.5133859722316215 0
4144 -0.7048177350043354 -3.069835013757206 0
4145 -0.5421526930154204 -3.042691209914869 0
4146 -3.886583552265766 1.163791896957062 0
4147 0.5792331756439901 0.7951060163941541 0
4148 0.2530341447279256 -0.2990342226511606 0
4149 0.2168897052723698 -0.3067139023550477 0
4150 -0.2354542401356387 -3.600296900829734 0
4151 -0.06807425917552948 -3.568538898248979 0
4152 -0.2179864653030258 -3.423702214592887 0
4153 1.667129688791129 1.672190432836496 0
4154 2.303046031166087 1.791444924261731 0
4155 -0.658462660551373 2.591093201742595 0
4156 0.0747352252632203 0.1905490498046195 0
4157 -0.07313603345073987 -0.1895655405241349 0
4158 -2.836693077140116 1.076025932882041 0
4159 -2.75373783093139 1.221070493076048 0
4160 -0.5148595252861009 1.81015343277873 0
4161 -0.416775395975271 1.801809130881451 0
4162 -0.7493995515713601 2.344840688072177 0
4163 -0.4438288675677013 -1.360025831834224 0
4164 0.5253946316276239 -0.07770149373948879 0
4165 0.5186934371741629 -0.01806004458505008 0
4166 0.3608646059793901 0.8000607003702407 0
4167 2.361046138447258 4.80024602157895 0
4168 -3.038370456310344 -0.9257446959152172 0
4169 -2.937647453978291 -1.063463785058233 0
4170 -2.996868012413752 0.7849624045810231 0
4171 -2.918383713702614 0.9307974152188321 0
4172 0.004588714683749067 0.499382712560939 0
4173 0.006221609926186258 0.5000691225050493 0
4174 -0.01212565845165495 0.4999620982517121 0
4175 -0.009727009309497209 0.4981563156089707 0
4176 -0.01077664558271582 0.501599131916735 0
4177 -0.09489900053110362 0.8519440190640936 0
4178 -0.0594356109847668 0.8212979035395237 0
4179 0.26963472853314 2.159755981650819 0
4180 0.3339061564236976 2.255644718813558 0
4181 0.1849679410229595 -0.5518060089952932 0
4182 0.1869164935846563 -0.5950932229922973 0
4183 -0.06658126521176989 0.5937849554848533 0
4184 0.9353349618844713 0.4001757330830034 0
4185 1.036969627745561 0.4242951395034373 0
4186 1.529268713345395 -3.162667274562128 0
4187 1.419546604584689 -3.009200819159229 0
4188 -1.650893632221814 1.536279211265519 0
4189 -0.04847682128914977 -1.515522889438899 0
4190 0.03567770080635461 -1.505614240520397 0
4191 -0.6330284774834039 -0.6940187074293465 0
4192 1.125860267987841 0.437188271415858 0
4193 1.234223057251926 0.4489155074475197 0
4194 0.07253875802889617 1.86117908627999 0
4195 -0.03235502799413558 1.8132070707127 0
4196 -4.181630715355997 3.674061860352287 0
4197 -4.400383595743552 3.804797383096915 0
4198 -1.460669886779101 -4.814590388832721 0
4199 -0.09639805152657416 -0.5673457438249551 0
4200 -0.1061638287633173 -0.5847840684576799 0
4201 -0.09221472620324378 -0.5899956901901717 0
4202 1.194825185555452 -0.4512066736133429 0
4203 1.147225202723035 -0.551578938071501 0
4204 1.258802381913097 2.169868664658879 0
4205 1.584557680813352 1.383305254051689 0
4206 -1.06826353779155 -0.1568077012776552 0
4207 -1.05344782694756 -0.07644139707218101 0
4208 -0.5720305609568748 -0.004678770208532843 0
4209 -0.5801655230704241 -0.06140358686368867 0
4210 -0.185277598324402 2.1533257876006 0
4211 -0.9526910412983191 -0.264314795068232 0
4212 -0.8773477075979919 -0.2398864137625097 0
4213 -4.790235654242117 -2.37191979546896 0
4214 -4.790148765388718 -2.614516359135289 0
4215 -4.580384419630835 -2.486436154607311 0
4216 -1.816974659446301 -3.339072524662147 0
4217 -1.724676037020583 -3.187897492972112 0
4218 -0.01804414577949164 -0.6420189760022734 0
4219 -0.03951384712798203 -0.6559377332043006 0
4220 -0.1367628487785645 0.9370390228323024 0
4221 -0.189539258897402 0.9289497465460399 0
4222 -0.1507074882147117 0.8882434308445003 0
4223 4.387563978793676 -1.844724923265694 0
4224 4.274192192478071 -3.754822851765168 0
4225 4.347183038164127 -3.568254301462193 0
4226 4.103368427889849 -3.574567726714787 0
4227 -2.835174736339058 -1.201508259290178 0
4228 -2.733690064815557 -1.335653797439181 0
4229 0.008103697820065404 0.5556417784760396 0
4230 0.3896874171340728 0.5134909594058203 0
4231 0.3446488140624321 0.5278659787283588 0
4232 1.369519115521911 2.052520835937785 0
4233 -1.435799306306718 0.7027148140141265 0
4234 -1.482185929378923 0.6073730046629209 0
4235 -0.9667743021812232 0.3159514795706025 0
4236 -0.9003801510760934 0.3412148634602686 0
4237 -0.9518291650408479 0.3924927549857449 0
4238 -2.408980728745752 -1.697851761990389 0
4239 -2.297775425814133 -1.805614557483419 0
4240 -2.238947585254448 -1.655935168441545 0
4241 2.9638396259767 0.07017025167072886 0
4242 -1.879090610295125 -2.903548821432397 0
4243 -2.073767758740934 -2.857734436781645 0
4244 -4.246411574357238 -1.380434612129197 0
4245 0.02102269839658628 0.6119376222855102 0
4246 0.001389738812618077 0.6137970097699093 0
4247 0.04984018591118473 0.799090098716801 0
4248 0.2057989015331564 2.058171474982062 0
4249 0.1342554254793185 1.946073763621904 0
4250 1.915731707836789 -3.125101074717343 0
4251 1.720499498941471 -3.143410421334191 0
4252 -0.146109640485648 -0.9655755420752281 0
4253 -0.1599154740024303 -0.91573365352119 0
4254 -0.3112123652227312 0.7949226587133373 0
4255 0.3938961408902966 -0.4710083923825691 0
4256 0.3843358851079946 -0.4238097130431607 0
4257 -2.24061695399625 2.727480627746026 0
4258 -2.321820714339895 2.89788256781957 0
4259 0.9624765951683791 -3.559271495274436 0
4260 0.8571443736885087 -3.376335568314288 0
4261 0.1302842971519133 -0.685829990715461 0
4262 0.1248882809844161 -0.6566547211059124 0
4263 0.09789641214581768 -0.674833634456685 0
4264 2.018883299062025 -1.058183281846832 0
4265 -0.02407212546249045 -0.564654289920183 0
4266 -0.03445219473570801 -0.5582290702025319 0
4267 1.539189776786567 2.212125228050169 0
4268 1.428473043177753 2.329473056771263 0
4269 1.388390578294737 2.179600665689499 0
4270 -1.528737132254766 0.512335038792044 0
4271 -1.573922350012793 0.4194456176071649 0
4272 -0.5557877853770126 0.1122214101415394 0
4273 -0.5638124022758191 0.0536263649336483 0
4274 3.488969017574974 2.664572063761544 0
4275 3.277483394092495 2.631079754557892 0
4276 3.410527828504716 2.480121548154397 0
4277 0.3317802645732915 0.5620979222059972 0
4278 0.2959685393639769 0.5285197296445391 0
4279 0.03972518552368007 0.4113081558838469 0
4280 0.03741912319784137 0.4268023216783953 0
4281 2.078472561003916 -2.774534031674438 0
4282 1.990902758586834 -2.618816352778373 0
4283 -0.5372400260945588 -0.4738905913193998 0
4284 -0.165797235539439 -0.4409654355478358 0
4285 -0.1635802100349278 -0.4160824879956224 0
4286 -1.571010688629754 2.670030558381291 0
4287 -4.147906440959564 4.43074179481814 0
4288 -3.897810917630018 4.445702963014133 0
4289 -4.000095523328017 4.635100717750767 0
4290 0.003988609288989533 0.5020597337503117 0
4291 0.003632157616624177 0.5009337308461987 0
4292 0.3516022368336561 -3.502309416053862 0
4293 -0.06602040348299665 0.4223298768932263 0
4294 -0.05382111051468326 0.4164997530411862 0
4295 4.785101232012412 -1.12579379852128 0
4296 4.821529352830334 -0.8648374715497502 0
4297 -0.2993261453845673 -0.7415487644434943 0
4298 -1.004477700235798 -0.9391545036118483 0
4299 -2.61756026348087 -3.539386597991275 0
4300 -2.554988352586447 -3.34339156510448 0
4301 -2.583685927665616 -1.736947170486934 0
4302 -2.110279061328149 -2.169807227795133 0
4303 -1.931449692018578 -2.145574173817629 0
4304 0.1796991608135064 -0.2070294971294929 0
4305 0.1806319131663293 -0.2511986430927886 0
4306 0.6929209471417588 -2.415187858685968 0
4307 0.6530115219701834 -2.553942663937116 0
4308 0.788970592756985 -2.530339261558766 0
4309 0.7205872918345533 1.018535891837965 0
4310 0.6509542942535336 1.071607248389898 0
4311 -0.2308049133984949 0.244366041332264 0
4312 -0.2143312103850893 0.2149764504536643 0
4313 -0.1945840410012016 0.2437342307846229 0
4314 4.402846442491301 3.117846688595171 0
4315 4.381613959832916 2.857554074300401 0
4316 -3.198445570817844 3.756185884297196 0
4317 -0.9382129990618793 0.4698646519125518 0
4318 -0.8670669101476599 0.4955996790043786 0
4319 -0.06387746062187263 -2.926891222070671 0
4320 0.09395813518087856 -2.922365380212618 0
4321 -1.237140954531643 1.087558008798985 0
4322 -1.294412603641746 0.9896506504466309 0
4323 0.6069668726110952 -2.698275094216076 0
4324 -1.707374303898115 3.23814503072502 0
4325 -0.1262257251450798 -0.4711100657836337 0
4326 2.593901769035034 4.775037619317532 0
4327 -0.02429550435697585 -0.4656208719294178 0
4328 -1.709189214713992 -1.262104956481318 0
4329 -0.1295516878906865 -1.2227177117959 0
4330 -0.1537343357190779 -1.276163912707839 0
4331 -0.09496882583491242 -1.259893696761359 0
4332 4.789503339937316 -3.116558342008589 0
4333 4.789384599077513 -2.889867474942453 0
4334 -4.783493649054584 3.125000000000463 0
4335 -4.799023283693501 2.875539682379181 0
4336 -4.582516932748085 3.00053968237878 0
4337 -1.556955163736113 -3.189675673707105 0
4338 -1.646007410311779 -3.036521090562258 0
4339 -0.7769656018325157 -0.8773750945134788 0
4340 -0.09969086483371165 -0.6945586242736372 0
4341 1.75511367610395 1.97308590011106 0
4342 1.649817920806532 2.093971647623554 0
4343 -1.138787652858466 -1.291092551259734 0
4344 -1.085944385395301 -1.386507696230382 0
4345 -2.513329809775702 2.260961280543343 0
4346 -2.422376370807274 2.405460787057881 0
4347 2.480518995834904 -1.405102940452286 0
4348 2.537610829510495 -1.247893123155502 0
4349 2.961511249049267 1.215373805965775 0
4350 3.151817935423538 1.250538911669228 0
4351 1.316012819500865 2.446783674721549 0
4352 1.200700592887706 2.554582529908165 0
4353 1.361946966496206 -3.52235708030734 0
4354 1.167140804627505 -3.547218167432872 0
4355 -1.342067524737466 0.8940910303665679 0
4356 -1.389725436242808 0.7982726343453088 0
4357 -1.607615618788495 -1.181327692268849 0
4358 -0.8355842707029761 -0.3038889282859861 0
4359 -0.8153888921833321 -0.2267506559004976 0
4360 -0.5097817280310116 0.4521081911481076 0
4361 -0.517529478330794 0.3980993883132611 0
4362 0.5367212394925689 -0.2063133257048055 0
4363 0.5342348277599795 -0.140788914871936 0
4364 2.652023178244401 0.6011907536559559 0
4365 2.825492746937138 0.6342963124049092 0
4366 -0.3258467993152501 1.947909094367179 0
4367 -0.3813961018419127 2.043723380908421 0
4368 -1.161042738436138 1.28531561350622 0
4369 -1.192648086202361 1.182876699001119 0
4370 -1.090287899694627 1.199756270434659 0
4371 -2.14531680727981 -1.367882239381172 0
4372 0.03027349383324777 -0.4485377328416292 0
4373 0.03235508803208584 -0.4374643445921141 0
4374 -1.069926438375774 1.464288400846247 0
4375 -1.115169858656353 1.378081188255288 0
4376 -0.9160892946131076 -0.9257578033363341 0
4377 1.069942705396375 -3.712639042903414 0
4378 0.08736613565123848 0.3055373952578754 0
4379 0.112056884802917 0.2919950285395738 0
4380 0.08777897544737381 0.02144678001184856 0
4381 -0.08525857777218035 -0.02301919598707711 0
4382 0.09501072481614159 -0.2313539837874693 0
4383 1.296185173707149 -1.220521230765488 0
4384 1.324121330554807 -1.106341649912197 0
4385 1.211924900832148 -1.134120735433078 0
4386 -2.870625727878237 -3.205600039877898 0
4387 -2.67659788375927 -3.177627478883522 0
4388 -2.800686174772606 -3.017023616402085 0
4389 4.410382787720019 -2.710078584956057 0
4390 0.175776608407053 -0.1688507591228668 0
4391 -0.8490831655179489 2.13215702807558 0
4392 -0.1628022368485241 -1.400807497997115 0
4393 -0.2500957284465415 -1.414797161169155 0
4394 -0.4425338099108646 -0.1952320380977637 0
4395 1.19901327523185 -3.912690446572904 0
4396 0.9943490657727243 -3.924743774414467 0
4397 1.304651053447103 -4.03828335842163 0
4398 -4.82495952667441 -1.381486009796792 0
4399 2.367343689879763 -1.711560688871201 0
4400 2.423025103081176 -1.559102866148913 0
4401 0.6745696167793316 3.148230128069385 0
4402 0.750086415855147 3.246347816552974 0
4403 0.5863512205703361 3.288877805200435 0
4404 -0.04091784842230947 -1.263048282314939 0
4405 -0.06510049625070088 -1.316494483226878 0
4406 -0.5374135526831065 0.5991996043716306 0
4407 0.5270432197821955 0.2610830081541686 0
4408 0.05164073802796298 -0.349692251981824 0
4409 -0.36678524669765 0.7160541155497393 0
4410 -0.3205862014649882 0.7025189889993104 0
4411 -3.670461998698565 -1.7201770818213 0
4412 -3.558263017211356 -1.567538406204955 0
4413 -3.762205719518031 -1.570778837525847 0
4414 0.0578792317484713 -1.297424861520515 0
4415 0.3979209461607069 2.363891763906322 0
4416 1.396594801257088 4.789705401542985 0
4417 2.474378517127166 -0.5398057844937355 0
4418 0.01845789205660308 -0.4974084780638387 0
4419 -2.674256396199046 1.364353674374276 0
4420 -2.591322319493524 1.509883212943036 0
4421 -4.263791857206906 1.218204184735465 0
4422 -4.458559486032508 1.334996943447746 0
4423 -0.6161707192514392 -4.394055548041866 0
4424 -0.4881474084727365 -4.587115874553128 0
4425 3.246848643664691 0.4912352108663903 0
4426 3.118463194151499 0.6096127668398259 0
4427 3.080425576049973 0.4008549862926761 0
4428 -2.763694460795379 -1.806654738228377 0
4429 -2.6478171024352 -1.917238718773707 0
4430 2.594257459444441 -1.092258572201025 0
4431 2.645896665235949 -0.9397534541011483 0
4432 -1.680514023611825 -0.7698133417380797 0
4433 0.7595261575101673 -0.7041972607350897 0
4434 0.6961955381531548 -0.7482058291890745 0
4435 -2.68836149373278 1.954360827453264 0
4436 -2.601513016811341 2.105555697659853 0
4437 -4.82495952667441 -1.131486009796483 0
4438 -0.1955783087551398 0.1781230680438671 0
4439 -0.1642337727052791 0.1942493045415278 0
4440 3.150865603206802 0.1090971255438387 0
4441 3.021785048333062 0.2435505564461307 0
4442 0.003675658752774277 -0.503095202012905 0
4443 0.00194864254072202 -0.503931664811111 0
4444 0.003391510466108656 -0.5045012504086015 0
4445 -0.6589636492697803 -0.9651043030776753 0
4446 1.154379777474774 0.09081623923610752 0
4447 1.065811152574397 0.1064477244121047 0
4448 1.113137372974157 0.01063351793975626 0
4449 0.3668900384753221 -0.1180558987891098 0
4450 1.534101233487313 -0.5620074525160033 0
4451 1.572798208590942 -0.4548836413836644 0
4452 -0.3352016772977099 0.5238012510326031 0
4453 -0.1534652156022722 0.3559964500880625 0
4454 -0.1261963164815545 0.3550546127242906 0
4455 -0.3964980767430283 -2.423575224659842 0
4456 0.02217218647688856 0.4808445609477666 0
4457 0.0171464491676608 0.4822709077727539 0
4458 1.141770555794601 -1.078236618563549 0
4459 1.113834398946943 -1.19241619941684 0
4460 -0.4114950862477708 -3.642525997040565 0
4461 0.2609531560102746 -2.908539016292709 0
4462 0.419148183055407 -2.88520617320084 0
4463 0.07744366578532932 3.782564909083924 0
4464 -1.024724758018531 -1.470487364128086 0
4465 -0.9657021411297624 -1.541383756158317 0
4466 0.730181858544153 -2.280796991613801 0
4467 -0.0919841178109185 -2.174945156096971 0
4468 -0.1545693278703316 -2.081915361226292 0
4469 -0.1991304668190396 -2.195465886060611 0
4470 -3.380066447842597 -4.790743201603473 0
4471 -3.49782900382506 -4.58796886677845 0
4472 -3.617762555981723 -4.797225665174977 0
4473 3.591462322603925 -2.069835838171132 0
4474 3.442186140459867 -1.889713713614191 0
4475 -2.203311886301864 3.40495714309741 0
4476 -2.309365541291539 3.235418442920669 0
4477 0.2778778369829352 2.59984527211699 0
4478 2.700354296067519 -0.7821719866321399 0
4479 2.581428903742003 -0.6575292659846536 0
4480 0.01375560835589909 -0.5212639718037908 0
4481 1.23014511306082 -2.851241584811569 0
4482 1.095458637039755 -2.75709930961184 0
4483 1.095156324594434 -2.943053259547303 0
4484 -4.783493649054584 3.374999999999661 0
4485 -4.786269727928824 3.60787356173738 0
4486 4.789503339937316 -3.366558342007788 0
4487 4.548506741313491 -3.490813055264444 0
4488 4.759003401376175 -3.624254713255917 0
4489 -2.068081464944669 1.011330501283822 0
4490 -2.112145149939865 1.160743204599727 0
4491 -0.08333292143652885 -0.6072480972342942 0
4492 -0.4398559369775603 -3.166579529134921 0
4493 -0.723130758685625 0.3459686657819694 0
4494 -0.7138950257821579 0.4212912844941604 0
4495 -0.7687529354938911 0.3818905219635215 0
4496 -0.6834374636068589 0.7675190130068025 0
4497 -0.7485377873883775 0.7362004930296272 0
4498 0.106635538613166 0.2717648114859316 0
4499 -3.481854107452356 -2.049375966174072 0
4500 -3.580302156583169 -1.894171535064675 0
4501 -2.16982935397853 -2.305451621707705 0
4502 -2.278660595347654 -2.189947750307909 0
4503 0.5677467916291283 -0.3304907771321363 0
4504 0.5471802015575294 -0.2688007962390778 0
4505 0.01568445342499588 0.4861811535882626 0
4506 1.14860541436154 -0.9969780273953643 0
4507 1.050514912476335 -1.055273491379127 0
4508 4.79983861074396 3.364551853514322 0
4509 4.761645944945164 3.630234178489214 0
4510 4.561484555689123 3.494786032005371 0
4511 4.61380183096213 -0.4697046338409759 0
4512 4.821529352830334 -0.6148374715495113 0
4513 1.524512876108289 3.733766207160077 0
4514 1.739302479068487 3.750268419984122 0
4515 -2.298073029801228 -1.40225209427404 0
4516 2.739067127032382 3.220181717622914 0
4517 2.578360587899769 3.369888698119217 0
4518 -0.1333284442956421 -0.3793541722109911 0
4519 1.482762288275495 3.092910182271827 0
4520 1.356036161877478 3.217510326050817 0
4521 -3.130066447843399 -4.790743201603473 0
4522 3.104855090761072 4.800367874358792 0
4523 3.354855090760271 4.800367874358792 0
4524 2.432482789014657 3.51579783672085 0
4525 2.296372049525012 3.675775972493091 0
4526 -2.175165999987561 -0.6969083480861833 0
4527 0.5079305220886841 0.3741178138485231 0
4528 -3.385559430631828 4.798521703874384 0
4529 3.365560823564303 -4.81094113194793 0
4530 3.115560823563999 -4.81094113194793 0
4531 4.761645944945164 3.88023417848952 0
4532 -4.783493649053626 -3.374999999998012 0
4533 0.5780860640657222 -1.04560482142584 0
4534 0.0920405474338853 -0.1667831924139367 0
4535 0.06702016235813259 -0.1519596547640421 0
4536 0.0631880357149799 0.2931185804850091 0
4537 -0.07020791446968036 -0.2890790975803843 0
4538 0.03510811882763687 0.626102132614353 0
4539 -4.059591542565375 2.269952910810427 0
4540 -4.240566871077601 2.247844131687023 0
4541 -4.110102778522311 2.05303723201576 0
4542 -3.501390724895166 1.734560112154733 0
4543 -3.540440448484283 1.589211824756787 0
4544 -3.340613599552474 1.635419591719813 0
4545 -0.5398693672001661 0.2293208902571063 0
4546 -0.5472933936953055 0.1703709562415389 0
4547 0.2411834812643236 -1.029720441283087 0
4548 0.2930983375272622 -1.001948922812788 0
4549 -2.074756258260452 1.25564698176683 0
4550 -4.118908033113077 -4.762662363123688 0
4551 -3.867762555981476 -4.797225665174977 0
4552 -3.986670589095787 -4.559888028298666 0
4553 0.311847445640944 -1.395178321045812 0
4554 1.697703284577206 0.2119619691989036 0
4555 1.622734303848879 0.3158088555965888 0
4556 -4.769058761699551 4.113042558328543 0
4557 -4.786269727928824 3.857873561737133 0
4558 -4.555328489628375 3.97091612006691 0
4559 4.799795415749418 -4.12952792728718 0
4560 4.759003401376175 -3.87425471325567 0
4561 4.558798817125592 -4.003782640544084 0
4562 0.5480208866540707 0.1430312271634497 0
4563 -1.688373196472225 1.90902969845996 0
4564 -3.261124953978765 -2.379437201915279 0
4565 -3.366358400073151 -2.214469092088861 0
4566 -0.6134031804151363 1.17343346181242 0
4567 -0.5467074087620429 1.197566583944148 0
4568 -0.5937303864897234 1.247819750912651 0
4569 1.229799480068449 3.347353056315295 0
4570 1.105737587000819 3.48459073156533 0
4571 0.3433221112106646 -0.968416872521619 0
4572 0.3950280838429523 -0.936538169214377 0
4573 0.03291753829989371 0.4946454244767433 0
4574 0.02944586148890634 0.4993634338333477 0
4575 0.02681284603714843 0.4916464060316518 0
4576 3.570494046959774 2.855697888858148 0
4577 3.703538481371995 2.704739682454653 0
4578 -1.394654061215247 -1.138375642623504 0
4579 -0.02763805707230174 0.5028536327073641 0
4580 -4.368908033113385 -4.762662363123688 0
4581 4.135261220180618 4.800977104705328 0
4582 4.385261220180928 4.800977104705328 0
4583 -1.03020981291972 4.351940593076806 0
4584 -4.769058761699551 4.363042558328852 0
4585 4.799795415749418 -4.379527927287489 0
4586 -0.9428407046782306 1.929729687183761 0
4587 -3.003605273763946 1.069234620225675 0
4588 1.640517803732988 -3.324871592324893 0
4589 -1.947597619251672 -1.586290066988689 0
4590 -1.789671901278314 -1.549200352089105 0
4591 0.5645033323165236 1.653822365121422 0
4592 0.4839551781891337 1.730738669256716 0
4593 -1.233978092800843 -2.870321623796977 0
4594 -1.403251284933029 -2.892045174846597 0
4595 -1.309013344895123 -3.016575720247631 0
4596 -2.817692985502211 -3.56953803499101 0
4597 -2.68871581211818 -3.74272073062295 0
4598 0.6395982267507482 -0.936011922139949 0
4599 3.344156546491774 1.261595630411083 0
4600 -4.173815247082797 -0.6705648222835583 0
4601 -4.415214401278564 -0.6389127498380154 0
4602 1.437158207215869 -2.232533980519719 0
4603 1.30031711639245 -2.239553450258506 0
4604 -3.005891584322926 -1.217605048052276 0
4605 -0.04920365727547269 0.4638862126408629 0
4606 0.1171950815756204 -1.492975681066103 0
4607 0.1962702099219394 -1.480750085055942 0
4608 -1.076619134888845 0.1359134424180237 0
4609 -3.071239665664366 -3.240095951112628 0
4610 -2.94715137465103 -3.400699813594066 0
4611 0.01106011129339735 0.4997724966099013 0
4612 0.009283434206343835 0.5011790954648283 0
4613 0.009481866945973087 0.4979914948094069 0
4614 -0.1481868556880313 1.190623504739923 0
4615 -0.180008972241301 1.13248330865105 0
4616 -0.1119639365723301 1.145489049884286 0
4617 -1.112006961516752 -0.02213145513104237 0
4618 -2.330722632474967 2.563887489286222 0
4619 -0.1839503885526486 -0.394281302813051 0
4620 -0.1604641362142983 -0.3854109659628765 0
4621 -1.62038216781917 0.3245727412378451 0
4622 -1.664975841808444 0.2299926450927587 0
4623 -0.05415483239740293 0.3468719899156629 0
4624 1.729982712085517 0.6749941585838508 0
4625 -0.9003730146677442 -1.630424047210815 0
4626 -0.8342742373892967 -1.716749375010212 0
4627 -3.510559430631981 4.623552646847764 0
4628 -3.699473146189325 4.441049427081333 0
4629 2.377521949775669 0.2928095794026969 0
4630 2.216861078452146 0.2883367676912948 0
4631 2.316727704822882 0.1698715644563489 0
4632 -0.3189038651847065 -1.046478371023907 0
4633 -4.805882043942594 0.6385859454573535 0
4634 -4.094187932774231 1.179448458849863 0
4635 -4.135323038062062 1.400170955096258 0
4636 4.848491576194823 1.363571697895918 0
4637 1.009991002892702 1.766532098538419 0
4638 -1.719319911239816 -0.3654896552392796 0
4639 0.008887572894128051 0.4961600488029499 0
4640 -2.485048799480816 -3.154815141628667 0
4641 -4.231908750987434 -2.76108795721117 0
4642 -4.094271132545614 -2.877983958847171 0
4643 -4.091215895133633 -2.651337917110582 0
4644 -0.3482262170502974 -0.106905458019143 0
4645 -0.9434555501901767 -2.059697378404257 0
4646 -0.9104336459553336 -1.940950564593412 0
4647 -0.08055463936658348 -1.594773519623525 0
4648 -1.185695549437578 0.2570384513086725 0
4649 0.01769418717524376 -0.5444848708539181 0
4650 -2.554131944604383 -3.914376581139601 0
4651 -2.427770527079285 -4.081505491299459 0
4652 -2.36222167257174 -3.879698203783072 0
4653 2.894652562298989 2.048186070739067 0
4654 3.01617039096727 1.905745753173607 0
4655 -2.69622480260216 3.242519384295223 0
4656 -2.497810883494276 3.237302876950376 0
4657 -2.593867355891108 3.41177404097089 0
4658 1.689900385689548 2.243844038705318 0
4659 -1.346167432246359 3.620184001974085 0
4660 -1.53337897023055 3.602815012657845 0
4661 -0.4200160386636736 -0.3414504863471508 0
4662 0.07788335249530734 0.1561114479196353 0
4663 -0.0785422689622276 -0.1506963993041867 0
4664 0.3263175152100897 -0.1952212554376136 0
4665 0.3229549150110813 -0.1501237197228927 0
4666 3.144013229597981 1.760482695266563 0
4667 3.270575452806561 1.613668251125728 0
4668 1.446976855697919 -1.083170918825286 0
4669 -0.5248280634115862 0.3426612741005882 0
4670 -0.5314910381866127 0.2863614731304281 0
4671 0.2907187612309901 -0.2729143662016825 0
4672 -1.036322225452317 1.735124604119825 0
4673 -0.5524957420287688 -3.485349759379822 0
4674 -0.5786243820134047 -3.672415539246746 0
4675 2.843901769034233 4.775037619317532 0
4676 2.948756859794441 4.575405493676323 0
4677 3.909463670830157 -0.7116408701351317 0
4678 3.782663122224054 -0.5760370806834811 0
4679 3.709778858040657 -0.7441437355015275 0
4680 -0.6417901827666965 1.03017121577543 0
4681 -0.5788734156406726 1.052418250402179 0
4682 -0.6292969698134796 1.100933260217167 0
4683 -2.343459436001355 -1.9509172537138 0
4684 3.039948136225264 -0.7113682438621688 0
4685 3.095569665980431 -0.5437846895074414 0
4686 -2.510266056542632 2.899767001849277 0
4687 -2.411722988002592 3.066163786245001 0
4688 3.623795858501645 4.785105912964175 0
4689 4.848491576194823 1.113571697895609 0
4690 -0.6486471033215698 -0.1997796359680648 0
4691 -2.801491076354744 -1.491006356112913 0
4692 -3.02940750463131 -4.567052154344191 0
4693 -2.374769442522776 4.376116432886453 0
4694 0.7993653543276285 3.416074628174081 0
4695 1.606645449128914 -0.6479001005443111 0
4696 0.5885877710098021 1.133673916934777 0
4697 0.5331539428022043 1.203035534277234 0
4698 -0.1241011002723435 0.9940514242708247 0
4699 0.06987226742093315 0.6810818160714398 0
4700 0.08288078849208083 0.7087045809190824 0
4701 0.1920714943326093 0.6814606524156164 0
4702 0.1608689913598224 0.6857463435291664 0
4703 0.1711312494284764 0.6508966320224752 0
4704 -0.1211605276308525 -0.001383881268173674 0
4705 -0.02419870198738933 -0.5783084946754591 0
4706 0.7127098575357154 2.85010570658044 0
4707 0.5673251838876945 2.811359952380203 0
4708 0.7253478089648568 3.023149664694231 0
4709 0.9300391503327319 2.636079213989083 0
4710 3.153888717904257 -0.3736988521791252 0
4711 3.212113495707684 -0.200483208793718 0
4712 2.223529520439892 -2.449271132294156 0
4713 2.131121225803922 -2.298151693616794 0
4714 2.064822001027349 -2.453361214333783 0
4715 1.526284182228501 -0.8641875140550617 0
4716 -0.1235189998053203 -0.5721622172765357 0
4717 -0.1193356744819899 -0.5948121636417525 0
4718 -1.125559724329617 -0.6065988928093636 0
4719 2.393288244029808 -2.436207644819703 0
4720 2.326989019253235 -2.591417165536691 0
4721 0.9341367794350535 -0.9372219039192641 0
4722 0.9934445922766255 -0.9944589054365053 0
4723 0.5177174528811991 0.6535692207205852 0
4724 0.4605792829231263 0.6629446064537708 0
4725 4.431562713754317 -1.625990660400978 0
4726 -0.1192312822770148 -3.103410490340702 0
4727 -1.842267561429653 -2.276070076740127 0
4728 -0.6191931777818862 -0.3508671659028753 0
4729 -0.6286254798827906 -0.4054733516305157 0
4730 -1.03806787099713 0.2906543338136831 0
4731 0.968577159810623 -1.760633928927275 0
4732 0.5674136056507684 0.0213710736397153 0
4733 -0.5536163002931092 0.4871140644929561 0
4734 3.873795858501398 4.785105912964175 0
4735 -4.580814419843104 0.5295831889027739 0
4736 4.039988503695294 -0.8427361903430316 0
4737 4.112872767878692 -0.6746295355249853 0
4738 -0.8944552165392172 0.05804041575474491 0
4739 3.27351065377169 -0.02538917298087655 0
4740 3.331456076128053 0.1479911317945254 0
4741 -0.8914588759324762 -0.7197553497804579 0
4742 -0.8986420058710354 -0.7903607867824174 0
4743 3.774806552722174 0.414936678524311 0
4744 3.834069363012159 0.6105134756104994 0
4745 3.637710551071289 0.5664855174288017 0
4746 0.8141123640874144 -0.5103363054010043 0
4747 0.8174082441105041 -0.585080905373081 0
4748 3.393629383172234 0.326693075330927 0
4749 3.431667001273761 0.5354508558780767 0
4750 -2.691854466580188 2.259226796083674 0
4751 0.01395591253900916 2.836878056487707 0
4752 0.1495034666574392 2.836805975404286 0
4753 -0.2417398794915378 0.914690194702192 0
4754 -0.2909411495720512 0.8970849524725882 0
4755 -1.553857177584816 1.889037392696096 0
4756 -3.837124040189112 2.246229346464721 0
4757 -3.967588132744403 2.441036246135983 0
4758 -0.4477274929104499 -0.5845125706476458 0
4759 -0.4538656751587116 -0.6365584112596815 0
4760 1.52012810897592 0.4076747505259226 0
4761 3.196391623649523 -2.150484760364704 0
4762 3.280128129497247 -1.966042591636118 0
4763 -0.1093083017765566 -1.381465955646583 0
4764 -1.007362737827759 1.244385292909755 0
4765 -0.006799937327517765 0.5173578367005255 0
4766 3.43637055626738 -3.655101693366681 0
4767 3.651739906107167 -3.633901598965665 0
4768 3.513340590789018 -3.470889325805688 0
4769 -0.03384038402894123 -0.4700760399709089 0
4770 -0.0431350234234418 -0.4691401011792612 0
4771 -0.2734494454715197 2.142054298832045 0
4772 -0.2107133160077523 2.047433812254668 0
4773 1.466812017992695 2.479308237082219 0
4774 1.353557347893446 -1.626007832648287 0
4775 1.300492188472369 -1.746606455633376 0
4776 -0.01658016414061541 -0.495816228402515 0
4777 0.02445302970703062 0.4650532525020564 0
4778 0.02495036334556718 0.5026198615164834 0
4779 0.02223325713304494 0.5073517097695783 0
4780 0.0885883374262437 0.7413246880923241 0
4781 0.129960567853358 0.751274369252215 0
4782 -3.847284063820872 4.236690504148706 0
4783 4.796264624997185 4.380651811683919 0
4784 4.796264624997185 4.130651811683612 0
4785 1.609487660695036 -0.3455715537844533 0
4786 1.647790528614106 -0.2328048113840381 0
4787 -0.8292708358822298 1.396104950265718 0
4788 0.7604839986682839 -0.1092938247279586 0
4789 -0.2633087150842401 3.360051978721732 0
4790 -3.893240973433969 0.451651087377924 0
4791 -4.071701307761852 0.498117347176922 0
4792 2.085249253523337 -0.5079320903121343 0
4793 -4.204432565081259 2.714444507850613 0
4794 -4.408428031214426 2.857604284988517 0
4795 1.706239080178242 -1.948908522479595 0
4796 1.64570452385538 -2.079777066961825 0
4797 -1.109316973247944 2.259434600449094 0
4798 -1.246108923489972 2.215566059936914 0
4799 2.585525151448495 -1.526313537255431 0
4800 1.96122878614237 3.767104855889867 0
4801 4.186797205849477 -0.03230996782271575 0
4802 4.355922958458915 -0.2114050354211379 0
4803 -0.2793357769362402 0.5714894479826537 0
4804 -0.308968815591998 0.5955434518634832 0
4805 -0.3269977167555054 0.564393156287531 0
4806 -4.407630759588425 -2.858383358610699 0
4807 -4.404575522176444 -2.63173731687411 0
4808 -1.207071591416665 -3.149223094646088 0
4809 -1.37634478354885 -3.170946645695708 0
4810 2.255719348042024 -2.759047647429599 0
4811 2.176961613382621 -2.929101026092892 0
4812 -1.267715827617556 -2.608264821079707 0
4813 -1.169617018472878 -2.72397380515815 0
4814 2.99299101355771 -3.706462720061948 0
4815 3.212470096077226 -3.681535036691751 0
4816 3.078492158429714 -3.5170171035769 0
4817 -0.8746685092157436 -0.5736543333774619 0
4818 -0.8818297552892262 -0.6461873789436839 0
4819 -2.842433202469103 1.357746319187112 0
4820 0.5283858462312381 0.5227863673462694 0
4821 0.5613591126960558 0.5603450154130512 0
4822 0.0840288680807756 -1.568815205803635 0
4823 2.441378156278121 0.4321481037029239 0
4824 -0.08053335369896687 -0.3485617575760678 0
4825 -1.004607150167009 0.4446012680228857 0
4826 4.336722283481742 1.142888071342913 0
4827 -0.7033469377454299 1.421325924592379 0
4828 -0.6265766560438233 1.451869477668919 0
4829 -0.698073175316936 1.501243633473327 0
4830 0.009120663052991147 -0.4985333195505167 0
4831 0.008249687670499974 -0.4973476088343741 0
4832 0.007617716172761812 -0.4994317697330335 0
4833 -1.711773886784284 0.1330763818628998 0
4834 -1.757213717952941 0.03205309548827895 0
4835 2.648468912352892 3.57223971000008 0
4836 -1.12772659921492 1.547161094846293 0
4837 -0.5646481749079972 1.484620339212388 0
4838 -0.4993470041408823 1.521844602147444 0
4839 -0.5560017228482145 1.569011449484922 0
4840 -3.578589309395244 -2.236499545543731 0
4841 1.553950738313113 0.875137861675389 0
4842 2.568868413776418 -3.763850536162916 0
4843 2.361519573331253 -3.775248266595871 0
4844 2.48477423854872 -3.945146530689268 0
4845 -1.073085208084358 -2.079918061978191 0
4846 2.699665674136168 -1.216679060604326 0
4847 -0.2120584785425691 -0.4068158378044068 0
4848 -0.2089424047219397 -0.3761443157716609 0
4849 0.2283468266435374 0.6749050625535782 0
4850 0.2180845685748834 0.7097547740602694 0
4851 -1.245615388035159 -0.2929731143149649 0
4852 -1.586397446797538 0.6005258149750439 0
4853 1.090192179447721 0.3478225711626265 0
4854 1.143068188382508 0.2736730743917516 0
4855 0.1621591769299102 0.3397213425341838 0
4856 -3.784244858889845 -1.897411966385567 0
4857 1.037694852709 0.949944274794897 0
4858 0.9682778584533327 1.013805598543321 0
4859 0.08413632627051426 -0.07803431488982343 0
4860 0.08455484426658413 -0.03248133201223482 0
4861 3.86158267768359 2.504292462974981 0
4862 3.94310770706839 2.695418288071584 0
4863 -1.34365690305928 -3.468043748091807 0
4864 -1.455013410257654 -3.322323048105563 0
4865 -1.524267283246542 -3.486772776103204 0
4866 2.728807945869735 -3.381550713096121 0
4867 2.93259836390938 -3.361904555198768 0
4868 2.802393233868917 -3.201510481347791 0
4869 -0.2004553351896277 3.217415890598252 0
4870 -0.1168377032195171 3.358495228681657 0
4871 0.2233313383180424 0.3056088757043626 0
4872 0.1856343994810893 0.2873956645973821 0
4873 0.2175896264343729 0.2679797710893232 0
4874 -3.461383465958782 -1.403880891752241 0
4875 -3.50001583815452 1.426934058070692 0
4876 -1.307895793273153 1.173117351870546 0
4877 -3.786084531153954 -0.6463123156044021 0
4878 -3.607268570588276 -0.6487019566826427 0
4879 -0.4899959108518523 -1.297136353093525 0
4880 1.396395261128103 2.759048489819297 0
4881 1.233522573002085 2.720528924116482 0
4882 1.400849166801561 3.394184970202043 0
4883 -1.400043582698155 0.9822390415883484 0
4884 -2.610113966167834 -2.229343650373087 0
4885 -2.678593345049505 -2.05203100886279 0
4886 1.202871807180069 0.1966106221868741 0
4887 1.250198027579828 0.1007964157145257 0
4888 3.152077446428896 -3.336976871828571 0
4889 4.132272831505074 -3.928499030346302 0
4890 4.376087441779353 -3.922185605093708 0
4891 -0.257010494294784 -0.2227712836456617 0
4892 -0.2209256798412841 -0.2118588481552963 0
4893 -0.2526473968689352 -0.1858373236791384 0
4894 -0.6178970989302411 0.03207774365965686 0
4895 -0.227452900543074 -2.003617146438107 0
4896 -0.1209562826109444 -0.332268738905672 0
4897 0.05422321536464929 -0.4200815945090168 0
4898 -0.8824747217097363 -4.563627593384489 0
4899 2.104907075679944 -3.103806905327114 0
4900 2.02092395717222 -3.284320569706726 0
4901 -0.8466569783069134 0.2856207456482284 0
4902 -0.8725960862967652 0.2154728006417323 0
4903 3.412331312825856 1.459737063663961 0
4904 -0.2555667092407327 0.641343308560463 0
4905 -0.2277952400553906 0.9634857866899942 0
4906 0.9766897640862826 3.616503242818748 0
4907 0.8250795338357169 3.755418460631865 0
4908 0.7852524587585397 3.584068980477256 0
4909 -1.493772373857785 0.7911216011771031 0
4910 -0.05712724531080449 2.955717834772772 0
4911 -1.261961626725354 -1.302923501714962 0
4912 0.5855755586503273 -0.1033174934466877 0
4913 0.1954106769226029 0.5598932250643051 0
4914 0.1861662245127996 0.5859152855223805 0
4915 -3.140513342845027 -0.7854624485550795 0
4916 -3.210507188496843 -0.9392783264601934 0
4917 -3.879365750737444 -0.8205372350547575 0
4918 -3.985593832125899 -0.6501987023852114 0
4919 3.802573726894661 -3.78962512177221 0
4920 3.715905134692946 -4.007161928683928 0
4921 3.943708990002078 -3.97867308392948 0
4922 2.810769934901683 -0.9034630421808408 0
4923 -0.8317118411665382 0.3621620210633707 0
4924 3.20640384858409 1.941274732518418 0
4925 -3.018306923288341 -3.604033946225741 0
4926 1.585037908350204 -2.217028358583379 0
4927 1.52399455025876 -2.354639242547496 0
4928 -3.001538232922347 -0.4813431017154706 0
4929 -3.065783975338291 -0.6304287236320075 0
4930 0.002407483480181737 -1.972355197513962 0
4931 -0.633685307739535 -0.08404691150956081 0
4932 0.7192216416579911 0.6051132460739166 0
4933 0.6822946704767822 0.5413636368099233 0
4934 3.879543761416298 -3.605412754211217 0
4935 0.1471409716200791 0.7156428112109099 0
4936 -1.679408467479758 0.410614972734847 0
4937 -0.1845190321547152 0.3581816455606956 0
4938 3.839792961660426 3.71455006091608 0
4939 3.905647135465584 3.932389451524654 0
4940 2.133436383875133 -4.819107389020512 0
4941 1.690412006671229 -0.1214546732581498 0
4942 1.731146322794623 -0.003990343836066459 0
4943 0.8243628132998438 -0.6605554165927146 0
4944 0.8262775792502037 -0.740080341215368 0
4945 0.5419200999901701 0.468041393621779 0
4946 0.4861902753786211 0.4839048198464275 0
4947 0.4469626904237832 -0.9007335691945879 0
4948 0.5008116563293699 -0.8587958390291781 0
4949 0.4414503321915365 -0.8359189292550215 0
4950 -0.2991741542049772 -1.354832853029531 0
4951 -1.075379078434973 -2.848504350559184 0
4952 -0.9737800300928796 -2.968787583252362 0
4953 -0.1946165173503548 1.242020839054295 0
4954 0.2799508976007429 -1.469635739446548 0
4955 0.3648041722478494 -1.459490536729816 0
4956 -1.217530045164087 1.361201616821748 0
4957 -2.870729092183972 -0.1873460749516207 0
4958 -2.932460888569768 -0.3352414939648459 0
4959 3.476002547234095 1.642080487149606 0
4960 0.6048747168476434 -0.2288923851134072 0
4961 -2.903122810865912 0.3634722952789508 0
4962 -2.984664802876012 0.4981295520583667 0
4963 0.02510123223695627 0.4862898817060983 0
4964 -0.2058730567739704 -0.342547504971938 0
4965 -0.1973412288596266 -0.3095313953734441 0
4966 -3.076922094649198 0.63665565066319 0
4967 -3.16534999256189 0.7756993486446334 0
4968 -2.182066935774339 0.112860834208875 0
4969 -2.120299363606982 0.2246867997891449 0
4970 0.07750275133822594 -0.7206580544246188 0
4971 0.07572121973387652 -0.6911877618288496 0
4972 -0.8017152565849697 -0.1722320856788093 0
4973 -0.7425697681504539 -0.1265774928955782 0
4974 -3.525724581457967 3.252742510238338 0
4975 -3.729228034583847 3.247095574060626 0
4976 -3.608679935179602 3.068749589802274 0
4977 3.350869411395375 -3.844547309851729 0
4978 -2.498046402920691 3.589662524407085 0
4979 -2.696460322028575 3.594879031751931 0
4980 1.559222033782234 -3.502917531201708 0
4981 1.471881982141529 -3.681146165956217 0
4982 -0.001602756012058271 -0.5004845855825242 0
4983 -2.512017521212242 2.573059081195505 0
4984 0.8056870517381856 1.042497264224112 0
4985 -0.5873850175092188 2.971268579188585 0
4986 -2.754264666625724 -3.944528018139336 0
4987 -0.4355865849248979 1.557056435470066 0
4988 -0.9198705692365162 1.2540426105072 0
4989 0.06811887391842097 -0.1117458070535619 0
4990 4.051275462734189 0.117558252085296 0
4991 -4.01505237141061 0.9818251265962689 0
4992 -1.562960162033103 -2.904878272803749 0
4993 -1.730681035317573 -2.903100092068757 0
4994 -3.103177442471325 3.249900288114709 0
4995 -3.308656937071795 3.249701411564089 0
4996 -3.199696987453251 3.074595402530606 0
4997 3.612486492270109 -4.805194681731994 0
4998 -4.795780748060754 -3.603718120240342 0
4999 -1.703893948967414 -3.505101818230323 0
5000 -1.885244817968799 -3.503122266775511 0
5001 -0.06161592567791053 -0.7708092380537886 0
5002 -0.03220470976774462 -0.7904067701802642 0
5003 0.2064287676446374 -3.056782588699351 0
5004 -1.858708754539441 1.177933734263988 0
5005 -1.749773150301806 1.15675172265687 0
5006 -1.266735652419472 3.788432874566718 0
5007 -0.210160087883072 1.657243154296442 0
5008 -0.2668349931058395 1.71078164435404 0
5009 -0.2965456220850075 1.622206919326846 0
5010 -0.5794425166544735 1.321952320916175 0
5011 -0.646138288307567 1.297819198784448 0
5012 -0.6011845485674785 0.1485324249018375 0
5013 -2.737028889887029 0.09723468507044718 0
5014 -2.815391643888804 0.2307299553643458 0
5015 4.817660405377083 0.392470417981364 0
5016 1.079871371573984 2.678492598992142 0
5017 -2.297906574823329 -0.1262915431624326 0
5018 -2.217113775193821 -0.2301308529699234 0
5019 0.5710998490754104 -2.84691134625468 0
5020 2.744449249028063 -2.391112647448548 0
5021 2.929886149579345 -2.359585861428572 0
5022 2.815930764406422 -2.219987606164528 0
5023 2.543022711890872 0.7202370400564979 0
5024 2.588017829140443 0.8671634576628933 0
5025 2.432095173693821 0.8380404151756843 0
5026 -0.01462134309248846 -0.5053581869708044 0
5027 -0.01512215306018895 -0.5012380739910802 0
5028 -0.9621908411143586 2.754402977095318 0
5029 -0.5175140355186476 1.354703182459645 0
5030 -0.5699219373364911 1.404702630331441 0
5031 0.8500875344103285 -0.8216315412671014 0
5032 0.8585269606744821 -0.9020036156928712 0
5033 -0.7604529120656807 -3.689777854137064 0
5034 -0.6194522562846825 -3.846954091797807 0
5035 -3.623461952058667 3.816403986909888 0
5036 -3.749386230463302 4.031911411802991 0
5037 -3.793944052542666 0.626611815822713 0
5038 -3.704844962230211 0.793084563936116 0
5039 -3.896547081214601 0.7996958165900647 0
5040 -0.1008853380234424 1.528380018181914 0
5041 -0.01858864747216111 1.546053855358583 0
5042 2.241249971034611 0.6618901001294828 0
5043 2.287693196306873 0.8014494301906168 0
5044 2.141843110897236 0.7722255327508105 0
5045 3.121422403366044 -2.333052781446006 0
5046 3.316446362057863 -2.295076721666157 0
5047 -0.001715832665808808 0.5037775508400167 0
5048 -0.003574836560372162 0.5053158131040116 0
5049 -2.492472224671061 -4.280736870400979 0
5050 -2.300561952638418 -4.24605849304445 0
5051 -2.679818540793246 1.652964971095841 0
5052 3.272987758641102 -0.5067690756841889 0
5053 3.895954321164884 -1.228595759032345 0
5054 4.014674399685454 -1.399521485684112 0
5055 3.70111139912248 3.274217809564447 0
5056 3.76431679426507 3.501302093638772 0
5057 3.55707659748233 3.447960044769363 0
5058 -3.93215407430322 -3.700857663320146 0
5059 -3.98994024238523 -3.944117138140515 0
5060 0.164423612319832 0.3131498062811451 0
5061 0.1586819004361625 0.2755207016661058 0
5062 3.513885487597646 -2.267606683604447 0
5063 3.713932227860229 -2.224933821190724 0
5064 3.983827763300577 3.540807825711163 0
5065 1.773038816903247 1.557138508019674 0
5066 1.815607950610507 1.705429417126595 0
5067 -0.05288279568408963 -0.4893423323661802 0
5068 1.970494511965444 -0.1752204552472511 0
5069 2.015989818094574 -0.312335727634804 0
5070 3.010932516443267 2.927190230583308 0
5071 3.151284909334124 2.774628337622373 0
5072 3.215572190271896 2.968092163125974 0
5073 -0.5686349137778727 0.3762012509611536 0
5074 -0.1427405608387257 0.4545523392189377 0
5075 -2.026464284584013 0.60366237017322 0
5076 3.424897892751246 3.018203015430038 0
5077 3.639467356548268 3.058370634123147 0
5078 1.380244693070753 -3.826178626910577 0
5079 -0.01997189961005455 0.4766853317260386 0
5080 -0.02161859404048077 0.4711129531049653 0
5081 -3.490542144554476 -3.297317501463636 0
5082 -3.603495940311117 -3.106051807695902 0
5083 -3.692515434785359 -3.303582199682511 0
5084 0.04046879926502972 0.4960785492376741 0
5085 0.04824805921244937 0.4998981199833949 0
5086 0.04332981369907127 0.5061820230241599 0
5087 1.456541344920167 -2.498703808284779 0
5088 1.303281137315282 -2.517716249679971 0
5089 1.383707633111026 -2.646275193480915 0
5090 2.332688313556445 0.948375847797012 0
5091 1.683919261161571 1.274015834588773 0
5092 1.723922135432089 1.414610104266659 0
5093 3.274840448956696 -0.9801063475114811 0
5094 3.207372869831052 -1.153858205446954 0
5095 3.387213049405773 -1.125941260720979 0
5096 0.09390185316036545 0.6317755080534265 0
5097 0.1206383939712564 0.6295018052193257 0
5098 -0.007305984047513377 -0.5171409589291929 0
5099 -0.004947837257368148 -0.5211816414457267 0
5100 3.392703968628934 -0.1615892025430313 0
5101 -0.6657498280764518 -0.3139967483688527 0
5102 0.05113253768145279 -4.826141048304139 0
5103 -2.883905709187549 -1.652849596108775 0
5104 3.516274433737122 0.1922067768062118 0
5105 1.757902368767964 -0.8299197657211597 0
5106 1.835447193794505 -0.9287460622006579 0
5107 3.336126045498365 2.299280321869539 0
5108 3.547611668980844 2.332772631073191 0
5109 -0.4044135268503994 -0.1885055883260378 0
5110 -0.3612854302693539 -0.1816761030145991 0
5111 3.952534607102355 -3.418844203908243 0
5112 4.002307235113495 -3.231099014895163 0
5113 3.778482568639944 -3.261944042391593 0
5114 -2.002064219440475 0.2138886347632931 0
5115 -2.067513309669833 0.3253799911237083 0
5116 -1.963279155313616 1.185856572632208 0
5117 -1.896097646218855 1.083029957096886 0
5118 0.8539295947494057 -0.9796846224356758 0
5119 2.8795036701039 3.067343459967145 0
5120 2.934783254309521 3.273492313742678 0
5121 1.750452819378311 -3.48366067797377 0
5122 -3.41835133681936 1.93519366202646 0
5123 -3.618178185751169 1.888985895063434 0
5124 -4.443642513153558 2.142730350963764 0
5125 2.647980798072537 2.323698699333509 0
5126 2.703268880194748 2.496736484673536 0
5127 2.524260459094519 2.453532947466412 0
5128 -2.037344916639744 -4.834101335030585 0
5129 -3.049650323529757 1.945495271599811 0
5130 -3.225067906506935 1.93888614503364 0
5131 -3.12614629298618 1.78737700568393 0
5132 -0.6763199475411602 1.151186427185671 0
5133 -0.2091896447020841 0.06790126474811803 0
5134 2.42547807163194 -2.745984159955145 0
5135 -0.1726454087352714 -1.33268144002383 0
5136 0.01568750156897221 0.4953895713786403 0
5137 0.01352309614288757 0.4975335434550247 0
5138 -1.224169113121881 -1.878945396293531 0
5139 -1.298493331159346 -1.784035610207283 0
5140 -1.351099466238325 -1.897513177154677 0
5141 1.999670048562022 -1.912929472896752 0
5142 2.150801991997739 -1.886136133211022 0
5143 2.05552417762904 -1.769601254476075 0
5144 -0.5332396762228022 1.002017433167247 0
5145 0.1004498686640606 -0.6203501275794407 0
5146 0.08993040406604641 -0.5995014179899828 0
5147 0.08198093138030629 -0.6248096552576783 0
5148 -3.521685208216561 3.616055306463196 0
5149 -3.748049424704318 3.631437174943382 0
5150 0.430011513884508 2.581313023218 0
5151 0.3701258850082452 2.700652963692855 0
5152 1.778350644616148 0.111403300245528 0
5153 1.8186777856934 0.2316455431822996 0
5154 0.5334334243695794 -0.6490284796667616 0
5155 4.37768297672527 -3.310557930214064 0
5156 0.2239346188180552 0.5504896981432248 0
5157 0.01664700109630249 -0.489022658172456 0
5158 0.01848199602853565 -0.4934186357220104 0
5159 0.02101761270880736 -0.4907421026650283 0
5160 0.003584676543133827 -0.4998530991703515 0
5161 0.00244742091669266 -0.4999709873490672 0
5162 -3.843543723385054 -3.493976827320078 0
5163 -3.668171989946885 -3.701728729450312 0
5164 1.865800376322823 1.855511427193747 0
5165 1.911215229928385 2.00811598536139 0
5166 0.2184824839187274 0.2286762696684762 0
5167 2.763096888361113 2.680148568943072 0
5168 2.815216389166128 2.873879634463543 0
5169 2.631668042021746 2.82030179832691 0
5170 -1.808634126573827 -0.06885051838164861 0
5171 -1.856983575707638 -0.1737431854669819 0
5172 -3.037698073274057 -2.701766756034139 0
5173 -3.111834622177495 -2.884991549660787 0
5174 -2.920577469988135 -2.861771383769811 0
5175 -0.3563267150746268 2.122929533584798 0
5176 -0.8698437404814445 -4.051505955109886 0
5177 -0.739783863297896 -4.222961925663745 0
5178 -0.6712209091534099 -4.035772377241984 0
5179 -0.8698507398576831 -3.097901976572698 0
5180 -0.7668485674391973 -3.225013993023191 0
5181 2.074445556175471 2.044522783389453 0
5182 2.187705314562267 1.920706561902525 0
5183 2.24024894059048 2.074687832847899 0
5184 -1.447838784109259 -2.372599456093338 0
5185 -1.536204006312857 -2.253281732942827 0
5186 -1.594722080696683 -2.386146777435837 0
5187 1.726232849614867 2.843263124952892 0
5188 1.845300116886613 2.715318747904527 0
5189 1.895514266467543 2.880620679430631 0
5190 2.867734774777818 -3.026317400335549 0
5191 2.663944356738174 -3.045963558232902 0
5192 1.515185247174872 2.637290024229646 0
5193 1.557228713987168 2.799719659016438 0
5194 1.599072711501936 1.005125342088495 0
5195 1.63785714535195 1.137630416396216 0
5196 1.682984093870953 -0.4317127777852526 0
5197 -4.048295631142778 2.597408612689615 0
5198 -4.062672561103371 2.847093310058538 0
5199 -1.118902783909796 -3.756685034710636 0
5200 -0.9927826393190797 -3.898188169829262 0
5201 -0.9274009309276747 -3.722813271569499 0
5202 -0.1103535484036152 0.6051279247692284 0
5203 -0.112453528066206 0.6354898110724621 0
5204 3.676146366593815 1.676035461078202 0
5205 3.901615843278696 1.716894932257902 0
5206 -1.644448026188715 3.760175159928008 0
5207 -1.72210473223222 3.59085672449246 0
5208 -1.223839146610927 4.323282976886777 0
5209 -1.1016112959673 4.138800452375893 0
5210 2.768866666908683 2.188368293796653 0
5211 2.952775114563072 2.226720013483047 0
5212 3.53439050657452 1.829966648539969 0
5213 0.1422334933478758 -0.474702071989966 0
5214 0.1318975181429751 -0.4979531477398053 0
5215 2.411240537974792 2.115683386743678 0
5216 2.589858245808454 2.145164756589529 0
5217 2.9659155888119 0.6614415229187407 0
5218 2.698852138707711 3.795078512161495 0
5219 2.752252982802263 3.991650327745263 0
5220 2.555991957562332 3.914720664185482 0
5221 -0.3530144813917026 1.767700637316345 0
5222 -0.4169814418913435 1.709853902949551 0
5223 -0.2317991811524332 0.1787548785915082 0
5224 -0.7148321520318414 -0.2742230054117531 0
5225 -0.7245431313329267 -0.3305269133810736 0
5226 -2.074058544667582 -0.6090800292161344 0
5227 2.385464689270649 -4.118714329076179 0
5228 2.592813529715814 -4.107316598643224 0
5229 0.4519921712409471 -1.449413709860079 0
5230 0.5420213211837348 -1.433167927108646 0
5231 0.4867298702308383 -1.368787335577648 0
5232 -1.811103006047279 3.418426664895537 0
5233 -3.341855367362938 2.093311927942342 0
5234 -3.248790747947712 2.264460323765745 0
5235 -3.442074178260137 2.260767840758565 0
5236 -2.408476290677019 -2.477588208025622 0
5237 -2.514538882899828 -2.333581856878113 0
5238 -2.584804285578811 -2.485577920683254 0
5239 4.153583783437334 2.750780369375888 0
5240 -2.768653899443159 -2.510059079839453 0
5241 -2.952798613513094 -2.5179141612576 0
5242 -0.8866692985016156 0.1373565725531299 0
5243 -3.144055765702454 -2.541134327148577 0
5244 -3.346024413739728 -2.563289796691818 0
5245 0.3222484441932301 -0.242331826407152 0
5246 -3.624999999998318 4.82503094297338 0
5247 0.06756036713561955 1.566690032534469 0
5248 0.1546544509759157 1.585781412235984 0
5249 -3.42920503647604 3.42804739582244 0
5250 -3.304617563830389 3.613014207788946 0
5251 -1.769304591021745 -0.472268667666835 0
5252 -0.6672562780680389 -1.038797678686623 0
5253 -0.6713390920029307 -1.109956625710226 0
5254 3.846707553331008 3.111712682992556 0
5255 1.647874603948063 -1.48007186394176 0
5256 1.775328136444815 -1.456046027709463 0
5257 1.694260562684924 -1.355761435227414 0
5258 2.250634776400393 -3.609055328535749 0
5259 2.166540601172695 -3.790351323062102 0
5260 -1.613689599028327 -1.933114908657749 0
5261 -1.768455544836168 -1.923629469595711 0
5262 1.866455783394198 0.3535497575127603 0
5263 1.906965513760777 0.4761543662325654 0
5264 -3.198118334485903 -3.072391643436743 0
5265 -3.274643981258696 -3.267491417152911 0
5266 1.23992369904924 -1.861766296651582 0
5267 2.308945740605585 -1.864903223836104 0
5268 2.46963330942059 -1.833655997916961 0
5269 1.577519760356782 -3.806739077804944 0
5270 1.872400397251467 1.447849088556759 0
5271 1.976053300641195 1.33184194318321 0
5272 2.025169982112353 1.474370346936224 0
5273 1.607442863568098 2.965021590542543 0
5274 1.651766423903194 3.136453648208281 0
5275 -0.5843118278722181 0.2637225538751588 0
5276 -0.03910986826246465 -0.5097488532277381 0
5277 2.844729937592823 3.649169373559862 0
5278 2.282153862718052 -3.088320521082276 0
5279 1.058443230056792 -3.094653601131887 0
5280 0.9733591769487968 -3.272981143660317 0
5281 3.28454549986039 3.170764908390973 0
5282 3.937952283584716 1.934000270130448 0
5283 -2.404870455570753 -2.966082597966736 0
5284 -0.2666289471897671 1.80273687228594 0
5285 0.07739517864575049 -0.4404793385632434 0
5286 -0.2293362578768671 -0.7881007122740384 0
5287 -0.8103024712214837 0.8466236344501539 0
5288 -0.8769970549078941 0.813802735376713 0
5289 -0.8108988933237367 0.7683577408327851 0
5290 2.775568077452042 -3.737846793601705 0
5291 2.909546015099553 -3.902364726716556 0
5292 0.009184117693629605 -0.9772788846893098 0
5293 0.04669613046583479 -0.9979714030683089 0
5294 0.04267377876216923 -0.9521681160324686 0
5295 -1.087832495149183 -0.2390455154757468 0
5296 1.145564662077996 3.65594021171994 0
5297 0.1342771369110563 -0.7178111494791144 0
5298 0.1612690057496547 -0.6996322361283418 0
5299 1.76229502403217 -0.2110505520601532 0
5300 0.3866297183688028 1.231954400842552 0
5301 0.3089709483949224 1.208457679281989 0
5302 0.4716195175096998 1.265742432119712 0
5303 0.4091377285311062 1.319239072853883 0
5304 -0.4626126937263174 0.7299028522303534 0
5305 -0.5205620097426482 0.7142047828100242 0
5306 -0.09107655402037185 0.4347953272006253 0
5307 -0.07590826909260706 0.4535096564585546 0
5308 1.732540866898271 -2.201882328989601 0
5309 0.1953074653366852 -0.2985775776295343 0
5310 0.2030459226112274 -0.3310655222203687 0
5311 -3.81517251191853 1.881749178165436 0
5312 -4.026724105088038 1.899038817094443 0
5313 3.438916267314167 -2.450174704685749 0
5314 3.379550927559797 -2.627727627280625 0
5315 3.57699005309958 -2.600257589218915 0
5316 -0.8007850357495153 0.6223327826431873 0
5317 -0.815232371074788 0.7033795939561864 0
5318 -3.38977177028568 -0.9535753778627698 0
5319 -3.287628883750997 -1.093857625222908 0
5320 -3.772960743745169 -2.251171135065424 0
5321 -3.657465036365964 -2.416264260980213 0
5322 1.971709504434941 1.740459502376925 0
5323 -2.797192911529056 3.071421249677968 0
5324 -2.893249383925887 3.245892413698481 0
5325 3.574988045882103 -1.109854307805698 0
5326 3.765937434939774 -1.073633368889534 0
5327 3.645630017589089 -0.9159684638693418 0
5328 0.3522310277165523 -1.028751729299492 0
5329 -0.03973444506486598 -0.5194230144175991 0
5330 0.6352203024944622 -1.422083633475474 0
5331 0.7270038726660689 -1.403799194548982 0
5332 -0.01193044014404585 -0.4920303767718435 0
5333 -0.6569891917181707 -1.783568806360598 0
5334 -0.5551201246333828 -1.764384831359817 0
5335 3.920209211120041 -2.185630327715578 0
5336 -1.748924688092136 -2.399460103501244 0
5337 -1.908104946621508 -2.408701125956045 0
5338 -2.309309466761779 -2.602152722795194 0
5339 -2.340912136921935 -2.786349206178262 0
5340 -2.171479910327712 -2.758917657142693 0
5341 -2.985833499516498 -1.517492762280082 0
5342 -2.197396665664649 -1.513802518055647 0
5343 -0.3625155096333675 0.7787670243099474 0
5344 -0.4087624643801311 0.749919492532042 0
5345 -2.07066253006329 -2.430016136477277 0
5346 -2.239044064082795 -2.450156658990053 0
5347 3.842632376113763 -2.383401173148893 0
5348 -0.141005174732947 -0.6009824071645276 0
5349 -0.159880442462613 -0.5804198886370167 0
5350 -1.008222926591378 -1.64335399646077 0
5351 -0.02582536558706402 -0.4805381003682389 0
5352 -0.02313937823779508 -0.4849727855899637 0
5353 -0.3690869700774147 -0.2553716560013396 0
5354 -0.4026983139865896 -0.2249833822048859 0
5355 -0.4072072531378798 -0.2620981057730655 0
5356 3.049940887987685 -2.504177822730026 0
5357 -1.134771680430166 -1.470334037510569 0
5358 -1.772666330261974 0.2188258331356684 0
5359 -0.4166601996577058 -0.3010473129502135 0
5360 -0.09328520179522763 -0.7909179953776295 0
5361 2.652313412234574 -3.567948529508308 0
5362 2.522108282194112 -3.407554455657331 0
5363 -0.4945714668837654 -0.5570181121831563 0
5364 2.980113917557614 -0.8769524334746446 0
5365 3.154834488049625 -0.8424391026249808 0
5366 -0.2935355107276493 1.333325228066541 0
5367 0.1565296031651786 1.661612031595432 0
5368 1.94370219678545 -3.464886562049467 0
5369 2.132877564628605 -3.443592392659239 0
5370 -0.09434716638587791 0.5462972185050334 0
5371 -0.1018075695101364 0.5306526009585724 0
5372 0.8279801985648431 -1.394824734367021 0
5373 0.9293718393039719 -1.3826946367882 0
5374 0.8617178012559684 -1.303842577394412 0
5375 -3.812173513356963 -1.4220022623963 0
5376 -3.924372494844172 -1.574640938012645 0
5377 -2.605081228233517 2.733738631046799 0
5378 -2.694983501896213 2.90201984947223 0
5379 1.963758855956598 2.162097256306765 0
5380 -0.04560748297620329 -0.5514647147813526 0
5381 -0.05586748240537825 -0.5449135261670628 0
5382 -3.23792070752479 -0.6439623541769837 0
5383 -3.059608705638349 2.259093160952082 0
5384 -3.159827516535548 2.426549073768306 0
5385 2.297980779587996 2.239499608230606 0
5386 -1.240018865238364 -1.678459840483644 0
5387 2.404351070422324 -3.242091519780821 0
5388 2.476405608125 -3.067385640546598 0
5389 2.327856536787163 -3.428489336193008 0
5390 1.62764547085176 2.519979406279361 0
5391 1.777221599970687 1.168935266611187 0
5392 -1.870884783858699 0.021005956035882 0
5393 -2.773707011929368 1.799443286978221 0
5394 -2.865383191812414 1.948903672725143 0
5395 0.6795629015007438 1.165546639901208 0
5396 0.02445061265203792 -0.4652013856801964 0
5397 0.02630590871823957 -0.457326720833471 0
5398 3.717352607602483 0.2287847069530264 0
5399 3.913711419543352 0.2728126651347241 0
5400 0.7131941440497251 -2.817730318848518 0
5401 0.1180125083848379 -0.6320534696246008 0
5402 0.125961981070578 -0.6067452323569054 0
5403 -3.363663475732939 -3.46502180913952 0
5404 0.5556619529645078 1.290320206288565 0
5405 -0.6652329042815586 0.8944308429802341 0
5406 -0.7311527962229836 0.8689753506507302 0
5407 -0.6782844176959011 0.8266341322357299 0
5408 -2.66259130722035 -2.654065430986962 0
5409 -0.2852303268439113 0.6700916021166481 0
5410 2.88681722733913 2.55031432081017 0
5411 1.237615682067624 -2.371729361254285 0
5412 1.164781970258482 -2.51930074645042 0
5413 -0.002755137331746735 0.5160456588651759 0
5414 -1.592537441769041 -3.650822518216568 0
5415 -0.9669935809230383 -0.3407952151117158 0
5416 -1.022141536103721 -0.2880853240319494 0
5417 1.036616219223113 -1.370106683206972 0
5418 1.14705587021781 -1.348400601442361 0
5419 1.073549092989794 -1.27000639805098 0
5420 0.0007400110771487384 0.5007353372568966 0
5421 -3.732133123842724 2.082382728037164 0
5422 2.007568139476748 -4.633175628992037 0
5423 0.2077984711793614 0.7545978151985325 0
5424 0.1646288324972341 0.7519419219636128 0
5425 0.2492269365288448 -1.545062300739946 0
5426 3.655179300558301 0.05008276341662483 0
5427 -3.090462898845196 1.215977260237513 0
5428 -3.172153535407694 1.070748742574304 0
5429 -0.8565334986527262 -0.4337793008943417 0
5430 -0.8453909262828735 -0.363671008289281 0
5431 -0.9086856584874885 -0.387132978753059 0
5432 -0.1109102807097683 1.818435376379449 0
5433 -0.1018942061882714 1.740589573656886 0
5434 1.852120823910817 0.01569323014732958 0
5435 3.96659629287187 -1.03470991509599 0
5436 0.1223338197139579 -0.01103455200038626 0
5437 0.250628933429018 -0.6291918924260016 0
5438 0.286832194405576 -0.6033204769968737 0
5439 -1.035810862527741 -3.123966562518347 0
5440 -1.103142301181468 -3.278337487966424 0
5441 1.449022487859297 -1.397393995427103 0
5442 1.401089299474759 -1.5134600892649 0
5443 1.518873841803635 -1.495853365297509 0
5444 -0.0823360365089483 0.6376608137198975 0
5445 1.257613344757456 -1.331650517840431 0
5446 1.369809774480114 -1.303871432319551 0
5447 -0.4935910044244923 -3.326203623690671 0
5448 -0.331631378816203 -3.295836122617893 0
5449 -0.9514100191216215 -0.6734240269624567 0
5450 0.1246891219858529 -0.3018150523579568 0
5451 -1.656424852152234 2.752765802093009 0
5452 -1.922172062005444 3.575786812165699 0
5453 2.460161304535803 -2.272788001880835 0
5454 2.563620803349146 -2.41493403512337 0
5455 -3.00220933354443 3.420998422731964 0
5456 0.04289004864057538 0.4517962716390199 0
5457 0.03854904418078209 0.4609616413254437 0
5458 4.361805769412015 -4.772231446998394 0
5459 4.111805769411709 -4.772231446998394 0
5460 0.8997601209680737 1.091850900085128 0
5461 0.9985933006895105 1.124141941536553 0
5462 -2.709181456344307 -4.334400887068712 0
5463 2.925656286726044 -1.034533900943653 0
5464 -0.1672438461637312 -1.065648063198659 0
5465 -0.2166658131929359 -1.098051416970549 0
5466 -3.315238937771825 -2.912387015701071 0
5467 2.677576188522068 -2.554532290387415 0
5468 0.2878750396939722 2.839343191784337 0
5469 0.2193862982447389 2.956963954596779 0
5470 -3.15314678302415 0.488866496121977 0
5471 -3.094113995665474 -0.342827021503287 0
5472 -4.375095523328476 4.810069774777388 0
5473 -4.12509552332817 4.810069774777388 0
5474 -2.89200808321994 2.905392878875489 0
5475 -0.8221987995906586 2.443682992602824 0
5476 -0.8741325875578323 2.333591196432167 0
5477 0.845255601084021 0.1388679924570979 0
5478 -1.163962052794391 -3.442452078272519 0
5479 -1.23321592578328 -3.606901806270161 0
5480 -1.061345593463566 -4.085377718251022 0
5481 -1.251101401007381 -4.107581547945426 0
5482 -1.128162502169745 -4.26089933322605 0
5483 0.1241938720789268 -0.4551149671380263 0
5484 0.1100907299919169 -0.4371820450674421 0
5485 1.791989444450385 4.225810908610725 0
5486 4.108729407853879 0.3037102236565806 0
5487 2.696521780237443 -1.644678425392913 0
5488 2.75401567299117 -1.490678499696285 0
5489 1.429124990893477 0.3349627069330761 0
5490 3.334674667624346 -0.8145221578990054 0
5491 0.008404115373408912 0.533866425733585 0
5492 -4.104151461723065 0.8153523784828658 0
5493 -1.56416240954093 3.93549898745315 0
5494 -1.752888171542599 3.923540699287765 0
5495 1.525375880008412 -1.174021825120999 0
5496 1.563971132276524 -1.064450598701677 0
5497 1.127261552807197 -1.647930236201561 0
5498 1.066693063384069 -1.763090077219767 0
5499 1.175605552944666 -1.755256047179473 0
5500 -3.496253262398513 -0.8078234636870019 0
5501 -3.573374957652667 -0.962402762449716 0
5502 -2.96430480533317 2.100412812074853 0
5503 -4.803683989459229 -4.371728238369247 0
5504 1.683228296333949 -0.7366824683776103 0
5505 1.722877488971892 -0.6298072332177629 0
5506 1.604421046054503 -2.483198186348439 0
5507 -0.246813086119535 -0.1461560806772204 0
5508 -0.2828979005730349 -0.1570685161675857 0
5509 -2.498584811919743 -1.982323441121347 0
5510 1.48759431680899 -1.28626470835216 0
5511 1.338668932887317 3.695914945106847 0
5512 1.20962110997278 3.827827456360266 0
5513 -2.973158324273857 0.2175980576025487 0
5514 -1.841646638717621 -0.3743677255274734 0
5515 -0.2909704933759114 0.6313880371147911 0
5516 2.253091611538566 -2.008231442256781 0
5517 -0.07664488965204222 0.4056455088273446 0
5518 -0.08072987407858748 0.418842904917981 0
5519 -2.696734966565824 2.575311928818458 0
5520 1.220680470990775 -1.431750802996424 0
5521 0.8841596658505406 -0.6209639858533593 0
5522 0.1489238906811107 0.07084048293578395 0
5523 0.1405466556550033 0.1197066109933749 0
5524 -1.937822812274122 3.940641117805018 0
5525 3.330898687615771 -1.743247604665454 0
5526 -3.761884260717478 -0.9754344580886094 0
5527 -3.655402768604645 -1.121186372264377 0
5528 1.862406426834696 -3.642932500926282 0
5529 0.4200956232007459 -1.523871128260815 0
5530 2.045140513379456 0.503780752789761 0
5531 1.957224886006294 0.6050398161324808 0
5532 -1.185088053676479 0.03794581539125971 0
5533 -3.890653187972375 3.442682286241467 0
5534 -3.97360854169401 3.258689365805403 0
5535 -1.298268166060899 -2.355236487681899 0
5536 -1.356786240444724 -2.488101532174909 0
5537 2.192388304073593 -2.161762981604433 0
5538 2.350532052681438 -2.140530072229516 0
5539 -3.961393561689422 -0.9793208448694188 0
5540 -4.042573991595405 -1.162520246704213 0
5541 2.136268232269436 0.3930850427637442 0
5542 2.186527604514954 0.5219704926636597 0
5543 -0.6830617621655957 -0.4290641934914027 0
5544 -0.6362264346708493 -0.4642368887837451 0
5545 -1.417286445665917 -2.625627789491146 0
5546 -3.2309973743107 -3.634303822833286 0
5547 -3.101538985161881 -3.80314204423023 0
5548 1.238886438487562 0.2836532508701697 0
5549 0.1078081962983319 1.136716127958531 0
5550 0.04903422643851256 1.115952124091445 0
5551 2.520864612000776 -2.119256462533183 0
5552 0.7946579107140724 -1.482651253942771 0
5553 -0.03175189565285787 0.5102741392589589 0
5554 -0.02351368756984281 0.5155881987058959 0
5555 -0.03124313853876725 0.5174167006943099 0
5556 -1.057228389086131 -1.748931058429702 0
5557 -1.100111743125649 -1.86230952362794 0
5558 -0.9857771541688772 -1.845772752711506 0
5559 0.4222775125810522 -0.3919991635404901 0
5560 1.94710314343314 0.2529910885593848 0
5561 0.07032520356637934 -0.6620124922193009 0
5562 0.06774067173726651 -0.6370319467985897 0
5563 -1.977319656725773 -2.553406163238393 0
5564 -1.370197931007119 1.255705948845228 0
5565 -1.4146907993364 1.160387258643094 0
5566 -2.119569000600293 3.589274263320624 0
5567 -2.311710551081654 3.590874653849257 0
5568 -1.553634039380519 0.8849853264895424 0
5569 -1.599707909444429 0.78942750615836 0
5570 0.7301024096050199 2.340593107545079 0
5571 0.8409857950480615 2.20648450141699 0
5572 -0.069971486106954 -1.027340298112303 0
5573 -0.1176074829956412 -0.9913009493803782 0
5574 -0.1202791172177005 -1.041322202387477 0
5575 -0.9887341942334467 2.015430155380488 0
5576 -1.034741907414313 1.915594678314609 0
5577 -1.660559465888538 -2.518777826651755 0
5578 -2.01015496823992 0.9117382450097308 0
5579 1.732042125884346 -1.243518551996253 0
5580 1.604588593387595 -1.267544388228551 0
5581 -0.7571158543749399 1.547438109985261 0
5582 3.364887881491841 -3.317165574104452 0
5583 0.1475409116138373 0.6224143412572902 0
5584 -0.01290945442787129 -0.5220324340268342 0
5585 -0.01143304290112638 -0.5268695710476761 0
5586 -0.007613220108665632 -0.5252160758258714 0
5587 -3.992429931814481 3.643030966688159 0
5588 2.681830086611324 -2.09411135418711 0
5589 2.332377689924591 0.5511943901034659 0
5590 2.496100522797778 0.5720677111687469 0
5591 3.344558235884189 3.395815421152339 0
5592 -0.759951819689954 -0.2362346002022856 0
5593 0.801431682605285 -0.3679255961755897 0
5594 0.8587387286026477 -0.324851647628527 0
5595 0.7953711189584557 -0.2967791233586747 0
5596 -1.253415308842878 -2.220209658823483 0
5597 -3.321522686687986 0.4791464610562626 0
5598 -3.229265394914801 0.3406203624514393 0
5599 0.555897603442371 0.4097649991166214 0
5600 0.598093174294988 0.4486465466164633 0
5601 -0.1165223720799581 0.5150295357098618 0
5602 -0.1331139356621209 0.4966084402407355 0
5603 1.917880774180582 -0.09063307425144532 0
5604 1.965085096002106 0.02476056983014917 0
5605 -0.867550291915816 -1.827572099395173 0
5606 -0.7589307291757531 -1.811927186892117 0
5607 2.203692348765951 1.254396011737961 0
5608 2.38085298584028 1.234357140410317 0
5609 -1.152717878204627 -1.975787090575334 0
5610 -3.514537083131523 0.7663964684977624 0
5611 0.6004826035045709 -1.502710007757904 0
5612 0.1202764963283726 -0.515556733781224 0
5613 0.1080659582672847 -0.4937293873789715 0
5614 0.1503761600198785 -3.211089146330528 0
5615 -3.194451644390819 -0.1998445018211224 0
5616 -3.263528988743399 -0.3459461095717471 0
5617 3.072843720263866 2.590177822015225 0
5618 0.4271694481828706 -1.164472347068091 0
5619 0.3666179307298818 -1.137078686000195 0
5620 1.599941415563526 -1.596137957779557 0
5621 1.674106427830495 -1.706771232007475 0
5622 -2.85684023887288 1.64750781636772 0
5623 -3.535505888524646 -3.871010743144078 0
5624 -3.446895537606479 -3.664129907144011 0
5625 -0.00700583003614207 -0.50836882908408 0
5626 -0.007495827689147124 -0.5109598195499767 0
5627 -0.005032338806611145 -0.5113119885874593 0
5628 1.76183145607318 -1.814790300876474 0
5629 1.848799858298385 -1.930512815764927 0
5630 -0.1264187273636286 -0.812107849399309 0
5631 -0.09447094611924264 -0.8307496152314039 0
5632 4.192208656722768 -3.183343658266804 0
5633 4.018156618260356 -3.026443496750154 0
5634 0.93063968166849 -0.2895795449279561 0
5635 0.989333028150854 -0.2314929976843202 0
5636 0.9113715114381824 -0.1956186275679761 0
5637 -0.1587491312571788 1.587230070591487 0
5638 -0.1290385022780109 1.675804795618681 0
5639 0.5165106032345906 1.450483179982617 0
5640 0.4272979055669277 1.403436921578816 0
5641 -0.4849046451531767 -0.8938278654857568 0
5642 0.6978039866861127 1.790216925072393 0
5643 0.7007806314064691 1.911352908382042 0
5644 0.5930896305562259 1.880841457718302 0
5645 0.03520468851545384 -0.4538554272300755 0
5646 0.7516418738672693 -1.584410204143162 0
5647 -0.9927013239054679 -3.417195546144778 0
5648 2.049466984480879 0.8743192916191325 0
5649 2.003023759208617 0.7347599615579985 0
5650 -2.146442532716272 -0.3267770942074416 0
5651 -2.09547590090806 -0.202272636440273 0
5652 -1.741142958652605 0.4997559294908736 0
5653 -1.787602776458981 0.4048830531215537 0
5654 0.5846450974666617 1.381419774021797 0
5655 0.6070281730292491 1.478875849873371 0
5656 0.638217022986181 1.577321839614919 0
5657 0.6638266765055267 1.683204948902149 0
5658 -0.8257533050434738 -3.384160128712343 0
5659 -0.6607203001901263 -3.356093165896851 0
5660 0.4543894079807856 -0.9594150789885336 0
5661 -3.256064071515607 0.9183992381946136 0
5662 -3.336118153751053 0.7700924842767805 0
5663 -0.6488327406800007 0.1877849310109269 0
5664 -0.6573271323617076 0.1296353849109274 0
5665 0.01970129660966097 -0.5136945599311404 0
5666 0.7715176773557699 1.713716399565889 0
5667 0.8525493849853916 1.62928879545078 0
5668 0.8865266951659775 1.736300771621023 0
5669 3.862486492270414 -4.805194681731994 0
5670 0.7063515172182522 1.508258433654098 0
5671 0.7693220193852669 1.413626330760359 0
5672 0.8005108693421987 1.512072320501907 0
5673 -1.197142578080591 -2.096553934643781 0
5674 -1.333047978963147 -2.116078687420627 0
5675 -0.1202911141488834 1.904665860969279 0
5676 -0.1898302923430192 1.832048363913466 0
5677 -4.392898396575511 3.1070646026098 0
5678 -4.176921595062195 3.209202641602891 0
5679 1.173148519409462 -1.544298546379811 0
5680 -0.8147935505794738 -4.409789125909768 0
5681 -0.4535794618659618 -0.7425664462381233 0
5682 -3.499941616068457 0.4754504452772446 0
5683 -3.70153885444958 0.4450398347239752 0
5684 -3.59923853695976 0.3004897168324556 0
5685 -2.8009243451759 -0.04655550923131774 0
5686 -2.955231904304822 -0.05593484803235929 0
5687 -1.135916536901645 0.1907208960156661 0
5688 -1.154623245942208 0.1125550419024024 0
5689 2.994795990333321 3.498542826504044 0
5690 1.057898425960767 -0.5302893286191317 0
5691 -1.298597634174685 -3.782276704529924 0
5692 -2.509148314369178 -0.01867151933457983 0
5693 -2.652526077766179 -0.03417654184881427 0
5694 3.030430888372069 -1.160385907994409 0
5695 3.142803488821146 -1.306220821203907 0
5696 -1.074940766639774 2.371855484797294 0
5697 -0.9813080421853011 2.320012616614613 0
5698 1.957441132722439 -1.655639897364273 0
5699 0.08769011124605217 -0.5432075653428874 0
5700 0.1022424496443166 -0.5314246691004763 0
5701 -0.2001694302062271 1.428230778166625 0
5702 -0.1820069236285035 1.509818376859675 0
5703 -0.2580332234399635 1.487080830576198 0
5704 0.008521468955662956 1.626427889089612 0
5705 -1.937157324307719 0.1175525066672696 0
5706 -1.988577732928604 0.01664889279734207 0
5707 0.1908678499665407 -0.6789354813087167 0
5708 0.2172700629232195 -0.651750964335202 0
5709 0.1836783789471906 -0.6404665603911737 0
5710 -2.369474802216051 -0.01721523306654504 0
5711 -3.511234900916461 -2.930343754978799 0
5712 -3.713208191147345 -2.936608453197674 0
5713 -0.822476108263071 0.4374846397755618 0
5714 -0.1943849500212399 -0.2390642040425683 0
5715 -0.1900218525953912 -0.202130244076045 0
5716 1.071557887656933 3.977110383912069 0
5717 -0.7343497869128242 -0.3903089933843684 0
5718 -0.7834321108682137 -0.3505352504272688 0
5719 -0.7259789604860907 -0.9947139888703016 0
5720 -1.470620191093942 -2.132271269082366 0
5721 3.995539587125739 2.95122758885556 0
5722 4.057183629699951 3.16707476429686 0
5723 4.816987298107579 4.816987298107581 0
5724 4.816987298107579 4.566987298107275 0
5725 4.56698729810727 4.816987298107581 0
5726 0.05835829256845785 -1.646306090339396 0
5727 0.1398756733377237 -1.633667530885101 0
5728 0.9320737112927584 0.3246143836523526 0
5729 0.5754959858006286 -0.3920496962988245 0
5730 0.623082873084104 -0.3529387748143678 0
5731 -0.5373091561028583 -0.625998569163344 0
5732 -0.5340211081639425 -0.6804554201533018 0
5733 -0.4931649860275417 -0.6613579396403293 0
5734 0.7885193566246169 -1.224460605785488 0
5735 0.2611987490406968 1.246979699156721 0
5736 -4.353810597898835 0.3225030563873929 0
5737 -4.221813729008704 0.5077497950052702 0
5738 -4.417867882910889 0.4672412255154808 0
5739 0.435785158308044 0.5020937705463708 0
5740 0.004489426256543569 -0.499212205622122 0
5741 -3.369826829713289 -1.248888149110232 0
5742 -3.190562247924451 -1.234591097707655 0
5743 -0.3668465725382356 1.591811283952299 0
5744 -0.3101716673154681 1.538272793894701 0
5745 3.135232533404839 3.345704568848276 0
5746 -3.423823004177805 0.6236965789477823 0
5747 -2.237715370778332 0.003449914893132747 0
5748 -0.6547339557012652 0.9592141336778378 0
5749 -0.7051575098740723 1.007729143492826 0
5750 -2.37423567861566 -2.085709543802883 0
5751 -2.433785971266041 -2.221353937715455 0
5752 1.816667205950639 -1.688375525292807 0
5753 -0.004966919035379529 -0.5072784602190721 0
5754 -0.007430407917915508 -0.5069262911815895 0
5755 4.45636485212539 -0.3541246759869892 0
5756 4.485621726823927 -0.6140949852382731 0
5757 1.944077672667084 -2.047047694499873 0
5758 -0.551810026541696 0.8722250456596935 0
5759 -0.5413110779614027 0.9370083363572972 0
5760 -0.6018655771741828 0.9168729152628375 0
5761 0.4400087165955449 2.820810942885347 0
5762 -0.2154444032835785 1.017897899385302 0
5763 -0.2676450238777143 1.003638347541455 0
5764 1.790511906487983 2.557508549446667 0
5765 1.959793323340659 2.594866103924407 0
5766 0.009920255880851875 -0.5405215045669425 0
5767 -0.3617384188466811 -1.081143746443202 0
5768 -0.3095936018267718 -1.104754936618627 0
5769 -4.448817550952974 0.7148299275206512 0
5770 -0.1071801754453579 0.3466271905566824 0
5771 -0.1153335140821855 0.3745800687052242 0
5772 -0.2478171948064696 0.2785911467705016 0
5773 -0.2675643641903573 0.2498333664395431 0
5774 0.9149241902000051 -0.7779896971247262 0
5775 0.8891697021289362 0.2409225168147395 0
5776 -0.3648347159534676 0.5478552549134327 0
5777 0.8079094618815524 -0.4355906283068623 0
5778 0.8710021944553389 -0.470743797539584 0
5779 0.323873440945879 -0.5787614358084232 0
5780 0.3599747052508799 -0.5488304452412911 0
5781 -0.886573056656397 -3.548274719018438 0
5782 0.6844480701083486 -0.3771753829433966 0
5783 0.690925849384616 -0.4448404150746693 0
5784 0.7445418522373605 -0.40751810403701 0
5785 0.05440089753157591 -0.5630056495867566 0
5786 0.06853495704233259 -0.552284239661371 0
5787 -1.102135034773902 -0.3155259355192306 0
5788 -1.186494125832275 -0.3552910680180745 0
5789 -1.120803166786814 -0.4043308765742772 0
5790 -0.2879252656950487 1.100753884870315 0
5791 -0.2357630392314522 1.117834111871725 0
5792 -0.2683941178205987 1.160537536505278 0
5793 -0.7426805679923582 -1.140700228727845 0
5794 -0.8118381900843441 -1.094556966423279 0
5795 -0.8202471687923529 -1.166849830671875 0
5796 -0.2419382173906595 1.283790569425919 0
5797 -0.2245984366806972 1.355958573242525 0
5798 -1.188941006016545 1.627708752281301 0
5799 -1.232871572185927 1.534514849005824 0
5800 -3.926574004460787 -2.055430686929448 0
5801 -2.110498708381617 0.003784524112987436 0
5802 -0.6824883049103068 -0.04883317364654163 0
5803 -0.690058355038545 -0.1066526936735782 0
5804 -4.818394364351303 -4.818394364351305 0
5805 -4.818394364351303 -4.568394364351 0
5806 -4.568394364350995 -4.818394364351305 0
5807 -0.1246267695773598 3.086434035943497 0
5808 -0.03536750804122618 0.5046821346957782 0
5809 1.864848759589937 0.7071335750008029 0
5810 1.77578158528784 0.8047143040093685 0
5811 -1.017751062327392 0.8483456780395042 0
5812 -0.9311821996794496 0.8391193610276931 0
5813 -0.09608429000358668 -0.6699820955242375 0
5814 -0.1149687805608796 -0.6788819379897619 0
5815 0.1509349990597837 3.654474954763339 0
5816 0.2396258800883896 3.482177501529722 0
5817 -3.291455857003347 2.909352940651818 0
5818 -3.085976362402877 2.909551817202438 0
5819 0.2561794227556806 0.2468894807754567 0
5820 4.818260183861009 -4.818260183861007 0
5821 4.568260183860703 -4.818260183861007 0
5822 4.818260183861009 -4.568260183860699 0
5823 -1.186494835155204 3.957437568612954 0
5824 -2.726549625869167 -2.833798822775436 0
5825 -4.818260183861009 4.818260183861007 0
5826 -4.568260183860703 4.818260183861007 0
5827 -4.818260183861009 4.568260183860699 0
5828 -0.458342956662035 0.7926157609905615 0
5829 -0.4478741273223822 0.8524964340232015 0
5830 -0.5017243566685686 0.832479793721513 0
5831 3.138801607487808 2.266583514688103 0
5832 3.013015712097501 2.406765737745689 0
5833 0.05452928370792293 0.4539515678365071 0
5834 0.4825622275295858 -0.4607492933385731 0
5835 0.5260908600456093 -0.42538036597687 0
5836 0.4766312718296293 -0.4049706259782961 0
5837 2.137242646751078 1.761279874803284 0
5838 -0.585388987646424 0.6343626420578 0
5839 -0.5938717068524553 0.577751801498255 0
5840 -0.1533328728022023 0.02211258409193046 0
5841 -0.1507726752263023 0.06348067749668258 0
5842 -0.1823016483111603 0.04232263215080617 0
5843 0.09037033755632334 -1.023188556824143 0
5844 0.1404572960368847 -1.035336791106165 0
5845 0.1509719718548548 -0.04571886034063458 0
5846 0.1541961030356445 0.008209251683448805 0
5847 -4.404662411029844 -2.389140753207782 0
5848 -4.19395825286129 -2.286948434852268 0
5849 -3.195033456824653 1.637506503479517 0
5850 -3.019615873847476 1.644115630045688 0
5851 0.06309553571098639 0.4235189678137011 0
5852 0.070043620942528 0.4358252783230466 0
5853 1.852766821325771 2.281373181872624 0
5854 1.742138677305806 2.39952676229924 0
5855 -0.7972509578071412 0.9144203451946581 0
5856 0.6474727411761401 -0.1264304272229838 0
5857 0.6386325450437844 -0.06334300609053654 0
5858 -2.044226167932597 -0.09276202651840018 0
5859 1.172849054671798 1.183275947835117 0
5860 1.686037510972243 0.9025623680055229 0
5861 0.2594005093157479 -0.4381523210529056 0
5862 0.1952117895802195 -3.772244546315013 0
5863 0.03701894420231983 -3.679748935679222 0
5864 -0.8759795471421301 1.111886944177622 0
5865 -0.8741719431274463 1.035608015066128 0
5866 -0.8095425533822931 1.10253908997849 0
5867 2.015997147572856 2.317779979900687 0
5868 1.586693110022534 3.432036232255273 0
5869 1.460456428213504 3.56187896251975 0
5870 -0.0275133357410118 -0.469801692526137 0
5871 -0.2915238431755223 -0.2360595146053078 0
5872 -0.3266551211242797 -0.2075033458013319 0
5873 -0.3294467529773669 -0.2468131012371358 0
5874 0.5699995424776731 -0.8906029578973664 0
5875 -1.949771723780615 0.4970220616936435 0
5876 -3.736391811234289 -2.595918125491239 0
5877 -3.542020376884364 -2.581246535969545 0
5878 -3.088089530285218 -1.3726355719396 0
5879 3.398823508075915 -0.642697429531191 0
5880 3.457142559999741 -0.4726115922028749 0
5881 -3.689346187646899 2.902042688498097 0
5882 -3.485842734521019 2.907689624675809 0
5883 -0.1226727823432715 0.86646693361381 0
5884 0.2792897829163935 -1.741345790222202 0
5885 0.1902424841611939 -1.684975369151303 0
5886 -2.787158366885367 2.417907144960904 0
5887 -2.875341573921006 2.262501562077414 0
5888 0.6461795227591662 1.318712876179319 0
5889 0.008413925035609084 0.706365564228379 0
5890 -0.01504752889616676 0.7179216358511791 0
5891 1.997642396979435 -0.4203545204702253 0
5892 1.961055991972641 -0.572490331438628 0
5893 3.518829468982986 -0.7803646744176913 0
5894 -3.424951188608053 -2.742943661202843 0
5895 0.06733233469607419 -0.9283148800995384 0
5896 0.02982032192386901 -0.9076223617205395 0
5897 0.3995727546387787 -0.5218334231805113 0
5898 0.4387792530620878 -0.4911645841379414 0
5899 -0.8041080044750128 0.5153281799045294 0
5900 1.820903558476663 0.934701784422475 0
5901 -0.01949599493181061 0.620912865613197 0
5902 -0.04090607334761113 0.6282826247619304 0
5903 -0.5866949360175635 -0.4948065902684161 0
5904 -1.48867167836912 -1.913705758816417 0
5905 -1.414347460331655 -2.008615544902665 0
5906 -3.547065094606525 2.424614459186123 0
5907 -3.640129714021751 2.253466063362719 0
5908 -0.274123778893392 -0.9068191305201743 0
5909 -0.3253896349063634 -0.8703861889081403 0
5910 -1.122557515548149 -1.659890767377204 0
5911 -0.3377135921358997 -0.3195838249207252 0
5912 -0.3769517482346727 -0.3328895529664566 0
5913 2.541747149033902 -2.892192559534356 0
5914 2.613016820245114 -2.724562077641449 0
5915 -4.422466730517382 1.88687473588747 0
5916 -0.7358881577698968 1.201252323935454 0
5917 -0.7517819471682401 1.128752122340201 0
5918 -0.006885262364608103 0.5004033007612836 0
5919 -0.3096718241600848 1.046978750858146 0
5920 -0.3220226609318969 0.9925666381628382 0
5921 -0.6175175716654339 0.7929745053363064 0
5922 -0.6148045888354861 0.4085043967432175 0
5923 -0.6221031739162783 0.3530662825305445 0
5924 -0.6797480707109398 -1.182249489958821 0
5925 -0.7419507417008826 -0.4490725305375979 0
5926 -0.8003974432006133 -0.4788849705299022 0
5927 2.793845265924031 -2.700740689966626 0
5928 -1.374227235256444 -1.318512480150391 0
5929 -1.308256916338026 -1.401943348048294 0
5930 -0.2051986158394347 0.3334870949758022 0
5931 -0.2244370998036571 0.3055563011557672 0
5932 3.603872105954367 2.007926513628449 0
5933 3.403728286594647 1.973971539699853 0
5934 -0.2344230645472936 -0.8327640823128637 0
5935 -0.2346692653047801 -0.8799810390272615 0
5936 -0.1952805803824658 -0.8583821198330776 0
5937 -3.874999999998623 4.82503094297338 0
5938 0.2440738034902895 0.7480422253364943 0
5939 -1.49350899606612 -1.150478678184311 0
5940 -0.7614630500350618 1.392615850179116 0
5941 -0.6899665307619489 1.343241694374708 0
5942 -2.970690660383284 -3.974352560620308 0
5943 -2.836106792869487 -4.146008411136959 0
5944 -0.8636921754052284 -0.5023469409936803 0
5945 -0.9308045646678564 -0.5285486637419013 0
5946 -1.014541000035285 -0.6269225175682809 0
5947 -0.9781361532928909 -0.4109035077167765 0
5948 2.042462553974852 2.903259735157258 0
5949 1.923395286703106 3.031204112205624 0
5950 -0.2804872968072887 -1.690189816656812 0
5951 -0.1954995839568666 -1.676769919023734 0
5952 -0.02331150990195283 0.4807528582338917 0
5953 0.3796741552368285 -1.60136364753793 0
5954 0.4668621542299263 -1.591286820668192 0
5955 2.451633890942901 2.736042707429252 0
5956 0.2644720090825593 -1.154148230790073 0
5957 2.408008936253624 2.575020103000597 0
5958 2.352720854131413 2.40198231766057 0
5959 2.804440275782193 -1.342531067655083 0
5960 2.861086905716138 -1.186896516700605 0
5961 -1.457053712383179 1.492733330082198 0
5962 -1.341556623101695 1.517883416913506 0
5963 0.1804523394367457 0.1317709003260382 0
5964 0.213992588131432 0.1011108374896785 0
5965 4.19125513212523 -1.346638027625419 0
5966 4.428049774589152 -1.377595673523679 0
5967 -1.58128188974034 4.275057887275992 0
5968 -0.4142801509971317 -0.7177669178574755 0
5969 -0.3761480701418386 -0.7436896846517754 0
5970 0.3282185214944695 -0.6205427002458939 0
5971 -0.2985266346162486 -2.376550497413708 0
5972 -1.375481446922776 3.941138142139628 0
5973 -0.5518412974608188 1.719720569515159 0
5974 4.650549992563427 0.5230141643970654 0
5975 -4.005449731431507 -2.23519540236593 0
5976 -0.4148868771848094 -1.11465090687483 0
5977 0.2920924385626126 3.08542807725723 0
5978 0.1537208655260797 3.082890860877179 0
5979 -0.2339811467638909 -0.3550820399632938 0
5980 2.087050221038761 1.611197864736131 0
5981 0.6086863379871148 0.1169642389935729 0
5982 0.5986153758576203 0.1770232465633515 0
5983 -2.030570726785234 3.761704322917546 0
5984 -0.2945019276627646 -0.01308584278596315 0
5985 -0.248886787568804 0.008150450128729947 0
5986 0.07605055140877762 0.5232547599098023 0
5987 2.23381720559981 0.05092162185831878 0
5988 -0.119607849275044 -1.101687411930584 0
5989 0.05688067648778372 -1.048299325480984 0
5990 -1.707175380957461 -1.657793479311044 0
5991 -0.5057900180665291 -1.934078502154798 0
5992 -0.1047149845190984 -0.1686674258136235 0
5993 3.16566200379197 -1.680586265300939 0
5994 -0.09580200937490149 -0.9515936378000547 0
5995 0.7868927179766072 -0.2317385098392424 0
5996 0.7295856719792446 -0.2748124583863051 0
5997 0.9289592952630802 1.850959702653529 0
5998 1.071691136001029 -0.267937224962799 0
5999 1.052422965770722 -0.173976307602819 0
6000 -0.2635535913973069 1.219387493878311 0
6001 0.001702357704219959 -0.5002517460009678 0
6002 3.275885447963936 2.119234597606897 0
6003 -0.5622788558813487 0.8123443726270534 0
6004 0.4342961463878962 3.075130643846837 0
6005 0.3686307136692371 3.201057550127238 0
6006 -0.1186793781137979 -1.166230384295594 0
6007 -0.07171464916776715 -1.141904523484411 0
6008 0.9367002453153193 -0.3607260177448712 0
6009 3.488857365414865 -4.013450329319568 0
6010 -0.09456183847138402 0.563128349125968 0
6011 1.825521316041091 3.178789015193467 0
6012 1.700840740748488 3.306677606922751 0
6013 1.283705993949108 -1.527548462777881 0
6014 -2.542700012004821 -2.809317663619236 0
6015 3.659509358913628 -0.4374559172382232 0
6016 0.24602176804541 1.169986336861988 0
6017 -0.5421448097240781 -0.5280511346649577 0
6018 1.869716104479755 -1.547620828495275 0
6019 -0.05196285054075978 -0.4706080129622288 0
6020 -0.2598021261478711 -0.2620810390814657 0
6021 3.872731617979126 0.7650069395042997 0
6022 3.997062095167286 0.953565703538928 0
6023 0.6766988759368484 -0.3156164637767085 0
6024 -0.438837174746848 0.9078663878539002 0
6025 -0.4307657730082476 0.9728754846638503 0
6026 -0.4831841255903155 0.9573695635641033 0
6027 0.3564298663138979 0.584814703297909 0
6028 0.3077495916154428 0.5854684542140893 0
6029 -0.01546215708895965 -0.6007008230540777 0
6030 -4.394154285028332 4.423112333106547 0
6031 -4.291869679330333 4.233714578369913 0
6032 0.1768026063476124 -0.6158653089098622 0
6033 0.1504003933909335 -0.643049825883377 0
6034 -0.152967162430304 0.4796667645032022 0
6035 -0.1698560668996806 0.4591076830964814 0
6036 1.102021210213501 -2.627462917474647 0
6037 0.9670324217471148 -2.719274592210382 0
6038 -2.925607450101867 -4.364225429549684 0
6039 0.09149493263468197 0.5303335704486265 0
6040 0.09500985308460792 0.5421581700233512 0
6041 0.1214109459074376 -0.3525545087523673 0
6042 0.1211134570104461 -0.3286461292013678 0
6043 0.1007291174780431 -0.3387357344126168 0
6044 2.57220083475696 -1.96185342453579 0
6045 2.630598784031138 -1.808510889570888 0
6046 -0.1945297180852323 -0.2731851848525684 0
6047 -0.2281002880415272 -0.2851390186426953 0
6048 -0.5440263768067701 -0.5779341111321727 0
6049 -1.360112269748361 -3.946746765728901 0
6050 -1.426929178454541 -4.122268380703927 0
6051 0.4502651843247673 3.330569684021843 0
6052 0.3080614764994837 3.340867117432236 0
6053 0.4048578174226711 -0.5689866369966634 0
6054 0.4060901090073993 -0.6330335437557935 0
6055 0.445688158395298 -0.6060365216950137 0
6056 2.724173738766603 -4.268878214436484 0
6057 2.823483288044675 -4.095310416049571 0
6058 -0.05154772582918776 -0.4414721030042695 0
6059 2.986089314599561 -4.627428921182084 0
6060 2.870528491033118 -4.816487789234154 0
6061 -2.880222073906641 2.578586694812198 0
6062 0.7203658741282875 1.340959540396425 0
6063 0.1909251448526114 -1.071095680103696 0
6064 0.2517489176214378 -1.10365901841127 0
6065 -1.458887355716847 1.069062432144503 0
6066 -1.506542276812567 0.9735028120644394 0
6067 0.01332466340325832 0.5007211441104461 0
6068 0.9499171932625607 -0.6441227929804736 0
6069 0.942962624073221 -0.56864828176084 0
6070 0.1159723738911453 -0.3965366177408423 0
6071 0.1123890178217509 -0.4188820196741169 0
6072 0.132284120145361 -0.4117587310052252 0
6073 2.181729256747101 2.360986763764791 0
6074 2.070737222116273 2.480262689330651 0
6075 0.581426941500585 -0.4478283636591014 0
6076 -0.1203065515349528 -1.983096416474467 0
6077 -3.183381111405644 -4.004622437227853 0
6078 0.2578184044483681 -0.6676608133435447 0
6079 -0.07800001487722125 0.3914230100329507 0
6080 1.600958254662517 -0.957424811398611 0
6081 1.641670328924987 -0.8480126330477079 0
6082 -0.2611965505955195 0.3110236262630462 0
6083 -0.2732549746012006 0.3469813010491264 0
6084 -3.105965399077323 3.568177973656441 0
6085 -1.654052077342717 -3.815292579415545 0
6086 -1.474425411621844 -3.796963537288425 0
6087 -1.483921592276661 4.104503681499385 0
6088 -0.1891105878134559 0.4385519864936109 0
6089 -0.2075244992710388 0.4152442984965518 0
6090 1.318125490012402 -2.934526002481034 0
6091 1.318427802457722 -2.748572052545571 0
6092 0.659140692238779 0.4374995890103589 0
6093 0.6778617646633522 0.3738135147887804 0
6094 0.08004335551172639 -0.4090266931588777 0
6095 0.0777450676818924 -0.4273267185522029 0
6096 0.09377898373770116 -0.4219599318030592 0
6097 -0.2325881842219095 -0.1077436239391624 0
6098 1.898494463950864 -2.46769691410101 0
6099 -0.02317614454377498 0.4646800542943189 0
6100 -0.01150151323148376 0.4917386065928852 0
6101 1.057838949408727 -0.3971127416973047 0
6102 1.136641189948575 -0.4050809624548948 0
6103 1.087403438921009 -0.3334221358018904 0
6104 -0.07023464670741823 0.4659897481407016 0
6105 -0.05602235453125786 0.4696275382808792 0
6106 -0.8475241860714469 1.250163919612316 0
6107 -0.8836965405620462 1.182696709984867 0
6108 0.9905596410325073 -0.394288313959305 0
6109 1.039797392060073 -0.4659471406123094 0
6110 0.4882388412780678 -0.5115743241365152 0
6111 -0.02560254302686713 -0.4891006201651396 0
6112 -0.03153989020956776 -0.8279363873426215 0
6113 -0.00240717942647072 -0.8087833963131613 0
6114 -2.896037340531885 3.564170099240214 0
6115 2.915436904571141 -1.460895955792564 0
6116 1.67935727897301 -1.048275717694323 0
6117 0.509995861257482 1.820840000000267 0
6118 0.03783578381327182 0.4883615214359782 0
6119 -0.1774448879979633 -1.182500600242073 0
6120 -0.3233625204675092 -0.1709225163827711 0
6121 -0.03106904294746534 -0.9543973213793371 0
6122 -0.02704669124379978 -1.000200608415177 0
6123 2.149967707922157 -4.130584814587174 0
6124 2.25800699908925 -4.29275488254113 0
6125 1.917316018370353 1.202729806909575 0
6126 2.07008560323124 1.229251065289041 0
6127 -0.3531895829052123 0.8287880356956401 0
6128 0.1541582072842171 -0.4278047413197644 0
6129 0.1467403853449155 -0.4536912377904395 0
6130 0.1721978285531661 -0.4473918461717041 0
6131 4.411601185161738 -4.40175937428619 0
6132 4.416879456152595 -4.177458819125219 0
6133 -0.3332073414071532 0.9362992718998968 0
6134 -0.344152630329678 0.8841579895263387 0
6135 0.105835424233267 -0.7368187561544486 0
6136 0.1368201328310084 -0.7506210015673294 0
6137 3.189708639748072 -2.655713949097827 0
6138 2.033680784661049 -2.16585306364406 0
6139 1.822143978892237 -2.320687698133788 0
6140 1.882810594397413 -2.183436406512234 0
6141 -3.558450101785328 -1.263147419267493 0
6142 -0.8503200730408913 -0.9022280953272597 0
6143 -0.7910408028962076 -0.9458736140751344 0
6144 0.4911127677304234 -0.5716603960431597 0
6145 0.5348957421979215 -0.5412451052437913 0
6146 -1.908233308683101 -0.2832537953888547 0
6147 -1.958217988465031 -0.39003280781641 0
6148 -0.09078844668623179 -0.3020321414522487 0
6149 -1.973554925455047 -0.1894082677559184 0
6150 -0.02971832546585906 -1.050221861422276 0
6151 -0.3752341416895237 0.9796396752165886 0
6152 0.5616126136800459 3.065679653341693 0
6153 0.07086355919976249 0.6401326296333258 0
6154 0.5641035963935019 0.3547229668432074 0
6155 1.836454735802833 -0.6017511813238905 0
6156 -1.999742172716363 0.4073009698037817 0
6157 -1.650693053545533 0.695901872177304 0
6158 -1.697244256421375 0.6008639063064272 0
6159 -0.317528209718109 -0.131241273380853 0
6160 -2.925727402711353 1.497637314163307 0
6161 -3.005208837443698 1.35435413286508 0
6162 0.06866409439187018 0.4721845228599075 0
6163 0.05985476398389708 0.4607434761874601 0
6164 0.07200802681178647 0.4597830988239023 0
6165 2.939134085705421 1.050121586662946 0
6166 -1.487924909938823 -2.758624176353096 0
6167 0.3538948392687603 -1.086589473621392 0
6168 0.4041186129521627 -1.053057423330223 0
6169 -0.4388376537616695 2.130490591007107 0
6170 3.595070767542822 -0.1264335275783796 0
6171 0.668220474955 -0.2505758502572762 0
6172 0.6577615128900396 -0.1880883797230039 0
6173 3.040906224150343 -4.063926342509815 0
6174 -3.11748181012269 -0.06434601067758242 0
6175 -3.286896803200614 -0.06746509874604252 0
6176 -0.005940949654772367 0.6387845906095688 0
6177 -3.385816516759132 -4.402200713379603 0
6178 -3.623512624898257 -4.408683176951109 0
6179 0.1407497467146335 -0.7873620166810095 0
6180 0.1084964550655254 -0.8064864608547396 0
6181 0.1408677816269397 -0.8242198692930855 0
6182 0.2620635600423372 -0.7098822568046688 0
6183 0.2954224305481357 -0.6873231848954684 0
6184 -0.02900642475784943 -0.9103381527833387 0
6185 -0.06523723369527881 -0.9332598765092062 0
6186 -3.173757099087446 1.355868255213709 0
6187 -3.423665383221289 -0.6398745720956964 0
6188 -0.211749842277984 0.02653317134336591 0
6189 -1.521189493450812 1.151651029119185 0
6190 -1.612477812399211 0.9718087170456964 0
6191 3.115785217943632 4.179181722431813 0
6192 2.91702242539721 4.060377011836205 0
6193 -1.731197930161444 -2.651774213513705 0
6194 -1.576995322765991 -2.638460887448298 0
6195 0.456173369832217 0.7135282337155386 0
6196 0.5046174635103444 0.7439957286513348 0
6197 2.125525432514904 2.63807288778851 0
6198 1.756374930182871 -3.816020320161055 0
6199 1.94962430759001 -3.797246204236752 0
6200 -4.015496441673667 3.01361592942205 0
6201 -0.1642513978560937 -3.264078120037138 0
6202 0.1948606897256837 -0.7109166400723701 0
6203 -0.3954557747403143 0.8680023551229487 0
6204 -3.074190353089578 2.582745633139147 0
6205 -3.263372395398942 2.588112795952809 0
6206 -1.592505996114649 1.240686091101425 0
6207 -1.636702552495095 1.149361264602833 0
6208 -0.04612575813726949 -0.5637711662272551 0
6209 0.1034482132423853 0.4240656271325582 0
6210 0.08632700133299384 0.4334829057046107 0
6211 -0.6673757049404287 0.07328366215504306 0
6212 -0.6755938636214844 0.01497852701286192 0
6213 0.6451631887865781 0.4957759835155165 0
6214 0.6212471525329911 0.5525105944160278 0
6215 -3.303784133755561 0.1994668598916112 0
6216 -3.135408230091724 0.2091868949573255 0
6217 -0.4880180784010493 -1.836047747481793 0
6218 -0.4548144942473245 -1.73439942862757 0
6219 0.2097565623274387 0.6143975762875655 0
6220 0.1787434145866241 0.61812865014374 0
6221 4.180946414282703 0.6665687266039568 0
6222 4.327812039957134 0.7661058680213847 0
6223 4.195355500271409 0.8674887059110371 0
6224 -4.383172629514279 4.059966379688325 0
6225 -4.13692478544551 4.067595841399918 0
6226 -0.09363520345025815 1.097581124125122 0
6227 -0.0618130868969885 1.155721320213995 0
6228 -3.047677063114617 0.07644455504272057 0
6229 -0.1892100937953179 0.5566089421682997 0
6230 -0.2136469802282564 0.5424544940747771 0
6231 -0.04021906990650326 0.7350596153352162 0
6232 0.8360024939743633 1.152833607217345 0
6233 2.422307913890716 4.022018187178366 0
6234 2.368907069796164 3.825446371594598 0
6235 1.471688010062608 -2.72955961115038 0
6236 1.507829293981591 -2.906531286893232 0
6237 0.08029651899641982 -0.3920337845246807 0
6238 2.06050910452087 -3.963439142296874 0
6239 2.075473987316649 0.2701470278173961 0
6240 -0.5674319017923064 0.753229253398126 0
6241 -0.5758007255267334 0.6948349155192772 0
6242 3.771665041653226 -2.565734499570422 0
6243 3.977942024913039 -2.526431006095276 0
6244 -1.110768443544561 1.844521163198468 0
6245 -1.158242251137781 1.749751557200412 0
6246 -0.2626136369222655 -0.2984272496023413 0
6247 -3.348936015714553 -0.4848408471726245 0
6248 1.759871888597799 -0.5129688134905914 0
6249 1.796561340701893 -0.4036567258913802 0
6250 0.9237567540357268 -3.000511325932158 0
6251 3.7825530972515 2.034694051293626 0
6252 3.651890877271627 2.17869894245351 0
6253 -0.03683505328967132 -0.6177128030243482 0
6254 -0.02686638193011422 -0.625442924206117 0
6255 -0.02746605145947196 -0.6075900572239026 0
6256 0.08004574725817809 -0.7534679065128338 0
6257 2.933613017684419 -2.852276816334428 0
6258 -0.005586368763837626 -3.231276582315696 0
6259 2.774162244251831 4.180019163860193 0
6260 -1.999300497640497 -0.4934251312317423 0
6261 0.1510227323939989 -1.109275368234349 0
6262 0.3276698151791831 0.7284010473973269 0
6263 0.3748585526256163 0.708029167932581 0
6264 0.3683256510049272 0.754056995159134 0
6265 0.01351520094165065 3.085142939387453 0
6266 0.004123500157479294 0.5099020534452963 0
6267 0.0009577320601103453 0.5095365443055226 0
6268 0.6314590375152932 -0.002986731664586399 0
6269 0.62213728064809 0.05861441428936943 0
6270 -0.03245848768697839 -0.8677568606943633 0
6271 0.001709703060835088 -0.8888943055644942 0
6272 -4.429391158247481 1.590873849932223 0
6273 -0.108196817104516 1.04885318190161 0
6274 -0.1596903362934273 1.032547096164627 0
6275 -1.763007160477159 -1.767284580782847 0
6276 -0.06225601802825228 -0.8493802345614661 0
6277 -0.09538954359665328 -0.8705700885831456 0
6278 -0.07733126226063847 -0.6658690004400223 0
6279 -0.09260917798780638 -0.650192314156147 0
6280 0.8365582173613945 -0.1929184422003483 0
6281 0.2568949276286663 0.5407734288712106 0
6282 3.533673609478815 -0.3015275633912211 0
6283 1.076332321316463 1.121036541875001 0
6284 -0.2137350715396614 -0.4403635785318662 0
6285 -0.2387270877089525 -0.4222265914904761 0
6286 -0.008794770669761681 0.4961292673957328 0
6287 -0.009959108780697491 0.4943193685184369 0
6288 0.01606447974731097 3.622065706053189 0
6289 -0.1838208610562565 -0.554062122911157 0
6290 -0.9085087941660027 2.221170312083967 0
6291 0.08829140720225231 0.4574407262054664 0
6292 0.07948207679427921 0.4459996795330191 0
6293 -2.08619136273303 -1.621565313548677 0
6294 -0.8420677910866252 0.9591643949305387 0
6295 -0.7415070913871096 0.6170427700031281 0
6296 -0.6859950297252815 0.5878890165188262 0
6297 -0.1602294417230759 0.5011637841182792 0
6298 -3.156332841156491 -4.378659678412438 0
6299 -0.2854525311981029 0.2203405627455075 0
6300 -0.007503123729127485 -0.5012840795610531 0
6301 3.726292660277978 2.359540168738368 0
6302 0.3463602783814954 -1.663785831413526 0
6303 1.899877163161995 -1.01545224746469 0
6304 0.3792644657165256 0.6574455406708133 0
6305 0.4199203015422697 0.6831014884326205 0
6306 -0.360654319880256 -1.72049770700241 0
6307 -0.7319669109204943 -0.007627255151155421 0
6308 -0.1613194256563115 -0.8315523161858815 0
6309 -0.7993334316944662 -1.019566989684082 0
6310 -0.2171368719079875 0.3626833312332052 0
6311 -0.1103518741752279 -1.670450718335893 0
6312 -0.02728574749713464 -1.657130963970298 0
6313 0.5759226988346916 -0.9690194432113273 0
6314 0.2501396810642252 0.5724679423941917 0
6315 -2.042165088580778 -2.673537953398577 0
6316 0.05722120713925231 -0.6161832372091318 0
6317 -1.88437127037057 0.218245698001833 0
6318 0.1790489316942409 -0.2815143538092547 0
6319 -0.6661224742459375 0.3315117471897315 0
6320 -1.83757322539473 0.3151619612316918 0
6321 0.1793643333005041 -0.8470201752320187 0
6322 0.2192793573205487 -0.8183241934266356 0
6323 0.05577345647967991 0.4911703200479464 0
6324 0.05863447091372145 0.5012737938344323 0
6325 -0.05106003112604993 -0.6034610578439127 0
6326 -0.05046036159669219 -0.6213139248261272 0
6327 2.02769598961585 0.1482428134869354 0
6328 0.0273554770880681 0.4814830759167157 0
6329 0.2942813088428419 0.6927862021845026 0
6330 0.2877484072221528 0.7388140294110557 0
6331 -0.0165863971425021 0.7502417519247864 0
6332 0.1320497670851542 0.2810446262962266 0
6333 -0.1608762973213844 1.98849207476326 0
6334 0.4425110129339302 2.463135199193353 0
6335 -0.2720463697010024 -0.4040385902333661 0
6336 -0.2737229626980947 -0.4375863309608254 0
6337 -2.178913075593253 -3.862618729481635 0
6338 2.093455939885615 0.04191650908816051 0
6339 0.09615890973966185 0.4713863123236329 0
6340 0.1036329597221546 0.4576028930327497 0
6341 0.1053560444407995 -3.371756776026965 0
6342 0.01147679364221634 -0.4919093164364143 0
6343 0.01277910135703723 -0.4892099431886188 0
6344 -0.6937667709796824 -0.1617912307585973 0
6345 -0.7011585164334788 -0.2197044351900648 0
6346 0.007770422432954983 1.147319012450194 0
6347 -0.5968382220789306 0.5210555939658563 0
6348 -0.6045582504829019 0.4655808946467269 0
6349 0.1774203813235109 1.147557991104112 0
6350 0.6551528653839365 -1.572628351137688 0
6351 -2.983766952770035 2.740150416996701 0
6352 -1.59519018172997 -4.637311223513478 0
6353 -0.06763507123404128 -0.5375092986756785 0
6354 -0.0690486352064278 -0.5496025833146916 0
6355 2.998172385961374 -2.682247029080394 0
6356 -1.899307716567577 0.4043029179877183 0
6357 -1.132644128871179 -0.4783627456357226 0
6358 -1.048285037812805 -0.4385976131368787 0
6359 -1.059843755167084 0.7580412640284463 0
6360 -0.1256614123850712 0.5337285251045232 0
6361 -0.2687249427991814 -0.8096996314682223 0
6362 -0.6283311282018774 0.2421680185343458 0
6363 -3.947724001903994 4.03656494773579 0
6364 0.01933997256500416 -0.4773420931102462 0
6365 0.02098666865055352 -0.4717697036885541 0
6366 0.3333009550779608 0.6452792277383874 0
6367 0.3783627039946141 0.6203515482384269 0
6368 4.235458847290302 3.229729123696234 0
6369 4.086626813495572 3.390214217833229 0
6370 -0.4764296159035103 1.220510074324509 0
6371 -0.1668662270837971 -0.4699945679622529 0
6372 -0.1881354539176362 -0.453981957260214 0
6373 -0.6291496611671475 -0.6453194846406072 0
6374 -0.5848824989431709 -0.5970315916451453 0
6375 0.1691914593924228 -0.7683544100056753 0
6376 -3.372122109470645 2.742646039347641 0
6377 0.05118535128800664 0.4663529918725123 0
6378 0.03076578810567126 0.6910306296773308 0
6379 0.03093700693789657 0.7177688378897009 0
6380 -0.07660414625995829 -0.5244797177705207 0
6381 -0.002220549769358933 1.076446506096082 0
6382 -0.2250535919292949 0.3916650945032824 0
6383 -1.326215096079855 1.344570184729429 0
6384 -1.433010102143102 1.331840091501977 0
6385 -1.263387224108788 1.737105311359944 0
6386 0.6354330942586908 -0.4830432511380082 0
6387 -1.107691438384216 0.2803968518242939 0
6388 0.7108184992834967 -0.1481138923668527 0
6389 0.02565969535743809 -0.827457843813294 0
6390 0.02636825899474005 -0.865041069631564 0
6391 0.053770314220472 -0.8461858999693392 0
6392 -0.161565626413798 -0.8787692729002794 0
6393 -0.06336322088314147 0.6339852771245944 0
6394 0.2235820975963204 -0.02848999763036544 0
6395 0.1902160497704601 -0.061220527103528 0
6396 -0.199540120115751 1.072699657016088 0
6397 0.01778574484843032 3.354917446145391 0
6398 -0.04506763504618216 3.49755353426887 0
6399 0.05717380225881456 0.41003460802831 0
6400 -1.921865211591414 -4.656822169711344 0
6401 0.1855184213414449 0.06819295169925357 0
6402 -0.5820440945555154 -0.6937952724650557 0
6403 0.01479962628641701 -0.5163538669070592 0
6404 -0.03700015682088643 0.523373251029065 0
6405 -0.02876194873787137 0.5286873104760018 0
6406 -1.195843673300008 -4.414737800700769 0
6407 -1.006087865756193 -4.392533971006366 0
6408 -0.619952799188324 0.2992086014076677 0
6409 -1.000953449187771 -0.5562427691620035 0
6410 -1.073713550744684 -0.5833092306046015 0
6411 0.01531471803730894 -0.4865334101316366 0
6412 0.01677667375455284 -0.4826246300486668 0
6413 -0.01458067355191242 -0.4981783969536492 0
6414 -0.470333268952531 1.300872592940939 0
6415 0.2623665373493679 0.6666121576729839 0
6416 0.3022879453063982 0.6561991756592551 0
6417 -0.1740032167772566 -2.384041724455217 0
6418 0.0589964189421216 0.7350540105118943 0
6419 0.4850743385734214 2.950050180471684 0
6420 0.003307228927537122 -0.5069482828306893 0
6421 0.005034245139589378 -0.5061118200324833 0
6422 0.5619538840732092 -1.58371264477086 0
6423 -0.9562586201454177 2.118578448258027 0
6424 -0.1526895007157105 -0.02254192661405009 0
6425 3.178894178169832 -4.232829361977654 0
6426 3.26495690522471 -4.039883672644638 0
6427 -0.0689199360096011 0.3592477351936999 0
6428 -0.1464774255161296 -0.6416009865000347 0
6429 0.8985764424513514 3.918813875747208 0
6430 -1.388476203125966 2.193917278357357 0
6431 -0.9020140935494156 -0.8572592837746786 0
6432 -0.9899771153772556 -0.484935376778222 0
6433 -1.28034221630007 1.437335759478497 0
6434 -0.6221215660310275 1.613632964532763 0
6435 -0.5568203952639126 1.650857227467819 0
6436 0.2363534631070937 0.6383180360283307 0
6437 3.712299701898856 -2.743287422165299 0
6438 1.05367445872311 -0.02770319585788895 0
6439 0.02856105775981341 -1.721983289051764 0
6440 -1.554091178961375 1.477572523802935 0
6441 -0.644813657042248 0.5562186316520259 0
6442 -0.04679552509338279 -0.5903684042076558 0
6443 -4.03902695208794 3.862816749054202 0
6444 -1.19101340274361 -1.572882778514712 0
6445 0.1536385080283992 -0.5976764884845005 0
6446 0.003783159556455468 -0.5116548321138055 0
6447 0.002515592101738956 -0.5091332343650787 0
6448 2.81336761245719 4.399410543293098 0
6449 3.07432093418403 4.424740798334359 0
6450 0.1156299123344005 0.4408265432763438 0
6451 0.1621524815550818 0.04024602878716674 0
6452 0.1907906336959787 0.005561720446918432 0
6453 2.099817328564948 1.005961895913675 0
6454 1.960997976876329 0.9684963247208636 0
6455 0.08459631955299735 -0.3530462191208806 0
6456 0.4923450593151516 -0.6357073028022897 0
6457 0.2437762730332692 0.6061046714069712 0
6458 0.003683513915504782 0.5000242550075233 0
6459 1.857530239874154 -0.1842877949300707 0
6460 0.1453709504152473 -0.3156338266977072 0
6461 0.6727317698516396 0.09260643368927124 0
6462 -0.2457331756140144 0.366970543918389 0
6463 -1.087846883533063 0.3569718891066895 0
6464 0.1471110416513959 -0.8661446194057488 0
6465 0.0007391191778631565 -0.5039966524687282 0
6466 -0.0001695543050489246 -0.5056370221436428 0
6467 -0.05504576700258589 -0.6408224445392472 0
6468 -0.05832423037025433 -0.6611945077369851 0
6469 2.144691392747352 -4.471420073046575 0
6470 -0.1272797933399736 -0.4947113633345179 0
6471 -0.1455820769004937 -0.4805793438007591 0
6472 1.871253902560732 1.066344388717018 0
6473 -2.180832496274319 -4.39436217779765 0
6474 -2.116130798682543 -4.195130798696129 0
6475 0.0636595504197757 -0.427546099919062 0
6476 1.748224736451722 -2.486142836578377 0
6477 -3.822356721134192 -4.419962900327249 0
6478 -3.710344234068264 -4.234194746928402 0
6479 4.162102980890928 3.603462185110538 0
6480 4.394096960488124 3.606668467106434 0
6481 -0.1629035330757145 -0.5608044617596177 0
6482 -0.163654354730738 -0.5362171198573498 0
6483 -0.02760148269427493 -1.166754291578989 0
6484 -0.02852995385552107 -1.10221131921398 0
6485 -0.4505776272197958 -0.6910152622496394 0
6486 0.08622134125952438 3.213607062047904 0
6487 -0.7675567656929527 2.539808827985281 0
6488 -0.8922898016794247 2.528559336345271 0
6489 2.280094285979795 2.68449207762341 0
6490 0.6209783469815482 2.329189485106221 0
6491 0.5026684932354393 2.346521631457541 0
6492 -0.02194869179848912 0.5291051544842662 0
6493 -1.426786880494646 -1.231595669377866 0
6494 -0.123650003690944 -0.6136042583456716 0
6495 -0.7645450255199839 -1.293082625320084 0
6496 -0.6929713670973883 -1.244625386650667 0
6497 -0.1656586649044244 0.5257438531119232 0
6498 0.7707727703821834 -0.1709517772279788 0
6499 0.8613280812531352 -2.629366133441552 0
6500 0.9012375064247105 -2.490611328190404 0
6501 -0.3039754170251704 -0.8273297756483322 0
6502 1.891796556543878 -0.3768939687612978 0
6503 -0.6580265106213075 0.4424459262161178 0
6504 0.5215324161092918 -1.661205164047975 0
6505 4.22502720857732 -2.809555180074934 0
6506 0.005591942096732476 -0.4981366716256741 0
6507 0.006630133061277201 -0.496992651878034 0
6508 0.6273469678039838 0.330960628433643 0
6509 0.1577415633536115 -0.4054593393864898 0
6510 3.092982572112954 -4.439377147869345 0
6511 2.847950239582073 -4.44492380515557 0
6512 4.143927720841718 1.053102844956356 0
6513 -0.1397139361370944 -0.5625748855832094 0
6514 0.118447041294895 -0.3760287215177834 0
6515 0.138831380827298 -0.3659391163065345 0
6516 -0.8158904288987489 1.318020720048047 0
6517 0.09855193897128488 -0.3831520101866751 0
6518 0.08277118640016956 -0.3715258883016219 0
6519 -0.1679202952786909 -0.4935958655131372 0
6520 0.008133079941506536 -0.4960942016955172 0
6521 0.009297418709565599 -0.4942843001476239 0
6522 4.432289626286921 3.34098614213154 0
6523 -1.036599915801344 2.463046799338747 0
6524 -1.164608846863988 2.402468783173227 0
6525 -1.252233030120381 -1.488903110617009 0
6526 0.005644224950081732 -0.4993215930133388 0
6527 -0.02543082844851675 -0.5929707018723088 0
6528 0.8188984845437046 -2.907638777617348 0
6529 0.8547655080793893 -2.759002525578744 0
6530 2.144955066495109 1.125283875464326 0
6531 0.08888480863223139 -0.5605930390990457 0
6532 -3.660308787000758 0.1610385292779627 0
6533 -3.458711548619636 0.1914491398312321 0
6534 -0.02713063172493104 0.4680345944485007 0
6535 -0.009930949555342853 -0.4943925453229776 0
6536 -0.008766307934882303 -0.4962036978378903 0
6537 0.5902865911926773 0.2373206697446043 0
6538 0.5793798864502968 0.2953134431655447 0
6539 2.175192799419892 4.262501887078446 0
6540 -0.03620259635790163 -0.5851977288452841 0
6541 -0.7499743431535564 1.052473193228707 0
6542 0.05535528903144964 -0.5791089395494255 0
6543 -0.1029765346935571 0.5845725405877744 0
6544 -0.1193613060374225 0.5707957818150401 0
6545 -0.09126909979470371 -0.5158049443535127 0
6546 -0.1090347863445707 -0.5050454471533419 0
6547 0.02589460331978135 -0.4907468534251219 0
6548 0.004830117894026868 -0.5020309573100912 0
6549 0.02405960838754819 -0.4863508758755675 0
6550 4.613251923104762 4.447639109791805 0
6551 0.01439484100763316 -1.075071629516854 0
6552 0.05806904809812171 -1.100288783272688 0
6553 -1.486064733794034 1.405543521106915 0
6554 -1.530047568721298 1.316679285222714 0
6555 0.2159130596735117 -1.607484484615543 0
6556 0.299593747352315 -1.596370139006148 0
6557 0.01159374514652005 0.655648045391145 0
6558 0.0808381202805008 -0.8259734938089425 0
6559 0.08154668391780277 -0.8635567196272125 0
6560 -3.457759272916614 2.586449479976801 0
6561 0.990619117584547 -0.527464900881132 0
6562 0.9248615901725269 -0.5043060937540178 0
6563 0.6913827296261335 1.249859972663193 0
6564 -0.2610686745986185 -2.281004453889782 0
6565 0.07488501415567345 -1.245957773259612 0
6566 0.005956263569104205 -1.268181980519556 0
6567 0.8163431393580646 1.922050772784965 0
6568 0.3614053975537595 -0.6395710081478261 0
6569 1.324750928514388 0.288551356736971 0
6570 -1.796043362016448 -2.771906003673889 0
6571 1.915936989306069 4.069604575583863 0
6572 -0.09548117756983625 -0.5335235824062993 0
6573 -0.1102466425956146 -0.5434914655408771 0
6574 -0.09558168906086922 -0.5521662389578852 0
6575 -2.065887167605977 -0.4023112010931235 0
6576 0.6477551240770627 3.554989845987198 0
6577 -1.619627746074507 -1.731930589279291 0
6578 -1.550441604934997 -1.822012540909762 0
6579 -3.63414123934869 -4.065762294501321 0
6580 -3.832985335584625 -4.077042017877461 0
6581 0.02499487579926123 -0.7899282266509364 0
6582 -0.01497917620789254 0.4968918837486109 0
6583 -3.412864787008284 -4.028163472195019 0
6584 -3.282016462229688 -4.199373988585096 0
6585 0.5860279685036717 -0.5163739208160537 0
6586 -0.6803455726733333 1.5779816630618 0
6587 0.02783232433876604 0.4691999771438561 0
6588 -0.1037288529826022 -0.3404601796959231 0
6589 2.740240943149791 0.8899251300856126 0
6590 3.580257231331628 -3.295965479703437 0
6591 0.3286093066074257 -0.7063514927974007 0
6592 -0.3345766196105563 -0.7591789086236042 0
6593 -3.364854383796559 0.06001567233711831 0
6594 -0.2108601173827283 -1.144628830082299 0
6595 -0.2217324271596169 -1.201116157582606 0
6596 0.08461456932690867 -0.8962957828633142 0
6597 0.03664455587205942 0.7503889450629426 0
6598 -0.9317786217817026 0.7608534674103244 0
6599 -0.1283911380999846 -0.5145147251704673 0
6600 -0.05048324956237821 1.670576489951931 0
6601 0.7537492528698649 1.187793304118314 0
6602 4.489591064170558 0.6631366907700895 0
6603 -0.02391206601510732 -1.211581194054036 0
6604 0.8410933123104639 0.1968660046569251 0
6605 0.7708553925166881 0.1681882915390433 0
6606 4.43152584517842 4.431628916389552 0
6607 0.2767365818438803 0.596388402134957 0
6608 0.0807200853681946 -0.7891156411968663 0
6609 -0.05043969681699549 0.5058677123835138 0
6610 -0.04931292563925527 0.5186476542003085 0
6611 -0.7036486874295736 0.4783677823976699 0
6612 -1.947065001814888 -3.673780952682014 0
6613 -4.254263882969917 0.8249848263112141 0
6614 0.4565527732118163 -1.036000457203046 0
6615 0.5084873797926472 -1.000195857183257 0
6616 -0.2219987911778802 -0.01742818246858192 0
6617 -0.7629181160881251 0.981516111131115 0
6618 0.2005484359123744 -0.7827015761016386 0
6619 -0.09383586664681096 0.3841555916948577 0
6620 -0.266371536929508 -0.3340832497177511 0
6621 -0.2694408848774773 -0.3676800605174739 0
6622 0.3243641510134565 -0.6641300493362767 0
6623 4.285791174365508 -0.6521199415585858 0
6624 4.15526634150037 -0.5210246213506858 0
6625 -0.1185589683206365 3.625643488589455 0
6626 0.3147303454942715 -1.112772991969464 0
6627 0.08906449788915628 -0.5823558018646373 0
6628 0.08838244172293984 0.5197644795770935 0
6629 0.59849059438626 0.605932668707458 0
6630 -4.339088057083107 1.732876320966154 0
6631 -4.207699433600263 1.876930037971039 0
6632 -3.319337241815267 1.353781343454004 0
6633 -4.040344992145672 -2.482688882988244 0
6634 -1.879607505138996 -2.652222942877345 0
6635 0.7609447125671034 2.117993536650835 0
6636 -4.437302397464997 -4.581056727474992 0
6637 0.08697052725062246 0.4837555761723417 0
6638 0.1023120797705247 0.483917742999625 0
6639 2.16915038720418 2.799095492217166 0
6640 0.9186586879666649 -0.4295604166598759 0
6641 -3.746959404850139 -1.276179114906387 0
6642 -0.7042544005971989 1.269109124371184 0
6643 -0.7797164002242788 1.246674819525714 0
6644 4.618055599610425 -4.447788111148804 0
6645 -4.587318945560559 4.431302742190167 0
6646 -0.2980733750358519 -0.3110252701565215 0
6647 1.264947309716828 0.3656138089418484 0
6648 -0.0082909148119455 -0.5055670766716773 0
6649 -0.006252003811182961 -0.5044767078066695 0
6650 0.1230730382285367 0.48759371702734 0
6651 0.1138846557394973 0.4999629808760488 0
6652 4.452248518288814 4.617964402812907 0
6653 0.02777315939896124 -0.469212733230275 0
6654 0.3007329114277894 -3.633706889469273 0
6655 -4.214623861330363 1.580929152015791 0
6656 0.09939098688799622 -1.122589796831666 0
6657 0.01094432011427455 0.5072685763691487 0
6658 0.008292607274641673 0.5091007418673372 0
6659 0.008209965714135216 0.5047922627635113 0
6660 -0.1294987764105563 -0.6588664401859925 0
6661 -0.0300590935000238 -0.4925136666495089 0
6662 0.4582165847640242 -1.093838201524946 0
6663 -0.01972883347492225 -0.5116253542801631 0
6664 -0.001897949272982551 0.5007661402819973 0
6665 0.2262176662456353 -0.7252638061683334 0
6666 -0.04118496991982244 -0.4337244439424793 0
6667 -0.271257710686564 0.1918833333482437 0
6668 -0.1656039139033337 -0.5168277111802662 0
6669 -0.2680996631461674 -0.07659908842444277 0
6670 -0.2987976704783558 -0.05226327306273276 0
6671 -0.307761597155823 -0.09305145780395765 0
6672 0.01000497063077747 0.517884212986102 0
6673 0.005835863513615095 0.5186855245640611 0
6674 0.006857854557618633 0.5123783670509336 0
6675 0.05238741247315353 -0.7729549394670365 0
6676 0.1966188220287493 -0.7459605609879585 0
6677 -0.01261842662922261 0.4939385200183959 0
6678 1.814908761817032 -0.295637933055959 0
6679 -0.8160388345367144 -1.240280352607259 0
6680 -0.2686835774528649 -1.299522323142902 0
6681 1.743787248340499 -1.134981902958355 0
6682 1.780774370726492 -1.027956115655289 0
6683 0.09847526011516478 0.5115651484821256 0
6684 0.08303087888926039 0.5044863379433016 0
6685 -0.9893820029141218 2.55064645383491 0
6686 -0.9347399690164159 2.646772289217367 0
6687 -3.859359507735187 2.896580034261051 0
6688 0.12349741487181 0.4547721293945103 0
6689 2.23342407409966 1.031106842362595 0
6690 0.05448671903493271 -3.503154249442375 0
6691 0.2878189395296352 0.2665560750989943 0
6692 0.03182493717892736 -0.4767194659156206 0
6693 0.02662290719799952 -0.481068338937147 0
6694 0.06504818028700617 0.6592643897408729 0
6695 0.04945607465286109 0.6396672905699718 0
6696 -3.90270737370385 -2.599584884624245 0
6697 -1.725548410205922 0.9791991750997326 0
6698 -1.838171149514106 0.983437700822795 0
6699 -0.1864873122536223 -0.04857271798330153 0
6700 -0.02817734960232336 0.4851864877502902 0
6701 -0.03327921504152397 0.4902981902180635 0
6702 -0.05804596742917438 1.05908545223132 0
6703 0.8147694935616033 0.270242815896685 0
6704 -0.08163258650079575 -0.5573778606903772 0
6705 -0.06986499767213272 -0.5647820881817615 0
6706 2.377826051486607 1.067697827347663 0
6707 4.009827619630011 0.613458100599809 0
6708 -4.107788100102229 -1.308343394194126 0
6709 -3.90912618017628 -1.280041215393184 0
6710 0.07348861270035578 0.4818850696976668 0
6711 0.07964178273121866 0.4944165003736588 0
6712 -3.736522307076604 2.735520069134586 0
6713 0.7116287832281778 2.012675305430875 0
6714 -0.0008169235907003806 -0.5003550889969202 0
6715 -0.0002479011366119419 -0.5004198546967633 0
6716 0.06133534987246639 0.4828454470612246 0
6717 4.279848202506572 0.3568208496607285 0
6718 4.142284159315736 0.5120752627101566 0
6719 -0.3339556921286572 -0.2839278248053155 0
6720 0.02067571737913374 0.524646197035594 0
6721 0.02799955377296859 0.5199107793312059 0
6722 0.9595950417921203 -0.7133306254511977 0
6723 1.036355754965842 -2.481476029048961 0
6724 -3.655814808678228 2.579147702580954 0
6725 -0.4219605396944373 1.640990560902211 0
6726 2.162688005853395 3.783073495485976 0
6727 -0.07395827892182802 0.6143403396663074 0
6728 0.01574565890798748 0.5145742381344336 0
6729 0.01472366786398394 0.5208813956475611 0
6730 0.007970289078882776 -0.5107192829173003 0
6731 0.006803485034320398 -0.5138152625765346 0
6732 0.1102688203274506 0.545434717792689 0
6733 0.2887117970139896 0.2272525736781473 0
6734 0.02174591658702552 -0.4810635881770532 0
6735 0.1579914094328594 3.352665367635118 0
6736 0.7171492542404548 0.1305732688663455 0
6737 -1.94274155028828 0.991360539191015 0
6738 2.839368209212258 0.7765052930575382 0
6739 3.013747816355454 -1.575319717874132 0
6740 0.0663408995781323 -0.3619279934588863 0
6741 -0.0692707448389645 -0.6265706993588117 0
6742 -3.78726271422225 -2.764567159613577 0
6743 -3.879523753616906 -2.94027521233068 0
6744 -0.04646786866756632 0.4730262945735852 0
6745 -0.2236242575444423 -0.06695543919793749 0
6746 -0.2405126660761124 0.5264818351936074 0
6747 0.5257819834005827 3.428687372505432 0
6748 0.04616724990910898 -0.470788067002487 0
6749 1.026422513646493 -0.1096017375779358 0
6750 -1.057507560240379 0.4181845696882904 0
6751 -1.687585977270296 2.618000447875329 0
6752 -1.392600927122187 4.280697041962469 0
6753 -0.1594992066725898 -0.1986373314308579 0
6754 -0.04220136947610841 0.5023636156986553 0
6755 -0.03808753089555228 0.4949431091470604 0
6756 0.6262315912524051 0.6490333664061871 0
6757 0.5663435514154698 0.6568677874032105 0
6758 0.05690515140784565 -1.149362100867536 0
6759 -0.3037879060165641 -1.151332349730377 0
6760 -0.2609533523545895 -1.116666974311082 0
6761 0.01127593401370932 -0.5001481781811354 0
6762 -4.622078353810533 -4.440122602720858 0
6763 -0.03043008650711747 -0.4763820569989505 0
6764 3.672939954998147 -2.926004682596152 0
6765 3.867614943551793 -2.89148159294766 0
6766 -0.2497725044366714 -1.243004795826911 0
6767 -0.2072282707910454 -1.295505455058371 0
6768 0.02929273991488054 0.6452338927219 0
6769 -0.2760097806288822 1.888967356875771 0
6770 -0.4857214542780057 1.675099054467318 0
6771 0.03470804385532239 0.4685814360148005 0
6772 0.04201887068657279 0.467180878210916 0
6773 0.05094893817119431 0.4814697732101872 0
6774 0.05622119520833978 -0.596254555674771 0
6775 -0.2988886103547439 -0.782666405609507 0
6776 0.1600595351298215 0.4553309383124807 0
6777 0.1411743899378052 0.4531623333454809 0
6778 -2.000290075710347 -3.832852181379781 0
6779 -1.825389181385372 -3.828222789041455 0
6780 4.43006595327333 -4.5904916308594 0
6781 -4.44335570718979 4.628329958638394 0
6782 0.005989360423768074 0.5046224228000479 0
6783 0.008641073263400955 0.5027902573018592 0
6784 2.293019616527346 4.109672566485957 0
6785 0.01493502910192374 0.5279561718872623 0
6786 -2.057237255163737 -4.017060565841076 0
6787 -0.009605816761261557 -0.5029544223154162 0
6788 -0.0107842208679941 -0.5054040056903362 0
6789 -0.119640704778501 0.8220782455471407 0
6790 0.03528888118041176 -0.470151147907263 0
6791 -0.08555408083757671 0.5974604920801563 0
6792 0.009415071304365523 -0.5030396608291285 0
6793 -0.09373939118528557 -0.9075344692040562 0
6794 2.033763806413523 3.916775254991374 0
6795 -1.67845664763797 1.06771666067463 0
6796 -0.1459400089394838 0.5363442207101554 0
6797 -0.1712224588890153 0.5439826139662661 0
6798 0.04846478287403175 0.6806164770080858 0
6799 -1.369629041633045 -4.456141970292947 0
6800 -1.485563681354138 -4.295708890595506 0
6801 -1.537274413273622 -4.468747697968 0
6802 -1.04144335655024 0.5531052711862704 0
6803 -1.042229174990253 0.6235243369813264 0
6804 3.064172419146477 -1.42717228583293 0
6805 0.005759467103802481 -0.5187253674732661 0
6806 0.004048267908193065 -0.5223421336299581 0
6807 -0.2831877338214364 -1.205133025667136 0
6808 4.074485533868756 -2.674593276272439 0
6809 -1.04389139426141 0.4955564666150972 0
6810 -0.03438111857801955 0.8012101037452234 0
6811 0.01438431767744234 0.5043941045798843 0
6812 0.0144669592379488 0.5087025836837102 0
6813 -3.23408318041377 1.492158216081571 0
6814 4.474361882361297 0.4250633623412802 0
6815 0.0008728574282582332 -0.5075226647411968 0
6816 -0.0009611911308470909 -0.5078219736780322 0
6817 -0.1446865859227917 -0.5235700500287269 0
6818 -0.007377193120533422 0.5022657827499323 0
6819 -3.825828128766515 2.573685048343908 0
6820 0.5532435620446152 0.7472942953339601 0
6821 0.62007416188099 0.7477802061621338 0
6822 3.630029859342767 -3.108220290690356 0
6823 0.007729988865819486 -0.5045633144097381 0
6824 0.006803609116706948 -0.5021411340297858 0
6825 -0.2490481444685021 1.977220585994704 0
6826 0.02594170097174427 0.6692132033467638 0
6827 0.04178245756976046 0.4822976595485909 0
6828 0.04734435096254695 0.4739727865618691 0
6829 -0.009633860766936002 -0.5143114587430935 0
6830 -0.01141750835483318 -0.5175494386189301 0
6831 -1.711124821451063 -4.476878143816037 0
6832 0.02351195680308362 0.5132233642203017 0
6833 0.3013861835844867 0.6191051832268688 0
6834 -0.002230560275573012 -0.5092143071985744 0
6835 -0.00327297200888017 -0.5073286646010203 0
6836 -2.035545587796931 -4.505818576755249 0
6837 0.04211547212914286 -0.4632813343171414 0
6838 0.04608305724415107 -0.4544923463252996 0
6839 4.227742854320713 -0.3557953868184351 0
6840 0.06059456808701325 -1.194189003342583 0
6841 2.117396209017094 4.085573215179972 0
6842 0.01918565647115527 0.5116997663451693 0
6843 0.03572372837351051 0.7769896923304868 0
6844 0.007664316369285482 0.7597045197082932 0
6845 -0.0468317358383594 0.5299182639820004 0
6846 2.880663785024554 0.9170703405994438 0
6847 -0.789420861997196 0.568153206493287 0
6848 -0.03043892092200736 0.4789011227755455 0
6849 -0.03747696601707952 0.4753098606127565 0
6850 -0.03261112631670899 0.470876231096358 0
6851 -1.707277151238176 -3.974363808113312 0
6852 -0.08475578777919081 0.3519803168556069 0
6853 0.1192362185731767 0.5152411225098408 0
6854 0.007645707327247952 -0.5070103468318261 0
6855 0.1593322891086177 -0.3796819292203585 0
6856 0.1622961937211603 -0.3562077164549424 0
6857 0.07059556060540195 -0.5868153295428749 0
6858 -0.0005115481434414316 0.5124724479679476 0
6859 0.0004451582521509509 0.5167528895261212 0
6860 -0.01523733114729392 -0.5192029338407348 0
6861 0.009946596626229789 -0.517789818276761 0
6862 0.2104492478186488 -3.482966813457208 0
6863 -0.01301565438946008 -0.4943098287080789 0
6864 -4.135758592773907 0.6428555163050099 0
6865 -0.1264415789273888 -0.5339041338475509 0
6866 0.03423119660462445 0.4808645347876601 0
6867 0.006515200332572905 -0.5005073037294814 0
6868 -0.7448300601126071 0.5100381672644702 0
6869 -0.01160735199646692 -0.5113682992397139 0
6870 -0.1265420904184218 -0.5525467903991368 0
6871 -0.08048152127639915 0.373420064875709 0
6872 0.05124096750704792 -0.4428825795841681 0
6873 0.05387332632850737 -0.4332342145200573 0
6874 0.04180463245192151 -0.435418074174123 0
6875 0.06954896433899373 0.5026158314686265 0
6876 0.1291774373255593 0.4699386831018868 0
6877 0.03130215084455674 0.4754192140293285 0
6878 -0.0133064411431724 -0.5079708413270655 0
6879 -0.04429566327286469 0.4810511862527727 0
6880 -0.05671868687275064 -0.5689418415896269 0
6881 -0.04556339863225536 -0.5757061970108062 0
6882 -0.09812220469883987 -0.3212327253250609 0
6883 -0.1274130197887217 -0.1877378149659852 0
6884 0.1652051490330984 -0.3058659736745757 0
6885 -1.594574550095118 -4.13487410837898 0
6886 -0.004428131058872546 -0.5045840414712168 0
6887 -0.003697549890653609 -0.5058861266985299 0
6888 4.057516365161066 -2.843726236319301 0
6889 -0.01750722464105101 0.7768424991923304 0
6890 -0.08791832684242254 -0.6267566169474141 0
6891 -0.6889615449517568 0.5311928089864275 0
6892 -0.00224256352378734 0.5088293136445774 0
6893 -0.1396399025918351 0.5734114774206724 0
6894 -0.1312252063696621 0.5519672859588661 0
6895 -0.1259543192762759 -0.8889038498739941 0
6896 -4.112963762938113 -1.497955580818168 0
6897 0.1616294840576917 -0.3326970505179868 0
6898 0.005579248983243378 0.5016802843420802 0
6899 0.004829828278779967 0.5029998667466273 0
6900 0.6774698068984513 0.6485378060778495 0
6901 0.6453227639276611 0.699472924773602 0
6902 -1.111972173482104 -0.5359191444030863 0
6903 0.02085994640841079 0.8084056733621516 0
6904 -0.1694914378303773 0.5672093097665321 0
6905 0.00017097744342337 0.5008001055020099 0
6906 0.0003981639099838641 -0.5005310567226275 0
6907 0.0009669226856985775 -0.5004663510399863 0
6908 0.007062828915976694 0.5010092555013649 0
6909 0.1116823753869375 -0.8760833767029175 0
6910 -1.063143182424488 0.6963618657676963 0
6911 -0.9892631938106619 0.7244906948005545 0
6912 -0.01013040506623197 0.8106728715287304 0
6913 0.1821303923390114 -0.3464398634318109 0
6914 0.01927262929713875 -1.171887989783605 0
6915 -0.01952169040125489 -0.5195058076007157 0
6916 -0.2668587618511523 0.5459329470941108 0
6917 -1.765911654137773 -4.147804318004891 0
6918 -0.1066713545853707 -0.6308697120316293 0
6919 0.1202535515720556 0.5320971883588455 0
6920 0.0003050359608188208 -0.5018588525879519 0
6921 0.001023267464528777 -0.5025906040730317 0
6922 0.001514559323677685 -0.5017938649303348 0
6923 -0.003471425730623227 -0.5260187784665684 0
6924 0.5454584497473443 0.6966699184193144 0
6925 -1.937507798799638 -4.165364250594275 0
6926 -1.82480519765658 -4.325874550859944 0
6927 -0.01544447422096128 -0.5113224805201821 0
6928 -0.01802974432821677 -0.5150228121928115 0
6929 -1.882720966112928 -4.494438076405423 0
6930 0.001708478974294428 -0.52650527255382 0
6931 0.0001502627733719221 -0.5009509114193909 0
6932 -1.09434376662361 0.5266885728516751 0
6933 -0.1283408548363278 -0.6370399555544044 0
6934 0.001531762838489109 -0.5008475084062366 0
6935 -0.049103979126893 0.4856961051817695 0
6936 -0.05315971967132159 0.4961286868347961 0
6937 -0.0401130764764062 0.4879796712209407 0
6938 -0.05546909796332035 0.5386605030047456 0
6939 -0.0003977808238681548 0.5007353999350665 0
6940 -0.001158213562267656 0.5016309513509505 0
$EndNodes
$Elements
3436
1 8 2 1 2 2 48 67
2 8 2 1 2 48 49 68
3 8 2 1 2 49 50 69
4 8 2 1 2 50 51 70
5 8 2 1 2 51 52 71
6 8 2 1 2 52 53 72
7 8 2 1 2 53 54 73
8 8 2 1 2 54 55 74
9 8 2 1 2 55 56 75
10 8 2 1 2 56 57 76
11 8 2 1 2 57 58 77
12 8 2 1 2 58 59 78
13 8 2 1 2 59 60 79
14 8 2 1 2 60 61 80
15 8 2 1 2 61 62 81
16 8 2 1 2 62 63 82
17 8 2 1 2 63 64 83
18 8 2 1 2 64 65 84
19 8 2 1 2 65 66 85
20 8 2 1 2 66 3 86
21 8 2 2 4 4 126 145
22 8 2 2 4 126 127 146
23 8 2 2 4 127 128 147
24 8 2 2 4 128 129 148
25 8 2 2 4 129 130 149
26 8 2 2 4 130 131 150
27 8 2 2 4 131 132 151
28 8 2 2 4 132 133 152
29 8 2 2 4 133 134 153
30 8 2 2 4 134 135 154
31 8 2 2 4 135 136 155
32 8 2 2 4 136 137 156
33 8 2 2 4 137 138 157
34 8 2 2 4 138 139 158
35 8 2 2 4 139 140 159
36 8 2 2 4 140 141 160
37 8 2 2 4 141 142 161
38 8 2 2 4 142 143 162
39 8 2 2 4 143 144 163
40 8 2 2 4 144 1 164
41 9 2 3 1 1232 959 1412 1921 1922 1923
42 9 2 3 1 1144 884 1346 1924 1925 1926
43 9 2 3 1 594 595 600 1927 1928 1929
44 9 2 3 1 1247 603 1572 1930 1931 1932
45 9 2 3 1 685 1218 1611 1933 1934 1935
46 9 2 3 1 774 653 1563 1936 1937 1938
47 9 2 3 1 1141 328 1271 1939 1940 1941
48 9 2 3 1 321 1171 1818 1942 1943 1944
49 9 2 3 1 328 1141 1268 1939 1945 1946
50 9 2 3 1 1391 1044 1685 1947 1948 1949
51 9 2 3 1 600 601 674 1950 1951 1952
52 9 2 3 1 679 950 1182 1953 1954 1955
53 9 2 3 1 989 1388 1389 1956 1957 1958
54 9 2 3 1 722 718 1415 1959 1960 1961
55 9 2 3 1 990 894 1840 1962 1963 1964
56 9 2 3 1 519 1154 1301 1965 1966 1967
57 9 2 3 1 774 1147 1457 1968 1969 1970
58 9 2 3 1 1072 1284 1655 1971 1972 1973
59 9 2 3 1 1384 684 1480 1974 1975 1976
60 9 2 3 1 1370 1235 1883 1977 1978 1979
61 9 2 3 1 1333 1039 1345 1980 1981 1982
62 9 2 3 1 710 1132 1245 1983 1984 1985
63 9 2 3 1 1084 1355 1356 1986 1987 1988
64 9 2 3 1 1304 906 1703 1989 1990 1991
65 9 2 3 1 1162 1164 1652 1992 1993 1994
66 9 2 3 1 1143 1464 1803 1995 1996 1997
67 9 2 3 1 906 1197 1703 1998 1999 1990
68 9 2 3 1 774 1563 1813 1938 2000 2001
69 9 2 3 1 1134 1273 1275 2002 2003 2004
70 9 2 3 1 1680 1003 1730 2005 2006 2007
71 9 2 3 1 740 1492 1651 2008 2009 2010
72 9 2 3 1 1246 728 1477 2011 2012 2013
73 9 2 3 1 957 1220 1221 2014 2015 2016
74 9 2 3 1 1299 864 1419 2017 2018 2019
75 9 2 3 1 1161 851 1164 2020 2021 2022
76 9 2 3 1 791 990 1545 2023 2024 2025
77 9 2 3 1 1243 929 1433 2026 2027 2028
78 9 2 3 1 1284 322 1655 2029 2030 1972
79 9 2 3 1 1065 500 1739 2031 2032 2033
80 9 2 3 1 444 393 1239 2034 2035 2036
81 9 2 3 1 1215 1449 1852 2037 2038 2039
82 9 2 3 1 1284 1072 1877 1971 2040 2041
83 9 2 3 1 884 1144 1671 1924 2042 2043
84 9 2 3 1 1172 99 1832 2044 2045 2046
85 9 2 3 1 383 1186 1659 2047 2048 2049
86 9 2 3 1 514 1592 1851 2050 2051 2052
87 9 2 3 1 645 853 1291 2053 2054 2055
88 9 2 3 1 1577 1610 1611 2056 2057 2058
89 9 2 3 1 306 1131 1274 2059 2060 2061
90 9 2 3 1 1085 838 1678 2062 2063 2064
91 9 2 3 1 1239 393 1821 2035 2065 2066
92 9 2 3 1 718 737 1415 2067 2068 1960
93 9 2 3 1 1385 1146 1635 2069 2070 2071
94 9 2 3 1 325 1333 1345 2072 1982 2073
95 9 2 3 1 19 328 1269 2074 2075 2076
96 9 2 3 1 526 1235 1370 2077 1977 2078
97 9 2 3 1 973 1256 1459 2079 2080 2081
98 9 2 3 1 1044 1391 1726 1947 2082 2083
99 9 2 3 1 929 1243 1434 2026 2084 2085
100 9 2 3 1 1147 774 1813 1968 2001 2086
101 9 2 3 1 461 1631 1742 2087 2088 2089
102 9 2 3 1 1341 307 1342 2090 2091 2092
103 9 2 3 1 597 1399 1621 2093 2094 2095
104 9 2 3 1 787 789 989 2096 2097 2098
105 9 2 3 1 464 1194 1810 2099 2100 2101
106 9 2 3 1 514 1552 1592 2102 2103 2050
107 9 2 3 1 99 307 1832 2104 2105 2045
108 9 2 3 1 809 1279 1513 2106 2107 2108
109 9 2 3 1 1605 461 1662 2109 2110 2111
110 9 2 3 1 212 312 1298 2112 2113 2114
111 9 2 3 1 497 500 1065 2115 2031 2116
112 9 2 3 1 734 851 1161 2117 2020 2118
113 9 2 3 1 1419 912 1446 2119 2120 2121
114 9 2 3 1 1135 1605 1662 2122 2111 2123
115 9 2 3 1 1550 754 1643 2124 2125 2126
116 9 2 3 1 1386 855 1653 2127 2128 2129
117 9 2 3 1 855 607 1653 2130 2131 2128
118 9 2 3 1 1268 1142 1595 2132 2133 2134
119 9 2 3 1 94 1232 1412 2135 1923 2136
120 9 2 3 1 1113 1577 1611 2137 2058 2138
121 9 2 3 1 791 795 990 2139 2140 2023
122 9 2 3 1 785 176 1223 2141 2142 2143
123 9 2 3 1 1273 1134 1737 2002 2144 2145
124 9 2 3 1 1162 1161 1164 2146 2022 1992
125 9 2 3 1 1171 321 1453 1942 2147 2148
126 9 2 3 1 1342 307 1343 2091 2149 2150
127 9 2 3 1 800 1136 1884 2151 2152 2153
128 9 2 3 1 1122 1462 1479 2154 2155 2156
129 9 2 3 1 1573 1494 1727 2157 2158 2159
130 9 2 3 1 800 1091 1136 2160 2161 2151
131 9 2 3 1 764 765 780 2162 2163 2164
132 9 2 3 1 1542 1022 1670 2165 2166 2167
133 9 2 3 1 1256 973 1708 2079 2168 2169
134 9 2 3 1 680 676 838 2170 2171 2172
135 9 2 3 1 753 1189 1190 2173 2174 2175
136 9 2 3 1 1354 1544 1623 2176 2177 2178
137 9 2 3 1 449 1332 1703 2179 2180 2181
138 9 2 3 1 1143 1023 1464 2182 2183 1995
139 9 2 3 1 1216 519 1857 2184 2185 2186
140 9 2 3 1 895 719 1309 2187 2188 2189
141 9 2 3 1 1298 312 1878 2113 2190 2191
142 9 2 3 1 19 1269 1797 2076 2192 2193
143 9 2 3 1 305 1495 1723 2194 2195 2196
144 9 2 3 1 1462 318 1479 2197 2198 2155
145 9 2 3 1 519 389 1154 2199 2200 1965
146 9 2 3 1 1218 1110 1611 2201 2202 1934
147 9 2 3 1 1185 169 1668 2203 2204 2205
148 9 2 3 1 1131 306 1273 2059 2206 2207
149 9 2 3 1 618 556 1253 2208 2209 2210
150 9 2 3 1 918 1264 1530 2211 2212 2213
151 9 2 3 1 1252 383 1659 2214 2049 2215
152 9 2 3 1 1263 962 1461 2216 2217 2218
153 9 2 3 1 1277 1308 1642 2219 2220 2221
154 9 2 3 1 1247 1246 1477 2222 2013 2223
155 9 2 3 1 1716 1126 1734 2224 2225 2226
156 9 2 3 1 1322 396 1773 2227 2228 2229
157 9 2 3 1 916 915 1244 2230 2231 2232
158 9 2 3 1 853 1257 1291 2233 2234 2054
159 9 2 3 1 1315 1059 1472 2235 2236 2237
160 9 2 3 1 1003 1004 1730 2238 2239 2006
161 9 2 3 1 768 918 1530 2240 2213 2241
162 9 2 3 1 1350 1356 1358 2242 2243 2244
163 9 2 3 1 1088 1233 1234 2245 2246 2247
164 9 2 3 1 501 1169 1374 2248 2249 2250
165 9 2 3 1 1253 556 1618 2209 2251 2252
166 9 2 3 1 1399 942 1621 2253 2254 2094
167 9 2 3 1 1494 1573 1748 2157 2255 2256
168 9 2 3 1 772 921 1198 2257 2258 2259
169 9 2 3 1 388 446 1418 2260 2261 2262
170 9 2 3 1 323 1104 1634 2263 2264 2265
171 9 2 3 1 740 1403 1492 2266 2267 2008
172 9 2 3 1 1136 1091 1551 2161 2268 2269
173 9 2 3 1 1119 1479 1487 2270 2271 2272
174 9 2 3 1 1215 1302 1449 2273 2274 2037
175 9 2 3 1 349 1188 1326 2275 2276 2277
176 9 2 3 1 628 1381 1382 2278 2279 2280
177 9 2 3 1 780 781 1261 2281 2282 2283
178 9 2 3 1 238 546 1405 2284 2285 2286
179 9 2 3 1 950 1199 1201 2287 2288 2289
180 9 2 3 1 603 667 1572 2290 2291 1931
181 9 2 3 1 1313 1559 1898 2292 2293 2294
182 9 2 3 1 305 1378 1495 2295 2296 2194
183 9 2 3 1 1434 1716 1734 2297 2226 2298
184 9 2 3 1 176 175 1223 192 2299 2142
185 9 2 3 1 920 1149 1187 2300 2301 2302
186 9 2 3 1 1186 519 1216 2303 2184 2304
187 9 2 3 1 600 674 675 1952 2305 2306
188 9 2 3 1 498 1542 1670 2307 2167 2308
189 9 2 3 1 1068 895 1254 2309 2310 2311
190 9 2 3 1 1067 1299 1419 2312 2019 2313
191 9 2 3 1 1132 710 1541 1983 2314 2315
192 9 2 3 1 1308 1277 1643 2219 2316 2317
193 9 2 3 1 1104 323 1565 2263 2318 2319
194 9 2 3 1 572 574 594 2320 2321 2322
195 9 2 3 1 886 1300 1334 2323 2324 2325
196 9 2 3 1 1573 358 1748 2326 2327 2255
197 9 2 3 1 950 1201 1202 2289 2328 2329
198 9 2 3 1 562 564 1058 2330 2331 2332
199 9 2 3 1 569 572 1048 2333 2334 2335
200 9 2 3 1 236 235 1146 252 2336 2337
201 9 2 3 1 676 674 1081 2338 2339 2340
202 9 2 3 1 976 1108 1217 2341 2342 2343
203 9 2 3 1 596 741 1267 2344 2345 2346
204 9 2 3 1 396 1616 1619 2347 2348 2349
205 9 2 3 1 959 1232 1641 1921 2350 2351
206 9 2 3 1 679 833 950 2352 2353 1953
207 9 2 3 1 1292 1152 1563 2354 2355 2356
208 9 2 3 1 1187 1149 1213 2301 2357 2358
209 9 2 3 1 390 388 1418 2359 2262 2360
210 9 2 3 1 976 1217 1918 2343 2361 2362
211 9 2 3 1 204 203 1158 220 2363 2364
212 9 2 3 1 962 1263 1744 2216 2365 2366
213 9 2 3 1 838 676 1081 2171 2340 2367
214 9 2 3 1 1197 906 1310 1998 2368 2369
215 9 2 3 1 1356 1355 1358 1987 2370 2243
216 9 2 3 1 1261 781 1779 2282 2371 2372
217 9 2 3 1 1790 1609 1874 2373 2374 2375
218 9 2 3 1 752 584 1314 2376 2377 2378
219 9 2 3 1 761 762 764 2379 2380 2381
220 9 2 3 1 1124 971 1311 2382 2383 2384
221 9 2 3 1 1145 1146 1385 2385 2069 2386
222 9 2 3 1 1058 564 1740 2331 2387 2388
223 9 2 3 1 1287 1286 1288 2389 2390 2391
224 9 2 3 1 396 1322 1616 2227 2392 2347
225 9 2 3 1 753 540 1189 2393 2394 2173
226 9 2 3 1 1254 895 1309 2310 2189 2395
227 9 2 3 1 201 200 1753 217 2396 2397
228 9 2 3 1 1270 1268 1595 2398 2134 2399
229 9 2 3 1 1220 957 1641 2014 2400 2401
230 9 2 3 1 1131 864 1299 2402 2017 2403
231 9 2 3 1 764 762 765 2380 2404 2162
232 9 2 3 1 564 567 568 2405 2406 2407
233 9 2 3 1 603 1247 1477 1930 2223 2408
234 9 2 3 1 1081 1082 1839 2409 2410 2411
235 9 2 3 1 1198 921 1618 2258 2412 2413
236 9 2 3 1 1693 1226 1792 2414 2415 2416
237 9 2 3 1 476 477 1170 2417 2418 2419
238 9 2 3 1 1276 329 1278 2420 2421 2422
239 9 2 3 1 495 497 498 2423 2424 2425
240 9 2 3 1 1240 916 1244 2426 2232 2427
241 9 2 3 1 1190 1305 1867 2428 2429 2430
242 9 2 3 1 464 369 1194 2431 2432 2099
243 9 2 3 1 1332 1304 1703 2433 1991 2180
244 9 2 3 1 970 684 1624 2434 2435 2436
245 9 2 3 1 783 784 1779 2437 2438 2439
246 9 2 3 1 719 708 1309 2440 2441 2188
247 9 2 3 1 498 497 1065 2424 2116 2442
248 9 2 3 1 1277 1550 1643 2443 2126 2316
249 9 2 3 1 787 989 1626 2098 2444 2445
250 9 2 3 1 466 1106 1706 2446 2447 2448
251 9 2 3 1 937 1127 1612 2449 2450 2451
252 9 2 3 1 1193 434 1594 2452 2453 2454
253 9 2 3 1 903 904 1252 2455 2456 2457
254 9 2 3 1 1397 516 1786 2458 2459 2460
255 9 2 3 1 1272 316 1630 2461 2462 2463
256 9 2 3 1 806 1059 1315 2464 2235 2465
257 9 2 3 1 401 1123 1808 2466 2467 2468
258 9 2 3 1 1169 501 1562 2248 2469 2470
259 9 2 3 1 1464 1153 1803 2471 2472 1996
260 9 2 3 1 1280 1207 1720 2473 2474 2475
261 9 2 3 1 560 562 593 2476 2477 2478
262 9 2 3 1 744 1157 1663 2479 2480 2481
263 9 2 3 1 1202 1201 1383 2328 2482 2483
264 9 2 3 1 1544 1043 1623 2484 2485 2177
265 9 2 3 1 383 384 1186 2486 2487 2047
266 9 2 3 1 170 169 1185 186 2203 2488
267 9 2 3 1 647 645 1291 2489 2055 2490
268 9 2 3 1 1106 466 1294 2446 2491 2492
269 9 2 3 1 948 1617 1751 2493 2494 2495
270 9 2 3 1 680 838 1085 2172 2062 2496
271 9 2 3 1 780 765 781 2163 2497 2281
272 9 2 3 1 675 674 676 2305 2338 2498
273 9 2 3 1 1124 1311 1650 2384 2499 2500
274 9 2 3 1 534 621 1248 2501 2502 2503
275 9 2 3 1 1108 1110 1218 2504 2201 2505
276 9 2 3 1 538 753 1173 2506 2507 2508
277 9 2 3 1 1251 383 1252 2509 2214 2510
278 9 2 3 1 594 574 595 2321 2511 1927
279 9 2 3 1 446 1320 1418 2512 2513 2261
280 9 2 3 1 1479 987 1487 2514 2515 2271
281 9 2 3 1 1455 985 1536 2516 2517 2518
282 9 2 3 1 1282 1720 1755 2519 2520 2521
283 9 2 3 1 511 520 1032 2522 2523 2524
284 9 2 3 1 213 212 1298 229 2114 2525
285 9 2 3 1 1068 1254 1507 2311 2526 2527
286 9 2 3 1 662 1455 1536 2528 2518 2529
287 9 2 3 1 354 1209 1249 2530 2531 2532
288 9 2 3 1 316 57 1630 2533 2534 2462
289 9 2 3 1 633 631 1459 2535 2536 2537
290 9 2 3 1 548 550 1181 2538 2539 2540
291 9 2 3 1 1179 1732 1812 2541 2542 2543
292 9 2 3 1 1154 1035 1301 2544 2545 1966
293 9 2 3 1 1328 937 1612 2546 2451 2547
294 9 2 3 1 1158 1196 1206 2548 2549 2550
295 9 2 3 1 1511 623 1644 2551 2552 2553
296 9 2 3 1 1554 1488 1859 2554 2555 2556
297 9 2 3 1 593 562 1058 2477 2332 2557
298 9 2 3 1 1345 857 1490 2558 2559 2560
299 9 2 3 1 623 1511 1687 2551 2561 2562
300 9 2 3 1 1303 906 1304 2563 1989 2564
301 9 2 3 1 440 1423 1467 2565 2566 2567
302 9 2 3 1 1173 753 1614 2507 2568 2569
303 9 2 3 1 1053 1050 1442 2570 2571 2572
304 9 2 3 1 1616 992 1619 2573 2574 2348
305 9 2 3 1 1412 959 1602 1922 2575 2576
306 9 2 3 1 1137 1593 1683 2577 2578 2579
307 9 2 3 1 557 560 1071 2580 2581 2582
308 9 2 3 1 694 696 1433 2583 2584 2585
309 9 2 3 1 446 1319 1320 2586 2587 2512
310 9 2 3 1 1317 553 1570 2588 2589 2590
311 9 2 3 1 1577 1113 1831 2137 2591 2592
312 9 2 3 1 1505 468 1540 2593 2594 2595
313 9 2 3 1 939 1385 1635 2596 2071 2597
314 9 2 3 1 880 976 1918 2598 2362 2599
315 9 2 3 1 632 634 1461 2600 2601 2602
316 9 2 3 1 787 788 789 2603 2604 2096
317 9 2 3 1 98 99 1172 118 2044 2605
318 9 2 3 1 1134 1275 1369 2004 2606 2607
319 9 2 3 1 888 886 1334 2608 2325 2609
320 9 2 3 1 1190 1192 1305 2610 2611 2428
321 9 2 3 1 1495 1080 1723 2612 2613 2195
322 9 2 3 1 838 1081 1839 2367 2411 2614
323 9 2 3 1 1067 1419 1446 2313 2121 2615
324 9 2 3 1 1235 526 1426 2077 2616 2617
325 9 2 3 1 1285 1286 1287 2618 2389 2619
326 9 2 3 1 780 1261 1868 2283 2620 2621
327 9 2 3 1 276 1195 1615 2622 2623 2624
328 9 2 3 1 876 1403 1685 2625 2626 2627
329 9 2 3 1 1623 1085 1690 2628 2629 2630
330 9 2 3 1 560 561 562 2631 2632 2476
331 9 2 3 1 1593 23 1683 2633 2634 2578
332 9 2 3 1 1236 877 1513 2635 2636 2637
333 9 2 3 1 1693 1692 1754 2638 2639 2640
334 9 2 3 1 1614 753 1867 2568 2641 2642
335 9 2 3 1 628 1382 1752 2280 2643 2644
336 9 2 3 1 500 503 517 2645 2646 2647
337 9 2 3 1 1446 912 1780 2120 2648 2649
338 9 2 3 1 593 1058 1115 2557 2650 2651
339 9 2 3 1 335 327 336 2652 2653 2654
340 9 2 3 1 1219 336 1431 2655 2656 2657
341 9 2 3 1 200 199 1755 216 2658 2659
342 9 2 3 1 986 1325 1444 2660 2661 2662
343 9 2 3 1 1407 1408 1522 2663 2664 2665
344 9 2 3 1 728 1246 1732 2011 2666 2667
345 9 2 3 1 995 1250 1251 2668 2669 2670
346 9 2 3 1 495 496 497 2671 2672 2423
347 9 2 3 1 564 568 1740 2407 2673 2387
348 9 2 3 1 1564 812 1578 2674 2675 2676
349 9 2 3 1 321 1312 1453 2677 2678 2147
350 9 2 3 1 1185 1234 1667 2679 2680 2681
351 9 2 3 1 1305 1298 1878 2682 2191 2683
352 9 2 3 1 1403 876 1492 2625 2684 2267
353 9 2 3 1 741 873 1267 2685 2686 2345
354 9 2 3 1 904 995 1252 2687 2688 2456
355 9 2 3 1 600 595 601 1928 2689 1950
356 9 2 3 1 1147 1430 1457 2690 2691 1969
357 9 2 3 1 771 939 1435 2692 2693 2694
358 9 2 3 1 493 494 495 2695 2696 2697
359 9 2 3 1 500 517 1739 2647 2698 2032
360 9 2 3 1 1035 1154 1714 2544 2699 2700
361 9 2 3 1 476 475 477 2701 2702 2417
362 9 2 3 1 335 336 1219 2654 2655 2703
363 9 2 3 1 431 526 1222 2704 2705 2706
364 9 2 3 1 1188 349 1894 2275 2707 2708
365 9 2 3 1 1248 621 1331 2502 2709 2710
366 9 2 3 1 596 1267 1483 2346 2711 2712
367 9 2 3 1 1359 1203 1912 2713 2714 2715
368 9 2 3 1 1278 329 1654 2421 2716 2717
369 9 2 3 1 753 1190 1867 2175 2430 2641
370 9 2 3 1 1313 301 1559 2718 2719 2292
371 9 2 3 1 379 383 1251 2720 2509 2721
372 9 2 3 1 21 308 1271 2722 2723 2724
373 9 2 3 1 1063 1173 1614 2725 2569 2726
374 9 2 3 1 1169 1380 1663 2727 2728 2729
375 9 2 3 1 1173 1063 1478 2725 2730 2731
376 9 2 3 1 1559 1077 1898 2732 2733 2293
377 9 2 3 1 934 1240 1244 2734 2427 2735
378 9 2 3 1 766 764 1088 2736 2737 2738
379 9 2 3 1 1104 1034 1634 2739 2740 2264
380 9 2 3 1 308 1790 1874 2741 2375 2742
381 9 2 3 1 393 395 1821 2743 2744 2065
382 9 2 3 1 819 906 1303 2745 2563 2746
383 9 2 3 1 477 479 485 2747 2748 2749
384 9 2 3 1 511 1033 1915 2750 2751 2752
385 9 2 3 1 493 495 1670 2697 2753 2754
386 9 2 3 1 1055 1302 1428 2755 2756 2757
387 9 2 3 1 1042 1480 1622 2758 2759 2760
388 9 2 3 1 1163 1165 1166 2761 2762 2763
389 9 2 3 1 472 920 1187 2764 2302 2765
390 9 2 3 1 1617 1156 1751 2766 2767 2494
391 9 2 3 1 786 787 1920 2768 2769 2770
392 9 2 3 1 474 475 476 2771 2701 2772
393 9 2 3 1 953 1055 1428 2773 2757 2774
394 9 2 3 1 902 1421 1777 2775 2776 2777
395 9 2 3 1 1491 424 1558 2778 2779 2780
396 9 2 3 1 929 694 1433 2781 2585 2027
397 9 2 3 1 516 532 1786 2782 2783 2459
398 9 2 3 1 531 744 1663 2784 2481 2785
399 9 2 3 1 1157 744 1863 2479 2786 2787
400 9 2 3 1 1691 1760 1768 2788 2789 2790
401 9 2 3 1 631 973 1459 2791 2081 2536
402 9 2 3 1 1209 356 1210 2792 2793 2794
403 9 2 3 1 1146 235 1715 2336 2795 2796
404 9 2 3 1 1214 1044 1726 2797 2083 2798
405 9 2 3 1 812 848 1578 2799 2800 2675
406 9 2 3 1 1701 1200 1702 2801 2802 2803
407 9 2 3 1 1285 647 1286 2804 2805 2618
408 9 2 3 1 572 594 1048 2322 2806 2334
409 9 2 3 1 481 493 1803 2807 2808 2809
410 9 2 3 1 569 1048 1819 2335 2810 2811
411 9 2 3 1 594 600 1796 1929 2812 2813
412 9 2 3 1 497 499 500 2814 2815 2115
413 9 2 3 1 1423 1295 1467 2816 2817 2566
414 9 2 3 1 1340 1201 1870 2818 2819 2820
415 9 2 3 1 674 679 1770 2821 2822 2823
416 9 2 3 1 1189 810 1191 2824 2825 2826
417 9 2 3 1 732 734 1161 2827 2118 2828
418 9 2 3 1 1206 1207 1208 2829 2830 2831
419 9 2 3 1 669 1425 1575 2832 2833 2834
420 9 2 3 1 1222 526 1880 2705 2835 2836
421 9 2 3 1 1152 1151 1563 2837 2838 2355
422 9 2 3 1 1330 744 1671 2839 2840 2841
423 9 2 3 1 1183 514 1856 2842 2843 2844
424 9 2 3 1 1504 210 1576 2845 2846 2847
425 9 2 3 1 1008 1607 1793 2848 2849 2850
426 9 2 3 1 403 405 439 2851 2852 2853
427 9 2 3 1 950 833 1199 2353 2854 2287
428 9 2 3 1 1153 481 1803 2855 2809 2472
429 9 2 3 1 798 800 1884 2856 2153 2857
430 9 2 3 1 1325 133 1444 2858 2859 2661
431 9 2 3 1 1088 1234 1543 2247 2860 2861
432 9 2 3 1 993 1317 1570 2862 2590 2863
433 9 2 3 1 962 632 1461 2864 2602 2217
434 9 2 3 1 1170 477 1881 2418 2865 2866
435 9 2 3 1 1629 401 1808 2867 2468 2868
436 9 2 3 1 1570 1569 1687 2869 2870 2871
437 9 2 3 1 1028 1043 1238 2872 2873 2874
438 9 2 3 1 444 1239 1547 2036 2875 2876
439 9 2 3 1 616 812 1729 2877 2878 2879
440 9 2 3 1 244 243 1348 260 2880 2881
441 9 2 3 1 1558 1557 1785 2882 2883 2884
442 9 2 3 1 1373 1505 1540 2885 2595 2886
443 9 2 3 1 701 705 1242 2887 2888 2889
444 9 2 3 1 13 1265 1476 2890 2891 2892
445 9 2 3 1 1096 1389 1891 2893 2894 2895
446 9 2 3 1 275 274 299 291 2896 2897
447 9 2 3 1 209 208 302 225 2898 2899
448 9 2 3 1 947 1197 1310 2900 2369 2901
449 9 2 3 1 800 804 1091 2902 2903 2160
450 9 2 3 1 172 487 1583 2904 2905 2906
451 9 2 3 1 568 567 569 2406 2907 2908
452 9 2 3 1 990 991 1390 2909 2910 2911
453 9 2 3 1 894 990 1887 1962 2912 2913
454 9 2 3 1 1158 203 1196 2363 2914 2548
455 9 2 3 1 861 1680 1730 2915 2007 2916
456 9 2 3 1 1240 934 1475 2734 2917 2918
457 9 2 3 1 238 237 546 254 2919 2284
458 9 2 3 1 628 1170 1381 2920 2921 2278
459 9 2 3 1 734 749 851 2922 2923 2117
460 9 2 3 1 1388 989 1390 1956 2924 2925
461 9 2 3 1 877 1236 1721 2635 2926 2927
462 9 2 3 1 1649 1437 1775 2928 2929 2930
463 9 2 3 1 302 208 1155 2898 2931 2932
464 9 2 3 1 752 1314 1731 2378 2933 2934
465 9 2 3 1 1579 1734 1785 2935 2936 2937
466 9 2 3 1 498 1065 1628 2442 2938 2939
467 9 2 3 1 752 1327 1328 2940 2941 2942
468 9 2 3 1 1084 244 1348 2943 2881 2944
469 9 2 3 1 1531 608 1556 2945 2946 2947
470 9 2 3 1 1164 851 1452 2021 2948 2949
471 9 2 3 1 1115 1058 1241 2650 2950 2951
472 9 2 3 1 452 455 474 2952 2953 2954
473 9 2 3 1 1426 436 1496 2955 2956 2957
474 9 2 3 1 1279 1032 1513 2958 2959 2107
475 9 2 3 1 628 476 1170 2960 2419 2920
476 9 2 3 1 1293 312 1447 2961 2962 2963
477 9 2 3 1 1490 857 1647 2559 2964 2965
478 9 2 3 1 1403 740 1895 2266 2966 2967
479 9 2 3 1 1157 1169 1663 2968 2729 2480
480 9 2 3 1 474 455 475 2953 2969 2771
481 9 2 3 1 1609 1140 1874 2970 2971 2374
482 9 2 3 1 1199 1200 1870 2972 2973 2974
483 9 2 3 1 1365 1537 1596 2975 2976 2977
484 9 2 3 1 1297 213 1298 2978 2525 2979
485 9 2 3 1 979 1205 1455 2980 2981 2982
486 9 2 3 1 1342 1490 1647 2983 2965 2984
487 9 2 3 1 1674 1150 1892 2985 2986 2987
488 9 2 3 1 94 95 1232 114 2988 2135
489 9 2 3 1 346 349 1326 2989 2277 2990
490 9 2 3 1 761 760 762 2991 2992 2379
491 9 2 3 1 353 356 1209 2993 2792 2994
492 9 2 3 1 526 433 1426 2995 2996 2616
493 9 2 3 1 1269 1270 1440 2997 2998 2999
494 9 2 3 1 240 545 1028 3000 3001 3002
495 9 2 3 1 391 393 444 3003 2034 3004
496 9 2 3 1 670 1491 1801 3005 3006 3007
497 9 2 3 1 1188 923 1326 3008 3009 2276
498 9 2 3 1 805 882 1527 3010 3011 3012
499 9 2 3 1 989 1389 1626 1958 3013 2444
500 9 2 3 1 63 324 1369 3014 3015 3016
501 9 2 3 1 1236 1237 1721 3017 3018 2926
502 9 2 3 1 1335 1053 1442 3019 2572 3020
503 9 2 3 1 481 483 493 3021 3022 2807
504 9 2 3 1 167 321 1283 3023 3024 3025
505 9 2 3 1 233 322 1284 3026 2029 3027
506 9 2 3 1 1416 320 1473 3028 3029 3030
507 9 2 3 1 1363 1202 1368 3031 3032 3033
508 9 2 3 1 97 327 335 3034 2652 3035
509 9 2 3 1 896 805 1527 3036 3012 3037
510 9 2 3 1 945 1211 1879 3038 3039 3040
511 9 2 3 1 995 1251 1252 2670 2510 2688
512 9 2 3 1 240 239 545 256 3041 3000
513 9 2 3 1 532 534 1248 3042 2503 3043
514 9 2 3 1 749 751 1454 3044 3045 3046
515 9 2 3 1 1246 1260 1732 3047 3048 2666
516 9 2 3 1 784 786 1920 3049 2770 3050
517 9 2 3 1 715 1404 1888 3051 3052 3053
518 9 2 3 1 569 571 572 3054 3055 2333
519 9 2 3 1 640 636 1255 3056 3057 3058
520 9 2 3 1 1440 1441 1582 3059 3060 3061
521 9 2 3 1 434 1193 1469 2452 3062 3063
522 9 2 3 1 1163 1162 1165 3064 3065 2761
523 9 2 3 1 969 1424 1425 3066 3067 3068
524 9 2 3 1 1160 1158 1206 3069 2550 3070
525 9 2 3 1 1434 443 1474 3071 3072 3073
526 9 2 3 1 1269 1440 1797 2999 3074 2192
527 9 2 3 1 1280 991 1704 3075 3076 3077
528 9 2 3 1 751 760 761 3078 2991 3079
529 9 2 3 1 1281 1280 1720 3080 2475 3081
530 9 2 3 1 299 274 1174 2896 3082 3083
531 9 2 3 1 653 776 1563 3084 3085 1937
532 9 2 3 1 554 555 556 3086 3087 3088
533 9 2 3 1 1618 556 1841 2251 3089 3090
534 9 2 3 1 1044 1214 1756 2797 3091 3092
535 9 2 3 1 485 479 1153 2748 3093 3094
536 9 2 3 1 328 20 1271 3095 3096 1940
537 9 2 3 1 684 682 1624 3097 3098 2435
538 9 2 3 1 1242 1243 1433 3099 2028 3100
539 9 2 3 1 401 402 403 3101 3102 3103
540 9 2 3 1 891 890 1086 3104 3105 3106
541 9 2 3 1 387 389 519 3107 2199 3108
542 9 2 3 1 791 793 795 3109 3110 2139
543 9 2 3 1 1308 1307 1642 3111 3112 2220
544 9 2 3 1 336 337 338 3113 3114 3115
545 9 2 3 1 1218 685 1625 1933 3116 3117
546 9 2 3 1 487 1184 1306 3118 3119 3120
547 9 2 3 1 20 21 1271 40 2724 3096
548 9 2 3 1 245 1084 1356 3121 1988 3122
549 9 2 3 1 505 507 511 3123 3124 3125
550 9 2 3 1 857 1345 1656 2558 3126 3127
551 9 2 3 1 1032 520 1236 2523 3128 3129
552 9 2 3 1 1211 945 1698 3038 3130 3131
553 9 2 3 1 557 559 560 3132 3133 2580
554 9 2 3 1 359 361 375 3134 3135 3136
555 9 2 3 1 892 902 1193 3137 3138 3139
556 9 2 3 1 554 556 618 3088 2208 3140
557 9 2 3 1 534 536 621 3141 3142 2501
558 9 2 3 1 526 1370 1880 2078 3143 2835
559 9 2 3 1 1294 1742 1890 3144 3145 3146
560 9 2 3 1 795 797 1887 3147 3148 3149
561 9 2 3 1 1622 970 1623 3150 3151 3152
562 9 2 3 1 789 791 1545 3153 2025 3154
563 9 2 3 1 674 601 679 1951 3155 2821
564 9 2 3 1 180 179 1792 196 3156 3157
565 9 2 3 1 427 429 465 3158 3159 3160
566 9 2 3 1 1205 979 1438 2980 3161 3162
567 9 2 3 1 1554 311 1658 3163 3164 3165
568 9 2 3 1 345 344 346 3166 3167 3168
569 9 2 3 1 638 659 1262 3169 3170 3171
570 9 2 3 1 548 1181 1861 2540 3172 3173
571 9 2 3 1 384 387 1186 3174 3175 2487
572 9 2 3 1 277 276 1615 293 2624 3176
573 9 2 3 1 1447 312 1504 2962 3177 3178
574 9 2 3 1 991 990 1840 2909 1964 3179
575 9 2 3 1 351 353 354 3180 3181 3182
576 9 2 3 1 343 342 344 3183 3184 3185
577 9 2 3 1 61 62 1275 81 3186 3187
578 9 2 3 1 100 101 1343 120 3188 3189
579 9 2 3 1 1469 902 1777 3190 2777 3191
580 9 2 3 1 648 647 1285 3192 2804 3193
581 9 2 3 1 455 453 1402 3194 3195 3196
582 9 2 3 1 957 1221 1450 2016 3197 3198
583 9 2 3 1 1204 1104 1565 3199 2319 3200
584 9 2 3 1 966 1531 1556 3201 2947 3202
585 9 2 3 1 1318 1054 1817 3203 3204 3205
586 9 2 3 1 1128 892 1193 3206 3139 3207
587 9 2 3 1 365 1337 1338 3208 3209 3210
588 9 2 3 1 923 736 1326 3211 3212 3009
589 9 2 3 1 841 715 1888 3213 3053 3214
590 9 2 3 1 1226 1693 1754 2414 2640 3215
591 9 2 3 1 1319 914 1320 3216 3217 2587
592 9 2 3 1 403 404 405 3218 3219 2851
593 9 2 3 1 572 573 574 3220 3221 2320
594 9 2 3 1 1607 1401 1793 3222 3223 2849
595 9 2 3 1 749 1454 1772 3046 3224 3225
596 9 2 3 1 1116 1318 1817 3226 3205 3227
597 9 2 3 1 1288 1290 1560 3228 3229 3230
598 9 2 3 1 307 100 1343 3231 3189 2149
599 9 2 3 1 582 584 752 3232 2376 3233
600 9 2 3 1 590 1367 1368 3234 3235 3236
601 9 2 3 1 450 452 1460 3237 3238 3239
602 9 2 3 1 1152 1292 1494 2354 3240 3241
603 9 2 3 1 1167 1166 1168 3242 3243 3244
604 9 2 3 1 1017 1426 1496 3245 2957 3246
605 9 2 3 1 1331 1478 1526 3247 3248 3249
606 9 2 3 1 544 548 1396 3250 3251 3252
607 9 2 3 1 1405 546 1406 2285 3253 3254
608 9 2 3 1 479 481 1153 3255 2855 3093
609 9 2 3 1 701 1242 1433 2889 3100 3256
610 9 2 3 1 1287 1288 1289 2391 3257 3258
611 9 2 3 1 988 1486 1919 3259 3260 3261
612 9 2 3 1 1529 1398 1553 3262 3263 3264
613 9 2 3 1 761 764 766 2381 2736 3265
614 9 2 3 1 959 958 1602 3266 3267 2575
615 9 2 3 1 336 327 337 2653 3268 3113
616 9 2 3 1 778 779 890 3269 3270 3271
617 9 2 3 1 1190 1189 1191 2174 2826 3272
618 9 2 3 1 1274 1131 1299 2060 2403 3273
619 9 2 3 1 1288 1286 1290 2390 3274 3228
620 9 2 3 1 891 1125 1404 3275 3276 3277
621 9 2 3 1 1275 62 1369 3186 3278 2606
622 9 2 3 1 389 391 1154 3279 3280 2200
623 9 2 3 1 1343 101 1344 3188 3281 3282
624 9 2 3 1 781 783 1779 3283 2439 2371
625 9 2 3 1 1210 356 1916 2793 3284 3285
626 9 2 3 1 1256 1255 1459 3286 3287 2080
627 9 2 3 1 278 277 311 294 3288 3289
628 9 2 3 1 212 211 312 228 3290 2112
629 9 2 3 1 1009 1007 1374 3291 3292 3293
630 9 2 3 1 1486 1371 1919 3294 3295 3260
631 9 2 3 1 493 1670 1803 2754 3296 2808
632 9 2 3 1 1217 1108 1218 2342 2505 3297
633 9 2 3 1 1041 1042 1622 3298 2760 3299
634 9 2 3 1 178 177 1697 194 3300 3301
635 9 2 3 1 1266 1757 1843 3302 3303 3304
636 9 2 3 1 169 297 1668 3305 3306 2204
637 9 2 3 1 1613 865 1632 3307 3308 3309
638 9 2 3 1 812 1564 1729 2674 3310 2878
639 9 2 3 1 398 400 401 3311 3312 3313
640 9 2 3 1 313 335 1219 3314 2703 3315
641 9 2 3 1 673 1586 1750 3316 3317 3318
642 9 2 3 1 1411 1323 1637 3319 3320 3321
643 9 2 3 1 1165 1488 1554 3322 2554 3323
644 9 2 3 1 136 329 1307 3324 3325 3326
645 9 2 3 1 890 892 1128 3327 3206 3328
646 9 2 3 1 850 1649 1775 3329 2930 3330
647 9 2 3 1 199 1282 1755 3331 2521 2658
648 9 2 3 1 409 411 466 3332 3333 3334
649 9 2 3 1 1316 1440 1582 3335 3061 3336
650 9 2 3 1 341 340 342 3337 3338 3339
651 9 2 3 1 401 403 1123 3103 3340 2466
652 9 2 3 1 778 891 1404 3341 3277 3342
653 9 2 3 1 983 1308 1643 3343 2317 3344
654 9 2 3 1 1308 983 1758 3343 3345 3346
655 9 2 3 1 540 542 1189 3347 3348 2394
656 9 2 3 1 1331 1527 1763 3349 3350 3351
657 9 2 3 1 618 1253 1606 2210 3352 3353
658 9 2 3 1 1541 1025 1713 3354 3355 3356
659 9 2 3 1 846 732 1161 3357 2828 3358
660 9 2 3 1 1543 297 1689 3359 3360 3361
661 9 2 3 1 1231 1662 1809 3362 3363 3364
662 9 2 3 1 627 476 628 3365 2960 3366
663 9 2 3 1 1233 1088 1836 2245 3367 3368
664 9 2 3 1 763 1407 1522 3369 2665 3370
665 9 2 3 1 1195 276 1705 2622 3371 3372
666 9 2 3 1 511 512 520 3373 3374 2522
667 9 2 3 1 7 213 1297 230 2978 3375
668 9 2 3 1 1279 1539 1699 3376 3377 3378
669 9 2 3 1 367 369 464 3379 2431 3380
670 9 2 3 1 1371 310 1372 3381 3382 3383
671 9 2 3 1 929 1434 1474 2085 3073 3384
672 9 2 3 1 749 750 751 3385 3386 3044
673 9 2 3 1 846 1162 1163 3387 3064 3388
674 9 2 3 1 12 13 1476 32 2892 3389
675 9 2 3 1 1244 915 1829 2231 3390 3391
676 9 2 3 1 538 540 753 3392 2393 2506
677 9 2 3 1 846 1161 1162 3358 2146 3387
678 9 2 3 1 369 371 1194 3393 3394 2432
679 9 2 3 1 1130 1060 1447 3395 3396 3397
680 9 2 3 1 1202 1363 1364 3031 3398 3399
681 9 2 3 1 1113 1399 1831 3400 3401 2591
682 9 2 3 1 1135 944 1436 3402 3403 3404
683 9 2 3 1 331 1204 1525 3405 3406 3407
684 9 2 3 1 565 1443 1707 3408 3409 3410
685 9 2 3 1 778 890 891 3271 3104 3341
686 9 2 3 1 1053 1335 1443 3019 3411 3412
687 9 2 3 1 1377 935 1850 3413 3414 3415
688 9 2 3 1 354 353 1209 3181 2994 2530
689 9 2 3 1 1149 1148 1150 3416 3417 3418
690 9 2 3 1 1191 810 1746 2825 3419 3420
691 9 2 3 1 1327 752 1731 2940 2934 3421
692 9 2 3 1 665 1579 1785 3422 2937 3423
693 9 2 3 1 386 385 1448 3424 3425 3426
694 9 2 3 1 1142 1415 1595 3427 3428 2133
695 9 2 3 1 1194 522 1672 3429 3430 3431
696 9 2 3 1 1037 1049 1266 3432 3433 3434
697 9 2 3 1 1262 1263 1461 3435 2218 3436
698 9 2 3 1 924 923 1079 3437 3438 3439
699 9 2 3 1 939 730 1384 3440 3441 3442
700 9 2 3 1 734 748 749 3443 3444 2922
701 9 2 3 1 1232 1220 1641 3445 2401 2350
702 9 2 3 1 1120 1409 1700 3446 3447 3448
703 9 2 3 1 1220 1219 1221 3449 3450 2015
704 9 2 3 1 1569 623 1687 3451 2562 2870
705 9 2 3 1 1194 1672 1824 3431 3452 3453
706 9 2 3 1 1132 1541 1713 2315 3356 3454
707 9 2 3 1 913 914 1319 3455 3216 3456
708 9 2 3 1 784 783 786 2437 3457 3049
709 9 2 3 1 1286 647 1291 2805 2490 3458
710 9 2 3 1 920 1148 1149 3459 3416 2300
711 9 2 3 1 935 1377 1475 3413 3460 3461
712 9 2 3 1 816 819 1303 3462 2746 3463
713 9 2 3 1 776 1285 1287 3464 2619 3465
714 9 2 3 1 1119 1122 1479 3466 2156 2270
715 9 2 3 1 787 786 788 2768 3467 2603
716 9 2 3 1 717 721 778 3468 3469 3470
717 9 2 3 1 1542 498 1628 2307 2939 3471
718 9 2 3 1 1047 458 1391 3472 3473 3474
719 9 2 3 1 351 352 353 3475 3476 3180
720 9 2 3 1 92 310 1371 3477 3381 3478
721 9 2 3 1 851 749 1772 2923 3225 3479
722 9 2 3 1 338 339 340 3480 3481 3482
723 9 2 3 1 349 350 351 3483 3484 3485
724 9 2 3 1 667 732 846 3486 3357 3487
725 9 2 3 1 989 789 1545 2097 3154 3488
726 9 2 3 1 1331 621 1478 2709 3489 3247
727 9 2 3 1 809 792 1514 3490 3491 3492
728 9 2 3 1 1432 661 1727 3493 3494 3495
729 9 2 3 1 713 715 841 3496 3213 3497
730 9 2 3 1 1336 1468 1673 3498 3499 3500
731 9 2 3 1 562 563 564 3501 3502 2330
732 9 2 3 1 621 536 1173 3142 3503 3504
733 9 2 3 1 343 344 345 3185 3166 3505
734 9 2 3 1 863 928 1324 3506 3507 3508
735 9 2 3 1 241 1028 1238 3509 2874 3510
736 9 2 3 1 624 1529 1553 3511 3264 3512
737 9 2 3 1 1443 565 1757 3408 3513 3514
738 9 2 3 1 1348 677 1351 3515 3516 3517
739 9 2 3 1 1193 1594 1801 2454 3518 3519
740 9 2 3 1 557 1071 1841 2582 3520 3521
741 9 2 3 1 346 348 349 3522 3523 2989
742 9 2 3 1 1219 1431 1848 2657 3524 3525
743 9 2 3 1 1288 1560 1908 3230 3526 3527
744 9 2 3 1 874 923 924 3528 3437 3529
745 9 2 3 1 1468 1052 1808 3530 3531 3532
746 9 2 3 1 477 478 479 3533 3534 2747
747 9 2 3 1 776 1287 1292 3465 3535 3536
748 9 2 3 1 1346 884 1688 1925 3537 3538
749 9 2 3 1 297 1543 1668 3359 3539 3306
750 9 2 3 1 1164 1452 1453 2949 3540 3541
751 9 2 3 1 891 1086 1087 3106 3542 3543
752 9 2 3 1 425 427 1211 3544 3545 3546
753 9 2 3 1 1557 665 1785 3547 3423 2883
754 9 2 3 1 1279 809 1514 2106 3492 3548
755 9 2 3 1 1462 1122 1700 2154 3549 3550
756 9 2 3 1 165 298 1312 3551 3552 3553
757 9 2 3 1 231 301 1313 3554 2718 3555
758 9 2 3 1 1721 1237 1869 3018 3556 3557
759 9 2 3 1 1331 896 1527 3558 3037 3349
760 9 2 3 1 560 559 561 3133 3559 2631
761 9 2 3 1 341 342 343 3339 3183 3560
762 9 2 3 1 874 736 923 3561 3211 3528
763 9 2 3 1 465 1521 1879 3562 3563 3564
764 9 2 3 1 1082 1182 1657 3565 3566 3567
765 9 2 3 1 312 211 1504 3290 3568 3177
766 9 2 3 1 53 304 1377 3569 3570 3571
767 9 2 3 1 500 502 503 3572 3573 2645
768 9 2 3 1 332 1462 1700 3574 3550 3575
769 9 2 3 1 1086 890 1128 3105 3328 3576
770 9 2 3 1 522 1250 1498 3577 3578 3579
771 9 2 3 1 131 303 1376 3580 3581 3582
772 9 2 3 1 315 1307 1308 3583 3111 3584
773 9 2 3 1 511 1032 1033 2524 3585 2750
774 9 2 3 1 371 373 522 3586 3587 3588
775 9 2 3 1 450 1460 1781 3239 3589 3590
776 9 2 3 1 1004 1006 1730 3591 3592 2239
777 9 2 3 1 969 1425 1710 3068 3593 3594
778 9 2 3 1 1626 1466 1795 3595 3596 3597
779 9 2 3 1 696 701 1433 3598 3256 2584
780 9 2 3 1 1149 1150 1674 3418 2985 3599
781 9 2 3 1 592 603 1477 3600 2408 3601
782 9 2 3 1 338 340 341 3482 3337 3602
783 9 2 3 1 1654 305 1723 3603 2196 3604
784 9 2 3 1 1200 1639 1640 3605 3606 3607
785 9 2 3 1 947 1310 1493 2901 3608 3609
786 9 2 3 1 462 438 1422 3610 3611 3612
787 9 2 3 1 356 359 1916 3613 3614 3284
788 9 2 3 1 1382 1613 1632 3615 3309 3616
789 9 2 3 1 705 713 1242 3617 3618 2888
790 9 2 3 1 465 429 1222 3159 3619 3620
791 9 2 3 1 1071 1198 1618 3621 2413 3622
792 9 2 3 1 1255 636 1459 3057 3623 3287
793 9 2 3 1 327 98 1172 3624 2605 3625
794 9 2 3 1 1298 1305 1728 2682 3626 3627
795 9 2 3 1 1088 764 1836 2737 3628 3367
796 9 2 3 1 651 648 1285 3629 3193 3630
797 9 2 3 1 1056 1330 1917 3631 3632 3633
798 9 2 3 1 427 465 1211 3160 3634 3545
799 9 2 3 1 768 813 918 3635 3636 2240
800 9 2 3 1 493 483 494 3022 3637 2695
801 9 2 3 1 744 1330 1863 2839 3638 2786
802 9 2 3 1 1344 325 1345 3639 2073 3640
803 9 2 3 1 1130 1504 1576 3641 2847 3642
804 9 2 3 1 586 728 1314 3643 3644 3645
805 9 2 3 1 766 1090 1454 3646 3647 3648
806 9 2 3 1 1050 1052 1442 3649 3650 2571
807 9 2 3 1 172 171 487 188 3651 2904
808 9 2 3 1 1086 1491 1558 3652 2780 3653
809 9 2 3 1 495 494 496 2696 3654 2671
810 9 2 3 1 550 554 1181 3655 3656 2539
811 9 2 3 1 420 418 1470 3657 3658 3659
812 9 2 3 1 645 643 853 3660 3661 2053
813 9 2 3 1 792 826 1514 3662 3663 3491
814 9 2 3 1 387 388 389 3664 3665 3107
815 9 2 3 1 663 881 1214 3666 3667 3668
816 9 2 3 1 1620 794 1627 3669 3670 3671
817 9 2 3 1 471 768 1530 3672 2241 3673
818 9 2 3 1 1421 902 1601 2775 3674 3675
819 9 2 3 1 391 444 1154 3004 3676 3280
820 9 2 3 1 550 552 554 3677 3678 3655
821 9 2 3 1 141 323 1379 3679 3680 3681
822 9 2 3 1 1266 1049 1757 3433 3682 3302
823 9 2 3 1 497 496 499 2672 3683 2814
824 9 2 3 1 505 511 1915 3125 2752 3684
825 9 2 3 1 1491 1128 1801 3685 3686 3006
826 9 2 3 1 1190 1191 1192 3272 3687 2610
827 9 2 3 1 1065 1568 1628 3688 3689 2938
828 9 2 3 1 682 680 1085 3690 2496 3691
829 9 2 3 1 1187 1213 1899 2358 3692 3693
830 9 2 3 1 853 1255 1256 3694 3286 3695
831 9 2 3 1 1316 314 1440 3696 3697 3335
832 9 2 3 1 365 367 1337 3698 3699 3208
833 9 2 3 1 797 798 1887 3700 3701 3148
834 9 2 3 1 730 684 1384 3702 1974 3441
835 9 2 3 1 418 434 1470 3703 3704 3658
836 9 2 3 1 653 651 776 3705 3706 3084
837 9 2 3 1 764 780 1836 2164 3707 3628
838 9 2 3 1 853 1256 1257 3695 3708 2233
839 9 2 3 1 542 544 810 3709 3710 3711
840 9 2 3 1 371 522 1194 3588 3429 3394
841 9 2 3 1 1295 815 1296 3712 3713 3714
842 9 2 3 1 1296 1304 1332 3715 2433 3716
843 9 2 3 1 328 1268 1269 1946 3717 2075
844 9 2 3 1 1344 1345 1490 3640 2560 3718
845 9 2 3 1 1182 950 1410 1954 3719 3720
846 9 2 3 1 313 1219 1220 3315 3449 3721
847 9 2 3 1 1524 1070 1603 3722 3723 3724
848 9 2 3 1 1540 1139 1712 3725 3726 3727
849 9 2 3 1 636 633 1459 3728 2537 3623
850 9 2 3 1 1603 1070 1682 3723 3729 3730
851 9 2 3 1 345 346 347 3168 3731 3732
852 9 2 3 1 1242 841 1243 3733 3734 3099
853 9 2 3 1 340 472 1187 3735 2765 3736
854 9 2 3 1 405 406 407 3737 3738 3739
855 9 2 3 1 1442 1052 1468 3650 3530 3740
856 9 2 3 1 755 863 913 3741 3742 3743
857 9 2 3 1 450 451 452 3744 3745 3237
858 9 2 3 1 313 96 335 3746 3747 3314
859 9 2 3 1 1223 1092 1675 3748 3749 3750
860 9 2 3 1 389 390 391 3751 3752 3279
861 9 2 3 1 993 871 1317 3753 3754 2862
862 9 2 3 1 353 355 356 3755 3756 2993
863 9 2 3 1 556 555 557 3087 3757 3758
864 9 2 3 1 102 325 1344 3759 3639 3760
865 9 2 3 1 1440 1270 1441 2998 3761 3059
866 9 2 3 1 1200 1701 1870 2801 3762 2973
867 9 2 3 1 446 386 1448 3763 3426 3764
868 9 2 3 1 873 1037 1267 3765 3766 2686
869 9 2 3 1 207 206 514 223 3767 3768
870 9 2 3 1 1335 1334 1443 3769 3770 3411
871 9 2 3 1 1262 913 1263 3771 3772 3435
872 9 2 3 1 1186 1216 1659 2304 3773 2048
873 9 2 3 1 1012 1009 1374 3774 3293 3775
874 9 2 3 1 638 1262 1461 3171 3436 3776
875 9 2 3 1 474 476 627 2772 3365 3777
876 9 2 3 1 1844 330 1875 3778 3779 3780
877 9 2 3 1 1409 1481 1700 3781 3782 3447
878 9 2 3 1 901 690 1027 3783 3784 3785
879 9 2 3 1 715 717 1404 3786 3787 3051
880 9 2 3 1 1670 1143 1803 3788 1997 3296
881 9 2 3 1 1213 348 1899 3789 3790 3692
882 9 2 3 1 761 766 1454 3265 3648 3791
883 9 2 3 1 776 651 1285 3706 3630 3464
884 9 2 3 1 1385 1384 1406 3792 3793 3794
885 9 2 3 1 1150 1151 1152 3795 2837 3796
886 9 2 3 1 634 638 1461 3797 3776 2601
887 9 2 3 1 347 346 1326 3731 2990 3798
888 9 2 3 1 787 1626 1920 2445 3799 2769
889 9 2 3 1 1179 1731 1732 3800 3801 2541
890 9 2 3 1 338 337 339 3114 3802 3480
891 9 2 3 1 1265 13 1901 2890 3803 3804
892 9 2 3 1 1250 995 1498 2668 3805 3578
893 9 2 3 1 833 938 1199 3806 3807 2854
894 9 2 3 1 525 462 1422 3808 3612 3809
895 9 2 3 1 778 721 779 3469 3810 3269
896 9 2 3 1 208 207 1851 224 3811 3812
897 9 2 3 1 584 586 1314 3813 3645 2377
898 9 2 3 1 1049 1050 1053 3814 2570 3815
899 9 2 3 1 924 1079 1329 3439 3816 3817
900 9 2 3 1 348 1213 1749 3789 3818 3819
901 9 2 3 1 564 566 567 3820 3821 2405
902 9 2 3 1 1269 1268 1270 3717 2398 2997
903 9 2 3 1 873 1036 1037 3822 3823 3765
904 9 2 3 1 1071 593 1198 3824 3825 3621
905 9 2 3 1 856 1046 1414 3826 3827 3828
906 9 2 3 1 890 779 892 3270 3829 3327
907 9 2 3 1 1402 1047 1403 3830 3831 3832
908 9 2 3 1 391 392 393 3833 3834 3003
909 9 2 3 1 1263 913 1319 3772 3456 3835
910 9 2 3 1 572 571 573 3055 3836 3220
911 9 2 3 1 62 63 1369 82 3016 3278
912 9 2 3 1 395 398 1629 3837 3838 3839
913 9 2 3 1 560 593 1071 2478 3824 2581
914 9 2 3 1 918 813 1295 3636 3840 3841
915 9 2 3 1 1214 881 1215 3667 3842 3843
916 9 2 3 1 1337 965 1338 3844 3845 3209
917 9 2 3 1 1319 446 1448 2586 3764 3846
918 9 2 3 1 1037 1038 1049 3847 3848 3432
919 9 2 3 1 913 863 914 3742 3849 3455
920 9 2 3 1 1440 314 1797 3697 3850 3074
921 9 2 3 1 415 417 461 3851 3852 3853
922 9 2 3 1 1201 1340 1684 2818 3854 3855
923 9 2 3 1 813 815 1295 3856 3712 3840
924 9 2 3 1 429 431 1222 3857 2706 3619
925 9 2 3 1 736 347 1326 3858 3798 3212
926 9 2 3 1 542 810 1189 3711 2824 3348
927 9 2 3 1 1033 1032 1279 3585 2958 3859
928 9 2 3 1 643 640 1255 3860 3058 3861
929 9 2 3 1 477 485 1881 2749 3862 2865
930 9 2 3 1 1365 1596 1826 2977 3863 3864
931 9 2 3 1 401 400 402 3312 3865 3101
932 9 2 3 1 953 955 1055 3866 3867 2773
933 9 2 3 1 732 733 734 3868 3869 2827
934 9 2 3 1 1199 938 1200 3807 3870 2972
935 9 2 3 1 612 610 1373 3871 3872 3873
936 9 2 3 1 387 519 1186 3108 2303 3175
937 9 2 3 1 306 61 1275 3874 3187 3875
938 9 2 3 1 338 341 1431 3602 3876 3877
939 9 2 3 1 501 1374 1429 2250 3878 3879
940 9 2 3 1 532 533 534 3880 3881 3042
941 9 2 3 1 326 1603 1682 3882 3730 3883
942 9 2 3 1 1599 1635 1715 3884 3885 3886
943 9 2 3 1 16 1645 1854 3887 3888 3889
944 9 2 3 1 920 1147 1148 3890 3891 3459
945 9 2 3 1 356 357 359 3892 3893 3613
946 9 2 3 1 342 340 1187 3338 3736 3894
947 9 2 3 1 1084 1349 1355 3895 3896 1986
948 9 2 3 1 1091 804 1315 2903 3897 3898
949 9 2 3 1 1193 902 1469 3138 3190 3062
950 9 2 3 1 1643 754 1761 2125 3899 3900
951 9 2 3 1 407 409 1456 3901 3902 3903
952 9 2 3 1 1374 1007 1429 3292 3904 3878
953 9 2 3 1 722 1415 1784 1961 3905 3906
954 9 2 3 1 1169 1012 1374 3907 3775 2249
955 9 2 3 1 472 919 920 3908 3909 2764
956 9 2 3 1 346 344 348 3167 3910 3522
957 9 2 3 1 911 1540 1712 3911 3727 3912
958 9 2 3 1 431 433 526 3913 2995 2704
959 9 2 3 1 659 755 1262 3914 3915 3170
960 9 2 3 1 1626 825 1920 3916 3917 3799
961 9 2 3 1 403 402 404 3102 3918 3218
962 9 2 3 1 1424 1027 1425 3919 3920 3067
963 9 2 3 1 52 1377 1392 3921 3922 3923
964 9 2 3 1 1204 331 1806 3405 3924 3925
965 9 2 3 1 367 464 1337 3380 3926 3699
966 9 2 3 1 720 1411 1637 3927 3321 3928
967 9 2 3 1 130 1376 1394 3929 3930 3931
968 9 2 3 1 1271 308 1874 2723 2742 3932
969 9 2 3 1 452 453 455 3933 3194 2952
970 9 2 3 1 516 528 532 3934 3935 2782
971 9 2 3 1 1294 413 1742 3936 3937 3144
972 9 2 3 1 95 96 313 115 3746 3938
973 9 2 3 1 17 18 314 37 3939 3940
974 9 2 3 1 97 98 327 117 3624 3034
975 9 2 3 1 19 20 328 39 3095 2074
976 9 2 3 1 99 100 307 119 3231 2104
977 9 2 3 1 21 22 308 41 3941 2722
978 9 2 3 1 14 15 309 34 3942 3943
979 9 2 3 1 92 93 310 112 3944 3477
980 9 2 3 1 745 736 874 3945 3561 3946
981 9 2 3 1 315 135 1307 3947 3948 3583
982 9 2 3 1 1211 465 1879 3634 3564 3039
983 9 2 3 1 713 714 715 3949 3950 3496
984 9 2 3 1 1240 1475 1766 2918 3951 3952
985 9 2 3 1 16 17 1439 36 3953 3954
986 9 2 3 1 303 132 1325 3955 3956 3957
987 9 2 3 1 500 499 502 2815 3958 3572
988 9 2 3 1 415 461 1742 3853 2089 3959
989 9 2 3 1 455 1402 1597 3196 3960 3961
990 9 2 3 1 1732 1260 1812 3048 3962 2542
991 9 2 3 1 341 609 1431 3963 3964 3876
992 9 2 3 1 304 54 1311 3965 3966 3967
993 9 2 3 1 819 821 906 3968 3969 2745
994 9 2 3 1 384 386 387 3970 3971 3174
995 9 2 3 1 621 1173 1478 3504 2731 3489
996 9 2 3 1 1163 1166 1167 2763 3242 3972
997 9 2 3 1 1208 1207 1280 2830 2473 3973
998 9 2 3 1 1394 1376 1395 3930 3974 3975
999 9 2 3 1 466 411 1294 3333 3976 2491
1000 9 2 3 1 1144 1330 1671 3977 2841 2042
1001 9 2 3 1 859 953 1428 3978 2774 3979
1002 9 2 3 1 1227 1224 1675 3980 3981 3982
1003 9 2 3 1 544 547 548 3983 3984 3250
1004 9 2 3 1 1141 1271 1874 1941 3932 3985
1005 9 2 3 1 1730 1006 1793 3592 3986 3987
1006 9 2 3 1 1320 1321 1322 3988 3989 3990
1007 9 2 3 1 442 448 450 3991 3992 3993
1008 9 2 3 1 477 475 478 2702 3994 3533
1009 9 2 3 1 806 897 1059 3995 3996 2464
1010 9 2 3 1 911 672 1373 3997 3998 3999
1011 9 2 3 1 365 1338 1825 3210 4000 4001
1012 9 2 3 1 751 759 760 4002 4003 3078
1013 9 2 3 1 1157 1012 1169 4004 3907 2968
1014 9 2 3 1 274 273 1900 290 4005 4006
1015 9 2 3 1 131 132 303 151 3955 3580
1016 9 2 3 1 53 54 304 73 3965 3569
1017 9 2 3 1 138 139 305 158 4007 4008
1018 9 2 3 1 60 61 306 80 3874 4009
1019 9 2 3 1 1411 698 1509 4010 4011 4012
1020 9 2 3 1 1258 991 1782 4013 4014 4015
1021 9 2 3 1 1575 1425 1849 2833 4016 4017
1022 9 2 3 1 1398 380 1553 4018 4019 3263
1023 9 2 3 1 95 313 1232 3938 4020 2988
1024 9 2 3 1 896 1331 1526 3558 3249 4021
1025 9 2 3 1 305 139 1378 4007 4022 2295
1026 9 2 3 1 766 1088 1089 2738 4023 4024
1027 9 2 3 1 349 351 1894 3485 4025 2707
1028 9 2 3 1 672 612 1373 4026 3873 3998
1029 9 2 3 1 358 1669 1748 4027 4028 2327
1030 9 2 3 1 536 538 1173 4029 2508 3503
1031 9 2 3 1 169 168 297 185 4030 3305
1032 9 2 3 1 235 234 300 251 4031 4032
1033 9 2 3 1 1150 1152 1420 3796 4033 4034
1034 9 2 3 1 342 1187 1899 3894 3693 4035
1035 9 2 3 1 548 549 550 4036 4037 2538
1036 9 2 3 1 522 373 1250 3587 4038 3577
1037 9 2 3 1 1435 939 1635 2693 2597 4039
1038 9 2 3 1 1289 1432 1727 4040 3495 4041
1039 9 2 3 1 1234 1185 1668 2679 2205 4042
1040 9 2 3 1 377 379 1251 4043 2721 4044
1041 9 2 3 1 713 841 1242 3497 3733 3618
1042 9 2 3 1 1257 1256 1398 3708 4045 4046
1043 9 2 3 1 136 137 329 156 4047 3324
1044 9 2 3 1 58 59 330 78 4048 4049
1045 9 2 3 1 453 456 1402 4050 4051 3195
1046 9 2 3 1 1389 1466 1626 4052 3595 3013
1047 9 2 3 1 853 643 1255 3661 3861 3694
1048 9 2 3 1 1033 1279 1699 3859 3378 4053
1049 9 2 3 1 1264 918 1828 2211 4054 4055
1050 9 2 3 1 514 206 1856 3767 4056 2843
1051 9 2 3 1 593 1115 1198 2651 4057 3825
1052 9 2 3 1 460 508 1391 4058 4059 4060
1053 9 2 3 1 340 339 472 3481 4061 3735
1054 9 2 3 1 1602 958 1764 3267 4062 4063
1055 9 2 3 1 427 428 429 4064 4065 3158
1056 9 2 3 1 994 993 996 4066 4067 4068
1057 9 2 3 1 237 236 1145 253 4069 4070
1058 9 2 3 1 425 426 427 4071 4072 3544
1059 9 2 3 1 523 347 736 4073 3858 4074
1060 9 2 3 1 810 1396 1587 4075 4076 4077
1061 9 2 3 1 755 913 1262 3743 3771 3915
1062 9 2 3 1 1070 1524 1794 3722 4078 4079
1063 9 2 3 1 1399 1113 1436 3400 4080 4081
1064 9 2 3 1 310 1412 1602 4082 2576 4083
1065 9 2 3 1 56 57 316 76 2533 4084
1066 9 2 3 1 134 135 315 154 3947 4085
1067 9 2 3 1 1662 419 1809 4086 4087 3363
1068 9 2 3 1 997 996 998 4088 4089 4090
1069 9 2 3 1 306 1274 1875 2061 4091 4092
1070 9 2 3 1 1434 1243 1716 2084 4093 2297
1071 9 2 3 1 1615 1503 1658 4094 4095 4096
1072 9 2 3 1 405 404 406 3219 4097 3737
1073 9 2 3 1 456 1047 1402 4098 3830 4051
1074 9 2 3 1 101 102 1344 121 3760 3281
1075 9 2 3 1 848 1519 1578 4099 4100 2800
1076 9 2 3 1 373 377 1250 4101 4102 4038
1077 9 2 3 1 319 1392 1393 4103 4104 4105
1078 9 2 3 1 474 627 1460 3777 4106 4107
1079 9 2 3 1 772 1198 1736 2259 4108 4109
1080 9 2 3 1 1421 525 1422 4110 3809 4111
1081 9 2 3 1 1250 377 1251 4102 4044 2669
1082 9 2 3 1 803 672 911 4112 3997 4113
1083 9 2 3 1 1358 1355 1909 2370 4114 4115
1084 9 2 3 1 902 893 1601 4116 4117 3674
1085 9 2 3 1 1081 674 1770 2339 2823 4118
1086 9 2 3 1 143 1525 1565 4119 4120 4121
1087 9 2 3 1 379 382 383 4122 4123 2720
1088 9 2 3 1 1273 306 1275 2206 3875 2003
1089 9 2 3 1 359 360 361 4124 4125 3134
1090 9 2 3 1 1468 439 1673 4126 4127 3499
1091 9 2 3 1 1295 1296 1467 3714 4128 2817
1092 9 2 3 1 174 173 486 190 4129 4130
1093 9 2 3 1 1060 1062 1447 4131 4132 3396
1094 9 2 3 1 433 436 1426 4133 2955 2996
1095 9 2 3 1 1072 960 1599 4134 4135 4136
1096 9 2 3 1 361 363 1548 4137 4138 4139
1097 9 2 3 1 1403 1047 1685 3831 4140 2626
1098 9 2 3 1 395 1629 1821 3839 4141 2744
1099 9 2 3 1 942 625 1621 4142 4143 2254
1100 9 2 3 1 705 712 713 4144 4145 3617
1101 9 2 3 1 1205 985 1455 4146 2516 2981
1102 9 2 3 1 485 1153 1464 3094 2471 4147
1103 9 2 3 1 1246 1168 1260 4148 4149 3047
1104 9 2 3 1 839 1441 1581 4150 4151 4152
1105 9 2 3 1 458 460 1391 4153 4060 3473
1106 9 2 3 1 1373 610 1505 3872 4154 2885
1107 9 2 3 1 349 348 350 3523 4155 3483
1108 9 2 3 1 167 166 321 183 4156 3023
1109 9 2 3 1 233 232 322 249 4157 3026
1110 9 2 3 1 644 643 645 4158 3660 4159
1111 9 2 3 1 1249 1209 1846 2531 4160 4161
1112 9 2 3 1 717 778 1404 3470 3342 3787
1113 9 2 3 1 351 350 352 3484 4162 3475
1114 9 2 3 1 403 439 1123 2853 4163 3340
1115 9 2 3 1 667 668 732 4164 4165 3486
1116 9 2 3 1 1022 1143 1670 4166 3788 2166
1117 9 2 3 1 91 92 1371 111 3478 4167
1118 9 2 3 1 96 97 335 116 3035 3747
1119 9 2 3 1 659 687 755 4168 4169 3914
1120 9 2 3 1 642 640 643 4170 3860 4171
1121 9 2 3 1 1230 178 1697 4172 3301 4173
1122 9 2 3 1 1207 796 1753 4174 4175 4176
1123 9 2 3 1 517 503 1699 2646 4177 4178
1124 9 2 3 1 874 1144 1346 4179 1926 4180
1125 9 2 3 1 52 53 1377 72 3571 3921
1126 9 2 3 1 939 1384 1385 3442 3792 2596
1127 9 2 3 1 130 131 1376 150 3582 3929
1128 9 2 3 1 582 752 1612 3233 4181 4182
1129 9 2 3 1 795 793 797 3110 4183 3147
1130 9 2 3 1 627 628 690 3366 4184 4185
1131 9 2 3 1 856 855 1046 4186 4187 3826
1132 9 2 3 1 1289 1288 1432 3257 4188 4040
1133 9 2 3 1 407 408 409 4189 4190 3901
1134 9 2 3 1 1037 1266 1267 3434 4191 3766
1135 9 2 3 1 627 900 1460 4192 4193 4106
1136 9 2 3 1 1330 1329 1917 4194 4195 3632
1137 9 2 3 1 1416 1473 1871 3030 4196 4197
1138 9 2 3 1 15 16 1854 35 3889 4198
1139 9 2 3 1 241 240 1028 257 3002 3509
1140 9 2 3 1 1691 757 1741 4199 4200 4201
1141 9 2 3 1 465 1222 1427 3620 4202 4203
1142 9 2 3 1 663 1214 1726 3668 2798 4204
1143 9 2 3 1 456 458 1047 4205 3472 4098
1144 9 2 3 1 904 871 993 4206 3753 4207
1145 9 2 3 1 542 543 544 4208 4209 3709
1146 9 2 3 1 1079 923 1188 3438 3008 4210
1147 9 2 3 1 871 869 1317 4211 4212 3754
1148 9 2 3 1 1378 140 1379 4213 4214 4215
1149 9 2 3 1 1132 925 1245 4216 4217 1984
1150 9 2 3 1 1048 594 1499 2806 4218 4219
1151 9 2 3 1 503 504 505 4220 4221 4222
1152 9 2 3 1 1377 304 1475 3570 4223 3460
1153 9 2 3 1 1069 1417 1717 4224 4225 4226
1154 9 2 3 1 755 840 863 4227 4228 3741
1155 9 2 3 1 1390 989 1545 2924 3488 4229
1156 9 2 3 1 762 760 763 2992 4230 4231
1157 9 2 3 1 810 544 1396 3710 3252 4075
1158 9 2 3 1 1391 508 1726 4059 4232 2082
1159 9 2 3 1 369 370 371 4233 4234 3393
1160 9 2 3 1 999 998 1045 4235 4236 4237
1161 9 2 3 1 1324 1471 1637 4238 4239 4240
1162 9 2 3 1 906 821 1310 3969 4241 2368
1163 9 2 3 1 135 136 1307 155 3326 3948
1164 9 2 3 1 710 1245 1820 1985 4242 4243
1165 9 2 3 1 1278 1654 1723 2717 3604 4244
1166 9 2 3 1 789 790 791 4245 4246 3153
1167 9 2 3 1 140 141 1379 160 3681 4214
1168 9 2 3 1 1568 1065 1739 3688 2033 4247
1169 9 2 3 1 1144 924 1330 4248 4249 3977
1170 9 2 3 1 725 607 855 4250 2130 4251
1171 9 2 3 1 1300 886 1807 2323 4252 4253
1172 9 2 3 1 511 507 512 3124 4254 3373
1173 9 2 3 1 586 589 728 4255 4256 3643
1174 9 2 3 1 654 774 1457 4257 1970 4258
1175 9 2 3 1 1142 1414 1415 4259 4260 3427
1176 9 2 3 1 575 580 1212 4261 4262 4263
1177 9 2 3 1 918 1295 1423 3841 2816 4264
1178 9 2 3 1 678 676 680 4265 2170 4266
1179 9 2 3 1 508 509 663 4267 4268 4269
1180 9 2 3 1 371 372 373 4270 4271 3586
1181 9 2 3 1 540 541 542 4272 4273 3347
1182 9 2 3 1 1133 756 1497 4274 4275 4276
1183 9 2 3 1 762 763 1696 4231 4277 4278
1184 9 2 3 1 171 170 1184 187 4279 4280
1185 9 2 3 1 607 605 1653 4281 4282 2131
1186 9 2 3 1 554 552 555 3678 4283 3086
1187 9 2 3 1 773 771 1435 4284 2694 4285
1188 9 2 3 1 1150 1148 1151 3417 4286 3795
1189 9 2 3 1 1523 1646 1666 4287 4288 4289
1190 9 2 3 1 1230 1693 1792 4290 2416 4291
1191 9 2 3 1 1415 737 1595 2068 4292 3428
1192 9 2 3 1 1592 1155 1851 4293 4294 2051
1193 9 2 3 1 874 924 1144 3529 4248 4179
1194 9 2 3 1 1311 55 1650 4295 4296 2499
1195 9 2 3 1 562 561 563 2632 4297 3501
1196 9 2 3 1 1154 444 1714 3676 4298 2699
1197 9 2 3 1 930 1025 1541 4299 3354 4300
1198 9 2 3 1 1324 928 1471 3507 4301 4238
1199 9 2 3 1 720 702 1411 4302 4303 3927
1200 9 2 3 1 1168 1166 1658 3243 4304 4305
1201 9 2 3 1 893 779 1451 4306 4307 4308
1202 9 2 3 1 479 480 481 4309 4310 3255
1203 9 2 3 1 1062 1064 1293 4311 4312 4313
1204 9 2 3 1 1369 324 1528 3015 4314 4315
1205 9 2 3 1 1345 1039 1656 1981 4316 3126
1206 9 2 3 1 1116 1045 1318 4317 4318 3226
1207 9 2 3 1 715 716 717 4319 4320 3786
1208 9 2 3 1 365 366 367 4321 4322 3698
1209 9 2 3 1 132 133 1325 152 2858 3956
1210 9 2 3 1 779 721 1451 3810 4323 4307
1211 9 2 3 1 920 919 1147 3909 4324 3890
1212 9 2 3 1 771 730 939 4325 3440 2692
1213 9 2 3 1 91 1371 1486 4167 3294 4326
1214 9 2 3 1 239 238 1405 255 2286 4327
1215 9 2 3 1 1320 1322 1418 3990 4328 2513
1216 9 2 3 1 963 1024 1842 4329 4330 4331
1217 9 2 3 1 54 55 1311 74 4295 3966
1218 9 2 3 1 319 51 1392 4332 4333 4103
1219 9 2 3 1 320 129 1394 4334 4335 4336
1220 9 2 3 1 1245 925 1489 4217 4337 4338
1221 9 2 3 1 1037 1036 1038 3823 4339 3847
1222 9 2 3 1 568 569 1819 2908 2811 4340
1223 9 2 3 1 460 488 508 4341 4342 4058
1224 9 2 3 1 393 394 395 4343 4344 2743
1225 9 2 3 1 652 651 653 4345 3705 4346
1226 9 2 3 1 768 769 813 4347 4348 3635
1227 9 2 3 1 803 911 912 4113 4349 4350
1228 9 2 3 1 663 664 881 4351 4352 3666
1229 9 2 3 1 908 856 1414 4353 3828 4354
1230 9 2 3 1 367 368 369 4355 4356 3379
1231 9 2 3 1 1418 1322 1773 4328 2229 4357
1232 9 2 3 1 1317 869 1604 4212 4358 4359
1233 9 2 3 1 534 535 536 4360 4361 3141
1234 9 2 3 1 603 604 667 4362 4363 2290
1235 9 2 3 1 1138 947 1493 4364 3609 4365
1236 9 2 3 1 354 1249 1789 2532 4366 4367
1237 9 2 3 1 363 364 365 4368 4369 4370
1238 9 2 3 1 1320 914 1321 3217 4371 3988
1239 9 2 3 1 273 272 577 289 4372 4373
1240 9 2 3 1 361 362 363 4374 4375 4137
1241 9 2 3 1 444 1547 1714 2876 4376 4298
1242 9 2 3 1 1142 908 1414 4377 4354 4259
1243 9 2 3 1 51 52 1392 71 3923 4333
1244 9 2 3 1 297 1283 1689 4378 4379 3360
1245 9 2 3 1 129 130 1394 149 3931 4335
1246 9 2 3 1 165 5 298 181 4380 3551
1247 9 2 3 1 231 7 301 247 4381 3554
1248 9 2 3 1 311 1615 1658 4382 4096 3164
1249 9 2 3 1 421 423 425 4383 4384 4385
1250 9 2 3 1 747 930 1508 4386 4387 4388
1251 9 2 3 1 1392 1377 1850 3922 3415 4389
1252 9 2 3 1 139 140 1378 159 4213 4022
1253 9 2 3 1 1166 1165 1554 2762 3323 4390
1254 9 2 3 1 353 352 355 3476 4391 3755
1255 9 2 3 1 405 407 1719 3739 4392 4393
1256 9 2 3 1 1396 548 1861 3251 3173 4394
1257 9 2 3 1 1141 908 1142 4395 4377 4396
1258 9 2 3 1 1140 1141 1874 4397 3985 2971
1259 9 2 3 1 1201 1199 1870 2288 2974 2819
1260 9 2 3 1 138 305 1654 4008 3603 4398
1261 9 2 3 1 471 491 768 4399 4400 3672
1262 9 2 3 1 1375 1055 1904 4401 4402 4403
1263 9 2 3 1 1456 963 1842 4404 4331 4405
1264 9 2 3 1 532 528 533 3935 4406 3880
1265 9 2 3 1 749 748 750 3444 4407 3385
1266 9 2 3 1 336 338 1431 3115 3877 2656
1267 9 2 3 1 276 275 1705 292 4408 3371
1268 9 2 3 1 512 516 1397 4409 2458 4410
1269 9 2 3 1 1080 1068 1745 4411 4412 4413
1270 9 2 3 1 409 466 1456 3334 4414 3902
1271 9 2 3 1 745 874 1346 3946 4180 4415
1272 9 2 3 1 310 93 1412 3944 4416 4082
1273 9 2 3 1 1296 1303 1304 4417 2564 3715
1274 9 2 3 1 1368 1202 1383 3032 2483 4418
1275 9 2 3 1 646 645 647 4419 2489 4420
1276 9 2 3 1 1325 986 1889 2660 4421 4422
1277 9 2 3 1 314 1316 1439 3696 4423 4424
1278 9 2 3 1 824 1446 1493 4425 4426 4427
1279 9 2 3 1 928 1309 1471 4428 4429 4301
1280 9 2 3 1 813 814 815 4430 4431 3856
1281 9 2 3 1 387 386 388 3971 4432 3664
1282 9 2 3 1 944 942 1399 4433 2253 4434
1283 9 2 3 1 650 648 651 4435 3629 4436
1284 9 2 3 1 329 137 1654 4047 4437 2716
1285 9 2 3 1 1293 1305 1878 4438 2683 4439
1286 9 2 3 1 821 824 1310 4440 4441 4241
1287 9 2 3 1 1360 1359 1361 4442 4443 4444
1288 9 2 3 1 1049 1038 1050 3848 4445 3814
1289 9 2 3 1 1235 901 1424 4446 4447 4448
1290 9 2 3 1 667 846 1572 3487 4449 2291
1291 9 2 3 1 429 430 431 4450 4451 3857
1292 9 2 3 1 1248 1331 1763 2710 3351 4452
1293 9 2 3 1 1086 1128 1491 3576 3685 3652
1294 9 2 3 1 751 761 1454 3079 3791 3045
1295 9 2 3 1 1059 1060 1130 4453 3395 4454
1296 9 2 3 1 1243 841 1716 3734 4455 4093
1297 9 2 3 1 174 486 1092 4130 4456 4457
1298 9 2 3 1 421 425 1809 4385 4458 4459
1299 9 2 3 1 1525 1204 1565 3406 3200 4120
1300 9 2 3 1 1441 839 1582 4150 4460 3060
1301 9 2 3 1 717 718 721 4461 4462 3468
1302 9 2 3 1 1221 1219 1848 3450 3525 4463
1303 9 2 3 1 395 397 398 4464 4465 3837
1304 9 2 3 1 892 893 902 4466 4116 3137
1305 9 2 3 1 1125 1087 1126 4467 4468 4469
1306 9 2 3 1 11 317 1413 4470 4471 4472
1307 9 2 3 1 777 934 1244 4473 2735 4474
1308 9 2 3 1 1430 836 1457 4475 4476 2691
1309 9 2 3 1 523 736 745 4074 3945 4477
1310 9 2 3 1 815 816 1303 4478 3463 4479
1311 9 2 3 1 1182 1410 1657 3720 4480 3566
1312 9 2 3 1 1046 1387 1661 4481 4482 4483
1313 9 2 3 1 128 320 1416 4484 3028 4485
1314 9 2 3 1 50 319 1417 4486 4487 4488
1315 9 2 3 1 1291 1257 1835 2234 4489 4490
1316 9 2 3 1 1691 1741 1760 4201 4491 2788
1317 9 2 3 1 713 712 714 4145 4492 3949
1318 9 2 3 1 1511 602 1633 4493 4494 4495
1319 9 2 3 1 1586 964 1750 4496 4497 3317
1320 9 2 3 1 1283 321 1818 3024 1944 4498
1321 9 2 3 1 909 895 1068 4499 2309 4500
1322 9 2 3 1 706 702 720 4501 4302 4502
1323 9 2 3 1 592 599 603 4503 4504 3600
1324 9 2 3 1 175 174 1092 191 4457 4505
1325 9 2 3 1 1155 208 1851 2931 3812 4294
1326 9 2 3 1 425 1698 1809 4506 4507 4458
1327 9 2 3 1 324 64 1409 4508 4509 4510
1328 9 2 3 1 56 316 1650 4084 4511 4512
1329 9 2 3 1 901 1027 1424 3785 3919 4447
1330 9 2 3 1 958 1519 1764 4513 4514 4062
1331 9 2 3 1 914 863 1324 3849 3508 4515
1332 9 2 3 1 616 811 812 4516 4517 2877
1333 9 2 3 1 1062 1293 1447 4313 2963 4132
1334 9 2 3 1 1599 1435 1635 4518 4039 3884
1335 9 2 3 1 924 1329 1330 3817 4194 4249
1336 9 2 3 1 859 952 953 4519 4520 3978
1337 9 2 3 1 11 12 317 31 4521 4470
1338 9 2 3 1 89 90 318 109 4522 4523
1339 9 2 3 1 812 847 848 4524 4525 2799
1340 9 2 3 1 1263 1319 1448 3835 3846 4526
1341 9 2 3 1 751 750 759 3386 4527 4002
1342 9 2 3 1 102 103 325 122 4528 3759
1343 9 2 3 1 24 25 326 44 4529 4530
1344 9 2 3 1 64 65 1409 84 4531 4509
1345 9 2 3 1 141 142 323 161 4532 3679
1346 9 2 3 1 63 64 324 83 4508 3014
1347 9 2 3 1 128 129 320 148 4334 4484
1348 9 2 3 1 50 51 319 70 4332 4486
1349 9 2 3 1 389 388 390 3665 2359 3751
1350 9 2 3 1 461 1605 1631 2109 4533 2087
1351 9 2 3 1 278 311 1859 3289 4534 4535
1352 9 2 3 1 168 167 1283 184 3025 4536
1353 9 2 3 1 234 233 1284 250 3027 4537
1354 9 2 3 1 789 788 790 2604 4538 4245
1355 9 2 3 1 980 1395 1787 4539 4540 4541
1356 9 2 3 1 977 979 1865 4542 4543 4544
1357 9 2 3 1 538 539 540 4545 4546 3392
1358 9 2 3 1 976 1107 1108 4547 4548 2341
1359 9 2 3 1 1290 1286 1291 3274 3458 4549
1360 9 2 3 1 331 10 1413 4550 4551 4552
1361 9 2 3 1 411 413 1294 4553 3936 3976
1362 9 2 3 1 1032 1236 1513 3129 2637 2959
1363 9 2 3 1 436 442 1496 4554 4555 2956
1364 9 2 3 1 334 127 1416 4556 4557 4558
1365 9 2 3 1 333 49 1417 4559 4560 4561
1366 9 2 3 1 93 94 1412 113 2136 4416
1367 9 2 3 1 10 11 1413 30 4472 4551
1368 9 2 3 1 734 733 748 3869 4562 3443
1369 9 2 3 1 127 128 1416 147 4485 4557
1370 9 2 3 1 49 50 1417 69 4488 4560
1371 9 2 3 1 1287 1289 1292 3258 4563 3535
1372 9 2 3 1 807 719 895 4564 2187 4565
1373 9 2 3 1 1000 861 1001 4566 4567 4568
1374 9 2 3 1 953 954 955 4569 4570 3866
1375 9 2 3 1 1108 1109 1110 4571 4572 2504
1376 9 2 3 1 1093 1096 1675 4573 4574 4575
1377 9 2 3 1 927 756 1133 4576 4274 4577
1378 9 2 3 1 391 390 392 3752 4578 3833
1379 9 2 3 1 1160 1206 1208 3070 2831 4579
1380 9 2 3 1 9 10 331 29 4550 4580
1381 9 2 3 1 87 88 332 107 4581 4582
1382 9 2 3 1 337 327 1172 3268 3625 4583
1383 9 2 3 1 126 127 334 146 4556 4584
1384 9 2 3 1 48 49 333 68 4559 4585
1385 9 2 3 1 356 355 357 3756 4586 3892
1386 9 2 3 1 642 643 644 4171 4158 4587
1387 9 2 3 1 725 855 856 4251 4186 4588
1388 9 2 3 1 452 474 1460 2954 4107 3238
1389 9 2 3 1 1322 1321 1323 3989 4589 4590
1390 9 2 3 1 531 743 744 4591 4592 2784
1391 9 2 3 1 704 700 1489 4593 4594 4595
1392 9 2 3 1 930 931 1025 4596 4597 4299
1393 9 2 3 1 1135 1436 1605 3404 4598 2122
1394 9 2 3 1 803 912 1419 4350 2119 4599
1395 9 2 3 1 329 1276 1642 2420 4600 4601
1396 9 2 3 1 941 525 1421 4602 4110 4603
1397 9 2 3 1 755 687 840 4169 4604 4227
1398 9 2 3 1 514 1183 1552 2842 4605 2102
1399 9 2 3 1 752 1328 1612 2942 2547 4181
1400 9 2 3 1 409 410 411 4606 4607 3332
1401 9 2 3 1 994 996 997 4068 4088 4608
1402 9 2 3 1 747 866 930 4609 4610 4386
1403 9 2 3 1 785 1225 1697 4611 4612 4613
1404 9 2 3 1 1429 1005 1549 4614 4615 4616
1405 9 2 3 1 904 993 994 4207 4066 4617
1406 9 2 3 1 654 653 774 4618 1936 4257
1407 9 2 3 1 960 773 1435 4619 4285 4620
1408 9 2 3 1 373 376 377 4621 4622 4101
1409 9 2 3 1 210 209 1576 226 4623 2846
1410 9 2 3 1 450 448 451 3992 4624 3744
1411 9 2 3 1 398 399 400 4625 4626 3311
1412 9 2 3 1 1333 325 1666 2072 4627 4628
1413 9 2 3 1 1197 828 1566 4629 4630 4631
1414 9 2 3 1 888 1334 1335 2609 3769 4632
1415 9 2 3 1 133 134 1444 153 4633 2859
1416 9 2 3 1 986 1205 1889 4634 4635 4421
1417 9 2 3 1 60 306 1875 4009 4092 4636
1418 9 2 3 1 1044 876 1685 4637 2627 1948
1419 9 2 3 1 383 382 384 4123 4638 2486
1420 9 2 3 1 177 176 785 193 2141 4639
1421 9 2 3 1 1508 930 1541 4387 4300 4640
1422 9 2 3 1 1681 1634 1830 4641 4642 4643
1423 9 2 3 1 810 1587 1746 4077 4644 3419
1424 9 2 3 1 692 929 1474 4645 3384 4646
1425 9 2 3 1 407 406 408 3738 4647 4189
1426 9 2 3 1 522 1498 1672 3579 4648 3430
1427 9 2 3 1 679 1182 1770 1955 4649 2822
1428 9 2 3 1 1025 1026 1114 4650 4651 4652
1429 9 2 3 1 671 612 672 4653 4026 4654
1430 9 2 3 1 834 657 836 4655 4656 4657
1431 9 2 3 1 508 488 509 4342 4658 4267
1432 9 2 3 1 472 883 919 4659 4660 3908
1433 9 2 3 1 554 618 1181 3140 4661 3656
1434 9 2 3 1 166 165 1312 182 3553 4662
1435 9 2 3 1 232 231 1313 248 3555 4663
1436 9 2 3 1 1163 1167 1572 3972 4664 4665
1437 9 2 3 1 802 672 803 4666 4112 4667
1438 9 2 3 1 425 423 426 4384 4668 4071
1439 9 2 3 1 536 537 538 4669 4670 4029
1440 9 2 3 1 1167 1168 1246 3244 4148 4671
1441 9 2 3 1 359 357 360 3893 4672 4124
1442 9 2 3 1 839 1535 1582 4673 4674 4460
1443 9 2 3 1 776 1292 1563 3536 2356 3085
1444 9 2 3 1 318 90 1486 4522 4675 4676
1445 9 2 3 1 917 1156 1484 4677 4678 4679
1446 9 2 3 1 860 731 861 4680 4681 4682
1447 9 2 3 1 1471 720 1637 4683 3928 4239
1448 9 2 3 1 1141 1142 1268 4396 2132 1945
1449 9 2 3 1 816 818 819 4684 4685 3462
1450 9 2 3 1 657 654 1457 4686 4258 4687
1451 9 2 3 1 89 318 1462 4523 2197 4688
1452 9 2 3 1 330 59 1875 4048 4689 3779
1453 9 2 3 1 548 547 549 3984 4690 4036
1454 9 2 3 1 863 840 928 4228 4691 3506
1455 9 2 3 1 317 12 1476 4521 3389 4692
1456 9 2 3 1 1342 1343 1490 2150 4693 2983
1457 9 2 3 1 1055 955 1904 3867 4694 4402
1458 9 2 3 1 429 428 430 4065 4695 4450
1459 9 2 3 1 481 482 483 4696 4697 3021
1460 9 2 3 1 503 502 504 3573 4698 4220
1461 9 2 3 1 1307 329 1642 3325 4601 3112
1462 9 2 3 1 1567 794 1620 4699 3669 4700
1463 9 2 3 1 843 1020 1627 4701 4702 4703
1464 9 2 3 1 301 7 1297 4381 3375 4704
1465 9 2 3 1 675 676 678 2498 4265 4705
1466 9 2 3 1 1449 1302 1709 2274 4706 4707
1467 9 2 3 1 1302 1055 1709 2755 4708 4706
1468 9 2 3 1 1215 881 1302 3842 4709 2273
1469 9 2 3 1 819 820 821 4710 4711 3968
1470 9 2 3 1 605 492 1518 4712 4713 4714
1471 9 2 3 1 427 426 428 4072 4715 4064
1472 9 2 3 1 17 314 1439 3940 4424 3953
1473 9 2 3 1 1741 757 1855 4200 4716 4717
1474 9 2 3 1 519 1301 1857 1967 4718 2185
1475 9 2 3 1 521 492 605 4719 4712 4720
1476 9 2 3 1 945 1231 1698 4721 4722 3130
1477 9 2 3 1 1522 1408 1873 2664 4723 4724
1478 9 2 3 1 1475 304 1766 4223 4725 3951
1479 9 2 3 1 715 714 716 3950 4726 4319
1480 9 2 3 1 702 698 1411 4727 4010 4303
1481 9 2 3 1 550 551 552 4728 4729 3677
1482 9 2 3 1 997 998 999 4090 4235 4730
1483 9 2 3 1 434 1469 1470 3063 4731 3704
1484 9 2 3 1 732 668 733 4165 4732 3868
1485 9 2 3 1 534 533 535 3881 4733 4360
1486 9 2 3 1 332 88 1462 4581 4734 3574
1487 9 2 3 1 134 315 1444 4085 4735 4633
1488 9 2 3 1 917 1124 1156 4736 4737 4677
1489 9 2 3 1 311 1554 1859 3163 2556 4534
1490 9 2 3 1 996 993 1570 4067 2863 4738
1491 9 2 3 1 821 823 824 4739 4740 4440
1492 9 2 3 1 873 1035 1036 4741 4742 3822
1493 9 2 3 1 862 1066 1067 4743 4744 4745
1494 9 2 3 1 905 625 942 4746 4142 4747
1495 9 2 3 1 824 862 1446 4748 4749 4425
1496 9 2 3 1 650 651 652 4436 4345 4750
1497 9 2 3 1 473 347 523 4751 4073 4752
1498 9 2 3 1 505 506 507 4753 4754 3123
1499 9 2 3 1 1292 1289 1494 4563 4755 3240
1500 9 2 3 1 1395 980 1516 4539 4756 4757
1501 9 2 3 1 557 558 559 4758 4759 3132
1502 9 2 3 1 442 450 1496 3993 4760 4555
1503 9 2 3 1 608 777 1556 4761 4762 2946
1504 9 2 3 1 407 1456 1842 3903 4405 4763
1505 9 2 3 1 363 365 1825 4370 4001 4764
1506 9 2 3 1 313 1220 1232 3721 3445 4020
1507 9 2 3 1 991 1280 1782 3075 4765 4014
1508 9 2 3 1 1029 1030 1031 4766 4767 4768
1509 9 2 3 1 1042 1405 1406 4769 3254 4770
1510 9 2 3 1 1079 1188 1789 4210 4771 4772
1511 9 2 3 1 1296 815 1303 3713 4479 4417
1512 9 2 3 1 862 1067 1446 4745 2615 4749
1513 9 2 3 1 663 509 664 4268 4773 4351
1514 9 2 3 1 1422 438 1676 3611 4774 4775
1515 9 2 3 1 1238 1043 1544 2873 2484 4776
1516 9 2 3 1 173 172 1583 189 2906 4777
1517 9 2 3 1 1227 1675 1891 3982 4778 4779
1518 9 2 3 1 1568 1620 1628 4780 4781 3689
1519 9 2 3 1 1646 1333 1666 4782 4628 4288
1520 9 2 3 1 65 66 1481 85 4783 4784
1521 9 2 3 1 431 432 433 4785 4786 3913
1522 9 2 3 1 375 361 1548 3135 4139 4787
1523 9 2 3 1 1425 669 1710 2832 4788 3593
1524 9 2 3 1 341 343 609 3560 4789 3963
1525 9 2 3 1 983 984 1758 4790 4791 3345
1526 9 2 3 1 1296 1332 1467 3716 4792 4128
1527 9 2 3 1 1394 1395 1735 3975 4793 4794
1528 9 2 3 1 469 462 525 4795 3808 4796
1529 9 2 3 1 1669 1420 1748 4797 4798 4028
1530 9 2 3 1 768 491 769 4400 4799 4347
1531 9 2 3 1 1519 848 1764 4099 4800 4514
1532 9 2 3 1 316 1272 1751 2461 4801 4802
1533 9 2 3 1 311 277 1615 3288 3176 4382
1534 9 2 3 1 1763 1237 1786 4803 4804 4805
1535 9 2 3 1 1379 1634 1681 4806 4641 4807
1536 9 2 3 1 723 704 1489 4808 4595 4809
1537 9 2 3 1 606 605 607 4810 4281 4811
1538 9 2 3 1 696 700 701 4812 4813 3598
1539 9 2 3 1 1543 1234 1668 2860 4042 3539
1540 9 2 3 1 830 1002 1029 4814 4815 4816
1541 9 2 3 1 741 872 873 4817 4818 2685
1542 9 2 3 1 644 645 646 4159 4419 4819
1543 9 2 3 1 1407 933 1408 4820 4821 2663
1544 9 2 3 1 409 408 410 4190 4822 4606
1545 9 2 3 1 1166 1554 1658 4390 3165 4304
1546 9 2 3 1 947 828 1197 4823 4629 2900
1547 9 2 3 1 891 1087 1125 3543 4467 3275
1548 9 2 3 1 235 300 1715 4032 4824 2795
1549 9 2 3 1 999 1045 1116 4237 4317 4825
1550 9 2 3 1 1274 1844 1875 4826 3780 4091
1551 9 2 3 1 375 1400 1465 4827 4828 4829
1552 9 2 3 1 1366 1367 1858 4830 4831 4832
1553 9 2 3 1 377 378 379 4833 4834 4043
1554 9 2 3 1 812 811 847 4517 4835 4524
1555 9 2 3 1 361 360 362 4125 4836 4374
1556 9 2 3 1 1465 1401 1762 4837 4838 4839
1557 9 2 3 1 807 895 909 4565 4499 4840
1558 9 2 3 1 452 451 453 3745 4841 3933
1559 9 2 3 1 936 767 972 4842 4843 4844
1560 9 2 3 1 692 694 929 4845 2781 4645
1561 9 2 3 1 813 769 814 4348 4846 4430
1562 9 2 3 1 922 773 960 4847 4619 4848
1563 9 2 3 1 843 1019 1020 4849 4850 4701
1564 9 2 3 1 903 1252 1659 2457 2215 4851
1565 9 2 3 1 371 370 372 4234 4852 4270
1566 9 2 3 1 900 690 901 4853 3783 4854
1567 9 2 3 1 1089 1088 1543 4023 2861 4855
1568 9 2 3 1 909 1068 1080 4500 4411 4856
1569 9 2 3 1 478 475 1597 3994 4857 4858
1570 9 2 3 1 5 279 1488 296 4859 4860
1571 9 2 3 1 927 1133 1134 4577 4861 4862
1572 9 2 3 1 852 723 925 4863 4864 4865
1573 9 2 3 1 726 830 1437 4866 4867 4868
1574 9 2 3 1 609 343 1589 4789 4869 4870
1575 9 2 3 1 1090 1089 1171 4871 4872 4873
1576 9 2 3 1 1068 1507 1745 2527 4874 4412
1577 9 2 3 1 1343 1344 1490 3282 3718 4693
1578 9 2 3 1 979 1455 1865 2982 4875 4543
1579 9 2 3 1 365 364 366 4369 4876 4321
1580 9 2 3 1 1277 898 1550 4877 4878 2443
1581 9 2 3 1 1123 1468 1808 4879 3532 2467
1582 9 2 3 1 664 859 1428 4880 3979 4881
1583 9 2 3 1 953 952 954 4520 4882 4569
1584 9 2 3 1 367 366 368 4322 4883 4355
1585 9 2 3 1 1309 708 1800 2441 4884 4885
1586 9 2 3 1 1017 901 1235 4886 4446 4887
1587 9 2 3 1 830 1029 1437 4816 4888 4867
1588 9 2 3 1 1417 1069 1794 4224 4889 4890
1589 9 2 3 1 1075 1073 1077 4891 4892 4893
1590 9 2 3 1 542 541 543 4273 4894 4208
1591 9 2 3 1 1734 1126 1785 2225 4895 2936
1592 9 2 3 1 1072 1599 1877 4136 4896 2040
1593 9 2 3 1 1174 274 1900 3082 4006 4897
1594 9 2 3 1 16 1439 1645 3954 4898 3887
1595 9 2 3 1 724 607 725 4899 4250 4900
1596 9 2 3 1 1511 998 1687 4901 4902 2561
1597 9 2 3 1 864 803 1419 4903 4599 2018
1598 9 2 3 1 1236 520 1237 3128 4904 3017
1599 9 2 3 1 505 504 506 4221 4905 4753
1600 9 2 3 1 955 956 957 4906 4907 4908
1601 9 2 3 1 369 368 370 4356 4909 4233
1602 9 2 3 1 345 347 473 3732 4751 4910
1603 9 2 3 1 393 392 394 3834 4911 4343
1604 9 2 3 1 667 604 668 4363 4912 4164
1605 9 2 3 1 781 782 783 4913 4914 3283
1606 9 2 3 1 659 686 687 4915 4916 4168
1607 9 2 3 1 1130 1447 1504 3397 3178 3641
1608 9 2 3 1 1276 898 1277 4917 4877 4918
1609 9 2 3 1 1069 1030 1070 4919 4920 4921
1610 9 2 3 1 815 814 816 4431 4922 4478
1611 9 2 3 1 1045 998 1511 4236 4901 4923
1612 9 2 3 1 671 672 802 4654 4666 4924
1613 9 2 3 1 930 866 931 4610 4925 4596
1614 9 2 3 1 940 525 941 4926 4602 4927
1615 9 2 3 1 638 658 659 4928 4929 3169
1616 9 2 3 1 1087 1086 1558 3542 3653 4930
1617 9 2 3 1 544 543 547 4209 4931 3983
1618 9 2 3 1 1381 1170 1725 2921 4932 4933
1619 9 2 3 1 1031 1030 1069 4767 4919 4934
1620 9 2 3 1 1020 1620 1627 4935 3671 4702
1621 9 2 3 1 373 372 376 4271 4936 4621
1622 9 2 3 1 1059 897 1060 3996 4937 4453
1623 9 2 3 1 1119 1120 1122 4938 4939 3466
1624 9 2 3 1 22 23 1593 42 2633 4940
1625 9 2 3 1 433 435 436 4941 4942 4133
1626 9 2 3 1 943 942 944 4943 4433 4944
1627 9 2 3 1 759 933 1407 4945 4820 4946
1628 9 2 3 1 1110 1111 1113 4947 4948 4949
1629 9 2 3 1 439 405 1719 2852 4393 4950
1630 9 2 3 1 701 704 705 4951 4952 2887
1631 9 2 3 1 1007 1005 1429 4953 4614 3904
1632 9 2 3 1 411 412 413 4954 4955 4553
1633 9 2 3 1 836 657 1457 4656 4687 4476
1634 9 2 3 1 363 362 364 4375 4956 4368
1635 9 2 3 1 634 637 638 4957 4958 3797
1636 9 2 3 1 802 803 864 4667 4903 4959
1637 9 2 3 1 603 599 604 4504 4960 4362
1638 9 2 3 1 639 636 640 4961 3056 4962
1639 9 2 3 1 1092 1093 1675 4963 4575 3749
1640 9 2 3 1 961 960 1072 4964 4134 4965
1641 9 2 3 1 641 640 642 4966 4170 4967
1642 9 2 3 1 631 629 973 4968 4969 2791
1643 9 2 3 1 574 573 575 3221 4970 4971
1644 9 2 3 1 553 1317 1679 2588 4972 4973
1645 9 2 3 1 211 210 1504 227 2845 3568
1646 9 2 3 1 837 889 1016 4974 4975 4976
1647 9 2 3 1 1029 1002 1030 4815 4977 4766
1648 9 2 3 1 834 836 857 4657 4978 4979
1649 9 2 3 1 907 856 908 4980 4353 4981
1650 9 2 3 1 246 245 1356 262 3122 4982
1651 9 2 3 1 652 653 654 4346 4618 4983
1652 9 2 3 1 479 478 480 3534 4984 4309
1653 9 2 3 1 348 344 1899 3910 4985 3790
1654 9 2 3 1 1025 931 1026 4597 4986 4650
1655 9 2 3 1 1401 1607 1762 3222 4987 4838
1656 9 2 3 1 1548 363 1825 4138 4764 4988
1657 9 2 3 1 1488 279 1859 4859 4989 2555
1658 9 2 3 1 1272 948 1751 4990 2495 4801
1659 9 2 3 1 986 985 1205 4991 4146 4634
1660 9 2 3 1 1245 1489 1588 4338 4992 4993
1661 9 2 3 1 660 835 837 4994 4995 4996
1662 9 2 3 1 326 25 1603 4529 4997 3882
1663 9 2 3 1 142 143 1565 162 4121 4998
1664 9 2 3 1 926 925 1132 4999 4216 5000
1665 9 2 3 1 569 570 571 5001 5002 3054
1666 9 2 3 1 717 716 718 4320 5003 4461
1667 9 2 3 1 1560 1290 1805 3229 5004 5005
1668 9 2 3 1 472 339 883 4061 5006 4659
1669 9 2 3 1 1010 1013 1014 5007 5008 5009
1670 9 2 3 1 1000 1001 1400 4568 5010 5011
1671 9 2 3 1 540 539 541 4546 5012 4272
1672 9 2 3 1 635 633 636 5013 3728 5014
1673 9 2 3 1 57 58 1630 77 5015 2534
1674 9 2 3 1 881 664 1428 4352 4881 5016
1675 9 2 3 1 630 632 962 5017 2864 5018
1676 9 2 3 1 721 718 722 4462 1959 5019
1677 9 2 3 1 518 529 608 5020 5021 5022
1678 9 2 3 1 829 1138 1139 5023 5024 5025
1679 9 2 3 1 1354 1351 1544 5026 5027 2176
1680 9 2 3 1 1213 1149 1674 2357 3599 5028
1681 9 2 3 1 1400 1001 1401 5010 5029 5030
1682 9 2 3 1 945 944 1135 5031 3402 5032
1683 9 2 3 1 1535 949 1582 5033 5034 4674
1684 9 2 3 1 1040 1039 1333 5035 1980 5036
1685 9 2 3 1 984 982 985 5037 5038 5039
1686 9 2 3 1 892 779 893 3829 4306 4466
1687 9 2 3 1 1011 1009 1012 5040 3774 5041
1688 9 2 3 1 827 829 1445 5042 5043 5044
1689 9 2 3 1 608 727 777 5045 5046 4761
1690 9 2 3 1 1720 1282 1754 2519 5047 5048
1691 9 2 3 1 1114 1026 1265 4651 5049 5050
1692 9 2 3 1 312 1293 1878 2961 4439 2190
1693 9 2 3 1 646 647 648 4420 3192 5051
1694 9 2 3 1 819 818 820 4685 5052 4710
1695 9 2 3 1 971 916 1240 5053 2426 5054
1696 9 2 3 1 854 1118 1119 5055 5056 5057
1697 9 2 3 1 1105 1104 1204 5058 3199 5059
1698 9 2 3 1 1171 1089 1689 4872 5060 5061
1699 9 2 3 1 777 831 934 5062 5063 4473
1700 9 2 3 1 1119 1118 1120 5056 5064 4938
1701 9 2 3 1 458 459 460 5065 5066 4153
1702 9 2 3 1 1480 970 1622 5067 3150 2759
1703 9 2 3 1 398 401 1629 3313 2867 3838
1704 9 2 3 1 1332 449 1783 2179 5068 5069
1705 9 2 3 1 626 615 756 5070 5071 5072
1706 9 2 3 1 536 535 537 4361 5073 4669
1707 9 2 3 1 804 806 1315 5074 2465 3897
1708 9 2 3 1 944 1399 1436 4434 4081 3403
1709 9 2 3 1 1398 1256 1708 4045 2169 5075
1710 9 2 3 1 88 89 1462 108 4688 4734
1711 9 2 3 1 854 756 927 5076 4576 5077
1712 9 2 3 1 1140 908 1141 5078 4395 4397
1713 9 2 3 1 205 204 513 221 5079 5080
1714 9 2 3 1 867 842 1034 5081 5082 5083
1715 9 2 3 1 1096 1095 1466 5084 5085 5086
1716 9 2 3 1 1386 941 1387 5087 5088 5089
1717 9 2 3 1 911 1373 1540 3999 2886 3911
1718 9 2 3 1 829 1139 1445 5025 5090 5043
1719 9 2 3 1 456 457 458 5091 5092 4205
1720 9 2 3 1 822 817 915 5093 5094 5095
1721 9 2 3 1 794 786 1627 5096 5097 3670
1722 9 2 3 1 1596 1083 1826 5098 5099 3863
1723 9 2 3 1 821 820 823 4711 5100 4739
1724 9 2 3 1 550 549 551 4037 5101 4728
1725 9 2 3 1 18 19 1797 38 2193 5102
1726 9 2 3 1 928 1254 1309 5103 2395 4428
1727 9 2 3 1 824 823 862 4740 5104 4748
1728 9 2 3 1 1423 440 1532 2565 5105 5106
1729 9 2 3 1 1133 1497 1584 4276 5107 5108
1730 9 2 3 1 1409 65 1481 4531 4784 3781
1731 9 2 3 1 1396 1076 1587 5109 5110 4076
1732 9 2 3 1 1031 1717 1845 5111 5112 5113
1733 9 2 3 1 973 629 1580 4969 5114 5115
1734 9 2 3 1 1805 1290 1835 5004 5116 5117
1735 9 2 3 1 1231 1135 1662 5118 2123 3362
1736 9 2 3 1 616 626 811 5119 5120 4516
1737 9 2 3 1 725 856 907 4588 4980 5121
1738 9 2 3 1 977 978 979 5122 5123 4542
1739 9 2 3 1 1395 1376 1787 3974 5124 4540
1740 9 2 3 1 611 613 614 5125 5126 5127
1741 9 2 3 1 13 14 1901 33 5128 3803
1742 9 2 3 1 649 656 977 5129 5130 5131
1743 9 2 3 1 860 861 1000 4682 4566 5132
1744 9 2 3 1 1305 1192 1728 2611 5133 3626
1745 9 2 3 1 521 605 606 4720 4810 5134
1746 9 2 3 1 1719 407 1842 4392 4763 5135
1747 9 2 3 1 785 1223 1224 2143 5136 5137
1748 9 2 3 1 693 691 992 5138 5139 5140
1749 9 2 3 1 463 470 471 5141 5142 5143
1750 9 2 3 1 861 731 1680 4681 5144 2915
1751 9 2 3 1 1212 1127 1695 5145 5146 5147
1752 9 2 3 1 889 1039 1040 5148 5035 5149
1753 9 2 3 1 523 745 1449 4477 5150 5151
1754 9 2 3 1 436 441 442 5152 5153 4554
1755 9 2 3 1 1399 597 1831 2093 5154 3401
1756 9 2 3 1 1417 319 1717 4487 5155 4225
1757 9 2 3 1 781 765 782 2497 5156 4913
1758 9 2 3 1 1259 590 1383 5157 5158 5159
1759 9 2 3 1 1203 265 1912 5160 5161 2714
1760 9 2 3 1 990 1390 1545 2911 4229 2024
1761 9 2 3 1 867 1104 1105 5162 5058 5163
1762 9 2 3 1 460 467 488 5164 5165 4341
1763 9 2 3 1 1452 1171 1453 5166 2148 3540
1764 9 2 3 1 614 615 616 5167 5168 5169
1765 9 2 3 1 379 381 382 5170 5171 4122
1766 9 2 3 1 709 746 747 5172 5173 5174
1767 9 2 3 1 1789 1188 1894 4771 2708 5175
1768 9 2 3 1 949 1015 1316 5176 5177 5178
1769 9 2 3 1 705 711 712 5179 5180 4144
1770 9 2 3 1 489 467 610 5181 5182 5183
1771 9 2 3 1 697 695 698 5184 5185 5186
1772 9 2 3 1 951 858 1103 5187 5188 5189
1773 9 2 3 1 726 1437 1482 4868 5190 5191
1774 9 2 3 1 664 858 859 5192 5193 4880
1775 9 2 3 1 453 454 456 5194 5195 4050
1776 9 2 3 1 431 430 432 4451 5196 4785
1777 9 2 3 1 1735 1395 1860 4793 5197 5198
1778 9 2 3 1 735 868 949 5199 5200 5201
1779 9 2 3 1 701 700 704 4813 4593 4951
1780 9 2 3 1 1513 877 1718 2636 5202 5203
1781 9 2 3 1 885 864 1131 5204 2402 5205
1782 9 2 3 1 919 883 946 4660 5206 5207
1783 9 2 3 1 337 1172 1501 4583 5208 5209
1784 9 2 3 1 613 612 671 5210 4653 5211
1785 9 2 3 1 802 864 885 4959 5204 5212
1786 9 2 3 1 1328 1327 1639 2941 5213 5214
1787 9 2 3 1 611 610 612 5215 3871 5216
1788 9 2 3 1 1493 1446 1780 4426 2649 5217
1789 9 2 3 1 847 987 988 5218 5219 5220
1790 9 2 3 1 1014 1249 1846 5221 4161 5222
1791 9 2 3 1 1293 1064 1305 4312 5223 4438
1792 9 2 3 1 551 549 1604 5101 5224 5225
1793 9 2 3 1 1263 1448 1744 4526 5226 2365
1794 9 2 3 1 936 972 1137 4844 5227 5228
1795 9 2 3 1 413 414 415 5229 5230 5231
1796 9 2 3 1 556 557 1841 3758 3521 3089
1797 9 2 3 1 1147 919 1430 4324 5232 2690
1798 9 2 3 1 978 656 1117 5233 5234 5235
1799 9 2 3 1 707 706 708 5236 5237 5238
1800 9 2 3 1 1134 1369 1528 2607 4315 5239
1801 9 2 3 1 709 708 719 5240 2440 5241
1802 9 2 3 1 996 1570 1687 4738 2871 5242
1803 9 2 3 1 746 719 807 5243 4564 5244
1804 9 2 3 1 1167 1247 1572 5245 1932 4664
1805 9 2 3 1 325 103 1666 4528 5246 4627
1806 9 2 3 1 1056 1012 1157 5247 4004 5248
1807 9 2 3 1 889 835 1039 5249 5250 5148
1808 9 2 3 1 384 385 386 5251 3424 3970
1809 9 2 3 1 1050 1051 1052 5252 5253 3649
1810 9 2 3 1 854 927 1118 5077 5254 5055
1811 9 2 3 1 437 445 1264 5255 5256 5257
1812 9 2 3 1 972 767 1485 4843 5258 5259
1813 9 2 3 1 1411 1509 1759 4012 5260 5261
1814 9 2 3 1 442 447 448 5262 5263 3991
1815 9 2 3 1 837 835 889 4995 5249 4974
1816 9 2 3 1 747 842 866 5264 5265 4609
1817 9 2 3 1 1421 1422 1777 4111 5266 2776
1818 9 2 3 1 471 490 491 5267 5268 4399
1819 9 2 3 1 907 908 1140 4981 5078 5269
1820 9 2 3 1 459 457 468 5270 5271 5272
1821 9 2 3 1 859 951 952 5273 5274 4519
1822 9 2 3 1 538 537 539 4670 5275 4545
1823 9 2 3 1 1623 970 1624 3151 2436 5276
1824 9 2 3 1 847 811 987 4835 5277 5218
1825 9 2 3 1 606 607 724 4811 4899 5278
1826 9 2 3 1 1414 1046 1784 3827 5279 5280
1827 9 2 3 1 626 756 854 5072 5076 5281
1828 9 2 3 1 885 1131 1273 5205 2207 5282
1829 9 2 3 1 867 1034 1104 5083 2739 5162
1830 9 2 3 1 710 1508 1541 5283 4640 2314
1831 9 2 3 1 1014 1013 1249 5008 5284 5221
1832 9 2 3 1 1200 1640 1702 3607 5285 2802
1833 9 2 3 1 564 563 566 3502 5286 3820
1834 9 2 3 1 964 965 1054 5287 5288 5289
1835 9 2 3 1 830 936 1002 5290 5291 4814
1836 9 2 3 1 738 878 880 5292 5293 5294
1837 9 2 3 1 903 871 904 5295 4206 2455
1838 9 2 3 1 955 954 956 4570 5296 4906
1839 9 2 3 1 1379 323 1634 3680 2265 4806
1840 9 2 3 1 575 579 580 5297 5298 4261
1841 9 2 3 1 433 432 435 4786 5299 4941
1842 9 2 3 1 494 483 1380 3637 5300 5301
1843 9 2 3 1 483 484 1380 5302 5303 5300
1844 9 2 3 1 516 527 528 5304 5305 3934
1845 9 2 3 1 1310 824 1493 4441 4427 3608
1846 9 2 3 1 1091 1315 1592 3898 5306 5307
1847 9 2 3 1 469 525 940 4796 4926 5308
1848 9 2 3 1 1260 1168 1866 4149 5309 5310
1849 9 2 3 1 979 980 1438 5311 5312 3161
1850 9 2 3 1 831 727 850 5313 5314 5315
1851 9 2 3 1 1054 1318 1750 3203 5316 5317
1852 9 2 3 1 687 686 758 4916 5318 5319
1853 9 2 3 1 807 909 910 4840 5320 5321
1854 9 2 3 1 460 459 467 5066 5322 5164
1855 9 2 3 1 660 657 834 5323 4655 5324
1856 9 2 3 1 822 916 917 5325 5326 5327
1857 9 2 3 1 1108 1107 1109 4548 5328 4571
1858 9 2 3 1 1085 1623 1624 2628 5276 5329
1859 9 2 3 1 415 416 417 5330 5331 3851
1860 9 2 3 1 242 241 1238 258 3510 5332
1861 9 2 3 1 402 400 443 3865 5333 5334
1862 9 2 3 1 934 935 1475 5335 3461 2917
1863 9 2 3 1 458 457 459 5092 5270 5065
1864 9 2 3 1 616 615 626 5168 5070 5119
1865 9 2 3 1 777 727 831 5046 5313 5062
1866 9 2 3 1 699 698 702 5336 4727 5337
1867 9 2 3 1 703 707 710 5338 5339 5340
1868 9 2 3 1 928 840 1254 4691 5341 5103
1869 9 2 3 1 611 612 613 5216 5210 5125
1870 9 2 3 1 1321 914 1324 4371 4515 5342
1871 9 2 3 1 512 515 516 5343 5344 4409
1872 9 2 3 1 703 702 706 5345 4501 5346
1873 9 2 3 1 934 831 935 5063 5347 5335
1874 9 2 3 1 1115 1241 1855 2951 5348 5349
1875 9 2 3 1 398 397 399 4465 5350 4625
1876 9 2 3 1 1028 545 1041 3001 5351 5352
1877 9 2 3 1 90 91 1486 110 4326 4675
1878 9 2 3 1 1827 1076 1861 5353 5354 5355
1879 9 2 3 1 822 915 916 5095 2230 5325
1880 9 2 3 1 608 529 727 5021 5356 5045
1881 9 2 3 1 395 394 397 4344 5357 4464
1882 9 2 3 1 377 376 378 4622 5358 4833
1883 9 2 3 1 1181 1827 1861 5359 5355 3172
1884 9 2 3 1 569 567 570 2907 5360 5001
1885 9 2 3 1 830 767 936 5361 4842 5290
1886 9 2 3 1 726 767 830 5362 5361 4866
1887 9 2 3 1 557 555 558 3757 5363 4758
1888 9 2 3 1 816 817 818 5364 5365 4684
1889 9 2 3 1 1006 1008 1793 5366 2850 3986
1890 9 2 3 1 1330 1056 1863 3631 5367 3638
1891 9 2 3 1 724 725 1485 4900 5368 5369
1892 9 2 3 1 798 799 800 5370 5371 2856
1893 9 2 3 1 417 418 419 5372 5373 5374
1894 9 2 3 1 1080 1745 1885 4413 5375 5376
1895 9 2 3 1 655 654 657 5377 4686 5378
1896 9 2 3 1 488 467 489 5165 5181 5379
1897 9 2 3 1 681 680 682 5380 3690 5381
1898 9 2 3 1 659 658 686 4929 5382 4915
1899 9 2 3 1 1117 656 1517 5234 5383 5384
1900 9 2 3 1 489 610 611 5183 5215 5385
1901 9 2 3 1 992 691 1619 5139 5386 2574
1902 9 2 3 1 606 724 726 5278 5387 5388
1903 9 2 3 1 726 724 767 5387 5389 5362
1904 9 2 3 1 664 509 858 4773 5390 5192
1905 9 2 3 1 456 454 457 5195 5391 5091
1906 9 2 3 1 379 378 381 4834 5392 5170
1907 9 2 3 1 649 648 650 5393 4435 5394
1908 9 2 3 1 481 480 482 4310 5395 4696
1909 9 2 3 1 272 271 1339 288 5396 5397
1910 9 2 3 1 862 948 1066 5398 5399 4743
1911 9 2 3 1 721 722 1451 5019 5400 4323
1912 9 2 3 1 1127 1212 1893 5145 5401 5402
1913 9 2 3 1 866 842 867 5265 5081 5403
1914 9 2 3 1 483 482 484 4697 5404 5302
1915 9 2 3 1 666 849 964 5405 5406 5407
1916 9 2 3 1 707 708 709 5238 5240 5408
1917 9 2 3 1 520 512 1397 3374 4410 5409
1918 9 2 3 1 614 613 615 5126 5410 5167
1919 9 2 3 1 709 719 746 5241 5243 5172
1920 9 2 3 1 1387 941 1601 5088 5411 5412
1921 9 2 3 1 1280 1281 1782 3080 5413 4765
1922 9 2 3 1 852 925 926 4865 4999 5414
1923 9 2 3 1 870 869 871 5415 4211 5416
1924 9 2 3 1 419 420 421 5417 5418 5419
1925 9 2 3 1 1226 180 1792 5420 3157 2415
1926 9 2 3 1 979 978 980 5123 5421 5311
1927 9 2 3 1 308 22 1593 3941 4940 5422
1928 9 2 3 1 1020 1542 1628 5423 3471 5424
1929 9 2 3 1 1389 1096 1466 2893 5086 4052
1930 9 2 3 1 411 410 412 4607 5425 4954
1931 9 2 3 1 862 823 948 5104 5426 5398
1932 9 2 3 1 642 644 662 4587 5427 5428
1933 9 2 3 1 844 617 869 5429 5430 5431
1934 9 2 3 1 1329 1013 1917 5432 5433 4195
1935 9 2 3 1 436 435 441 4942 5434 5152
1936 9 2 3 1 917 971 1124 5435 2382 4736
1937 9 2 3 1 298 5 1488 4380 4860 5436
1938 9 2 3 1 582 583 584 5437 5438 3232
1939 9 2 3 1 711 704 723 5439 4808 5440
1940 9 2 3 1 437 422 438 5441 5442 5443
1941 9 2 3 1 809 1513 1718 2108 5203 5444
1942 9 2 3 1 421 422 423 5445 5446 4383
1943 9 2 3 1 714 712 839 4492 5447 5448
1944 9 2 3 1 873 872 1035 4818 5449 4741
1945 9 2 3 1 977 656 978 5130 5233 5122
1946 9 2 3 1 1195 1503 1615 5450 4094 2623
1947 9 2 3 1 1148 1147 1813 3891 2086 5451
1948 9 2 3 1 859 858 951 5193 5187 5273
1949 9 2 3 1 919 946 1430 5207 5452 5232
1950 9 2 3 1 518 492 521 5453 4719 5454
1951 9 2 3 1 660 834 835 5324 5455 4994
1952 9 2 3 1 1583 487 1778 2905 5456 5457
1953 9 2 3 1 26 27 1524 46 5458 5459
1954 9 2 3 1 740 478 1597 5460 4858 5461
1955 9 2 3 1 1265 1026 1476 5049 5462 2891
1956 9 2 3 1 925 723 1489 4864 4809 4337
1957 9 2 3 1 816 814 817 4922 5463 5364
1958 9 2 3 1 887 886 888 5464 2608 5465
1959 9 2 3 1 747 746 842 5173 5466 5264
1960 9 2 3 1 518 521 529 5454 5467 5020
1961 9 2 3 1 473 523 524 4752 5468 5469
1962 9 2 3 1 627 690 900 4185 4853 4192
1963 9 2 3 1 639 640 641 4962 4966 5470
1964 9 2 3 1 638 637 658 4958 5471 4928
1965 9 2 3 1 104 105 1523 124 5472 5473
1966 9 2 3 1 1302 881 1428 4709 5016 2756
1967 9 2 3 1 655 657 660 5378 5323 5474
1968 9 2 3 1 352 350 622 4162 5475 5476
1969 9 2 3 1 1425 1027 1849 3920 5477 4016
1970 9 2 3 1 425 1211 1698 3546 3131 4506
1971 9 2 3 1 735 723 852 5478 4863 5479
1972 9 2 3 1 1015 868 1347 5480 5481 5482
1973 9 2 3 1 1639 1178 1640 5483 5484 3606
1974 9 2 3 1 1372 310 1602 3382 4083 5485
1975 9 2 3 1 917 916 971 5326 5053 5435
1976 9 2 3 1 703 706 707 5346 5236 5338
1977 9 2 3 1 990 795 1887 2140 3149 2912
1978 9 2 3 1 1066 948 1272 5399 4990 5486
1979 9 2 3 1 769 491 966 4799 5487 5488
1980 9 2 3 1 1496 450 1781 4760 3590 5489
1981 9 2 3 1 818 817 822 5365 5093 5490
1982 9 2 3 1 991 1258 1390 4013 5491 2910
1983 9 2 3 1 984 985 986 5039 4991 5492
1984 9 2 3 1 1047 1391 1685 3474 1949 4140
1985 9 2 3 1 946 883 1341 5206 5493 5494
1986 9 2 3 1 426 423 1458 4668 5495 5496
1987 9 2 3 1 1676 1470 1777 5497 5498 5499
1988 9 2 3 1 758 686 898 5318 5500 5501
1989 9 2 3 1 649 650 656 5394 5502 5129
1990 9 2 3 1 143 144 1525 163 5503 4119
1991 9 2 3 1 430 428 440 4695 5504 5505
1992 9 2 3 1 705 704 711 4952 5439 5179
1993 9 2 3 1 940 941 1386 4927 5087 5506
1994 9 2 3 1 1075 1077 1078 4893 5507 5508
1995 9 2 3 1 1471 1309 1800 4429 4885 5509
1996 9 2 3 1 423 422 437 5446 5441 5510
1997 9 2 3 1 956 954 958 5296 5511 5512
1998 9 2 3 1 635 636 639 5014 4961 5513
1999 9 2 3 1 384 382 385 4638 5514 5251
2000 9 2 3 1 1237 1397 1786 5515 2460 4804
2001 9 2 3 1 471 470 490 5142 5516 5267
2002 9 2 3 1 1472 1155 1592 5517 4293 5518
2003 9 2 3 1 652 654 655 4983 5377 5519
2004 9 2 3 1 421 420 422 5418 5520 5445
2005 9 2 3 1 905 942 943 4747 4943 5521
2006 9 2 3 1 1312 298 1767 3552 5522 5523
2007 9 2 3 1 946 1341 1342 5494 2092 5524
2008 9 2 3 1 777 1244 1556 4474 5525 4762
2009 9 2 3 1 758 898 899 5501 5526 5527
2010 9 2 3 1 725 907 1485 5121 5528 5368
2011 9 2 3 1 413 412 414 4955 5529 5229
2012 9 2 3 1 448 447 827 5263 5530 5531
2013 9 2 3 1 904 994 995 4617 5532 2687
2014 9 2 3 1 419 418 420 5373 3657 5417
2015 9 2 3 1 1016 889 1473 4975 5533 5534
2016 9 2 3 1 696 695 697 5535 5184 5536
2017 9 2 3 1 490 470 492 5516 5537 5538
2018 9 2 3 1 899 1276 1278 5539 2422 5540
2019 9 2 3 1 827 447 828 5530 5541 5542
2020 9 2 3 1 552 551 596 4729 5543 5544
2021 9 2 3 1 696 697 700 5536 5545 4812
2022 9 2 3 1 931 866 1463 4925 5546 5547
2023 9 2 3 1 388 386 446 4432 3763 2260
2024 9 2 3 1 900 901 1017 4854 4886 5548
2025 9 2 3 1 499 496 501 3683 5549 5550
2026 9 2 3 1 490 492 518 5538 5453 5551
2027 9 2 3 1 417 416 418 5331 5552 5372
2028 9 2 3 1 1533 1208 1704 5553 5554 5555
2029 9 2 3 1 399 691 692 5556 5557 5558
2030 9 2 3 1 1017 1235 1426 4887 2617 3245
2031 9 2 3 1 728 589 1477 4256 5559 2012
2032 9 2 3 1 442 441 447 5153 5560 5262
2033 9 2 3 1 595 574 1212 2511 5561 5562
2034 9 2 3 1 699 702 703 5337 5345 5563
2035 9 2 3 1 366 364 374 4876 5564 5565
2036 9 2 3 1 836 1430 1647 4475 5566 5567
2037 9 2 3 1 370 368 624 4909 5568 5569
2038 9 2 3 1 1214 1215 1688 3843 5570 5571
2039 9 2 3 1 879 739 886 5572 5573 5574
2040 9 2 3 1 357 355 358 4586 5575 5576
2041 9 2 3 1 697 698 699 5186 5336 5577
2042 9 2 3 1 1257 1398 1529 4046 3262 5578
2043 9 2 3 1 437 1264 1458 5257 5579 5580
2044 9 2 3 1 359 375 1916 3136 5581 3614
2045 9 2 3 1 1437 1029 1775 4888 5582 2929
2046 9 2 3 1 786 783 1627 3457 5583 5097
2047 9 2 3 1 899 898 1276 5526 4917 5539
2048 9 2 3 1 1083 1678 1839 5584 5585 5586
2049 9 2 3 1 889 1040 1473 5149 5587 5533
2050 9 2 3 1 518 608 1531 5022 2945 5588
2051 9 2 3 1 829 828 947 5589 4823 5590
2052 9 2 3 1 854 1119 1487 5057 2272 5591
2053 9 2 3 1 1317 1604 1679 4359 5592 4972
2054 9 2 3 1 619 845 967 5593 5594 5595
2055 9 2 3 1 694 695 696 5596 5535 2583
2056 9 2 3 1 639 641 981 5470 5597 5598
2057 9 2 3 1 846 1163 1572 3388 4665 4449
2058 9 2 3 1 759 932 933 5599 5600 4945
2059 9 2 3 1 682 1085 1624 3691 5329 3098
2060 9 2 3 1 800 801 804 5601 5602 2902
2061 9 2 3 1 441 435 449 5434 5603 5604
2062 9 2 3 1 400 399 1474 4626 5605 5606
2063 9 2 3 1 1540 468 1788 2594 5607 5608
2064 9 2 3 1 692 691 693 5557 5138 5609
2065 9 2 3 1 985 982 1536 5038 5610 2517
2066 9 2 3 1 829 947 1138 5590 4364 5023
2067 9 2 3 1 415 414 416 5230 5611 5330
2068 9 2 3 1 1128 1193 1801 3207 3519 3686
2069 9 2 3 1 938 1328 1639 5612 5214 5613
2070 9 2 3 1 718 716 737 5003 5614 2067
2071 9 2 3 1 658 637 754 5471 5615 5616
2072 9 2 3 1 756 615 1497 5071 5617 4275
2073 9 2 3 1 1742 1112 1890 5618 5619 3145
2074 9 2 3 1 1422 1676 1777 4775 5499 5266
2075 9 2 3 1 445 438 462 5620 3610 5621
2076 9 2 3 1 646 648 649 5051 5393 5622
2077 9 2 3 1 867 1105 1463 5163 5623 5624
2078 9 2 3 1 1353 1352 1596 5625 5626 5627
2079 9 2 3 1 949 868 1015 5200 5480 5176
2080 9 2 3 1 463 462 469 5628 4795 5629
2081 9 2 3 1 570 567 1608 5360 5630 5631
2082 9 2 3 1 1717 1393 1845 5632 5633 5112
2083 9 2 3 1 495 498 1670 2425 2308 2753
2084 9 2 3 1 967 968 969 5634 5635 5636
2085 9 2 3 1 1010 1011 1013 5637 5638 5007
2086 9 2 3 1 484 531 1663 5639 2785 5640
2087 9 2 3 1 1053 1443 1757 3412 3514 5641
2088 9 2 3 1 743 875 884 5642 5643 5644
2089 9 2 3 1 577 272 1339 4372 5397 5645
2090 9 2 3 1 418 416 434 5552 5646 3703
2091 9 2 3 1 711 723 735 5440 5478 5647
2092 9 2 3 1 827 1445 1574 5044 5648 5649
2093 9 2 3 1 630 962 1571 5018 5650 5651
2094 9 2 3 1 376 372 380 4936 5652 5653
2095 9 2 3 1 484 530 531 5654 5655 5639
2096 9 2 3 1 531 742 743 5656 5657 4591
2097 9 2 3 1 712 711 1535 5180 5658 5659
2098 9 2 3 1 245 244 1084 261 2943 3121
2099 9 2 3 1 175 1092 1223 4505 3748 2299
2100 9 2 3 1 1110 1109 1111 4572 5660 4947
2101 9 2 3 1 1400 1401 1465 5030 4837 4828
2102 9 2 3 1 641 642 1536 4967 5661 5662
2103 9 2 3 1 541 539 623 5012 5663 5664
2104 9 2 3 1 950 1202 1410 2329 5665 3719
2105 9 2 3 1 827 828 829 5542 5589 5042
2106 9 2 3 1 875 742 876 5666 5667 5668
2107 9 2 3 1 26 1524 1603 5459 3724 5669
2108 9 2 3 1 742 530 1492 5670 5671 5672
2109 9 2 3 1 694 693 695 5673 5674 5596
2110 9 2 3 1 1013 1329 1811 5432 5675 5676
2111 9 2 3 1 1473 320 1735 3029 5677 5678
2112 9 2 3 1 692 693 694 5609 5673 4845
2113 9 2 3 1 420 1470 1676 3659 5497 5679
2114 9 2 3 1 1316 1015 1439 5177 5680 4423
2115 9 2 3 1 1757 565 1843 3513 5681 3303
2116 9 2 3 1 981 982 983 5682 5683 5684
2117 9 2 3 1 767 724 1485 5389 5369 5258
2118 9 2 3 1 634 635 637 5685 5686 4957
2119 9 2 3 1 994 997 1498 4608 5687 5688
2120 9 2 3 1 987 811 1487 5277 5689 2515
2121 9 2 3 1 465 1427 1521 4203 5690 3562
2122 9 2 3 1 735 852 868 5479 5691 5199
2123 9 2 3 1 632 633 634 5692 5693 2600
2124 9 2 3 1 915 817 1520 5094 5694 5695
2125 9 2 3 1 622 1420 1669 5696 4797 5697
2126 9 2 3 1 463 471 1530 5143 3673 5698
2127 9 2 3 1 833 937 938 5699 5700 3806
2128 9 2 3 1 574 575 1212 4971 4263 5561
2129 9 2 3 1 1008 1009 1010 5701 5702 5703
2130 9 2 3 1 1011 1012 1056 5041 5247 5704
2131 9 2 3 1 381 378 629 5392 5705 5706
2132 9 2 3 1 580 581 582 5707 5708 5709
2133 9 2 3 1 632 631 633 5710 2535 5692
2134 9 2 3 1 1034 842 1506 5082 5711 5712
2135 9 2 3 1 1045 1511 1633 4923 4495 5713
2136 9 2 3 1 1077 1073 1655 4892 5714 5715
2137 9 2 3 1 956 958 959 5512 3266 5716
2138 9 2 3 1 617 551 1604 5717 5225 5718
2139 9 2 3 1 1050 1038 1051 4445 5719 5252
2140 9 2 3 1 634 633 635 5693 5013 5685
2141 9 2 3 1 698 695 1509 5185 5720 4011
2142 9 2 3 1 1118 927 1528 5254 5721 5722
2143 9 2 3 1 66 3 1798 86 5723 5724
2144 9 2 3 1 3 87 1798 106 5725 5723
2145 9 2 3 1 410 408 424 4822 5726 5727
2146 9 2 3 1 690 628 1752 4184 2644 5728
2147 9 2 3 1 592 598 599 5729 5730 4503
2148 9 2 3 1 866 867 1463 5403 5624 5546
2149 9 2 3 1 558 1833 1843 5731 5732 5733
2150 9 2 3 1 983 982 984 5683 5037 4790
2151 9 2 3 1 417 419 1662 5374 4086 5734
2152 9 2 3 1 1380 1169 1562 2727 2470 5735
2153 9 2 3 1 315 1758 1907 5736 5737 5738
2154 9 2 3 1 760 759 1407 4003 4946 5739
2155 9 2 3 1 266 265 1203 282 5160 5740
2156 9 2 3 1 687 758 1507 5319 5741 5742
2157 9 2 3 1 1010 1014 1607 5009 5743 5744
2158 9 2 3 1 811 626 1487 5120 5745 5689
2159 9 2 3 1 981 641 982 5597 5746 5682
2160 9 2 3 1 630 631 632 5747 5710 5017
2161 9 2 3 1 849 731 860 5748 4680 5749
2162 9 2 3 1 437 438 445 5443 5620 5255
2163 9 2 3 1 706 720 1800 4502 5750 5751
2164 9 2 3 1 445 462 463 5621 5628 5752
2165 9 2 3 1 1352 1353 1910 5625 5753 5754
2166 9 2 3 1 1650 316 1903 4511 5755 5756
2167 9 2 3 1 463 469 470 5629 5757 5141
2168 9 2 3 1 666 620 731 5758 5759 5760
2169 9 2 3 1 524 523 1449 5468 5151 5761
2170 9 2 3 1 323 142 1565 4532 4998 2318
2171 9 2 3 1 506 504 510 4905 5762 5763
2172 9 2 3 1 1103 858 1510 5188 5764 5765
2173 9 2 3 1 1082 1081 1182 2409 5766 3565
2174 9 2 3 1 888 1335 1336 4632 5767 5768
2175 9 2 3 1 1444 315 1907 4735 5738 5769
2176 9 2 3 1 1059 1130 1747 4454 5770 5771
2177 9 2 3 1 1062 1063 1064 5772 5773 4311
2178 9 2 3 1 943 944 945 4944 5031 5774
2179 9 2 3 1 1027 690 1752 3784 5728 5775
2180 9 2 3 1 532 1248 1786 3043 5776 2783
2181 9 2 3 1 845 625 905 5777 4746 5778
2182 9 2 3 1 399 692 1474 5558 4646 5605
2183 9 2 3 1 927 1134 1528 4862 5239 5721
2184 9 2 3 1 584 585 586 5779 5780 3813
2185 9 2 3 1 735 949 1535 5201 5033 5781
2186 9 2 3 1 619 598 625 5782 5783 5784
2187 9 2 3 1 679 832 833 5785 5786 2352
2188 9 2 3 1 870 903 1216 5787 5788 5789
2189 9 2 3 1 1004 510 1005 5790 5791 5792
2190 9 2 3 1 1057 1051 1239 5793 5794 5795
2191 9 2 3 1 1006 1007 1008 5796 5797 5366
2192 9 2 3 1 362 360 661 4836 5798 5799
2193 9 2 3 1 909 1080 1495 4856 2612 5800
2194 9 2 3 1 630 629 631 5801 4968 5747
2195 9 2 3 1 1123 439 1468 4163 4126 4879
2196 9 2 3 1 547 543 553 4931 5802 5803
2197 9 2 3 1 144 1 1799 164 5804 5805
2198 9 2 3 1 1 9 1799 28 5806 5804
2199 9 2 3 1 343 345 1589 3505 5807 4869
2200 9 2 3 1 1160 1208 1533 4579 5553 5808
2201 9 2 3 1 451 448 1574 4624 5809 5810
2202 9 2 3 1 965 1337 1914 3844 5811 5812
2203 9 2 3 1 475 455 1597 2969 3961 4857
2204 9 2 3 1 568 1819 1902 4340 5813 5814
2205 9 2 3 1 1450 1221 1769 3197 5815 5816
2206 9 2 3 1 660 837 1638 4996 5817 5818
2207 9 2 3 1 1090 1171 1452 4873 5166 5819
2208 9 2 3 1 27 2 1802 47 5820 5821
2209 9 2 3 1 2 48 1802 67 5822 5820
2210 9 2 3 1 339 337 1501 3802 5209 5823
2211 9 2 3 1 709 747 1508 5174 4388 5824
2212 9 2 3 1 105 4 1804 125 5825 5826
2213 9 2 3 1 4 126 1804 145 5827 5825
2214 9 2 3 1 527 515 620 5828 5829 5830
2215 9 2 3 1 613 671 1497 5211 5831 5832
2216 9 2 3 1 487 1306 1778 3120 5833 5456
2217 9 2 3 1 589 591 592 5834 5835 5836
2218 9 2 3 1 610 467 1505 5182 5837 4154
2219 9 2 3 1 533 528 673 4406 5838 5839
2220 9 2 3 1 1694 1297 1728 5840 5841 5842
2221 9 2 3 1 880 975 976 5843 5844 2598
2222 9 2 3 1 298 1488 1905 5436 5845 5846
2223 9 2 3 1 516 515 527 5344 5828 5304
2224 9 2 3 1 1495 1378 1681 2296 5847 5848
2225 9 2 3 1 870 871 903 5416 5295 5787
2226 9 2 3 1 649 977 1561 5131 5849 5850
2227 9 2 3 1 1306 1184 1667 3119 5851 5852
2228 9 2 3 1 509 488 1510 4658 5853 5854
2229 9 2 3 1 964 849 965 5406 5855 5287
2230 9 2 3 1 668 604 669 4912 5856 5857
2231 9 2 3 1 381 629 630 5706 5801 5858
2232 9 2 3 1 1402 1403 1895 3832 2967 5859
2233 9 2 3 1 423 437 1458 5510 5580 5495
2234 9 2 3 1 453 451 454 4841 5860 5194
2235 9 2 3 1 1314 728 1732 3644 2667 5861
2236 9 2 3 1 1441 1270 1876 3761 5862 5863
2237 9 2 3 1 766 1089 1090 4024 4871 3646
2238 9 2 3 1 1121 1338 1771 5864 5865 5866
2239 9 2 3 1 488 489 1510 5379 5867 5853
2240 9 2 3 1 954 952 1519 4882 5868 5869
2241 9 2 3 1 545 239 1405 3041 4327 5870
2242 9 2 3 1 1074 1075 1076 5871 5872 5873
2243 9 2 3 1 1113 1111 1436 4948 5874 4080
2244 9 2 3 1 380 1398 1708 4018 5075 5875
2245 9 2 3 1 626 854 1487 5281 5591 5745
2246 9 2 3 1 807 910 1506 5321 5876 5877
2247 9 2 3 1 840 687 1507 4604 5742 5878
2248 9 2 3 1 820 818 1484 5052 5879 5880
2249 9 2 3 1 1010 1009 1011 5702 5040 5637
2250 9 2 3 1 837 1016 1724 4976 5881 5882
2251 9 2 3 1 589 592 1477 5836 3601 5559
2252 9 2 3 1 503 505 1915 4222 3684 5883
2253 9 2 3 1 949 1316 1582 5178 3336 5034
2254 9 2 3 1 424 1491 1733 2778 5884 5885
2255 9 2 3 1 650 652 1517 4750 5886 5887
2256 9 2 3 1 1008 1007 1009 5797 3291 5701
2257 9 2 3 1 484 482 530 5404 5888 5654
2258 9 2 3 1 1514 826 1515 3663 5889 5890
2259 9 2 3 1 1467 1332 1555 4792 5891 5892
2260 9 2 3 1 822 917 1484 5327 4679 5893
2261 9 2 3 1 945 1135 1231 5032 5118 4721
2262 9 2 3 1 746 807 1506 5244 5877 5894
2263 9 2 3 1 738 880 1853 5294 5895 5896
2264 9 2 3 1 586 588 589 5897 5898 4255
2265 9 2 3 1 1318 1045 1633 4318 5713 5899
2266 9 2 3 1 443 400 1474 5333 5606 3072
2267 9 2 3 1 454 451 1574 5860 5810 5900
2268 9 2 3 1 791 792 793 5901 5902 3109
2269 9 2 3 1 552 596 1483 5544 2712 5903
2270 9 2 3 1 693 992 1509 5140 5904 5905
2271 9 2 3 1 978 1117 1516 5235 5906 5907
2272 9 2 3 1 1334 775 1443 5908 5909 3770
2273 9 2 3 1 399 397 691 5350 5910 5556
2274 9 2 3 1 618 1606 1827 3353 5911 5912
2275 9 2 3 1 521 606 1482 5134 5913 5914
2276 9 2 3 1 1376 303 1787 3581 5915 5124
2277 9 2 3 1 860 1000 1121 5132 5916 5917
2278 9 2 3 1 1753 200 1755 2396 2659 5918
2279 9 2 3 1 506 510 1003 5763 5919 5920
2280 9 2 3 1 666 964 1586 5407 4496 5921
2281 9 2 3 1 537 535 602 5073 5922 5923
2282 9 2 3 1 1052 1051 1057 5253 5793 5924
2283 9 2 3 1 596 617 741 5925 5926 2344
2284 9 2 3 1 529 521 1482 5467 5914 5927
2285 9 2 3 1 394 392 396 4911 5928 5929
2286 9 2 3 1 1060 1061 1062 5930 5931 4131
2287 9 2 3 1 802 885 1584 5212 5932 5933
2288 9 2 3 1 720 1471 1800 4683 5509 5750
2289 9 2 3 1 566 775 1300 5934 5935 5936
2290 9 2 3 1 104 1523 1666 5473 4289 5937
2291 9 2 3 1 1020 1019 1542 4850 5938 5423
2292 9 2 3 1 390 1418 1773 2360 4357 5939
2293 9 2 3 1 1400 375 1913 4827 5940 5941
2294 9 2 3 1 1026 931 1502 4986 5942 5943
2295 9 2 3 1 531 530 742 5655 5670 5656
2296 9 2 3 1 741 844 872 5944 5945 4817
2297 9 2 3 1 1035 872 1301 5449 5946 2545
2298 9 2 3 1 743 742 875 5657 5666 5642
2299 9 2 3 1 656 650 1517 5502 5887 5383
2300 9 2 3 1 596 551 617 5543 5717 5925
2301 9 2 3 1 844 869 870 5431 5415 5947
2302 9 2 3 1 951 1103 1564 5189 5948 5949
2303 9 2 3 1 406 404 665 4097 5950 5951
2304 9 2 3 1 513 204 1158 5079 2364 5952
2305 9 2 3 1 414 412 670 5529 5953 5954
2306 9 2 3 1 614 616 1729 5169 2879 5955
2307 9 2 3 1 1106 1294 1890 2492 3146 5956
2308 9 2 3 1 611 614 1636 5127 5957 5958
2309 9 2 3 1 814 769 1520 4846 5959 5960
2310 9 2 3 1 1003 510 1004 5919 5790 2238
2311 9 2 3 1 661 1432 1665 3493 5961 5962
2312 9 2 3 1 1164 1453 1767 3541 5963 5964
2313 9 2 3 1 615 613 1497 5410 5832 5617
2314 9 2 3 1 1311 971 1766 2383 5965 5966
2315 9 2 3 1 307 1341 1832 2090 5967 2105
2316 9 2 3 1 1110 1113 1611 4949 2138 2202
2317 9 2 3 1 561 559 565 3559 5968 5969
2318 9 2 3 1 584 583 585 5438 5970 5779
2319 9 2 3 1 1716 841 1888 4455 3214 5971
2320 9 2 3 1 883 339 1501 5006 5823 5972
2321 9 2 3 1 1209 1210 1846 2794 5973 4160
2322 9 2 3 1 58 330 1630 4049 5974 5015
2323 9 2 3 1 910 909 1495 5320 5800 5975
2324 9 2 3 1 1336 1335 1442 5767 3020 5976
2325 9 2 3 1 473 524 974 5469 5977 5978
2326 9 2 3 1 922 960 961 4848 4964 5979
2327 9 2 3 1 459 468 1505 5272 2593 5980
2328 9 2 3 1 748 733 865 4562 5981 5982
2329 9 2 3 1 1430 946 1647 5452 5983 5566
2330 9 2 3 1 1192 1191 1722 3687 5984 5985
2331 9 2 3 1 825 1626 1795 3916 3597 5986
2332 9 2 3 1 818 822 1484 5490 5893 5879
2333 9 2 3 1 1197 1566 1703 4631 5987 1999
2334 9 2 3 1 879 886 887 5574 5464 5988
2335 9 2 3 1 642 662 1536 5428 2529 5661
2336 9 2 3 1 880 878 975 5293 5989 5843
2337 9 2 3 1 1322 1323 1616 4590 5990 2392
2338 9 2 3 1 763 760 1407 4230 5739 3369
2339 9 2 3 1 443 1434 1734 3071 2298 5991
2340 9 2 3 1 321 166 1312 4156 4662 2677
2341 9 2 3 1 322 232 1313 4157 4663 5992
2342 9 2 3 1 1556 1244 1829 5525 3391 5993
2343 9 2 3 1 886 739 1807 5573 5994 4252
2344 9 2 3 1 1181 618 1827 4661 5912 5359
2345 9 2 3 1 619 967 1546 5595 5995 5996
2346 9 2 3 1 875 876 1044 5668 4637 5997
2347 9 2 3 1 969 968 1370 5635 5998 5999
2348 9 2 3 1 1006 1005 1007 6000 4953 5796
2349 9 2 3 1 265 264 1912 281 6001 5161
2350 9 2 3 1 671 802 1584 4924 5933 6002
2351 9 2 3 1 527 620 666 5830 5758 6003
2352 9 2 3 1 666 731 849 5760 5748 5405
2353 9 2 3 1 974 524 1375 5977 6004 6005
2354 9 2 3 1 879 887 963 5988 6006 6007
2355 9 2 3 1 967 845 968 5594 6008 5634
2356 9 2 3 1 1070 1030 1682 4920 6009 3729
2357 9 2 3 1 798 797 799 3700 6010 5370
2358 9 2 3 1 952 951 1578 5274 6011 6012
2359 9 2 3 1 422 420 1676 5520 5679 6013
2360 9 2 3 1 710 707 1508 5339 6014 5283
2361 9 2 3 1 1484 1156 1617 4678 2766 6015
2362 9 2 3 1 494 1380 1562 5301 5735 6016
2363 9 2 3 1 858 509 1510 5390 5854 5764
2364 9 2 3 1 1049 1053 1757 3815 5641 3682
2365 9 2 3 1 711 735 1535 5647 5781 5658
2366 9 2 3 1 555 552 1483 4283 5903 6017
2367 9 2 3 1 1264 445 1530 5256 6018 2212
2368 9 2 3 1 839 712 1535 5447 5659 4673
2369 9 2 3 1 467 459 1505 5322 5980 5837
2370 9 2 3 1 1042 1406 1480 4770 6019 2758
2371 9 2 3 1 958 954 1519 5511 5869 4513
2372 9 2 3 1 606 726 1482 5388 5191 5913
2373 9 2 3 1 1074 1073 1075 6020 4891 5871
2374 9 2 3 1 1299 1067 1774 2312 6021 6022
2375 9 2 3 1 599 598 619 5730 5782 6023
2376 9 2 3 1 619 625 845 5784 5777 5593
2377 9 2 3 1 620 1585 1680 6024 6025 6026
2378 9 2 3 1 707 709 1508 5408 5824 6014
2379 9 2 3 1 842 746 1506 5466 5894 5711
2380 9 2 3 1 1696 763 1816 4277 6027 6028
2381 9 2 3 1 741 617 844 5926 5429 5944
2382 9 2 3 1 600 675 1796 2306 6029 2812
2383 9 2 3 1 876 742 1492 5667 5672 2684
2384 9 2 3 1 1406 1384 1480 3793 1976 6019
2385 9 2 3 1 1523 334 1646 6030 6031 4287
2386 9 2 3 1 580 582 1893 5709 6032 6033
2387 9 2 3 1 461 417 1662 3852 5734 2110
2388 9 2 3 1 804 805 806 6034 6035 5074
2389 9 2 3 1 1661 1387 1837 4482 6036 6037
2390 9 2 3 1 1476 1026 1502 5462 5943 6038
2391 9 2 3 1 825 1738 1920 6039 6040 3917
2392 9 2 3 1 1176 1180 1195 6041 6042 6043
2393 9 2 3 1 491 490 1531 5268 6044 6045
2394 9 2 3 1 961 1072 1073 4965 6046 6047
2395 9 2 3 1 558 555 1483 5363 6017 6048
2396 9 2 3 1 966 491 1531 5487 6045 3201
2397 9 2 3 1 1347 868 1512 5481 6049 6050
2398 9 2 3 1 1004 1005 1006 5792 6000 3591
2399 9 2 3 1 974 1375 1450 6005 6051 6052
2400 9 2 3 1 980 978 1516 5421 5907 4756
2401 9 2 3 1 588 585 1577 6053 6054 6055
2402 9 2 3 1 936 1137 1600 5228 6056 6057
2403 9 2 3 1 998 996 1687 4089 5242 4902
2404 9 2 3 1 546 1385 1406 6058 3794 3253
2405 9 2 3 1 24 326 1683 4530 6059 6060
2406 9 2 3 1 652 655 1517 5519 6061 5886
2407 9 2 3 1 1492 530 1651 5671 6062 2009
2408 9 2 3 1 1336 1442 1468 5976 3740 3498
2409 9 2 3 1 976 1106 1107 6063 6064 4547
2410 9 2 3 1 368 366 1534 4883 6065 6066
2411 9 2 3 1 785 1224 1225 5137 6067 4611
2412 9 2 3 1 905 943 1521 5521 6068 6069
2413 9 2 3 1 1254 840 1507 5341 5878 2526
2414 9 2 3 1 1177 1175 1178 6070 6071 6072
2415 9 2 3 1 1510 489 1636 5867 6073 6074
2416 9 2 3 1 592 591 598 5835 6075 5729
2417 9 2 3 1 1087 1558 1785 4930 2884 6076
2418 9 2 3 1 931 1463 1502 5547 6077 5942
2419 9 2 3 1 582 581 583 5708 6078 5437
2420 9 2 3 1 25 26 1603 45 5669 4997
2421 9 2 3 1 302 1155 1472 2932 5517 6079
2422 9 2 3 1 428 426 1532 4715 6080 6081
2423 9 2 3 1 1063 1061 1478 6082 6083 2730
2424 9 2 3 1 1212 580 1893 4262 6033 5401
2425 9 2 3 1 1039 835 1656 5250 6084 4316
2426 9 2 3 1 852 926 1512 5414 6085 6086
2427 9 2 3 1 1341 883 1501 5493 5972 6087
2428 9 2 3 1 817 814 1520 5463 5960 5694
2429 9 2 3 1 806 896 897 6088 6089 3995
2430 9 2 3 1 982 641 1536 5746 5662 5610
2431 9 2 3 1 1387 1046 1882 4481 6090 6091
2432 9 2 3 1 1381 932 1382 6092 6093 2279
2433 9 2 3 1 1175 1174 1640 6094 6095 6096
2434 9 2 3 1 1078 1077 1559 5507 2732 6097
2435 9 2 3 1 695 693 1509 5674 5905 5720
2436 9 2 3 1 1497 671 1584 5831 6002 5107
2437 9 2 3 1 605 1518 1653 4714 6098 4282
2438 9 2 3 1 206 205 1856 222 6099 4056
2439 9 2 3 1 203 202 1196 219 6100 2914
2440 9 2 3 1 968 1427 1880 6101 6102 6103
2441 9 2 3 1 1551 1091 1552 2268 6104 6105
2442 9 2 3 1 995 994 1498 5532 5688 3805
2443 9 2 3 1 1121 1548 1825 6106 4988 6107
2444 9 2 3 1 1427 968 1862 6101 6108 6109
2445 9 2 3 1 589 588 591 5898 6110 5834
2446 9 2 3 1 490 518 1531 5551 5588 6044
2447 9 2 3 1 1300 775 1334 5935 5908 2324
2448 9 2 3 1 1028 1041 1043 5352 6111 2872
2449 9 2 3 1 571 570 688 5002 6112 6113
2450 9 2 3 1 834 857 1656 4979 3127 6114
2451 9 2 3 1 769 966 1520 5488 6115 5959
2452 9 2 3 1 426 1458 1532 5496 6116 6080
2453 9 2 3 1 743 884 1671 5644 2043 6117
2454 9 2 3 1 1093 1095 1096 6118 5084 4573
2455 9 2 3 1 963 887 1024 6006 6119 4329
2456 9 2 3 1 1076 1075 1587 5872 6120 5110
2457 9 2 3 1 738 739 878 6121 6122 5292
2458 9 2 3 1 1137 972 1790 5227 6123 6124
2459 9 2 3 1 468 457 1664 5271 6125 6126
2460 9 2 3 1 512 507 515 4254 6127 5343
2461 9 2 3 1 1179 1178 1327 6128 6129 6130
2462 9 2 3 1 1524 333 1794 6131 6132 4078
2463 9 2 3 1 507 506 1585 4754 6133 6134
2464 9 2 3 1 575 578 579 6135 6136 5297
2465 9 2 3 1 1519 952 1578 5868 6012 4100
2466 9 2 3 1 850 727 1649 5314 6137 3329
2467 9 2 3 1 492 470 1518 5537 6138 4713
2468 9 2 3 1 469 940 1518 5308 6139 6140
2469 9 2 3 1 1507 758 1745 5741 6141 4874
2470 9 2 3 1 1038 1036 1547 4339 6142 6143
2471 9 2 3 1 586 585 588 5780 6053 5897
2472 9 2 3 1 591 588 597 6110 6144 6145
2473 9 2 3 1 385 382 1571 5514 6146 6147
2474 9 2 3 1 297 168 1283 4030 4536 4378
2475 9 2 3 1 300 234 1284 4031 4537 6148
2476 9 2 3 1 382 381 1571 5171 6149 6146
2477 9 2 3 1 878 739 879 6122 5572 6150
2478 9 2 3 1 1585 1003 1680 6151 2005 6025
2479 9 2 3 1 868 852 1512 5691 6086 6049
2480 9 2 3 1 1055 1375 1709 4401 6152 4708
2481 9 2 3 1 333 1417 1794 4561 4890 6132
2482 9 2 3 1 788 786 794 3467 5096 6153
2483 9 2 3 1 759 750 932 4527 6154 5599
2484 9 2 3 1 440 1467 1555 2567 5892 6155
2485 9 2 3 1 973 1580 1708 5115 6156 2168
2486 9 2 3 1 372 370 1553 4852 6157 6158
2487 9 2 3 1 1075 1078 1587 5508 6159 6120
2488 9 2 3 1 448 827 1574 5531 5649 5809
2489 9 2 3 1 644 646 1561 4819 6160 6161
2490 9 2 3 1 1099 1097 1306 6162 6163 6164
2491 9 2 3 1 912 911 1712 4349 3912 6165
2492 9 2 3 1 1489 700 1588 4594 6166 4992
2493 9 2 3 1 1109 1107 1112 5328 6167 6168
2494 9 2 3 1 354 1789 1894 4367 5175 6169
2495 9 2 3 1 23 24 1683 43 6060 2634
2496 9 2 3 1 1031 1069 1717 4934 4226 5111
2497 9 2 3 1 948 823 1617 5426 6170 2493
2498 9 2 3 1 440 428 1532 5504 6081 5105
2499 9 2 3 1 344 342 1899 3184 4035 4985
2500 9 2 3 1 604 599 1546 4960 6171 6172
2501 9 2 3 1 1002 936 1600 5291 6057 6173
2502 9 2 3 1 754 637 1538 5615 6174 6175
2503 9 2 3 1 1076 1396 1861 5109 4394 5354
2504 9 2 3 1 791 790 792 4246 6176 5901
2505 9 2 3 1 1413 317 1686 4471 6177 6178
2506 9 2 3 1 587 578 1129 6179 6180 6181
2507 9 2 3 1 583 581 685 6078 6182 6183
2508 9 2 3 1 445 463 1530 5752 5698 6018
2509 9 2 3 1 738 689 739 6184 6185 6121
2510 9 2 3 1 1178 1175 1640 6071 6096 5484
2511 9 2 3 1 662 644 1561 5427 6161 6186
2512 9 2 3 1 470 469 1518 5757 6140 6138
2513 9 2 3 1 898 686 1550 5500 6187 4878
2514 9 2 3 1 1192 1694 1728 6188 5842 5133
2515 9 2 3 1 366 374 1534 5565 6189 6065
2516 9 2 3 1 624 368 1534 5568 6066 6190
2517 9 2 3 1 987 1479 1776 2514 6191 6192
2518 9 2 3 1 697 699 1588 5577 6193 6194
2519 9 2 3 1 700 697 1588 5545 6194 6166
2520 9 2 3 1 1464 1023 1873 2183 6195 6196
2521 9 2 3 1 1103 1510 1636 5765 6074 6197
2522 9 2 3 1 1485 907 1609 5528 6198 6199
2523 9 2 3 1 1016 1473 1735 5534 5678 6200
2524 9 2 3 1 714 839 1581 5448 4152 6201
2525 9 2 3 1 580 579 581 5298 6202 5707
2526 9 2 3 1 869 617 1604 5430 5718 4358
2527 9 2 3 1 620 515 1585 5829 6203 6024
2528 9 2 3 1 1117 1517 1638 5384 6204 6205
2529 9 2 3 1 1534 374 1560 6189 6206 6207
2530 9 2 3 1 678 680 681 4266 5380 6208
2531 9 2 3 1 1234 1102 1667 6209 6210 2680
2532 9 2 3 1 543 541 1569 4894 6211 6212
2533 9 2 3 1 933 1381 1725 6213 4933 6214
2534 9 2 3 1 933 932 1381 5600 6092 6213
2535 9 2 3 1 639 981 1538 5598 6215 6216
2536 9 2 3 1 402 443 1579 5334 6217 6218
2537 9 2 3 1 783 782 843 4914 6219 6220
2538 9 2 3 1 951 1564 1578 5949 2676 6011
2539 9 2 3 1 1062 1061 1063 5931 6082 5772
2540 9 2 3 1 1774 1815 1844 6221 6222 6223
2541 9 2 3 1 334 1416 1871 4558 4197 6224
2542 9 2 3 1 1646 334 1871 6031 6224 6225
2543 9 2 3 1 370 624 1553 5569 3512 6157
2544 9 2 3 1 1429 1549 1765 4616 6226 6227
2545 9 2 3 1 637 635 1538 5686 6228 6174
2546 9 2 3 1 882 1721 1869 6229 3557 6230
2547 9 2 3 1 1279 1514 1539 3548 6231 3376
2548 9 2 3 1 304 1311 1766 3967 5966 4725
2549 9 2 3 1 480 478 740 4984 5460 6232
2550 9 2 3 1 847 988 1814 5220 6233 6234
2551 9 2 3 1 855 1386 1882 2127 6235 6236
2552 9 2 3 1 299 1174 1175 3083 6094 6237
2553 9 2 3 1 972 1485 1609 5259 6199 6238
2554 9 2 3 1 828 447 1566 5541 6239 4630
2555 9 2 3 1 528 527 1586 5305 6240 6241
2556 9 2 3 1 935 831 1660 5347 6242 6243
2557 9 2 3 1 635 639 1538 5513 6216 6228
2558 9 2 3 1 360 357 1573 4672 6244 6245
2559 9 2 3 1 961 1073 1074 6047 6020 6246
2560 9 2 3 1 686 658 1550 5382 6247 6187
2561 9 2 3 1 432 430 1555 5196 6248 6249
2562 9 2 3 1 1046 1661 1784 4483 6250 5279
2563 9 2 3 1 1584 885 1737 5932 6251 6252
2564 9 2 3 1 808 1499 1796 6253 6254 6255
2565 9 2 3 1 575 573 578 4970 6256 6135
2566 9 2 3 1 1482 1437 1649 5190 2928 6257
2567 9 2 3 1 590 1368 1383 3236 4418 5158
2568 9 2 3 1 716 714 1581 4726 6201 6258
2569 9 2 3 1 988 987 1776 5219 6192 6259
2570 9 2 3 1 1448 385 1744 3425 6260 5226
2571 9 2 3 1 976 975 1106 5844 6261 6063
2572 9 2 3 1 1022 1021 1023 6262 6263 6264
2573 9 2 3 1 345 473 1589 4910 6265 5807
2574 9 2 3 1 1167 1246 1247 4671 2222 5245
2575 9 2 3 1 1297 1298 1728 2979 3627 5841
2576 9 2 3 1 1754 1692 1791 2639 6266 6267
2577 9 2 3 1 941 1421 1601 4603 3675 5411
2578 9 2 3 1 733 668 1575 4732 6268 6269
2579 9 2 3 1 688 689 738 6270 6184 6271
2580 9 2 3 1 303 1325 1889 3957 4422 6272
2581 9 2 3 1 380 372 1553 5652 6158 4019
2582 9 2 3 1 504 502 1549 4698 6273 6274
2583 9 2 3 1 1145 236 1146 4069 2337 2385
2584 9 2 3 1 1323 1411 1759 3319 5261 6275
2585 9 2 3 1 689 570 1608 6276 5631 6277
2586 9 2 3 1 430 440 1555 5505 6155 6248
2587 9 2 3 1 1378 1379 1681 4215 4807 5847
2588 9 2 3 1 1819 1500 1902 6278 6279 5813
2589 9 2 3 1 967 969 1710 5636 3594 6280
2590 9 2 3 1 907 1140 1609 5269 2970 6198
2591 9 2 3 1 765 762 1696 2404 4278 6281
2592 9 2 3 1 857 836 1647 4978 5567 2964
2593 9 2 3 1 823 820 1617 5100 6282 6170
2594 9 2 3 1 1597 1402 1895 3960 5859 6283
2595 9 2 3 1 921 773 922 6284 4847 6285
2596 9 2 3 1 202 201 796 218 6286 6287
2597 9 2 3 1 658 754 1550 5616 2124 6247
2598 9 2 3 1 1769 1221 1848 5815 4463 6288
2599 9 2 3 1 1198 1115 1736 4057 6289 4108
2600 9 2 3 1 508 663 1726 4269 4204 4232
2601 9 2 3 1 1290 1291 1835 4549 4490 5116
2602 9 2 3 1 357 358 1573 5576 2326 6244
2603 9 2 3 1 673 528 1586 5838 6241 3316
2604 9 2 3 1 352 622 1669 5476 5697 6290
2605 9 2 3 1 1102 1099 1306 6291 6164 6292
2606 9 2 3 1 315 1308 1758 3584 3346 5736
2607 9 2 3 1 1321 1324 1637 5342 4240 6293
2608 9 2 3 1 541 623 1569 5664 3451 6211
2609 9 2 3 1 1338 965 1771 3845 6294 5865
2610 9 2 3 1 673 1750 1834 3318 6295 6296
2611 9 2 3 1 1022 1023 1143 6264 2182 4166
2612 9 2 3 1 804 801 805 5602 6297 6034
2613 9 2 3 1 55 56 1650 75 4512 4296
2614 9 2 3 1 317 1476 1502 4692 6038 6298
2615 9 2 3 1 1064 1063 1614 5773 2726 6299
2616 9 2 3 1 381 630 1571 5858 5651 6149
2617 9 2 3 1 1084 1348 1349 2944 6300 3895
2618 9 2 3 1 646 649 1561 5622 5850 6160
2619 9 2 3 1 688 570 689 6112 6276 6270
2620 9 2 3 1 1134 1133 1737 4861 6301 2144
2621 9 2 3 1 1491 670 1733 3005 6302 5884
2622 9 2 3 1 918 1423 1828 4264 6303 4054
2623 9 2 3 1 1237 520 1397 4904 5409 5515
2624 9 2 3 1 1023 1021 1522 6263 6304 6305
2625 9 2 3 1 404 402 1579 3918 6218 6306
2626 9 2 3 1 553 1569 1570 6307 2869 2589
2627 9 2 3 1 567 566 1608 3821 6308 5630
2628 9 2 3 1 1239 1051 1547 5794 6309 2875
2629 9 2 3 1 599 619 1546 6023 5996 6171
2630 9 2 3 1 1060 897 1061 4937 6310 5930
2631 9 2 3 1 137 138 1654 157 4398 4437
2632 9 2 3 1 408 406 1557 4647 6311 6312
2633 9 2 3 1 1436 1111 1605 5874 6313 4598
2634 9 2 3 1 782 765 1696 5156 6281 6314
2635 9 2 3 1 703 710 1820 5340 4243 6315
2636 9 2 3 1 595 1212 1695 5562 5147 6316
2637 9 2 3 1 629 378 1580 5705 6317 5114
2638 9 2 3 1 1503 1168 1658 6318 4305 4095
2639 9 2 3 1 820 1484 1617 5880 6015 6282
2640 9 2 3 1 602 1511 1644 4493 2553 6319
2641 9 2 3 1 378 376 1580 5358 6320 6317
2642 9 2 3 1 587 1217 1218 6321 3297 6322
2643 9 2 3 1 1095 1098 1466 6323 6324 5085
2644 9 2 3 1 1499 808 1760 6253 6325 6326
2645 9 2 3 1 447 441 1566 5560 6327 6239
2646 9 2 3 1 1092 486 1093 4456 6328 4963
2647 9 2 3 1 515 507 1585 6127 6134 6203
2648 9 2 3 1 1019 1021 1022 6329 6262 6330
2649 9 2 3 1 553 543 1569 5802 6212 6307
2650 9 2 3 1 1514 1515 1539 5890 6331 6231
2651 9 2 3 1 1171 1689 1818 5061 6332 1943
2652 9 2 3 1 1329 1079 1811 3816 6333 5675
2653 9 2 3 1 1449 745 1852 5150 6334 2038
2654 9 2 3 1 921 922 1253 6285 6335 6336
2655 9 2 3 1 1025 1114 1713 4652 6337 3355
2656 9 2 3 1 441 449 1566 5604 6338 6327
2657 9 2 3 1 103 104 1666 123 5937 5246
2658 9 2 3 1 1101 1099 1102 6339 6291 6340
2659 9 2 3 1 1415 1414 1784 4260 5280 3905
2660 9 2 3 1 737 716 1581 5614 6258 6341
2661 9 2 3 1 269 268 590 285 6342 6343
2662 9 2 3 1 1499 594 1796 4218 2813 6254
2663 9 2 3 1 549 547 1679 4690 6344 6345
2664 9 2 3 1 501 1429 1765 3879 6227 6346
2665 9 2 3 1 535 533 1590 4733 6347 6348
2666 9 2 3 1 501 496 1562 5549 6349 2469
2667 9 2 3 1 279 278 1859 295 4535 4989
2668 9 2 3 1 434 416 1594 5646 6350 2453
2669 9 2 3 1 1517 655 1638 6061 6351 6204
2670 9 2 3 1 309 15 1854 3942 4198 6352
2671 9 2 3 1 681 682 683 5381 6353 6354
2672 9 2 3 1 529 1482 1649 5927 6257 6355
2673 9 2 3 1 376 380 1580 5653 6356 6320
2674 9 2 3 1 870 1216 1591 5789 6357 6358
2675 9 2 3 1 1337 464 1914 3926 6359 5811
2676 9 2 3 1 800 799 801 5371 6360 5601
2677 9 2 3 1 566 563 775 5286 6361 5934
2678 9 2 3 1 623 539 1644 5663 6362 2552
2679 9 2 3 1 1040 1333 1646 5036 4782 6363
2680 9 2 3 1 314 18 1797 3939 5102 3850
2681 9 2 3 1 271 270 576 287 6364 6365
2682 9 2 3 1 1276 1277 1642 4918 2221 4600
2683 9 2 3 1 1522 1021 1816 6304 6366 6367
2684 9 2 3 1 1118 1528 1838 5722 6368 6369
2685 9 2 3 1 1001 861 1730 4567 2916 6370
2686 9 2 3 1 772 771 773 6371 4284 6372
2687 9 2 3 1 1483 1267 1833 2711 6373 6374
2688 9 2 3 1 579 578 587 6136 6179 6375
2689 9 2 3 1 1638 837 1724 5817 5882 6376
2690 9 2 3 1 1306 1097 1778 6163 6377 5833
2691 9 2 3 1 1515 826 1567 5889 6378 6379
2692 9 2 3 1 683 682 684 6353 3097 6380
2693 9 2 3 1 1008 1010 1607 5703 5744 2848
2694 9 2 3 1 499 501 1765 5550 6346 6381
2695 9 2 3 1 897 896 1526 6089 4021 6382
2696 9 2 3 1 374 364 1665 5564 6383 6384
2697 9 2 3 1 1323 1321 1637 4589 6293 3320
2698 9 2 3 1 1051 1038 1547 5719 6143 6309
2699 9 2 3 1 661 360 1573 5798 6245 6385
2700 9 2 3 1 625 598 1621 5783 6386 4143
2701 9 2 3 1 1498 997 1672 5687 6387 4648
2702 9 2 3 1 669 604 1546 5856 6172 6388
2703 9 2 3 1 1648 688 1853 6389 6390 6391
2704 9 2 3 1 566 1300 1608 5936 6392 6308
2705 9 2 3 1 793 792 809 5902 3490 6393
2706 9 2 3 1 1126 1087 1785 4468 6076 4895
2707 9 2 3 1 772 773 921 6372 6284 2257
2708 9 2 3 1 1165 1162 1905 3065 6394 6395
2709 9 2 3 1 1005 510 1549 5791 6396 4615
2710 9 2 3 1 609 1589 1769 4870 6397 6398
2711 9 2 3 1 1184 170 1185 4279 2488 6399
2712 9 2 3 1 806 805 896 6035 3036 6088
2713 9 2 3 1 14 309 1901 3943 6400 5128
2714 9 2 3 1 1652 1164 1767 1993 5964 6401
2715 9 2 3 1 1267 1266 1833 4191 6402 6373
2716 9 2 3 1 506 1003 1585 5920 6151 6133
2717 9 2 3 1 496 494 1562 3654 6016 6349
2718 9 2 3 1 763 1522 1816 3370 6367 6027
2719 9 2 3 1 1327 1178 1639 6129 5483 5213
2720 9 2 3 1 1202 1364 1410 3399 6403 5665
2721 9 2 3 1 894 1533 1704 6404 5555 6405
2722 9 2 3 1 489 611 1636 5385 5958 6073
2723 9 2 3 1 1015 1347 1645 5482 6406 6407
2724 9 2 3 1 539 537 1644 5275 6408 6362
2725 9 2 3 1 1301 872 1591 5946 6409 6410
2726 9 2 3 1 270 269 1259 286 6411 6412
2727 9 2 3 1 1351 677 1544 3516 6413 5027
2728 9 2 3 1 510 504 1549 5762 6274 6396
2729 9 2 3 1 668 669 1575 5857 2834 6268
2730 9 2 3 1 319 1393 1717 4105 5632 5155
2731 9 2 3 1 1001 1730 1793 6370 3987 6414
2732 9 2 3 1 1019 1018 1021 6415 6416 6329
2733 9 2 3 1 1580 380 1708 6356 5875 6156
2734 9 2 3 1 1404 1125 1888 3276 6417 3052
2735 9 2 3 1 1568 1567 1620 6418 4700 4780
2736 9 2 3 1 1375 524 1709 6004 6419 6152
2737 9 2 3 1 744 743 1671 4592 6117 2840
2738 9 2 3 1 1360 1361 1362 4444 6420 6421
2739 9 2 3 1 416 414 1594 5611 6422 6350
2740 9 2 3 1 655 660 1638 5474 5818 6351
2741 9 2 3 1 727 529 1649 5356 6355 6137
2742 9 2 3 1 1604 549 1679 5224 6345 5592
2743 9 2 3 1 358 355 1669 5575 6423 4027
2744 9 2 3 1 301 1297 1694 4704 5840 6424
2745 9 2 3 1 527 666 1586 6003 5921 6240
2746 9 2 3 1 1046 855 1882 4187 6236 6090
2747 9 2 3 1 1002 1600 1682 6173 6425 6426
2748 9 2 3 1 209 302 1576 2899 6427 4623
2749 9 2 3 1 1439 1015 1645 5680 6407 4898
2750 9 2 3 1 1241 1058 1740 2950 2388 6428
2751 9 2 3 1 320 1394 1735 4336 4794 5677
2752 9 2 3 1 946 1342 1647 5524 2984 5983
2753 9 2 3 1 1494 1289 1727 4755 4041 2158
2754 9 2 3 1 956 959 1641 5716 2351 6429
2755 9 2 3 1 1420 1152 1748 4033 6430 4798
2756 9 2 3 1 1547 1036 1714 6142 6431 4376
2757 9 2 3 1 835 834 1656 5455 6114 6084
2758 9 2 3 1 872 844 1591 5945 6432 6409
2759 9 2 3 1 355 352 1669 4391 6290 6423
2760 9 2 3 1 1133 1584 1737 5108 6252 6301
2761 9 2 3 1 362 661 1665 5799 5962 6433
2762 9 2 3 1 1210 1465 1762 6434 4839 6435
2763 9 2 3 1 843 1018 1019 6436 6415 4849
2764 9 2 3 1 831 850 1660 5315 6437 6242
2765 9 2 3 1 1235 1424 1883 4448 6438 1978
2766 9 2 3 1 424 408 1557 5726 6312 6439
2767 9 2 3 1 1338 1121 1825 5864 6107 4000
2768 9 2 3 1 1432 1288 1908 4188 3527 6440
2769 9 2 3 1 957 956 1641 4907 6429 2400
2770 9 2 3 1 177 785 1697 4639 4613 3300
2771 9 2 3 1 533 673 1590 5839 6441 6347
2772 9 2 3 1 1760 808 1768 6325 6442 2789
2773 9 2 3 1 1473 1040 1871 5587 6443 4196
2774 9 2 3 1 691 397 1619 5910 6444 5386
2775 9 2 3 1 582 1612 1893 4182 6445 6032
2776 9 2 3 1 1365 1362 1537 6446 6447 2975
2777 9 2 3 1 318 1486 1776 4676 6448 6449
2778 9 2 3 1 1233 1102 1234 6450 6209 2246
2779 9 2 3 1 364 362 1665 4956 6433 6383
2780 9 2 3 1 1652 298 1905 6451 5846 6452
2781 9 2 3 1 1574 1445 1664 5648 6453 6454
2782 9 2 3 1 1176 1195 1705 6043 3372 6455
2783 9 2 3 1 597 588 1577 6144 6055 6456
2784 9 2 3 1 843 782 1018 6219 6457 6436
2785 9 2 3 1 179 178 1230 195 4172 6458
2786 9 2 3 1 449 435 1783 5603 6459 5068
2787 9 2 3 1 1195 1180 1503 6042 6460 5450
2788 9 2 3 1 865 733 1575 5981 6269 6461
2789 9 2 3 1 1478 1061 1526 6083 6462 3248
2790 9 2 3 1 997 999 1672 4730 6463 6387
2791 9 2 3 1 424 1557 1558 6439 2882 2779
2792 9 2 3 1 587 1129 1217 6181 6464 6321
2793 9 2 3 1 1361 1358 1909 6465 4115 6466
2794 9 2 3 1 1048 1499 1500 4219 6467 6468
2795 9 2 3 1 1019 1022 1542 6330 2165 5938
2796 9 2 3 1 1593 1137 1790 2577 6124 6469
2797 9 2 3 1 770 730 771 6470 4325 6471
2798 9 2 3 1 454 1574 1664 5900 6454 6472
2799 9 2 3 1 1114 1265 1823 5050 6473 6474
2800 9 2 3 1 1640 1174 1702 6095 6475 5285
2801 9 2 3 1 940 1386 1653 5506 2129 6476
2802 9 2 3 1 331 1413 1806 4552 6477 3924
2803 9 2 3 1 1413 1686 1806 6178 6478 6477
2804 9 2 3 1 844 870 1591 5947 6358 6432
2805 9 2 3 1 1409 1120 1838 3446 6479 6480
2806 9 2 3 1 537 602 1644 5923 6319 6408
2807 9 2 3 1 1736 1115 1743 6289 6481 6482
2808 9 2 3 1 1030 1002 1682 4977 6426 6009
2809 9 2 3 1 1200 938 1639 3870 5613 3605
2810 9 2 3 1 879 963 1598 6007 6483 6484
2811 9 2 3 1 457 454 1664 5391 6472 6125
2812 9 2 3 1 559 558 1843 4759 5733 6485
2813 9 2 3 1 473 974 1589 5978 6486 6265
2814 9 2 3 1 622 350 1749 5475 6487 6488
2815 9 2 3 1 1518 940 1653 6139 6476 6098
2816 9 2 3 1 960 1435 1599 4620 4518 4135
2817 9 2 3 1 1636 614 1729 5957 5955 6489
2818 9 2 3 1 921 1253 1618 6336 2252 2412
2819 9 2 3 1 964 1054 1750 5289 5317 4497
2820 9 2 3 1 1346 1688 1852 3538 6490 6491
2821 9 2 3 1 796 201 1753 6286 2397 4175
2822 9 2 3 1 1704 991 1840 3076 3179 6492
2823 9 2 3 1 438 422 1676 5442 6013 4774
2824 9 2 3 1 392 390 1773 4578 5939 6493
2825 9 2 3 1 1241 1741 1855 6494 4717 5348
2826 9 2 3 1 1057 1629 1808 6495 2868 6496
2827 9 2 3 1 805 801 882 6297 6497 3010
2828 9 2 3 1 1546 967 1710 5995 6280 6498
2829 9 2 3 1 893 1451 1837 4308 6499 6500
2830 9 2 3 1 1833 1266 1843 6402 3304 5732
2831 9 2 3 1 1443 775 1707 5909 6501 3409
2832 9 2 3 1 669 1546 1710 6388 6498 4788
2833 9 2 3 1 665 404 1579 5950 6306 3422
2834 9 2 3 1 1380 484 1663 5303 5640 2728
2835 9 2 3 1 1555 1332 1783 5891 5069 6502
2836 9 2 3 1 602 535 1590 5922 6348 6503
2837 9 2 3 1 414 670 1594 5954 6504 6422
2838 9 2 3 1 1566 449 1703 6338 2181 5987
2839 9 2 3 1 1393 1392 1850 4104 4389 6505
2840 9 2 3 1 406 665 1557 5951 3547 6311
2841 9 2 3 1 267 266 1858 283 6506 6507
2842 9 2 3 1 1382 932 1613 6093 6508 3615
2843 9 2 3 1 1177 1178 1179 6072 6128 6509
2844 9 2 3 1 326 1600 1683 6510 6511 6059
2845 9 2 3 1 1274 1299 1844 3273 6512 4826
2846 9 2 3 1 1743 1115 1855 6481 5349 6513
2847 9 2 3 1 1176 1177 1180 6514 6515 6041
2848 9 2 3 1 375 1548 1913 4787 6516 5940
2849 9 2 3 1 299 1175 1176 6237 6517 6518
2850 9 2 3 1 770 771 772 6471 6371 6519
2851 9 2 3 1 268 267 1367 284 6520 6521
2852 9 2 3 1 1528 324 1838 4314 6522 6368
2853 9 2 3 1 1420 622 1892 5696 6523 6524
2854 9 2 3 1 397 394 1619 5357 6525 6444
2855 9 2 3 1 266 1203 1858 5740 6526 6506
2856 9 2 3 1 675 808 1796 6527 6255 6029
2857 9 2 3 1 1451 722 1661 5400 6528 6529
2858 9 2 3 1 468 1664 1788 6126 6530 5607
2859 9 2 3 1 938 937 1328 5700 2546 5612
2860 9 2 3 1 833 832 937 5786 6531 5699
2861 9 2 3 1 981 983 1761 5684 6532 6533
2862 9 2 3 1 205 513 1856 5080 6534 6099
2863 9 2 3 1 243 242 677 259 6535 6536
2864 9 2 3 1 394 396 1619 5929 2349 6525
2865 9 2 3 1 750 748 1613 4407 6537 6538
2866 9 2 3 1 748 865 1613 5982 3307 6537
2867 9 2 3 1 731 620 1680 5759 6026 5144
2868 9 2 3 1 413 415 1742 5231 3959 3937
2869 9 2 3 1 1371 1372 1919 3383 6539 3295
2870 9 2 3 1 675 678 808 4705 6540 6527
2871 9 2 3 1 860 1121 1771 5917 5866 6541
2872 9 2 3 1 679 601 832 3155 6542 5785
2873 9 2 3 1 1061 897 1526 6310 6382 6462
2874 9 2 3 1 1122 1120 1700 4939 3448 3549
2875 9 2 3 1 351 354 1894 3182 6169 4025
2876 9 2 3 1 799 797 877 6010 6543 6544
2877 9 2 3 1 729 684 730 6545 3702 6546
2878 9 2 3 1 1383 1201 1684 2482 3855 6547
2879 9 2 3 1 1203 1359 1360 2713 4442 6548
2880 9 2 3 1 1259 1383 1684 5159 6547 6549
2881 9 2 3 1 1481 66 1798 4783 5724 6550
2882 9 2 3 1 324 1409 1838 4510 6480 6522
2883 9 2 3 1 1315 1472 1592 2237 5518 5306
2884 9 2 3 1 975 878 1598 5989 6551 6552
2885 9 2 3 1 374 1665 1908 6384 6553 6554
2886 9 2 3 1 410 424 1733 5727 5885 6555
2887 9 2 3 1 670 412 1733 5953 6556 6302
2888 9 2 3 1 792 790 826 6176 6557 3662
2889 9 2 3 1 878 879 1598 6150 6484 6551
2890 9 2 3 1 1129 1648 1853 6558 6391 6559
2891 9 2 3 1 1117 1638 1724 6205 6376 6560
2892 9 2 3 1 905 1521 1862 6069 6561 6562
2893 9 2 3 1 530 482 1651 5888 6563 6062
2894 9 2 3 1 1125 1126 1716 4469 2224 6564
2895 9 2 3 1 1456 466 1847 4414 6565 6566
2896 9 2 3 1 983 1643 1761 3344 3900 6532
2897 9 2 3 1 547 553 1679 5803 4973 6344
2898 9 2 3 1 308 1593 1790 5422 6469 2741
2899 9 2 3 1 1612 1127 1893 2450 5402 6445
2900 9 2 3 1 875 1044 1756 5997 3092 6567
2901 9 2 3 1 1577 585 1610 6054 6568 2056
2902 9 2 3 1 1017 1496 1781 3246 5489 6569
2903 9 2 3 1 1245 1588 1820 4993 6570 4242
2904 9 2 3 1 1372 1602 1764 5485 4063 6571
2905 9 2 3 1 683 729 757 6572 6573 6574
2906 9 2 3 1 1571 962 1744 5650 2366 6575
2907 9 2 3 1 1036 1035 1714 4742 2700 6431
2908 9 2 3 1 955 957 1904 4908 6576 4694
2909 9 2 3 1 992 1616 1759 2573 6577 6578
2910 9 2 3 1 783 843 1627 6220 4703 5583
2911 9 2 3 1 1620 1020 1628 4935 5424 4781
2912 9 2 3 1 1686 1105 1806 6579 6580 6478
2913 9 2 3 1 1073 1072 1655 6046 1973 5714
2914 9 2 3 1 1453 1312 1767 2678 5523 5963
2915 9 2 3 1 571 688 1648 6113 6389 6581
2916 9 2 3 1 1216 903 1659 5788 4851 3773
2917 9 2 3 1 1509 992 1759 5904 6578 5260
2918 9 2 3 1 1206 796 1207 6582 4174 2829
2919 9 2 3 1 1502 1463 1686 6077 6583 6584
2920 9 2 3 1 598 591 1621 6075 6585 6386
2921 9 2 3 1 375 1465 1916 4829 6586 5581
2922 9 2 3 1 486 173 1583 4129 4777 6587
2923 9 2 3 1 300 1599 1715 6588 3886 4824
2924 9 2 3 1 1139 1138 1712 5024 6589 3726
2925 9 2 3 1 1600 1137 1683 6056 2579 6511
2926 9 2 3 1 1029 1031 1775 4768 6590 5582
2927 9 2 3 1 1610 685 1611 6591 1935 2057
2928 9 2 3 1 561 565 1707 5969 3410 6592
2929 9 2 3 1 385 1571 1744 6147 6575 6260
2930 9 2 3 1 754 1538 1761 6175 6593 3899
2931 9 2 3 1 1024 887 1872 6119 6594 6595
2932 9 2 3 1 1853 880 1918 5895 2599 6596
2933 9 2 3 1 1515 1567 1568 6379 6418 6597
2934 9 2 3 1 1054 965 1914 5288 5812 6598
2935 9 2 3 1 1176 1175 1177 6517 6070 6514
2936 9 2 3 1 1463 1105 1686 5623 6579 6583
2937 9 2 3 1 729 730 770 6546 6470 6599
2938 9 2 3 1 1013 1011 1917 5638 6600 5433
2939 9 2 3 1 482 480 1651 5395 6601 6563
2940 9 2 3 1 1815 330 1844 6602 3778 6222
2941 9 2 3 1 1208 1280 1704 3973 3077 5554
2942 9 2 3 1 963 1456 1847 4404 6566 6603
2943 9 2 3 1 1027 1632 1849 6604 6605 5477
2944 9 2 3 1 1481 332 1700 6606 3575 3782
2945 9 2 3 1 1018 782 1696 6457 6314 6607
2946 9 2 3 1 1129 578 1648 6180 6608 6558
2947 9 2 3 1 1136 1533 1884 6609 6610 2152
2948 9 2 3 1 602 1590 1633 6503 6611 4494
2949 9 2 3 1 926 1132 1713 5000 3454 6612
2950 9 2 3 1 1600 326 1682 6510 3883 6425
2951 9 2 3 1 1370 968 1880 5998 6103 3143
2952 9 2 3 1 986 1444 1907 2662 5769 6613
2953 9 2 3 1 1111 1109 1631 5660 6614 6615
2954 9 2 3 1 1694 1192 1722 6188 5985 6616
2955 9 2 3 1 965 849 1771 5855 6617 6294
2956 9 2 3 1 587 1218 1625 6322 3117 6618
2957 9 2 3 1 1538 981 1761 6215 6533 6593
2958 9 2 3 1 1472 1059 1747 2236 5771 6619
2959 9 2 3 1 922 961 1606 5979 6620 6621
2960 9 2 3 1 585 583 1610 5970 6622 6568
2961 9 2 3 1 1156 1124 1903 4737 6623 6624
2962 9 2 3 1 1431 609 1848 3964 6625 3524
2963 9 2 3 1 591 597 1621 6145 2095 6585
2964 9 2 3 1 1107 1106 1890 6064 5956 6626
2965 9 2 3 1 937 832 1127 6531 6627 2449
2966 9 2 3 1 1152 1494 1748 3241 2256 6430
2967 9 2 3 1 1738 825 1795 6039 5986 6628
2968 9 2 3 1 1635 1146 1715 2070 2796 3885
2969 9 2 3 1 1408 933 1725 4821 6214 6629
2970 9 2 3 1 303 1438 1787 6630 6631 5915
2971 9 2 3 1 1455 662 1865 2528 6632 4875
2972 9 2 3 1 885 1273 1737 5282 2145 6251
2973 9 2 3 1 683 684 729 6380 6545 6572
2974 9 2 3 1 910 1495 1681 5975 5848 6633
2975 9 2 3 1 1588 699 1820 6193 6634 6570
2976 9 2 3 1 1214 1688 1756 5571 6635 3091
2977 9 2 3 1 9 331 1799 4580 6636 5806
2978 9 2 3 1 1100 1099 1101 6637 6339 6638
2979 9 2 3 1 1103 1636 1729 6197 6489 6639
2980 9 2 3 1 1253 922 1606 6335 6621 3352
2981 9 2 3 1 932 750 1613 6154 6538 6508
2982 9 2 3 1 968 845 1862 6008 6640 6108
2983 9 2 3 1 758 899 1745 5527 6641 6141
2984 9 2 3 1 1121 1000 1913 5916 6642 6643
2985 9 2 3 1 48 333 1802 4585 6644 5822
2986 9 2 3 1 126 334 1804 4584 6645 5827
2987 9 2 3 1 961 1074 1606 6246 6646 6620
2988 9 2 3 1 1460 900 1781 4193 6647 3589
2989 9 2 3 1 1349 1352 1910 6648 5754 6649
2990 9 2 3 1 1100 1101 1261 6638 6650 6651
2991 9 2 3 1 87 332 1798 4582 6652 5725
2992 9 2 3 1 271 576 1339 6365 6653 5396
2993 9 2 3 1 1270 1595 1876 2399 6654 5862
2994 9 2 3 1 412 410 1733 5425 6555 6556
2995 9 2 3 1 1438 303 1889 6630 6272 6655
2996 9 2 3 1 350 348 1749 4155 3819 6487
2997 9 2 3 1 317 1502 1686 6298 6584 6177
2998 9 2 3 1 1106 975 1706 6261 6656 2447
2999 9 2 3 1 1225 1228 1692 6657 6658 6659
3000 9 2 3 1 1740 568 1902 2673 5814 6660
3001 9 2 3 1 1043 1622 1623 6661 3152 2485
3002 9 2 3 1 1109 1112 1631 6168 6662 6614
3003 9 2 3 1 1354 1623 1690 2178 2630 6663
3004 9 2 3 1 199 198 1282 215 6664 3331
3005 9 2 3 1 685 581 1625 6182 6665 3116
3006 9 2 3 1 546 237 1145 2919 4070 6666
3007 9 2 3 1 1064 1614 1867 6299 2642 6667
3008 9 2 3 1 770 772 1736 6519 4109 6668
3009 9 2 3 1 1486 988 1776 3259 6259 6448
3010 9 2 3 1 59 60 1875 79 4636 4689
3011 9 2 3 1 1078 1722 1746 6669 6670 6671
3012 9 2 3 1 583 685 1610 6183 6591 6622
3013 9 2 3 1 1228 1258 1791 6672 6673 6674
3014 9 2 3 1 1678 838 1839 2063 2614 5585
3015 9 2 3 1 1605 1111 1631 6313 6615 4533
3016 9 2 3 1 573 571 1648 3836 6581 6675
3017 9 2 3 1 581 579 1625 6202 6676 6665
3018 9 2 3 1 1401 1001 1793 5029 6414 3223
3019 9 2 3 1 202 796 1196 6287 6677 6100
3020 9 2 3 1 432 1555 1783 6249 6502 6678
3021 9 2 3 1 1629 1057 1821 6495 6679 4141
3022 9 2 3 1 1548 1121 1913 6106 6643 6516
3023 9 2 3 1 524 1449 1709 5761 4707 6419
3024 9 2 3 1 1673 439 1719 4127 4950 6680
3025 9 2 3 1 1532 1458 1828 6116 6681 6682
3026 9 2 3 1 1100 1738 1795 6683 6628 6684
3027 9 2 3 1 1674 622 1749 6685 6488 6686
3028 9 2 3 1 1016 1735 1860 6200 5198 6687
3029 9 2 3 1 1101 1102 1233 6340 6450 6688
3030 9 2 3 1 1664 1445 1788 6453 6689 6530
3031 9 2 3 1 1581 1441 1876 4151 5863 6690
3032 9 2 3 1 1454 1090 1772 3647 6691 3224
3033 9 2 3 1 1340 576 1684 6692 6693 3854
3034 9 2 3 1 1465 1210 1916 6434 3285 6586
3035 9 2 3 1 788 794 1711 6153 6694 6695
3036 9 2 3 1 910 1681 1830 6633 4643 6696
3037 9 2 3 1 1529 624 1805 3511 6697 6698
3038 9 2 3 1 1559 301 1694 2719 6424 6699
3039 9 2 3 1 1159 1158 1160 6700 3069 6701
3040 9 2 3 1 502 499 1765 3958 6381 6702
3041 9 2 3 1 708 706 1800 5237 5751 4884
3042 9 2 3 1 1632 1027 1752 6604 5775 6703
3043 9 2 3 1 1688 1215 1852 5570 2039 6490
3044 9 2 3 1 480 740 1651 6232 2010 6601
3045 9 2 3 1 579 587 1625 6375 6618 6676
3046 9 2 3 1 1451 1661 1837 6529 6037 6499
3047 9 2 3 1 681 683 1691 6354 6704 6705
3048 9 2 3 1 1139 1540 1788 3725 5608 6706
3049 9 2 3 1 1067 1066 1774 4744 6707 6021
3050 9 2 3 1 1549 502 1765 6273 6702 6226
3051 9 2 3 1 899 1278 1885 5540 6708 6709
3052 9 2 3 1 1098 1099 1100 6710 6637 6711
3053 9 2 3 1 1150 1420 1892 4034 6524 2986
3054 9 2 3 1 1179 1327 1731 6130 3421 3800
3055 9 2 3 1 1724 1016 1860 5881 6687 6712
3056 9 2 3 1 971 1240 1766 5054 3952 5965
3057 9 2 3 1 1688 884 1756 3537 6713 6635
3058 9 2 3 1 8 246 1350 263 6714 6715
3059 9 2 3 1 1098 1097 1099 6716 6162 6710
3060 9 2 3 1 1066 1272 1815 5486 6717 6718
3061 9 2 3 1 1606 1074 1827 6646 6719 5911
3062 9 2 3 1 1388 1229 1389 6720 6721 1957
3063 9 2 3 1 943 945 1879 5774 3040 6722
3064 9 2 3 1 1387 1601 1837 5412 6723 6036
3065 9 2 3 1 1516 1117 1724 5906 6560 6724
3066 9 2 3 1 1607 1014 1762 5743 6725 4987
3067 9 2 3 1 1069 1070 1794 4921 4079 4889
3068 9 2 3 1 848 847 1814 4525 6234 6726
3069 9 2 3 1 578 573 1648 6256 6675 6608
3070 9 2 3 1 1564 1103 1729 5948 6639 3310
3071 9 2 3 1 884 875 1756 5643 6567 6713
3072 9 2 3 1 332 1481 1798 6606 6550 6652
3073 9 2 3 1 419 421 1809 5419 4459 4087
3074 9 2 3 1 1601 893 1837 4117 6500 6723
3075 9 2 3 1 793 809 1718 6393 5444 6727
3076 9 2 3 1 1228 1229 1258 6728 6729 6672
3077 9 2 3 1 1364 1362 1365 6730 6446 6731
3078 9 2 3 1 1722 1191 1746 5984 3420 6670
3079 9 2 3 1 1105 1204 1806 5059 3925 6580
3080 9 2 3 1 1738 784 1920 6732 3050 6040
3081 9 2 3 1 1452 851 1772 2948 3479 6733
3082 9 2 3 1 1423 1532 1828 5106 6682 6303
3083 9 2 3 1 576 1259 1684 6734 6549 6693
3084 9 2 3 1 1589 974 1769 6486 6735 6397
3085 9 2 3 1 1632 865 1849 3308 6736 6605
3086 9 2 3 1 1529 1805 1835 6698 5117 6737
3087 9 2 3 1 487 171 1184 3651 4280 3118
3088 9 2 3 1 1138 1493 1780 4365 5217 6738
3089 9 2 3 1 966 1556 1829 3202 5993 6739
3090 9 2 3 1 275 299 1705 2897 6740 4408
3091 9 2 3 1 1665 1432 1908 5961 6440 6553
3092 9 2 3 1 396 392 1773 5928 6493 2228
3093 9 2 3 1 1500 1499 1760 6467 6326 6741
3094 9 2 3 1 1034 1506 1830 5712 6742 6743
3095 9 2 3 1 1479 318 1776 2198 6449 6191
3096 9 2 3 1 1183 1551 1552 6744 6105 4605
3097 9 2 3 1 1078 1559 1722 6097 6745 6669
3098 9 2 3 1 1527 882 1869 3011 6230 6746
3099 9 2 3 1 865 1575 1849 6461 4017 6736
3100 9 2 3 1 1450 1375 1904 6051 4403 6747
3101 9 2 3 1 1470 1469 1777 4731 3191 5498
3102 9 2 3 1 1701 1340 1870 6748 2820 3762
3103 9 2 3 1 435 432 1783 5299 6678 6459
3104 9 2 3 1 1424 969 1883 3066 6749 6438
3105 9 2 3 1 1672 999 1824 6463 6750 3452
3106 9 2 3 1 1151 1148 1813 4286 5451 6751
3107 9 2 3 1 1501 1172 1832 5208 2046 6752
3108 9 2 3 1 849 860 1771 5749 6541 6617
3109 9 2 3 1 1077 1655 1898 5715 6753 2733
3110 9 2 3 1 974 1450 1769 6052 5816 6735
3111 9 2 3 1 1160 1533 1911 5808 6754 6755
3112 9 2 3 1 1521 1427 1862 5690 6109 6561
3113 9 2 3 1 1408 1725 1864 6629 6756 6757
3114 9 2 3 1 1438 980 1787 5312 4541 6631
3115 9 2 3 1 975 1598 1706 6552 6758 6656
3116 9 2 3 1 1120 1118 1838 5064 6369 6479
3117 9 2 3 1 888 1336 1872 5768 6759 6760
3118 9 2 3 1 1367 267 1858 6520 6507 4831
3119 9 2 3 1 1367 1366 1368 4830 6761 3235
3120 9 2 3 1 331 1525 1799 3407 6762 6636
3121 9 2 3 1 1675 1096 1891 4574 2895 4778
3122 9 2 3 1 1042 545 1405 6763 5870 4769
3123 9 2 3 1 1445 1139 1788 5090 6706 6689
3124 9 2 3 1 1184 1185 1667 6399 2681 5851
3125 9 2 3 1 1660 850 1845 6437 6764 6765
3126 9 2 3 1 1024 1673 1719 6766 6680 6767
3127 9 2 3 1 790 788 1711 4538 6695 6768
3128 9 2 3 1 1579 443 1734 6217 5991 2935
3129 9 2 3 1 1249 1013 1811 5284 5676 6769
3130 9 2 3 1 900 1017 1781 5548 6569 6647
3131 9 2 3 1 1552 1091 1592 6104 5307 2103
3132 9 2 3 1 298 1652 1767 6451 6401 5522
3133 9 2 3 1 1427 1222 1880 4202 2836 6102
3134 9 2 3 1 957 1450 1904 3198 6747 6576
3135 9 2 3 1 1023 1522 1873 6305 4724 6195
3136 9 2 3 1 1210 1762 1846 6435 6770 5973
3137 9 2 3 1 1094 1583 1778 6771 5457 6772
3138 9 2 3 1 1095 1097 1098 6773 6716 6323
3139 9 2 3 1 601 595 1695 2689 6316 6774
3140 9 2 3 1 1587 1078 1746 6159 6671 4644
3141 9 2 3 1 1382 1632 1752 3616 6703 2643
3142 9 2 3 1 563 561 1707 4297 6592 6775
3143 9 2 3 1 661 1573 1727 6385 2159 3494
3144 9 2 3 1 1233 1836 1868 3368 6776 6777
3145 9 2 3 1 926 1713 1822 6612 6778 6779
3146 9 2 3 1 333 1524 1802 6131 6780 6644
3147 9 2 3 1 334 1523 1804 6030 6781 6645
3148 9 2 3 1 699 703 1820 5563 6315 6634
3149 9 2 3 1 1124 1650 1903 2500 5756 6623
3150 9 2 3 1 1225 1692 1897 6659 6782 6783
3151 9 2 3 1 1814 988 1919 6233 3261 6784
3152 9 2 3 1 1258 1229 1388 6729 6720 6785
3153 9 2 3 1 745 1346 1852 4415 6491 6334
3154 9 2 3 1 1713 1114 1822 6337 6786 6778
3155 9 2 3 1 1349 1351 1352 6787 6788 6648
3156 9 2 3 1 1524 27 1802 5458 5821 6780
3157 9 2 3 1 1523 105 1804 5472 5826 6781
3158 9 2 3 1 1699 503 1915 4177 5883 6789
3159 9 2 3 1 1074 1076 1827 5873 5353 6719
3160 9 2 3 1 299 1176 1705 6518 6455 6740
3161 9 2 3 1 1339 576 1340 6653 6692 6790
3162 9 2 3 1 1525 144 1799 5503 5805 6762
3163 9 2 3 1 797 793 1718 4183 6727 6791
3164 9 2 3 1 1366 1363 1368 6792 3033 6761
3165 9 2 3 1 739 689 1807 6185 6793 5994
3166 9 2 3 1 1559 1694 1722 6699 6616 6745
3167 9 2 3 1 1764 848 1814 4800 6726 6794
3168 9 2 3 1 624 1534 1805 6190 6795 6697
3169 9 2 3 1 882 801 1906 6497 6796 6797
3170 9 2 3 1 1534 1560 1805 6207 5005 6795
3171 9 2 3 1 794 1567 1711 4699 6798 6694
3172 9 2 3 1 1854 1347 1896 6799 6800 6801
3173 9 2 3 1 546 1145 1385 6666 2386 6058
3174 9 2 3 1 1810 1116 1817 6802 3227 6803
3175 9 2 3 1 1052 1057 1808 5924 6496 3531
3176 9 2 3 1 915 1520 1829 5695 6804 3390
3177 9 2 3 1 1657 1365 1826 6805 3864 6806
3178 9 2 3 1 1673 1024 1872 6766 6595 6807
3179 9 2 3 1 935 1660 1850 6243 6808 3414
3180 9 2 3 1 999 1116 1824 4825 6809 6750
3181 9 2 3 1 590 268 1367 6342 6521 3234
3182 9 2 3 1 1539 517 1699 6810 4178 3377
3183 9 2 3 1 609 1769 1848 6398 6288 6625
3184 9 2 3 1 1225 1227 1228 6811 6812 6657
3185 9 2 3 1 1561 977 1865 5849 4544 6813
3186 9 2 3 1 1774 1066 1815 6707 6718 6221
3187 9 2 3 1 1272 1630 1815 2463 6814 6717
3188 9 2 3 1 1537 1361 1909 6815 6466 6816
3189 9 2 3 1 597 1577 1831 6456 2592 5154
3190 9 2 3 1 1057 1239 1821 5795 2066 6679
3191 9 2 3 1 775 563 1707 6361 6775 6501
3192 9 2 3 1 269 590 1259 6343 5157 6411
3193 9 2 3 1 770 1736 1743 6668 6482 6817
3194 9 2 3 1 683 757 1691 6574 4199 6704
3195 9 2 3 1 1090 1452 1772 5819 6733 6691
3196 9 2 3 1 1043 1041 1622 6111 3299 6661
3197 9 2 3 1 1720 1753 1755 6818 5918 2520
3198 9 2 3 1 1395 1516 1860 4757 6819 5197
3199 9 2 3 1 1634 1034 1830 2740 6743 4642
3200 9 2 3 1 1520 966 1829 6115 6739 6804
3201 9 2 3 1 485 1464 1864 4147 6820 6821
3202 9 2 3 1 1258 1388 1390 6785 2925 5491
3203 9 2 3 1 850 1775 1845 3330 6822 6764
3204 9 2 3 1 1360 1363 1366 6823 6792 6824
3205 9 2 3 1 1089 1543 1689 4855 3361 5060
3206 9 2 3 1 1506 910 1830 5876 6696 6742
3207 9 2 3 1 1205 1438 1889 3162 6655 4635
3208 9 2 3 1 1458 1264 1828 5579 4055 6681
3209 9 2 3 1 1079 1789 1811 4772 6825 6333
3210 9 2 3 1 1386 1387 1882 5089 6091 6235
3211 9 2 3 1 1567 826 1711 6378 6826 6798
3212 9 2 3 1 576 270 1259 6364 6412 6734
3213 9 2 3 1 1024 1719 1842 6767 5135 4330
3214 9 2 3 1 1095 1094 1097 6827 6828 6773
3215 9 2 3 1 1083 1596 1677 5098 6829 6830
3216 9 2 3 1 309 1854 1896 6352 6801 6831
3217 9 2 3 1 1389 1229 1891 6721 6832 2894
3218 9 2 3 1 688 738 1853 6271 5896 6390
3219 9 2 3 1 1616 1323 1759 5990 6275 6577
3220 9 2 3 1 1362 1361 1537 6420 6815 6447
3221 9 2 3 1 877 797 1718 6543 6791 5202
3222 9 2 3 1 887 888 1872 5465 6760 6594
3223 9 2 3 1 1021 1018 1816 6416 6833 6366
3224 9 2 3 1 1353 1537 1909 6834 6816 6835
3225 9 2 3 1 179 1230 1792 6458 4291 3156
3226 9 2 3 1 1823 1265 1901 6473 3804 6836
3227 9 2 3 1 1097 1094 1778 6828 6772 6377
3228 9 2 3 1 577 1339 1701 5645 6837 6838
3229 9 2 3 1 1789 1249 1811 4366 6769 6825
3230 9 2 3 1 1751 1156 1903 2767 6624 6839
3231 9 2 3 1 1056 1157 1863 5248 2787 5367
3232 9 2 3 1 826 790 1711 6557 6768 6826
3233 9 2 3 1 466 1706 1847 2448 6840 6565
3234 9 2 3 1 1372 1764 1814 6571 6794 6841
3235 9 2 3 1 1228 1227 1229 6812 6842 6728
3236 9 2 3 1 1125 1716 1888 6564 5971 6417
3237 9 2 3 1 558 1483 1833 6048 6374 5731
3238 9 2 3 1 243 677 1348 6536 3515 2880
3239 9 2 3 1 1515 1568 1886 6597 6843 6844
3240 9 2 3 1 1533 894 1884 6404 6845 6610
3241 9 2 3 1 1712 1138 1780 6589 6738 6846
3242 9 2 3 1 1750 1318 1834 5316 6847 6295
3243 9 2 3 1 513 1159 1183 6848 6849 6850
3244 9 2 3 1 1512 926 1822 6085 6779 6851
3245 9 2 3 1 845 905 1862 5778 6562 6640
3246 9 2 3 1 1000 1400 1913 5011 5941 6642
3247 9 2 3 1 1130 1576 1747 3642 6852 5770
3248 9 2 3 1 1100 1261 1738 6651 6853 6683
3249 9 2 3 1 1360 1362 1363 6421 6854 6823
3250 9 2 3 1 1180 1177 1812 6515 6855 6856
3251 9 2 3 1 1127 832 1695 6627 6857 5146
3252 9 2 3 1 1782 1281 1791 5413 6858 6859
3253 9 2 3 1 1083 1677 1678 6830 6860 5584
3254 9 2 3 1 1364 1365 1657 6731 6805 6861
3255 9 2 3 1 513 1183 1856 6850 2844 6534
3256 9 2 3 1 737 1581 1876 6341 6690 6862
3257 9 2 3 1 972 1609 1790 6238 2373 6123
3258 9 2 3 1 677 1238 1544 6863 4776 6413
3259 9 2 3 1 984 986 1907 5492 6613 6864
3260 9 2 3 1 1213 1674 1749 5028 6686 3818
3261 9 2 3 1 729 770 1743 6599 6817 6865
3262 9 2 3 1 1177 1179 1812 6509 2543 6855
3263 9 2 3 1 832 601 1695 6542 6774 6857
3264 9 2 3 1 1093 1094 1095 6866 6827 6118
3265 9 2 3 1 1661 722 1784 6528 3906 6250
3266 9 2 3 1 1305 1064 1867 5223 6667 2429
3267 9 2 3 1 1041 545 1042 5351 6763 3298
3268 9 2 3 1 1203 1360 1366 6548 6824 6867
3269 9 2 3 1 1595 737 1876 4292 6862 6654
3270 9 2 3 1 1341 1501 1832 6087 6752 5967
3271 9 2 3 1 1594 670 1801 6504 3007 3518
3272 9 2 3 1 1112 1107 1890 6167 6626 5619
3273 9 2 3 1 1318 1633 1834 5899 6868 6847
3274 9 2 3 1 969 1370 1883 5999 1979 6749
3275 9 2 3 1 1102 1306 1667 6292 5852 6210
3276 9 2 3 1 1630 330 1815 5974 6602 6814
3277 9 2 3 1 1196 796 1206 6677 6582 2549
3278 9 2 3 1 1596 1352 1677 5626 6869 6829
3279 9 2 3 1 1257 1529 1835 5578 6737 4489
3280 9 2 3 1 207 514 1851 3768 2052 3811
3281 9 2 3 1 1560 374 1908 6206 6554 3526
3282 9 2 3 1 757 729 1743 6573 6865 6870
3283 9 2 3 1 302 1472 1747 6079 6619 6871
3284 9 2 3 1 1410 1364 1657 6403 6861 4480
3285 9 2 3 1 1521 943 1879 6068 6722 3563
3286 9 2 3 1 565 559 1843 5968 6485 5681
3287 9 2 3 1 1011 1056 1917 5704 3633 6600
3288 9 2 3 1 513 1158 1159 5952 6700 6848
3289 9 2 3 1 1048 1500 1819 6468 6278 2810
3290 9 2 3 1 577 1702 1900 6872 6873 6874
3291 9 2 3 1 1098 1100 1795 6711 6684 6875
3292 9 2 3 1 1101 1233 1868 6688 6777 6876
3293 9 2 3 1 1093 486 1094 6328 6877 6866
3294 9 2 3 1 1258 1782 1791 4015 6859 6673
3295 9 2 3 1 1745 899 1885 6641 6709 5375
3296 9 2 3 1 1576 302 1747 6427 6871 6852
3297 9 2 3 1 1352 1351 1354 6788 5026 6878
3298 9 2 3 1 1336 1673 1872 3500 6807 6759
3299 9 2 3 1 577 1701 1702 6838 2803 6872
3300 9 2 3 1 1183 1159 1551 6849 6879 6744
3301 9 2 3 1 678 681 1768 6208 6880 6881
3302 9 2 3 1 1599 300 1877 6588 6882 4896
3303 9 2 3 1 322 1313 1898 5992 2294 6883
3304 9 2 3 1 1168 1503 1866 6318 6884 5309
3305 9 2 3 1 1488 1165 1905 3322 6395 5845
3306 9 2 3 1 1466 1098 1795 6324 6875 3596
3307 9 2 3 1 1347 1512 1896 6050 6885 6800
3308 9 2 3 1 1909 1355 1910 4114 6886 6887
3309 9 2 3 1 662 1561 1865 6186 6813 6632
3310 9 2 3 1 681 1691 1768 6705 2790 6880
3311 9 2 3 1 1660 1393 1850 6888 6505 6808
3312 9 2 3 1 1836 780 1868 3707 2621 6776
3313 9 2 3 1 300 1284 1877 6148 2041 6882
3314 9 2 3 1 1698 1231 1809 4722 3364 4507
3315 9 2 3 1 1539 1515 1886 6331 6844 6889
3316 9 2 3 1 1094 486 1583 6877 6587 6771
3317 9 2 3 1 1741 1500 1760 6890 6741 4491
3318 9 2 3 1 1633 1590 1834 6611 6891 6868
3319 9 2 3 1 912 1712 1780 6165 6846 2648
3320 9 2 3 1 1281 1754 1791 6892 6267 6858
3321 9 2 3 1 1162 1652 1905 1994 6452 6394
3322 9 2 3 1 799 877 1906 6544 6893 6894
3323 9 2 3 1 1608 1300 1807 6392 4253 6895
3324 9 2 3 1 808 678 1768 6540 6881 6442
3325 9 2 3 1 1731 1314 1732 2933 5861 3801
3326 9 2 3 1 1225 1224 1227 6067 3980 6811
3327 9 2 3 1 1278 1723 1885 4244 6896 6708
3328 9 2 3 1 622 1674 1892 6685 2987 6523
3329 9 2 3 1 1203 1366 1858 6867 4832 6526
3330 9 2 3 1 1040 1646 1871 6363 6225 6443
3331 9 2 3 1 1299 1774 1844 6022 6223 6512
3332 9 2 3 1 1261 1101 1868 6650 6876 2620
3333 9 2 3 1 1503 1180 1866 6460 6897 6884
3334 9 2 3 1 1350 246 1356 6714 4982 2242
3335 9 2 3 1 689 1608 1807 6277 6895 6793
3336 9 2 3 1 1689 1283 1818 4379 4498 6332
3337 9 2 3 1 1071 1618 1841 3622 3090 3520
3338 9 2 3 1 1645 1347 1854 6406 6799 3888
3339 9 2 3 1 1693 1230 1897 4290 6898 6899
3340 9 2 3 1 1864 1725 1881 6756 6900 6901
3341 9 2 3 1 801 799 1906 6360 6894 6796
3342 9 2 3 1 1591 1216 1857 6357 2186 6902
3343 9 2 3 1 1301 1591 1857 6410 6902 4718
3344 9 2 3 1 1590 673 1834 6441 6296 6891
3345 9 2 3 1 1568 1739 1886 4247 6903 6843
3346 9 2 3 1 1224 1223 1675 5136 3750 3981
3347 9 2 3 1 740 1597 1895 5461 6283 2966
3348 9 2 3 1 877 1721 1906 2927 6904 6893
3349 9 2 3 1 6 180 1226 197 5420 6905
3350 9 2 3 1 1516 1724 1860 6724 6712 6819
3351 9 2 3 1 264 8 1357 280 6906 6907
3352 9 2 3 1 1393 1660 1845 6888 6765 5633
3353 9 2 3 1 1230 1697 1897 4173 6908 6898
3354 9 2 3 1 273 577 1900 4373 6874 4005
3355 9 2 3 1 1363 1362 1364 6854 6730 3398
3356 9 2 3 1 677 242 1238 6535 5332 6863
3357 9 2 3 1 1217 1129 1918 6464 6909 2361
3358 9 2 3 1 1339 1340 1701 6790 6748 6837
3359 9 2 3 1 1182 1081 1770 5766 4118 4649
3360 9 2 3 1 464 1817 1914 6910 6911 6359
3361 9 2 3 1 1349 1348 1351 6300 3517 6787
3362 9 2 3 1 517 1539 1886 6810 6889 6912
3363 9 2 3 1 1180 1812 1866 6856 6913 6897
3364 9 2 3 1 1598 963 1847 6483 6603 6914
3365 9 2 3 1 1085 1678 1690 2064 6915 2629
3366 9 2 3 1 1655 322 1898 2030 6883 6753
3367 9 2 3 1 1763 1527 1869 3350 6746 6916
3368 9 2 3 1 1512 1822 1896 6851 6917 6885
3369 9 2 3 1 1500 1741 1902 6890 6918 6279
3370 9 2 3 1 1721 882 1906 6229 6797 6904
3371 9 2 3 1 784 1738 1779 6732 6919 2438
3372 9 2 3 1 1357 1358 1359 6920 6921 6922
3373 9 2 3 1 1018 1696 1816 6607 6028 6833
3374 9 2 3 1 1826 1083 1839 5099 5586 6923
3375 9 2 3 1 1408 1864 1873 6757 6924 4723
3376 9 2 3 1 1706 1598 1847 6758 6914 6840
3377 9 2 3 1 1822 1823 1896 6925 6926 6917
3378 9 2 3 1 1677 1354 1690 6927 6663 6928
3379 9 2 3 1 1723 1080 1885 2613 5376 6896
3380 9 2 3 1 309 1823 1901 6929 6836 6400
3381 9 2 3 1 1082 1657 1826 3567 6806 6930
3382 9 2 3 1 1864 1464 1873 6820 6196 6924
3383 9 2 3 1 1357 1350 1358 6931 2244 6920
3384 9 2 3 1 1116 1810 1824 6802 6932 6809
3385 9 2 3 1 1248 1763 1786 4452 4805 5776
3386 9 2 3 1 1241 1740 1902 6428 6660 6933
3387 9 2 3 1 1762 1014 1846 6725 5222 6770
3388 9 2 3 1 1359 1358 1361 6921 6465 4443
3389 9 2 3 1 1352 1354 1677 6878 6927 6869
3390 9 2 3 1 464 1810 1817 2101 6803 6910
3391 9 2 3 1 1775 1031 1845 6590 5113 6822
3392 9 2 3 1 8 1350 1357 6715 6931 6906
3393 9 2 3 1 1741 1241 1902 6494 6933 6918
3394 9 2 3 1 1822 1114 1823 6786 6474 6925
3395 9 2 3 1 1678 1677 1690 6860 6928 6915
3396 9 2 3 1 264 1357 1912 6907 6934 6001
3397 9 2 3 1 1237 1763 1869 4803 6916 3556
3398 9 2 3 1 1758 984 1907 4791 6864 5737
3399 9 2 3 1 1355 1349 1910 3896 6649 6886
3400 9 2 3 1 1229 1227 1891 6842 4779 6832
3401 9 2 3 1 1738 1261 1779 6853 2372 6919
3402 9 2 3 1 1817 1054 1914 3204 6598 6911
3403 9 2 3 1 1739 517 1886 2698 6912 6903
3404 9 2 3 1 1702 1174 1900 6475 4897 6873
3405 9 2 3 1 1357 1359 1912 6922 2715 6934
3406 9 2 3 1 1720 1207 1753 2474 4176 6818
3407 9 2 3 1 316 1751 1903 4802 6839 5755
3408 9 2 3 1 1033 1699 1915 4053 6789 2751
3409 9 2 3 1 1810 1194 1824 2100 3453 6932
3410 9 2 3 1 1082 1826 1839 6930 6923 2410
3411 9 2 3 1 1136 1551 1911 2269 6935 6936
3412 9 2 3 1 1159 1160 1911 6701 6755 6937
3413 9 2 3 1 1353 1909 1910 6835 6887 5753
3414 9 2 3 1 1884 894 1887 6845 2913 6938
3415 9 2 3 1 1533 1136 1911 6609 6936 6754
3416 9 2 3 1 757 1743 1855 6870 6513 4716
3417 9 2 3 1 1372 1814 1919 6841 6784 6539
3418 9 2 3 1 1129 1853 1918 6559 6596 6909
3419 9 2 3 1 1823 309 1896 6929 6831 6926
3420 9 2 3 1 1812 1260 1866 3962 5310 6913
3421 9 2 3 1 1551 1159 1911 6879 6937 6935
3422 9 2 3 1 1725 1170 1881 4932 2866 6900
3423 9 2 3 1 485 1864 1881 6821 6901 3862
3424 9 2 3 1 1692 1228 1791 6658 6674 6266
3425 9 2 3 1 894 1704 1840 6405 6492 1963
3426 9 2 3 1 1281 1720 1754 3081 5048 6892
3427 9 2 3 1 798 1884 1887 2857 6938 3701
3428 9 2 3 1 1697 1225 1897 4612 6783 6908
3429 9 2 3 1 1692 1693 1897 2638 6899 6782
3430 9 2 3 1 198 6 1226 214 6905 6939
3431 9 2 3 1 198 1226 1282 6939 6940 6664
3432 9 2 3 1 684 970 1480 2434 5067 1975
3433 9 2 3 1 1631 1112 1742 6662 5618 2088
3434 9 2 3 1 1563 1151 1813 2838 6751 2000
3435 9 2 3 1 1282 1226 1754 6940 3215 5047
3436 9 2 3 1 1537 1353 1596 6834 5627 2976
$EndElements
