$MeshFormat
2.2 0 8
$EndMeshFormat
$PhysicalNames
3
1 1 "LeftEdge"
1 2 "RightEdge"
2 3 "Tyre"
$EndPhysicalNames
$Nodes
1781
1 0 0 0
2 10 0 0
3 10 0.5 0
4 0 0.5 0
5 0.1249999999999084 0 0
6 0.249999999999819 0 0
7 0.374999999999697 0 0
8 0.4999999999995512 0 0
9 0.6249999999994509 0 0
10 0.7499999999993636 0 0
11 0.8749999999992765 0 0
12 0.9999999999991893 0 0
13 1.124999999999102 0 0
14 1.249999999998971 0 0
15 1.37499999999865 0 0
16 1.499999999998285 0 0
17 1.624999999997921 0 0
18 1.749999999997556 0 0
19 1.874999999997191 0 0
20 1.999999999996827 0 0
21 2.124999999996462 0 0
22 2.249999999996097 0 0
23 2.374999999995733 0 0
24 2.499999999995368 0 0
25 2.624999999995004 0 0
26 2.749999999994639 0 0
27 2.874999999994274 0 0
28 2.99999999999391 0 0
29 3.124999999993545 0 0
30 3.249999999993181 0 0
31 3.374999999992816 0 0
32 3.499999999992451 0 0
33 3.624999999992086 0 0
34 3.749999999991722 0 0
35 3.874999999991358 0 0
36 3.999999999991027 0 0
37 4.124999999991078 0 0
38 4.249999999991268 0 0
39 4.374999999991459 0 0
40 4.499999999991649 0 0
41 4.624999999991839 0 0
42 4.74999999999203 0 0
43 4.87499999999222 0 0
44 4.999999999992411 0 0
45 5.124999999992601 0 0
46 5.249999999992791 0 0
47 5.374999999992982 0 0
48 5.499999999993172 0 0
49 5.624999999993362 0 0
50 5.749999999993553 0 0
51 5.874999999993743 0 0
52 5.999999999993932 0 0
53 6.124999999994123 0 0
54 6.249999999994314 0 0
55 6.374999999994504 0 0
56 6.499999999994694 0 0
57 6.624999999994884 0 0
58 6.749999999995076 0 0
59 6.874999999995265 0 0
60 6.999999999995455 0 0
61 7.124999999995644 0 0
62 7.249999999995835 0 0
63 7.374999999996026 0 0
64 7.499999999996216 0 0
65 7.624999999996406 0 0
66 7.749999999996597 0 0
67 7.874999999996788 0 0
68 7.999999999996978 0 0
69 8.124999999997167 0 0
70 8.249999999997355 0 0
71 8.374999999997545 0 0
72 8.499999999997733 0 0
73 8.624999999997923 0 0
74 8.749999999998112 0 0
75 8.874999999998302 0 0
76 8.99999999999849 0 0
77 9.124999999998678 0 0
78 9.249999999998867 0 0
79 9.374999999999055 0 0
80 9.499999999999245 0 0
81 9.624999999999433 0 0
82 9.749999999999622 0 0
83 9.874999999999812 0 0
84 0.06249999999995307 0 0
85 0.1874999999998624 0 0
86 0.3124999999997682 0 0
87 0.4374999999996235 0 0
88 0.5624999999994997 0 0
89 0.6874999999994046 0 0
90 0.8124999999993208 0 0
91 0.9374999999992299 0 0
92 1.062499999999148 0 0
93 1.187499999999039 0 0
94 1.312499999998808 0 0
95 1.437499999998449 0 0
96 1.562499999998124 0 0
97 1.68749999999776 0 0
98 1.812499999997397 0 0
99 1.937499999997028 0 0
100 2.062499999996645 0 0
101 2.187499999996285 0 0
102 2.312499999995917 0 0
103 2.437499999995592 0 0
104 2.562499999995177 0 0
105 2.687499999994847 0 0
106 2.812499999994438 0 0
107 2.937499999994116 0 0
108 3.062499999993716 0 0
109 3.187499999993373 0 0
110 3.312499999992987 0 0
111 3.437499999992653 0 0
112 3.562499999992262 0 0
113 3.6874999999919 0 0
114 3.812499999991512 0 0
115 3.937499999991187 0 0
116 4.062499999991019 0 0
117 4.187499999991183 0 0
118 4.312499999991383 0 0
119 4.437499999991562 0 0
120 4.562499999991779 0 0
121 4.687499999991966 0 0
122 4.812499999992171 0 0
123 4.937499999992307 0 0
124 5.062499999992545 0 0
125 5.187499999992696 0 0
126 5.31249999999293 0 0
127 5.437499999993061 0 0
128 5.562499999993267 0 0
129 5.687499999993464 0 0
130 5.812499999993637 0 0
131 5.937499999993817 0 0
132 6.062499999993989 0 0
133 6.187499999994257 0 0
134 6.312499999994352 0 0
135 6.437499999994656 0 0
136 6.562499999994783 0 0
137 6.687499999995 0 0
138 6.81249999999519 0 0
139 6.937499999995339 0 0
140 7.062499999995596 0 0
141 7.187499999995691 0 0
142 7.312499999995995 0 0
143 7.437499999996073 0 0
144 7.562499999996383 0 0
145 7.687499999996463 0 0
146 7.812499999996732 0 0
147 7.937499999996898 0 0
148 8.062499999997089 0 0
149 8.18749999999722 0 0
150 8.312499999997408 0 0
151 8.4374999999976 0 0
152 8.562499999997852 0 0
153 8.687499999997959 0 0
154 8.812499999998217 0 0
155 8.937499999998435 0 0
156 9.062499999998623 0 0
157 9.187499999998833 0 0
158 9.312499999998959 0 0
159 9.437499999999199 0 0
160 9.562499999999313 0 0
161 9.687499999999568 0 0
162 9.812499999999726 0 0
163 9.937499999999865 0 0
164 10 0.124999999999706 0
165 10 0.249999999999347 0
166 10 0.3749999999996708 0
167 10 0.06249999999988787 0
168 10 0.1874999999995265 0
169 10 0.3124999999995089 0
170 10 0.4374999999998354 0
171 9.875 0.5 0
172 9.75 0.5 0
173 9.625 0.5 0
174 9.499999999999998 0.5 0
175 9.374999999999998 0.5 0
176 9.249999999999998 0.5 0
177 9.124999999999998 0.5 0
178 8.999999999999998 0.5 0
179 8.874999999999998 0.5 0
180 8.749999999999996 0.5 0
181 8.624999999999996 0.5 0
182 8.499999999999996 0.5 0
183 8.374999999999996 0.5 0
184 8.249999999999996 0.5 0
185 8.124999999999996 0.5 0
186 7.999999999999996 0.5 0
187 7.874999999999996 0.5 0
188 7.749999999999995 0.5 0
189 7.624999999999995 0.5 0
190 7.499999999999995 0.5 0
191 7.374999999999995 0.5 0
192 7.249999999999995 0.5 0
193 7.124999999999994 0.5 0
194 6.999999999999994 0.5 0
195 6.874999999999993 0.5 0
196 6.749999999999993 0.5 0
197 6.624999999999993 0.5 0
198 6.499999999999993 0.5 0
199 6.374999999999993 0.5 0
200 6.249999999999992 0.5 0
201 6.124999999999992 0.5 0
202 5.999999999999991 0.5 0
203 5.874999999999991 0.5 0
204 5.749999999999991 0.5 0
205 5.624999999999991 0.5 0
206 5.49999999999999 0.5 0
207 5.37499999999999 0.5 0
208 5.24999999999999 0.5 0
209 5.124999999999989 0.5 0
210 4.999999999999989 0.5 0
211 4.874999999999989 0.5 0
212 4.749999999999989 0.5 0
213 4.624999999999988 0.5 0
214 4.499999999999988 0.5 0
215 4.374999999999989 0.5 0
216 4.249999999999988 0.5 0
217 4.124999999999988 0.5 0
218 3.999999999999988 0.5 0
219 3.874999999999986 0.5 0
220 3.749999999999987 0.5 0
221 3.624999999999988 0.5 0
222 3.499999999999987 0.5 0
223 3.374999999999986 0.5 0
224 3.249999999999986 0.5 0
225 3.124999999999986 0.5 0
226 2.999999999999985 0.5 0
227 2.874999999999986 0.5 0
228 2.749999999999985 0.5 0
229 2.624999999999984 0.5 0
230 2.499999999999984 0.5 0
231 2.374999999999984 0.5 0
232 2.249999999999984 0.5 0
233 2.124999999999984 0.5 0
234 1.999999999999982 0.5 0
235 1.874999999999982 0.5 0
236 1.749999999999984 0.5 0
237 1.624999999999986 0.5 0
238 1.499999999999988 0.5 0
239 1.374999999999989 0.5 0
240 1.249999999999989 0.5 0
241 1.124999999999989 0.5 0
242 0.9999999999999911 0.5 0
243 0.8749999999999911 0.5 0
244 0.7499999999999929 0.5 0
245 0.6249999999999947 0.5 0
246 0.4999999999999964 0.5 0
247 0.3749999999999982 0.5 0
248 0.2499999999999964 0.5 0
249 0.1249999999999982 0.5 0
250 9.937499999999931 0.5 0
251 9.8125 0.5 0
252 9.687500000000078 0.5 0
253 9.562499999999998 0.5 0
254 9.437499999999957 0.5 0
255 9.312500000000036 0.5 0
256 9.187500000000018 0.5 0
257 9.06250000000002 0.5 0
258 8.937499999999998 0.5 0
259 8.812500000000036 0.5 0
260 8.687499999999996 0.5 0
261 8.562499999999996 0.5 0
262 8.437500000000075 0.5 0
263 8.312499999999996 0.5 0
264 8.187500000000027 0.5 0
265 8.062500000000034 0.5 0
266 7.937499999999996 0.5 0
267 7.81249999999997 0.5 0
268 7.6875 0.5 0
269 7.562500000000012 0.5 0
270 7.437499999999984 0.5 0
271 7.312499999999999 0.5 0
272 7.187499999999976 0.5 0
273 7.062499999999936 0.5 0
274 6.937500000000036 0.5 0
275 6.81250000000001 0.5 0
276 6.687499999999929 0.5 0
277 6.562500000000072 0.5 0
278 6.437500000000018 0.5 0
279 6.312499999999987 0.5 0
280 6.187499999999954 0.5 0
281 6.062499999999986 0.5 0
282 5.937499999999998 0.5 0
283 5.812499999999991 0.5 0
284 5.687499999999917 0.5 0
285 5.562500000000032 0.5 0
286 5.437499999999986 0.5 0
287 5.312499999999947 0.5 0
288 5.187500000000035 0.5 0
289 5.062499999999997 0.5 0
290 4.937500000000026 0.5 0
291 4.812499999999964 0.5 0
292 4.687499999999964 0.5 0
293 4.562500000000008 0.5 0
294 4.437499999999995 0.5 0
295 4.312499999999988 0.5 0
296 4.187500000000024 0.5 0
297 4.062499999999972 0.5 0
298 3.937499999999988 0.5 0
299 3.812500000000006 0.5 0
300 3.687499999999967 0.5 0
301 3.562499999999986 0.5 0
302 3.437500000000004 0.5 0
303 3.312499999999944 0.5 0
304 3.187499999999975 0.5 0
305 3.06249999999999 0.5 0
306 2.937499999999965 0.5 0
307 2.812500000000044 0.5 0
308 2.687499999999993 0.5 0
309 2.562499999999947 0.5 0
310 2.437499999999952 0.5 0
311 2.312499999999974 0.5 0
312 2.187499999999988 0.5 0
313 2.062500000000007 0.5 0
314 1.937499999999993 0.5 0
315 1.812500000000073 0.5 0
316 1.687499999999986 0.5 0
317 1.562499999999957 0.5 0
318 1.437499999999998 0.5 0
319 1.312499999999957 0.5 0
320 1.187499999999913 0.5 0
321 1.062500000000119 0.5 0
322 0.9374999999999698 0.5 0
323 0.8124999999999218 0.5 0
324 0.6875000000000249 0.5 0
325 0.5625000000000249 0.5 0
326 0.4375000000000178 0.5 0
327 0.312500000000103 0.5 0
328 0.1874999999999982 0.5 0
329 0.0624999999999627 0.5 0
330 0 0.3750000000001733 0
331 0 0.2500000000010296 0
332 0 0.1250000000005202 0
333 0 0.4375000000000523 0
334 0 0.312500000000564 0
335 0 0.1875000000007749 0
336 0 0.06250000000026007 0
337 1.312499999998811 0.1082531754727576 0
338 1.562499999998103 0.108253175472739 0
339 1.812499999997373 0.1082531754727391 0
340 0.312499999999758 0.1082531754729389 0
341 0.5624999999995011 0.1082531754729482 0
342 2.062499999996644 0.1082531754727389 0
343 1.062499999999146 0.1082531754729605 0
344 0.81249999999932 0.1082531754729793 0
345 2.312499999995915 0.1082531754727389 0
346 2.562499999995186 0.1082531754727389 0
347 9.6875 0.3917468245269452 0
348 2.812499999994456 0.1082531754727391 0
349 9.437499999999998 0.3917468245269452 0
350 9.187499999999998 0.3917468245269452 0
351 3.062499999993729 0.1082531754727387 0
352 8.937499999999998 0.3917468245269452 0
353 8.687499999999998 0.3917468245269452 0
354 3.312499999992996 0.1082531754727389 0
355 8.437499999999998 0.3917468245269452 0
356 8.187499999999998 0.3917468245269452 0
357 3.562499999992267 0.1082531754727389 0
358 7.937499999999997 0.3917468245269452 0
359 7.687499999999985 0.3917468245269452 0
360 3.812499999991539 0.1082531754727393 0
361 7.437499999999997 0.3917468245269452 0
362 7.187499999999987 0.3917468245269452 0
363 6.937499999999999 0.3917468245269452 0
364 6.687499999999996 0.3917468245269452 0
365 6.437499999999996 0.3917468245269452 0
366 6.187499999999996 0.3917468245269452 0
367 5.937499999999995 0.3917468245269452 0
368 4.062499999991054 0.1082531754729634 0
369 5.687499999999995 0.3917468245269452 0
370 5.437499999999995 0.3917468245269452 0
371 5.18749999999999 0.3917468245269452 0
372 4.937499999999988 0.3917468245269452 0
373 4.687499999999989 0.3917468245269455 0
374 4.437499999999989 0.3917468245269459 0
375 4.187499999999987 0.3917468245269452 0
376 0.4374999999999329 0.3917468245269565 0
377 1.187500000000038 0.3917468245269407 0
378 0.6874999999999232 0.3917468245268768 0
379 0.9374999999999791 0.3917468245269325 0
380 1.437499999999951 0.391746824526972 0
381 9.562499999999304 0.1082531754732018 0
382 1.687499999999989 0.3917468245269401 0
383 9.312499999998979 0.1082531754731998 0
384 9.0624999999986 0.108253175473233 0
385 1.937500000000037 0.3917468245269379 0
386 8.812499999998151 0.1082531754732526 0
387 8.562499999997819 0.1082531754732103 0
388 2.187499999999932 0.3917468245269514 0
389 8.31249999999747 0.1082531754732124 0
390 8.062499999997058 0.1082531754732306 0
391 2.437499999999856 0.3917468245268443 0
392 7.812499999996664 0.1082531754732353 0
393 7.562499999996318 0.1082531754732104 0
394 2.687499999999828 0.391746824526782 0
395 7.312499999995971 0.108253175473237 0
396 7.062499999995489 0.1082531754732695 0
397 2.937499999999969 0.3917468245269342 0
398 6.812499999995148 0.1082531754732057 0
399 6.562499999994785 0.1082531754732208 0
400 3.187500000000063 0.3917468245269269 0
401 6.312499999994419 0.1082531754732123 0
402 3.437499999999981 0.3917468245269725 0
403 6.062499999994057 0.1082531754732254 0
404 5.812499999993621 0.108253175473237 0
405 3.687499999999904 0.3917468245268877 0
406 5.562499999993292 0.1082531754732175 0
407 5.31249999999295 0.1082531754732755 0
408 5.062499999992562 0.1082531754733169 0
409 3.950496599211298 0.38952320921981 0
410 4.812499999992212 0.1082531754732928 0
411 4.562499999991873 0.1082531754732705 0
412 4.312499999991232 0.1082531754733278 0
413 0.1880296711601002 0.3941534943680669 0
414 9.811970328839585 0.105846505632102 0
415 0.0988382795978717 0.1795950867088426 0
416 9.901161720402087 0.3204049132913169 0
417 0.3125882785266547 0.3921479361671934 0
418 0.2493352521863915 0.2971939841882304 0
419 9.687411721472788 0.1078520638330264 0
420 9.624985286911555 0.2111431093915909 0
421 9.499997547817912 0.2103160877391427 0
422 9.562499999999261 0.3247595264195205 0
423 9.750662295631912 0.2019121422194959 0
424 4.187499999991071 0.1082531754731414 0
425 4.124999999990894 0.211209961331398 0
426 4.002711543792511 0.2144862609235132 0
427 4.062499999990731 0.3247595264190092 0
428 4.24999999999096 0.2103272297291856 0
429 4.374999999991342 0.2101801077955677 0
430 4.312499999990815 0.3247595264196687 0
431 4.437499999991593 0.1071988016147989 0
432 4.499999999991825 0.2099798584967204 0
433 4.624999999992094 0.2101222125900308 0
434 4.562499999992451 0.3247595264195616 0
435 3.312500000000018 0.3917468245269694 0
436 3.374999999999992 0.2887900386686484 0
437 3.499999999999921 0.2896727702710752 0
438 3.437499999999929 0.1752404735810408 0
439 3.250000000000089 0.289672770271068 0
440 3.125000000000063 0.2898198922047699 0
441 3.187500000000235 0.1752404735810107 0
442 3.062499999999988 0.3928011983854152 0
443 2.999999999999964 0.2900201415035278 0
444 2.874999999999881 0.2898777874101794 0
445 2.937499999999775 0.1752404735810217 0
446 3.562499999999931 0.3927766780631349 0
447 3.624999999999837 0.2899915344608003 0
448 3.749999999999757 0.2898730195696234 0
449 3.687499999999726 0.1752404735809279 0
450 3.812499999999885 0.3917468245266722 0
451 3.866749433200177 0.2963603107640763 0
452 2.06249999999999 0.3917468245269702 0
453 2.124999999999951 0.2887900386686373 0
454 2.249999999999849 0.2896727702710424 0
455 2.18749999999987 0.175240473581032 0
456 2.31249999999989 0.3927766780631146 0
457 2.374999999999778 0.2899915344607676 0
458 2.499999999999697 0.2898730195695703 0
459 2.437499999999643 0.1752404735808938 0
460 2.56249999999982 0.392810052946115 0
461 2.624999999999687 0.2900304718242593 0
462 2.749999999999844 0.2909435321896384 0
463 2.687499999999706 0.1752404735806397 0
464 2.000000000000049 0.2896727702710733 0
465 1.875000000000048 0.2898198922047855 0
466 1.937500000000157 0.1752404735810171 0
467 1.812499999999992 0.3928011983854248 0
468 1.749999999999991 0.2900201415035278 0
469 1.624999999999938 0.289877787410235 0
470 1.687499999999867 0.1752404735810215 0
471 1.312499999999988 0.3917468245269707 0
472 1.374999999999959 0.2887900386686428 0
473 1.499999999999941 0.2907367933304777 0
474 1.437499999999881 0.1752404735810307 0
475 1.250000000000052 0.28967277027107 0
476 1.12500000000005 0.2898198922047976 0
477 1.187500000000162 0.1752404735809788 0
478 1.062499999999994 0.3928011983854217 0
479 0.999999999999981 0.2900201415035201 0
480 0.8749999999999365 0.2898777874101957 0
481 0.9374999999998517 0.1752404735808932 0
482 1.562499999999954 0.3923380401069702 0
483 0.3749039217854118 0.291140279797725 0
484 0.4999839869640914 0.2900644771258675 0
485 0.4374999999997189 0.175240473580963 0
486 6.937499999995318 0.1082531754732232 0
487 6.874999999995206 0.2112099613316279 0
488 6.749999999995028 0.210327229729165 0
489 6.812499999995117 0.3247595264195419 0
490 6.999999999995346 0.210327229729205 0
491 7.1249999999956 0.2101801077954947 0
492 7.062499999995333 0.3247595264196304 0
493 7.187499999995753 0.1071988016147503 0
494 7.249999999995894 0.209979858496723 0
495 7.374999999996104 0.2101222125900104 0
496 7.312499999996168 0.3247595264195683 0
497 7.687499999996492 0.1082531754732112 0
498 7.624999999996414 0.2112099613316288 0
499 7.749999999996551 0.2103272297291781 0
500 7.87499999999675 0.2101801077954543 0
501 7.812499999996573 0.3247595264195837 0
502 7.937499999996875 0.1071988016147286 0
503 7.999999999996974 0.2099798584967215 0
504 8.124999999997188 0.21012221259002 0
505 8.06249999999714 0.3247595264195683 0
506 8.687499999997982 0.108253175473215 0
507 8.624999999997877 0.2112099613316278 0
508 8.499999999997737 0.2103272297291602 0
509 8.56249999999778 0.3247595264195455 0
510 8.749999999998032 0.2103272297291909 0
511 8.874999999998261 0.210180107795476 0
512 8.812499999998076 0.324759526419592 0
513 8.937499999998398 0.1071988016147416 0
514 8.999999999998508 0.2099798584967234 0
515 9.124999999998723 0.210122212590022 0
516 9.062499999998705 0.3247595264195779 0
517 5.687499999993452 0.1082531754732112 0
518 5.624999999993375 0.2112099613316294 0
519 5.499999999993239 0.210327229729189 0
520 5.562499999993327 0.3247595264195577 0
521 5.437499999993124 0.107223321937025 0
522 5.374999999993085 0.2100084655394357 0
523 5.249999999992939 0.2101269804305755 0
524 5.312499999993057 0.3247595264196337 0
525 5.187499999992776 0.1071899470539713 0
526 5.124999999992749 0.2099695281758752 0
527 4.999999999992566 0.2101204908700484 0
528 5.062499999992636 0.3247595264197675 0
529 5.749999999993514 0.2103272297291777 0
530 5.874999999993727 0.2101801077954565 0
531 5.812499999993554 0.3247595264195803 0
532 5.937499999993852 0.1071988016147308 0
533 5.999999999993975 0.2099798584967082 0
534 6.124999999994185 0.2101222125900035 0
535 6.06249999999421 0.3247595264195554 0
536 4.937499999992405 0.1071888654605701 0
537 4.874999999992387 0.2099682663168937 0
538 4.749999999992168 0.209056257500683 0
539 4.812499999992203 0.32475952641981 0
540 0.5624973311606236 0.3928419625389031 0
541 0.6249968863540107 0.2900676996825271 0
542 0.7499994810589495 0.290949736832732 0
543 0.6874999999998589 0.1752404735807252 0
544 6.437499999994598 0.1082531754732191 0
545 6.374999999994495 0.2112099613316357 0
546 6.499999999994651 0.2103272297291855 0
547 6.624999999994847 0.2091502542592217 0
548 6.562499999994704 0.3247595264196039 0
549 6.249999999994339 0.2092632066697556 0
550 6.312499999994426 0.3247595264195539 0
551 7.499999999996256 0.2092632066697541 0
552 7.562499999996375 0.3247595264195592 0
553 8.437499999997648 0.1072233219369933 0
554 8.374999999997588 0.2100084655393891 0
555 8.249999999997382 0.2090629573710559 0
556 8.312499999997545 0.3247595264195574 0
557 2.812499999999922 0.3923470094105206 0
558 6.687499999994952 0.1076659540939032 0
559 8.187499999997224 0.1076532721372937 0
560 9.437499591302263 0.1072214649386552 0
561 9.374999523186069 0.2100062990413352 0
562 9.249999920530076 0.2090625962880431 0
563 9.312499999999142 0.3247595264195777 0
564 9.18749999655105 0.1076532564717564 0
565 6.187499999994266 0.107661959893185 0
566 0.8124999774858573 0.3923472785971004 0
567 3.943622558209865 0.1046425515907444 0
568 7.437499999996172 0.1076619598931663 0
569 4.687499999992094 0.1076529814653524 0
570 0.1801706731569331 0.09655573176806033 0
571 9.81982932684299 0.4034442682319885 0
572 0.1118489857227471 0.303441981270778 0
573 9.888150835546757 0.1964928675928801 0
574 1.562499999999546 0.2078697406751008 0
575 3.062499999998753 0.2077148312686137 0
576 1.812499999999488 0.2077148312686182 0
577 2.812499999998732 0.2079110884468436 0
578 3.312499999998648 0.2074393863149014 0
579 2.062499999999334 0.2074393863148997 0
580 1.312499999999773 0.207439386314896 0
581 3.562499999998336 0.2076796854733166 0
582 3.437499999992637 0.07647483778493286 0
583 2.312499999999011 0.2076796854732949 0
584 2.18749999999628 0.07647483778492867 0
585 1.437499999998468 0.07647483778492764 0
586 2.937499999994095 0.07647483778492226 0
587 1.687499999997739 0.07647483778492313 0
588 1.937499999997009 0.07647483778492108 0
589 3.187499999993363 0.076474837784916 0
590 3.687499999991905 0.07647483778486941 0
591 0.3146312260527163 0.2122636161511673 0
592 2.437499999995551 0.07647483778485067 0
593 1.187499999999037 0.07647483778485739 0
594 3.807253319813143 0.2115181856571914 0
595 2.562499999998784 0.2077275228056204 0
596 1.062499999999838 0.20771483126863 0
597 0.4374999999996242 0.07647483778485126 0
598 2.687499999994821 0.07647483778470772 0
599 0.8124998962115835 0.2079123293755051 0
600 4.062499999999986 0.423525162215157 0
601 0.9374999999992331 0.07647483778480142 0
602 0.5624961746634362 0.2077732598886062 0
603 0.6874999999994073 0.07647483778470685 0
604 4.187499999992678 0.2925606136852414 0
605 4.437499999993284 0.2922851687316929 0
606 8.187499999997852 0.2920902094654294 0
607 5.937499999995092 0.2922851687316492 0
608 6.687499999995939 0.2921486722708955 0
609 6.187499999995431 0.2921302593251627 0
610 8.93749999999871 0.2922851687316629 0
611 7.187499999996597 0.2922851687316723 0
612 7.43749999999698 0.2921302593251675 0
613 9.437499414200476 0.2923176528293043 0
614 9.187499984105328 0.2920901372488332 0
615 4.687499999993781 0.2920888694914062 0
616 7.937499999997488 0.2922851687316546 0
617 9.685352596306217 0.2879348860770785 0
618 8.437499999998128 0.2923203145269195 0
619 9.562499999999977 0.4235251622154351 0
620 5.687499999994754 0.292560613685378 0
621 7.687499999997179 0.292560613685379 0
622 8.687499999998352 0.2925606136853803 0
623 6.812499999999972 0.4235251622154662 0
624 8.562500000000002 0.4235251622154814 0
625 6.437499999995653 0.2925606136853848 0
626 6.9374999999962 0.2925606136853901 0
627 6.312499999999983 0.4235251622154581 0
628 6.062499999999985 0.4235251622154576 0
629 8.3125 0.4235251622154758 0
630 5.562499999999988 0.4235251622154753 0
631 7.5625 0.4235251622154836 0
632 4.56249999999999 0.42352516221547 0
633 5.43749999999454 0.2923203145269523 0
634 8.062499999999998 0.4235251622154694 0
635 7.3125 0.4235251622154664 0
636 9.3125 0.423525162215473 0
637 9.0625 0.4235251622155046 0
638 5.812499999999972 0.4235251622154749 0
639 7.812500000000001 0.4235251622154747 0
640 8.812499999999988 0.4235251622155008 0
641 6.562500000000001 0.4235251622154959 0
642 7.0625 0.423525162215509 0
643 5.312499999999986 0.4235251622155091 0
644 4.312499999999996 0.4235251622155333 0
645 5.187499999994275 0.2922724771945595 0
646 5.062499999999986 0.4235251622155893 0
647 4.937499999993956 0.292270926910693 0
648 4.812499999999985 0.4235251622156097 0
649 0.0915063509463685 0.09150635094653245 0
650 0.09150635094613742 0.4084936490539084 0
651 9.908493649053723 0.4084936490536362 0
652 9.908493649053677 0.09150635094621248 0
653 0.2052726319821948 0.1998680580003057 0
654 9.794726552014341 0.3000989469586137 0
655 3.904318891937579 0.2017284800460842 0
656 3.962834466769334 0.2966629055131101 0
657 0.1805921189545693 0.3003179827295042 0
658 0.158560808852471 0.2516550196355418 0
659 0.2273039420842932 0.248531021094268 0
660 9.819406565589334 0.199202504906188 0
661 9.84143869378055 0.2482959072757469 0
662 9.772694423823125 0.2510055445890548 0
663 9.781316312235749 0.153879323925799 0
664 9.850060582193171 0.1511696866124911 0
665 0.2186824616732459 0.3456737392781487 0
666 0.1499393284414237 0.3487977378194225 0
667 4.124999999995358 0.3582531754729772 0
668 4.124999999999986 0.4076359933710511 0
669 4.062499999995358 0.374142344317083 0
670 4.124999999991704 0.3086600700521253 0
671 4.187499999996332 0.3421537191060933 0
672 4.374999999995403 0.3582531754733073 0
673 4.37499999999205 0.3085223475756808 0
674 4.437499999996637 0.3420159966293194 0
675 4.374999999999993 0.4076359933712396 0
676 4.312499999995405 0.374142344317601 0
677 3.624999999995997 0.1417468245268334 0
678 3.624999999999031 0.1914600795271222 0
679 3.562499999995302 0.1579664304730277 0
680 3.624999999992086 0.09236400662880415 0
681 3.687499999995816 0.1258576556828986 0
682 3.374999999996462 0.1417468245268899 0
683 3.374999999999289 0.1913399299479711 0
684 3.312499999995822 0.1578462808938201 0
685 3.374999999992816 0.09236400662883587 0
686 3.437499999996283 0.1258576556829868 0
687 4.874999999996096 0.3582531754733776 0
688 4.874999999993079 0.3085152266652515 0
689 4.937499999996971 0.3420088757188191 0
690 3.124999999996982 0.1417468245268747 0
691 3.124999999999495 0.1914776524248122 0
692 3.062499999996241 0.1579840033706762 0
693 4.874999999999986 0.4076359933712774 0
694 4.812499999996094 0.3741423443177099 0
695 4.62499999999622 0.3582531754732535 0
696 4.624999999999989 0.4076359933712078 0
697 4.562499999996221 0.3741423443175158 0
698 3.124999999993546 0.09236400662882735 0
699 3.187499999996799 0.1258576556829633 0
700 5.124999999996313 0.3582531754733563 0
701 5.124999999993456 0.3085160018071635 0
702 5.187499999997133 0.3420096508607523 0
703 4.624999999993117 0.3084241979554839 0
704 4.687499999996885 0.3419178470091758 0
705 5.124999999999988 0.4076359933712672 0
706 5.062499999996311 0.3741423443176784 0
707 5.374999999996525 0.3582531754732894 0
708 5.374999999993799 0.308539920473293 0
709 5.437499999997268 0.3420335695269487 0
710 5.37499999999999 0.4076359933712271 0
711 5.312499999996522 0.3741423443175714 0
712 5.62499999999666 0.3582531754732515 0
713 5.62499999999404 0.3086600700524679 0
714 5.687499999997375 0.3421537191061616 0
715 5.624999999999991 0.4076359933712103 0
716 5.562499999996658 0.3741423443175165 0
717 5.874999999996774 0.3582531754732627 0
718 5.874999999994323 0.3085223475756148 0
719 5.937499999997543 0.3420159966292972 0
720 5.874999999999983 0.40763599337121 0
721 5.812499999996763 0.3741423443175276 0
722 2.874999999997115 0.1417468245268804 0
723 2.874999999999253 0.1915757810139326 0
724 2.812499999996594 0.1580821319597914 0
725 2.874999999994275 0.09236400662883067 0
726 2.937499999996935 0.125857655682972 0
727 6.124999999997103 0.3582531754732503 0
728 6.12499999999482 0.3084448928723591 0
729 6.187499999997714 0.341938541926054 0
730 6.12499999999999 0.4076359933712014 0
731 6.062499999997097 0.3741423443175065 0
732 6.374999999997211 0.3582531754732495 0
733 6.37499999999504 0.3086600700524694 0
734 6.437499999997824 0.342153719106165 0
735 2.624999999997446 0.1417468245266893 0
736 2.624999999999245 0.19148399819313 0
737 2.562499999996985 0.1579903491391796 0
738 6.374999999999989 0.4076359933712017 0
739 6.312499999997204 0.374142344317506 0
740 6.62499999999735 0.3582531754732746 0
741 6.624999999995321 0.3084540993452497 0
742 6.687499999997968 0.3419477483989204 0
743 6.624999999999998 0.4076359933712205 0
744 6.562499999997352 0.3741423443175499 0
745 2.624999999995004 0.09236400662872329 0
746 2.687499999997264 0.1258576556826737 0
747 6.874999999997558 0.3582531754732435 0
748 6.874999999995659 0.308660070052466 0
749 6.937499999998099 0.3421537191061677 0
750 6.874999999999986 0.4076359933712057 0
751 6.812499999997544 0.374142344317504 0
752 7.12499999999766 0.3582531754732878 0
753 7.124999999995964 0.3085223475756513 0
754 7.187499999998291 0.3420159966293088 0
755 2.374999999997779 0.1417468245268163 0
756 2.374999999999327 0.1914600795270944 0
757 2.312499999997463 0.1579664304730169 0
758 7.124999999999993 0.4076359933712271 0
759 7.062499999997666 0.3741423443175697 0
760 2.374999999995733 0.09236400662879478 0
761 2.437499999997597 0.1258576556828722 0
762 2.124999999998257 0.1417468245268854 0
763 2.124999999999602 0.1913399299479659 0
764 2.062499999997989 0.1578462808938193 0
765 2.124999999996462 0.09236400662883378 0
766 2.187499999998075 0.1258576556829804 0
767 1.874999999998765 0.1417468245268781 0
768 1.874999999999822 0.1914776524248177 0
769 1.812499999998431 0.1579840033706786 0
770 7.374999999998082 0.3582531754732567 0
771 7.374999999996573 0.3084448928723679 0
772 7.437499999998488 0.3419385419260563 0
773 7.374999999999998 0.4076359933712058 0
774 7.312499999998083 0.3741423443175174 0
775 1.874999999997191 0.09236400662883007 0
776 1.937499999998583 0.1258576556829691 0
777 7.62499999999818 0.3582531754732522 0
778 7.624999999996778 0.3086600700524691 0
779 7.687499999998582 0.3421537191061621 0
780 7.624999999999993 0.4076359933712144 0
781 7.562499999998188 0.3741423443175214 0
782 7.874999999998286 0.3582531754732645 0
783 7.874999999997031 0.3085223475756191 0
784 7.937499999998742 0.3420159966292999 0
785 7.874999999999999 0.4076359933712099 0
786 7.812499999998288 0.3741423443175292 0
787 8.124999999998568 0.3582531754732567 0
788 8.124999999997495 0.3084248679424988 0
789 8.187499999998925 0.3419185169961872 0
790 1.624999999998985 0.1417468245268802 0
791 1.624999999999706 0.1915551071280611 0
792 1.562499999998824 0.1580614580739199 0
793 8.124999999999998 0.4076359933712073 0
794 8.062499999998568 0.3741423443175188 0
795 1.624999999997921 0.09236400662883106 0
796 1.687499999998803 0.1258576556829723 0
797 8.374999999998771 0.3582531754732513 0
798 8.374999999997836 0.3085399204732384 0
799 8.437499999999062 0.3420335695269323 0
800 8.375 0.4076359933712105 0
801 8.312499999998773 0.3741423443175166 0
802 8.624999999998888 0.3582531754732454 0
803 8.624999999998066 0.3086600700524629 0
804 8.687499999999176 0.3421537191061628 0
805 8.625 0.4076359933712133 0
806 8.562499999998892 0.3741423443175135 0
807 1.374999999999346 0.1417468245268942 0
808 1.374999999999827 0.1913399299479633 0
809 1.312499999999292 0.1578462808938268 0
810 8.874999999999037 0.3582531754732686 0
811 8.874999999998394 0.3085223475756275 0
812 8.937499999999353 0.342015996629304 0
813 1.37499999999864 0.09236400662884264 0
814 1.437499999999175 0.1258576556829792 0
815 8.874999999999993 0.407635993371223 0
816 8.812499999999032 0.3741423443175464 0
817 1.124999999999654 0.1417468245269697 0
818 1.125 0.1914776524248044 0
819 1.062499999999492 0.1579840033707953 0
820 1.124999999999091 0.09236400662890895 0
821 1.187499999999599 0.1258576556829181 0
822 9.124999999999352 0.3582531754732616 0
823 9.124999992052016 0.3084248318342055 0
824 9.187499992052663 0.3419184808878892 0
825 9.125 0.4076359933712249 0
826 9.062499999999353 0.3741423443175413 0
827 0.8749999999995859 0.1417468245269362 0
828 0.8749999999992766 0.09236400662889035 0
829 0.9374999999995424 0.1258576556828473 0
830 0.8749999481057176 0.1915764014781991 0
831 0.8124999481054518 0.1580827524242422 0
832 0.62499999999968 0.1417468245268367 0
833 0.6249980873316475 0.1915068667346657 0
834 0.5624980873314687 0.1580132176807772 0
835 9.37499999999957 0.3582531754732615 0
836 9.374999707099809 0.308538589624441 0
837 9.437499707100237 0.3420322386781247 0
838 9.375 0.4076359933712091 0
839 9.31249999999957 0.3741423443175254 0
840 9.624999999999631 0.3582531754732329 0
841 9.623926298152739 0.3063472062482995 0
842 9.686426298153108 0.3398408553020119 0
843 0.6249999999994542 0.09236400662882754 0
844 0.6874999999996331 0.125857655682716 0
845 9.624999999999989 0.4076359933711902 0
846 9.56249999999962 0.3741423443174778 0
847 0.3749999999997385 0.1417468245269509 0
848 0.3760656130262177 0.1937520448660652 0
849 0.3135656130262372 0.1602583958120531 0
850 0.3749999999996911 0.09236400662889507 0
851 0.4374999999996716 0.1258576556829071 0
852 0.49999999999961 0.1417468245269556 0
853 0.4999980873315776 0.1915068667347846 0
854 0.4999999999995626 0.09236400662889975 0
855 0.7499999999995894 0.1417468245268523 0
856 0.7499999481057211 0.1915764014781152 0
857 0.9999999999994986 0.1417468245269268 0
858 0.9999999999998448 0.1914776524247616 0
859 0.7499999999993636 0.09236400662884307 0
860 0.9999999999991893 0.09236400662888096 0
861 1.249999999999486 0.1417468245268682 0
862 1.249999999999967 0.1913399299479374 0
863 1.249999999998924 0.0923640066288075 0
864 1.499999999998992 0.1417468245268848 0
865 1.499999999999714 0.1915551071280657 0
866 9.499999999999631 0.3582531754732329 0
867 9.499999707099867 0.3085385896244124 0
868 9.24999999999957 0.3582531754732615 0
869 9.249999992052235 0.3084248318342054 0
870 9.499999999999988 0.4076359933711902 0
871 1.499999999998285 0.09236400662883332 0
872 9.25 0.4076359933712091 0
873 8.999999999999352 0.3582531754732616 0
874 8.999999999998707 0.3085223475756205 0
875 1.74999999999862 0.1417468245268803 0
876 1.749999999999677 0.1914776524248198 0
877 9 0.4076359933712249 0
878 1.749999999997556 0.0923640066288311 0
879 8.749999999999037 0.3582531754732686 0
880 8.749999999998213 0.3086600700524861 0
881 8.749999999999993 0.407635993371223 0
882 8.499999999998888 0.3582531754732454 0
883 8.499999999997954 0.3085399204732325 0
884 8.5 0.4076359933712133 0
885 8.249999999998771 0.3582531754732513 0
886 8.249999999997698 0.3084248679424934 0
887 1.999999999998401 0.141746824526878 0
888 1.999999999999746 0.1913399299479584 0
889 8.25 0.4076359933712105 0
890 1.999999999996827 0.09236400662882999 0
891 7.999999999998568 0.3582531754732567 0
892 7.999999999997314 0.3085223475756114 0
893 7.999999999999998 0.4076359933712073 0
894 2.249999999997893 0.1417468245268854 0
895 2.249999999999441 0.1914600795271635 0
896 2.249999999996097 0.09236400662883378 0
897 7.749999999998279 0.3582531754732645 0
898 7.749999999996876 0.3086600700524814 0
899 7.749999999999993 0.4076359933712099 0
900 7.499999999998186 0.3582531754732522 0
901 7.499999999996678 0.3084448928723633 0
902 2.499999999997415 0.1417468245268163 0
903 2.499999999999213 0.1914839981932571 0
904 7.249999999998077 0.3582531754732567 0
905 7.249999999996382 0.3085223475756203 0
906 2.499999999995368 0.09236400662879478 0
907 7.499999999999998 0.4076359933712144 0
908 7.249999999999993 0.4076359933712058 0
909 2.749999999997081 0.1417468245266894 0
910 2.749999999999219 0.1915757810137416 0
911 2.749999999994639 0.09236400662872341 0
912 6.999999999997666 0.3582531754732878 0
913 6.999999999995767 0.3086600700525102 0
914 7 0.4076359933712271 0
915 2.999999999996752 0.1417468245268802 0
916 2.999999999999264 0.1914776524248177 0
917 6.749999999997556 0.3582531754732435 0
918 6.749999999995528 0.3084540993452187 0
919 6.749999999999984 0.4076359933712057 0
920 2.999999999993912 0.09236400662883047 0
921 6.49999999999735 0.3582531754732746 0
922 6.499999999995179 0.3086600700524944 0
923 6.499999999999998 0.4076359933712205 0
924 6.249999999997211 0.3582531754732495 0
925 6.249999999994929 0.3084448928723583 0
926 5.999999999997103 0.3582531754732503 0
927 5.999999999994651 0.3085223475756023 0
928 6.249999999999989 0.4076359933712017 0
929 5.999999999999989 0.4076359933712014 0
930 3.249999999996616 0.1417468245268748 0
931 3.249999999999442 0.191339929947956 0
932 3.249999999993179 0.09236400662882743 0
933 5.749999999996774 0.3582531754732627 0
934 5.749999999994154 0.3086600700524792 0
935 5.749999999999983 0.40763599337121 0
936 3.499999999996098 0.1417468245268899 0
937 3.499999999999132 0.1914600795271787 0
938 5.49999999999666 0.3582531754732515 0
939 5.499999999993934 0.308539920473255 0
940 5.499999999999991 0.4076359933712103 0
941 3.499999999992452 0.09236400662883587 0
942 5.249999999996524 0.3582531754732894 0
943 5.249999999993666 0.3085160018070966 0
944 5.249999999999988 0.4076359933712271 0
945 4.49999999999622 0.3582531754732537 0
946 4.499999999992868 0.3085223475756272 0
947 3.749999999995633 0.1417468245268336 0
948 3.809876659902341 0.1598856805649654 0
949 3.747376659906434 0.1933793296190597 0
950 3.749999999991722 0.09236400662880434 0
951 4.999999999996312 0.3582531754733563 0
952 4.999999999999987 0.4076359933712672 0
953 4.999999999993296 0.3085152266652302 0
954 4.499999999999989 0.4076359933712079 0
955 4.749999999996096 0.3582531754733778 0
956 4.749999999992992 0.3084241979556081 0
957 4.749999999999988 0.4076359933712776 0
958 4.006498299601015 0.3571413678194096 0
959 4.006498299605642 0.4065241857174835 0
960 4.249999999995401 0.3582531754733069 0
961 4.249999999991747 0.308660070052455 0
962 4.249999999999991 0.4076359933712392 0
963 0.1053436326603094 0.2415185339898103 0
964 0.1520554557900332 0.1897315723545741 0
965 9.894656277974422 0.2584488904420985 0
966 9.847944136208213 0.3102519301249653 0
967 0.04941913979893585 0.1522975433546814 0
968 0.04941913979893585 0.2147975433549361 0
969 2.812499999999862 0.2904106597999089 0
970 2.843749999999902 0.34111239841035 0
971 2.781249999999883 0.3416452708000796 0
972 2.656249999999758 0.3408886481755207 0
973 2.687499999999766 0.2904870020069489 0
974 2.718749999999836 0.3413451783582102 0
975 4.406249999991468 0.1586894547051833 0
976 4.46874999999171 0.1585893300557596 0
977 4.437499999991584 0.210079983146144 0
978 2.624999999999824 0.3922784387364485 0
979 2.593749999999754 0.3414202623851872 0
980 4.468749999991621 0.05359940080739944 0
981 4.406249999991527 0.05359940080739944 0
982 2.749999999999875 0.3920469169686513 0
983 2.531249999999902 0.4464050264730575 0
984 2.593749999999902 0.4464050264730575 0
985 9.950580860201043 0.3477024566454939 0
986 9.950580860201043 0.2852024566453319 0
987 2.656249999999906 0.445873412263391 0
988 3.881498299605592 0.3906350168732411 0
989 3.839624716600031 0.3440535676453743 0
990 3.908623016205738 0.3429417599919432 0
991 3.093750000000025 0.3413105452950925 0
992 3.031249999999976 0.3414106699444714 0
993 3.062500000000014 0.2899200168541489 0
994 4.531249999991761 0.05412658773663527 0
995 4.499999999991733 0.1077259885440347 0
996 5.093749999992655 0.1591113518245961 0
997 5.062499999992657 0.2100450095229618 0
998 5.031249999992564 0.1591868331716826 0
999 4.843749999992299 0.1591107208950933 0
1000 4.812499999992278 0.2095122619087884 0
1001 4.78124999999219 0.1586547164869879 0
1002 4.874999999992308 0.1077210204669315 0
1003 4.906249999992396 0.1585785658887319 0
1004 1.56249999999994 0.2903072903703564 0
1005 1.593749999999946 0.3411079137586026 0
1006 1.531249999999948 0.341537416718724 0
1007 3.781249999999936 0.4458734122633361 0
1008 3.843749999999936 0.4458734122633361 0
1009 9.749691025156187 0.1068492847325642 0
1010 9.71903700855235 0.1548821030262612 0
1011 4.968749999992408 0.05359443273028504 0
1012 4.906249999992313 0.05359443273028504 0
1013 2.968749999999977 0.4458734122634671 0
1014 2.999999999999978 0.3922740114561747 0
1015 3.031249999999986 0.4464005991927076 0
1016 1.84375000000002 0.3413105452951052 0
1017 1.781249999999991 0.3414106699444763 0
1018 1.81250000000002 0.2899200168541567 0
1019 2.374999999999873 0.3922617512949795 0
1020 2.343749999999834 0.3413841062619412 0
1021 2.406249999999817 0.340869179493806 0
1022 5.124999999992669 0.1077215612636441 0
1023 5.156249999992763 0.1585797376149232 0
1024 3.912748299605642 0.444761604609905 0
1025 1.718749999999986 0.44587341226347 0
1026 1.74999999999999 0.3922740114561825 0
1027 1.781249999999988 0.4464005991927124 0
1028 2.437499999999737 0.289932277015169 0
1029 2.468749999999777 0.3408099220482073 0
1030 7.156249999995676 0.1586894547051225 0
1031 7.218749999995824 0.1585893300557367 0
1032 7.187499999995747 0.2100799831461089 0
1033 0.656248443176967 0.3409072621047019 0
1034 0.6874981837064802 0.2905087182576295 0
1035 0.7187497405294363 0.3413482806798044 0
1036 4.281249999991096 0.1592902026012567 0
1037 4.343749999991287 0.1592166416344478 0
1038 4.312499999991151 0.2102536687623767 0
1039 3.093749999999987 0.4464005991927076 0
1040 9.1874999602644 0.2095924044390325 0
1041 9.156249998274888 0.1588877345308892 0
1042 9.218749958540563 0.1583579263798998 0
1043 2.40624999999992 0.4458734122634221 0
1044 2.343749999999937 0.4463883390315573 0
1045 4.343749999991346 0.05412658773666391 0
1046 4.374999999991413 0.1077259885440633 0
1047 2.656249999999696 0.2326354727024495 0
1048 2.718749999999774 0.233092002885139 0
1049 7.218749999995794 0.05359940080737517 0
1050 7.156249999995699 0.05359940080737517 0
1051 3.65624999999987 0.340869179493844 0
1052 3.687499999999797 0.2899322770152118 0
1053 3.71874999999983 0.3408099220482556 0
1054 9.780985164419604 0.05292325281605101 0
1055 9.718705860736204 0.0539260319165132 0
1056 0.812499740529443 0.2904137621214639 0
1057 0.843749988742897 0.3411125330036481 0
1058 0.7812497292724034 0.3416485077149162 0
1059 4.843749999992216 0.05412658773664642 0
1060 5.218749999992784 0.05359497352698563 0
1061 5.156249999992689 0.05359497352698563 0
1062 2.968749999999967 0.340883483015231 0
1063 1.71874999999999 0.340883483015234 0
1064 8.968749999998444 0.05359940080737081 0
1065 8.90624999999835 0.05359940080737081 0
1066 1.843749999999987 0.4464005991927124 0
1067 0.6249986655802734 0.39229439353289 0
1068 0.5937471087573172 0.3414548311107151 0
1069 6.687499999994937 0.2097387419941933 0
1070 6.6562499999949 0.1584081041765625 0
1071 6.718749999994991 0.1589965919115341 0
1072 1.093750000000022 0.3413105452951097 0
1073 1.031249999999988 0.3414106699444709 0
1074 1.062500000000016 0.2899200168541589 0
1075 8.90624999999833 0.1586894547051088 0
1076 8.968749999998453 0.1585893300557325 0
1077 8.937499999998384 0.2100799831460997 0
1078 8.187499999997286 0.209592584980538 0
1079 8.156249999997206 0.1588877423636569 0
1080 8.218749999997303 0.1583581147541748 0
1081 5.90624999999379 0.1586894547050937 0
1082 5.968749999993914 0.1585893300557195 0
1083 5.937499999993851 0.2100799831460824 0
1084 5.093749999992582 0.05412658773665845 0
1085 7.281249999995904 0.05412658773661849 0
1086 7.249999999995862 0.1077259885439937 0
1087 4.249999999991152 0.1082531754732346 0
1088 4.218749999991015 0.1592902026011635 0
1089 3.624999999999917 0.3922617512950113 0
1090 3.593749999999884 0.3413841062619676 0
1091 0.9687499999999851 0.4458734122634663 0
1092 0.9999999999999866 0.3922740114561771 0
1093 1.031249999999992 0.4464005991927109 0
1094 2.46874999999992 0.4458734122634221 0
1095 2.499999999999838 0.3922784387364797 0
1096 9.031249999998545 0.05412658773661648 0
1097 8.999999999998499 0.1077259885439873 0
1098 4.124999999991063 0.1082531754730524 0
1099 4.156249999990983 0.1597315684022697 0
1100 4.093749999990974 0.1597315684021807 0
1101 1.093749999999992 0.4464005991927109 0
1102 0.7499999887428903 0.3920470515619886 0
1103 4.593749999991856 0.05412658773663527 0
1104 4.656249999991967 0.05382649073267621 0
1105 4.624999999991983 0.1079530784693115 0
1106 4.21874999999117 0.05412658773657068 0
1107 4.156249999991075 0.05412658773657068 0
1108 9.281249960264528 0.1586578858806214 0
1109 9.249999998275015 0.1079532159724781 0
1110 3.468749999999951 0.3407097973990239 0
1111 3.531249999999925 0.341224724167105 0
1112 3.499999999999956 0.3922617512950537 0
1113 7.906249999996813 0.1586894547050915 0
1114 7.968749999996925 0.1585893300557251 0
1115 7.937499999996862 0.2100799831460879 0
1116 5.374999999993037 0.1077382487051502 0
1117 5.406249999993104 0.1586158937382303 0
1118 5.343749999993017 0.1591308205063556 0
1119 5.968749999993892 0.05359940080736542 0
1120 5.906249999993797 0.05359940080736542 0
1121 0.4062499999999656 0.4458734122634783 0
1122 0.3437941392633265 0.4460739680835967 0
1123 0.3750441392632938 0.391947380347075 0
1124 3.562499999999878 0.2898321523659377 0
1125 6.031249999993994 0.05412658773661272 0
1126 5.999999999993955 0.1077259885439781 0
1127 0.53124866558031 0.4464209812694516 0
1128 0.5937486655803091 0.4464209812694516 0
1129 5.312499999993012 0.2100677229850056 0
1130 5.281249999992944 0.1591900779519255 0
1131 5.031249999992486 0.05412658773665845 0
1132 4.999999999992483 0.1077210204669435 0
1133 2.281249999999937 0.4463883390315573 0
1134 4.093749999991067 0.05412658773648171 0
1135 0.1565148355800492 0.4470767471840335 0
1136 0.2190148355800483 0.4470767471840335 0
1137 6.999999999995403 0.1082531754732464 0
1138 7.031249999995417 0.1592902026012372 0
1139 6.968749999995332 0.1592902026012141 0
1140 2.124999999999961 0.3917468245269609 0
1141 2.093749999999971 0.3402684315978038 0
1142 2.156249999999941 0.3402684315977944 0
1143 2.40624999999971 0.2326160040208307 0
1144 2.46874999999967 0.232556746575232 0
1145 8.031249999997017 0.05412658773661528 0
1146 7.999999999996967 0.1077259885439796 0
1147 7.968749999996927 0.05359940080736432 0
1148 8.281249999997426 0.1586580664221342 0
1149 8.249999999997346 0.1079532238052531 0
1150 1.374999999999969 0.3917468245269714 0
1151 1.343749999999973 0.3402684315978067 0
1152 1.406249999999955 0.3402684315978074 0
1153 7.093749999995545 0.1592166416343821 0
1154 7.062499999995473 0.2102536687623499 0
1155 4.687499999992131 0.2095892350453569 0
1156 4.656249999992094 0.1588875970276916 0
1157 4.718749999992131 0.1583546194830177 0
1158 3.25000000000004 0.3917468245269481 0
1159 3.218750000000075 0.3407097973989974 0
1160 3.281250000000053 0.3407097973990187 0
1161 3.656249999999782 0.2326160040208641 0
1162 3.718749999999742 0.2325567465752756 0
1163 5.343749999992966 0.05412658773663775 0
1164 5.406249999993053 0.05361166096851248 0
1165 2.906249999999977 0.4458734122634671 0
1166 2.843749999999954 0.4461735047052603 0
1167 2.874999999999946 0.3920469169687274 0
1168 0.6562499999999589 0.4458734122634384 0
1169 1.656249999999963 0.3408123059685875 0
1170 1.624999999999972 0.3920424323169551 0
1171 2.906249999999925 0.3408123059685568 0
1172 5.093749999992692 0.2673645272978213 0
1173 5.031249999992601 0.267440008644908 0
1174 4.03124999999104 0.05412658773648171 0
1175 7.906249999996832 0.05359940080736432 0
1176 3.718749999999945 0.4458734122634438 0
1177 3.749999999999895 0.3917468245267799 0
1178 1.468749999999946 0.3412418089287249 0
1179 1.499999999999953 0.3920424323169711 0
1180 4.531249999991849 0.1591165169849955 0
1181 0.2503089748433774 0.3931507152676301 0
1182 0.2812941392633256 0.4460739680835967 0
1183 3.218750000000024 0.4458734122634634 0
1184 3.281250000000002 0.4458734122634846 0
1185 4.749999999992154 0.1079530784693226 0
1186 3.468749999999984 0.4458734122634863 0
1187 3.531249999999959 0.4463883390315674 0
1188 1.656249999999987 0.44587341226347 0
1189 1.59374999999997 0.4461690200534851 0
1190 0.96874999999998 0.3408834830152263 0
1191 2.156249999999958 0.4458734122634757 0
1192 2.093749999999987 0.4458734122634851 0
1193 6.531249999994718 0.1592902026012032 0
1194 6.593749999994816 0.1587017148662213 0
1195 6.562499999994749 0.2097387419942036 0
1196 3.156250000000063 0.3407833583658484 0
1197 3.187500000000076 0.289746331237919 0
1198 1.40624999999997 0.445873412263486 0
1199 1.343749999999988 0.4458734122634854 0
1200 8.843749999998227 0.05412658773662629 0
1201 8.874999999998273 0.1077259885439971 0
1202 0.2809617653565231 0.3446709601777119 0
1203 9.656205860736112 0.0539260319165132 0
1204 1.968750000000043 0.3407097973990056 0
1205 1.906250000000043 0.3407833583658617 0
1206 1.937500000000049 0.2897463312379294 0
1207 4.343749999991079 0.2674698171076182 0
1208 4.281249999990887 0.2675433780744272 0
1209 7.093749999995566 0.05412658773663476 0
1210 7.124999999995621 0.1077259885440099 0
1211 7.281249999995932 0.15911651698498 0
1212 8.031249999997016 0.159116516984976 0
1213 1.906250000000103 0.2325301828929013 0
1214 1.968750000000103 0.2324566219260452 0
1215 8.749999999998067 0.1082531754732338 0
1216 8.781249999998092 0.1592902026012218 0
1217 8.718749999998007 0.159290202601203 0
1218 3.156250000000149 0.2325301828928903 0
1219 3.218750000000162 0.2324566219260394 0
1220 2.937499999999923 0.2899489644568536 0
1221 2.906249999999828 0.2325591304956005 0
1222 2.968749999999869 0.2326303075422747 0
1223 1.687499999999964 0.2899489644568814 0
1224 1.656249999999902 0.2325591304956282 0
1225 1.718749999999929 0.2326303075422747 0
1226 5.28124999999287 0.05412658773663775 0
1227 5.249999999992863 0.1077215612636234 0
1228 7.031249999995472 0.05412658773663476 0
1229 6.968749999995387 0.05412658773661162 0
1230 3.156250000000024 0.4458734122634634 0
1231 3.125000000000025 0.392274011456171 0
1232 9.843485164419699 0.05292325281605101 0
1233 6.031249999994016 0.1591165169849668 0
1234 2.1874999999999 0.2892314044698399 0
1235 2.15624999999991 0.2320152561248347 0
1236 2.21874999999986 0.2324566219260372 0
1237 7.624999999996405 0.1082531754732108 0
1238 7.656249999996453 0.15973156840242 0
1239 7.593749999996366 0.1597315684024196 0
1240 8.343749999997508 0.05412658773660622 0
1241 8.406249999997597 0.05361166096849665 0
1242 8.374999999997559 0.1077382487051029 0
1243 6.624999999994868 0.107959564783562 0
1244 2.000000000000013 0.3917468245269541 0
1245 2.03125000000002 0.3407097973990217 0
1246 9.031249999998554 0.1591165169849782 0
1247 8.843749999998206 0.1592166416343643 0
1248 8.812499999998145 0.2102536687623335 0
1249 1.43749999999995 0.2897634159995602 0
1250 1.40624999999992 0.2320152561248367 0
1251 1.468749999999911 0.2329886334557542 0
1252 3.437499999999956 0.2892314044698618 0
1253 3.40624999999996 0.2320152561248446 0
1254 3.468749999999925 0.232456621926058 0
1255 3.375 0.391746824526971 0
1256 3.343750000000004 0.3402684315978088 0
1257 3.406249999999987 0.3402684315978105 0
1258 7.437499999996181 0.2096927096298823 0
1259 7.406249999996138 0.1588920862415883 0
1260 7.468749999996215 0.1584625832814602 0
1261 1.250000000000013 0.3917468245269557 0
1262 1.218750000000045 0.3407097973990053 0
1263 1.28125000000002 0.3407097973990204 0
1264 0.3437461001560332 0.3416441079824592 0
1265 0.4062019608926724 0.3414435521623408 0
1266 4.28124999999125 0.05412658773666391 0
1267 8.781249999998131 0.05412658773662629 0
1268 8.718749999998046 0.05412658773660751 0
1269 6.499999999994691 0.1082531754732199 0
1270 6.468749999994625 0.1592902026012023 0
1271 6.374999999994508 0.1082531754732157 0
1272 6.406249999994547 0.1597315684024274 0
1273 6.343749999994457 0.159731568402424 0
1274 9.656198504192172 0.1594975866123086 0
1275 9.687823791271732 0.2065276258055434 0
1276 8.281249999997414 0.05412658773660622 0
1277 8.218749999997289 0.05382663606864686 0
1278 0.6562484431769349 0.2326540866316262 0
1279 0.7187497405294042 0.2330951052067286 0
1280 9.093749999998661 0.1591876940316275 0
1281 9.124999998274825 0.1079532159724947 0
1282 2.0625 0.2892314044698553 0
1283 7.593749999996362 0.05412658773660518 0
1284 7.656249999996449 0.05412658773660562 0
1285 2.218749999999891 0.3407097973989969 0
1286 6.09374999999409 0.05412658773661272 0
1287 6.156249999994195 0.05383097994659252 0
1288 6.124999999994161 0.1079575676832052 0
1289 5.624999999993372 0.1082531754732144 0
1290 5.656249999993413 0.1597315684024203 0
1291 5.593749999993333 0.1597315684024235 0
1292 5.468749999993148 0.05361166096851248 0
1293 6.187499999994262 0.2096927096298796 0
1294 6.156249999994225 0.1588920862415943 0
1295 6.218749999994302 0.1584625832814703 0
1296 1.312500000000006 0.2892314044698564 0
1297 6.343749999994461 0.05412658773660616 0
1298 6.406249999994551 0.05412658773660953 0
1299 4.063855771891703 0.2128481111274556 0
1300 4.032605771891783 0.1613697181982383 0
1301 5.34374999999307 0.2673839959795347 0
1302 5.281249999992998 0.2674432534251046 0
1303 9.593749999999368 0.0541265877366009 0
1304 9.624955860736046 0.1080526196531141 0
1305 7.343749999995999 0.05412658773661849 0
1306 7.406249999996099 0.05383097994658313 0
1307 7.374999999996072 0.1079575676832016 0
1308 7.781249999996607 0.1592902026012067 0
1309 7.843749999996707 0.1592166416343448 0
1310 7.812499999996651 0.2102536687623162 0
1311 5.781249999993568 0.1592902026012073 0
1312 5.843749999993674 0.1592166416343467 0
1313 5.81249999999362 0.2102536687623171 0
1314 7.343749999996038 0.1591876940316237 0
1315 3.973167051001188 0.1595644062571288 0
1316 4.00306127910046 0.1064478635318539 0
1317 5.843749999993681 0.05412658773661849 0
1318 5.874999999993737 0.1077259885439839 0
1319 8.406249999997618 0.1586158937381912 0
1320 8.343749999997529 0.1591308205063008 0
1321 1.906250000000009 0.4458734122634689 0
1322 1.875000000000014 0.3922740114561813 0
1323 1.156250000000014 0.4458734122634703 0
1324 1.125000000000016 0.3922740114561812 0
1325 4.843749999992295 0.2673638963683519 0
1326 4.781249999992186 0.2669078919602466 0
1327 3.31250000000004 0.2892314044698582 0
1328 4.593749999991983 0.1591876940316507 0
1329 5.593749999993327 0.05412658773660875 0
1330 5.656249999993407 0.05412658773660561 0
1331 5.749999999993537 0.1082531754732241 0
1332 5.718749999993483 0.1592902026011944 0
1333 7.093749999995467 0.2674698171075626 0
1334 7.031249999995339 0.2675433780744176 0
1335 6.593749999994776 0.2669548903394128 0
1336 6.531249999994678 0.2675433780743947 0
1337 4.968749999992486 0.1586546781653092 0
1338 6.093749999994121 0.1591876940316145 0
1339 8.843749999998169 0.267469817107534 0
1340 8.781249999998053 0.2675433780743914 0
1341 9.062499999998614 0.2100510355433727 0
1342 3.406249999999984 0.4458734122634863 0
1343 3.343750000000002 0.4458734122634846 0
1344 6.781249999995111 0.05412658773660287 0
1345 6.74999999999505 0.1079595647835545 0
1346 6.718749999995014 0.05383297704695161 0
1347 3.656249999999946 0.4458734122634438 0
1348 3.593749999999959 0.4463883390315674 0
1349 7.749999999996578 0.1082531754732233 0
1350 7.718749999996522 0.1592902026011947 0
1351 1.968750000000009 0.4458734122634689 0
1352 2.031249999999986 0.4458734122634851 0
1353 0.4687499999999647 0.4458734122634783 0
1354 0.4999986655802783 0.3922943935329298 0
1355 1.218750000000014 0.4458734122634703 0
1356 1.281249999999988 0.4458734122634854 0
1357 8.312499999997485 0.2095357114552225 0
1358 8.343749999997566 0.2673839959794732 0
1359 8.281249999997463 0.2669112418953066 0
1360 1.156250000000044 0.3407833583658691 0
1361 1.187500000000051 0.2897463312379338 0
1362 6.781249999995088 0.1592902026011854 0
1363 8.093749999997122 0.1591876940316253 0
1364 8.062499999997081 0.2100510355433708 0
1365 5.843749999993641 0.2674698171075184 0
1366 5.781249999993534 0.267543378074379 0
1367 6.437499999994573 0.2107685955304106 0
1368 0.3121195869859017 0.2941671319929777 0
1369 4.56249999999196 0.2100510355433756 0
1370 7.562499999996335 0.2102365840006915 0
1371 7.593749999996394 0.267984743875594 0
1372 7.531249999996316 0.2670113665446566 0
1373 7.312499999996 0.2100510355433667 0
1374 8.093749999997165 0.2674408695047942 0
1375 8.031249999997057 0.2673696924581449 0
1376 6.312499999994417 0.2102365840006957 0
1377 6.34374999999446 0.2679847438755948 0
1378 6.281249999994382 0.2670113665446548 0
1379 4.593749999992273 0.2674408695047962 0
1380 4.531249999992138 0.267369692458141 0
1381 9.343749761592523 0.1591297372572675 0
1382 9.312499721858073 0.2095344476646891 0
1383 7.843749999996662 0.267469817107519 0
1384 7.781249999996563 0.2675433780743809 0
1385 1.468749999999969 0.445873412263486 0
1386 1.531249999999971 0.4461690200534851 0
1387 7.343749999996136 0.2674408695047893 0
1388 7.281249999996031 0.2673696924581457 0
1389 5.562499999993307 0.2107685955304092 0
1390 5.593749999993351 0.2679847438755936 0
1391 5.531249999993284 0.2675433780743733 0
1392 8.562499999997808 0.210768595530394 0
1393 8.593749999997829 0.2679847438755867 0
1394 8.531249999997758 0.2675433780743529 0
1395 6.06249999999408 0.2100510355433559 0
1396 6.093749999994198 0.2674408695047795 0
1397 6.031249999994093 0.2673696924581318 0
1398 0.9062499999999851 0.4458734122634663 0
1399 0.8437499887429243 0.4461736392985502 0
1400 0.8749999887429183 0.3920470515620165 0
1401 7.843749999996726 0.05412658773661766 0
1402 7.87499999999677 0.107725988543982 0
1403 6.812499999995117 0.2107685955303965 0
1404 6.843749999995161 0.2679847438755849 0
1405 6.781249999995072 0.2675433780743535 0
1406 7.531249999996287 0.1587581910714822 0
1407 2.718749999999906 0.445873412263391 0
1408 9.531249999999275 0.0541265877366009 0
1409 9.499999795650783 0.1077373202059285 0
1410 9.468749795650755 0.05361073246932761 0
1411 5.687499999993444 0.2107685955304036 0
1412 7.687499999996483 0.2107685955304034 0
1413 2.218749999999958 0.4458734122634757 0
1414 1.156250000000106 0.2325301828928882 0
1415 1.218750000000107 0.2324566219260244 0
1416 8.6249999999979 0.1082531754732127 0
1417 8.656249999997929 0.1597315684024214 0
1418 8.593749999997847 0.1597315684024191 0
1419 9.562491417364733 0.2107295985653668 0
1420 9.593742643455407 0.2679513179055557 0
1421 9.531248773908587 0.2675378070793316 0
1422 6.906249999995291 0.05412658773661162 0
1423 9.593742643455428 0.1596981424323963 0
1424 5.531249999993266 0.1592902026012032 0
1425 8.593749999997872 0.05412658773660517 0
1426 8.656249999997954 0.05412658773660751 0
1427 2.249999999999911 0.392261751295033 0
1428 9.531248773908608 0.1592846316061722 0
1429 9.468748569560088 0.158768776338899 0
1430 6.906249999995262 0.1597315684024256 0
1431 6.937499999995276 0.2107685955304164 0
1432 9.093749999998714 0.2674408695047999 0
1433 9.031249999998607 0.2673696924581507 0
1434 6.281249999994379 0.158758191071484 0
1435 9.37499979565062 0.1077373202059275 0
1436 9.406249557244166 0.1586138819899952 0
1437 8.468749999997691 0.05361166096849665 0
1438 2.531249999999758 0.3413415362578426 0
1439 2.562499999999692 0.2899517456969148 0
1440 6.874999999995232 0.1082531754732145 0
1441 6.843749999995177 0.1597315684024168 0
1442 7.499999999996245 0.1079575676831883 0
1443 6.843749999995207 0.05412658773660287 0
1444 8.531249999997778 0.1592902026011853 0
1445 8.687499999997954 0.2107685955304094 0
1446 7.78124999999663 0.05412658773661766 0
1447 7.718749999996545 0.05412658773660562 0
1448 5.781249999993587 0.05412658773661849 0
1449 5.718749999993502 0.05412658773660561 0
1450 4.937499999992477 0.2100443785934711 0
1451 6.468749999994646 0.05412658773660953 0
1452 6.531249999994739 0.05412658773661041 0
1453 0.9062499999999578 0.3408123059685642 0
1454 9.343749761592605 0.2673829127304564 0
1455 9.28124996026461 0.2669110613538104 0
1456 0.9374999999999587 0.2899489644568579 0
1457 8.156249999997195 0.05382663606864686 0
1458 8.531249999997776 0.05412658773660517 0
1459 2.281249999999869 0.3412247241670785 0
1460 2.312499999999813 0.289832152365905 0
1461 9.437498535501991 0.2101611933902389 0
1462 3.971811279100446 0.05232127579537222 0
1463 8.093749999997112 0.05412658773661528 0
1464 0.9062499999998941 0.2325591304955444 0
1465 0.9687499999999163 0.2326303075422066 0
1466 6.249999999994342 0.1079575676831987 0
1467 4.781249999992122 0.05412658773664642 0
1468 5.531249999993232 0.05412658773660875 0
1469 6.281249999994366 0.05412658773660616 0
1470 6.593749999994834 0.05412658773661041 0
1471 7.531249999996267 0.05412658773660518 0
1472 9.093749999998639 0.05412658773661648 0
1473 9.343749999999016 0.05412658773659988 0
1474 9.281249999998924 0.05412658773659988 0
1475 5.499999999993208 0.1077382487051212 0
1476 9.156249998274864 0.05382662823587822 0
1477 2.781249999999954 0.4461735047052603 0
1478 5.218749999992857 0.1586584637422734 0
1479 9.406249795650659 0.05361073246932761 0
1480 5.187499999992844 0.2100482543032254 0
1481 0.4374439543747516 0.2906023784617963 0
1482 0.4062019608925654 0.233190376689344 0
1483 0.4687419934819052 0.2326524753534152 0
1484 5.468749999993181 0.158775275833107 0
1485 5.437499999993162 0.2101678476343123 0
1486 6.656249999994918 0.05383297704695161 0
1487 3.975248299605643 0.444761604609905 0
1488 4.156249999999988 0.4458734122634726 0
1489 4.218749999999988 0.4458734122634726 0
1490 0.718749999999958 0.4458734122634384 0
1491 3.781249999999821 0.3408099220481478 0
1492 1.093749999999124 0.05412658773648025 0
1493 1.031249999999167 0.05412658773648025 0
1494 8.499999999997733 0.1077382487051018 0
1495 8.468749999997693 0.1587752758330768 0
1496 8.437499999997662 0.2101678476342747 0
1497 8.12499999999714 0.1079532238052621 0
1498 0.593749999999476 0.05412658773647412 0
1499 0.5312499999995262 0.05412658773647412 0
1500 0.5312406590623575 0.3414532198323853 0
1501 0.5624904366590511 0.2900660884041973 0
1502 4.093749999990813 0.2679847438752036 0
1503 4.032605771891621 0.2696228936712612 0
1504 6.21874999999429 0.05383097994659252 0
1505 0.3437499999997276 0.05412658773646944 0
1506 0.2812499999997885 0.05412658773646944 0
1507 3.808374716599967 0.2931166651668499 0
1508 9.218749998274959 0.05382662823587822 0
1509 0.7812499887429252 0.4461736392985502 0
1510 0.8437499999992982 0.05412658773648965 0
1511 0.7812499999993419 0.05412658773648965 0
1512 4.187499999990927 0.2107685955302918 0
1513 1.34374999999873 0.05412658773637882 0
1514 1.281249999998891 0.05412658773637882 0
1515 6.906249999999996 0.4458734122634726 0
1516 6.968749999999996 0.4458734122634726 0
1517 5.156249999999989 0.4458734122634726 0
1518 5.21874999999999 0.4458734122634726 0
1519 4.656249999999988 0.4458734122634728 0
1520 4.718749999999989 0.4458734122634728 0
1521 9.65625 0.4458734122634726 0
1522 9.71875 0.4458734122634726 0
1523 9.406249999999998 0.4458734122634726 0
1524 9.468749999999998 0.4458734122634726 0
1525 9.156249999999998 0.4458734122634726 0
1526 9.218749999999998 0.4458734122634726 0
1527 8.906249999999998 0.4458734122634726 0
1528 8.968749999999998 0.4458734122634726 0
1529 8.656249999999996 0.4458734122634726 0
1530 8.718749999999996 0.4458734122634726 0
1531 8.406249999999996 0.4458734122634726 0
1532 8.468749999999996 0.4458734122634726 0
1533 8.156249999999996 0.4458734122634726 0
1534 8.218749999999996 0.4458734122634726 0
1535 7.906249999999996 0.4458734122634726 0
1536 7.968749999999996 0.4458734122634726 0
1537 6.656249999999995 0.4458734122634726 0
1538 6.718749999999995 0.4458734122634726 0
1539 5.906249999999993 0.4458734122634726 0
1540 5.968749999999993 0.4458734122634726 0
1541 7.406249999999996 0.4458734122634726 0
1542 7.468749999999996 0.4458734122634726 0
1543 6.406249999999995 0.4458734122634726 0
1544 6.468749999999995 0.4458734122634726 0
1545 6.156249999999994 0.4458734122634726 0
1546 6.218749999999994 0.4458734122634726 0
1547 5.656249999999993 0.4458734122634726 0
1548 5.718749999999993 0.4458734122634726 0
1549 5.406249999999993 0.4458734122634726 0
1550 5.468749999999993 0.4458734122634726 0
1551 4.906249999999988 0.4458734122634726 0
1552 4.968749999999988 0.4458734122634726 0
1553 7.656249999999989 0.4458734122634726 0
1554 7.718749999999989 0.4458734122634726 0
1555 7.15624999999999 0.4458734122634726 0
1556 7.218749999999991 0.4458734122634726 0
1557 4.406249999999989 0.445873412263473 0
1558 4.468749999999989 0.445873412263473 0
1559 0.4687419934820122 0.340905650826412 0
1560 7.468749999996194 0.05383097994658313 0
1561 3.343749999992906 0.05412658773636944 0
1562 3.281249999993088 0.05412658773636944 0
1563 2.593749999995095 0.05412658773636944 0
1564 2.531249999995277 0.05412658773636944 0
1565 2.343749999995824 0.05412658773636944 0
1566 2.281249999996006 0.05412658773636944 0
1567 2.843749999994365 0.05412658773636954 0
1568 2.781249999994547 0.05412658773636954 0
1569 3.843749999991449 0.05412658773636964 0
1570 3.781249999991631 0.05412658773636964 0
1571 1.593749999998012 0.05412658773636949 0
1572 1.531249999998194 0.05412658773636949 0
1573 2.093749999996553 0.05412658773636944 0
1574 2.031249999996736 0.05412658773636944 0
1575 1.843749999997282 0.05412658773636954 0
1576 1.781249999997465 0.05412658773636954 0
1577 3.093749999993637 0.05412658773636934 0
1578 3.031249999993819 0.05412658773636934 0
1579 3.593749999992177 0.05412658773636944 0
1580 3.531249999992359 0.05412658773636944 0
1581 3.909311279100612 0.05232127579537222 0
1582 4.718749999992062 0.05382649073267621 0
1583 3.878061279100702 0.1064478635317418 0
1584 0.2463353365783456 0.1024044536204996 0
1585 0.2588863159909764 0.1540606167366223 0
1586 0.192721652569564 0.148211894884183 0
1587 9.753664663421496 0.3975955463794669 0
1588 9.741113276007169 0.3459228857427795 0
1589 9.807277939428666 0.3517716075953011 0
1590 0.2599519290174556 0.2060658370757365 0
1591 9.740039574160278 0.2940169165178461 0
1592 3.956665532990316 0.3430930573664601 0
1593 4.012667233380032 0.3107112159660597 0
1594 0.05592449286137356 0.2767209906359038 0
1595 0.05592449286137356 0.3392209906354756 0
1596 0.2150853365783761 0.04827786588403016 0
1597 0.1525853365784208 0.04827786588403016 0
1598 9.944075417773378 0.2232464337961136 0
1599 9.944075417773378 0.1607464337962931 0
1600 9.784914663421496 0.4517221341159943 0
1601 9.847414663421496 0.4517221341159943 0
1602 4.468749999992555 0.2511325136142066 0
1603 2.781249999999288 0.249427310318241 0
1604 4.406249999992314 0.2512326382636303 0
1605 3.031249999999359 0.2488674863860708 0
1606 2.593749999999235 0.2488789973149399 0
1607 3.093749999999408 0.2487673617366918 0
1608 1.781249999999739 0.248867486386073 0
1609 1.843749999999768 0.2487673617367019 0
1610 1.531249999999744 0.2493032670027893 0
1611 7.156249999996098 0.2512326382635836 0
1612 1.031249999999909 0.248867486386075 0
1613 4.906249999993172 0.2511195966137933 0
1614 7.218749999996245 0.2511325136141976 0
1615 9.218749952317701 0.2505763667684381 0
1616 5.968749999994534 0.2511325136141787 0
1617 0.7812496886352664 0.2494310331041185 0
1618 3.593749999999086 0.2488356099670584 0
1619 5.156249999993512 0.2511210026852173 0
1620 1.593749999999742 0.2488737640426679 0
1621 2.343749999999394 0.2488356099670313 0
1622 1.093749999999944 0.2487673617367138 0
1623 8.968749999998609 0.2511325136141932 0
1624 0.5937465305087235 0.2489204797855666 0
1625 7.906249999997119 0.2512326382635545 0
1626 3.34374999999932 0.2481147124917749 0
1627 8.906249999998487 0.2512326382635695 0
1628 5.90624999999441 0.2512326382635529 0
1629 6.656249999995393 0.2506494632650586 0
1630 4.218749999991819 0.2514439217072135 0
1631 2.093749999999642 0.2481147124917685 0
1632 7.968749999997231 0.251132513614188 0
1633 4.718749999992975 0.2505725634960446 0
1634 1.343749999999866 0.2481147124917694 0
1635 2.031249999999691 0.2485560782929865 0
1636 3.531249999999128 0.2486762278721959 0
1637 2.281249999999431 0.2486762278721687 0
1638 7.468749999996618 0.2506967329974608 0
1639 8.218749999997616 0.2505765834182426 0
1640 1.281249999999913 0.248556078292983 0
1641 3.281249999999369 0.2485560782929847 0
1642 6.218749999994885 0.2506967329974592 0
1643 8.15624999999752 0.2511062110277247 0
1644 8.406249999997858 0.2511643900331543 0
1645 1.15624999999907 0.0382374188924287 0
1646 8.656249999998114 0.251885287508504 0
1647 3.77862665990645 0.2506956026134074 0
1648 2.843749999999307 0.2488944379285115 0
1649 6.468749999995152 0.2514439217072851 0
1650 2.531249999999241 0.2488002711875953 0
1651 6.718749999995484 0.2512379510000303 0
1652 8.718749999998192 0.2514439217072856 0
1653 5.406249999993813 0.251164390033194 0
1654 0.5312400808137638 0.2489188685072368 0
1655 5.718749999994134 0.2514439217072778 0
1656 9.468748481009193 0.2513168702842235 0
1657 9.156249992052025 0.2511061749194276 0
1658 6.906249999995703 0.251885287508509 0
1659 4.093749999999987 0.4617625811075785 0
1660 4.031249999999987 0.4617625811075785 0
1661 5.468749999993889 0.2513237721280706 0
1662 5.656249999994064 0.2518852875085037 0
1663 6.406249999995074 0.2518852875085103 0
1664 0.4687499999995877 0.03823741889242563 0
1665 1.218749999999004 0.0382374188924287 0
1666 8.468749999997932 0.2513237721280399 0
1667 7.718749999996865 0.2514439217072785 0
1668 7.656249999996796 0.2518852875085039 0
1669 0.4062499999996606 0.03823741889242563 0
1670 6.968749999995773 0.2514439217072976 0
1671 1.406249999998559 0.03823741889246382 0
1672 0.9062499999992548 0.03823741889240071 0
1673 0.9687499999992112 0.03823741889240071 0
1674 0.3447675739190641 0.2517019479744462 0
1675 0.7187499999993854 0.03823741889235342 0
1676 9.655168941608885 0.2495389977343347 0
1677 4.281249999999991 0.4617625811077666 0
1678 0.6562499999994291 0.03823741889235342 0
1679 3.406249999992727 0.03823741889246643 0
1680 6.156249999994808 0.2511262359575831 0
1681 2.906249999994184 0.03823741889246113 0
1682 2.156249999996371 0.03823741889246433 0
1683 1.65624999999783 0.03823741889246157 0
1684 1.9062499999971 0.03823741889246054 0
1685 2.218749999996189 0.03823741889246433 0
1686 1.968749999996918 0.03823741889246054 0
1687 1.718749999997647 0.03823741889246157 0
1688 2.968749999994002 0.03823741889246113 0
1689 5.218749999993607 0.2511997288125675 0
1690 1.468749999998377 0.03823741889246382 0
1691 3.156249999993454 0.038237418892458 0
1692 3.656249999991996 0.0382374188924347 0
1693 6.843749999999982 0.4617625811077331 0
1694 3.218749999993272 0.038237418892458 0
1695 9.593749999999989 0.4617625811077176 0
1696 3.468749999992544 0.03823741889246643 0
1697 3.718749999991814 0.0382374188924347 0
1698 2.406249999995642 0.03823741889242534 0
1699 2.46874999999546 0.03823741889242534 0
1700 5.843749999999981 0.4617625811077375 0
1701 7.781249999999998 0.4617625811077374 0
1702 7.281249999999997 0.4617625811077332 0
1703 6.343749999999988 0.4617625811077291 0
1704 6.093749999999988 0.4617625811077288 0
1705 0.84374994810576 0.2488950583928504 0
1706 8.843749999999993 0.4617625811077504 0
1707 9.406249468693272 0.2511619759353197 0
1708 2.656249999994913 0.03823741889235386 0
1709 2.71874999999473 0.03823741889235386 0
1710 5.593749999999989 0.4617625811077377 0
1711 5.343749999999988 0.4617625811077546 0
1712 8.53125 0.4617625811077407 0
1713 6.531249999999996 0.4617625811077479 0
1714 7.406249999996542 0.2511262359575889 0
1715 9.28125 0.4617625811077365 0
1716 8.281249999999998 0.4617625811077379 0
1717 4.531249999999989 0.461762581107735 0
1718 8.343749999999998 0.4617625811077379 0
1719 8.031249999999996 0.4617625811077347 0
1720 7.531249999999997 0.4617625811077418 0
1721 4.593749999999989 0.461762581107735 0
1722 8.093749999999996 0.4617625811077347 0
1723 9.03125 0.4617625811077523 0
1724 9.34375 0.4617625811077365 0
1725 7.343749999999997 0.4617625811077332 0
1726 7.031249999999996 0.4617625811077545 0
1727 7.843749999999998 0.4617625811077374 0
1728 4.343749999999993 0.4617625811077666 0
1729 9.09375 0.4617625811077523 0
1730 8.59375 0.4617625811077407 0
1731 5.531249999999989 0.4617625811077377 0
1732 5.093749999999988 0.4617625811077947 0
1733 6.031249999999988 0.4617625811077288 0
1734 5.281249999999988 0.4617625811077546 0
1735 6.593749999999996 0.4617625811077479 0
1736 4.968749999993261 0.2511957088903707 0
1737 6.281249999999988 0.4617625811077291 0
1738 4.843749999999988 0.4617625811078049 0
1739 8.781249999999993 0.4617625811077504 0
1740 5.031249999999988 0.4617625811077947 0
1741 9.531249999999988 0.4617625811077176 0
1742 7.093749999999996 0.4617625811077545 0
1743 7.593749999999997 0.4617625811077418 0
1744 4.781249999999988 0.4617625811078049 0
1745 6.781249999999982 0.4617625811077331 0
1746 5.781249999999981 0.4617625811077375 0
1747 4.156249999991786 0.2518852875083197 0
1748 4.656249999992937 0.2511055410407185 0
1749 0.04575317547306871 0.3917468245270408 0
1750 0.04575317547306871 0.4542468245269542 0
1751 0.04575317547318425 0.04575317547326622 0
1752 0.04575317547318425 0.1082531754735263 0
1753 0.1082531754731385 0.04575317547326622 0
1754 9.954246824526837 0.1082531754729593 0
1755 9.954246824526837 0.04575317547310624 0
1756 9.891746824526745 0.04575317547310624 0
1757 0.1082531754730678 0.4542468245269542 0
1758 9.954246824526862 0.4542468245268181 0
1759 9.954246824526862 0.3917468245266535 0
1760 9.891746824526862 0.4542468245268181 0
1761 3.923970725073723 0.1531855158184143 0
1762 3.858409445964559 0.1549908277594117 0
1763 3.855786105875361 0.2066233328516378 0
1764 0.1016776683344423 0.3559678151623432 0
1765 9.898322242300218 0.1439996092695463 0
1766 9.864161487948357 0.4059689586428123 0
1767 0.1358385120516508 0.0940310413572964 0
1768 0.2819832391195539 0.2547288001696988 0
1769 3.83700137650666 0.2539392482106339 0
1770 9.718007445969064 0.2449235141482872 0
1771 0.1397680110531188 0.4013235717109876 0
1772 9.86023198894663 0.09867642828915725 0
1773 0.0951723152721201 0.1355507188276875 0
1774 9.904827684727906 0.3644492811724765 0
1775 3.982773005280923 0.2555745832183117 0
1776 3.914791949984756 0.2965116081385932 0
1777 3.953515217865045 0.2081073704847987 0
1778 0.1395044763774024 0.1380754092384514 0
1779 9.860495523622539 0.3619245907616527 0
1780 3.885534162568878 0.2490443954050802 0
1781 3.933576679353457 0.2491956927795972 0
$EndNodes
$Elements
814
1 8 2 2 2 2 164 167
2 8 2 2 2 164 165 168
3 8 2 2 2 165 166 169
4 8 2 2 2 166 3 170
5 8 2 1 4 4 330 333
6 8 2 1 4 330 331 334
7 8 2 1 4 331 332 335
8 8 2 1 4 332 1 336
9 9 2 3 1 418 572 653 657 658 659
10 9 2 3 1 423 573 654 660 661 662
11 9 2 3 1 423 414 573 663 664 660
12 9 2 3 1 418 413 572 665 666 657
13 9 2 3 1 427 375 600 667 668 669
14 9 2 3 1 375 427 604 667 670 671
15 9 2 3 1 374 430 605 672 673 674
16 9 2 3 1 430 374 644 672 675 676
17 9 2 3 1 357 449 581 677 678 679
18 9 2 3 1 449 357 590 677 680 681
19 9 2 3 1 354 438 578 682 683 684
20 9 2 3 1 438 354 582 682 685 686
21 9 2 3 1 372 539 647 687 688 689
22 9 2 3 1 351 441 575 690 691 692
23 9 2 3 1 539 372 648 687 693 694
24 9 2 3 1 434 373 632 695 696 697
25 9 2 3 1 441 351 589 690 698 699
26 9 2 3 1 371 528 645 700 701 702
27 9 2 3 1 373 434 615 695 703 704
28 9 2 3 1 528 371 646 700 705 706
29 9 2 3 1 370 524 633 707 708 709
30 9 2 3 1 524 370 643 707 710 711
31 9 2 3 1 369 520 620 712 713 714
32 9 2 3 1 520 369 630 712 715 716
33 9 2 3 1 367 531 607 717 718 719
34 9 2 3 1 531 367 638 717 720 721
35 9 2 3 1 348 445 577 722 723 724
36 9 2 3 1 445 348 586 722 725 726
37 9 2 3 1 366 535 609 727 728 729
38 9 2 3 1 535 366 628 727 730 731
39 9 2 3 1 365 550 625 732 733 734
40 9 2 3 1 346 463 595 735 736 737
41 9 2 3 1 550 365 627 732 738 739
42 9 2 3 1 364 548 608 740 741 742
43 9 2 3 1 548 364 641 740 743 744
44 9 2 3 1 463 346 598 735 745 746
45 9 2 3 1 363 489 626 747 748 749
46 9 2 3 1 489 363 623 747 750 751
47 9 2 3 1 362 492 611 752 753 754
48 9 2 3 1 345 459 583 755 756 757
49 9 2 3 1 492 362 642 752 758 759
50 9 2 3 1 459 345 592 755 760 761
51 9 2 3 1 342 455 579 762 763 764
52 9 2 3 1 455 342 584 762 765 766
53 9 2 3 1 339 466 576 767 768 769
54 9 2 3 1 361 496 612 770 771 772
55 9 2 3 1 496 361 635 770 773 774
56 9 2 3 1 466 339 588 767 775 776
57 9 2 3 1 359 552 621 777 778 779
58 9 2 3 1 552 359 631 777 780 781
59 9 2 3 1 358 501 616 782 783 784
60 9 2 3 1 501 358 639 782 785 786
61 9 2 3 1 356 505 606 787 788 789
62 9 2 3 1 338 470 574 790 791 792
63 9 2 3 1 505 356 634 787 793 794
64 9 2 3 1 470 338 587 790 795 796
65 9 2 3 1 355 556 618 797 798 799
66 9 2 3 1 556 355 629 797 800 801
67 9 2 3 1 353 509 622 802 803 804
68 9 2 3 1 509 353 624 802 805 806
69 9 2 3 1 337 474 580 807 808 809
70 9 2 3 1 352 512 610 810 811 812
71 9 2 3 1 474 337 585 807 813 814
72 9 2 3 1 512 352 640 810 815 816
73 9 2 3 1 343 477 596 817 818 819
74 9 2 3 1 477 343 593 817 820 821
75 9 2 3 1 350 516 614 822 823 824
76 9 2 3 1 516 350 637 822 825 826
77 9 2 3 1 481 344 601 827 828 829
78 9 2 3 1 344 481 599 827 830 831
79 9 2 3 1 341 543 602 832 833 834
80 9 2 3 1 349 563 613 835 836 837
81 9 2 3 1 563 349 636 835 838 839
82 9 2 3 1 347 422 617 840 841 842
83 9 2 3 1 543 341 603 832 843 844
84 9 2 3 1 422 347 619 840 845 846
85 9 2 3 1 340 485 591 847 848 849
86 9 2 3 1 485 340 597 847 850 851
87 9 2 3 1 485 341 602 852 834 853
88 9 2 3 1 341 485 597 852 851 854
89 9 2 3 1 543 344 599 855 831 856
90 9 2 3 1 481 343 596 857 819 858
91 9 2 3 1 344 543 603 855 844 859
92 9 2 3 1 343 481 601 857 829 860
93 9 2 3 1 477 337 580 861 809 862
94 9 2 3 1 337 477 593 861 821 863
95 9 2 3 1 474 338 574 864 792 865
96 9 2 3 1 422 349 613 866 837 867
97 9 2 3 1 563 350 614 868 824 869
98 9 2 3 1 349 422 619 866 846 870
99 9 2 3 1 338 474 585 864 814 871
100 9 2 3 1 350 563 636 868 839 872
101 9 2 3 1 516 352 610 873 812 874
102 9 2 3 1 470 339 576 875 769 876
103 9 2 3 1 352 516 637 873 826 877
104 9 2 3 1 339 470 587 875 796 878
105 9 2 3 1 512 353 622 879 804 880
106 9 2 3 1 353 512 640 879 816 881
107 9 2 3 1 509 355 618 882 799 883
108 9 2 3 1 355 509 624 882 806 884
109 9 2 3 1 556 356 606 885 789 886
110 9 2 3 1 466 342 579 887 764 888
111 9 2 3 1 356 556 629 885 801 889
112 9 2 3 1 342 466 588 887 776 890
113 9 2 3 1 505 358 616 891 784 892
114 9 2 3 1 358 505 634 891 794 893
115 9 2 3 1 455 345 583 894 757 895
116 9 2 3 1 345 455 584 894 766 896
117 9 2 3 1 501 359 621 897 779 898
118 9 2 3 1 359 501 639 897 786 899
119 9 2 3 1 552 361 612 900 772 901
120 9 2 3 1 459 346 595 902 737 903
121 9 2 3 1 496 362 611 904 754 905
122 9 2 3 1 346 459 592 902 761 906
123 9 2 3 1 361 552 631 900 781 907
124 9 2 3 1 362 496 635 904 774 908
125 9 2 3 1 463 348 577 909 724 910
126 9 2 3 1 348 463 598 909 746 911
127 9 2 3 1 492 363 626 912 749 913
128 9 2 3 1 363 492 642 912 759 914
129 9 2 3 1 445 351 575 915 692 916
130 9 2 3 1 489 364 608 917 742 918
131 9 2 3 1 364 489 623 917 751 919
132 9 2 3 1 351 445 586 915 726 920
133 9 2 3 1 548 365 625 921 734 922
134 9 2 3 1 365 548 641 921 744 923
135 9 2 3 1 550 366 609 924 729 925
136 9 2 3 1 535 367 607 926 719 927
137 9 2 3 1 366 550 627 924 739 928
138 9 2 3 1 367 535 628 926 731 929
139 9 2 3 1 441 354 578 930 684 931
140 9 2 3 1 354 441 589 930 699 932
141 9 2 3 1 531 369 620 933 714 934
142 9 2 3 1 369 531 638 933 721 935
143 9 2 3 1 438 357 581 936 679 937
144 9 2 3 1 520 370 633 938 709 939
145 9 2 3 1 370 520 630 938 716 940
146 9 2 3 1 357 438 582 936 686 941
147 9 2 3 1 524 371 645 942 702 943
148 9 2 3 1 371 524 643 942 711 944
149 9 2 3 1 434 374 605 945 674 946
150 9 2 3 1 449 360 594 947 948 949
151 9 2 3 1 360 449 590 947 681 950
152 9 2 3 1 372 528 646 951 706 952
153 9 2 3 1 528 372 647 951 689 953
154 9 2 3 1 374 434 632 945 697 954
155 9 2 3 1 539 373 615 955 704 956
156 9 2 3 1 373 539 648 955 694 957
157 9 2 3 1 409 427 600 958 669 959
158 9 2 3 1 430 375 604 960 671 961
159 9 2 3 1 375 430 644 960 676 962
160 9 2 3 1 572 415 653 963 964 658
161 9 2 3 1 573 416 654 965 966 661
162 9 2 3 1 331 332 415 335 967 968
163 9 2 3 1 462 444 557 969 970 971
164 9 2 3 1 394 461 462 972 973 974
165 9 2 3 1 429 431 432 975 976 977
166 9 2 3 1 394 460 461 978 979 972
167 9 2 3 1 39 40 431 119 980 981
168 9 2 3 1 394 462 557 974 971 982
169 9 2 3 1 229 230 460 309 983 984
170 9 2 3 1 165 166 416 169 985 986
171 9 2 3 1 394 229 460 987 984 978
172 9 2 3 1 409 450 451 988 989 990
173 9 2 3 1 440 442 443 991 992 993
174 9 2 3 1 40 411 431 994 995 980
175 9 2 3 1 408 526 527 996 997 998
176 9 2 3 1 410 537 538 999 1000 1001
177 9 2 3 1 410 536 537 1002 1003 999
178 9 2 3 1 473 469 482 1004 1005 1006
179 9 2 3 1 219 220 450 299 1007 1008
180 9 2 3 1 419 414 423 1009 663 1010
181 9 2 3 1 43 44 536 123 1011 1012
182 9 2 3 1 226 397 442 1013 1014 1015
183 9 2 3 1 465 467 468 1016 1017 1018
184 9 2 3 1 391 456 457 1019 1020 1021
185 9 2 3 1 408 525 526 1022 1023 996
186 9 2 3 1 409 219 450 1024 1008 988
187 9 2 3 1 236 382 467 1025 1026 1027
188 9 2 3 1 391 457 458 1021 1028 1029
189 9 2 3 1 491 493 494 1030 1031 1032
190 9 2 3 1 378 541 542 1033 1034 1035
191 9 2 3 1 428 412 429 1036 1037 1038
192 9 2 3 1 225 226 442 305 1015 1039
193 9 2 3 1 562 515 564 1040 1041 1042
194 9 2 3 1 391 231 456 1043 1044 1019
195 9 2 3 1 412 39 431 1045 981 1046
196 9 2 3 1 462 461 463 973 1047 1048
197 9 2 3 1 61 62 493 141 1049 1050
198 9 2 3 1 405 447 448 1051 1052 1053
199 9 2 3 1 82 414 419 1054 1009 1055
200 9 2 3 1 542 480 566 1056 1057 1058
201 9 2 3 1 410 43 536 1059 1012 1002
202 9 2 3 1 45 46 525 125 1060 1061
203 9 2 3 1 442 397 443 1014 1062 992
204 9 2 3 1 467 382 468 1026 1063 1017
205 9 2 3 1 75 76 513 155 1064 1065
206 9 2 3 1 235 236 467 315 1027 1066
207 9 2 3 1 378 540 541 1067 1068 1033
208 9 2 3 1 488 547 558 1069 1070 1071
209 9 2 3 1 476 478 479 1072 1073 1074
210 9 2 3 1 511 513 514 1075 1076 1077
211 9 2 3 1 555 504 559 1078 1079 1080
212 9 2 3 1 530 532 533 1081 1082 1083
213 9 2 3 1 408 45 525 1084 1061 1022
214 9 2 3 1 62 395 493 1085 1086 1049
215 9 2 3 1 424 412 428 1087 1036 1088
216 9 2 3 1 405 446 447 1089 1090 1051
217 9 2 3 1 242 379 478 1091 1092 1093
218 9 2 3 1 230 391 460 1094 1095 983
219 9 2 3 1 76 384 513 1096 1097 1064
220 9 2 3 1 368 424 425 1098 1099 1100
221 9 2 3 1 241 242 478 321 1093 1101
222 9 2 3 1 378 542 566 1035 1058 1102
223 9 2 3 1 411 41 569 1103 1104 1105
224 9 2 3 1 37 38 424 117 1106 1107
225 9 2 3 1 383 562 564 1108 1042 1109
226 9 2 3 1 402 437 446 1110 1111 1112
227 9 2 3 1 500 502 503 1113 1114 1115
228 9 2 3 1 407 521 522 1116 1117 1118
229 9 2 3 1 51 52 532 131 1119 1120
230 9 2 3 1 376 247 417 1121 1122 1123
231 9 2 3 1 446 437 447 1111 1124 1090
232 9 2 3 1 52 403 532 1125 1126 1119
233 9 2 3 1 245 246 540 325 1127 1128
234 9 2 3 1 407 522 523 1118 1129 1130
235 9 2 3 1 44 408 536 1131 1132 1011
236 9 2 3 1 231 232 456 311 1133 1044
237 9 2 3 1 368 37 424 1134 1107 1098
238 9 2 3 1 248 249 413 328 1135 1136
239 9 2 3 1 486 396 490 1137 1138 1139
240 9 2 3 1 388 452 453 1140 1141 1142
241 9 2 3 1 458 457 459 1028 1143 1144
242 9 2 3 1 68 390 502 1145 1146 1147
243 9 2 3 1 389 555 559 1148 1080 1149
244 9 2 3 1 380 471 472 1150 1151 1152
245 9 2 3 1 490 396 491 1138 1153 1154
246 9 2 3 1 538 433 569 1155 1156 1157
247 9 2 3 1 435 400 439 1158 1159 1160
248 9 2 3 1 448 447 449 1052 1161 1162
249 9 2 3 1 407 47 521 1163 1164 1116
250 9 2 3 1 397 227 557 1165 1166 1167
251 9 2 3 1 378 245 540 1168 1128 1067
252 9 2 3 1 469 382 482 1169 1170 1005
253 9 2 3 1 444 397 557 1171 1167 970
254 9 2 3 1 527 526 528 997 1172 1173
255 9 2 3 1 36 37 368 116 1134 1174
256 9 2 3 1 67 68 502 147 1147 1175
257 9 2 3 1 220 405 450 1176 1177 1007
258 9 2 3 1 380 473 482 1178 1006 1179
259 9 2 3 1 431 411 432 995 1180 976
260 9 2 3 1 248 413 417 1136 1181 1182
261 9 2 3 1 224 400 435 1183 1158 1184
262 9 2 3 1 410 538 569 1001 1157 1185
263 9 2 3 1 222 402 446 1186 1112 1187
264 9 2 3 1 382 237 482 1188 1189 1170
265 9 2 3 1 478 379 479 1092 1190 1073
266 9 2 3 1 388 233 452 1191 1192 1140
267 9 2 3 1 546 399 547 1193 1194 1195
268 9 2 3 1 439 400 440 1159 1196 1197
269 9 2 3 1 380 239 471 1198 1199 1150
270 9 2 3 1 386 75 513 1200 1065 1201
271 9 2 3 1 417 413 418 1181 665 1202
272 9 2 3 1 81 82 419 161 1055 1203
273 9 2 3 1 464 385 465 1204 1205 1206
274 9 2 3 1 428 429 430 1038 1207 1208
275 9 2 3 1 396 61 493 1209 1050 1210
276 9 2 3 1 493 395 494 1086 1211 1031
277 9 2 3 1 502 390 503 1146 1212 1114
278 9 2 3 1 464 465 466 1206 1213 1214
279 9 2 3 1 506 386 510 1215 1216 1217
280 9 2 3 1 439 440 441 1197 1218 1219
281 9 2 3 1 443 444 445 1220 1221 1222
282 9 2 3 1 468 382 469 1063 1169 1223
283 9 2 3 1 468 469 470 1223 1224 1225
284 9 2 3 1 46 407 525 1226 1227 1060
285 9 2 3 1 60 396 486 1228 1137 1229
286 9 2 3 1 443 397 444 1062 1171 1220
287 9 2 3 1 400 225 442 1230 1039 1231
288 9 2 3 1 82 83 414 162 1232 1054
289 9 2 3 1 532 403 533 1126 1233 1082
290 9 2 3 1 454 453 455 1234 1235 1236
291 9 2 3 1 393 497 498 1237 1238 1239
292 9 2 3 1 389 71 553 1240 1241 1242
293 9 2 3 1 547 399 558 1194 1243 1070
294 9 2 3 1 452 385 464 1244 1204 1245
295 9 2 3 1 513 384 514 1097 1246 1076
296 9 2 3 1 510 386 511 1216 1247 1248
297 9 2 3 1 473 472 474 1249 1250 1251
298 9 2 3 1 437 436 438 1252 1253 1254
299 9 2 3 1 402 435 436 1255 1256 1257
300 9 2 3 1 551 495 568 1258 1259 1260
301 9 2 3 1 471 377 475 1261 1262 1263
302 9 2 3 1 376 417 483 1123 1264 1265
303 9 2 3 1 38 412 424 1266 1087 1106
304 9 2 3 1 74 386 506 1267 1215 1268
305 9 2 3 1 544 399 546 1269 1193 1270
306 9 2 3 1 401 544 545 1271 1272 1273
307 9 2 3 1 420 419 423 1274 1010 1275
308 9 2 3 1 70 389 559 1276 1149 1277
309 9 2 3 1 542 541 543 1034 1278 1279
310 9 2 3 1 515 384 564 1280 1281 1041
311 9 2 3 1 453 452 464 1141 1245 1282
312 9 2 3 1 393 65 497 1283 1284 1237
313 9 2 3 1 388 453 454 1142 1234 1285
314 9 2 3 1 403 53 565 1286 1287 1288
315 9 2 3 1 380 472 473 1152 1249 1178
316 9 2 3 1 406 517 518 1289 1290 1291
317 9 2 3 1 47 48 521 127 1292 1164
318 9 2 3 1 549 534 565 1293 1294 1295
319 9 2 3 1 472 471 475 1151 1263 1296
320 9 2 3 1 401 55 544 1297 1298 1271
321 9 2 3 1 368 425 426 1100 1299 1300
322 9 2 3 1 523 522 524 1129 1301 1302
323 9 2 3 1 381 81 419 1303 1203 1304
324 9 2 3 1 395 63 568 1305 1306 1307
325 9 2 3 1 499 392 500 1308 1309 1310
326 9 2 3 1 529 404 530 1311 1312 1313
327 9 2 3 1 495 395 568 1314 1307 1259
328 9 2 3 1 368 426 567 1300 1315 1316
329 9 2 3 1 404 51 532 1317 1120 1318
330 9 2 3 1 389 553 554 1242 1319 1320
331 9 2 3 1 385 235 467 1321 1066 1322
332 9 2 3 1 377 241 478 1323 1101 1324
333 9 2 3 1 538 537 539 1000 1325 1326
334 9 2 3 1 402 436 437 1257 1252 1110
335 9 2 3 1 436 435 439 1256 1160 1327
336 9 2 3 1 433 411 569 1328 1105 1156
337 9 2 3 1 406 49 517 1329 1330 1289
338 9 2 3 1 517 404 529 1331 1311 1332
339 9 2 3 1 490 491 492 1154 1333 1334
340 9 2 3 1 546 547 548 1195 1335 1336
341 9 2 3 1 408 527 536 998 1337 1132
342 9 2 3 1 534 403 565 1338 1288 1294
343 9 2 3 1 510 511 512 1248 1339 1340
344 9 2 3 1 514 384 515 1246 1280 1341
345 9 2 3 1 402 223 435 1342 1343 1255
346 9 2 3 1 58 398 558 1344 1345 1346
347 9 2 3 1 405 221 446 1347 1348 1089
348 9 2 3 1 497 392 499 1349 1308 1350
349 9 2 3 1 234 385 452 1351 1244 1352
350 9 2 3 1 246 376 540 1353 1354 1127
351 9 2 3 1 240 377 471 1355 1261 1356
352 9 2 3 1 555 554 556 1357 1358 1359
353 9 2 3 1 475 377 476 1262 1360 1361
354 9 2 3 1 398 488 558 1362 1071 1345
355 9 2 3 1 503 390 504 1212 1363 1364
356 9 2 3 1 529 530 531 1313 1365 1366
357 9 2 3 1 389 554 555 1320 1357 1148
358 9 2 3 1 545 544 546 1272 1270 1367
359 9 2 3 1 417 418 483 1202 1368 1264
360 9 2 3 1 432 411 433 1180 1328 1369
361 9 2 3 1 551 498 552 1370 1371 1372
362 9 2 3 1 494 395 495 1211 1314 1373
363 9 2 3 1 503 504 505 1364 1374 1375
364 9 2 3 1 549 545 550 1376 1377 1378
365 9 2 3 1 432 433 434 1369 1379 1380
366 9 2 3 1 383 561 562 1381 1382 1108
367 9 2 3 1 499 500 501 1310 1383 1384
368 9 2 3 1 238 380 482 1385 1179 1386
369 9 2 3 1 494 495 496 1373 1387 1388
370 9 2 3 1 519 518 520 1389 1390 1391
371 9 2 3 1 508 507 509 1392 1393 1394
372 9 2 3 1 533 534 535 1395 1396 1397
373 9 2 3 1 379 243 566 1398 1399 1400
374 9 2 3 1 392 67 502 1401 1175 1402
375 9 2 3 1 488 487 489 1403 1404 1405
376 9 2 3 1 234 235 385 314 1321 1351
377 9 2 3 1 393 498 551 1239 1370 1406
378 9 2 3 1 222 223 402 302 1342 1186
379 9 2 3 1 228 229 394 308 987 1407
380 9 2 3 1 80 381 560 1408 1409 1410
381 9 2 3 1 518 517 529 1290 1332 1411
382 9 2 3 1 498 497 499 1238 1350 1412
383 9 2 3 1 224 225 400 304 1230 1183
384 9 2 3 1 230 231 391 310 1043 1094
385 9 2 3 1 232 233 388 312 1191 1413
386 9 2 3 1 226 227 397 306 1165 1013
387 9 2 3 1 220 221 405 300 1347 1176
388 9 2 3 1 238 239 380 318 1198 1385
389 9 2 3 1 236 237 382 316 1188 1025
390 9 2 3 1 475 476 477 1361 1414 1415
391 9 2 3 1 387 506 507 1416 1417 1418
392 9 2 3 1 240 241 377 320 1323 1355
393 9 2 3 1 421 420 422 1419 1420 1421
394 9 2 3 1 59 60 486 139 1229 1422
395 9 2 3 1 381 419 420 1304 1274 1423
396 9 2 3 1 406 518 519 1291 1389 1424
397 9 2 3 1 533 403 534 1233 1338 1395
398 9 2 3 1 387 73 506 1425 1426 1416
399 9 2 3 1 232 388 456 1413 1427 1133
400 9 2 3 1 381 421 560 1428 1429 1409
401 9 2 3 1 487 486 490 1430 1139 1431
402 9 2 3 1 514 515 516 1341 1432 1433
403 9 2 3 1 401 545 549 1273 1376 1434
404 9 2 3 1 383 560 561 1435 1436 1381
405 9 2 3 1 71 72 553 151 1437 1241
406 9 2 3 1 73 74 506 153 1268 1426
407 9 2 3 1 391 458 460 1029 1438 1095
408 9 2 3 1 460 458 461 1438 1439 979
409 9 2 3 1 398 486 487 1440 1430 1441
410 9 2 3 1 393 551 568 1406 1260 1442
411 9 2 3 1 398 59 486 1443 1422 1440
412 9 2 3 1 387 507 508 1418 1392 1444
413 9 2 3 1 507 506 510 1417 1217 1445
414 9 2 3 1 66 392 497 1446 1349 1447
415 9 2 3 1 50 404 517 1448 1331 1449
416 9 2 3 1 536 527 537 1337 1450 1003
417 9 2 3 1 38 39 412 118 1045 1266
418 9 2 3 1 223 224 435 303 1184 1343
419 9 2 3 1 55 56 544 135 1451 1298
420 9 2 3 1 56 399 544 1452 1269 1451
421 9 2 3 1 221 222 446 301 1187 1348
422 9 2 3 1 480 379 566 1453 1400 1057
423 9 2 3 1 429 412 431 1037 1046 975
424 9 2 3 1 233 234 452 313 1352 1192
425 9 2 3 1 239 240 471 319 1356 1199
426 9 2 3 1 562 561 563 1382 1454 1455
427 9 2 3 1 247 248 417 327 1182 1122
428 9 2 3 1 479 379 480 1190 1453 1456
429 9 2 3 1 69 70 559 149 1277 1457
430 9 2 3 1 72 73 387 152 1425 1458
431 9 2 3 1 456 454 457 1459 1460 1020
432 9 2 3 1 65 66 497 145 1447 1284
433 9 2 3 1 560 421 561 1429 1461 1436
434 9 2 3 1 398 487 488 1441 1403 1362
435 9 2 3 1 36 368 567 1174 1316 1462
436 9 2 3 1 491 396 493 1153 1210 1030
437 9 2 3 1 52 53 403 132 1286 1125
438 9 2 3 1 68 69 390 148 1463 1145
439 9 2 3 1 479 480 481 1456 1464 1465
440 9 2 3 1 60 61 396 140 1209 1228
441 9 2 3 1 401 549 565 1434 1295 1466
442 9 2 3 1 50 51 404 130 1317 1448
443 9 2 3 1 237 238 482 317 1386 1189
444 9 2 3 1 40 41 411 120 1103 994
445 9 2 3 1 42 43 410 122 1059 1467
446 9 2 3 1 44 45 408 124 1084 1131
447 9 2 3 1 48 49 406 128 1329 1468
448 9 2 3 1 54 55 401 134 1297 1469
449 9 2 3 1 56 57 399 136 1470 1452
450 9 2 3 1 64 65 393 144 1283 1471
451 9 2 3 1 66 67 392 146 1401 1446
452 9 2 3 1 46 47 407 126 1163 1226
453 9 2 3 1 76 77 384 156 1472 1096
454 9 2 3 1 78 79 383 158 1473 1474
455 9 2 3 1 80 81 381 160 1303 1408
456 9 2 3 1 48 406 521 1468 1475 1292
457 9 2 3 1 62 63 395 142 1305 1085
458 9 2 3 1 70 71 389 150 1240 1276
459 9 2 3 1 74 75 386 154 1200 1267
460 9 2 3 1 384 77 564 1472 1476 1281
461 9 2 3 1 58 59 398 138 1443 1344
462 9 2 3 1 228 394 557 1407 982 1477
463 9 2 3 1 407 523 525 1130 1478 1227
464 9 2 3 1 383 79 560 1473 1479 1435
465 9 2 3 1 49 50 517 129 1449 1330
466 9 2 3 1 525 523 526 1478 1480 1023
467 9 2 3 1 484 483 485 1481 1482 1483
468 9 2 3 1 521 519 522 1484 1485 1117
469 9 2 3 1 242 243 379 322 1398 1091
470 9 2 3 1 57 58 558 137 1346 1486
471 9 2 3 1 246 247 376 326 1121 1353
472 9 2 3 1 218 219 409 298 1024 1487
473 9 2 3 1 399 57 558 1470 1486 1243
474 9 2 3 1 227 228 557 307 1477 1166
475 9 2 3 1 216 217 375 296 1488 1489
476 9 2 3 1 244 245 378 324 1168 1490
477 9 2 3 1 511 386 513 1247 1201 1075
478 9 2 3 1 500 392 502 1309 1402 1113
479 9 2 3 1 405 448 450 1053 1491 1177
480 9 2 3 1 12 13 343 92 1492 1493
481 9 2 3 1 72 387 553 1458 1494 1437
482 9 2 3 1 553 508 554 1495 1496 1319
483 9 2 3 1 390 69 559 1463 1457 1497
484 9 2 3 1 381 420 421 1423 1419 1428
485 9 2 3 1 530 404 532 1312 1318 1081
486 9 2 3 1 504 390 559 1363 1497 1079
487 9 2 3 1 79 80 560 159 1410 1479
488 9 2 3 1 8 9 341 88 1498 1499
489 9 2 3 1 440 400 442 1196 1231 991
490 9 2 3 1 540 484 541 1500 1501 1068
491 9 2 3 1 406 519 521 1424 1484 1475
492 9 2 3 1 465 385 467 1205 1322 1016
493 9 2 3 1 426 425 427 1299 1502 1503
494 9 2 3 1 53 54 565 133 1504 1287
495 9 2 3 1 6 7 340 86 1505 1506
496 9 2 3 1 387 508 553 1444 1495 1494
497 9 2 3 1 450 448 451 1491 1507 989
498 9 2 3 1 388 454 456 1285 1459 1427
499 9 2 3 1 78 383 564 1474 1109 1508
500 9 2 3 1 243 244 566 323 1509 1399
501 9 2 3 1 10 11 344 90 1510 1511
502 9 2 3 1 54 401 565 1469 1466 1504
503 9 2 3 1 425 424 428 1099 1088 1512
504 9 2 3 1 244 378 566 1490 1102 1509
505 9 2 3 1 14 15 337 94 1513 1514
506 9 2 3 1 194 195 363 274 1515 1516
507 9 2 3 1 208 209 371 288 1517 1518
508 9 2 3 1 212 213 373 292 1519 1520
509 9 2 3 1 172 173 347 252 1521 1522
510 9 2 3 1 174 175 349 254 1523 1524
511 9 2 3 1 176 177 350 256 1525 1526
512 9 2 3 1 178 179 352 258 1527 1528
513 9 2 3 1 180 181 353 260 1529 1530
514 9 2 3 1 182 183 355 262 1531 1532
515 9 2 3 1 184 185 356 264 1533 1534
516 9 2 3 1 186 187 358 266 1535 1536
517 9 2 3 1 196 197 364 276 1537 1538
518 9 2 3 1 202 203 367 282 1539 1540
519 9 2 3 1 190 191 361 270 1541 1542
520 9 2 3 1 198 199 365 278 1543 1544
521 9 2 3 1 200 201 366 280 1545 1546
522 9 2 3 1 204 205 369 284 1547 1548
523 9 2 3 1 206 207 370 286 1549 1550
524 9 2 3 1 210 211 372 290 1551 1552
525 9 2 3 1 188 189 359 268 1553 1554
526 9 2 3 1 192 193 362 272 1555 1556
527 9 2 3 1 214 215 374 294 1557 1558
528 9 2 3 1 476 377 478 1360 1324 1072
529 9 2 3 1 376 484 540 1559 1500 1354
530 9 2 3 1 63 64 568 143 1560 1306
531 9 2 3 1 376 483 484 1265 1481 1559
532 9 2 3 1 64 393 568 1471 1442 1560
533 9 2 3 1 30 31 354 110 1561 1562
534 9 2 3 1 24 25 346 104 1563 1564
535 9 2 3 1 22 23 345 102 1565 1566
536 9 2 3 1 26 27 348 106 1567 1568
537 9 2 3 1 34 35 360 114 1569 1570
538 9 2 3 1 16 17 338 96 1571 1572
539 9 2 3 1 20 21 342 100 1573 1574
540 9 2 3 1 18 19 339 98 1575 1576
541 9 2 3 1 28 29 351 108 1577 1578
542 9 2 3 1 32 33 357 112 1579 1580
543 9 2 3 1 77 78 564 157 1508 1476
544 9 2 3 1 35 36 567 115 1462 1581
545 9 2 3 1 41 42 569 121 1582 1104
546 9 2 3 1 360 35 567 1569 1581 1583
547 9 2 3 1 42 410 569 1467 1185 1582
548 9 2 3 1 570 340 653 1584 1585 1586
549 9 2 3 1 571 347 654 1587 1588 1589
550 9 2 3 1 340 591 653 849 1590 1585
551 9 2 3 1 347 617 654 842 1591 1588
552 9 2 3 1 427 409 656 958 1592 1593
553 9 2 3 1 330 331 572 334 1594 1595
554 9 2 3 1 5 6 570 85 1596 1597
555 9 2 3 1 164 165 573 168 1598 1599
556 9 2 3 1 171 172 571 251 1600 1601
557 9 2 3 1 331 415 572 968 963 1594
558 9 2 3 1 6 340 570 1506 1584 1596
559 9 2 3 1 165 416 573 986 965 1598
560 9 2 3 1 172 347 571 1522 1587 1600
561 9 2 3 1 432 434 605 1380 946 1602
562 9 2 3 1 462 463 577 1048 910 1603
563 9 2 3 1 430 429 605 1207 1604 673
564 9 2 3 1 443 445 575 1222 916 1605
565 9 2 3 1 463 461 595 1047 1606 736
566 9 2 3 1 441 440 575 1218 1607 691
567 9 2 3 1 468 470 576 1225 876 1608
568 9 2 3 1 466 465 576 1213 1609 768
569 9 2 3 1 473 474 574 1251 865 1610
570 9 2 3 1 492 491 611 1333 1611 753
571 9 2 3 1 479 481 596 1465 858 1612
572 9 2 3 1 539 537 647 1325 1613 688
573 9 2 3 1 494 496 611 1388 905 1614
574 9 2 3 1 562 563 614 1455 869 1615
575 9 2 3 1 533 535 607 1397 927 1616
576 9 2 3 1 542 543 599 1279 856 1617
577 9 2 3 1 449 447 581 1161 1618 678
578 9 2 3 1 528 526 645 1172 1619 701
579 9 2 3 1 470 469 574 1224 1620 791
580 9 2 3 1 459 457 583 1143 1621 756
581 9 2 3 1 477 476 596 1414 1622 818
582 9 2 3 1 514 516 610 1433 874 1623
583 9 2 3 1 543 541 602 1278 1624 833
584 9 2 3 1 501 500 616 1383 1625 783
585 9 2 3 1 438 436 578 1253 1626 683
586 9 2 3 1 512 511 610 1339 1627 811
587 9 2 3 1 531 530 607 1365 1628 718
588 9 2 3 1 548 547 608 1335 1629 741
589 9 2 3 1 428 430 604 1208 961 1630
590 9 2 3 1 455 453 579 1235 1631 763
591 9 2 3 1 503 505 616 1375 892 1632
592 9 2 3 1 538 539 615 1326 956 1633
593 9 2 3 1 474 472 580 1250 1634 808
594 9 2 3 1 464 466 579 1214 888 1635
595 9 2 3 1 437 438 581 1254 937 1636
596 9 2 3 1 454 455 583 1236 895 1637
597 9 2 3 1 551 552 612 1372 901 1638
598 9 2 3 1 555 556 606 1359 886 1639
599 9 2 3 1 475 477 580 1415 862 1640
600 9 2 3 1 439 441 578 1219 931 1641
601 9 2 3 1 549 550 609 1378 925 1642
602 9 2 3 1 505 504 606 1374 1643 788
603 9 2 3 1 556 554 618 1358 1644 798
604 9 2 3 1 343 13 593 1492 1645 820
605 9 2 3 1 509 507 622 1393 1646 803
606 9 2 3 1 448 449 594 1162 949 1647
607 9 2 3 1 445 444 577 1221 1648 723
608 9 2 3 1 546 548 625 1336 922 1649
609 9 2 3 1 458 459 595 1144 903 1650
610 9 2 3 1 488 489 608 1405 918 1651
611 9 2 3 1 510 512 622 1340 880 1652
612 9 2 3 1 524 522 633 1301 1653 708
613 9 2 3 1 484 485 602 1483 853 1654
614 9 2 3 1 529 531 620 1366 934 1655
615 9 2 3 1 421 422 613 1421 867 1656
616 9 2 3 1 516 515 614 1432 1657 823
617 9 2 3 1 489 487 626 1404 1658 748
618 9 2 3 1 375 217 600 1488 1659 668
619 9 2 3 1 218 409 600 1487 959 1660
620 9 2 3 1 519 520 633 1391 939 1661
621 9 2 3 1 520 518 620 1390 1662 713
622 9 2 3 1 550 545 625 1377 1663 733
623 9 2 3 1 8 341 597 1499 854 1664
624 9 2 3 1 14 337 593 1514 863 1665
625 9 2 3 1 508 509 618 1394 883 1666
626 9 2 3 1 499 501 621 1384 898 1667
627 9 2 3 1 552 498 621 1371 1668 778
628 9 2 3 1 340 7 597 1505 1669 850
629 9 2 3 1 490 492 626 1334 913 1670
630 9 2 3 1 337 15 585 1513 1671 813
631 9 2 3 1 344 11 601 1510 1672 828
632 9 2 3 1 12 343 601 1493 860 1673
633 9 2 3 1 485 483 591 1482 1674 848
634 9 2 3 1 10 344 603 1511 859 1675
635 9 2 3 1 422 420 617 1420 1676 841
636 9 2 3 1 216 375 644 1489 962 1677
637 9 2 3 1 341 9 603 1498 1678 843
638 9 2 3 1 354 31 582 1561 1679 685
639 9 2 3 1 535 534 609 1396 1680 728
640 9 2 3 1 348 27 586 1567 1681 725
641 9 2 3 1 342 21 584 1573 1682 765
642 9 2 3 1 338 17 587 1571 1683 795
643 9 2 3 1 339 19 588 1575 1684 775
644 9 2 3 1 22 345 584 1566 896 1685
645 9 2 3 1 20 342 588 1574 890 1686
646 9 2 3 1 18 339 587 1576 878 1687
647 9 2 3 1 28 351 586 1578 920 1688
648 9 2 3 1 523 524 645 1302 943 1689
649 9 2 3 1 16 338 585 1572 871 1690
650 9 2 3 1 351 29 589 1577 1691 698
651 9 2 3 1 357 33 590 1579 1692 680
652 9 2 3 1 363 195 623 1515 1693 750
653 9 2 3 1 30 354 589 1562 932 1694
654 9 2 3 1 347 173 619 1521 1695 845
655 9 2 3 1 32 357 582 1580 941 1696
656 9 2 3 1 34 360 590 1570 950 1697
657 9 2 3 1 345 23 592 1565 1698 760
658 9 2 3 1 24 346 592 1564 906 1699
659 9 2 3 1 367 203 638 1539 1700 720
660 9 2 3 1 188 359 639 1554 899 1701
661 9 2 3 1 192 362 635 1556 908 1702
662 9 2 3 1 365 199 627 1543 1703 738
663 9 2 3 1 366 201 628 1545 1704 730
664 9 2 3 1 481 480 599 1464 1705 830
665 9 2 3 1 352 179 640 1527 1706 815
666 9 2 3 1 563 561 613 1454 1707 836
667 9 2 3 1 346 25 598 1563 1708 745
668 9 2 3 1 26 348 598 1568 911 1709
669 9 2 3 1 369 205 630 1547 1710 715
670 9 2 3 1 370 207 643 1549 1711 710
671 9 2 3 1 182 355 624 1532 884 1712
672 9 2 3 1 198 365 641 1544 923 1713
673 9 2 3 1 496 495 612 1387 1714 771
674 9 2 3 1 176 350 636 1526 872 1715
675 9 2 3 1 184 356 629 1534 889 1716
676 9 2 3 1 214 374 632 1558 954 1717
677 9 2 3 1 355 183 629 1531 1718 800
678 9 2 3 1 186 358 634 1536 893 1719
679 9 2 3 1 190 361 631 1542 907 1720
680 9 2 3 1 373 213 632 1519 1721 696
681 9 2 3 1 356 185 634 1533 1722 793
682 9 2 3 1 178 352 637 1528 877 1723
683 9 2 3 1 349 175 636 1523 1724 838
684 9 2 3 1 361 191 635 1541 1725 773
685 9 2 3 1 194 363 642 1516 914 1726
686 9 2 3 1 358 187 639 1535 1727 785
687 9 2 3 1 374 215 644 1557 1728 675
688 9 2 3 1 350 177 637 1525 1729 825
689 9 2 3 1 353 181 624 1529 1730 805
690 9 2 3 1 206 370 630 1550 940 1731
691 9 2 3 1 371 209 646 1517 1732 705
692 9 2 3 1 202 367 628 1540 929 1733
693 9 2 3 1 208 371 643 1518 944 1734
694 9 2 3 1 364 197 641 1537 1735 743
695 9 2 3 1 527 528 647 1173 953 1736
696 9 2 3 1 200 366 627 1546 928 1737
697 9 2 3 1 372 211 648 1551 1738 693
698 9 2 3 1 180 353 640 1530 881 1739
699 9 2 3 1 210 372 646 1552 952 1740
700 9 2 3 1 174 349 619 1524 870 1741
701 9 2 3 1 362 193 642 1555 1742 758
702 9 2 3 1 359 189 631 1553 1743 780
703 9 2 3 1 212 373 648 1520 957 1744
704 9 2 3 1 196 364 623 1538 919 1745
705 9 2 3 1 204 369 638 1548 935 1746
706 9 2 3 1 427 425 604 1502 1747 670
707 9 2 3 1 434 433 615 1379 1748 703
708 9 2 3 1 4 330 650 333 1749 1750
709 9 2 3 1 332 1 649 336 1751 1752
710 9 2 3 1 1 5 649 84 1753 1751
711 9 2 3 1 2 164 652 167 1754 1755
712 9 2 3 1 83 2 652 163 1755 1756
713 9 2 3 1 249 4 650 329 1750 1757
714 9 2 3 1 166 3 651 170 1758 1759
715 9 2 3 1 3 171 651 250 1760 1758
716 9 2 3 1 360 567 655 1583 1761 1762
717 9 2 3 1 594 360 655 948 1762 1763
718 9 2 3 1 330 572 650 1595 1764 1749
719 9 2 3 1 164 573 652 1599 1765 1754
720 9 2 3 1 171 571 651 1601 1766 1760
721 9 2 3 1 5 570 649 1597 1767 1753
722 9 2 3 1 429 432 605 977 1602 1604
723 9 2 3 1 440 443 575 993 1605 1607
724 9 2 3 1 444 462 577 969 1603 1648
725 9 2 3 1 465 468 576 1018 1608 1609
726 9 2 3 1 469 473 574 1004 1610 1620
727 9 2 3 1 476 479 596 1074 1612 1622
728 9 2 3 1 491 494 611 1032 1614 1611
729 9 2 3 1 447 437 581 1124 1636 1618
730 9 2 3 1 453 464 579 1282 1635 1631
731 9 2 3 1 436 439 578 1327 1641 1626
732 9 2 3 1 472 475 580 1296 1640 1634
733 9 2 3 1 511 514 610 1077 1623 1627
734 9 2 3 1 457 454 583 1460 1637 1621
735 9 2 3 1 13 14 593 93 1665 1645
736 9 2 3 1 480 542 599 1056 1617 1705
737 9 2 3 1 483 418 591 1368 1768 1674
738 9 2 3 1 530 533 607 1083 1616 1628
739 9 2 3 1 31 32 582 111 1696 1679
740 9 2 3 1 21 22 584 101 1685 1682
741 9 2 3 1 15 16 585 95 1690 1671
742 9 2 3 1 17 18 587 97 1687 1683
743 9 2 3 1 27 28 586 107 1688 1681
744 9 2 3 1 19 20 588 99 1686 1684
745 9 2 3 1 29 30 589 109 1694 1691
746 9 2 3 1 461 458 595 1439 1650 1606
747 9 2 3 1 451 448 594 1507 1647 1769
748 9 2 3 1 33 34 590 113 1697 1692
749 9 2 3 1 23 24 592 103 1699 1698
750 9 2 3 1 500 503 616 1115 1632 1625
751 9 2 3 1 504 555 606 1078 1639 1643
752 9 2 3 1 547 488 608 1069 1651 1629
753 9 2 3 1 7 8 597 87 1664 1669
754 9 2 3 1 515 562 614 1040 1615 1657
755 9 2 3 1 25 26 598 105 1709 1708
756 9 2 3 1 217 218 600 297 1660 1659
757 9 2 3 1 11 12 601 91 1673 1672
758 9 2 3 1 541 484 602 1501 1654 1624
759 9 2 3 1 9 10 603 89 1675 1678
760 9 2 3 1 534 549 609 1293 1642 1680
761 9 2 3 1 495 551 612 1258 1638 1714
762 9 2 3 1 433 538 615 1155 1633 1748
763 9 2 3 1 420 423 617 1275 1770 1676
764 9 2 3 1 425 428 604 1512 1630 1747
765 9 2 3 1 554 508 618 1496 1666 1644
766 9 2 3 1 561 421 613 1461 1656 1707
767 9 2 3 1 507 510 622 1445 1652 1646
768 9 2 3 1 498 499 621 1412 1667 1668
769 9 2 3 1 518 529 620 1411 1655 1662
770 9 2 3 1 545 546 625 1367 1649 1663
771 9 2 3 1 522 519 633 1485 1661 1653
772 9 2 3 1 173 174 619 253 1741 1695
773 9 2 3 1 487 490 626 1431 1670 1658
774 9 2 3 1 201 202 628 281 1733 1704
775 9 2 3 1 199 200 627 279 1737 1703
776 9 2 3 1 195 196 623 275 1745 1693
777 9 2 3 1 191 192 635 271 1702 1725
778 9 2 3 1 213 214 632 293 1717 1721
779 9 2 3 1 185 186 634 265 1719 1722
780 9 2 3 1 187 188 639 267 1701 1727
781 9 2 3 1 175 176 636 255 1715 1724
782 9 2 3 1 203 204 638 283 1746 1700
783 9 2 3 1 183 184 629 263 1716 1718
784 9 2 3 1 205 206 630 285 1731 1710
785 9 2 3 1 181 182 624 261 1712 1730
786 9 2 3 1 189 190 631 269 1720 1743
787 9 2 3 1 179 180 640 259 1739 1706
788 9 2 3 1 197 198 641 277 1713 1735
789 9 2 3 1 526 523 645 1480 1689 1619
790 9 2 3 1 177 178 637 257 1723 1729
791 9 2 3 1 193 194 642 273 1726 1742
792 9 2 3 1 207 208 643 287 1734 1711
793 9 2 3 1 215 216 644 295 1677 1728
794 9 2 3 1 537 527 647 1450 1736 1613
795 9 2 3 1 209 210 646 289 1740 1732
796 9 2 3 1 211 212 648 291 1744 1738
797 9 2 3 1 413 249 650 1135 1757 1771
798 9 2 3 1 414 83 652 1232 1756 1772
799 9 2 3 1 415 332 649 967 1752 1773
800 9 2 3 1 416 166 651 985 1759 1774
801 9 2 3 1 426 427 656 1503 1593 1775
802 9 2 3 1 409 451 656 990 1776 1592
803 9 2 3 1 567 426 655 1315 1777 1761
804 9 2 3 1 570 415 649 1778 1773 1767
805 9 2 3 1 571 416 651 1779 1774 1766
806 9 2 3 1 572 413 650 666 1771 1764
807 9 2 3 1 573 414 652 664 1772 1765
808 9 2 3 1 451 655 656 1780 1781 1776
809 9 2 3 1 655 426 656 1777 1775 1781
810 9 2 3 1 415 570 653 1778 1586 964
811 9 2 3 1 416 571 654 1779 1589 966
812 9 2 3 1 617 423 654 1770 662 1591
813 9 2 3 1 591 418 653 1768 659 1590
814 9 2 3 1 451 594 655 1769 1763 1780
$EndElements
