$MeshFormat
2.2 0 8
$EndMeshFormat
$PhysicalNames
4
1 2 "OuterBoundary"
1 3 "Electrode1"
1 4 "Electrode2"
2 1 "Air"
$EndPhysicalNames
$Nodes
10511
1 0 0 0
2 8.800000000000001 0 0
3 8.800000000000001 10 0
4 0 10 0
5 3 3 0
6 3.4 3 0
7 3.4 7 0
8 3 7 0
9 5.4 3 0
10 5.800000000000001 3 0
11 5.800000000000001 7 0
12 5.4 7 0
13 0.1999999999996171 0 0
14 0.3999999999992127 0 0
15 0.5999999999988309 0 0
16 0.7999999999985418 0 0
17 0.9999999999982426 0 0
18 1.199999999997837 0 0
19 1.399999999997193 0 0
20 1.599999999996581 0 0
21 1.799999999995995 0 0
22 1.999999999995324 0 0
23 2.199999999994652 0 0
24 2.39999999999398 0 0
25 2.599999999993394 0 0
26 2.799999999992809 0 0
27 2.999999999992224 0 0
28 3.199999999991638 0 0
29 3.39999999999088 0 0
30 3.599999999990294 0 0
31 3.799999999989709 0 0
32 3.999999999989139 0 0
33 4.199999999988641 0 0
34 4.399999999988213 0 0
35 4.599999999988639 0 0
36 4.799999999989238 0 0
37 4.99999999998979 0 0
38 5.199999999990262 0 0
39 5.399999999990861 0 0
40 5.599999999991286 0 0
41 5.799999999991885 0 0
42 5.999999999992358 0 0
43 6.19999999999291 0 0
44 6.399999999993508 0 0
45 6.599999999993934 0 0
46 6.799999999994359 0 0
47 6.999999999994958 0 0
48 7.199999999995509 0 0
49 7.399999999995982 0 0
50 7.599999999996581 0 0
51 7.799999999997006 0 0
52 7.999999999997542 0 0
53 8.199999999997559 0 0
54 8.399999999998771 0 0
55 8.599999999999103 0 0
56 0.09999999999980838 0 0
57 0.299999999999424 0 0
58 0.4999999999990012 0 0
59 0.6999999999986833 0 0
60 0.8999999999983878 0 0
61 1.099999999998103 0 0
62 1.299999999997515 0 0
63 1.499999999996887 0 0
64 1.699999999996288 0 0
65 1.89999999999566 0 0
66 2.099999999994988 0 0
67 2.299999999994316 0 0
68 2.499999999993687 0 0
69 2.699999999993102 0 0
70 2.899999999992516 0 0
71 3.099999999991931 0 0
72 3.299999999991259 0 0
73 3.499999999990587 0 0
74 3.699999999990002 0 0
75 3.899999999989424 0 0
76 4.099999999988892 0 0
77 4.299999999988485 0 0
78 4.499999999988426 0 0
79 4.69999999998893 0 0
80 4.899999999989538 0 0
81 5.099999999990032 0 0
82 5.299999999990561 0 0
83 5.499999999991089 0 0
84 5.699999999991577 0 0
85 5.899999999992136 0 0
86 6.099999999992601 0 0
87 6.29999999999319 0 0
88 6.499999999993739 0 0
89 6.699999999994138 0 0
90 6.899999999994696 0 0
91 7.099999999995219 0 0
92 7.29999999999573 0 0
93 7.499999999996245 0 0
94 7.699999999996749 0 0
95 7.899999999997243 0 0
96 8.099999999997571 0 0
97 8.299999999998189 0 0
98 8.499999999999025 0 0
99 8.699999999999482 0 0
100 8.800000000000001 0.199999999999856 0
101 8.800000000000001 0.3999999999996677 0
102 8.800000000000001 0.5999999999994683 0
103 8.800000000000001 0.7999999999993286 0
104 8.800000000000001 0.9999999999991888 0
105 8.800000000000001 1.199999999999033 0
106 8.800000000000001 1.399999999998576 0
107 8.800000000000001 1.599999999997992 0
108 8.800000000000001 1.799999999997408 0
109 8.800000000000001 1.999999999996825 0
110 8.800000000000001 2.199999999996241 0
111 8.800000000000001 2.399999999995657 0
112 8.800000000000001 2.599999999995073 0
113 8.800000000000001 2.79999999999449 0
114 8.800000000000001 2.999999999993906 0
115 8.800000000000001 3.199999999993322 0
116 8.800000000000001 3.399999999992738 0
117 8.800000000000001 3.599999999992154 0
118 8.800000000000001 3.799999999991571 0
119 8.800000000000001 3.999999999991022 0
120 8.800000000000001 4.199999999991187 0
121 8.800000000000001 4.399999999991491 0
122 8.800000000000001 4.599999999991795 0
123 8.800000000000001 4.799999999992099 0
124 8.800000000000001 4.999999999992403 0
125 8.800000000000001 5.199999999992706 0
126 8.800000000000001 5.39999999999301 0
127 8.800000000000001 5.599999999993313 0
128 8.800000000000001 5.799999999993618 0
129 8.800000000000001 5.999999999993922 0
130 8.800000000000001 6.199999999994227 0
131 8.800000000000001 6.39999999999453 0
132 8.800000000000001 6.599999999994833 0
133 8.800000000000001 6.799999999995138 0
134 8.800000000000001 6.999999999995442 0
135 8.800000000000001 7.199999999995747 0
136 8.800000000000001 7.39999999999605 0
137 8.800000000000001 7.599999999996353 0
138 8.800000000000001 7.799999999996658 0
139 8.800000000000001 7.999999999996962 0
140 8.800000000000001 8.199999999997265 0
141 8.800000000000001 8.399999999997569 0
142 8.800000000000001 8.599999999997873 0
143 8.800000000000001 8.799999999998176 0
144 8.800000000000001 8.999999999998479 0
145 8.800000000000001 9.199999999998786 0
146 8.800000000000001 9.399999999999089 0
147 8.800000000000001 9.599999999999392 0
148 8.800000000000001 9.799999999999697 0
149 8.800000000000001 0.09999999999992683 0
150 8.800000000000001 0.2999999999997807 0
151 8.800000000000001 0.4999999999995725 0
152 8.800000000000001 0.6999999999993882 0
153 8.800000000000001 0.8999999999992696 0
154 8.800000000000001 1.099999999999093 0
155 8.800000000000001 1.299999999998841 0
156 8.800000000000001 1.499999999998291 0
157 8.800000000000001 1.699999999997713 0
158 8.800000000000001 1.899999999997134 0
159 8.800000000000001 2.09999999999653 0
160 8.800000000000001 2.299999999995963 0
161 8.800000000000001 2.499999999995369 0
162 8.800000000000001 2.699999999994852 0
163 8.800000000000001 2.89999999999419 0
164 8.800000000000001 3.099999999993653 0
165 8.800000000000001 3.299999999993031 0
166 8.800000000000001 3.499999999992421 0
167 8.800000000000001 3.699999999991878 0
168 8.800000000000001 3.899999999991306 0
169 8.800000000000001 4.099999999991154 0
170 8.800000000000001 4.299999999991369 0
171 8.800000000000001 4.499999999991596 0
172 8.800000000000001 4.699999999992012 0
173 8.800000000000001 4.899999999992209 0
174 8.800000000000001 5.099999999992578 0
175 8.800000000000001 5.299999999992839 0
176 8.800000000000001 5.499999999993137 0
177 8.800000000000001 5.6999999999935 0
178 8.800000000000001 5.899999999993732 0
179 8.800000000000001 6.099999999994026 0
180 8.800000000000001 6.299999999994347 0
181 8.800000000000001 6.499999999994657 0
182 8.800000000000001 6.69999999999493 0
183 8.800000000000001 6.899999999995337 0
184 8.800000000000001 7.099999999995628 0
185 8.800000000000001 7.299999999995899 0
186 8.800000000000001 7.499999999996193 0
187 8.800000000000001 7.699999999996505 0
188 8.800000000000001 7.899999999996804 0
189 8.800000000000001 8.099999999997195 0
190 8.800000000000001 8.299999999997373 0
191 8.800000000000001 8.499999999997797 0
192 8.800000000000001 8.699999999997992 0
193 8.800000000000001 8.899999999998188 0
194 8.800000000000001 9.09999999999865 0
195 8.800000000000001 9.299999999999015 0
196 8.800000000000001 9.499999999999099 0
197 8.800000000000001 9.699999999999608 0
198 8.800000000000001 9.89999999999986 0
199 8.600000000000096 10 0
200 8.40000000000019 10 0
201 8.20000000000098 10 0
202 8.000000000001075 10 0
203 7.80000000000117 10 0
204 7.60000000000169 10 0
205 7.400000000002116 10 0
206 7.200000000002715 10 0
207 7.000000000003141 10 0
208 6.800000000003726 10 0
209 6.600000000004515 10 0
210 6.400000000005304 10 0
211 6.200000000006203 10 0
212 6.000000000006661 10 0
213 5.800000000007608 10 0
214 5.600000000008129 10 0
215 5.400000000008903 10 0
216 5.200000000009581 10 0
217 5.000000000009835 10 0
218 4.800000000010577 10 0
219 4.600000000011019 10 0
220 4.400000000011461 10 0
221 4.20000000001105 10 0
222 4.000000000010467 10 0
223 3.80000000000993 10 0
224 3.600000000009472 10 0
225 3.400000000008888 10 0
226 3.200000000008477 10 0
227 3.000000000007893 10 0
228 2.800000000007435 10 0
229 2.600000000006898 10 0
230 2.400000000006314 10 0
231 2.200000000005905 10 0
232 2.000000000005494 10 0
233 1.80000000000491 10 0
234 1.600000000004373 10 0
235 1.400000000003915 10 0
236 1.200000000003332 10 0
237 1.00000000000292 10 0
238 0.8000000000023988 10 0
239 0.6000000000023977 10 0
240 0.4000000000012012 10 0
241 0.2000000000008839 10 0
242 8.700000000000049 10 0
243 8.500000000000036 10 0
244 8.30000000000064 10 0
245 8.100000000001046 10 0
246 7.900000000001106 10 0
247 7.700000000001326 10 0
248 7.500000000001886 10 0
249 7.30000000000243 10 0
250 7.100000000002916 10 0
251 6.900000000003487 10 0
252 6.700000000004158 10 0
253 6.500000000004855 10 0
254 6.300000000005808 10 0
255 6.100000000006359 10 0
256 5.90000000000726 10 0
257 5.700000000007785 10 0
258 5.500000000008537 10 0
259 5.30000000000927 10 0
260 5.100000000009709 10 0
261 4.900000000010158 10 0
262 4.700000000010829 10 0
263 4.50000000001109 10 0
264 4.300000000011297 10 0
265 4.100000000010741 10 0
266 3.900000000010229 10 0
267 3.700000000009659 10 0
268 3.500000000008999 10 0
269 3.300000000008664 10 0
270 3.100000000008068 10 0
271 2.900000000007603 10 0
272 2.700000000007129 10 0
273 2.500000000006644 10 0
274 2.300000000006161 10 0
275 2.100000000005708 10 0
276 1.900000000005217 10 0
277 1.700000000004631 10 0
278 1.500000000004092 10 0
279 1.300000000003624 10 0
280 1.100000000003107 10 0
281 0.9000000000026596 10 0
282 0.7000000000023654 10 0
283 0.5000000000018456 10 0
284 0.3000000000012886 10 0
285 0.1000000000002448 10 0
286 0 9.799999999999999 0
287 0 9.6 0
288 0 9.399999999999999 0
289 0 9.199999999999999 0
290 0 8.999999999999998 0
291 0 8.799999999999997 0
292 0 8.599999999999998 0
293 0 8.399999999999997 0
294 0 8.199999999999998 0
295 0 7.999999999999997 0
296 0 7.799999999999997 0
297 0 7.599999999999998 0
298 0 7.399999999999997 0
299 0 7.199999999999998 0
300 0 6.999999999999997 0
301 0 6.799999999999997 0
302 0 6.599999999999998 0
303 0 6.399999999999997 0
304 0 6.199999999999998 0
305 0 5.999999999999997 0
306 0 5.799999999999998 0
307 0 5.599999999999998 0
308 0 5.399999999999999 0
309 0 5.199999999999998 0
310 0 4.999999999999999 0
311 0 4.799999999999999 0
312 0 4.599999999999999 0
313 0 4.399999999999999 0
314 0 4.199999999999999 0
315 0 3.999999999999999 0
316 0 3.799999999999999 0
317 0 3.599999999999999 0
318 0 3.399999999999998 0
319 0 3.199999999999998 0
320 0 2.999999999999999 0
321 0 2.799999999999998 0
322 0 2.599999999999998 0
323 0 2.399999999999999 0
324 0 2.199999999999999 0
325 0 1.999999999999998 0
326 0 1.799999999999999 0
327 0 1.6 0
328 0 1.4 0
329 0 1.199999999999999 0
330 0 0.9999999999999982 0
331 0 0.7999999999999989 0
332 0 0.6000000000000014 0
333 0 0.3999999999999986 0
334 0 0.1999999999999993 0
335 0 9.899999999999798 0
336 0 9.700000000000014 0
337 0 9.500000000000208 0
338 0 9.29999999999999 0
339 0 9.100000000000041 0
340 0 8.899999999999901 0
341 0 8.699999999999998 0
342 0 8.500000000000018 0
343 0 8.29999999999994 0
344 0 8.099999999999907 0
345 0 7.900000000000059 0
346 0 7.699999999999936 0
347 0 7.500000000000005 0
348 0 7.299999999999904 0
349 0 7.100000000000039 0
350 0 6.899999999999986 0
351 0 6.700000000000018 0
352 0 6.499999999999968 0
353 0 6.299999999999942 0
354 0 6.09999999999993 0
355 0 5.899999999999981 0
356 0 5.700000000000045 0
357 0 5.500000000000005 0
358 0 5.300000000000015 0
359 0 5.099999999999982 0
360 0 4.9000000000001 0
361 0 4.700000000000034 0
362 0 4.500000000000099 0
363 0 4.299999999999997 0
364 0 4.100000000000048 0
365 0 3.899999999999981 0
366 0 3.699999999999997 0
367 0 3.499999999999951 0
368 0 3.299999999999982 0
369 0 3.09999999999998 0
370 0 2.900000000000095 0
371 0 2.699999999999974 0
372 0 2.500000000000022 0
373 0 2.299999999999977 0
374 0 2.100000000000041 0
375 0 1.900000000000123 0
376 0 1.699999999999996 0
377 0 1.500000000000032 0
378 0 1.299999999999924 0
379 0 1.099999999999998 0
380 0 0.8999999999999169 0
381 0 0.6999999999999069 0
382 0 0.5000000000002078 0
383 0 0.2999999999998408 0
384 0 0.1000000000001986 0
385 3.199999999998438 3 0
386 3.099999999999616 3 0
387 3.299999999998039 3 0
388 3.4 3.200000000001943 0
389 3.4 3.400000000003885 0
390 3.4 3.600000000004717 0
391 3.4 3.800000000004439 0
392 3.4 4.000000000004162 0
393 3.4 4.200000000003884 0
394 3.4 4.400000000003607 0
395 3.4 4.600000000003329 0
396 3.4 4.800000000003052 0
397 3.4 5.000000000002775 0
398 3.4 5.200000000002497 0
399 3.4 5.40000000000222 0
400 3.4 5.600000000001943 0
401 3.4 5.800000000001665 0
402 3.4 6.000000000001387 0
403 3.4 6.20000000000111 0
404 3.4 6.400000000000833 0
405 3.4 6.600000000000556 0
406 3.4 6.800000000000278 0
407 3.4 3.100000000001039 0
408 3.4 3.300000000002914 0
409 3.4 3.500000000004301 0
410 3.4 3.700000000004608 0
411 3.4 3.900000000004259 0
412 3.4 4.100000000003963 0
413 3.4 4.300000000003847 0
414 3.4 4.500000000003435 0
415 3.4 4.700000000003051 0
416 3.4 4.900000000002892 0
417 3.4 5.100000000002613 0
418 3.4 5.300000000002453 0
419 3.4 5.500000000002221 0
420 3.4 5.700000000001815 0
421 3.4 5.900000000001699 0
422 3.4 6.100000000001365 0
423 3.4 6.300000000000937 0
424 3.4 6.500000000000661 0
425 3.4 6.700000000000227 0
426 3.4 6.900000000000245 0
427 3.199999999999654 7 0
428 3.300000000000791 7 0
429 3.099999999998629 7 0
430 3 6.800000000000555 0
431 3 6.600000000001111 0
432 3 6.400000000001666 0
433 3 6.200000000002221 0
434 3 6.000000000002776 0
435 3 5.80000000000333 0
436 3 5.600000000003885 0
437 3 5.400000000004439 0
438 3 5.200000000004994 0
439 3 5.000000000005549 0
440 3 4.800000000006104 0
441 3 4.600000000006658 0
442 3 4.400000000007213 0
443 3 4.200000000007767 0
444 3 4.000000000008236 0
445 3 3.800000000006658 0
446 3 3.600000000004993 0
447 3 3.400000000003329 0
448 3 3.200000000001664 0
449 3 6.900000000000121 0
450 3 6.700000000000894 0
451 3 6.500000000001463 0
452 3 6.300000000001566 0
453 3 6.100000000002559 0
454 3 5.900000000003324 0
455 3 5.70000000000373 0
456 3 5.500000000004061 0
457 3 5.300000000004582 0
458 3 5.100000000005253 0
459 3 4.900000000005748 0
460 3 4.700000000006401 0
461 3 4.500000000006795 0
462 3 4.300000000007571 0
463 3 4.100000000007984 0
464 3 3.900000000007447 0
465 3 3.700000000005825 0
466 3 3.500000000004161 0
467 3 3.300000000002496 0
468 3 3.100000000000832 0
469 5.59999999999948 3 0
470 5.499999999999631 3 0
471 5.700000000002561 3 0
472 5.800000000000001 3.200000000001943 0
473 5.800000000000001 3.400000000003885 0
474 5.800000000000001 3.600000000004717 0
475 5.800000000000001 3.800000000004439 0
476 5.800000000000001 4.000000000004162 0
477 5.800000000000001 4.200000000003884 0
478 5.800000000000001 4.400000000003607 0
479 5.800000000000001 4.600000000003329 0
480 5.800000000000001 4.800000000003052 0
481 5.800000000000001 5.000000000002775 0
482 5.800000000000001 5.200000000002497 0
483 5.800000000000001 5.40000000000222 0
484 5.800000000000001 5.600000000001943 0
485 5.800000000000001 5.800000000001665 0
486 5.800000000000001 6.000000000001387 0
487 5.800000000000001 6.20000000000111 0
488 5.800000000000001 6.400000000000833 0
489 5.800000000000001 6.600000000000556 0
490 5.800000000000001 6.800000000000278 0
491 5.800000000000001 3.100000000001039 0
492 5.800000000000001 3.300000000002914 0
493 5.800000000000001 3.500000000004301 0
494 5.800000000000001 3.700000000004608 0
495 5.800000000000001 3.900000000004259 0
496 5.800000000000001 4.100000000003963 0
497 5.800000000000001 4.300000000003847 0
498 5.800000000000001 4.500000000003435 0
499 5.800000000000001 4.700000000003051 0
500 5.800000000000001 4.900000000002892 0
501 5.800000000000001 5.100000000002613 0
502 5.800000000000001 5.300000000002453 0
503 5.800000000000001 5.500000000002221 0
504 5.800000000000001 5.700000000001815 0
505 5.800000000000001 5.900000000001699 0
506 5.800000000000001 6.100000000001365 0
507 5.800000000000001 6.300000000000937 0
508 5.800000000000001 6.500000000000661 0
509 5.800000000000001 6.700000000000227 0
510 5.800000000000001 6.900000000000245 0
511 5.600000000000521 7 0
512 5.700000000000371 7 0
513 5.49999999999744 7 0
514 5.4 6.800000000000555 0
515 5.4 6.600000000001111 0
516 5.4 6.400000000001666 0
517 5.4 6.200000000002221 0
518 5.4 6.000000000002776 0
519 5.4 5.80000000000333 0
520 5.4 5.600000000003885 0
521 5.4 5.400000000004439 0
522 5.4 5.200000000004994 0
523 5.4 5.000000000005549 0
524 5.4 4.800000000006104 0
525 5.4 4.600000000006658 0
526 5.4 4.400000000007213 0
527 5.4 4.200000000007767 0
528 5.4 4.000000000008236 0
529 5.4 3.800000000006658 0
530 5.4 3.600000000004993 0
531 5.4 3.400000000003329 0
532 5.4 3.200000000001664 0
533 5.4 6.900000000000121 0
534 5.4 6.700000000000894 0
535 5.4 6.500000000001463 0
536 5.4 6.300000000001566 0
537 5.4 6.100000000002559 0
538 5.4 5.900000000003324 0
539 5.4 5.70000000000373 0
540 5.4 5.500000000004061 0
541 5.4 5.300000000004582 0
542 5.4 5.100000000005253 0
543 5.4 4.900000000005748 0
544 5.4 4.700000000006401 0
545 5.4 4.500000000006795 0
546 5.4 4.300000000007571 0
547 5.4 4.100000000007984 0
548 5.4 3.900000000007447 0
549 5.4 3.700000000005825 0
550 5.4 3.500000000004161 0
551 5.4 3.300000000002496 0
552 5.4 3.100000000000832 0
553 1.894209527019957 0.1754365073857649 0
554 6.90579047297965 9.824563492616774 0
555 0.1690598923250208 1.899999999999984 0
556 7.102906241242607 0.1439526007425095 0
557 8.626794919243618 1.899999999997116 0
558 0.1890458826029112 8.077453484476901 0
559 8.630940107675364 8.099999999997097 0
560 1.900000000005202 9.826794919242703 0
561 4.499999999988616 0.169059892323424 0
562 4.300000000011257 9.826794919243126 0
563 6.281020265533354 0.1802029637728121 0
564 2.699999999993102 0.1732050807563806 0
565 6.100000000006432 9.826794919243913 0
566 5.105790472986337 9.824563492616528 0
567 0.1729491632805624 2.699556737928287 0
568 8.638697609664607 2.696553289889001 0
569 0.1749960427224017 7.316994150675208 0
570 8.624563492622073 7.294209527019116 0
571 2.700000000007166 9.826794919242682 0
572 3.703446710097658 0.1613023903353653 0
573 8.605870481653161 3.705790472972024 0
574 2.819797036225492 6.518979734464651 0
575 2.849110062018198 5.698733444535229 0
576 2.808997974725223 4.911740814443359 0
577 2.830007215942822 4.10556386110012 0
578 5.492264973080974 2.831260739117274 0
579 5.98020296377431 6.518979734464232 0
580 5.971819433360972 5.697599988308115 0
581 5.973205080759137 4.900000000002321 0
582 3.50000000000918 9.826794919242737 0
583 0.1504214871410587 3.536091664527698 0
584 3.099999999999188 2.826794919244464 0
585 2.900000000000738 2.826794919244439 0
586 5.700000000000178 7.173205080756433 0
587 5.899999999999729 7.182136720504102 0
588 5.973205080757594 4.100000000003563 0
589 0.1798790096401867 6.085619681843799 0
590 0.1907058323302838 5.283925145502368 0
591 0.1690214017420344 4.500000000000004 0
592 3.099999999999924 7.173205080756519 0
593 2.900000000000265 7.182136720504219 0
594 8.624563492622904 6.105790472975558 0
595 8.626794919242851 5.299999999992858 0
596 8.626794919242883 4.499999999991648 0
597 5.973205080758184 3.100000000001454 0
598 5.973205080758076 2.899999999999788 0
599 5.318979734457921 0.1802029637733478 0
600 2.999999999999998 2.653589838488842 0
601 2.800000000001432 2.653589838488824 0
602 5.799999999999998 7.347898768137481 0
603 5.99999999999948 7.348146869241576 0
604 3.000000000000109 7.347898768137705 0
605 2.800000000000422 7.348146869241798 0
606 6.146410161516091 3.000000000000895 0
607 6.146410161515965 2.799999999999442 0
608 2.900000000000729 2.480384757733157 0
609 2.700000000002087 2.480384757733151 0
610 2.600000000002762 2.653589838488898 0
611 2.500000000003346 2.480384757733099 0
612 2.400000000003973 2.653589838488994 0
613 5.899999999999757 7.519755171567576 0
614 6.099999999999238 7.519928015107125 0
615 2.900000000000283 7.519755171567946 0
616 2.700000000000554 7.519928015107512 0
617 6.319615242273803 2.899999999999965 0
618 6.319615242273707 2.699999999998904 0
619 2.300000000004506 2.480384757733127 0
620 5.298710828847034 2.827539222555809 0
621 5.398495966987992 2.654458192351317 0
622 5.199534465972803 2.65385861468307 0
623 5.299671738826914 2.480574279407114 0
624 5.099867700800359 2.480461140709178 0
625 2.200000000005081 2.653589838489068 0
626 2.400000000003937 2.307179676977189 0
627 2.200000000005035 2.307179676977217 0
628 5.99999999999951 7.692895773381752 0
629 5.800000000000038 7.692856219634786 0
630 6.199999999999003 7.692885026891393 0
631 6.29999999999875 7.51967815505316 0
632 6.399999999998546 7.692841592467361 0
633 6.49999999999833 7.519629272640118 0
634 6.599999999998142 7.692826206327846 0
635 5.199923239938107 2.307223994416355 0
636 4.999965156790261 2.307199793710653 0
637 2.800000000000442 7.692895773382348 0
638 3.000000000000183 7.692856219635378 0
639 2.600000000000696 7.692885026891979 0
640 2.500000000000806 7.51967815505356 0
641 2.40000000000093 7.692841592467923 0
642 2.300000000001056 7.519629272640536 0
643 2.200000000001192 7.692826206328375 0
644 6.492820323031507 2.79999999999935 0
645 6.492820323031421 2.599999999998444 0
646 2.10000000000135 7.519618561215065 0
647 6.699999999997978 7.519618561214706 0
648 2.300000000004493 2.133974596221221 0
649 2.100000000005517 2.133974596221202 0
650 6.499999999998332 7.866029929239595 0
651 6.69999999999793 7.866027138575557 0
652 2.300000000001043 7.86602992924032 0
653 2.100000000001258 7.866027138576126 0
654 1.10000000000309 9.836788829079362 0
655 8.631752783558939 8.88988278421977 0
656 0.16797174530399 1.090935597102357 0
657 8.626794919243379 1.099999999999111 0
658 7.505908645897 9.827280648058231 0
659 1.294091354103825 0.1727193519437378 0
660 8.62728064806139 6.705908645893249 0
661 0.1714997313067318 8.697046248107672 0
662 0.1785934397388533 6.710977353851447 0
663 3.099999999999408 2.480384757733169 0
664 5.899999999999772 7.866043961609673 0
665 5.706319418743554 7.869682997634119 0
666 5.092097566966718 2.138537068056457 0
667 4.898677120626797 2.134738360979831 0
668 2.900000000000328 7.866043961610512 0
669 3.10000000000008 7.866034479522405 0
670 6.66602540378913 2.69999999999889 0
671 6.666025403789153 2.499999999998094 0
672 6.66602540378917 2.89999999999965 0
673 6.492820323031502 2.399999999997619 0
674 6.6660254037892 2.299999999997356 0
675 6.492820323031681 2.199999999996906 0
676 6.666025403789195 2.099999999996619 0
677 6.492820323031627 1.999999999996226 0
678 6.666025403789207 1.899999999995939 0
679 2.200000000005002 1.960769515465161 0
680 2.000000000005944 1.960769515465159 0
681 1.900000000006447 2.133974596221191 0
682 5.801053236457226 8.03984317648516 0
683 5.607548194610549 8.043590716950868 0
684 6.599999999998124 8.039231527913959 0
685 6.799999999997735 8.039230947566946 0
686 2.200000000001126 8.039231527914778 0
687 2.000000000001246 8.039230947567688 0
688 3.00000000000023 8.039235090134163 0
689 3.199999999999985 8.039232764761971 0
690 4.990578615444361 1.966208954370248 0
691 4.798209289345937 1.96180338273924 0
692 6.839230484546649 2.199999999997019 0
693 5.226794919243585 6.900000000000273 0
694 5.226794919243662 6.300000000001792 0
695 5.226794919243702 5.700000000003357 0
696 5.226794919243765 5.100000000004938 0
697 5.226794919243674 4.500000000006834 0
698 5.226794919242601 3.900000000007004 0
699 3.573205080757943 3.300000000002938 0
700 1.800000000006813 1.96076951546515 0
701 6.839230484546604 2.799999999999257 0
702 6.839230484546686 2.999999999999869 0
703 6.492820323031634 1.79999999999555 0
704 7.712409806187606 0.167260087042211 0
705 5.701433571844807 8.213264386021486 0
706 5.501496961076569 8.213300407484807 0
707 3.100000000000127 8.212436712932492 0
708 3.299999999999895 8.212436136606067 0
709 4.89813131746562 1.788643319068634 0
710 4.699390101136104 1.795673457692894 0
711 3.399999999999734 8.039230959794978 0
712 3.499999999999634 8.212435739723789 0
713 3.599999999999469 8.0392305928201 0
714 3.69999999999935 8.212435612414232 0
715 3.799999999999177 8.039230510439346 0
716 3.899999999999104 8.212435577465833 0
717 3.999999999998916 8.039230490884453 0
718 3.573205080757686 4.30000000000487 0
719 3.573205080757968 4.900000000004393 0
720 3.573205080758401 5.500000000003674 0
721 3.573205080758179 6.100000000002737 0
722 3.573205080757708 6.700000000001449 0
723 5.231260739117081 3.307735026921373 0
724 1.700000000007234 2.133974596221263 0
725 2.100000000005482 1.787564434709067 0
726 2.30000000000457 1.787564434709109 0
727 6.699999999997951 8.212435816362799 0
728 6.89999999999757 8.2124356843114 0
729 6.999999999997401 8.039230581546263 0
730 7.099999999997253 8.212435601299422 0
731 2.100000000001095 8.212435816363508 0
732 1.900000000001244 8.212435684312277 0
733 1.800000000001327 8.039230581546899 0
734 7.012435565303941 2.899999999999626 0
735 7.012435565304032 3.100000000000024 0
736 1.700000000001326 8.212435601300349 0
737 6.666025403789236 1.69999999999531 0
738 4.599599898414586 1.962293330505145 0
739 4.502224892250437 1.794533579765468 0
740 7.199999999997126 8.039230506707455 0
741 1.600000000001322 8.039230506708158 0
742 5.600488422153925 8.385922923204156 0
743 5.400330897205937 8.385831832608531 0
744 5.003329883895715 2.673583238727922 0
745 1.600000000007579 1.960769515465122 0
746 5.397521039815257 8.018033167105328 0
747 5.108547682525741 1.79389879138441 0
748 6.492820323031812 1.599999999994933 0
749 2.815492016052048 3.513125113440425 0
750 2.200000000005037 1.614359353952972 0
751 2.400000000004163 1.614359353953017 0
752 4.780193078069285 1.603938758748197 0
753 3.200000000000037 8.385640932544041 0
754 3.799999999999236 8.385640655934131 0
755 3.999999999999036 8.385640649727986 0
756 7.185640646061191 2.999999999999859 0
757 7.185640646061279 3.200000000000156 0
758 7.29999999999699 8.212435574990955 0
759 7.199999999997097 8.385640653668782 0
760 1.500000000007947 2.133974596221315 0
761 1.800000000001164 8.385640671889837 0
762 1.600000000001283 8.385640656360074 0
763 6.66602540378933 1.499999999994726 0
764 6.839230484546681 1.599999999995035 0
765 4.400304131778581 1.962185008811558 0
766 4.302814729663672 1.786568648780193 0
767 7.399999999996908 8.039230489849517 0
768 7.012435565302902 3.300000000000376 0
769 7.185640646061154 3.400000000000413 0
770 2.300000000004607 1.441154273196865 0
771 2.500000000003741 1.44115427319689 0
772 2.100000000005474 1.441154273196838 0
773 5.500136553227187 8.558924637426166 0
774 5.300077908406561 8.558890743003778 0
775 5.700104162563549 8.558905924769704 0
776 7.358845726818406 3.099999999999931 0
777 7.358845726817941 2.899999999999184 0
778 3.899999999999139 8.558845729068922 0
779 1.40000000000826 1.960769515465098 0
780 7.399999999996851 8.385640648937573 0
781 7.012435565302784 3.500000000000652 0
782 7.185640646061133 3.600000000000668 0
783 7.012435565304086 3.700000000000859 0
784 7.185640646061456 3.800000000000891 0
785 7.012435565304441 3.900000000001019 0
786 7.185640646061531 4.000000000001015 0
787 7.012435565304598 4.100000000001137 0
788 7.185640646061618 4.200000000001105 0
789 7.358845726818545 4.100000000000985 0
790 7.3588457268186 4.300000000001081 0
791 7.1856406460617 4.400000000001198 0
792 7.358845726818677 4.500000000001174 0
793 7.185640646061784 4.600000000001282 0
794 7.358845726818751 4.700000000001247 0
795 7.185640646061871 4.80000000000134 0
796 7.358845726818848 4.900000000001304 0
797 7.185640646061959 5.000000000001398 0
798 7.358845726818927 5.100000000001351 0
799 7.185640646062046 5.200000000001435 0
800 7.358845726818965 5.300000000001391 0
801 7.185640646062147 5.400000000001436 0
802 7.358845726819039 5.500000000001418 0
803 7.185640646062231 5.600000000001458 0
804 7.358845726819145 5.700000000001445 0
805 7.185640646062297 5.800000000001518 0
806 7.358845726819215 5.900000000001475 0
807 7.185640646062373 6.000000000001543 0
808 7.3588457268193 6.10000000000149 0
809 7.185640646062453 6.200000000001549 0
810 7.358845726819376 6.300000000001501 0
811 4.099999999998921 8.558845727798584 0
812 6.492820323032011 1.399999999994409 0
813 6.839230484546754 1.399999999994519 0
814 7.012435565304038 1.499999999994788 0
815 7.299999999996943 8.558845728559241 0
816 1.700000000001144 8.558845732834083 0
817 1.500000000001212 8.558845729531994 0
818 6.319615242274497 1.499999999994569 0
819 5.600040119298815 8.732073992327622 0
820 5.800024046976796 8.73206470468519 0
821 1.300000000008609 2.133974596221449 0
822 1.400000000008309 2.307179676977673 0
823 6.319615242274665 1.29999999999409 0
824 2.200000000001203 7.346413053065643 0
825 2.000000000001443 7.346410430953493 0
826 2.100000000001341 7.173205607588445 0
827 1.900000000001591 7.17320521346833 0
828 2.000000000001489 7.000000109923598 0
829 1.800000000001737 7.0000000105262 0
830 1.900000000001627 6.826794939317972 0
831 1.700000000001904 6.826794924343108 0
832 1.800000000001775 6.653589842682058 0
833 1.600000000002051 6.653589838889435 0
834 1.700000000001943 6.48038475849593 0
835 1.600000000001703 7.000000002603729 0
836 1.500000000002212 6.480384757924389 0
837 1.600000000002123 6.307179677132884 0
838 1.40000000000234 6.307179676988147 0
839 1.500000000002262 6.133974596245277 0
840 1.30000000000258 6.133974596223421 0
841 1.400000000002395 5.960769515465474 0
842 1.600000000002171 5.960769515465199 0
843 1.50000000000229 5.787564434704688 0
844 1.300000000002517 5.787564434704027 0
845 1.400000000002438 5.614359353946573 0
846 1.600000000002186 5.614359353946472 0
847 1.500000000002353 5.441154273189533 0
848 1.700000000002079 5.441154273189502 0
849 1.600000000002257 5.267949192432752 0
850 1.400000000002519 5.267949192432714 0
851 1.500000000002442 5.094744111676045 0
852 1.300000000002695 5.094744111675989 0
853 1.400000000002628 4.921539030919342 0
854 1.600000000002351 4.921539030919392 0
855 1.500000000002561 4.748333950162724 0
856 1.700000000002251 4.748333950162788 0
857 1.600000000002457 4.57512886940615 0
858 1.4000000000028 4.575128869406071 0
859 1.500000000002686 4.401923788649524 0
860 1.300000000003046 4.401923788649448 0
861 1.400000000002949 4.228718707892932 0
862 1.600000000002543 4.228718707893005 0
863 1.500000000002816 4.055513627136413 0
864 1.200000000003309 4.228718707892846 0
865 1.700000000002419 4.055513627136507 0
866 1.600000000002733 3.882308546379929 0
867 6.599999999998109 7.34641305306532 0
868 6.799999999997809 7.346410430953191 0
869 4.200519810241677 1.96083946669841 0
870 4.100555756652304 1.787410128922913 0
871 4.196737190729475 1.615364284823361 0
872 3.999548824565144 1.614501124796466 0
873 4.09316321990168 1.444935228630911 0
874 3.898785340746103 1.441808060905675 0
875 4.300000000001643 2.133974596217129 0
876 7.012435565304082 1.299999999994327 0
877 7.185640646061314 1.399999999994562 0
878 7.499999999996714 8.558845727581566 0
879 1.300000000002174 6.480384757764093 0
880 6.699999999997921 7.173205607588155 0
881 8.094209527021363 9.824563492618951 0
882 0.1777086041439444 9.301840399803076 0
883 0.6827259902061681 0.1820548163742936 0
884 3.799722360887015 1.614491947041291 0
885 3.699751283607468 1.441285336658984 0
886 7.016394210099511 6.092356119804627 0
887 7.012435565305108 5.300000000001358 0
888 6.146410161517258 1.399999999994221 0
889 6.146410161517363 1.199999999993781 0
890 2.200000000005064 1.267949192440692 0
891 2.000000000005884 1.26794919244068 0
892 3.998658093442664 1.268688316293376 0
893 3.999999999999048 8.732050808107608 0
894 4.199999999998806 8.732050807821242 0
895 1.600000000001084 8.732050809024718 0
896 1.800000000000752 8.732050808813762 0
897 1.400000000001137 8.732050808263706 0
898 1.300000000001178 8.558845727379907 0
899 7.532050807575389 2.999999999999681 0
900 7.532050807574958 2.799999999998967 0
901 7.532050807575814 4.80000000000109 0
902 7.532050807576052 5.600000000001067 0
903 7.532050807575573 4.200000000000966 0
904 5.400311807528415 2.310706852551206 0
905 1.200000000001094 8.732050807778146 0
906 7.185640646061364 1.199999999994149 0
907 7.35884572681853 1.299999999994402 0
908 7.358845726818508 1.499999999994701 0
909 7.53205080757568 1.399999999994471 0
910 7.532050807575632 1.599999999994782 0
911 5.217863279495955 7.099999999999743 0
912 5.052101231862546 7.000000000000004 0
913 5.051853130758441 7.199999999999499 0
914 4.880244828432429 7.09999999999974 0
915 4.880071984892857 7.299999999999265 0
916 4.707104226618187 7.199999999999493 0
917 4.707143780365176 6.999999999999947 0
918 1.20053610466391 1.960459995298195 0
919 1.300089350784446 1.787512848014212 0
920 1.200000000008938 2.307179676977831 0
921 1.300000000008669 2.480384757734182 0
922 6.899999999997676 7.173205213468049 0
923 1.8000000000023 3.882308546379988 0
924 1.700000000002552 3.709103465623432 0
925 1.500000000003062 3.709103465623399 0
926 1.60000000000287 3.53589838486697 0
927 1.40000000000339 3.535898384866883 0
928 1.800000000002305 3.535898384867003 0
929 3.599977164226652 1.614370792608375 0
930 3.499954741307151 1.441178023546596 0
931 4.299999999998666 8.558845727016831 0
932 4.399999999998538 8.732050807643176 0
933 3.899999999999004 7.866025409157086 0
934 2.600000000003269 1.614359353953044 0
935 3.000000000000207 8.385640885074274 0
936 3.100000000000141 8.558845749609031 0
937 2.900000000000237 8.558845770446606 0
938 3.000000000000225 8.732050818639369 0
939 2.800000000000243 8.732050816684964 0
940 7.399999999996781 8.73205080798612 0
941 7.199999999997051 8.73205080792737 0
942 7.532050807576244 6.200000000001419 0
943 7.532050807576309 6.400000000001478 0
944 4.533956038390195 7.099999999999714 0
945 4.533965520478299 6.900000000000134 0
946 5.973205080760058 1.29999999999394 0
947 5.973205080760136 1.099999999993552 0
948 5.800000000002914 1.19999999999367 0
949 7.599999999996563 8.732050807764551 0
950 7.532050807575782 1.199999999994052 0
951 1.100640347235981 1.787194730064899 0
952 1.20012161634269 1.614289138729184 0
953 7.012435565304895 4.700000000001332 0
954 4.100086635041934 2.133986254756771 0
955 4.200014439175179 2.307181620063747 0
956 7.012435565304143 1.099999999993896 0
957 5.693255142571989 8.901361748980142 0
958 5.893249411245303 8.925626005599229 0
959 1.500000000000861 8.905255888682975 0
960 7.705255888332738 1.499999999994557 0
961 7.705255888332644 1.699999999994847 0
962 6.839230484547275 3.600000000000888 0
963 7.699999999996536 8.558845726970898 0
964 1.100000000001121 8.558845726940259 0
965 1.900000000001668 6.480384758556285 0
966 6.319615242274883 1.099999999993626 0
967 4.224124853057979 1.285305023222321 0
968 4.103797157751308 1.097759937452126 0
969 4.300000000001474 1.094744111677511 0
970 1.900000000002088 4.055513627136606 0
971 5.973205080759432 1.499999999994951 0
972 1.100000000003389 4.401923788649386 0
973 1.000000000003603 4.22871870789273 0
974 2.300000000004602 2.826794919245 0
975 1.675465570576431 3.363581205148794 0
976 4.707114973108557 7.399999999999038 0
977 1.100000000009232 2.480384757734251 0
978 1.000126993936155 1.61428603397444 0
979 1.100041435052578 1.441130350662285 0
980 5.800000000002989 0.9999999999933415 0
981 5.626794919245776 1.099999999993426 0
982 6.319615242273716 2.099999999996664 0
983 2.100000000005485 1.094744111684496 0
984 1.90000000000628 1.094744111684485 0
985 4.099999999998944 8.905255888455599 0
986 3.899999999999163 8.905255888435272 0
987 7.299999999996874 8.905255888356196 0
988 7.099999999997204 8.905255888388147 0
989 2.900000000000264 8.905255889199589 0
990 2.700000000000218 8.905255889989345 0
991 7.705255888332367 2.899999999999567 0
992 7.705255888332465 3.099999999999699 0
993 7.705255888332493 2.699999999999255 0
994 7.705255888333211 6.300000000001376 0
995 7.705255888333265 6.500000000001453 0
996 4.000016845704195 2.307181943912067 0
997 4.100005214147898 2.480385459402043 0
998 6.79999999999778 7.000000109923303 0
999 1.000000000001017 8.732050807623894 0
1000 1.200000000009009 2.653589838490677 0
1001 1.006319418751854 2.65723835660275 0
1002 0.8800133607456471 2.488611962639532 0
1003 7.532050807576363 6.600000000001526 0
1004 7.705255888333305 6.700000000001499 0
1005 4.360764909866699 6.999999999999922 0
1006 4.360767235238885 6.800000000000336 0
1007 4.49999999999913 8.558845726857296 0
1008 4.60000000000028 8.732050807587076 0
1009 5.973205080757389 3.5000000000042 0
1010 5.700000000007868 9.826794919243858 0
1011 2.700000000002879 1.441154273196905 0
1012 2.800000000002456 1.614359353953107 0
1013 8.099999999997815 0.1732050807570699 0
1014 3.573205080757968 3.700000000004998 0
1015 0.7000000000021849 9.826794919242953 0
1016 8.614717056133152 0.6871254176586241 0
1017 4.700000000010797 9.826794919243625 0
1018 7.532050807575644 1.799999999994912 0
1019 7.705255888332652 1.899999999994928 0
1020 7.532050807575082 2.599999999997495 0
1021 1.50675555181241 9.830695238897677 0
1022 4.885619681837731 0.17987900963739 0
1023 3.900000000010198 9.826794919242682 0
1024 3.105790472972644 0.1754365073825795 0
1025 3.100000000008185 9.826794919242735 0
1026 6.839230484547298 4.000000000001673 0
1027 7.185640646061424 0.9999999999937494 0
1028 2.000000000001989 3.882308546380049 0
1029 1.800000000002052 4.921539030919425 0
1030 1.900000000001925 4.748333950162841 0
1031 2.000000000001724 4.921539030919456 0
1032 2.100000000001569 4.748333950162893 0
1033 4.499999999998783 8.90525588833902 0
1034 4.699999999999637 8.9052558883286 0
1035 8.620526686041492 9.309828095350881 0
1036 7.012435565305343 5.700000000001305 0
1037 8.626794919242883 8.4999999999977 0
1038 5.498882543645843 8.904610729224451 0
1039 8.626794919243279 4.099999999991105 0
1040 0.1732050807568815 0.6999999999999452 0
1041 3.900409208533878 1.095369936616612 0
1042 1.800000000001902 5.614359353946158 0
1043 2.300000000006128 9.826794919242731 0
1044 6.706319418738632 0.1695565626440605 0
1045 2.306755551802862 0.1693047611011342 0
1046 8.605372030435696 7.704776504835698 0
1047 5.900021368256271 8.558858075988697 0
1048 8.626794919242851 5.699999999993462 0
1049 8.626794919242858 4.899999999992271 0
1050 0.1906692950130554 4.912081438540355 0
1051 0.1755212678788619 3.89375656418875 0
1052 0.1690598923244312 5.69999999999998 0
1053 0.1771599026815694 7.697448219029294 0
1054 0.1686318228069492 3.097954285895895 0
1055 1.100000000001 8.905255888368671 0
1056 6.49324444819641 9.830695238899034 0
1057 5.200068134269944 8.385680013176938 0
1058 8.638697609665179 3.303446710100149 0
1059 2.816179790074389 5.288309839864517 0
1060 5.9732050807592 5.300000000001839 0
1061 2.820120990360869 6.085619681845595 0
1062 5.973205080759076 4.50000000000279 0
1063 1.200000000002659 5.614359353946297 0
1064 5.979879009638851 6.085619681844753 0
1065 1.400000000008611 2.653589838490181 0
1066 8.626794919243618 1.499999999998284 0
1067 8.626794919243618 2.299999999995949 0
1068 2.300000000004661 1.094744111684525 0
1069 1.100000000002727 5.787564434702944 0
1070 1.000000000002851 5.614359353946003 0
1071 4.106755551797896 0.1693047611010829 0
1072 1.800000000001423 7.346410228538153 0
1073 7.532050807575902 5.200000000001305 0
1074 4.533972703557453 6.700000000000547 0
1075 4.360768819980789 6.600000000000755 0
1076 4.533974164860967 6.500000000000974 0
1077 4.360769327655038 6.400000000001175 0
1078 4.533974493023941 6.300000000001394 0
1079 4.367358002312921 6.200000000001594 0
1080 3.499999999999561 7.86602550103896 0
1081 7.358845726818461 3.700000000000746 0
1082 4.535072660160759 6.100000000001812 0
1083 4.371490833180306 5.995060727050326 0
1084 4.535944493161466 5.899176787843622 0
1085 4.36573640847333 5.794100312865698 0
1086 4.535130727877101 5.698879516786771 0
1087 4.368378554924897 5.598829971610751 0
1088 4.535435458071653 5.49961824806842 0
1089 4.371721391600873 5.394802096997102 0
1090 4.536043385883427 5.299070057513374 0
1091 4.365791316997146 5.194039419469267 0
1092 4.535156361418125 5.098851579499859 0
1093 4.36839197860246 4.998815166497703 0
1094 6.999999999997579 7.346410228538059 0
1095 4.535441967608145 4.899611124335955 0
1096 4.371724713803321 4.794798442190308 0
1097 4.536045024506663 4.699068261090998 0
1098 4.365792143801453 4.594038510931814 0
1099 4.53515677232283 4.498851128673948 0
1100 4.361803649535491 4.398814939937755 0
1101 3.100000000000287 8.905255890315027 0
1102 4.533974596218158 4.300000000005285 0
1103 4.360941871140311 4.199802489993941 0
1104 4.534003322164583 4.099967081670357 0
1105 4.367391564417489 3.99996159528063 0
1106 4.535083058701645 3.899988112828684 0
1107 4.371498159954866 3.795052345069046 0
1108 4.535947447381146 3.699173409652238 0
1109 4.365738121972235 3.594098352837122 0
1110 4.535131505831048 3.498878627083536 0
1111 4.361790434815028 3.398829496655085 0
1112 7.7999999999964 8.732050807625896 0
1113 7.699999999996415 8.905255888365671 0
1114 0.9000000000010504 8.558845726841234 0
1115 1.000000000001126 8.385640646080072 0
1116 7.199999999996985 9.07846096909546 0
1117 6.999999999997369 9.078460969092518 0
1118 6.8999999999976 8.905255888335493 0
1119 6.79999999999781 9.078460969083226 0
1120 6.699999999998067 8.905255888325218 0
1121 6.606755551806857 9.074560649424772 0
1122 7.878460969089366 2.999999999999675 0
1123 7.878460969089436 3.199999999999622 0
1124 7.878460969090188 6.400000000001373 0
1125 7.878460969090135 6.200000000001262 0
1126 0.1791277555232251 1.506523678061528 0
1127 5.699999999991584 0.1732050807572763 0
1128 0.9000000000009055 8.90525588834087 0
1129 4.360769515461188 7.199999999999508 0
1130 1.10105323646637 2.827403005599206 0
1131 2.200000000001205 7.00000010612546 0
1132 6.599999999998009 7.000000106125317 0
1133 6.699999999997877 6.826794955250919 0
1134 0.900028071504639 1.441138066110557 0
1135 1.000011584432471 1.267942504169469 0
1136 4.533974596218869 3.300000000002327 0
1137 5.626794919245871 0.8999999999931296 0
1138 5.453589838488701 0.9999999999931528 0
1139 5.973205080760382 0.8999999999931172 0
1140 4.198563199651053 7.114985354084364 0
1141 2.826794919243593 4.500000000006936 0
1142 0.9000000000029079 5.787564434702714 0
1143 7.012435565304222 0.8999999999934714 0
1144 7.899999999996276 8.905255888339763 0
1145 7.799999999996286 9.078460969089381 0
1146 0.9075481946186663 2.831152871436611 0
1147 2.100000000001801 4.055513627136691 0
1148 7.510059422233494 6.822985042961684 0
1149 7.705255888333339 6.900000000001532 0
1150 7.899999999996415 8.558845726846032 0
1151 4.360939668686884 3.199804916110667 0
1152 4.099999999998671 7.866025404291368 0
1153 0.9000000000036709 4.401923788649352 0
1154 0.9077717703987367 1.783531952478114 0
1155 0.1732050807568596 2.299999999999956 0
1156 4.880321844946781 7.49999999999881 0
1157 2.000000000005893 0.9215390309282769 0
1158 1.800000000006661 0.9215390309282677 0
1159 5.591934062562554 9.073804099683006 0
1160 5.398469434368982 9.077577297661971 0
1161 4.599999999998646 9.078460969082904 0
1162 4.200632859626507 0.9220416685500276 0
1163 4.398464327013764 0.9206752857005402 0
1164 3.00000000000031 9.078460969558449 0
1165 3.200000000000387 9.078460969492056 0
1166 1.0000000000009 9.078460969091218 0
1167 3.99999999999911 9.078460969090241 0
1168 7.878460969089569 1.799999999994922 0
1169 7.878460969089585 1.999999999994893 0
1170 7.878460969090257 6.800000000001484 0
1171 7.878460969090284 7.000000000001536 0
1172 7.705255888333359 7.10000000000159 0
1173 7.878460969090303 7.200000000001587 0
1174 7.704521281997637 7.29048098923675 0
1175 7.87833853470103 7.398413498207494 0
1176 0.9935658090926777 2.996285218145879 0
1177 4.713126483508736 7.599999999998587 0
1178 5.582601503917207 7.695724424570177 0
1179 6.319615242273795 3.100000000001023 0
1180 3.000000000000057 2.307179676977368 0
1181 3.199999999999009 2.307179676977327 0
1182 2.600000000000203 8.73205080936404 0
1183 2.500000000000139 8.905255888900818 0
1184 2.600000000000169 9.078460969454433 0
1185 2.400000000000048 9.07846096923913 0
1186 4.302111332156112 2.479891271228767 0
1187 3.900003676643279 2.476293824290402 0
1188 5.973205080758257 2.699999999998655 0
1189 5.626794919245386 1.299999999994022 0
1190 2.200000000001665 3.882308546380057 0
1191 3.990378977313722 2.633381516971265 0
1192 7.185640646061498 0.7999999999933143 0
1193 0.8000000000038603 4.22871870789263 0
1194 0.9000000000038272 4.05551362713605 0
1195 0.800000000003021 5.614359353945883 0
1196 2.100000000005632 2.826794919245087 0
1197 2.200000000005172 3.000000000001147 0
1198 6.499999999998403 8.212435781036135 0
1199 2.800000000000287 8.385640693162715 0
1200 1.800000000006672 1.267949192440697 0
1201 0.8000000000011035 8.385640646055656 0
1202 0.9000000000011499 8.212435565301167 0
1203 2.200000000001347 4.921539030919476 0
1204 7.351278325552249 6.687652273138996 0
1205 7.999999999996175 9.078460969083892 0
1206 0.8065225929470528 9.074695148292086 0
1207 4.215825468510968 5.088930551760674 0
1208 4.21581407981055 5.688943168178202 0
1209 4.193718901865415 4.497765902164428 0
1210 4.205028818200707 6.296471947893102 0
1211 4.205053354580549 4.096443862809221 0
1212 4.193714818011896 3.49777042102944 0
1213 0.800006609329489 1.267945376546756 0
1214 0.9000030323000801 1.094742360989026 0
1215 1.100002436128109 1.094742705188827 0
1216 1.000000911410996 0.9215385047282824 0
1217 0.8000006572918401 0.9215386514442583 0
1218 4.534002955089703 3.099967486019717 0
1219 5.453589838488806 0.7999999999929377 0
1220 5.280384757731707 0.8999999999930056 0
1221 5.280384757731591 1.099999999993123 0
1222 5.107179676974648 0.9999999999930094 0
1223 5.107179676974737 0.7999999999929208 0
1224 4.881365406689142 7.699999999998365 0
1225 4.70357777967538 7.836544462608552 0
1226 0.8057310381914142 3.003308816440622 0
1227 0.9000000000098328 3.173205080760372 0
1228 4.799999999998283 9.07846096908076 0
1229 3.800003420392713 2.306498232556701 0
1230 7.532050807575684 1.999999999995035 0
1231 2.900000000002077 1.441154273196912 0
1232 2.800000000002488 1.267949192440686 0
1233 3.000000000001639 1.614359353953138 0
1234 1.900000000001794 5.441154273189475 0
1235 2.000000000001585 5.614359353946111 0
1236 2.100000000001446 5.441154273189544 0
1237 2.200000000001232 5.614359353946136 0
1238 2.100000000001394 5.787564434702685 0
1239 3.700001182839944 2.475497933213283 0
1240 3.199999999999871 7.346658262617233 0
1241 4.399999999998641 8.385640646095366 0
1242 4.599999999998513 8.385640646058475 0
1243 6.83923048454766 4.200000000001303 0
1244 6.666025403790423 4.100000000001908 0
1245 6.666025403790798 4.300000000001382 0
1246 6.501125925299974 8.904605835047095 0
1247 6.399999999998834 9.078460969078709 0
1248 7.012435565304083 2.699999999998273 0
1249 4.487614612543309 1.093767234918517 0
1250 1.200000557929226 0.9215387088114652 0
1251 7.012435565304054 1.699999999995202 0
1252 0.9000000000029774 5.441154273189149 0
1253 5.05334173738308 6.800000000000441 0
1254 1.200000000002905 4.921539030919297 0
1255 7.799999999996506 8.385640646085402 0
1256 7.999999999996455 8.385640646055286 0
1257 7.899999999996503 8.212435565301501 0
1258 3.699999999999422 8.558845728832971 0
1259 2.00000000000608 2.653589838489077 0
1260 2.500000000003455 2.133974596221261 0
1261 7.299999999997008 7.866025408362131 0
1262 4.707179676974311 6.000000000002037 0
1263 4.70717967697437 5.400000000003314 0
1264 3.79999999999934 9.07846096910014 0
1265 2.400000000000127 8.732050807962427 0
1266 1.900000000006565 2.82679491924517 0
1267 4.707179676974477 4.800000000004596 0
1268 3.00000000000174 1.267949192440684 0
1269 2.900000000002116 1.094744111684401 0
1270 3.100000000001098 1.094744111684231 0
1271 3.000000000001726 0.9215390309280848 0
1272 3.200000000001489 0.9215390309262501 0
1273 2.800000000002465 0.921539030928102 0
1274 4.707184464632235 4.199994513617356 0
1275 4.707701303771231 3.599675339458839 0
1276 2.400000000004209 3.000000000001006 0
1277 2.300000000004844 3.17226438394731 0
1278 3.999999999998803 7.692820324006797 0
1279 0.9000002614569365 0.7483337992230102 0
1280 5.498400582822471 9.250742626365195 0
1281 5.71422446001544 9.234855579217559 0
1282 5.29947833619971 9.251364867352823 0
1283 2.900000000002124 0.7483339501718183 0
1284 2.700000000002835 0.7483339501718134 0
1285 7.899999999996169 9.251666049838526 0
1286 7.699999999996323 9.25166604983813 0
1287 6.703810138721104 9.249466265218015 0
1288 7.099999999997127 9.251666049836636 0
1289 0.9078426506336186 9.247138093386365 0
1290 1.10130710843974 9.250911390431101 0
1291 4.299923230157617 0.7483032437364723 0
1292 4.100092681631899 0.7484126053645787 0
1293 4.486864082315121 0.7266602201333471 0
1294 2.500000000000088 9.251666049926373 0
1295 2.299999999999932 9.251666049878889 0
1296 8.05166604984715 6.300000000001266 0
1297 8.051666049847086 6.100000000001153 0
1298 8.051666049847229 6.900000000001488 0
1299 8.051666049846236 3.099999999999622 0
1300 8.051666049846272 3.299999999999506 0
1301 8.051666049846204 2.899999999999754 0
1302 7.878460969089554 3.399999999999509 0
1303 8.051666049846421 3.499999999999327 0
1304 7.878460969089685 3.599999999999371 0
1305 8.05166604984657 3.699999999999187 0
1306 7.499999999996827 7.866025404211232 0
1307 6.499999999998101 6.826794942931667 0
1308 6.599999999997967 6.653589848435441 0
1309 1.200000000009175 3.000000000003676 0
1310 4.187564434704679 6.700000000000527 0
1311 6.799999999997778 6.653589846145508 0
1312 0.7000000000030586 5.787564434702635 0
1313 0.8000000000029692 5.960769515459404 0
1314 2.300000000001009 5.787564434702707 0
1315 2.200000000001196 5.960769515459244 0
1316 7.007433640774736 0.6913364125722303 0
1317 6.838396830458731 0.7985560687563931 0
1318 0.7065005439398448 3.176958171548127 0
1319 0.7930747093389503 3.342411843083877 0
1320 8.096750038242716 8.556969360522451 0
1321 2.816940740388146 6.894310687185241 0
1322 2.300000000001188 4.748333950162943 0
1323 4.899591417212404 7.909316614727257 0
1324 7.099999999997465 7.173205114045477 0
1325 1.900000000006288 0.7483339501720391 0
1326 2.100000000005534 0.7483339501720598 0
1327 1.700000000007023 0.748333950172013 0
1328 4.699999999998344 9.251666049836604 0
1329 4.499999999998657 9.251666049836523 0
1330 3.899999999999266 9.251666049841635 0
1331 3.699999999999529 9.251666049840795 0
1332 3.100000000000397 9.251666049876086 0
1333 8.051666049846407 1.899999999994943 0
1334 8.051666049846409 1.699999999995018 0
1335 8.051666049846434 2.099999999994839 0
1336 8.051645644115698 7.299735583035913 0
1337 8.050408759836746 7.497555057754732 0
1338 0.7036219609451435 8.903164748198614 0
1339 5.053742794516284 7.599999999998588 0
1340 7.199999999997319 7.34641017823174 0
1341 0.7000000000040631 4.055513627135898 0
1342 5.399646486504446 9.424667029598256 0
1343 7.799999999996158 9.424871130592992 0
1344 8.224871130602917 2.999999999999678 0
1345 0.7000000000031209 5.441154273189106 0
1346 0.8000000000031622 5.267949192432425 0
1347 2.299158533346278 5.440668452189755 0
1348 2.300000000001503 4.055513627136735 0
1349 2.400000000001493 3.882308546380082 0
1350 0.7029866100667627 0.7466096300494138 0
1351 8.09999999999607 9.251666049837354 0
1352 0.702465721148914 9.249428634623641 0
1353 0.7010153796211883 2.819178673585104 0
1354 0.70000578014578 1.441150936032856 0
1355 6.699999999997851 6.480384760663999 0
1356 6.49999999999803 6.480384759876555 0
1357 6.599999999997916 6.307179677819439 0
1358 8.099999999996522 8.212435565296925 0
1359 0.702392011026158 8.211054537088259 0
1360 0.8003986685053752 8.039000313172181 0
1361 1.000066444751881 8.039192122645701 0
1362 0.9000775188770773 7.865980648239039 0
1363 1.100006245820091 7.866021797757436 0
1364 1.000013960783758 7.692812262764273 0
1365 1.200003367768119 7.692818378644671 0
1366 1.100002888092881 7.519613574828495 0
1367 0.9000028081470767 7.519613620985206 0
1368 1.00000094937429 7.346409613391384 0
1369 0.7947818731658584 7.34335345869311 0
1370 0.8991304704243934 7.17269553893196 0
1371 0.6937917049468494 7.166686903151275 0
1372 0.7988203625629909 6.998828713427202 0
1373 0.9996584721655652 6.999719861932718 0
1374 0.8997464724558839 6.826553015135474 0
1375 0.6909744309444159 7.514215435154105 0
1376 0.6997611391710291 6.826559387462 0
1377 0.7999179352723648 6.653510265837177 0
1378 5.62679491924596 0.69999999999285 0
1379 0.7000000000038933 4.401923788649275 0
1380 0.8000000000037339 4.575128869406031 0
1381 7.999999999996565 8.039230484539816 0
1382 2.300000000001541 3.710044162433388 0
1383 0.8000000000040305 3.882308546379256 0
1384 5.98305925961167 6.894310687185106 0
1385 6.492820323033703 4.200000000001876 0
1386 6.492820323031371 4.00000000000364 0
1387 6.492820323034026 4.400000000001395 0
1388 5.100006336019563 8.558849387753032 0
1389 7.878460969089625 2.19999999999483 0
1390 8.051666049846467 2.299999999995106 0
1391 7.878460969089797 3.799999999999271 0
1392 8.051666049846691 3.899999999999131 0
1393 6.600187654215212 8.731942465353772 0
1394 6.400218929918513 8.731924408317935 0
1395 1.300000271409792 7.519615085571188 0
1396 6.000175539408987 8.03933569283455 0
1397 3.699949920854144 1.787588439996243 0
1398 3.499987847514978 1.787570342030139 0
1399 1.300000000003553 3.709103465623343 0
1400 2.200000000001424 4.575128869406369 0
1401 1.300000499015378 1.094743823581768 0
1402 1.700000000001182 7.866025423645274 0
1403 4.707179587882507 6.400000000001185 0
1404 7.878460969090055 6.000000000001142 0
1405 8.051666049847089 5.900000000000976 0
1406 3.300000000000199 8.905255888723957 0
1407 2.900000000002022 1.787564434709304 0
1408 2.400000000000944 8.039231412678321 0
1409 1.70000000000727 1.787564434708874 0
1410 4.799773712903583 2.30001328766518 0
1411 2.199999999999867 9.078460969113898 0
1412 2.106755551808494 9.247765730194764 0
1413 4.707184403454781 3.199994581004928 0
1414 0.6160701925086658 8.374657956248743 0
1415 4.199999999998455 7.692820323274483 0
1416 5.107179676974583 1.199999999993068 0
1417 4.360802600810796 2.999962067022408 0
1418 4.187564434703853 3.100000000001456 0
1419 4.533979821067402 2.899994009613181 0
1420 6.399999999998302 7.000000021635199 0
1421 7.17980506744376 0.589892481335292 0
1422 7.357873130382456 0.6983154135502216 0
1423 4.499999999998353 8.21243556530424 0
1424 7.890046628817689 7.610654708885649 0
1425 0.5910683602555253 4.579274057838314 0
1426 0.6985113933790418 4.749024814901396 0
1427 7.357711030976493 0.4980346491427066 0
1428 7.531959383330964 0.5998416485555822 0
1429 6.399999999998087 6.307179677471488 0
1430 6.491158370198889 6.139079313784593 0
1431 5.199854137118708 9.424786916677691 0
1432 7.599999999996336 9.424871130592992 0
1433 8.224871130603576 2.799999999999002 0
1434 8.20893163974479 8.032692070448714 0
1435 0.6028571242810887 8.03758092306758 0
1436 4.933974596217777 0.8999999999929265 0
1437 4.933974596217809 0.6999999999928886 0
1438 5.107179676974786 0.5999999999928359 0
1439 2.518340220642356 3.202059529316867 0
1440 0.5999465124085348 6.653537321080188 0
1441 0.6999774079482999 6.480362742719376 0
1442 0.5057885902506074 6.477022970753866 0
1443 0.6140687336432897 0.9168134921762984 0
1444 8.199999999996114 9.078460969080322 0
1445 0.6000000000032246 5.267949192432352 0
1446 2.400000000000941 4.921539030919495 0
1447 0.6000000000103244 3.346410161517098 0
1448 0.6000000000042505 3.882308546379156 0
1449 0.6000000000030947 5.9607695154592 0
1450 2.400000000000793 5.960769515459269 0
1451 2.300000000000988 6.133974596215809 0
1452 6.835973264883918 0.5949813063208447 0
1453 6.665343591497863 0.6989228958414586 0
1454 2.400000000001025 4.575128869406429 0
1455 2.108008714664187 3.167483767581809 0
1456 1.208008714663235 3.540522218431251 0
1457 8.492264973079966 0.1687392608832725 0
1458 0.3077350269199985 9.831260739116713 0
1459 8.60680207262889 9.700933623741056 0
1460 0.1687392608829969 0.3077350269189864 0
1461 2.700000000000531 7.183914778416836 0
1462 4.099999999998596 7.519615242474534 0
1463 3.899999999998941 7.519615242467336 0
1464 0.5000000000042519 4.055513627135815 0
1465 7.299999999997283 7.173205089090638 0
1466 5.199657961761162 9.078263493428397 0
1467 3.299999999998349 2.480384757733389 0
1468 5.000012411715639 8.385647817396762 0
1469 3.600000767205704 2.30625163215235 0
1470 3.100000000000824 1.787564434709145 0
1471 6.319615242276981 4.300000000001919 0
1472 6.319615242277301 4.500000000001423 0
1473 6.492820323034152 4.600000000001204 0
1474 6.319615242277434 4.70000000000121 0
1475 6.492820323034243 4.800000000001043 0
1476 6.319615242277525 4.900000000001051 0
1477 6.492820323034325 5.000000000000894 0
1478 6.319615242277608 5.100000000000893 0
1479 6.492820323034392 5.20000000000074 0
1480 6.319615242277697 5.300000000000736 0
1481 6.492820323034476 5.400000000000585 0
1482 6.319615242277784 5.500000000000579 0
1483 6.493463304836688 5.598886322850857 0
1484 6.315710533268739 5.687770872105999 0
1485 4.899999999999933 8.905255888323236 0
1486 7.705255888332669 3.499999999999778 0
1487 0.8999875408609612 6.480372663959455 0
1488 7.878460969089897 3.999999999999214 0
1489 8.051666049846858 4.099999999999119 0
1490 6.666025403791193 5.10000000000093 0
1491 6.666025403788234 3.100000000001089 0
1492 2.100000000001374 6.133974596215788 0
1493 6.799999999997809 8.385640707732957 0
1494 7.53187347079569 0.7996928436799533 0
1495 7.705211094828866 0.6999224153681602 0
1496 7.705218866618916 0.8999358765037677 0
1497 7.878457419561326 0.7999938520293113 0
1498 7.878454207216183 0.9999882880846399 0
1499 8.051664331279913 0.8999970233481328 0
1500 8.051664636440089 1.099997551901334 0
1501 8.052683748698954 0.7024051108811187 0
1502 6.665933356511976 0.899846875880846 0
1503 5.28038475773145 1.29999999999318 0
1504 4.299999999998303 7.866025403908994 0
1505 1.200012115096106 8.03922348988635 0
1506 1.300027175238224 1.44113858356961 0
1507 1.800000000007048 2.653589838489109 0
1508 8.051666049846261 2.699999999999959 0
1509 8.224871130603603 2.599999999997588 0
1510 2.200000000001175 6.307179676972343 0
1511 2.400000000000778 6.307179676972366 0
1512 2.300000000000971 6.480384757728892 0
1513 2.500000000000183 8.558845727175289 0
1514 3.199999999999884 7.692827818417737 0
1515 7.19423976289248 6.400393653143739 0
1516 5.453589838488878 0.5999999999927114 0
1517 3.599951004154392 1.267974994738388 0
1518 6.492691346437518 0.7997949619490601 0
1519 6.492685191551402 0.5997863096267115 0
1520 6.319571224262548 0.6999302119244388 0
1521 5.601473977692719 7.347948721958192 0
1522 5.216085221583279 7.29999999999928 0
1523 7.878460969090015 4.199999999999247 0
1524 8.051666049847038 4.299999999999174 0
1525 7.878460969090161 4.399999999999345 0
1526 8.051666049847203 4.499999999999286 0
1527 7.878460969090271 4.599999999999465 0
1528 8.05166604984735 4.699999999999416 0
1529 7.878460969090423 4.799999999999619 0
1530 8.051666049847514 4.899999999999554 0
1531 7.878460969090584 4.999999999999774 0
1532 8.051666049847679 5.099999999999703 0
1533 7.878460969090684 5.199999999999859 0
1534 8.051666049847828 5.299999999999846 0
1535 7.878460969090537 5.399999999999991 0
1536 8.051666049847535 5.500000000000225 0
1537 4.099999999999135 9.251666049838805 0
1538 7.532050807575494 4.000000000000841 0
1539 2.000000000001875 4.228718707893205 0
1540 7.358845726818644 1.899999999994997 0
1541 7.358845726818689 2.099999999995191 0
1542 7.53205080757574 2.199999999995152 0
1543 7.358845726818723 2.299999999995403 0
1544 8.051666049847196 6.700000000001416 0
1545 7.878460969089993 5.800000000001038 0
1546 2.900000000000278 9.251666049923642 0
1547 0.6015193091881919 1.268823981650349 0
1548 2.800000000000445 8.039234345109998 0
1549 3.29999999999999 8.558845778358139 0
1550 6.666132567424921 5.499814387142255 0
1551 6.666793409832725 5.698669774516387 0
1552 7.099999999997353 7.519615256226676 0
1553 1.100000000001533 6.826794919241721 0
1554 1.199943078695402 6.999953310320894 0
1555 7.399999999996895 7.692820323860465 0
1556 3.699999999999531 8.905255888345046 0
1557 7.185640646061486 1.999999999995374 0
1558 2.300000000000137 8.55884572680973 0
1559 3.300000000000295 9.251666049912288 0
1560 2.001125925301249 9.077810915812385 0
1561 1.901125925302861 9.277003835425697 0
1562 2.200000000000147 8.732050807632522 0
1563 1.70000000000747 2.826794919245272 0
1564 2.000000000005937 0.5751288694158071 0
1565 2.200000000005195 0.5851227792507026 0
1566 2.300000000004707 0.7499996018112232 0
1567 2.405790472980302 0.5560297594880983 0
1568 2.800000000002534 0.5751288694155618 0
1569 3.000000000001388 0.5751288694153103 0
1570 0.8004978119272355 0.5748414575685959 0
1571 1.000083012237054 0.5750809422815806 0
1572 0.5937309351576519 0.5863312938640406 0
1573 4.599999999999281 9.424871130592997 0
1574 4.799999999998718 9.42487113059215 0
1575 4.399999999998985 9.424871130592599 0
1576 4.200000000001462 0.5751288694077459 0
1577 4.000015446940192 0.5851358884434377 0
1578 3.900018021430165 0.7500148958703872 0
1579 3.800005578063296 0.5770768635315335 0
1580 3.700003933250687 0.7489387734693942 0
1581 3.600001585220884 0.5755543389794582 0
1582 3.799999999999365 9.424871130593727 0
1583 3.599999999999606 9.424871130594298 0
1584 3.000000000000367 9.424871130615369 0
1585 2.800000000000206 9.424871130612441 0
1586 2.205629626507835 9.407743040243172 0
1587 1.012888054397471 9.441857453675912 0
1588 1.209121412282066 9.423676088218915 0
1589 1.300452438252553 9.251581462609465 0
1590 1.401595641756638 9.414663949157566 0
1591 1.50034134666874 9.249950755060127 0
1592 1.593567279597489 9.399368489299803 0
1593 8.224871130603127 3.399999999999249 0
1594 8.214877220766631 3.799999999998969 0
1595 8.2248711306039 4.199999999998965 0
1596 8.224871130603159 1.799999999995005 0
1597 8.224871130603404 1.59999999999489 0
1598 8.051666049846512 1.499999999995181 0
1599 8.224871130603571 1.399999999994532 0
1600 8.224870994724103 0.999999764643124 0
1601 8.224871130603182 2.199999999994822 0
1602 8.224871130604278 4.599999999999229 0
1603 8.224871130604136 6.200000000001155 0
1604 8.224871130604178 6.400000000001276 0
1605 8.2248711306042 6.800000000001449 0
1606 8.22487113060421 7.000000000001537 0
1607 8.245795568194827 5.005790472976985 0
1608 8.224658181313876 7.399548440132886 0
1609 8.218809428268731 7.588396384885082 0
1610 8.224871130604875 5.399999999999823 0
1611 8.224871130604827 5.600000000000124 0
1612 0.4989052535918854 5.439821021734564 0
1613 5.083943136856803 8.190569686361613 0
1614 4.514667549756566 7.511632076121018 0
1615 5.615768026048806 2.674241932525584 0
1616 0.5059825703695138 6.823264741191701 0
1617 8.299999999996595 8.21243556529549 0
1618 2.500000000001571 3.709260248425002 0
1619 5.096439612944407 1.426050542031322 0
1620 4.933974596217674 1.299999999993021 0
1621 5.280384757731293 1.499999999993197 0
1622 1.800000000007073 3.000000000001407 0
1623 1.6087989039136 3.005374918428594 0
1624 2.230483452695954 3.346191265540339 0
1625 1.301334785780281 3.364404639848067 0
1626 0.7000000000102404 3.519615242273748 0
1627 0.5000000000040696 4.40192378864917 0
1628 4.696730792953942 8.214323042865701 0
1629 6.304191746151155 6.824374821027104 0
1630 5.188406512512127 3.000124050552847 0
1631 0.495725062565948 4.754245874066221 0
1632 7.199999999997354 7.005683403850331 0
1633 3.500000919747386 0.7485056656439097 0
1634 3.400000417496107 0.5752284002509161 0
1635 3.200000000000835 1.614359353951862 0
1636 4.90000312462377 8.558847532190526 0
1637 7.878460969089682 2.399999999996594 0
1638 7.878459606543154 1.199997639993699 0
1639 6.500067764021324 8.558806603232712 0
1640 6.300047782322805 8.558818139671923 0
1641 3.600000808834905 0.9216684540518544 0
1642 7.299999999996743 9.251666049838498 0
1643 7.199999999996835 9.424871130592628 0
1644 6.999999999997304 9.424871130592132 0
1645 2.30000000000112 5.0947441116761 0
1646 2.500000000000697 5.094744111676032 0
1647 7.705255888333199 4.499999999999514 0
1648 3.599989628063551 1.960774500896635 0
1649 3.400000000003584 1.960769515460163 0
1650 1.40000060653038 7.692819972845998 0
1651 1.500000146324082 7.519615157789449 0
1652 1.40000006962313 7.346410121315994 0
1653 3.799989924821203 1.960774347248468 0
1654 4.299999999998583 8.212435565304579 0
1655 2.000000000001651 5.267949192432806 0
1656 6.839230484547754 4.400000000001214 0
1657 1.299990513117402 6.826787137629205 0
1658 6.666025403791046 4.700000000001156 0
1659 1.109343500439868 3.715438634925438 0
1660 2.300000000001281 4.401923788649878 0
1661 2.500000000000868 4.401923788649929 0
1662 1.200000000002756 5.267949192432603 0
1663 6.099999999999135 7.183914778416693 0
1664 7.70525588833306 5.900000000001242 0
1665 1.201557250076227 3.883364407930145 0
1666 3.00000000000124 1.960769515465349 0
1667 2.800000000002353 1.960769515465367 0
1668 5.200014040738008 8.732058920421357 0
1669 2.600000000003264 0.9215390309281835 0
1670 6.200044452039714 8.732025143168032 0
1671 7.599999999996697 8.039230485495475 0
1672 3.200000000000865 1.267949192439282 0
1673 0.899751898899421 4.748449094285834 0
1674 2.400000000000523 8.385640646113865 0
1675 0.7997105487153817 4.921673365729539 0
1676 1.900000000006557 2.480384757732961 0
1677 1.700000000007423 2.480384757733301 0
1678 2.792508402699444 2.992971957114053 0
1679 1.600000000007388 0.9215390309282903 0
1680 1.50000000000772 0.7483339501719984 0
1681 1.600000000007389 0.5751288694156912 0
1682 1.400000000008141 0.575128869415613 0
1683 2.100000000000588 8.558845726820721 0
1684 0.7999941581366821 6.307173992175331 0
1685 1.000000000001817 6.30717967697132 0
1686 1.80037530843429 9.08257559113388 0
1687 0.5000000000104641 3.519615242273809 0
1688 0.5000000000031762 5.787564434702582 0
1689 2.494921050874059 5.79049676734814 0
1690 7.716983247886947 0.487836265287568 0
1691 0.5021939522949945 3.140258898573479 0
1692 5.624374813475758 0.5041917461463574 0
1693 5.79959664904159 0.6006986243515735 0
1694 0.5049802434967006 1.438570922074019 0
1695 0.6008310039471891 1.613928239238322 0
1696 2.494198729811437 6.477035392823571 0
1697 2.399033121635906 6.653031611001206 0
1698 2.199838853607019 6.653496800571665 0
1699 6.305801270187524 6.477035393264821 0
1700 6.322934748932018 0.5057540237763328 0
1701 6.146956076292019 0.600947372611744 0
1702 8.294928379624572 9.248737948449939 0
1703 8.199154729934069 9.42438311369558 0
1704 2.50160674545617 4.052425120792029 0
1705 6.304003711085516 6.137987712458491 0
1706 4.937136926116061 0.5054773160468551 0
1707 4.360769515461456 2.80000000000074 0
1708 4.5369595050151 2.705167507010125 0
1709 4.700979302772367 2.800860252771069 0
1710 7.69366857335279 7.869680854890174 0
1711 7.393282329521135 7.350288614545768 0
1712 3.993655786800873 7.350703173383061 0
1713 3.798942631132773 7.34712566352446 0
1714 3.699823771854885 7.519734492637959 0
1715 3.599794400497621 7.346549286909818 0
1716 3.697012246467338 7.175916259374238 0
1717 3.499967531662288 7.519637212998125 0
1718 1.500000000007799 0.4119176984952249 0
1719 0.9000968040339098 0.4118618086634281 0
1720 2.900000000002144 0.4019237886592517 0
1721 2.10579047297979 0.4011200634337092 0
1722 8.388082301522946 2.899999999998668 0
1723 8.394175891706212 6.306755551809393 0
1724 5.306672322413372 9.594127839206918 0
1725 8.394175891706212 6.906755551809793 0
1726 7.106755551805538 9.594175891693311 0
1727 7.706755551804777 9.594175891694297 0
1728 1.300000000001047 9.598076211352204 0
1729 2.90000000000029 9.59807621135171 0
1730 3.500000333788043 0.4120051985562334 0
1731 8.398076211359886 1.69999999999507 0
1732 3.699999999999404 9.598076211350264 0
1733 3.9057934765471 0.4014002210465702 0
1734 4.499999999998671 9.598076211348879 0
1735 8.398076211361246 7.500000000001665 0
1736 8.398076211362083 5.499999999999728 0
1737 6.686620976149969 6.114139029560679 0
1738 2.625695101266653 6.635486358636202 0
1739 2.499929624331543 6.821264528917146 0
1740 6.164507616942807 0.3742953627071315 0
1741 4.770882397920477 0.6009128860018812 0
1742 2.592220355266577 6.305237801652492 0
1743 4.70717967697578 2.600000000000522 0
1744 6.493212214739517 0.4063453480196855 0
1745 3.306755677022409 0.4075209317663274 0
1746 5.500000000000784 9.598076211346037 0
1747 7.301125925297969 9.587432248236482 0
1748 7.894370373489632 9.593525838418969 0
1749 1.693244448198519 0.4074897599539243 0
1750 1.093274417575943 0.4074724571252363 0
1751 8.386416649883298 3.099999999999321 0
1752 8.393525838429859 7.094370373493853 0
1753 8.387432248248281 6.501125925302688 0
1754 8.103231097521926 7.868797967198123 0
1755 8.306120440012664 7.864261808409929 0
1756 5.106323084119397 0.4077256523732993 0
1757 6.895458598263753 6.482851006853993 0
1758 7.023212659889911 6.662060843640483 0
1759 4.776307430880457 0.3734110313808619 0
1760 4.582733330093915 0.5205803141918625 0
1761 2.396078042469018 3.511274669186136 0
1762 8.395120624533449 9.08543597033146 0
1763 8.31084963187786 8.891339164166045 0
1764 8.427095272168762 9.416446115765917 0
1765 8.299999999995869 9.598076211350111 0
1766 0.4053624365793809 1.27963186679338 0
1767 1.867085459351973 3.352337007699221 0
1768 1.985856291219348 3.527775341611672 0
1769 1.094590989130517 3.378276200317688 0
1770 0.9053246901483538 3.502588275856162 0
1771 6.399999999998039 5.960769515458926 0
1772 6.18746705356547 5.971437142998075 0
1773 0.3725770694674585 1.610195712642817 0
1774 0.4808371548653881 1.792224156301892 0
1775 5.43569885672374 0.3739368412443822 0
1776 0.3724981453785315 5.974410971975012 0
1777 0.500000000003146 6.133974596216194 0
1778 2.62677629046286 5.974829876639633 0
1779 4.596782221725371 8.036519051507483 0
1780 5.799596649037956 0.3716573551184489 0
1781 2.628836004119583 4.584469880960641 0
1782 4.522454400709675 2.496635888266597 0
1783 7.185640646061655 0.3999999999925176 0
1784 7.34961081233167 0.3109974854650295 0
1785 7.396511177800003 7.005995652897511 0
1786 2.703446710107694 0.4138264790785045 0
1787 5.107550034769535 9.618105789986599 0
1788 6.907582762232078 9.618124685187002 0
1789 4.29999999999901 9.59807621134893 0
1790 3.499999999999307 9.598076211350332 0
1791 3.899999999999464 9.598076211350216 0
1792 2.703446710107176 9.58617352093211 0
1793 3.100000000000577 9.598076211351666 0
1794 8.398076211359838 1.899999999994803 0
1795 8.418124685198128 6.107582762234138 0
1796 8.398076211362273 5.699999999999924 0
1797 8.386173520940467 5.303446710105241 0
1798 4.298890215523376 7.52204784899423 0
1799 0.4029945762569673 5.267661049571513 0
1800 0.5004990960456646 5.094696087865505 0
1801 0.303041362264676 5.096650458733105 0
1802 2.600000000001704 3.535898384866463 0
1803 2.700000000001773 3.709103465623588 0
1804 2.686318699901071 3.346873943576285 0
1805 0.3938873363726321 3.885458845052466 0
1806 2.596428042082822 4.922834096227088 0
1807 2.698037738824461 5.097596342441463 0
1808 2.599721592861437 5.273719068088315 0
1809 2.689160828196236 5.455475574924215 0
1810 1.600000000007478 0.2287187079030183 0
1811 1.000000000009634 0.2287187079000696 0
1812 5.400794324100399 9.751494601959795 0
1813 3.400000000003017 0.2287187078953256 0
1814 7.199999999996644 9.771281292104844 0
1815 7.800134038724289 9.750958611433573 0
1816 8.556789755991838 2.999999999997608 0
1817 8.550958611443818 7.000134038725756 0
1818 8.571281292118332 6.400000000001189 0
1819 0.2965409023283865 4.07724129071158 0
1820 0.2731323576233293 3.718473775806458 0
1821 3.300000222874724 0.7483791578879987 0
1822 6.144790609043715 5.596544141697592 0
1823 6.146410161518824 5.200000000001316 0
1824 6.146410161518696 4.800000000001706 0
1825 6.146410161518507 4.400000000002155 0
1826 8.224871130603274 2.399999999994784 0
1827 8.398076211359891 2.299999999994558 0
1828 8.398076211359959 2.499999999994246 0
1829 8.392488127592205 2.699999999995425 0
1830 6.146410161517442 4.200000000002696 0
1831 5.001234028648307 9.428195358045265 0
1832 4.999942993626129 9.078428056470678 0
1833 4.881018663576613 8.215922736406284 0
1834 3.400000127867046 2.307025002839072 0
1835 3.30000002131215 2.133948817196624 0
1836 3.500000346318517 2.479389833819492 0
1837 3.59617237284551 2.676788410680471 0
1838 3.39999999999766 2.653589838489959 0
1839 7.532050807575594 2.399999999996335 0
1840 7.358845726818174 2.499999999995847 0
1841 7.185640646061634 2.399999999995537 0
1842 7.358845726817577 2.69999999999717 0
1843 3.399984290910525 1.267957451213608 0
1844 7.705255888332586 2.499999999997802 0
1845 8.051666049846553 2.499999999997033 0
1846 3.107582780119523 0.3821177181661836 0
1847 8.224870872389275 1.199999552753435 0
1848 8.398076211360575 1.099999999993831 0
1849 8.398076211360721 0.8999999999939896 0
1850 8.398076211360463 1.299999999993658 0
1851 8.398076211361186 1.499999999993757 0
1852 8.224871130604594 5.800000000000513 0
1853 5.226794919242582 4.100000000007656 0
1854 5.053589838485848 4.000000000007337 0
1855 5.05358983848608 4.2000000000076 0
1856 5.053589838485809 3.800000000006897 0
1857 4.880384757730159 3.90000000000676 0
1858 5.099935832688137 8.905218842421364 0
1859 7.705255888333646 5.099999999999969 0
1860 7.705255888332919 3.899999999999446 0
1861 4.796294165478519 8.386537916954971 0
1862 8.298710828845127 0.1724607774447477 0
1863 8.398495966986587 0.3455418076497179 0
1864 8.615768026047768 0.3257580674740366 0
1865 8.4991677421581 0.5118101430136486 0
1866 8.299610618190663 0.5086714006193234 0
1867 8.39999999999883 0.6928203230278938 0
1868 6.839376346160774 5.599747360277313 0
1869 5.973205080757909 3.300000000003289 0
1870 6.146410161515172 3.400000000004527 0
1871 6.146410161514261 3.600000000004992 0
1872 6.319615242271892 3.500000000005564 0
1873 6.319615242271256 3.700000000005378 0
1874 6.492820323028875 3.60000000000592 0
1875 6.492820323029473 3.400000000006175 0
1876 6.146410161513463 3.800000000004815 0
1877 6.319615242272189 3.900000000004168 0
1878 1.399988931969875 6.999990921884576 0
1879 1.099997923478496 6.480382742106265 0
1880 0.5012891711548424 9.827539222555234 0
1881 0.4015040330133782 9.654458192350202 0
1882 0.1842319739521801 9.67424193252584 0
1883 0.3000000000011178 9.480384757728787 0
1884 0.4934951203618002 9.484429803028007 0
1885 0.3861023592373554 9.309376544161418 0
1886 0.2921188246361003 9.116013714488945 0
1887 0.4938607705568371 9.128551226135983 0
1888 0.3736909361769809 8.960412479051676 0
1889 8.199621120715571 0.3440525621780216 0
1890 8.001813613833408 0.3331329537376887 0
1891 4.695467513410374 0.1737596616752355 0
1892 4.100000000010552 9.826794919242749 0
1893 0.5993813874227647 9.654532788898539 0
1894 0.7998968979057568 9.663740906724499 0
1895 0.6993198752634044 9.474933022512719 0
1896 6.14641016151567 3.200000000002762 0
1897 1.60000003599211 7.346410151904085 0
1898 6.400019257723141 8.385629563556993 0
1899 6.200011173340348 8.385634201113668 0
1900 8.051666049847316 5.700000000000625 0
1901 2.809914197069526 3.890051291383794 0
1902 7.878460969090025 5.600000000000718 0
1903 7.70525588833329 5.499999999999986 0
1904 6.700042569704675 8.558821159457864 0
1905 8.398076211362431 5.900000000000134 0
1906 8.051665544152076 1.299999124105427 0
1907 7.878460657716179 1.39999946067962 0
1908 3.573205080758319 3.100000000001406 0
1909 3.746410161516268 3.200000000002374 0
1910 3.746410161516582 3.000000000001148 0
1911 3.746410161515849 3.400000000003685 0
1912 3.919615242274058 3.300000000003219 0
1913 3.919615242273907 3.500000000004342 0
1914 3.746410161515734 3.600000000004741 0
1915 3.913026706921344 3.700000000005256 0
1916 3.745312072290585 3.800000000005531 0
1917 3.915482447608714 3.895060727053842 0
1918 3.745538347533961 3.99917678784718 0
1919 3.909391036173344 4.094100312869069 0
1920 4.064879778332998 3.78929824194246 0
1921 3.746410161516148 4.200000000006455 0
1922 3.91207398587995 4.299498325930203 0
1923 3.745153285450075 4.399916387659696 0
1924 3.91581648528311 4.499974607530046 0
1925 3.745567556006019 4.599981832534899 0
1926 3.912253146504189 4.699992740014895 0
1927 3.573077561225579 4.499993818042519 0
1928 3.585964602520339 2.896131401781171 0
1929 3.756139585626122 2.809258486698034 0
1930 3.903003300165599 2.911706199518895 0
1931 3.745042711302214 4.799995762094873 0
1932 3.915308627373836 4.895058810736875 0
1933 4.064721881557443 4.789296712558449 0
1934 3.745464483996955 4.999175762142087 0
1935 3.909299634282585 5.094099822531527 0
1936 3.746410161515871 5.200000000005349 0
1937 3.911307438922191 5.299016637092928 0
1938 3.573047467838464 5.099862627026809 0
1939 3.572876763556446 3.899862797978527 0
1940 3.74502552762407 5.399836106185889 0
1941 3.915148145496906 5.494869517597739 0
1942 4.064537516647432 5.389102479880922 0
1943 3.74543487307102 5.599117603966779 0
1944 3.909267952148557 5.694058580645128 0
1945 3.746410161515549 5.800000000004349 0
1946 3.911302158566262 5.899009763444356 0
1947 3.573042532684097 5.699852933996873 0
1948 3.745024647564488 5.999834960576981 0
1949 3.915147118760775 6.094868181054146 0
1950 4.06453646546526 5.989101111514829 0
1951 3.745434555271537 6.199117190274034 0
1952 3.909317849321081 6.294058288938007 0
1953 3.746410161515227 6.400000000003339 0
1954 3.912067762507374 6.499494752463264 0
1955 5.507980689867972 7.186858967118864 0
1956 3.573042479717364 6.299852865047326 0
1957 7.532015081160099 0.9999381200265387 0
1958 4.900000000002699 9.59807621134601 0
1959 4.700000000003159 9.598076211351486 0
1960 2.000000000001537 6.307179677110234 0
1961 1.900000000001743 6.133974596238771 0
1962 6.146493810978044 0.8001462640847237 0
1963 7.878460969089511 2.599999999998403 0
1964 3.499989350650756 1.094771359047675 0
1965 5.900000000007225 9.826794919243845 0
1966 6.006755551814369 9.657490158142249 0
1967 6.201125925307396 9.654239891763533 0
1968 6.10806913133218 9.485043472874484 0
1969 6.301532509443679 9.481269552468113 0
1970 6.194844721658381 9.312003914943789 0
1971 5.984745292773803 9.324902972347324 0
1972 6.09274484566872 9.153322592967243 0
1973 5.900000000007479 9.133974596219003 0
1974 6.366062871851796 9.289626640046134 0
1975 6.500000000005177 9.480384757731892 0
1976 5.834459258639454 9.635735349382859 0
1977 8.398076211359825 2.099999999994869 0
1978 1.600000125476448 7.69282025389304 0
1979 5.103451377756959 0.2050684490334385 0
1980 7.507760490548013 9.616832608062232 0
1981 3.700000000009619 9.826794919242694 0
1982 1.500000122001974 7.866025340902465 0
1983 1.800000020913851 7.692820314814246 0
1984 3.745152248221033 6.599915792079259 0
1985 3.915829217258777 6.699974426653774 0
1986 3.746513243913979 6.798347099600595 0
1987 3.913902742249989 6.891308450467402 0
1988 6.666025403785568 3.500000000004441 0
1989 6.666025403786575 3.700000000005345 0
1990 6.839230484544733 3.400000000002058 0
1991 6.492801528485363 0.9999695440278015 0
1992 6.66600693015215 1.099969403314081 0
1993 1.400002039517167 8.03922931197873 0
1994 3.399960322026461 7.346478361051345 0
1995 5.973205080756948 3.700000000004598 0
1996 3.578631819814822 6.890354886159139 0
1997 4.500000000011021 9.826794919243136 0
1998 6.146410161515955 2.599999999998363 0
1999 5.973205080758412 2.499999999997875 0
2000 6.146410161516027 2.399999999997606 0
2001 5.973205080758437 2.299999999997303 0
2002 5.806538414091351 2.399999999997496 0
2003 5.801089735682933 2.199999999997131 0
2004 5.973386703372019 2.099999999996992 0
2005 5.800211893050459 1.999999999996863 0
2006 5.973270666702143 1.899999999996693 0
2007 5.800046246500031 1.799999999996623 0
2008 5.626837942502171 1.899999999996753 0
2009 5.626794919244099 1.699999999996565 0
2010 5.453597009030151 1.799999999996697 0
2011 5.453589838487138 1.999999999996777 0
2012 5.610891603927602 2.307596442544267 0
2013 5.291469382140609 1.902658883318119 0
2014 5.29087433235895 1.699426279113882 0
2015 5.800007707751445 1.599999999995841 0
2016 5.626796203869851 1.499999999995066 0
2017 6.146451362942107 1.999999999996628 0
2018 6.146427959411231 1.799999999995871 0
2019 6.319615242273803 2.499999999998005 0
2020 5.800000000000915 2.599999999997909 0
2021 5.802628004342095 2.787971961834664 0
2022 4.706152666308545 3.000136054901841 0
2023 4.875374165495104 3.100021772652003 0
2024 4.879550446772725 3.300002725611113 0
2025 4.892939566655834 2.871628034042542 0
2026 1.900000000001846 5.09474411167608 0
2027 5.628016993468616 2.094946655011805 0
2028 8.626794919243034 4.299999999991301 0
2029 8.453589838485826 4.3999999999915 0
2030 8.453589838485774 4.599999999991724 0
2031 8.45358983848622 4.199999999990875 0
2032 8.46549252890847 4.00344671009835 0
2033 3.900016137660836 2.133864148358522 0
2034 6.808654368632597 9.423945592473505 0
2035 6.699999999998068 9.598076211348129 0
2036 4.301125925290046 0.1718641627418805 0
2037 4.408557066868044 0.3607449386513869 0
2038 4.209495309131501 0.3245964781989515 0
2039 3.919615242274269 3.100000000002041 0
2040 7.903986232859503 0.1690685771227639 0
2041 8.625115280513356 9.501652565284795 0
2042 4.499984005033122 2.134464480949725 0
2043 1.306755551811487 9.808015047607041 0
2044 8.298952099436818 9.834640829724773 0
2045 2.600000000000438 8.385640653975695 0
2046 7.705255609346072 1.299999516775034 0
2047 7.499999999996458 9.251666049836661 0
2048 4.900196170378649 9.252214602309804 0
2049 4.900251217948059 9.83180411797133 0
2050 5.51115881262997 0.175415893781681 0
2051 2.700000000002888 1.787564434709279 0
2052 6.839230484546633 1.799999999995558 0
2053 4.9339745962177 1.099999999992943 0
2054 4.77109307819156 1.19999999999291 0
2055 4.760769515460835 1.399999999992835 0
2056 4.581558115133821 1.275013903580012 0
2057 4.591873236093354 1.489975567090682 0
2058 4.413657989677453 1.396617947527532 0
2059 4.4100001917893 1.600950581761677 0
2060 4.773245116604511 1.00264232032239 0
2061 5.800001498731513 1.399999999994582 0
2062 8.633073897324461 0.8990626686078846 0
2063 6.492820323031419 3.000000000000322 0
2064 6.492820323032009 3.200000000000857 0
2065 1.299988680048726 7.173195779424078 0
2066 6.839230484546667 1.999999999996235 0
2067 7.012435565304052 2.09999999999664 0
2068 6.173200211810546 6.991667073161555 0
2069 3.300000000008759 9.826794919242703 0
2070 8.222927870356934 3.199999999999424 0
2071 8.392331556027084 3.299999999998899 0
2072 8.392720972702543 3.499999999998344 0
2073 8.222312939187583 3.599999999998941 0
2074 8.398076211360223 3.699999999998576 0
2075 4.774551534829115 0.8032348547121131 0
2076 7.599999999996443 9.078460969088525 0
2077 8.221215881011199 0.8063833806213406 0
2078 7.532050807575521 3.199999999999944 0
2079 7.358845726818416 3.30000000000015 0
2080 7.358845726818437 3.500000000000441 0
2081 7.532050807575553 3.600000000000687 0
2082 2.500000000003764 1.787564434709225 0
2083 5.897887060730963 0.1738696655904021 0
2084 6.088523443095312 0.1755864114966136 0
2085 0.8999828163198118 9.830152415588755 0
2086 1.00198210119049 9.654556197121344 0
2087 5.453590052592261 1.399999999994217 0
2088 4.000194710736715 1.96073979678147 0
2089 1.200013854979201 1.267941193268525 0
2090 1.40000692154293 1.267945196290006 0
2091 1.500005682802226 1.441150992233438 0
2092 1.400029026809991 1.614342595320525 0
2093 1.600005784940347 1.614356014020219 0
2094 7.185640646061364 1.599999999994863 0
2095 3.299993387004238 7.173257797530303 0
2096 6.146413127832481 1.599999999995188 0
2097 6.319618702975873 1.699999999995315 0
2098 6.319625652277698 1.899999999996042 0
2099 2.900000000007744 9.826794919242674 0
2100 8.599485791782129 9.095043980862391 0
2101 5.595289703083068 9.417981145089254 0
2102 5.799999999999812 9.424871130589707 0
2103 6.839230484546431 3.800000000002353 0
2104 4.699382881684173 8.558995572868827 0
2105 6.300231551209301 8.895128292333144 0
2106 6.099999999999545 8.905255888322172 0
2107 1.701125925306067 9.827444972518531 0
2108 1.800187654221857 9.66369209053477 0
2109 2.000031275708249 9.665267456996732 0
2110 1.900192122178384 9.498514034539861 0
2111 1.60810040703327 9.679547504574373 0
2112 7.099999999997235 8.558845728430354 0
2113 6.999999999997421 8.732050807909355 0
2114 7.520171555752836 0.3977086914578818 0
2115 0.1724607774445411 0.5012891711531484 0
2116 0.3413679815719897 0.3942747541841978 0
2117 0.3251618066053824 0.1831992198332878 0
2118 0.5073046773666736 0.2920085837161722 0
2119 0.3770951376961255 0.5966440151587151 0
2120 0.3420977996696192 0.8041229255993627 0
2121 0.1732050807569946 0.8999999999998904 0
2122 0.326965194566083 0.9901120175534344 0
2123 6.319615242273741 2.29999999999733 0
2124 2.900251217930791 0.1681958820291182 0
2125 8.224871130603141 1.99999999999488 0
2126 5.455339545804435 1.599904379848271 0
2127 8.627850242829108 8.697989989870308 0
2128 8.461755651243767 8.604486245017942 0
2129 8.424900955468276 8.392878569343923 0
2130 6.839230484546709 2.599999999998481 0
2131 7.01243556530422 2.499999999996844 0
2132 6.839230484546629 2.399999999997431 0
2133 0.1725142160182092 2.099999999999983 0
2134 0.3462950173905653 2.199999999999957 0
2135 0.3463909708265168 2.399999999999854 0
2136 0.5195928531353939 2.299999999999864 0
2137 0.5196134383423653 2.4999999999997 0
2138 0.5236007235708665 2.106942758536851 0
2139 0.6875127624124545 2.201157126422731 0
2140 0.6939085343948586 2.012699273099023 0
2141 0.8796430751366907 2.121828262126982 0
2142 0.3461080920221196 2.599482860916238 0
2143 0.5191060018396614 2.703516718972346 0
2144 0.6917475026733606 2.597798050393209 0
2145 0.5077598101798647 2.910921487050749 0
2146 0.6881161442066076 2.397927856575802 0
2147 0.1732050807568717 1.69999999999997 0
2148 5.973242782972649 0.7002987101710674 0
2149 0.1994040654025721 1.292498205569786 0
2150 6.899999999997497 9.251666049835205 0
2151 2.500000000006623 9.836788829079003 0
2152 2.405790472982598 9.652786113266032 0
2153 3.399990446792363 1.61436424637085 0
2154 0.1711143235248923 2.899141908565712 0
2155 2.200252574830294 9.659216100074399 0
2156 2.500000000000604 6.133974596215865 0
2157 7.358839772415981 1.099989686666069 0
2158 0.3653588140605813 1.977260495151401 0
2159 4.000824988162671 0.9225230124624441 0
2160 7.399999999996677 9.078460969089619 0
2161 6.14641016151807 5.000000000001653 0
2162 7.001882067701966 6.306070817482806 0
2163 6.901537609993316 0.1588164973644913 0
2164 6.81859946114121 0.3555530791300701 0
2165 6.146410161517942 4.600000000002079 0
2166 7.013404859604556 5.8981899153139 0
2167 6.839853865040571 5.798898403697014 0
2168 6.679664048603858 5.898867722746002 0
2169 7.012435565305006 4.900000000001382 0
2170 6.839230484548056 4.800000000001461 0
2171 7.012435565305094 5.100000000001411 0
2172 6.839230484548065 5.200000000001087 0
2173 7.892483682687009 0.6096132168500562 0
2174 4.397223469558185 7.693091842679994 0
2175 4.499999999997931 7.866025403782895 0
2176 6.49999999999825 7.173205671780477 0
2177 6.208446929913924 6.305906654516147 0
2178 6.399999999998554 8.039231448634361 0
2179 6.30000507184308 8.212432840696081 0
2180 6.100031964098321 8.212451571755006 0
2181 6.146140236105644 5.399424023617357 0
2182 6.299999999998779 7.866040647592283 0
2183 2.099973142268962 6.826779452277802 0
2184 1.100014123842211 0.7483257957717996 0
2185 1.30017553941868 2.825955570161835 0
2186 8.626794919242847 7.899999999996782 0
2187 8.438451165371532 8.015038439878696 0
2188 3.299999999999802 7.866028641093728 0
2189 2.600000000003294 1.96076951546535 0
2190 2.700000000002467 2.133974596221326 0
2191 1.70000000000232 4.401923788649619 0
2192 4.707362655583849 6.200000000001612 0
2193 4.880415254165714 6.100000000001833 0
2194 4.880389840469924 5.900000000002326 0
2195 5.053595768349616 6.000000000002353 0
2196 5.053595909536793 6.200000000001886 0
2197 4.8804213338978 6.300000000001482 0
2198 4.880390838909958 6.500000000001017 0
2199 4.707180288319322 6.600000000000759 0
2200 4.707171968030291 6.800000000000361 0
2201 1.700000000002031 5.787564434704071 0
2202 7.012435565304801 4.500000000001322 0
2203 8.626794919242855 7.499999999996179 0
2204 2.396682686742238 5.615141023316352 0
2205 0.7005555519445968 7.865704655718728 0
2206 0.5005687793718262 7.865697018859809 0
2207 0.4063758610661696 8.047970788207401 0
2208 0.3010008985366672 7.876172714604335 0
2209 0.3346275249616215 8.235500937849013 0
2210 0.3974934971992204 7.693129261790388 0
2211 0.2874853961880361 7.509898417962 0
2212 0.4832222767669825 7.50989977963776 0
2213 0.382020342851519 7.332978638691536 0
2214 0.3128168115383911 7.152039765361846 0
2215 0.5908235055489914 7.337189087101788 0
2216 6.100005413367231 8.558843672661013 0
2217 1.80000000000186 6.307179677291651 0
2218 2.700000000002901 1.094744111684463 0
2219 7.359636719746478 6.498007654381476 0
2220 2.199859755558817 5.267868222266131 0
2221 7.499999999996625 8.905255888441779 0
2222 6.839230484544922 3.200000000001519 0
2223 0.1973586403971688 3.323751148382279 0
2224 2.501125925295115 0.1625611176446572 0
2225 2.399999999993959 0.3464101615126419 0
2226 1.200000000001145 8.385640646174359 0
2227 7.705255888333317 4.699999999999627 0
2228 4.880343238143437 6.700000000000598 0
2229 5.053542581901827 6.600000000000946 0
2230 2.399463527367812 5.268143763732892 0
2231 3.399998550351341 0.921601296540168 0
2232 1.900000003486747 7.866025788196064 0
2233 3.800209493369157 0.9222098640247706 0
2234 2.300000000001067 7.173205668174711 0
2235 2.399988270722695 6.999078383869186 0
2236 2.499998045121079 7.174836525581046 0
2237 2.627386600521236 6.991324146725698 0
2238 2.399999674187639 7.346695472671417 0
2239 1.400000000001213 8.385640648339855 0
2240 1.800000000002119 4.575128869406234 0
2241 8.631804117971127 5.900251217932247 0
2242 5.981402116716635 6.713192424126779 0
2243 0.1724220429630268 5.501451309985205 0
2244 0.3632888820054049 5.606936615793567 0
2245 6.401665502721865 6.652628267336931 0
2246 6.176174528228726 6.636967641877275 0
2247 8.636788829080633 5.099999999992562 0
2248 8.453589838485732 4.999999999992413 0
2249 8.45358983848573 4.799999999992147 0
2250 8.626794919242862 4.699999999991963 0
2251 4.299999999998777 8.905255888402944 0
2252 3.700251673506336 0.4075959257737058 0
2253 0.1731800400769702 2.499958333283155 0
2254 7.012435565304688 4.300000000001213 0
2255 0.1723669114429761 4.696728060954753 0
2256 0.3619937638839549 4.589842725377208 0
2257 4.707615842559848 5.599749627477802 0
2258 4.880457451995091 5.49995827124895 0
2259 4.880396873441546 5.299993045211291 0
2260 5.053603973483163 5.399991886079379 0
2261 5.053604310030639 5.599991692890232 0
2262 4.707723455403807 5.199652447039359 0
2263 4.880477406754218 5.099940915377984 0
2264 4.70772727098162 4.9996760110437 0
2265 4.880491464902699 4.899936154406699 0
2266 4.880402542259603 4.699989359072211 0
2267 5.053610587104271 4.799987585583575 0
2268 5.053626522622693 4.999977442563881 0
2269 8.626794919242853 5.499999999993146 0
2270 2.500000000000766 4.748333950162976 0
2271 0.1736509847712776 5.895241744502218 0
2272 2.104825394144874 0.1878987996247972 0
2273 5.800341254136175 8.385837920221825 0
2274 1.199998809758372 7.3464082092144 0
2275 2.100187654217064 8.905147546128749 0
2276 4.707774223128911 5.799634322019213 0
2277 4.880571917778591 5.699888985606891 0
2278 4.19999999999881 8.385640646873254 0
2279 4.09999999999883 8.212435569132591 0
2280 1.300000000002878 4.748333950162637 0
2281 2.000000000001784 4.5751288694063 0
2282 7.878460969089366 2.799999999999436 0
2283 1.700000000002168 5.094744111676045 0
2284 1.800000000001966 5.267949192432775 0
2285 7.7052423630767 1.099976573562955 0
2286 7.358647124479525 0.8996560106516409 0
2287 0.1520734503296445 6.905981586415981 0
2288 8.626794919242887 8.299999999997377 0
2289 6.4940256918813 0.2022045069145461 0
2290 0.2029650868375573 6.300862357530641 0
2291 0.1860610246190984 6.520953019693712 0
2292 2.09997662592775 5.094730616648341 0
2293 3.999999999999307 9.424871130594475 0
2294 1.900000000001739 5.787564434702912 0
2295 0.8006036601583265 8.731702284230252 0
2296 0.6197174915946981 8.720389495586218 0
2297 0.1890717314932576 4.272279999800575 0
2298 8.09245733136955 9.617962103736152 0
2299 8.224871130604157 4.399999999999099 0
2300 8.626794919243405 1.299999999998713 0
2301 5.399858527552976 8.731969151787336 0
2302 8.219283046833429 3.999999999998646 0
2303 3.700093310924258 1.094990633485607 0
2304 5.227539222555453 3.501289171157535 0
2305 4.299999999998956 9.251666049836505 0
2306 3.699999999999312 7.866025418166527 0
2307 3.39999999999979 8.385640826682407 0
2308 1.099786743411125 7.173063718869239 0
2309 0.9999787337274066 6.653569455458632 0
2310 5.226794919243247 4.30000000000736 0
2311 5.05358983848691 4.400000000007381 0
2312 5.97320508075877 4.300000000003116 0
2313 1.500000000003236 3.36269330411053 0
2314 1.370729548720974 3.189059625762973 0
2315 4.878615501461908 2.499694285884776 0
2316 1.300004082788973 7.866023048669274 0
2317 6.10002925656751 7.866071931141414 0
2318 4.202719371326134 2.893490129572712 0
2319 4.699374004387559 2.133415419968805 0
2320 1.000000000003036 5.267949192432528 0
2321 5.973228464826127 1.699999999995861 0
2322 0.5954690893714059 7.690244412364405 0
2323 7.699230266112085 7.513774092081583 0
2324 8.629191614370841 3.908295082315008 0
2325 1.100013093308741 8.21242800589733 0
2326 6.200040305319204 8.039260688775615 0
2327 4.394710437901069 0.5725871283418328 0
2328 0.9999586498194462 4.5751480600932 0
2329 4.198926740233797 7.325043391152134 0
2330 1.000000000002854 5.96076951545922 0
2331 0.7978488933447216 7.691428505870959 0
2332 5.054472294775783 7.800404198540814 0
2333 5.226839840297322 7.700017536031207 0
2334 5.226794919243693 7.8999999999979 0
2335 5.395278969288995 7.800281940026761 0
2336 5.39424830482722 7.599337316770836 0
2337 5.224084333285241 7.499892475466339 0
2338 5.40346532642665 7.376291068758844 0
2339 0.68270407207261 0.3989149220195242 0
2340 5.703008346304269 7.517363884311191 0
2341 3.100000037146682 0.7483414847906001 0
2342 6.319615242275119 0.8999999999931823 0
2343 2.100047308426879 9.829678899259427 0
2344 1.500000000008156 2.480384757733641 0
2345 2.300031275702898 8.905237831496255 0
2346 6.839073122046344 0.9997287246554585 0
2347 7.705255888333142 6.100000000001311 0
2348 0.1683696740041765 8.502606564157283 0
2349 0.3464101615137821 8.599999999999987 0
2350 6.999999999997428 8.385640683708647 0
2351 3.4999984240758 2.133790677460235 0
2352 5.979543628949457 5.890042790499145 0
2353 1.300000000001026 8.905255888542586 0
2354 5.226745692962036 6.700000000000784 0
2355 5.973205080759205 5.100000000002067 0
2356 2.823631783576439 4.695489673086148 0
2357 7.705255888332678 2.099999999994953 0
2358 6.661567734872806 0.4983085026981801 0
2359 6.998246395691092 0.4761889618761042 0
2360 0.186285726285127 8.922249990042047 0
2361 4.533974596217702 7.299999999999263 0
2362 5.972815184891129 5.499234304004054 0
2363 2.829078051987395 5.893197167171293 0
2364 2.200000000005069 0.9218166395348362 0
2365 2.831513981041951 4.300927310189503 0
2366 2.637217859333502 4.212545097471021 0
2367 5.051026551663814 7.399982079243629 0
2368 5.973205080759141 4.700000000002547 0
2369 5.973205080760822 0.4999999999921813 0
2370 2.794923837770855 6.303296337409689 0
2371 3.400000000000094 9.078460969227942 0
2372 4.187564434703382 3.300000000002366 0
2373 6.005171488683269 6.303391887818312 0
2374 1.999968665980408 6.653571758522443 0
2375 6.695765470443376 9.812019187597812 0
2376 6.899999999997672 7.519615853830736 0
2377 6.999999999997428 7.692820427278981 0
2378 2.407421915763306 9.443233880266577 0
2379 2.700000000000265 8.558845745134883 0
2380 2.599999619885172 7.348866636012028 0
2381 1.897642715205002 3.707749625080931 0
2382 0.6015905792308563 6.994161278002688 0
2383 4.399463703619512 8.038778579057936 0
2384 1.100259541682356 4.055689604061291 0
2385 3.799999999999298 8.732050807867394 0
2386 4.196932539169069 6.909920694250916 0
2387 7.532050807575542 3.400000000000107 0
2388 7.878460917194007 1.599999910109024 0
2389 6.39999999999851 7.346423565801365 0
2390 7.358845726818473 3.900000000000856 0
2391 3.799970628641734 7.692840201577024 0
2392 1.300000000002586 5.441154273189499 0
2393 7.532050807575885 5.000000000001139 0
2394 8.626794919243618 2.099999999996533 0
2395 8.626794919243602 2.499999999995365 0
2396 1.798874074705251 0.5760565312981731 0
2397 5.066455556934974 7.989679890499592 0
2398 7.705255888333522 4.899999999999886 0
2399 4.707724741794831 4.599651458142201 0
2400 2.822880400160745 6.71017517748534 0
2401 8.626794919243597 3.499999999992446 0
2402 6.14642410309432 1.000024377341997 0
2403 2.400000000004096 1.960769515465221 0
2404 2.00000000000156 5.960769515463103 0
2405 4.195721277331518 6.499699995569983 0
2406 1.200000000002621 5.960769515459996 0
2407 3.099999999999995 7.519935247107613 0
2408 6.83923048454791 4.600000000001273 0
2409 2.50000000000082 7.866040641600193 0
2410 2.400000000004198 1.267949192440719 0
2411 6.666025403790947 4.50000000000127 0
2412 1.700000027951956 7.519615233391045 0
2413 7.878460969090224 6.600000000001431 0
2414 0.5936990226016111 5.612900022344722 0
2415 0.3766186050628746 6.636902608498648 0
2416 4.880057797369493 6.900000000000182 0
2417 8.22247443547788 5.208295082321751 0
2418 5.300000000001341 8.21243556529503 0
2419 8.051662648891979 7.099955930507273 0
2420 0.7066537041416407 8.554768259804248 0
2421 5.299469723459184 8.904949739157477 0
2422 2.10000000000165 4.401923788649798 0
2423 2.200000000001539 4.228718707893289 0
2424 3.799608040234793 1.268352879783107 0
2425 1.300004541320966 8.212432944595516 0
2426 1.900000000006437 1.441154273196793 0
2427 8.228212542910576 6.001263793706344 0
2428 3.200000000000342 9.424871130610359 0
2429 6.790847812403894 6.307996439854946 0
2430 1.500001096807213 8.212434944880446 0
2431 3.887327266082382 7.184573239690236 0
2432 6.299061728921176 9.827553314732386 0
2433 5.280384757731785 0.6999999999928601 0
2434 2.000000000005964 1.614359353952961 0
2435 2.600000000002784 2.307179676977198 0
2436 3.908075578464907 0.1917971501087941 0
2437 4.199910617268801 8.039155168763317 0
2438 2.700000000000578 7.866046571692126 0
2439 3.899993583086087 1.787584297464475 0
2440 6.839201178523831 1.199949687991082 0
2441 7.599999999996642 8.385640646694432 0
2442 4.399999999998775 9.078460969096213 0
2443 3.599960322026225 7.692847191574153 0
2444 1.700000000007072 1.094744111684484 0
2445 6.90386877664637 6.828206779033666 0
2446 2.09996791993213 6.480366238243644 0
2447 8.626794919243602 1.6999999999977 0
2448 3.599999999999518 8.385640715066181 0
2449 5.799939058544906 0.8001662224158466 0
2450 1.100000000002811 5.441154273189346 0
2451 0.6000000000040679 4.228718707892539 0
2452 2.500000000003451 2.826794919244803 0
2453 1.199993108305808 4.575132067853895 0
2454 6.800038370651762 8.73202865603178 0
2455 2.800000000000239 9.078460969660506 0
2456 7.499999999996762 8.212435568543928 0
2457 1.500020693759648 1.787552487165675 0
2458 3.100000000000991 1.441154273196321 0
2459 3.200000000000156 8.732050822202014 0
2460 3.399999999999926 8.732050818663804 0
2461 5.453589874172526 1.19999999999352 0
2462 6.90000351157094 8.558843704319091 0
2463 1.800000000002205 4.228718707893114 0
2464 2.299793835427888 6.82560848046041 0
2465 1.700000005999962 7.173205114632685 0
2466 6.492820323032301 1.199999999993932 0
2467 7.532050807576146 6.000000000001426 0
2468 1.000000000009462 2.307179676977838 0
2469 7.000644796105661 7.001182589927233 0
2470 2.406470767465811 4.225508355098813 0
2471 1.895059715518161 0.3877860612522116 0
2472 1.097232634627875 2.131589100344337 0
2473 6.666025403791134 4.900000000001065 0
2474 8.224871130604438 4.799999999999354 0
2475 1.900000000006405 1.78756443470904 0
2476 6.799999999997775 7.692822265168364 0
2477 7.997663739130275 9.427345714353262 0
2478 7.592485046598132 7.696111490933505 0
2479 7.518324614195457 7.184235885776003 0
2480 1.200293257782718 9.078321094687343 0
2481 0.7010716805301165 1.094804815240062 0
2482 0.4103349609224252 3.335972896246981 0
2483 6.199999999998967 7.348549410729362 0
2484 8.200358537195871 8.384657872593909 0
2485 7.705255888332531 3.299999999999776 0
2486 6.66601971573467 1.299990368008197 0
2487 0.6956658257440209 1.813896327713581 0
2488 1.900000000001992 4.401923788649711 0
2489 3.299987975614678 7.519726204203061 0
2490 7.899031841389105 7.832789827660145 0
2491 8.051666049847165 6.500000000001343 0
2492 1.800000000001899 5.960769515464976 0
2493 3.199999999998668 2.653589838489072 0
2494 4.992744198826699 1.613420975255345 0
2495 8.101808271976459 8.902936434300287 0
2496 5.498527424517469 2.487929616562848 0
2497 5.10006060462211 9.252208882380776 0
2498 3.399985971550406 7.692848761554293 0
2499 3.499460059332495 7.182631923892002 0
2500 1.499996287272584 7.173202015294191 0
2501 0.8007382409460867 1.617988592591312 0
2502 7.358845726818585 1.699999999994868 0
2503 2.900000000000343 8.212436407127299 0
2504 2.100000000005577 2.480384757733102 0
2505 6.146447298856008 2.199999999997087 0
2506 2.600000000003325 1.267949192440736 0
2507 6.83923048454812 5.00000000000125 0
2508 2.001334785782581 2.998105750995367 0
2509 1.001860048701755 3.88451041115289 0
2510 7.012435565303954 1.899999999995626 0
2511 5.900505927657392 8.212728898894991 0
2512 1.100000000003037 5.094744111675929 0
2513 1.40025954168195 3.882484523304936 0
2514 1.900000008145273 7.519615848656358 0
2515 7.532050807576105 5.800000000001308 0
2516 5.295081398184665 2.115612885456408 0
2517 1.300346055574934 4.055748263036427 0
2518 4.19986334492727 4.299146094634635 0
2519 3.699999717036634 2.133658923112151 0
2520 8.223097136752033 6.600187654218265 0
2521 2.700000000000526 8.212436358201904 0
2522 7.70525588833272 2.299999999995424 0
2523 8.224073275786132 7.198935054528857 0
2524 6.600021598573884 8.385628271896575 0
2525 4.707468348404949 4.399749516742163 0
2526 4.099999999999243 9.598076211349992 0
2527 4.707321168963844 3.399758545527318 0
2528 4.880356225701944 3.499906101769055 0
2529 1.400181173784357 9.078137676443845 0
2530 4.199999999998949 9.078460969120052 0
2531 7.532050807575684 4.600000000000966 0
2532 4.600000000001337 2.307179676973709 0
2533 6.899999999997585 7.866026127319768 0
2534 7.53205080757543 3.800000000000573 0
2535 2.097249834405158 3.708621464602191 0
2536 7.705255888333086 5.700000000000893 0
2537 8.416579180379422 6.707787298296854 0
2538 0.4011534535431208 4.239279569031614 0
2539 7.999828370261344 8.731551305161702 0
2540 1.700000000002009 6.133974596306459 0
2541 7.705255888332882 3.699999999999577 0
2542 5.226794919243725 6.500000000001377 0
2543 5.280384757731794 0.4999999999927502 0
2544 2.700000000000181 9.251666050028664 0
2545 6.666043264396794 5.29996906452442 0
2546 7.699999999996598 8.212435566109928 0
2547 7.705255888333012 4.099999999999586 0
2548 7.53205080757566 4.40000000000078 0
2549 2.600000000000706 8.039237482429773 0
2550 2.597397426868972 3.879421973194418 0
2551 5.053589838487162 6.400000000001415 0
2552 1.500000000002263 6.826794919242716 0
2553 3.573205080757916 3.500000000004161 0
2554 2.500000000003747 1.09474411168451 0
2555 4.198321141755136 2.675078325934825 0
2556 7.401481069305391 9.426223202859914 0
2557 0.7000349407957958 5.09475849684245 0
2558 1.099950609505625 4.748356872372368 0
2559 7.705255888333152 4.299999999999587 0
2560 6.392405216837884 9.658522418668939 0
2561 8.417887419856847 7.292361440617849 0
2562 7.012459875573886 5.499957893380633 0
2563 3.499999999999725 8.558845779194943 0
2564 6.295533368633952 7.173960086920774 0
2565 7.107514223543572 6.850010368719879 0
2566 1.399998418854604 6.653588541655859 0
2567 4.404094029512844 2.309887922283278 0
2568 2.400000000004209 0.921862907635876 0
2569 5.226794919243821 6.100000000002495 0
2570 0.4030059043803609 4.924583302885403 0
2571 1.800000964162352 1.614358797297409 0
2572 7.79878340245471 8.034300463999504 0
2573 2.800000000001462 2.30717967697746 0
2574 2.608566989453943 9.422047487530943 0
2575 5.226795907554045 5.900000000002855 0
2576 1.000000000003292 4.921539030919352 0
2577 7.185640646061122 2.799999999998035 0
2578 1.292404637267187 0.3833100055921415 0
2579 5.973205080756633 3.900000000004248 0
2580 1.199994264863603 6.653584592309295 0
2581 2.000000000006071 2.307179676977143 0
2582 2.698751400451784 2.82562357876358 0
2583 5.053625443904419 5.799980113084668 0
2584 7.532050807576002 5.400000000000974 0
2585 7.18564064606168 2.199999999995481 0
2586 7.099999999997263 7.866025562373403 0
2587 2.000000005424945 7.692822309631038 0
2588 2.500965078833133 0.7454823532418153 0
2589 3.599999999999623 8.732050818537861 0
2590 8.188939412931376 8.721542933622786 0
2591 3.572926797988969 4.699996596748975 0
2592 7.185640646061348 1.799999999995155 0
2593 7.705255888333472 5.299999999999777 0
2594 2.608455928795437 0.5773545196635675 0
2595 4.199999999999106 9.424871130593552 0
2596 5.22679616033002 5.499999287582297 0
2597 5.101244971189271 2.837788860093839 0
2598 7.012435565303996 2.299999999996641 0
2599 1.199999653915077 6.307179341044845 0
2600 7.199999999997111 7.692820356622949 0
2601 5.226797481924015 5.299998528946718 0
2602 2.900000000001325 2.133974596221352 0
2603 0.5997008268918236 4.922699478154321 0
2604 1.800000000006897 2.30717967697717 0
2605 5.053589838487139 5.200000000004266 0
2606 6.319615242273002 3.300000000003485 0
2607 0.8999575815872839 5.094768898338703 0
2608 7.298880388251114 7.520261661959445 0
2609 1.099999942321302 6.13397454022898 0
2610 1.600000000007661 2.307179676977394 0
2611 2.500000000000697 8.212437019782605 0
2612 5.226804491369142 4.899994171361739 0
2613 4.999993222345705 8.73204689644569 0
2614 5.226918969794946 3.700214861865238 0
2615 7.490595334603444 7.523822839673163 0
2616 2.300000000000847 8.212436178151036 0
2617 3.499999999999838 8.905255888323021 0
2618 5.226799972700801 4.69999695949516 0
2619 5.998890781980809 8.735445581737387 0
2620 2.200000000000732 8.385640790051944 0
2621 3.599999999999717 9.078460969112299 0
2622 1.600000000007923 2.653589838489526 0
2623 2.000000000000915 8.385640736041374 0
2624 6.839279683901591 5.399914784221178 0
2625 1.900000000000873 8.558845747327656 0
2626 3.100000003552296 2.133970299717194 0
2627 6.00010917867297 8.385701415614262 0
2628 2.601600003967297 3.001123717470433 0
2629 3.499999999999883 9.251666049880237 0
2630 1.70000053936108 1.441153961800684 0
2631 2.000031275703305 8.732032754174554 0
2632 3.200000004144832 1.960764502876179 0
2633 1.600000570242694 1.267948863215165 0
2634 1.501495740561061 2.826610150659504 0
2635 1.900286693942864 8.905812250731177 0
2636 1.700110333730015 8.906034386244514 0
2637 3.399999999999896 9.424871130616417 0
2638 4.880526677860828 4.499898388996346 0
2639 3.292264973079747 2.822329099371246 0
2640 1.500001331804068 1.094743342771252 0
2641 5.053620756276015 4.599978715526918 0
2642 3.299999999999943 9.598076211351001 0
2643 0.899999016744774 6.133973639418212 0
2644 1.400000398128851 0.9215388010727011 0
2645 3.573205080756163 4.100000000004849 0
2646 0.699998862482299 6.133973489283346 0
2647 1.600168027103117 9.07893672456705 0
2648 1.300002513320979 0.748332499109767 0
2649 0.6009598364710892 6.306614578019969 0
2650 1.197629784041919 0.5729417615493563 0
2651 1.692507429376591 9.248217434691792 0
2652 3.572968328368555 6.499961442855459 0
2653 3.572947070420385 5.899947982430665 0
2654 3.5729480396228 5.299949788871072 0
2655 3.299998154630192 1.787564926812913 0
2656 6.146410161515526 4.000000000003871 0
2657 4.880457320933663 4.29994040322972 0
2658 7.185640646061136 2.599999999996951 0
2659 3.299988246502121 1.441160423453086 0
2660 4.707608598455479 3.79986153118714 0
2661 3.299995365319346 1.094760406975202 0
2662 6.319615242274534 4.100000000003028 0
2663 4.880538427105073 3.699907162072838 0
2664 4.799896538108916 8.732075430957323 0
2665 4.88039764954033 4.099989152812731 0
2666 0.4128975051704553 6.305285274403278 0
2667 3.202389855776805 0.5727860937128892 0
2668 4.707443641870737 3.999966732020504 0
2669 6.492820323029687 3.800000000004558 0
2670 6.666025403788808 3.900000000003935 0
2671 6.666025403784603 3.300000000004601 0
2672 5.05375542035515 3.600219549478962 0
2673 5.07233144430315 3.179184819607965 0
2674 5.05746558313425 3.398056232424334 0
2675 0.342877948208854 2.802103285572216 0
2676 7.201007100165318 6.582084939716972 0
2677 6.84108760554928 5.996783372072734 0
2678 1.003216627939639 1.958912394463729 0
2679 8.395448267198875 7.695448267193048 0
2680 7.506018870335875 0.1905990948975285 0
2681 1.920746874628372 3.167359097717557 0
2682 1.737481705319678 3.184232530339263 0
2683 2.183061893898963 3.526461454910545 0
2684 2.400000000004679 3.340765980653389 0
2685 1.41595156620099 3.005975855237676 0
2686 1.201984566030845 3.205543505840665 0
2687 0.8963857680898846 3.69225954627393 0
2688 0.6911662574706432 3.711379644053575 0
2689 0.4813518028816824 3.721926758427522 0
2690 2.495611355338759 5.443385726194107 0
2691 0.3362880556562471 3.006350930172252 0
2692 8.078254195611194 0.5137295795653229 0
2693 6.486083073963067 5.812169010006405 0
2694 8.47592306930644 8.78810592773868 0
2695 2.581127382959378 5.616149959829958 0
2696 0.4883429186499774 1.085114250861116 0
2697 7.816116567334373 0.321929055848944 0
2698 8.49294824496415 9.851608744618233 0
2699 3.770360836673679 7.00113951490034 0
2700 4.602189269136725 0.9067114165389618 0
2701 0.4186498349584603 6.99172970941394 0
2702 2.700000000002538 3.159292320382292 0
2703 8.060254625971814 7.691473204221996 0
2704 0.160447213520376 8.301481766421954 0
2705 0.5204166701987918 8.207905840818153 0
2706 6.149888543031079 5.782035996408199 0
2707 0.4999487965125112 7.162464230287179 0
2708 0.3454110188704732 8.793457567071702 0
2709 0.5151651337347002 0.7525826072085965 0
2710 0.3315886086454133 8.421307783320966 0
2711 8.283357640528175 8.553870149401558 0
2712 0.5053386319048733 8.529916198887515 0
2713 4.780384757728496 8.050555349944073 0
2714 3.801905425770494 2.632112357363444 0
2715 0.3122076022950641 1.795936072819213 0
2716 0.3173679951887122 5.794879109567588 0
2717 8.48257272655944 8.202907510643874 0
2718 2.685490040970737 5.760967980453332 0
2719 4.592613068248281 0.3195111676445541 0
2720 0.3213080874246912 4.400000000000004 0
2721 8.47147161690795 9.587519338379904 0
2722 2.684872552747899 4.399973215455606 0
2723 4.01723190526053 7.033559986192356 0
2724 2.852268390167977 3.298448604802653 0
2725 0.3245806647326392 3.185937896882836 0
2726 0.3163543445892799 6.846915646565353 0
2727 2.674849523084181 6.812274284624281 0
2728 6.125150476915409 6.81227428462451 0
2729 5.986949542621804 0.3235707398392663 0
2730 5.024548569252114 3.000000000000844 0
2731 5.612274284624425 0.32515047691508 0
2732 2.857477076260611 5.500000000004159 0
2733 0.1447082993762355 7.09946434569247 0
2734 0.3303634851247075 1.425140552483848 0
2735 0.3256633174295136 5.419959028517443 0
2736 7.299999999997285 6.860895300725015 0
2737 7.299999999995758 0.1391046992714111 0
2738 4.216327090776937 5.894534219935894 0
2739 4.216376741914848 5.294479091352755 0
2740 4.212723733126814 4.695983261309284 0
2741 4.06425672824297 4.994564316266226 0
2742 4.064192075305976 5.594495624384926 0
2743 4.062452622841953 6.195749921567176 0
2744 4.212702606000994 3.696036560147974 0
2745 4.062582017000015 3.995817190781013 0
2746 8.468042472812126 9.231955284827558 0
2747 2.670093102407727 4.767639106925751 0
2748 0.8279598911959587 2.302386412106063 0
2749 4.56571905649936 7.70145875703821 0
2750 4.378673743390145 7.368988967555829 0
2751 5.211978568485719 8.065496464644374 0
2752 4.384123179019497 2.631354598488211 0
2753 0.1322267803401012 4.088655570940181 0
2754 0.3257088797234762 4.773436465171464 0
2755 4.401391114082807 1.229089644185179 0
2756 7.569007644577474 7.000000000001567 0
2757 4.91358762242165 1.468485593804449 0
2758 0.3336479494059754 6.160030576393785 0
2759 0.1352571219809841 7.900000000000001 0
2760 2.666808294772353 6.160591658752654 0
2761 6.136993638577406 6.160868615927156 0
2762 4.961767700142121 0.3343122916943689 0
2763 0.6413921678630573 3.012720786254922 0
2764 2.672863618683301 4.033383166562013 0
2765 5.533974596215896 7.499999999998936 0
2766 8.666025403783426 0.5000000000005622 0
2767 5.666141908862398 2.497796500846004 0
2768 4.053589838489066 6.800000000000316 0
2769 4.056363028115292 6.397579151072041 0
2770 0.1335616223000773 9.497733605271137 0
2771 4.053522593067784 6.599458054293316 0
2772 0.5030384948352536 0.1314525239847507 0
2773 4.053885402681713 4.399843161286302 0
2774 4.057141523540473 4.197474824718407 0
2775 4.053589838489337 3.000000000000996 0
2776 4.053589838488989 3.200000000002152 0
2777 4.053589838489038 3.400000000002835 0
2778 4.214532305463013 6.095152987993819 0
2779 4.216836726700762 5.493442072067443 0
2780 4.216274083973996 4.89373140843044 0
2781 4.063573303678923 5.793357078017221 0
2782 4.063600588086832 5.193365483147505 0
2783 4.053289110917936 4.600000000006394 0
2784 4.21401791338115 3.895434966005057 0
2785 4.055584684564724 3.598973835227397 0
2786 2.866528544857506 3.700000000005825 0
2787 0.1333793739386841 5.099999999999994 0
2788 2.866620626063162 5.100000000005276 0
2789 0.3368661623881186 6.44820524617603 0
2790 2.665367012068203 6.448007124997321 0
2791 6.135159436157551 6.448456262388158 0
2792 4.836608786352321 2.689153162285366 0
2793 6.351140107605798 0.3337604410381017 0
2794 5.248967562157962 0.3333867812834436 0
2795 0.1312226310130343 9.108020820866813 0
2796 0.3194027731347717 3.510909848816455 0
2797 4.262693304109396 1.462693304106599 0
2798 0.5242964463683079 8.891125335546697 0
2799 0.8373287712821432 2.678795982931441 0
2800 5.4754809471614 2.162083487539041 0
2801 5.537916512460317 7.88791651245735 0
2802 4.700000000001155 2.436602540379405 0
2803 6.636760678573694 0.3252021968023782 0
2804 8.474437364452323 7.83590500406283 0
2805 7.756926462362351 7.707502433004008 0
2806 4.039447960607985 2.811207668414452 0
2807 0.6461534983932511 9.049393018559405 0
2808 7.060316024285939 6.502361918854588 0
2809 0.8426466532607841 1.938874767704289 0
2810 6.863399759304994 6.15958214011844 0
2811 4.597668785620156 1.658124775076389 0
2812 7.561190765285952 7.372520484262655 0
2813 1.459003533203217 0.1413895074894116 0
2814 2.542679961937576 0.4329598622016891 0
2815 0.8573799097905204 0.1427231452646168 0
2816 3.244025786021771 0.2614070973894329 0
2817 5.758532615280552 9.053924405939787 0
2818 5.946805846911924 9.505608616667324 0
2819 5.664869275147777 9.608556354971112 0
2820 5.553132719853068 9.734336093156337 0
2821 7.340996466798819 9.858610492513327 0
2822 7.957157806986252 9.738503881832152 0
2823 1.758452333101503 9.396990227703437 0
2824 1.443239733195136 9.686918609656209 0
2825 8.658171267585029 2.859355238309269 0
2826 8.538980747982947 6.24402575740293 0
2827 8.367276463924924 5.142656983869563 0
2828 8.538787351176602 6.843093165203295 0
2829 0.5550487693136622 9.329343846092355 0
2830 0.8433689890212032 9.393806263753532 0
2831 1.144798313574894 9.566343849574629 0
2832 6.650599563641356 9.396027391735117 0
2833 6.53787135433752 9.26142111220577 0
2834 6.556283027096183 9.675939562849161 0
2835 7.044025757403365 9.738980747972079 0
2836 2.243474283785266 0.3133242066682232 0
2837 7.643089335524419 9.738823555122481 0
2838 5.243124825140719 9.738686978624138 0
2839 6.250730487835392 9.170382325420158 0
2840 1.756502738148081 0.2625345316483778 0
2841 1.155954081790926 0.2610924288613456 0
2842 2.042740645160654 9.394274971429985 0
2843 2.543756101431335 9.566734698048265 0
2844 3.540644761681882 0.1397585129695262 0
2845 8.658171267586361 3.140644761682731 0
2846 4.044455219661323 0.3135717636114237 0
2847 8.484389585924594 3.842656983867829 0
2848 8.538493212712652 7.157144108306575 0
2849 8.658610492518267 6.540996466797855 0
2850 0.551874210527143 1.94060460216055 0
2851 4.059140979605727 7.201773028900431 0
2852 0.123740087240705 7.499999999999995 0
2853 8.207394920502885 0.6443094169117958 0
2854 0.4945722858066195 0.4566243270328854 0
2855 5.157657324238824 1.599999999994298 0
2856 7.0373946336016 0.2988228840410355 0
2857 5.6579481865517 2.85619447532761 0
2858 8.653589838485596 0.1464101615141347 0
2859 3.453589838484528 2.800000000003981 0
2860 0.1464101615143643 9.853589838485872 0
2861 5.346410161514227 7.199999999999468 0
2862 8.653589838486052 9.853589838485927 0
2863 0.1464101615137375 0.1464101615138399 0
2864 5.253589838485226 3.146410161515373 0
2865 2.800000000000485 7.053589838486152 0
2866 5.999999999999464 7.053589838486025 0
2867 3.59716081644516 7.052657591083883 0
2868 0.1188847885664756 3.700000000000002 0
2869 1.551404549122485 3.185152906504638 0
2870 1.054947210489178 3.162640407089363 0
2871 5.152697005070268 1.988079912316902 0
2872 2.868955358573992 3.130142576460132 0
2873 2.049207114409799 3.347934655843524 0
2874 0.9495875198233664 3.311824361421492 0
2875 1.048052287960576 3.563641386253463 0
2876 8.47943017057379 8.946063574621194 0
2877 4.645079399563129 0.6999999999929022 0
2878 8.204366090114902 7.748310378759101 0
2879 5.849762740786749 9.280402115903945 0
2880 2.534076163828276 3.39236090204453 0
2881 8.510199069907756 0.797442358312846 0
2882 2.990296984116901 0.2863886827997579 0
2883 2.799739471061819 0.2877640046632902 0
2884 1.999971277415695 0.2880603579241207 0
2885 4.990295279355538 9.713622953403542 0
2886 4.800000000010598 9.712435565298161 0
2887 6.009683166233959 9.02162484149305 0
2888 6.802284676413293 9.713195894187429 0
2889 8.209577489435159 9.714182388846124 0
2890 4.600000000007566 9.712435565297781 0
2891 2.290581767497296 9.539604023058365 0
2892 3.790502261478153 0.2882389286948069 0
2893 2.80000000000019 9.712435565294099 0
2894 4.200000000011121 9.712435565301366 0
2895 3.00000000000046 9.712435565293926 0
2896 4.400000000007787 9.712435565298406 0
2897 3.200000000000617 9.71243556529388 0
2898 4.286352974766883 0.4601206149438928 0
2899 3.400000000004529 9.712435565296929 0
2900 3.600000000007307 9.712435565299103 0
2901 3.800000000008907 9.712435565300247 0
2902 4.000000000010405 9.712435565301297 0
2903 8.512435565302249 2.399999999995629 0
2904 8.512435565302148 2.199999999995978 0
2905 8.512435565301965 1.999999999996123 0
2906 8.512435565301967 1.799999999996462 0
2907 8.512435565302443 1.59999999999665 0
2908 8.513054240831329 2.599589677363977 0
2909 8.512383076006341 3.400574451680203 0
2910 8.512435565304141 1.19999999999895 0
2911 8.512435565302543 1.399999999996668 0
2912 8.511064669555044 3.589919040219195 0
2913 8.513109312416839 0.9994175044844354 0
2914 8.513382489853058 7.409713190735864 0
2915 8.339849160075778 4.100410322625523 0
2916 8.339230484548599 4.299999999990932 0
2917 8.512435565299567 5.399999999999552 0
2918 8.339230484545094 4.69999999999556 0
2919 8.339230484546931 4.499999999993165 0
2920 8.512435565299759 5.599999999999682 0
2921 8.340319845100446 4.889889133327092 0
2922 8.512435565299841 5.799999999999952 0
2923 8.513623937121128 5.990296983192424 0
2924 8.511683021550594 7.590105058450157 0
2925 7.658482215937646 0.3175462583818237 0
2926 2.285209717323243 0.4509250774656914 0
2927 1.730142453033618 0.1333379493874322 0
2928 1.130009087180093 0.1325060977410306 0
2929 5.304227008699632 9.876635349508506 0
2930 3.602963073177683 0.2806487198654362 0
2931 4.102800803393166 0.4551228131203982 0
2932 6.197168977826631 9.025372500907059 0
2933 7.069963246077103 9.866965106538739 0
2934 2.602854231554918 0.2924019072396746 0
2935 1.414846890268205 0.2779315992480746 0
2936 7.704177892870571 9.876832436364822 0
2937 5.496441671150258 9.87559432165401 0
2938 0.8125415077715206 0.2806069185127297 0
2939 2.603218736917364 9.707503361937285 0
2940 2.100000000005696 9.540348216746434 0
2941 7.385284849848906 9.722016621203196 0
2942 7.89623123006898 9.875730159952415 0
2943 1.185054690469113 9.702942445179332 0
2944 0.8714911835556652 9.525778768757602 0
2945 3.26996325179599 0.1331124625334676 0
2946 1.700000000004767 9.540348216748383 0
2947 1.503954341972433 9.545786771617214 0
2948 8.343779129880136 3.902825195370284 0
2949 8.514653375429415 3.201937817725492 0
2950 8.521990761243366 6.585287585336623 0
2951 8.676573295396111 7.095874802211953 0
2952 8.514761550320696 2.798069302961672 0
2953 8.679047593311804 6.902733883137479 0
2954 8.666965106544836 6.269963246073687 0
2955 8.507585085164205 5.202800272951651 0
2956 6.546950221203313 5.991397819526389 0
2957 6.299999999998122 5.848821042840277 0
2958 3.898175049896784 2.759533245793218 0
2959 4.649505811088128 1.099999999992924 0
2960 0.3159573511665629 1.14635877392703 0
2961 8.344165081177524 8.711868883989402 0
2962 0.4649542379162666 8.704304083814451 0
2963 0.4544029272465367 0.8999999999997534 0
2964 0.4601773073490474 8.34066990244794 0
2965 7.901130261470586 0.453248214257916 0
2966 0.2671966441470585 7.007750245424742 0
2967 4.933835690500295 8.070028947128501 0
2968 7.201489604027534 0.2585328571133635 0
2969 8.398345459232875 9.720488175757646 0
2970 7.196602461829666 6.728540745188268 0
2971 2.732205810868706 5.599474506355761 0
2972 0.3873304121796095 3.62795613593159 0
2973 0.2428063169108221 4.174760645256077 0
2974 0.3488471779357536 4.158260429871596 0
2975 0.2951125925181892 4.255779784416094 0
2976 8.254465819870692 8.122563817872102 0
2977 8.323691402558161 8.023865255163706 0
2978 8.369225582684063 8.113737002587094 0
2979 0.1823272321789758 6.61596518677258 0
2980 0.2813398148409865 6.57892781409618 0
2981 0.277606022400864 6.673939981175048 0
2982 2.722746068746072 6.577233046550426 0
2983 2.821338718193118 6.614577455974995 0
2984 2.724287750713699 6.672830768060771 0
2985 5.980802540245472 6.616086079295505 0
2986 6.078188746001518 6.577973688170753 0
2987 6.078788322472681 6.675080033002027 0
2988 4.948134725275774 2.772605636385232 0
2989 5.052287427542493 2.75568604941088 0
2990 4.997092268922552 2.85470844706819 0
2991 5.377339295590831 0.277069902508865 0
2992 5.415069273543946 0.1778094287775144 0
2993 5.473428834676855 0.2746763675130316 0
2994 6.22276394123808 0.2772491632399718 0
2995 6.126515530019059 0.2749408871018726 0
2996 6.184771854314333 0.1778946876347129 0
2997 1.893916166990173 3.259848052708389 0
2998 1.802283582335826 3.268284769019242 0
2999 1.829114289974025 3.17579581402841 0
3000 1.771275514964202 3.357959106424008 0
3001 1.706473637948055 3.273906867744029 0
3002 0.8026623450792971 3.511101759064955 0
3003 0.9008552291191192 3.597423911065046 0
3004 0.7981928840500625 3.605937394273838 0
3005 0.7937760127802639 3.701819595163752 0
3006 0.6955831287404418 3.615497443163662 0
3007 0.6000000000103523 3.519615242273779 0
3008 0.5955831287405536 3.615497443163692 0
3009 0.5862590301761628 3.716653201240549 0
3010 0.4906759014460733 3.620771000350666 0
3011 4.650180000700376 7.936531757058018 0
3012 4.741981268701938 7.943549906276313 0
3013 4.688583489726933 8.043537200725778 0
3014 2.568608929667185 4.307234443060475 0
3015 2.45323538373334 4.313716071874371 0
3016 2.521844313399656 4.219026726284917 0
3017 0.1606492559166794 4.180467785370378 0
3018 0.2143838413342439 4.08294843082588 0
3019 3.82884405137803 7.092856377295288 0
3020 3.893796370967105 7.017349750546348 0
3021 3.952279585671456 7.109066612941296 0
3022 7.093619354109248 0.6406144469537611 0
3023 7.002840018232915 0.5837626872241672 0
3024 7.089025731567427 0.533040721605698 0
3025 0.5049768812374296 3.025590192812114 0
3026 0.4192410039756208 3.073304914372866 0
3027 0.4220239329180559 2.958636208611501 0
3028 2.313280747582486 3.428732967363238 0
3029 2.289569968183991 3.518868062048341 0
3030 2.206772673297459 3.436326360225442 0
3031 2.315241726350316 3.343478623096864 0
3032 2.398039021236849 3.426020324919762 0
3033 1.285364774365074 3.094529812883325 0
3034 1.307975783105082 3.002987927620676 0
3035 1.393340557460982 3.097517740500324 0
3036 1.28635705737591 3.197301565801819 0
3037 1.20099228302001 3.102771752922171 0
3038 3.842131789461834 6.946223982683871 0
3039 3.96556732375526 6.962434218329879 0
3040 0.2761885775093591 6.030015326909405 0
3041 0.1767649972057321 5.990430713173009 0
3042 0.2730745650749045 5.934826358238615 0
3043 0.2977108718345404 8.062712136342151 0
3044 0.2450233905697892 7.976813099540618 0
3045 0.3536883798014184 7.962071751405868 0
3046 2.723448640411865 6.030224779242614 0
3047 2.727927171225128 5.934013521905463 0
3048 2.824599521174132 5.989408424508444 0
3049 6.08367303160216 6.028528412421414 0
3050 5.979711319294154 5.987831236171949 0
3051 6.083505341257464 5.930739966748611 0
3052 4.830963556359094 0.276645020509126 0
3053 4.735887472145416 0.2735853465280487 0
3054 4.790543597624053 0.1768193356563127 0
3055 0.5455341801297975 4.490598923243741 0
3056 0.4765310620697402 4.584558391607761 0
3057 0.4309968819440123 4.495883257013189 0
3058 0.2614635935036085 6.48457913293487 0
3059 0.3567423837254966 6.542553927337339 0
3060 5.342333209440851 0.3536618112639129 0
3061 5.283973648307942 0.2567948725283957 0
3062 2.645531056667428 6.541746741816762 0
3063 2.742582024146847 6.483493429730986 0
3064 6.057681199965931 6.483717998426195 0
3065 6.155666982193138 6.542711952132716 0
3066 4.864774176504078 2.780390598163954 0
3067 4.919969335124017 2.681368200506644 0
3068 6.316080186569576 0.2569817024054569 0
3069 6.257823862274302 0.3540279018726166 0
3070 2.084459092559156 3.527118398261109 0
3071 2.017531702814574 3.437854998727598 0
3072 2.116134504154381 3.437198055377034 0
3073 1.512375235057295 3.005675386833135 0
3074 1.580101726518042 3.095263912466616 0
3075 1.483678057661737 3.095564380871157 0
3076 2.139845283552877 3.347062960691932 0
3077 1.461067048921729 3.187106266133806 0
3078 8.523810979105127 9.363137105558398 0
3079 8.622820983277425 9.405740330317837 0
3080 8.52610527634106 9.459049340525356 0
3081 2.727815461681588 4.542234940483788 0
3082 2.825213351410016 4.597744836546542 0
3083 2.726233893848011 4.639979777023394 0
3084 7.894539235103397 7.721722268272897 0
3085 7.975150627394751 7.651063956553823 0
3086 7.979643233680459 7.76213151594107 0
3087 0.2758524124953418 1.558359695352172 0
3088 0.2728910751121651 1.655097856321394 0
3089 0.1761664181400484 1.603261839030749 0
3090 0.4316444410042906 5.697250525248075 0
3091 0.478493952303508 5.609918319069145 0
3092 0.5468495113023937 5.700232228523652 0
3093 8.362450477732436 8.302657067319707 0
3094 8.312629746332075 8.388768220968917 0
3095 8.250179268596234 8.298546718944699 0
3096 5.74979832451477 0.2724312179378626 0
3097 5.798943530361274 0.1735373731738392 0
3098 5.84874185488446 0.2727635103544255 0
3099 0.3329048804065406 9.03821309677031 0
3100 0.2392022754606136 9.019131852265495 0
3101 0.2799883312310539 8.941331234546862 0
3102 0.574575989021461 2.961821136652836 0
3103 0.571793060079026 3.076489842414201 0
3104 4.548391110861651 7.951272227645189 0
3105 4.601788889836656 7.851284933195723 0
3106 7.827979151875728 7.770146130332076 0
3107 7.82348654559002 7.659078570944828 0
3108 0.1621515022919476 7.988726742238452 0
3109 0.2181290102588256 7.888086357302168 0
3110 0.3530730473922534 6.067220774184399 0
3111 0.2567634795230811 6.122825129118792 0
3112 2.743464642566611 6.123105670299124 0
3113 2.646792292617607 6.067710767696143 0
3114 6.162230346071437 6.066152879462615 0
3115 6.058436324108128 6.123244148885954 0
3116 4.923693690989927 0.2570956506658795 0
3117 4.869037565511289 0.3538616615376154 0
3118 4.534798706204517 0.6236202671626048 0
3119 4.440787260108095 0.6496236742375899 0
3120 4.488721883997492 0.5465837212668476 0
3121 0.9398215375730763 2.21450396955241 0
3122 0.9884378548822828 2.12670868123566 0
3123 1.048616317318668 2.219384388661088 0
3124 6.827286363012563 0.4752671927254574 0
3125 6.908422928416151 0.4158710205030871 0
3126 6.917109830287504 0.5355851340984744 0
3127 0.4310970677986452 5.523378818764066 0
3128 0.5463021380967483 5.526360522039643 0
3129 4.613906364828522 0.6102901570923823 0
3130 4.565971740939125 0.7133301100631246 0
3131 0.5433967114107366 4.666759965952267 0
3132 0.4288594132249515 4.672044299721715 0
3133 8.460511945965486 8.108972975261285 0
3134 8.391286363278017 8.207671537969681 0
3135 0.4230979844629847 1.884742325726647 0
3136 0.3387832081778227 1.886598283985307 0
3137 0.3965223785802261 1.794080114560553 0
3138 2.569412302394836 4.132485109131525 0
3139 2.45403875646099 4.138966737945421 0
3140 0.5163556826962655 1.866414379231221 0
3141 0.4586165122938622 1.958932548655976 0
3142 2.707746008026876 3.524511749153444 0
3143 2.757746008026911 3.611114289532007 0
3144 2.650000000001739 3.622500925245026 0
3145 0.303846800659797 3.32986202231463 0
3146 0.3648688670285984 3.423441372531718 0
3147 0.2583807067659702 3.417330498599367 0
3148 8.354129297998226 8.473374359372741 0
3149 8.241858088862024 8.469264010997733 0
3150 4.801584598443892 7.872930538667905 0
3151 4.83998808747045 7.979935982335665 0
3152 8.257526039878726 7.948476939429321 0
3153 8.372285802692097 7.939650124144313 0
3154 6.748770499878361 0.5466449045095123 0
3155 6.740083598007008 0.4269307909141251 0
3156 4.495645198480979 0.4406626264216247 0
3157 4.401633752384557 0.4666660334966098 0
3158 7.182722856752708 0.4949462406639048 0
3159 7.091943520876374 0.4380944809343109 0
3160 6.921703452829327 0.6431588594465375 0
3161 0.4854130364268887 0.5914876545113779 0
3162 0.554448034446176 0.6694569505363186 0
3163 0.4461301357154128 0.6746133111836559 0
3164 2.757108764449425 5.19295309115299 0
3165 2.707950691467913 5.281014453976416 0
3166 2.648879665842949 5.185657705264889 0
3167 0.2968502042936256 5.27579309753694 0
3168 0.2468735972974799 5.190287802117737 0
3169 0.3530179692608217 5.182155754152308 0
3170 4.406778882639971 7.516839962557624 0
3171 4.455945509657376 7.602361959400506 0
3172 4.34805684254078 7.607569845837112 0
3173 4.412282866432894 2.488263579747682 0
3174 4.353102680834478 2.394889596756023 0
3175 4.46327421511126 2.403261905274937 0
3176 0.2116707278245673 9.112017267677878 0
3177 0.1587541786490806 9.01513540545443 0
3178 2.746862442992083 4.73156439000595 0
3179 2.649464553263655 4.676054493943196 0
3180 8.447568872490443 9.324200700296737 0
3181 8.544284579426808 9.270891690089218 0
3182 4.27966635755612 7.157492677041937 0
3183 4.279848127847492 7.262521695575821 0
3184 4.198744969942425 7.220014372618249 0
3185 4.281744443393795 2.846745064786726 0
3186 4.200520256540635 2.784284227753768 0
3187 4.279545328608297 2.737539162967782 0
3188 2.602329460271713 3.274466736446576 0
3189 2.609170110322447 3.18067592484958 0
3190 2.693159349951804 3.253083131979289 0
3191 0.1738900637691138 3.429921406454988 0
3192 0.2349121301379152 3.523500756672076 0
3193 0.7428781520551371 7.428784446923608 0
3194 0.6408989682467037 7.425702261127947 0
3195 0.6928026893574248 7.340271272897449 0
3196 2.610197431864673 3.369617422810407 0
3197 2.526208192235316 3.297210215680698 0
3198 7.453285300016748 6.914490347929597 0
3199 7.348255588898644 6.933445476811263 0
3200 7.40502971111539 6.841940171843349 0
3201 0.7858804317095038 2.54320500651637 0
3202 0.689931823439984 2.497862953484506 0
3203 0.7840647524761273 2.443269909607667 0
3204 8.707884013023884 0.3628790337368522 0
3205 8.707884013023884 0.2628790337369463 0
3206 0.09211598697609005 9.63712096626292 0
3207 0.09211598697609005 9.737120966262919 0
3208 0.3625809033022975 0.09159960991664388 0
3209 0.2625809033024997 0.09159960991664388 0
3210 5.554727333780345 7.267403844538528 0
3211 5.502469652059684 7.362119895358518 0
3212 5.455723008147311 7.281575017938854 0
3213 5.312157979529475 7.959016583551614 0
3214 5.311036944266344 7.850140970012331 0
3215 5.396400004552126 7.909157553566045 0
3216 5.70788401302486 2.637120966261747 0
3217 5.801314002171505 2.693985980916286 0
3218 5.709198015195451 2.731106947180124 0
3219 3.591068487682924 2.786459906230821 0
3220 3.676155979235816 2.743023448689252 0
3221 3.671052094073231 2.852694944239602 0
3222 7.704888585165499 7.195240494619171 0
3223 7.611422948096547 7.237358437506376 0
3224 7.611790251264408 7.142117942888797 0
3225 4.77048129676506 1.501969379370516 0
3226 4.68603315708132 1.54695716291944 0
3227 4.676321375777095 1.444987783541759 0
3228 0.2468553286388657 5.00436594863673 0
3229 0.2968375996967081 4.918332370712879 0
3230 0.3530236333225185 5.010616880809254 0
3231 2.702713008404023 4.917287455335224 0
3232 2.753517856774843 5.004668578442411 0
3233 2.647232890453642 5.010215219334276 0
3234 6.433031435928487 9.385005698889014 0
3235 6.451967113094659 9.275523876125952 0
3236 6.518935677171349 9.370902934968832 0
3237 6.575299781823267 9.438206074733504 0
3238 6.594235458989438 9.328724251970444 0
3239 5.76722962932366 9.731265134313357 0
3240 5.682434637577822 9.717675637107485 0
3241 5.749664266893616 9.622145852176985 0
3242 5.626566359930468 9.780565506200098 0
3243 5.609000997500422 9.671446224063725 0
3244 2.661045206040701 4.306259156463314 0
3245 2.592436276374384 4.400948502052768 0
3246 0.2312407194552189 7.413446284318604 0
3247 0.2785081927869604 7.324986394683371 0
3248 0.3347528695197776 7.421438528326767 0
3249 0.4358337117513725 0.5266341710958002 0
3250 0.5441516104821357 0.521477810448463 0
3251 0.2547456203239663 1.465832115272688 0
3252 0.351470277296083 1.517668132563332 0
3253 0.9999578396394355 3.440432238086925 0
3254 0.9274561049858601 3.407206318638827 0
3255 1.022089254476942 3.34505028086959 0
3256 1.071321638545547 3.470958793285575 0
3257 0.976688489054465 3.533114831054813 0
3258 2.754957098535649 3.799577378503691 0
3259 2.703655811969249 3.884736632289106 0
3260 2.648698713435373 3.794262719409003 0
3261 0.5950153337864208 0.2370317000452329 0
3262 0.682715031139389 0.2904848691969089 0
3263 0.5950043747196418 0.3454617528678482 0
3264 0.3416509256543231 4.494921362688606 0
3265 0.4106540437143804 4.400961894324587 0
3266 4.318891421367716 1.340961485374927 0
3267 4.312757983570393 1.25719733370375 0
3268 4.40752455188013 1.312853795856356 0
3269 0.3705016930138956 8.141735863028206 0
3270 0.2618367037822664 8.156477211162958 0
3271 4.1070822222148 6.971740340221636 0
3272 4.035410871874799 6.916779993096336 0
3273 4.125261188829068 6.854960347125616 0
3274 4.338175646893424 1.429655625817066 0
3275 4.243409078583687 1.37399916366446 0
3276 0.5870983538556992 7.512057607395933 0
3277 0.537022891157987 7.423544433369774 0
3278 0.211776922382194 3.627282720167078 0
3279 0.2962675653790505 3.614691812311457 0
3280 2.722163670454691 6.942817416955469 0
3281 2.651118061802709 6.901799215674989 0
3282 2.745895131736164 6.853292485904761 0
3283 5.130368978407638 3.089654435080406 0
3284 5.048440006777632 3.089592409804405 0
3285 5.106477540882121 3.000062025276846 0
3286 6.078129735711109 6.94298888017333 0
3287 6.05410486826354 6.853292485904808 0
3288 6.149175344362978 6.901970678893033 0
3289 5.705935466831191 0.3484039160167645 0
3290 5.656137142308005 0.2491777788361782 0
3291 5.942418301676383 0.2487202027148342 0
3292 5.89327309582988 0.3476140474788576 0
3293 0.6100606907304249 2.761347696278725 0
3294 0.605426752256511 2.650657384682777 0
3295 0.6963814411472744 2.708488361989156 0
3296 5.505601705728008 2.309151647547737 0
3297 5.554709514222536 2.397763029553557 0
3298 5.449419616022942 2.399318234557027 0
3299 8.556942399145626 0.5994677803361363 0
3300 8.507358528065991 0.6899728703432589 0
3301 8.449583871078465 0.6023152330207712 0
3302 5.488940236603101 7.748003182298469 0
3303 5.394763637058107 7.699809628398799 0
3304 5.488424904372213 7.647530870670506 0
3305 0.2388543020725311 9.391112578765931 0
3306 0.2819054816906499 9.305608471982246 0
3307 0.3430511796192366 9.394880650945103 0
3308 4.12108366596706 2.852348898993582 0
3309 4.11888455118156 2.743142997174639 0
3310 0.433775853366909 9.04448185259383 0
3311 0.4489936912726444 8.925768907299187 0
3312 0.5090786084625725 9.00983828084134 0
3313 0.5852249723807794 8.970259177053052 0
3314 0.5700071344750441 9.088972122347695 0
3315 2.643159349951388 3.441386164221374 0
3316 2.750905357976559 3.429999528508355 0
3317 0.2056127417143705 7.504949208980998 0
3318 0.1493680649815534 7.408497075337602 0
3319 0.9139799456027102 2.304783044541951 0
3320 0.8538014831663248 2.212107337116523 0
3321 2.752670309135313 5.371892707394366 0
3322 2.644441210528837 5.364597321506265 0
3323 8.634678932266681 0.2360841144940856 0
3324 8.726794919242799 0.1732050807569953 0
3325 0.1653210677332722 9.763915885505856 0
3326 0.07320508075718213 9.826794919242936 0
3327 0.2357859840595599 0.1648046906735638 0
3328 0.1732050807566773 0.07320508075691994 0
3329 5.374937743970438 7.288145534379156 0
3330 5.427195425691099 7.193429483559166 0
3331 2.808470370194316 6.973950262835697 0
3332 2.713693300260861 7.022456992605925 0
3333 6.086600105905005 7.02262845582379 0
3334 5.991529629805567 6.973950262835565 0
3335 5.730288095446897 2.822083218581137 0
3336 5.636858106300252 2.765218203926597 0
3337 5.220998175498677 3.07326710603411 0
3338 5.162960641394188 3.162797490561669 0
3339 3.519777220502434 2.848065700892576 0
3340 3.524881105665019 2.738394205342226 0
3341 5.372529610313873 1.951329441657448 0
3342 5.374335618335901 2.057806442726593 0
3343 5.293275390162637 2.009135884387264 0
3344 4.561227200355506 2.401907782620153 0
3345 4.502047014757091 2.308533799628494 0
3346 0.284704302125747 3.889607704620608 0
3347 0.2243268127510956 3.806115169997604 0
3348 0.3335098469979807 3.801966310429462 0
3349 4.129033859919762 7.263408210026283 0
3350 4.12885208962839 7.158379191492397 0
3351 0.2873266999403949 7.695288740409842 0
3352 0.2323226494348027 7.603673318495646 0
3353 0.3424894466936282 7.601513839876194 0
3354 0.2349137143900223 9.20892705714601 0
3355 0.3391105919367279 9.212695129325182 0
3356 7.972583715692981 0.6560091638655874 0
3357 7.985368939149101 0.5616713982076895 0
3358 8.065468972155074 0.6080673452232208 0
3359 0.9414298515381647 2.040370328295356 0
3360 1.050224631283757 2.045250747404033 0
3361 6.683142512376913 6.00650337615334 0
3362 6.760375827076569 5.947825547409368 0
3363 6.763854290849625 6.055461200816707 0
3364 0.3423923358812613 1.703065892731015 0
3365 0.2427063415259679 1.747968036409592 0
3366 4.500585067558163 0.3401280531479705 0
3367 4.587673199171098 0.4200457409182083 0
3368 0.4086839975959442 5.791221772135085 0
3369 0.3403284385970585 5.700907862680577 0
3370 8.453736841013857 8.297893039993898 0
3371 2.841010280454777 3.606562556723125 0
3372 2.78326427242964 3.704551732814707 0
3373 3.983746290369528 6.845654225233859 0
3374 0.7442867890563538 7.255020180922193 0
3375 0.6423076052479204 7.251937995126532 0
3376 0.2390804006091183 7.786810466816815 0
3377 0.3492471978679438 7.784650988197361 0
3378 0.6432217601579109 7.602229923759255 0
3379 0.5393456830691942 7.600072096001083 0
3380 0.5981632458528756 9.188989930379812 0
3381 0.6287572452312882 9.289386240357999 0
3382 0.5244547699352496 9.22894753611417 0
3383 4.249775960196574 1.700966466801777 0
3384 4.303368691259388 1.608157433292519 0
3385 4.356407460726486 1.693759615270935 0
3386 3.79216975627486 7.180244749532237 0
3387 3.733686541570508 7.088527887137289 0
3388 2.782329182443812 5.09879817122337 0
3389 2.841400208068776 5.194154919934897 0
3390 0.1620426031344839 5.191962572751182 0
3391 0.2182103681016801 5.09832522936655 0
3392 0.3079312960040063 6.303073815966959 0
3393 0.374881833779287 6.376745260289654 0
3394 0.269915624612838 6.374533801853335 0
3395 2.693572096518716 6.304267069531091 0
3396 2.730145424919529 6.375651731203505 0
3397 2.62879368366739 6.376622463324907 0
3398 6.106809209298596 6.30464927116723 0
3399 6.171803183035737 6.377181458452153 0
3400 6.07016546242041 6.375924075103235 0
3401 4.792897589218844 2.549847142942649 0
3402 4.857612143907115 2.594423724085071 0
3403 4.771894231664051 2.644576581142944 0
3404 5.104887230938178 0.3063970507033689 0
3405 5.176209469957461 0.2692276151584411 0
3406 5.177645323138679 0.3705562168283715 0
3407 6.493618953310408 0.3042749274671158 0
3408 6.422176161172658 0.3700528945288936 0
3409 6.422582899743549 0.2679824739763239 0
3410 7.632856023641795 7.331500736749702 0
3411 7.539757689740704 7.278378185019329 0
3412 4.688930931844721 1.631031766912293 0
3413 4.594771010856755 1.574050171083536 0
3414 0.3772420802525058 3.72020026711699 0
3415 0.4376195696271573 3.803692801739994 0
3416 5.044591905885554 1.519735758643334 0
3417 4.953165910624175 1.540953284529897 0
3418 5.005013617683028 1.447268067917886 0
3419 7.539533533405484 6.911492521481625 0
3420 7.482759411188738 7.002997826449539 0
3421 7.434891184042253 0.3543530884614556 0
3422 7.427814841333772 0.250798290181279 0
3423 7.513095213044355 0.2941538931777052 0
3424 7.430668873892872 6.75531865805034 0
3425 7.325639162774767 6.774273786932005 0
3426 6.064716085990268 5.836039393453673 0
3427 6.168677798298274 5.876736569703137 0
3428 0.6043875949005265 2.865050080317927 0
3429 0.5134329060097631 2.807219103011548 0
3430 0.3452141193505093 3.981350067882023 0
3431 0.2360310851036242 3.985498927450165 0
3432 0.6743096097710826 9.149410826591524 0
3433 0.1960085730949024 3.70923688790323 0
3434 0.1346531378537671 3.61804583226385 0
3435 0.8586710660138952 2.583703972785487 0
3436 0.764538136977752 2.638297016662325 0
3437 5.466597740874656 7.844099226242056 0
3438 5.467718776137787 7.952974839781339 0
3439 5.127048468591616 1.51302527101281 0
3440 5.075200761532761 1.606710487624822 0
3441 8.548293448710652 9.544585951832349 0
3442 8.449283444538356 9.50198272707291 0
3443 2.656854278433741 4.492221548208123 0
3444 2.755833735995746 4.449986607731271 0
3445 4.402519810957054 1.79055111427283 0
3446 4.456112542019868 1.697742080763572 0
3447 7.645857656355108 7.604942791507543 0
3448 7.541540190600788 7.609967165303334 0
3449 7.594912800357765 7.518798465877373 0
3450 0.3533665926571906 3.569432992374022 0
3451 0.3302313849014694 3.673214955869024 0
3452 0.3474185771949551 7.242509202026691 0
3453 0.4063828040254512 7.157251997824512 0
3454 0.4409845696820151 7.247721434489357 0
3455 0.361230770483906 4.319639784515809 0
3456 0.2551899094589745 4.33613999990029 0
3457 6.948670332982859 6.3944609121684 0
3458 6.843153205333824 6.39542372335447 0
3459 6.89636494005293 6.307033628668876 0
3460 8.001131469455515 7.850793897429134 0
3461 8.08174286174687 7.78013558571006 0
3462 4.33878197945676 7.44551840827503 0
3463 4.446670646573356 7.440310521838423 0
3464 4.540193303127963 7.606545416579614 0
3465 4.481471263028773 7.697275299859102 0
3466 4.453288789864586 2.563995243377404 0
3467 4.343117255587805 2.555622934858489 0
3468 0.2683065181217664 6.230446466962213 0
3469 0.3732727272882154 6.232657925398532 0
3470 2.629514325019465 6.232914730202573 0
3471 2.730866066271604 6.231943998081172 0
3472 6.071082563630338 6.232130251872734 0
3473 6.172720284245665 6.233387635221652 0
3474 5.034045392130759 0.3710189720338341 0
3475 5.03260953894954 0.2696903703639038 0
3476 7.896806972078798 0.5314307155539861 0
3477 7.98969222854089 0.4834888969116194 0
3478 6.616785598676641 6.052768424543534 0
3479 6.613307134903586 5.945132771136196 0
3480 0.4864219242002552 7.335083862896662 0
3481 0.5453861510307514 7.249826658694484 0
3482 0.4403578869831014 7.601514520714074 0
3483 0.4964812932853131 7.691686837077397 0
3484 5.223889201627467 2.051846398886655 0
3485 5.222083193605439 1.94536939781751 0
3486 0.4133873085138169 3.163098397728158 0
3487 0.3304343601944432 3.096144413527544 0
3488 0.1620243344758697 5.006040719270175 0
3489 2.837809300394193 5.005870407224318 0
3490 7.582250543136761 0.2540726766396761 0
3491 7.589326885845241 0.3576274749198527 0
3492 7.728078364237218 7.610638262542795 0
3493 7.674705754480241 7.701806961968757 0
3494 5.892372646386807 9.374887051468516 0
3495 5.965775569842863 9.415255794507324 0
3496 5.873402923455869 9.465239873628516 0
3497 5.807112230011459 9.184415087718282 0
3498 5.736378537647996 9.144389992578674 0
3499 5.829266307644016 9.093949501079395 0
3500 6.600000000001622 9.53923048454001 0
3501 6.675299781819712 9.497051801541623 0
3502 6.628141513547125 9.637007887098644 0
3503 6.52814151355068 9.578162160290526 0
3504 8.443328303356022 8.498682407180933 0
3505 8.372556645885972 8.57917819720975 0
3506 8.500410148817284 7.700112386014373 0
3507 8.539904697444008 7.770340754449264 0
3508 8.434942815825599 7.765676635627939 0
3509 8.497303208157788 9.090239975596926 0
3510 8.533764132297128 9.163499632844974 0
3511 8.431581548672789 9.158695627579508 0
3512 2.633260572245275 4.845236601576419 0
3513 2.739545538566476 4.839689960684555 0
3514 3.985986526586679 4.044958751825041 0
3515 4.059861770270244 4.09664600774971 0
3516 3.983266279856908 4.145787568793738 0
3517 3.985885236081517 6.244904105252592 0
3518 4.059407825478623 6.296664536319608 0
3519 3.982840438718187 6.345818720005024 0
3520 3.986778181262777 5.044332069398877 0
3521 4.063928658164901 5.093964899706865 0
3522 3.986450111184708 5.143732652839516 0
3523 3.986730013727267 5.644277102515027 0
3524 4.063882689492449 5.693926351201074 0
3525 3.98642062791374 5.743707829331175 0
3526 4.29210038297793 3.74554445260851 0
3527 4.292758036668008 3.845243655537052 0
3528 4.213360259691072 3.795735763076515 0
3529 4.292224223465068 4.745390851749796 0
3530 4.293999398888658 4.844264925310374 0
3531 4.214498908550405 4.794857334869862 0
3532 4.294049066757861 5.344640594174928 0
3533 4.294279059150818 5.444122084532273 0
3534 4.216606734307805 5.393960581710099 0
3535 4.293908961978621 5.94479747349311 0
3536 4.29301156932166 6.045106857522073 0
3537 4.215429698119975 5.994843603964856 0
3538 0.2658483725778001 8.857853778556875 0
3539 0.359550977523727 8.876935023061689 0
3540 0.2455094899799949 5.845060427034903 0
3541 0.3449330702836219 5.8846450407713 0
3542 2.656133165716799 5.867898928546483 0
3543 2.757284046479066 5.827082573812312 0
3544 4.684460249564369 0.346461099512708 0
3545 4.644040290829327 0.2466354146598948 0
3546 2.838221370963516 3.795025645694809 0
3547 0.4343411075306459 3.674941447179556 0
3548 0.3023832509909765 1.286065036181583 0
3549 0.3678629608520442 1.352386209638614 0
3550 0.2648837752636398 1.358819379026817 0
3551 0.3643289468432405 5.343810039044477 0
3552 0.2581845748798987 5.351942087009906 0
3553 5.200008532333175 1.848278837351264 0
3554 5.199711007442345 1.746662535249146 0
3555 5.291171857249779 1.801042581216001 0
3556 8.43727539755362 9.015749772476326 0
3557 8.539457981177961 9.020553777741792 0
3558 0.2581890873682658 4.84275895185591 0
3559 0.3643573920519185 4.849009884028433 0
3560 0.260969652564904 3.254844522632557 0
3561 0.3674578128275322 3.260955396564908 0
3562 0.3464864748260773 6.741909127532001 0
3563 0.2474738921640666 6.7789465002084 0
3564 2.748864961622463 6.76122473105481 0
3565 2.650272312175417 6.723880321630242 0
3566 6.150662502572068 6.724620963250892 0
3567 6.053276296816022 6.762733354375644 0
3568 5.062896770220693 2.918894430047342 0
3569 4.958744067953974 2.935814017021693 0
3570 6.075728579782306 0.3489330512731989 0
3571 6.037736492858558 0.24957857566794 0
3572 5.561716548627198 0.2502831853483806 0
3573 5.523986570674083 0.3495436590797311 0
3574 7.065363441716741 6.756035606180181 0
3575 7.109907560859789 6.695300794414376 0
3576 7.152058342686619 6.789275556954074 0
3577 8.399038105679775 0.7964101615109417 0
3578 8.309646046185961 0.8531916903076651 0
3579 8.310607940505015 0.7496018518246172 0
3580 2.741388907876413 3.961717228972903 0
3581 2.635130522776136 3.956402569878215 0
3582 3.106686626546083 0.2787771127743816 0
3583 3.174908129497207 0.2184218023860062 0
3584 3.175804283070647 0.3217624077778083 0
3585 2.40289523648713 0.4512199605003701 0
3586 2.471339980965768 0.3896850118571655 0
3587 2.474235217458939 0.4944948108448937 0
3588 1.60000000000203 0.1143593539515092 0
3589 1.529501766605348 0.185054107696215 0
3590 1.529501766599899 0.07069475374470582 0
3591 1.293247995685506 0.2780146787679397 0
3592 1.224179359529056 0.3222012172267436 0
3593 1.225022717947375 0.2169058904025417 0
3594 1.894634621269059 0.2816112843189882 0
3595 1.825781226833121 0.3251602964502947 0
3596 1.825356132584019 0.2189855195170713 0
3597 2.105307933562332 0.2945094315292532 0
3598 2.17414983896507 0.2506115031465102 0
3599 2.174632378382528 0.3572221350509662 0
3600 1.000000000003938 0.1143593539500348 0
3601 0.928689954900077 0.1857209265823432 0
3602 0.9286899548943814 0.0713615726323084 0
3603 5.89662470562639 9.029800300909116 0
3604 5.825891013262927 8.989775205769508 0
3605 5.817229629319633 9.530303239986283 0
3606 5.732434637573794 9.516713742780411 0
3607 5.890632552775688 9.570671983025091 0
3608 5.106670253877936 9.721334641301564 0
3609 5.175337429955126 9.678396384305369 0
3610 5.174457649063529 9.781625235620332 0
3611 6.383031435925315 9.184043804562421 0
3612 6.468935677168178 9.169941040642239 0
3613 6.308396679843594 9.230004482733147 0
3614 6.325365243917113 9.124421647249434 0
3615 7.19999999999968 9.885640646052423 0
3616 7.270498233397731 9.814945892309085 0
3617 7.270498233400767 9.929305246256664 0
3618 6.697882735220722 9.705047699472971 0
3619 6.626024248769779 9.743979375223486 0
3620 6.906686617605864 9.721344088901887 0
3621 6.975804259817721 9.67855271657954 0
3622 6.974908115191507 9.781772120294427 0
3623 3.399999999996949 0.1143593539476628 0
3624 3.470322380836381 0.06987925648476312 0
3625 3.47032238084245 0.184238610432426 0
3626 7.506834568222507 9.722056628060232 0
3627 7.575424913036215 9.677828081592356 0
3628 7.574498990710709 9.783052101590357 0
3629 3.906934527506003 0.2965986855776822 0
3630 3.976265399063115 0.2526844568601089 0
3631 3.975124348104211 0.357485992328997 0
3632 8.093333429195457 9.721262798177552 0
3633 8.025683667003808 9.781533687225551 0
3634 8.0248075691779 9.678232992784153 0
3635 0.7008927982061592 9.36218082856818 0
3636 0.6271843222885334 9.402138434302536 0
3637 0.7729173550850585 9.321617449188587 0
3638 0.7713444321423037 9.434369643133126 0
3639 1.303377775906267 9.703045629479622 0
3640 1.371619866598092 9.642497410504205 0
3641 1.374997642503312 9.747466828631625 0
3642 1.007435077793981 9.548206825398628 0
3643 1.078843183986182 9.50410065162527 0
3644 1.073390207382692 9.610450023347987 0
3645 1.900659023740623 9.387758934982779 0
3646 1.971933285231758 9.335639403427841 0
3647 1.971466383669519 9.446394502984923 0
3648 2.406606194372952 9.548009996766304 0
3649 2.475589008597321 9.50498428915742 0
3650 2.474773287206967 9.609760405657148 0
3651 1.829322227639944 9.44775213112165 0
3652 1.829789129202182 9.336997031564568 0
3653 8.67839487799592 2.999999999995757 0
3654 8.607480511788435 2.929677619153439 0
3655 8.729085633792515 2.929677619151588 0
3656 8.729085633793181 3.070322380838318 0
3657 8.607480511789099 3.070322380840169 0
3658 8.501973346506691 3.7028952364853 0
3659 8.545130033788878 3.774223728419926 0
3660 8.441232898642408 3.771328491933203 0
3661 8.521344088910517 6.106686617604848 0
3662 8.581772120302926 6.174908115189244 0
3663 8.478552716590539 6.175804259818534 0
3664 8.521929914220406 6.706847972095051 0
3665 8.583033999618996 6.774500905548273 0
3666 8.477683265778012 6.775440231750075 0
3667 8.349692703340279 5.002895236484699 0
3668 8.410433151205329 5.071328491930988 0
3669 8.306536016059876 5.074223728423274 0
3670 8.52122545623946 7.293285483818482 0
3671 8.478190316284749 7.224752774462212 0
3672 8.581528352667362 7.225676817662846 0
3673 8.685640646059166 6.39999999999786 0
3674 8.729305246259134 6.470498233396192 0
3675 8.6149458923183 6.470498233399522 0
3676 7.112109880027614 6.622072891678727 0
3677 7.198804780997492 6.65531284245262 0
3678 5.075199346895888 8.090124788430602 0
3679 5.008889413678549 8.130299316745056 0
3680 5.000145623717635 8.029854418814047 0
3681 0.3853538364775093 7.50989909879988 0
3682 0.3929897975964687 9.122282470312463 0
3683 0.4399815648970963 9.2189638851487 0
3684 5.824881370393281 9.352636623246827 0
3685 5.917254016780277 9.302652544125635 0
3686 0.7691720754516658 2.748987328258273 0
3687 5.437896377344908 2.236395170045124 0
3688 5.543186275544501 2.234839965041654 0
3689 5.560259008188762 7.791820468513763 0
3690 4.703589838488467 2.518301270189963 0
3691 4.789307750731531 2.468148413132091 0
3692 6.565393185227497 0.2637033518584622 0
3693 6.564986446656605 0.3657737724110318 0
3694 0.2576807082845675 1.219428489748408 0
3695 0.3606598938729719 1.212995320360205 0
3696 8.453565644374734 7.642776662821603 0
3697 8.558527525993146 7.647440781642928 0
3698 5.21121555610744 0.1926357064033932 0
3699 0.1945130557283279 6.410907688612177 0
3700 2.807360436998173 6.41113803593717 0
3701 4.940972692678812 2.586638762306348 0
3702 5.99268722622879 6.411185811141271 0
3703 6.387522978707327 0.1912037353436791 0
3704 5.874881370397114 9.207188356061474 0
3705 5.781993600401094 9.257628847560753 0
3706 0.3595964686828724 0.7003834703790389 0
3707 0.4286314667021597 0.7783527664039795 0
3708 0.4184636202751433 8.475611991104241 0
3709 0.3958829579972304 8.380988842884452 0
3710 0.4827579696269604 8.435293050667727 0
3711 4.197747869410061 7.01245302416764 0
3712 4.107897552455792 7.07427267013836 0
3713 0.6947871800694397 1.913297800406302 0
3714 0.6228913724610008 1.976651937629786 0
3715 0.623770018135582 1.877250464937065 0
3716 4.534586363838566 1.184390569249265 0
3717 4.491474614608315 1.252051773882596 0
3718 4.444502863313058 1.161428439551848 0
3719 2.592386091767497 5.449430650559161 0
3720 2.547666474100098 5.358552397141211 0
3721 0.4253188791943593 2.856512386311483 0
3722 0.4309919750242577 2.752810002272281 0
3723 0.4326213098092507 7.421439209164648 0
3724 5.638516756395 2.402696471695136 0
3725 5.582334666689934 2.492863058704426 0
3726 5.464111450521558 7.549668658384887 0
3727 5.558288050066551 7.597862212284556 0
3728 0.2167808111505975 9.489059181499961 0
3729 0.1556351132220108 9.399787002537106 0
3730 8.582596572970763 0.5059050715071054 0
3731 8.640371229958289 0.5935627088295932 0
3732 0.5051715861009636 0.2117305538504614 0
3733 0.5928822425207109 0.1567536701795221 0
3734 0.1644084437622763 8.402044165289619 0
3735 0.2460179110828946 8.36139477487146 0
3736 0.2499791413247949 8.461957173739124 0
3737 4.140041098376969 5.04174743401345 0
3738 4.1397130282989 5.141148017454089 0
3739 4.140003077558263 5.641719396281564 0
3740 4.139693691744736 5.741150123097712 0
3741 4.138791192166996 3.742667401045217 0
3742 4.139448845857075 3.842366603973759 0
3743 4.138722807342129 4.742639986933867 0
3744 4.140497982765719 4.841514060494445 0
3745 4.14045712928114 5.341790785616839 0
3746 4.140687121674097 5.441272275974182 0
3747 4.140431778121099 5.941817665725361 0
3748 4.139534385464136 6.042127049754324 0
3749 0.2439064271303965 7.234516958018527 0
3750 4.133817685790282 4.046130526795118 0
3751 4.131097439060511 4.146959343763815 0
3752 4.133740720521329 6.246110934730138 0
3753 4.130695923157999 6.347025549482572 0
3754 4.568560211815718 1.096883617455721 0
3755 4.615531963110975 1.187506951786468 0
3756 6.14546542257468 5.497984082657474 0
3757 6.058802896967422 5.547889222850824 0
3758 6.059477710498387 5.449329163810706 0
3759 6.752627944166578 3.150000000001303 0
3760 6.752627944164763 3.25000000000306 0
3761 6.666025403786419 3.200000000002845 0
3762 6.058305021202344 5.647072065002853 0
3763 5.97231730912605 5.598417146156084 0
3764 6.059807621139012 5.250000000001577 0
3765 6.146275198812233 5.299712011809336 0
3766 6.059672658432422 5.349712011809598 0
3767 5.973010132825165 5.399617152002946 0
3768 3.449993950501048 1.008186327793922 0
3769 3.399992357985051 1.094765883011439 0
3770 3.349996957835343 1.008180851757685 0
3771 6.146410161518447 5.100000000001485 0
3772 6.059807621139014 5.150000000001691 0
3773 6.059807621138638 5.050000000001861 0
3774 5.973205080759202 5.200000000001953 0
3775 6.059807621138916 4.850000000002014 0
3776 6.146410161518383 4.900000000001679 0
3777 6.059807621138604 4.950000000001987 0
3778 7.012435565302843 3.400000000000514 0
3779 6.925833024923758 3.450000000001355 0
3780 6.925833024923818 3.350000000001217 0
3781 3.353378047259258 0.4913746660086218 0
3782 3.301195136636456 0.5740072469819026 0
3783 3.254572766399607 0.4901535127396083 0
3784 5.973205080759171 5.000000000002194 0
3785 6.146410161518318 4.700000000001893 0
3786 6.059807621138918 4.750000000002126 0
3787 6.059807621138541 4.650000000002313 0
3788 5.973205080759139 4.800000000002434 0
3789 6.059807621138791 4.450000000002472 0
3790 6.146410161518224 4.500000000002117 0
3791 6.059807621138509 4.550000000002434 0
3792 5.973205080759108 4.600000000002668 0
3793 5.973205080758923 4.400000000002953 0
3794 6.059807621138638 4.350000000002636 0
3795 3.350000010657867 2.047359166328394 0
3796 3.449999212039693 2.047280096460199 0
3797 3.399999222693975 2.13386974732843 0
3798 6.146410161517974 4.300000000002425 0
3799 6.059807621138106 4.250000000002906 0
3800 6.059807621137518 4.150000000003129 0
3801 5.973205080758182 4.200000000003339 0
3802 3.350000074589598 2.220486910017848 0
3803 3.449999275971424 2.220407840149654 0
3804 3.449969516108838 1.354567737380102 0
3805 3.399971493904636 1.441169223499841 0
3806 3.349986268706323 1.354558937333347 0
3807 3.449989147153671 1.700967294200495 0
3808 3.399993001072585 1.787567634421526 0
3809 3.349994300711277 1.700964586591882 0
3810 4.649999999999959 8.818653347957838 0
3811 4.699948269054598 8.732063119272199 0
3812 4.749948269054276 8.818665659642962 0
3813 8.306476716063262 2.849999999998835 0
3814 8.308679629097892 2.749999999997213 0
3815 8.390285214557576 2.799999999997047 0
3816 3.500000447536375 2.306638317495711 0
3817 3.549999595640752 2.220021154806292 0
3818 3.250000012728491 2.047356660036401 0
3819 3.300000002074208 1.960767009168171 0
3820 3.250000111438107 0.8349590944071243 0
3821 3.349999386613033 0.8349902272140833 0
3822 3.299999275176415 0.921570163733209 0
3823 3.150000018574085 0.8349402578584251 0
3824 3.200000130010703 0.7483603213392994 0
3825 3.650000975022824 2.390874782682817 0
3826 3.60000076457923 2.477443883516387 0
3827 3.55000055676211 2.392820732985921 0
3828 4.549999999998976 9.511473670970938 0
3829 4.650000000001221 9.511473670972242 0
3830 4.600000000000915 9.598076211350183 0
3831 3.450000237092782 2.393207418329282 0
3832 4.549999999998821 8.472243186457884 0
3833 4.649691440841343 8.47231810946365 0
3834 4.599691440841651 8.558920649863062 0
3835 8.224871130603439 2.499999999996186 0
3836 8.311473670981616 2.449999999994515 0
3837 8.31147367098178 2.549999999995917 0
3838 6.752627944166925 3.650000000003117 0
3839 6.839230484546853 3.70000000000162 0
3840 6.752627944166504 3.750000000003849 0
3841 3.299995223396599 1.614361800161356 0
3842 3.249999077315513 1.700962140382388 0
3843 5.149974936713072 8.818638881421361 0
3844 5.249741882098596 8.818504329789416 0
3845 5.199702778073661 8.905084290789421 0
3846 8.138268590225078 2.54999999999731 0
3847 8.138268590224914 2.449999999995908 0
3848 7.099038105682602 2.749999999998154 0
3849 7.09903810568261 2.649999999997612 0
3850 7.185640646061129 2.699999999997493 0
3851 3.249997682660418 1.008149718950726 0
3852 4.788874728265277 8.215122889635992 0
3853 4.838656414527566 8.301230326680628 0
3854 4.74651247921623 8.300430479910336 0
3855 4.940515537646126 8.300785276901523 0
3856 4.898153288597079 8.386092867175867 0
3857 3.299992145455695 1.267953321826445 0
3858 3.249994123251493 1.354554807946184 0
3859 6.492820323030742 3.300000000003516 0
3860 6.406217782651238 3.35000000000483 0
3861 6.406217782652506 3.250000000002171 0
3862 6.752627944166422 3.550000000002665 0
3863 6.666025403786072 3.600000000004894 0
3864 3.207169228570966 0.3948193249662555 0
3865 3.154986317948164 0.4774519059395365 0
3866 6.406217782652902 3.15000000000094 0
3867 6.319615242273398 3.200000000002253 0
3868 7.791858428711134 2.449999999997198 0
3869 7.705255888332653 2.399999999996613 0
3870 7.791858428711201 2.349999999996009 0
3871 8.224871130603589 2.699999999998295 0
3872 8.308679629097904 2.649999999996506 0
3873 7.445448267196449 2.849999999999075 0
3874 7.358845726817759 2.799999999998177 0
3875 7.445448267196268 2.749999999998068 0
3876 6.92583302492503 3.55000000000077 0
3877 6.839230484546004 3.500000000001473 0
3878 3.659334782377461 4.94958788107324 0
3879 3.659255975917709 5.049519194584448 0
3880 3.573126274298216 4.999931313515601 0
3881 3.486602540378984 4.950000000003584 0
3882 3.486523733919232 5.049931313514792 0
3883 7.618653347954091 2.449999999997069 0
3884 7.618653347954157 2.34999999999588 0
3885 7.878460969089597 2.499999999997499 0
3886 7.791858428711048 2.549999999998103 0
3887 6.839230484544828 3.300000000001788 0
3888 6.925833024923913 3.250000000000947 0
3889 3.659319976914711 5.549558801985226 0
3890 3.659238702877559 5.649485268981826 0
3891 3.573123806721249 5.599926467000273 0
3892 3.4866025403792 5.550000000002808 0
3893 3.486521266342049 5.649926466999408 0
3894 3.648086777842726 2.576143171946877 0
3895 3.548086359582014 2.578089122249981 0
3896 4.950007768169705 8.472247674793644 0
3897 4.848148645051145 8.472692724572749 0
3898 3.4864740198114 5.249974894436784 0
3899 3.4864740198114 5.349974894436646 0
3900 3.745974254525055 4.099588393926817 0
3901 3.659807621136156 4.150000000005652 0
3902 3.659371714145061 4.049588393926014 0
3903 7.532050807575338 2.499999999996915 0
3904 7.618653347953835 2.549999999997649 0
3905 3.659319818014858 6.149558595138386 0
3906 3.65923851749445 6.24948502766068 0
3907 3.573123780237772 6.199926432525031 0
3908 7.445448267196628 2.549999999996671 0
3909 7.445448267196884 2.449999999996091 0
3910 5.099800477693645 9.078345774949536 0
3911 5.049939413157133 8.99182344944602 0
3912 5.149796897224649 8.99174116792488 0
3913 3.486602540379089 6.150000000001923 0
3914 3.486521239858682 6.249926432524218 0
3915 5.249563842610173 8.991606616292938 0
3916 6.752627944164669 3.350000000003329 0
3917 5.626795561557619 1.399999999994544 0
3918 5.713398208988449 1.349999999994302 0
3919 5.713398851300682 1.449999999994824 0
3920 5.149859283191636 9.165236187904586 0
3921 5.05000179912412 9.165318469425728 0
3922 4.950069582002389 9.165321329390242 0
3923 5.000128387500379 9.25221174234529 0
3924 3.486473535210193 5.849973991216165 0
3925 3.486473535210193 5.949973991216027 0
3926 3.745305133654117 4.699988797314886 0
3927 3.658984754645592 4.749996179421924 0
3928 3.659247176997494 4.649989214641938 0
3929 7.965063509468117 2.449999999996813 0
3930 7.965063509468032 2.549999999997718 0
3931 8.395282169476083 2.599999999994836 0
3932 4.900617014323513 9.426533244318708 0
3933 4.850098085188684 9.338542866450977 0
3934 4.950715099513478 9.340204980177536 0
3935 4.950617014325503 9.513135784695638 0
3936 4.850000000000708 9.51147367096908 0
3937 3.659807621136917 4.250000000005662 0
3938 3.745781723483112 4.299958193833075 0
3939 3.65917918310388 4.349958193832283 0
3940 3.659115423337827 4.449955102851107 0
3941 3.573141320991633 4.399996909023694 0
3942 4.699999999998999 9.424871130592575 0
3943 4.750000000000939 9.511473670971817 0
3944 4.649691440842227 8.645523190227951 0
3945 4.749639709896544 8.645535501913075 0
3946 4.698147082738516 8.386089281506724 0
3947 4.747838523581346 8.472766744911899 0
3948 3.659123896030091 4.849997881049633 0
3949 3.745253597649584 4.89958576211848 0
3950 5.713401955810648 1.549999999995453 0
3951 5.800004603241479 1.499999999995211 0
3952 4.549999999999705 8.645448267222186 0
3953 3.498086186421585 2.665189124585215 0
3954 3.450000173158088 2.566489836154726 0
3955 5.886606394255439 1.549999999995396 0
3956 5.886603289745473 1.449999999994766 0
3957 3.486523733919232 5.149931313514653 0
3958 5.050647316635208 9.340202120213021 0
3959 3.573065939373468 4.799998298376684 0
3960 3.486484164184278 6.449980721428146 0
3961 3.486484164184278 6.549980721428007 0
3962 8.138268590224932 2.649999999998774 0
3963 8.051666049846407 2.599999999998496 0
3964 5.285629545045121 1.59971313955354 0
3965 5.367862151767864 1.549952189920734 0
3966 5.373106939081692 1.649665329481077 0
3967 5.97321677279278 1.599999999995406 0
3968 5.886618086288786 1.649999999995851 0
3969 3.659115304191236 5.449918053094781 0
3970 3.745230200347545 5.499476855076335 0
3971 6.059807621137137 3.050000000001175 0
3972 6.14641016151588 3.100000000001829 0
3973 6.059807621136927 3.150000000002108 0
3974 3.486521266342049 5.749926466999269 0
3975 6.059809104295956 1.549999999995069 0
3976 6.059820796329304 1.649999999995524 0
3977 7.53205080757502 2.699999999998231 0
3978 7.44544826719633 2.649999999997333 0
3979 6.40621778265178 3.950000000003904 0
3980 6.406217782650938 3.850000000004362 0
3981 6.492820323030529 3.900000000004098 0
3982 5.366987405161777 1.449999999993707 0
3983 5.454464799198348 1.499952189921244 0
3984 8.138268590224872 2.349999999994945 0
3985 8.05166604984651 2.39999999999607 0
3986 4.999967916344035 8.905237365372301 0
3987 4.94999661117282 8.818651392384464 0
3988 5.049964527516921 8.818632869433527 0
3989 6.233012701893857 3.950000000004019 0
3990 6.319615242273361 4.000000000003598 0
3991 6.23301270189503 4.05000000000345 0
3992 3.573205080756924 4.200000000004859 0
3993 7.965063509468075 2.34999999999585 0
3994 3.659322558615799 4.549987825288709 0
3995 3.573002179607274 4.599995207395747 0
3996 3.659114864161333 6.049917480289858 0
3997 3.745229601418012 6.099476075425507 0
3998 6.233012701894733 3.150000000001893 0
3999 6.233012701894336 3.250000000003124 0
4000 5.540193128231056 1.449999999994641 0
4001 5.541067874837143 1.549952189921668 0
4002 6.146420543621856 1.69999999999553 0
4003 6.05982821211868 1.749999999995866 0
4004 7.965063509467886 2.649999999999181 0
4005 8.311473670981645 1.64999999999498 0
4006 8.311473670982295 1.549999999994323 0
4007 8.398076211360536 1.599999999994413 0
4008 3.486521239858682 6.349926432524079 0
4009 3.449993923759281 1.874169928745151 0
4010 3.349999077316888 1.874167221136538 0
4011 6.406217782652953 4.050000000003334 0
4012 3.659807621136851 3.650000000004869 0
4013 3.74586111690316 3.700000000005136 0
4014 3.659258576524277 3.750000000005265 0
4015 5.100003631541856 8.732052908433523 0
4016 3.486438381778223 3.849931398991483 0
4017 3.486438381778223 3.949931398991344 0
4018 7.791858428711002 2.649999999998829 0
4019 7.878460969089438 2.699999999998919 0
4020 7.791858428710929 2.749999999999345 0
4021 6.233015915404177 1.649999999995251 0
4022 6.233023331193552 1.749999999995593 0
4023 7.27224318643935 2.749999999997603 0
4024 7.272243186439356 2.64999999999706 0
4025 3.745360420728047 4.499949110097297 0
4026 3.449972594049757 1.527771134958723 0
4027 3.349989346647242 1.527762334911968 0
4028 3.572997753730633 5.19990620794894 0
4029 8.224871001496423 1.299999776373983 0
4030 8.311473541874868 1.249999776373546 0
4031 8.311473670982018 1.349999999994095 0
4032 5.540192485918824 1.349999999994119 0
4033 3.659178664489371 6.649957896040354 0
4034 3.745832746067506 6.699131445839927 0
4035 3.659859162335844 6.749173549801021 0
4036 7.272243186439532 2.84999999999861 0
4037 6.839230484546865 3.900000000002013 0
4038 6.752627944168053 3.950000000002804 0
4039 6.752627944167619 3.850000000003144 0
4040 3.659094417923515 3.849931398992029 0
4041 3.573040922157207 3.799931398991762 0
4042 3.6625725318644 6.844350992879868 0
4043 3.575918450286265 6.795177443080294 0
4044 6.319615242271722 3.800000000004773 0
4045 6.406217782650471 3.750000000004968 0
4046 6.233012701894943 3.050000000000959 0
4047 3.486602540378984 3.750000000004719 0
4048 3.44998682078064 1.181364405130642 0
4049 3.349989828114936 1.181358929094405 0
4050 1.046678714906498 0.4912766997034084 0
4051 1.145452100808931 0.4902071093372963 0
4052 1.098856398139487 0.5740113519154684 0
4053 3.572994801552241 5.799900458213768 0
4054 3.350000320185416 0.6618037790694574 0
4055 3.251195039325765 0.6605826258004439 0
4056 7.618653347954671 5.550000000000527 0
4057 7.705255888333188 5.600000000000439 0
4058 7.618653347954569 5.65000000000098 0
4059 3.249999079387512 1.874164714844546 0
4060 6.15002222601963 8.818640515745102 0
4061 6.049445390990178 8.820350735029781 0
4062 6.099467617010262 8.733735362452709 0
4063 3.746410161515792 3.500000000004213 0
4064 3.659807621136825 3.55000000000445 0
4065 3.659807621136882 3.450000000003923 0
4066 6.05980762113656 4.050000000003717 0
4067 6.146410161516483 4.100000000003283 0
4068 4.799999999999785 8.905255888325918 0
4069 4.849948269054424 8.818665659640279 0
4070 6.233012701895988 4.150000000002862 0
4071 6.925905955733058 5.649873680139309 0
4072 6.926144715172957 5.74944920184916 0
4073 6.839615105600672 5.699322881987163 0
4074 6.753084877996749 5.649208567396849 0
4075 6.753323637436648 5.7487840891067 0
4076 7.099038105682927 2.449999999996191 0
4077 7.012435565304107 2.399999999996743 0
4078 7.099038105682815 2.349999999996089 0
4079 8.138268337377824 1.349999562049979 0
4080 8.138268208270675 1.249999338429431 0
4081 6.15000829335379 8.47223893688734 0
4082 6.050057296020101 8.472272544137638 0
4083 6.100060176006659 8.385667808363966 0
4084 6.050103751753654 8.125893632294778 0
4085 6.100107922364096 8.039298190805082 0
4086 6.150036134708762 8.12585613026531 0
4087 5.973205080758047 3.200000000002372 0
4088 6.059807621136789 3.250000000003026 0
4089 7.358845726817876 2.599999999996509 0
4090 6.233033302607912 2.049999999996646 0
4091 6.233038507609903 1.949999999996335 0
4092 6.319620447275707 1.999999999996353 0
4093 6.319622177626785 1.799999999995678 0
4094 6.233026805844465 1.849999999995957 0
4095 8.224871130603487 1.499999999994711 0
4096 8.311473670982378 1.449999999994144 0
4097 8.311473670983514 5.850000000000324 0
4098 8.313144377136503 5.950631896853239 0
4099 8.226541836757585 5.900631896853429 0
4100 3.573005404042959 6.399907153951393 0
4101 6.233031270564862 2.149999999996875 0
4102 6.146449330899058 2.099999999996857 0
4103 8.138268590225842 5.850000000000745 0
4104 8.051666049847203 5.800000000000801 0
4105 8.138268590225955 5.750000000000569 0
4106 8.224871130604711 5.700000000000319 0
4107 8.138268590226073 5.650000000000375 0
4108 8.40810044828028 6.003791381117136 0
4109 8.323168614054353 6.05442327797024 0
4110 5.886602540378695 3.450000000004042 0
4111 5.886602540378955 3.350000000003587 0
4112 5.97320508075765 3.400000000003744 0
4113 6.492820323032538 4.100000000002758 0
4114 6.406217782654119 4.150000000002452 0
4115 8.138268590226181 5.550000000000175 0
4116 8.051666049847427 5.600000000000425 0
4117 8.139939296378833 5.95063189685366 0
4118 8.398076211360824 1.399999999993707 0
4119 6.319615242273729 2.199999999996997 0
4120 6.233031270564874 2.249999999997208 0
4121 7.965063509468671 5.650000000000672 0
4122 7.96506350946878 5.550000000000471 0
4123 7.965063509469037 5.450000000000108 0
4124 7.87846096909028 5.500000000000355 0
4125 2.449958947527119 6.910171456393166 0
4126 2.563658112426389 6.906294337821421 0
4127 2.513687435621966 6.995201265297442 0
4128 6.059807621136541 3.350000000003908 0
4129 6.059807621136281 3.450000000004364 0
4130 6.300015215531745 8.38563188233533 0
4131 6.250008122591714 8.299033520904874 0
4132 6.35001216478311 8.299031202126537 0
4133 6.450009628860772 8.299032672296564 0
4134 6.400002535920741 8.212434310866108 0
4135 5.886602540378955 3.250000000002616 0
4136 2.29999413536195 6.999539244997322 0
4137 2.249896917714546 6.912804293292934 0
4138 2.349891053075291 6.912343432164798 0
4139 6.599999999998177 8.212435798699467 0
4140 6.650010799285917 8.299032044129687 0
4141 6.550010799286143 8.299032026466355 0
4142 8.34935541442195 0.08623038872237383 0
4143 8.249355414421343 0.08623038872237383 0
4144 7.965063509467813 2.749999999999698 0
4145 2.399861729879715 6.823436504688778 0
4146 6.579422863410121 3.150000000000973 0
4147 6.579422863408306 3.250000000002729 0
4148 5.886602540379038 2.949999999999894 0
4149 5.801314002171048 2.893985980917332 0
4150 5.887916542550085 2.843985980917226 0
4151 5.140647321455302 3.550754360318249 0
4152 5.055610501744701 3.499137890951648 0
4153 5.142502402844851 3.449672701790934 0
4154 0.4506445855780218 9.913769611277617 0
4155 0.5506445855786201 9.913769611277617 0
4156 7.791858428711658 5.550000000000352 0
4157 7.791858428711556 5.650000000000805 0
4158 8.149999999997686 0.08660254037853495 0
4159 8.199355414421472 0.1728329291009088 0
4160 3.659807621136896 3.350000000003312 0
4161 3.573205080757929 3.40000000000355 0
4162 3.486602540378843 4.350000000004238 0
4163 3.48653878061279 4.449996909023064 0
4164 7.705255888332539 2.599999999998529 0
4165 3.48653878061279 4.549996909022925 0
4166 6.500020428148512 8.385628917726784 0
4167 8.051665796999295 1.399999562050304 0
4168 7.965063353781345 1.449999730337401 0
4169 7.965063100934128 1.349999292392523 0
4170 5.313397459621301 3.850000000006831 0
4171 5.226856944518774 3.800107430936121 0
4172 5.313459484897473 3.750107430935948 0
4173 8.24916597478035 0.2582566698113846 0
4174 8.149810560356693 0.2586288214675457 0
4175 5.553990344934246 7.093429483559432 0
4176 5.453990344933986 7.093429483559432 0
4177 5.996624705622423 8.9154409469607 0
4178 5.946070096613056 8.830535793668307 0
4179 3.573205080757942 3.600000000004579 0
4180 5.313397459621301 3.95000000000762 0
4181 0.6500000000022913 9.913397459621477 0
4182 0.6006445855785136 9.827167070899094 0
4183 6.759758956822214 5.848883063221508 0
4184 6.673228729218291 5.798768748631194 0
4185 7.618653347954111 3.550000000000233 0
4186 7.532050807575548 3.500000000000397 0
4187 7.618653347954106 3.449999999999943 0
4188 6.492820323031631 1.899999999995888 0
4189 6.406222987654663 1.949999999996134 0
4190 6.406222987654666 1.849999999995796 0
4191 8.349053292588625 0.4271066041345206 0
4192 8.249615869453116 0.4263619813986725 0
4193 8.299058543851078 0.3447971849138698 0
4194 6.233012701894884 2.349999999997468 0
4195 6.146428730186017 2.299999999997346 0
4196 8.138268590225042 1.449999999994857 0
4197 5.313397459621291 4.150000000007712 0
4198 5.313397459621291 4.050000000007946 0
4199 0.5503352792888035 9.741036005726887 0
4200 0.6496906937124748 9.740663854070746 0
4201 7.618653347954566 4.750000000000359 0
4202 7.705255888333419 4.799999999999756 0
4203 7.618653347954668 4.850000000000488 0
4204 6.2000185179707 8.212442206225543 0
4205 6.250022688581142 8.125846764735847 0
4206 7.618653347954774 5.150000000000637 0
4207 7.532050807575894 5.100000000001222 0
4208 7.618653347954766 5.050000000000554 0
4209 7.099038105682769 2.049999999996007 0
4210 7.012435565304003 1.999999999996133 0
4211 7.09903810568272 1.9499999999955 0
4212 7.618653347954703 4.950000000000513 0
4213 7.705255888333584 4.999999999999927 0
4214 7.61865334795421 1.449999999994513 0
4215 7.618653208460875 1.349999758384752 0
4216 7.705255748839405 1.399999758384795 0
4217 0.5464382538922825 9.569481295963273 0
4218 0.5964074978126024 9.479681412770363 0
4219 0.6493506313430846 9.564732905705629 0
4220 3.700002093799208 2.306374932354525 0
4221 3.650000242121169 2.21995527763225 0
4222 3.750001568714673 2.220078577834426 0
4223 7.61865334795443 4.450000000000147 0
4224 7.618653347954406 4.350000000000183 0
4225 7.705255888333175 4.399999999999551 0
4226 3.249994123251478 1.527759888702474 0
4227 4.549999999988628 0.08452994616171201 0
4228 4.647733756699507 0.08687983083761774 0
4229 4.597733756699496 0.1714097769993297 0
4230 4.799693003153971 8.558921552529677 0
4231 6.14643966117667 1.899999999996249 0
4232 7.012435565304152 2.599999999997558 0
4233 7.099038105682678 2.549999999996897 0
4234 4.250000000011154 9.913397459621564 0
4235 4.150000000010801 9.913397459621375 0
4236 4.200000000010904 9.826794919242937 0
4237 0.4474995766875892 9.569443997689104 0
4238 0.5004427102180714 9.65449549062437 0
4239 7.532050807575616 4.300000000000873 0
4240 7.618653347954362 4.250000000000276 0
4241 7.553880245272174 9.520851869327611 0
4242 7.454620779926702 9.521527905461074 0
4243 7.500740534650864 9.425547166726453 0
4244 8.348603397915857 0.2590012925472328 0
4245 5.226794919242591 4.000000000007329 0
4246 7.53205080757585 4.900000000001114 0
4247 7.705255888333259 4.599999999999571 0
4248 7.618653347954501 4.650000000000297 0
4249 7.618653347954441 4.550000000000241 0
4250 5.140192378864205 3.850000000006951 0
4251 5.140254404140378 3.750107430936068 0
4252 6.406219513003753 1.749999999995433 0
4253 7.532050807575672 4.500000000000873 0
4254 7.618653347954206 3.950000000000143 0
4255 7.532050807575462 3.900000000000707 0
4256 7.618653347954174 3.850000000000009 0
4257 6.666025403787692 3.80000000000464 0
4258 7.791858273024459 1.449999730337088 0
4259 7.791858133531125 1.349999488727327 0
4260 1.499994465985789 6.999995462244152 0
4261 1.549998143637143 7.08660100894896 0
4262 1.449992609621229 7.086596468589383 0
4263 2.904957098534763 3.945025645696015 0
4264 2.904957098534763 3.845025645695226 0
4265 6.150021568719334 8.299042886434336 0
4266 7.532050807575533 4.100000000000904 0
4267 7.618653347954253 4.050000000000214 0
4268 7.618653347954292 4.150000000000276 0
4269 7.532050807575952 5.300000000001139 0
4270 7.618653347954687 5.250000000000541 0
4271 7.618653347954737 5.350000000000375 0
4272 2.915003607971411 4.052781930554178 0
4273 2.819960706506174 3.997807576241957 0
4274 7.965062575347615 1.249998382049563 0
4275 7.878460132129666 1.29999855033666 0
4276 6.000013390811751 8.558850874324854 0
4277 5.95006527346462 8.47227974580148 0
4278 6.925833024925424 2.449999999997138 0
4279 6.925833024925312 2.349999999997036 0
4280 3.54999507974283 1.008219906549765 0
4281 3.499999679593123 0.9216348752960112 0
4282 7.705255888333082 4.199999999999586 0
4283 6.92591811086733 5.549852626828972 0
4284 7.012447720439615 5.599978946690969 0
4285 6.000268945877856 8.212590235324999 0
4286 5.950340733533189 8.126032295864771 0
4287 7.532050807575748 4.700000000001028 0
4288 1.900000000001287 8.039230764557294 0
4289 1.850000001744037 7.952628184871481 0
4290 1.950000001743997 7.952628367881876 0
4291 1.199998961740335 6.480383749935179 0
4292 1.249997132432888 6.566984675036695 0
4293 1.149996094171049 6.56698366720778 0
4294 7.404443207922991 9.602132428149357 0
4295 7.35130349730168 9.506827725548199 0
4296 6.406217782652671 2.049999999996445 0
4297 7.791858428711913 5.449999999999989 0
4298 6.492820323031461 2.499999999998031 0
4299 6.406217782652612 2.549999999998224 0
4300 6.406217782652652 2.449999999997812 0
4301 7.618653347954156 3.750000000000075 0
4302 7.7052558883329 3.799999999999511 0
4303 0.4513966020841103 9.740998707452718 0
4304 7.878460787455093 1.499999685394322 0
4305 7.791858402763372 1.54999995505179 0
4306 3.48660254037916 3.050000000000703 0
4307 3.492982301260169 2.948065700890585 0
4308 3.579584841639329 2.998065700891288 0
4309 5.886602540379092 3.050000000000727 0
4310 5.886602540379092 3.150000000001699 0
4311 6.233012701894914 2.449999999997805 0
4312 6.319615242273771 2.399999999997668 0
4313 3.659207555545203 3.949519792912853 0
4314 3.573040922156304 3.999931398991688 0
4315 7.012447720439496 5.399978946690995 0
4316 6.925869779737738 5.449936338800905 0
4317 6.925857624603349 5.349957392111268 0
4318 1.650002892473808 1.700960224364546 0
4319 1.600010346883459 1.787558460937274 0
4320 1.550013239349997 1.700954250592947 0
4321 7.705255888332966 3.999999999999516 0
4322 5.140192378864331 4.150000000007628 0
4323 5.226794919242915 4.200000000007508 0
4324 5.140192378864663 4.25000000000748 0
4325 3.650047059879581 1.008329543768731 0
4326 3.600041330787507 1.094880996266641 0
4327 6.750021284851242 8.47223093359541 0
4328 6.850001755784374 8.472242206026024 0
4329 6.800023040637807 8.558832431888478 0
4330 6.752627944169629 5.150000000001009 0
4331 6.752627944169657 5.05000000000109 0
4332 6.839230484548093 5.100000000001168 0
4333 7.532050807575492 3.70000000000063 0
4334 7.618653347954218 3.650000000000132 0
4335 7.791857607944612 1.249998578384366 0
4336 1.500017405875169 1.614349304670372 0
4337 1.45002486028482 1.7009475412431 0
4338 1.349989722543639 6.913389029756891 0
4339 1.399995256559833 6.826791028435961 0
4340 1.449994465986069 6.913392920563647 0
4341 1.950000000001602 6.39378221783326 0
4342 1.850000000001764 6.393782217923969 0
4343 1.900000000001698 6.307179677200942 0
4344 1.800000000001805 6.480384758526108 0
4345 1.750000000001901 6.39378221789379 0
4346 4.449999999988415 0.08452994616171201 0
4347 1.049998961740157 6.393781209538792 0
4348 1.099999826958447 6.307179509008083 0
4349 1.149998788696787 6.393781041575555 0
4350 4.049999999999275 9.511473670972233 0
4351 4.099999999999207 9.424871130594013 0
4352 4.149999999999174 9.511473670971771 0
4353 2.14990599793799 6.740138126424734 0
4354 2.049970904124685 6.740175605400122 0
4355 2.099903759793714 6.653534279547054 0
4356 3.599999070556217 2.133724800286193 0
4357 4.94280984091376 0.08993950481869502 0
4358 5.051725688873374 0.1025342245167193 0
4359 4.994535529797345 0.1924737293354143 0
4360 3.249997682660105 1.181354799707242 0
4361 4.350000000011359 9.913397459621564 0
4362 1.650000062738815 7.779422838769158 0
4363 1.600000061001578 7.86602538227387 0
4364 1.550000123739211 7.779422797397753 0
4365 7.618653347954646 5.45000000000048 0
4366 7.705255888333381 5.399999999999881 0
4367 3.700105151102031 0.9219391590383125 0
4368 3.750151402146707 1.008600248755189 0
4369 1.650000000001252 7.952627965176716 0
4370 1.550000061001648 7.952627923805311 0
4371 1.349999209428389 6.566986649709976 0
4372 1.299996341859103 6.653586566982577 0
4373 7.532050807576027 5.500000000001021 0
4374 7.53203294436794 1.099969060010295 0
4375 7.445445289995881 1.14999484333006 0
4376 7.44542742678804 1.049963903346304 0
4377 7.618628722118399 1.049957346794747 0
4378 7.618646585326241 1.149988286778504 0
4379 3.4866025403792 5.450000000002946 0
4380 3.573076560190601 5.399974894437372 0
4381 8.138267754414681 1.149998552327384 0
4382 8.051665090296083 1.19999833800338 0
4383 3.850000000010064 9.91339745962134 0
4384 3.750000000009774 9.913397459621347 0
4385 3.800000000009908 9.826794919242687 0
4386 5.650736988846448 7.260576901357313 0
4387 5.603990344934075 7.180032023937649 0
4388 2.249929877779969 5.181306166971115 0
4389 2.149918190743284 5.181299419457236 0
4390 2.199988312964435 5.094737364162221 0
4391 6.146410161514717 3.50000000000476 0
4392 6.059807621135825 3.550000000004596 0
4393 3.48660254037916 3.150000000001674 0
4394 7.965063483520259 1.549999955052103 0
4395 2.907746008026024 3.556562556722709 0
4396 2.907746008026024 3.456562556721877 0
4397 4.498122962672442 8.03764881528271 0
4398 4.449731851808721 7.952401991420416 0
4399 6.752627944167925 2.249999999997188 0
4400 6.839230484546639 2.299999999997225 0
4401 6.752627944167914 2.349999999997394 0
4402 1.349994465986003 6.740187839642532 0
4403 1.449999209428433 6.740191730449288 0
4404 5.650000000000349 7.086602540378216 0
4405 1.700000017996766 7.346410190221119 0
4406 1.750000013976689 7.433012730964599 0
4407 1.650000031972033 7.433012692647565 0
4408 6.666025403789176 2.399999999997725 0
4409 6.752627944167891 2.449999999997763 0
4410 6.925833024925359 2.049999999996438 0
4411 6.925833024925311 1.949999999995931 0
4412 4.548391110861862 8.124477308405861 0
4413 4.449731851808933 8.125607072181088 0
4414 7.445448267196995 3.550000000000564 0
4415 7.44544826719699 3.450000000000275 0
4416 3.349996693502119 7.086628898765151 0
4417 3.249996693501946 7.086628898765151 0
4418 5.886602540378695 3.550000000004458 0
4419 1.650000003000832 7.086602558618207 0
4420 1.599998146636273 7.173203564963438 0
4421 3.486602540378971 3.25000000000244 0
4422 3.486602540378971 3.350000000003412 0
4423 6.752627944169551 4.750000000001308 0
4424 6.752627944169478 4.650000000001214 0
4425 6.839230484547983 4.700000000001367 0
4426 6.406217782652607 3.050000000000672 0
4427 6.492820323031713 3.100000000000589 0
4428 6.059849445869213 0.8500731320389204 0
4429 5.973223931866515 0.8001493550820923 0
4430 6.059868296975347 0.7502224871278955 0
4431 7.705255888333559 5.199999999999873 0
4432 1.850000004073348 7.433013038597256 0
4433 1.800000018048614 7.519615541023702 0
4434 5.973205080758166 2.799999999999221 0
4435 5.887916542550176 2.743985980916659 0
4436 2.149986571135083 6.913389779201631 0
4437 2.199883488848425 6.826193966369106 0
4438 1.04999997116156 6.22057710860015 0
4439 1.14999979811819 6.220576940636913 0
4440 7.185640646061657 2.299999999995509 0
4441 7.099038105682838 2.249999999996061 0
4442 7.358743448447752 0.9998228486588548 0
4443 7.445331102819812 0.9497970653390898 0
4444 5.886572069652644 0.8500831112044819 0
4445 5.886590920758778 0.750232466293457 0
4446 7.965062121491622 1.149997595947516 0
4447 4.842809840913485 0.08993950481869502 0
4448 4.747733756699806 0.08687983083761774 0
4449 6.406208385380124 1.049984772010714 0
4450 6.492810925758832 1.099984772010867 0
4451 6.406217782653592 1.149999999993779 0
4452 7.951993116428523 0.08453428856138195 0
4453 7.851993116428254 0.08453428856138195 0
4454 4.749999999998313 9.165063509458683 0
4455 4.850098085188466 9.165337785695282 0
4456 4.800098085188496 9.251940326073203 0
4457 1.550000000001983 6.913397460923223 0
4458 5.313397459621624 4.250000000007564 0
4459 1.650000020996036 7.259807633268385 0
4460 1.549998161632347 7.259806083599138 0
4461 6.059807621137105 2.649999999998509 0
4462 5.973205080758335 2.599999999998265 0
4463 6.059807621137184 2.549999999998119 0
4464 3.950000000010332 9.91339745962134 0
4465 4.000000000010375 9.826794919242715 0
4466 4.05000000001051 9.913397459621375 0
4467 6.146410161513862 3.700000000004903 0
4468 6.059807621135206 3.750000000004706 0
4469 6.059807621135604 3.650000000004795 0
4470 5.052895236498086 9.912281746308263 0
4471 5.152895236497959 9.912281746308263 0
4472 7.532050807575731 1.299999999994261 0
4473 7.618653208460927 1.249999758384543 0
4474 5.886419716007119 0.6504986672613204 0
4475 5.886400864901206 0.5503493121718774 0
4476 5.973223931866736 0.6001493550816244 0
4477 4.400000000011138 9.826794919243131 0
4478 4.450000000011241 9.913397459621567 0
4479 6.050000000006547 9.913397459621956 0
4480 6.150000000006317 9.913397459621956 0
4481 7.012435565304004 1.799999999995414 0
4482 7.099038105682701 1.749999999995179 0
4483 7.09903810568265 1.84999999999539 0
4484 1.70000007319515 7.692820284353643 0
4485 1.750000010457517 7.77942286922976 0
4486 8.398076211359832 1.999999999994836 0
4487 8.311473670981483 2.049999999994875 0
4488 8.311473670981488 1.949999999994842 0
4489 3.486602540379089 6.050000000002062 0
4490 3.573076075589282 5.9999739912167 0
4491 5.973205080757168 3.600000000004399 0
4492 1.949984332991038 6.566978258539364 0
4493 1.999983959966899 6.480375498399965 0
4494 2.049968292956269 6.566968998383043 0
4495 6.406217782652564 2.649999999998674 0
4496 6.319615242273755 2.599999999998455 0
4497 2.099929877780234 5.267908707349468 0
4498 2.049988312964701 5.181339904540573 0
4499 8.218595079977106 3.699999999998955 0
4500 8.310194575273904 3.649999999998759 0
4501 8.306476716063427 3.749999999998773 0
4502 4.703565984540456 2.900498153836454 0
4503 4.7969594347141 2.836244143406805 0
4504 4.799546116482189 2.935882044472192 0
4505 5.140192378865079 4.350000000007371 0
4506 5.053589838486495 4.300000000007491 0
4507 6.74999999999788 8.299038262047878 0
4508 6.700010799285846 8.385634489814766 0
4509 1.249992388990502 6.74018586496925 0
4510 6.319615242273799 3.000000000000494 0
4511 6.406217782652611 2.950000000000144 0
4512 6.319615242274774 1.199999999993858 0
4513 6.406217782653483 1.249999999994011 0
4514 6.286600105904425 6.995833547398377 0
4515 6.347766684316127 7.086980054277987 0
4516 6.234366790222249 7.082813580041164 0
4517 7.878460969090611 5.299999999999925 0
4518 7.791858428712004 5.349999999999884 0
4519 7.791858428712078 5.249999999999818 0
4520 1.300007077306637 8.03922640093254 0
4521 1.250008098942539 7.952623269277812 0
4522 1.35000306115307 7.952626180324001 0
4523 1.750000024432903 7.606217774102646 0
4524 1.850000014529563 7.606218081735302 0
4525 8.133271635306601 3.749999999999078 0
4526 8.136989494517078 3.649999999999064 0
4527 2.599999022560805 7.179375651998941 0
4528 2.563692322821157 7.083080336153373 0
4529 2.663693300260884 7.087619462571267 0
4530 3.850309350951518 1.008789900320691 0
4531 3.800251259729068 1.095180285051109 0
4532 4.400562962639331 0.1704620275326523 0
4533 4.350562962639129 0.08593208137094027 0
4534 8.540192378864429 4.3499999999914 0
4535 8.453589838486023 4.299999999991187 0
4536 8.540192378864628 4.249999999991088 0
4537 5.799596649039772 0.4861779897350112 0
4538 5.88640086489939 0.4358286775553151 0
4539 1.750000003000692 7.259807671585419 0
4540 7.756204903092305 0.08363004352110551 0
4541 7.808198019523554 0.1681643320824875 0
4542 1.350002270661089 8.299036796467686 0
4543 1.400002819064089 8.212433944737981 0
4544 1.450000548404213 8.299037796610151 0
4545 3.827464691853652 4.046638550358124 0
4546 3.827900598844746 4.147050156437762 0
4547 5.799767853793248 0.70043242338371 0
4548 3.573205080758131 3.200000000002172 0
4549 3.659807621137293 3.15000000000189 0
4550 3.659807621137105 3.250000000002656 0
4551 3.750002301616328 2.390998082884992 0
4552 8.138268590224783 1.849999999994974 0
4553 8.22487113060315 1.899999999994943 0
4554 8.138268590224774 1.949999999994911 0
4555 6.925833024926476 4.750000000001396 0
4556 6.925833024926403 4.650000000001302 0
4557 8.311473670981499 1.849999999994904 0
4558 3.299980161013166 7.346568311834289 0
4559 3.249996693502054 7.259958030073768 0
4560 3.349976854515349 7.259868079290824 0
4561 1.192839527421565 0.3953912313586889 0
4562 1.245017210654553 0.4781258835707489 0
4563 1.950000006785109 7.606219079143698 0
4564 1.900000013169398 7.692821312222642 0
4565 7.705255888332776 3.599999999999677 0
4566 2.149903386769574 6.566931519407655 0
4567 6.406217782652622 2.349999999997475 0
4568 2.249816344517453 6.739552640516037 0
4569 2.550000000003374 2.047372055843306 0
4570 2.65000000000288 2.047372055843338 0
4571 2.600000000002961 2.133974596221293 0
4572 6.050070571385645 8.299076493684634 0
4573 4.250562962639344 0.08593208137094027 0
4574 1.550000000002192 6.22057713668908 0
4575 1.600000000002136 6.133974596275868 0
4576 1.650000000002066 6.220577136719671 0
4577 3.830397259949649 3.847530363529687 0
4578 3.830510397571337 3.947118757450511 0
4579 3.745425209912272 3.899588393926356 0
4580 2.050000000001252 7.952629043071907 0
4581 2.000000001744002 7.866026463386095 0
4582 1.500001019759244 8.039229909343444 0
4583 1.45000108075957 7.952627326440597 0
4584 5.14019961463717 5.649995846446795 0
4585 5.14021018157406 5.749990056544013 0
4586 5.053614876967529 5.69998590298745 0
4587 6.150024932703473 8.645434407914522 0
4588 6.04944809767402 8.6471446271992 0
4589 4.967051964688455 5.049959178970933 0
4590 5.053608180554916 5.099988721284074 0
4591 4.967033622620678 5.149970457691126 0
4592 7.3999999999966 9.25166604983758 0
4593 7.34999999999671 9.165063509464058 0
4594 7.449999999996567 9.16506350946314 0
4595 4.967088113904615 5.649940339248562 0
4596 4.967098680841505 5.749934549345779 0
4597 1.750000000001255 7.952628002596087 0
4598 1.800000001743965 7.866025605920669 0
4599 6.059807621137111 2.749999999999048 0
4600 6.146410161515959 2.699999999998902 0
4601 1.249999826958625 6.39378204940447 0
4602 4.550000000011019 9.913397459621567 0
4603 5.140210720933229 5.049988721284409 0
4604 5.140192378865452 5.150000000004602 0
4605 8.051666049846496 3.599999999999257 0
4606 8.136989494517003 3.549999999999134 0
4607 3.912436741891029 3.994580519961455 0
4608 1.950000000001748 5.181346652054444 0
4609 1.999988312964798 5.094737364162211 0
4610 0.259528627651341 2.649519799422262 0
4611 0.1730646016787663 2.599757535605721 0
4612 0.2596440660495449 2.549720597099697 0
4613 2.550000000003529 1.874166975087288 0
4614 2.500000000003695 1.960769515465286 0
4615 2.450000000003929 1.874166975087223 0
4616 3.659807621137451 3.050000000001277 0
4617 3.746410161516425 3.100000000001761 0
4618 7.099038105682865 2.14999999999606 0
4619 7.012435565304024 2.19999999999664 0
4620 1.650000000002033 6.393782217814406 0
4621 1.700000000001991 6.307179677212267 0
4622 2.650000000002625 2.220577136599262 0
4623 2.550000000003119 2.220577136599229 0
4624 5.750000000007738 9.91339745962193 0
4625 5.800000000007547 9.826794919243852 0
4626 5.850000000007416 9.913397459621923 0
4627 2.249509144452547 5.354268337227943 0
4628 2.299661641463314 5.268005992999512 0
4629 2.349311030357045 5.354406107961324 0
4630 5.97320508075813 3.000000000000621 0
4631 7.549999999996451 9.165063509462593 0
4632 7.49999999999656 9.078460969089072 0
4633 1.250105483563568 1.700900993371698 0
4634 1.300075321576341 1.614315867024855 0
4635 1.350059188797218 1.700927721667368 0
4636 6.899999999997618 8.385640695720802 0
4637 6.950001755784184 8.472242194013869 0
4638 7.64999999999643 8.991858428727099 0
4639 7.549999999996534 8.991858428765152 0
4640 7.59999999999652 8.905255888403726 0
4641 6.75262794416515 3.45000000000325 0
4642 0.1705884130304923 0.9954677985511236 0
4643 0.2500851376615388 0.9450560087766624 0
4644 0.2474684699350365 1.040523807327896 0
4645 8.713397459621639 4.149999999991145 0
4646 8.713397459621639 4.049999999991063 0
4647 5.973205080758425 2.399999999997589 0
4648 5.889871747424882 2.449999999997686 0
4649 5.889871747424895 2.3499999999974 0
4650 3.910732511026647 4.196799319399636 0
4651 3.829242073698049 4.249749162968328 0
4652 7.272240209238703 1.049994843329909 0
4653 7.272143885270475 0.9498280053226952 0
4654 3.486602540378854 6.750000000000863 0
4655 3.489315909907411 6.845177443079709 0
4656 1.450000000008233 2.393782217355657 0
4657 1.500000000007985 2.307179676977533 0
4658 1.550000000007909 2.393782217355517 0
4659 4.650000000010908 9.913397459621812 0
4660 4.600000000010908 9.82679491924338 0
4661 3.829169389605965 3.750000000005393 0
4662 3.914254577265029 3.797530363529549 0
4663 6.136600105904841 7.087790925789124 0
4664 6.197766684316544 7.178937432668734 0
4665 6.492820323031723 1.699999999995242 0
4666 6.406219513003842 1.649999999995124 0
4667 2.049983959966833 6.393772957676939 0
4668 3.486602540378854 6.650000000001002 0
4669 3.573086704563131 6.599980721428453 0
4670 3.829718434218539 3.650000000004998 0
4671 8.546143724075876 4.051723355044727 0
4672 8.547342071639655 3.955870896206679 0
4673 8.62799326680706 4.004147541153056 0
4674 4.749999999998531 9.338268590214376 0
4675 5.886602540378474 3.650000000004658 0
4676 1.850000012200299 7.779423051505155 0
4677 1.950000004455846 7.779424048913551 0
4678 4.354841496079045 0.2663045506966337 0
4679 4.309026187999772 0.3426707084251692 0
4680 4.255310617210774 0.248230320470416 0
4681 1.400055022272047 1.787532667589943 0
4682 6.92583302492658 5.150000000001249 0
4683 6.925833024926607 5.05000000000133 0
4684 3.666187382018461 2.948065700891159 0
4685 3.751274873571352 2.904629243349591 0
4686 3.489315909907411 6.94517744307957 0
4687 4.967008621717296 6.250000000001684 0
4688 5.053592874011978 6.300000000001651 0
4689 4.967005586192482 6.350000000001449 0
4690 5.626794919245581 1.199999999993724 0
4691 5.540192396708957 1.249999999993771 0
4692 5.540192396709151 1.149999999993473 0
4693 6.146458957036183 0.9000853207133603 0
4694 6.059814591927351 0.9500121886675571 0
4695 3.94999999999901 8.125833034175143 0
4696 4.049999999998873 8.125833030008522 0
4697 3.999999999998967 8.212435573299212 0
4698 6.059807621137219 2.449999999997741 0
4699 6.059807621137232 2.349999999997455 0
4700 8.308601343315106 3.349999999999074 0
4701 8.392526264364815 3.399999999998622 0
4702 8.308796051652834 3.449999999998797 0
4703 8.626794919243157 4.199999999991203 0
4704 8.540192378864749 4.14999999999099 0
4705 3.246132486539093 2.911164549685623 0
4706 3.346132486539873 2.911164549685623 0
4707 1.400002102395473 7.86602419478587 0
4708 4.05037523369451 1.874074962852192 0
4709 3.950094146911401 1.874162047122972 0
4710 4.000274669869196 1.787497213193694 0
4711 6.925833024925343 2.749999999998765 0
4712 6.839230484546657 2.699999999998869 0
4713 6.925833024925396 2.649999999998377 0
4714 4.899971496812206 9.078444512775718 0
4715 5.453589963382393 1.299999999993868 0
4716 6.752636874472429 5.249984532262754 0
4717 6.666034334093993 5.199984532262675 0
4718 5.140195414390227 6.250000000001839 0
4719 5.140192378865413 6.350000000001604 0
4720 5.053618554863482 4.899982514073728 0
4721 5.140207539236707 4.849990878472656 0
4722 5.140215506995918 4.949985806962809 0
4723 0.08398587265199499 1.045467798551178 0
4724 0.08660254037849732 0.9499999999999443 0
4725 1.350017048390577 1.354541889929808 0
4726 1.450006302172578 1.354548094261722 0
4727 1.400016429020225 1.441144787901524 0
4728 5.650000000007998 9.91339745962193 0
4729 5.540213890494654 1.949999999996765 0
4730 5.627427467985394 1.997473327504279 0
4731 5.540803415977877 2.047473327504291 0
4732 2.349731763684466 5.181443937704496 0
4733 3.149999999999898 7.259931671686876 0
4734 3.199996693502081 7.173231439143411 0
4735 7.70525588833243 2.799999999999411 0
4736 7.791858428710866 2.849999999999501 0
4737 5.803814074887143 2.299999999997314 0
4738 5.887147408220685 2.249999999997217 0
4739 5.867229629323339 9.731265134313352 0
4740 2.649999809942851 7.266390707214432 0
4741 2.549998832503125 7.261851580796537 0
4742 7.185640646061583 2.099999999995428 0
4743 4.199999999999127 9.598076211349461 0
4744 4.249999999999059 9.511473670971242 0
4745 1.250020515108713 1.354539888419068 0
4746 1.300010388261065 1.267943194779266 0
4747 3.950617098348275 1.008946474539528 0
4748 3.900517240765914 0.9223664382436073 0
4749 1.900000000001808 5.267949192432791 0
4750 1.850000000001906 5.181346652054428 0
4751 3.746410161516058 3.300000000003029 0
4752 2.700000000000363 8.385640673569206 0
4753 2.750000000000276 8.472243219148799 0
4754 2.650000000000352 8.47224319955529 0
4755 3.82957144289586 2.860482343108464 0
4756 3.824706730841091 2.955853099760021 0
4757 0.750017470399479 5.181353844637438 0
4758 0.7999962611915399 5.094763697590577 0
4759 0.849978790795223 5.181359045385564 0
4760 8.713397459621518 4.249999999991244 0
4761 3.911309271219934 3.005853099760468 0
4762 3.833012701895426 3.050000000001594 0
4763 6.839230484546658 2.099999999996627 0
4764 6.92583302492535 2.14999999999683 0
4765 6.666025403791163 5.000000000000998 0
4766 6.752627944169626 4.950000000001157 0
4767 6.319615242275001 0.9999999999934039 0
4768 6.406208385380241 0.9499847720104919 0
4769 1.049988328602951 6.566976098782448 0
4770 1.099986499295505 6.653577023883964 0
4771 4.153377775893269 0.08465238055054145 0
4772 4.203940738543971 0.1705844619214817 0
4773 1.3499888060093 7.086593350654327 0
4774 1.399992483660655 7.173198897359134 0
4775 3.900092317778959 1.960757072014969 0
4776 3.849991753953645 1.874179322356471 0
4777 2.250000000001603 3.796176354406723 0
4778 2.148624917203412 3.795465005491124 0
4779 2.198624917203349 3.70933281351779 0
4780 4.85253383720463 1.149999999992926 0
4781 4.772169097398036 1.10132116015765 0
4782 4.853609856411106 1.051321160157666 0
4783 2.550000000000311 8.472243190575492 0
4784 2.600000000000223 8.558845736155085 0
4785 7.272243186439797 3.650000000000707 0
4786 7.272243186439785 3.550000000000555 0
4787 7.35884572681845 3.600000000000594 0
4788 4.447457132452876 3.249902458056497 0
4789 4.447471311888293 3.149886201065192 0
4790 4.533988775654286 3.199983743011022 0
4791 4.44740277795025 3.049964776521062 0
4792 4.447391210939099 2.949978038317794 0
4793 4.533991388078553 2.999980747816449 0
4794 7.272243186439785 3.350000000000282 0
4795 7.358845726818426 3.400000000000296 0
4796 7.272243186439796 3.450000000000427 0
4797 1.150000000003211 9.91839441453968 0
4798 1.203377775907289 9.822401938343202 0
4799 1.253377775907409 9.904007523803521 0
4800 3.94999999999907 8.299038113596909 0
4801 4.049999999998933 8.299038109430288 0
4802 2.450000000003775 2.047372055843241 0
4803 7.949515920692835 7.936010156099981 0
4804 7.899391701225637 8.036765474269661 0
4805 7.848907621921907 7.933545145829824 0
4806 8.100717367274489 0.3385927579578552 0
4807 8.050906806915611 0.2531690172473793 0
4808 8.305643890243108 3.049999999999499 0
4809 8.304672260120116 3.149999999999372 0
4810 8.223899500479925 3.099999999999551 0
4811 3.85000303124102 2.047319247803495 0
4812 3.950105424198775 2.047301972569996 0
4813 6.146410161515991 2.499999999997985 0
4814 8.713397459621518 4.349999999991396 0
4815 8.710263343020745 9.354914047674985 0
4816 8.712557640256678 9.450826282641941 0
4817 7.705248986211386 1.199988045168994 0
4818 5.020577136596129 1.249999999993044 0
4819 4.933974596217688 1.199999999992982 0
4820 5.020577136596142 1.149999999993005 0
4821 6.752627944167868 2.749999999999074 0
4822 6.752627944167919 2.649999999998685 0
4823 4.966842487763259 6.75000000000052 0
4824 4.966942910022633 6.650000000000772 0
4825 5.053442159642453 6.700000000000694 0
4826 4.852533837204618 1.249999999992965 0
4827 5.708715009009476 2.353798221270882 0
4828 5.705990669805267 2.253798221270699 0
4829 5.71339745962415 1.249999999993846 0
4830 5.800000749367213 1.299999999994126 0
4831 2.400803372728836 4.053969373964382 0
4832 2.353235383733657 4.140510991117774 0
4833 8.22389950048003 3.299999999999336 0
4834 8.307629713192009 3.249999999999162 0
4835 4.750000000010687 9.913397459621812 0
4836 4.800125608979428 9.829299518607478 0
4837 4.850125608979318 9.915902058985665 0
4838 0.6996391426642607 9.659136847811519 0
4839 0.7499484489539708 9.745267912983726 0
4840 4.790763415901824 3.050078913776922 0
4841 4.884156866075468 2.985824903347273 0
4842 6.666025403789151 2.79999999999927 0
4843 6.752627944167887 2.849999999999453 0
4844 4.447374668264429 2.84999700480696 0
4845 4.448864510238279 2.752583753505432 0
4846 4.535469663041251 2.802580758311653 0
4847 3.828613635665012 4.34970735679495 0
4848 5.140144137431932 6.650000000000865 0
4849 5.140043715172558 6.750000000000613 0
4850 4.399999999998468 8.212435565304411 0
4851 4.349731851809048 8.125607072181257 0
4852 7.099038105683787 5.650000000001381 0
4853 7.099050260818059 5.549978946691045 0
4854 3.149999999999789 7.08660254037826 0
4855 3.349974148820569 7.433102282627203 0
4856 3.249993987807275 7.433192233410146 0
4857 7.445448267197007 3.650000000000717 0
4858 3.833012701894821 3.550000000004541 0
4859 3.916320974597626 3.600000000004798 0
4860 6.579422863410318 2.74999999999912 0
4861 6.579422863410339 2.8499999999995 0
4862 6.752627944167922 2.149999999996819 0
4863 6.752627944167932 2.049999999996427 0
4864 7.79183653691755 0.9499620822942039 0
4865 7.791848285146441 1.049982430823797 0
4866 7.705230614847808 0.9999562250333613 0
4867 4.618969403893734 2.753013879890597 0
4868 4.622069590995441 2.652583753505323 0
4869 4.704079489874074 2.700430126385795 0
4870 5.140192378864215 4.050000000007497 0
4871 5.053589838485964 4.100000000007469 0
4872 1.603940738559238 9.829070105708105 0
4873 1.55742797942284 9.755121371736024 0
4874 1.654613166169668 9.753496238546452 0
4875 6.925833024926277 4.450000000001268 0
4876 6.925833024926221 4.350000000001214 0
4877 7.012435565304745 4.400000000001267 0
4878 5.053604141756901 5.499991789484806 0
4879 5.140200066906591 5.449995586830838 0
4880 5.14020023518033 5.549995490236265 0
4881 1.350003290419067 8.125831128287123 0
4882 1.45000156816219 8.125832128429588 0
4883 6.05980762113702 2.849999999999615 0
4884 5.649999999991435 0.08660254037863815 0
4885 5.605579406310777 0.1743104872694787 0
4886 5.555579406310628 0.08770794689084052 0
4887 8.395487900962546 0.1706000191640101 0
4888 8.445380470033276 0.2571405342664952 0
4889 6.65003208413928 8.472224715677219 0
4890 6.240510132763132 0.09010148188640604 0
4891 6.144261721544111 0.08779320574830682 0
4892 7.049999999997215 9.338268590214383 0
4893 6.9499999999974 9.338268590213669 0
4894 6.999999999997312 9.25166604983592 0
4895 6.839230484546645 2.899999999999563 0
4896 6.752627944167928 2.949999999999759 0
4897 7.532050807575532 3.300000000000026 0
4898 7.618653347954027 3.24999999999986 0
4899 7.618653347954037 3.349999999999942 0
4900 6.752627944169594 4.850000000001263 0
4901 6.839230484548088 4.900000000001356 0
4902 6.925833024925465 2.549999999997663 0
4903 8.052174039989433 0.8012010671146257 0
4904 8.136949814855075 0.7543942457512296 0
4905 8.136440106145557 0.8531902019847367 0
4906 7.272243186439911 1.449999999994632 0
4907 7.272243186439936 1.549999999994782 0
4908 7.185640646061339 1.499999999994713 0
4909 4.447882515516948 3.349414748328706 0
4910 4.361365051750956 3.299317206382876 0
4911 8.138268590224577 3.04999999999965 0
4912 8.137296960101585 3.149999999999523 0
4913 3.833012701895163 3.250000000002796 0
4914 3.833012701894954 3.350000000003452 0
4915 1.353377775907701 9.904007523803521 0
4916 0.8499914081611053 9.915076207794378 0
4917 0.9499914081613661 9.915076207794378 0
4918 6.233012701892759 3.650000000005185 0
4919 6.23301270189236 3.750000000005096 0
4920 4.852428497069143 0.6504564429973849 0
4921 4.854263065523462 0.7516174273525009 0
4922 4.772716966374796 0.7020738703569971 0
4923 5.226796200583889 5.199999264475828 0
4924 5.140193660205577 5.249999264475492 0
4925 4.199999999998706 8.212435567218584 0
4926 4.149955308633816 8.125795368947955 0
4927 4.249955308633693 8.125795367033948 0
4928 3.150000000008331 9.913397459621368 0
4929 3.200000000008472 9.826794919242719 0
4930 3.250000000008618 9.913397459621351 0
4931 1.200034305145401 1.441134467115948 0
4932 1.15002764501589 1.354535771965405 0
4933 5.140205279902537 4.749992272539368 0
4934 5.226802232034972 4.79999556542845 0
4935 6.999999999997402 8.90525588836182 0
4936 6.949999999997511 8.818653348122425 0
4937 7.049999999997312 8.81865334814875 0
4938 7.7052558883326 3.399999999999777 0
4939 4.793757603086864 6.75000000000048 0
4940 4.880200517756466 6.80000000000039 0
4941 4.793614882699892 6.850000000000271 0
4942 2.650000000003078 1.700961894331162 0
4943 2.600000000003326 1.787564434709252 0
4944 2.550000000003516 1.700961894331135 0
4945 6.756232253676851 9.33670592884576 0
4946 6.8019050693593 9.25056615752661 0
4947 6.854327184315047 9.337805821154355 0
4948 7.185640646061143 3.500000000000541 0
4949 4.617479561919884 2.850427131192125 0
4950 6.233012701892826 3.850000000004491 0
4951 3.833012701895269 3.150000000002207 0
4952 1.349994374835928 7.259802950370036 0
4953 1.299999439690751 7.346409165265197 0
4954 1.249993744903549 7.259801994319239 0
4955 8.389374102955191 3.19999999999911 0
4956 1.750000000001935 6.220577136799054 0
4957 7.749999999996351 8.991858428727525 0
4958 7.699999999996365 9.078460969088953 0
4959 5.22008477743426 7.399946237732809 0
4960 5.309775274004965 7.338145534379062 0
4961 5.313774829855945 7.438091772112592 0
4962 4.36087113474884 3.099883491566537 0
4963 4.274677434759205 3.349414748328726 0
4964 4.274252051695132 3.249902458056517 0
4965 7.449999999996651 8.991858428765699 0
4966 8.713397459621689 1.04999999999915 0
4967 8.629934408283919 0.9995313343034978 0
4968 8.716536948662231 0.9495313343035368 0
4969 3.833012701894878 3.450000000004014 0
4970 8.713397459621689 1.149999999999072 0
4971 5.15172568887361 0.1025342245167193 0
4972 2.700000000002862 1.614359353953076 0
4973 2.750000000002672 1.700961894331193 0
4974 5.359489867224391 0.0901014818866739 0
4975 5.259489867224092 0.0901014818866739 0
4976 7.185640646061216 3.300000000000285 0
4977 7.272243186439847 3.250000000000153 0
4978 6.666025403791091 4.800000000001111 0
4979 2.750000000007301 9.91339745962134 0
4980 2.800000000007455 9.826794919242678 0
4981 2.85000000000759 9.913397459621336 0
4982 8.714595807185422 3.954147541153015 0
4983 0.6056804705078629 2.548899025196454 0
4984 0.6038647912744864 2.448963928287752 0
4985 4.360786058136126 2.899981033511573 0
4986 6.450562962649403 8.991533402062903 0
4987 6.350115775604068 8.986794630705926 0
4988 6.400678738254637 8.89986706369012 0
4989 8.715876391779471 8.844941392108973 0
4990 8.629801513194025 8.79393638704504 0
4991 8.713925121414555 8.748994994934243 0
4992 8.507131996517177 0.3356499375618772 0
4993 8.557467884102934 0.4187841052438426 0
4994 8.448831854572344 0.4286759753316832 0
4995 6.233054526626582 0.850073132038953 0
4996 6.233019672684719 0.9500121886675896 0
4997 8.133271635306661 3.84999999999905 0
4998 8.21708013380003 3.899999999998808 0
4999 8.13547454834006 3.949999999998889 0
5000 6.92583302492587 3.950000000001346 0
5001 6.925833024925437 3.850000000001685 0
5002 8.554016499563867 0.2472486641786545 0
5003 0.08660254037849732 0.8499999999999447 0
5004 5.313397459621624 4.350000000007286 0
5005 5.140200727703589 5.349995207513048 0
5006 5.226796821127017 5.399998908264507 0
5007 1.553377775908392 9.915347619448838 0
5008 1.65056296265522 9.913722486259266 0
5009 4.448460970323038 3.44885406186931 0
5010 4.534553051024958 3.399439313542931 0
5011 3.650000000009546 9.913397459621347 0
5012 4.620066243687973 2.950065032257511 0
5013 5.713524917776315 1.949999999996808 0
5014 5.714114443259538 2.047473327504334 0
5015 2.350000000004367 1.700961894331063 0
5016 2.450000000003963 1.700961894331121 0
5017 2.400000000004167 1.787564434709167 0
5018 6.752627944167931 2.549999999998287 0
5019 6.839230484546669 2.499999999997956 0
5020 3.450000000009034 9.913397459621368 0
5021 3.550000000009326 9.913397459621368 0
5022 6.233012701893532 3.450000000005046 0
5023 6.233012701893077 3.550000000005278 0
5024 8.446132486539369 0.08436963044163626 0
5025 3.900010133048454 2.306840088234384 0
5026 3.850009779026774 2.220181190457611 0
5027 3.950016491682515 2.220523046135294 0
5028 6.925833024925272 2.849999999999442 0
5029 6.925833024925313 2.949999999999748 0
5030 7.099038105682676 1.449999999994675 0
5031 7.099038105682701 1.549999999994825 0
5032 4.621310822291312 4.849805562170276 0
5033 4.707453473978049 4.899838005524148 0
5034 4.621584619294882 4.949643567689828 0
5035 4.966699767376286 6.850000000000311 0
5036 3.600000000009399 9.826794919242715 0
5037 0.1728329291007113 0.6006445855765468 0
5038 0.2747779575703333 0.5489665931559318 0
5039 0.2751501092265035 0.6483220075793301 0
5040 3.950010261173737 2.391737884101234 0
5041 3.850003548517996 2.391396028423551 0
5042 2.100141925269272 9.662241778535567 0
5043 2.150149941628587 9.744447499666913 0
5044 2.050039292067564 9.747473178128079 0
5045 4.299687160444156 8.038966873910628 0
5046 6.319615242271574 3.600000000005471 0
5047 7.149999999997128 8.81865334815776 0
5048 7.099999999997236 8.732050807918363 0
5049 5.886602540379586 2.649999999998282 0
5050 6.233012701894946 2.95000000000043 0
5051 5.606312521418955 9.242799102791377 0
5052 5.654757081549254 9.326418362153406 0
5053 5.54684514295277 9.334361885727224 0
5054 3.549980161012893 7.779436346306556 0
5055 3.449992985774983 7.779437131296627 0
5056 3.499973146788316 7.692847976564223 0
5057 8.459541183697345 4.101723355044612 0
5058 8.713397459621703 1.349999999998644 0
5059 8.713397459621703 1.249999999998873 0
5060 2.450000000006469 9.918394414539502 0
5061 2.550000000006761 9.918394414539502 0
5062 7.012435565304848 4.600000000001327 0
5063 6.925833024926355 4.550000000001297 0
5064 6.904327184314951 9.424408361532819 0
5065 5.313397459621838 4.450000000007023 0
5066 5.22679491924346 4.400000000007097 0
5067 5.749999999991735 0.08660254037863815 0
5068 6.059807621138749 1.149999999993667 0
5069 6.059814591927228 1.050012188667775 0
5070 6.146417132305842 1.100012188667889 0
5071 1.250074395790457 1.527713861149397 0
5072 1.350028101024108 1.527740589445068 0
5073 0.4349478704807159 2.153471379268404 0
5074 0.3558269157255733 2.088630247575679 0
5075 0.4444797688157239 2.042101626844127 0
5076 6.233012701894831 2.649999999998633 0
5077 6.233012701894879 2.549999999998184 0
5078 5.315630369558541 3.353867513462351 0
5079 5.313769611277727 3.450644585580432 0
5080 5.229399980836267 3.404512099039454 0
5081 6.950768804994137 0.07940824868224566 0
5082 6.850768804993837 0.07940824868224566 0
5083 0.1728596483875344 2.19999999999997 0
5084 0.2594046167043872 2.14999999999997 0
5085 0.2597500490737125 2.249999999999956 0
5086 5.886602540381486 1.249999999993805 0
5087 5.886603289745786 1.349999999994261 0
5088 6.233012701894836 2.749999999999173 0
5089 6.199530864463804 9.82717411698815 0
5090 6.24953086446369 9.913776657366192 0
5091 4.800000000002929 9.598076211348747 0
5092 5.757112230007627 9.329863354903633 0
5093 5.69764485154144 9.421426137839481 0
5094 0.2569143795082654 0.4477819626686731 0
5095 0.3592315596340576 0.4954593846714564 0
5096 1.950015637856726 9.746031188119717 0
5097 2.00002365421604 9.828236909251064 0
5098 3.050000000008039 9.913397459621368 0
5099 8.715876391779471 8.944941392109126 0
5100 8.699742895891065 9.047521990430436 0
5101 8.615619287670533 8.99246338254108 0
5102 8.224870933556689 1.099999658698279 0
5103 8.311473603042339 1.049999882318478 0
5104 8.311473541874925 1.149999776373633 0
5105 5.107179676974615 1.099999999993039 0
5106 5.020577136596174 1.049999999992976 0
5107 1.800000000001936 5.441154273189488 0
5108 1.750000000002022 5.354551732811139 0
5109 1.85000000000188 5.354551732811125 0
5110 8.051666049846421 1.999999999994891 0
5111 8.138268590224786 2.049999999994859 0
5112 0.9999914081614509 9.833470622334058 0
5113 0.9509824587551511 9.74235430635505 0
5114 1.05099105059679 9.745672513100352 0
5115 2.400000000006376 9.831791874160867 0
5116 2.352895236494363 9.739790516254381 0
5117 2.45289523649461 9.744787471172518 0
5118 8.703401036314446 9.750466811870377 0
5119 8.703401036314446 9.650466811870224 0
5120 1.999986571135294 6.826787195797888 0
5121 1.949984332991018 6.740183348920207 0
5122 5.226795413398873 5.800000000003106 0
5123 5.140210675729232 5.849990056543762 0
5124 7.618653347953927 3.04999999999969 0
5125 7.618653347953993 3.149999999999821 0
5126 7.532050807575455 3.099999999999812 0
5127 5.053595838943204 6.100000000002119 0
5128 5.140195343796719 6.050000000002424 0
5129 5.140195414390307 6.150000000002191 0
5130 2.350000000006221 9.913397459621365 0
5131 4.847372055839255 1.349999999992928 0
5132 4.765931296826198 1.299999999992873 0
5133 6.233019672684602 1.050012188667811 0
5134 8.615958676571122 9.601293094512926 0
5135 8.712557640256678 9.550826282642094 0
5136 4.529706952862387 2.600901697638361 0
5137 4.614817038842728 2.548317944133559 0
5138 5.313769611277727 3.550644585581264 0
5139 6.492820323031465 2.699999999998897 0
5140 6.579422863410276 2.649999999998667 0
5141 8.453589838485751 4.699999999991936 0
5142 8.540192378864319 4.649999999991843 0
5143 8.540192378864296 4.749999999992054 0
5144 0.2689365150393953 2.038630247575692 0
5145 5.453593423758644 1.899999999996737 0
5146 5.37253319558538 1.851329441657408 0
5147 3.399977753638483 7.519681708600594 0
5148 3.449976751606347 7.606242987276209 0
5149 3.349986973582542 7.606287482878678 0
5150 3.91394523558153 4.399736466730124 0
5151 3.830484885366593 4.449945497594871 0
5152 8.713397459621442 4.449999999991569 0
5153 8.626794919242958 4.399999999991474 0
5154 6.050102397988248 7.952703811987982 0
5155 6.150034780943357 7.952666309958515 0
5156 7.549999999996396 9.338268590214827 0
5157 7.450740534650924 9.338944626348287 0
5158 5.619454298698109 2.201271548778036 0
5159 5.714553364575774 2.147473327504468 0
5160 4.099999999998923 8.385640648300619 0
5161 4.14999999999882 8.299038108002922 0
5162 1.050026509742525 1.354536427415877 0
5163 1.100012719705836 1.267941848718997 0
5164 0.08647458164028118 2.649778368964142 0
5165 0.08659002003848509 2.549979166641577 0
5166 3.919615242273983 3.40000000000378 0
5167 2.500000000003716 1.614359353953031 0
5168 0.8499398571127843 9.746946661156628 0
5169 0.7999914081609983 9.828473667415853 0
5170 6.999999999997412 8.21243564280541 0
5171 7.049999999997341 8.299038142504035 0
5172 6.949999999997499 8.299038184010023 0
5173 6.319615242273755 2.799999999999435 0
5174 6.406217782652607 2.749999999999127 0
5175 6.406217782652655 2.849999999999658 0
5176 2.750000000000488 7.434037442174655 0
5177 2.649999809942863 7.43439732555977 0
5178 2.699999809942797 7.348506752626913 0
5179 7.878460969089577 1.899999999994908 0
5180 7.965063509467988 1.849999999994932 0
5181 7.965063509467996 1.949999999994918 0
5182 6.200014628283144 7.866056289366848 0
5183 6.250020152658992 7.952650668183949 0
5184 4.049999999998978 8.472243188763285 0
5185 4.149999999998865 8.47224318733592 0
5186 5.137555442474527 7.449937277354984 0
5187 5.133555886623546 7.349991039621454 0
5188 0.2550536212274933 0.3510048905515921 0
5189 0.2469505337441896 0.2454671233761371 0
5190 0.333264894088686 0.2887369870087428 0
5191 6.925833024925367 1.649999999995119 0
5192 6.925833024925343 1.74999999999538 0
5193 6.839230484546657 1.699999999995296 0
5194 0.4517525002130127 5.009639695375454 0
5195 0.5013533656360922 4.923641390519862 0
5196 0.5500999614687441 5.008697783009913 0
5197 3.486463398994484 4.649998298376152 0
5198 2.650000000003091 1.874166975087314 0
5199 4.793835570938588 4.849968077205648 0
5200 4.794109367942159 4.9498060827252 0
5201 0.08660254037844073 0.6499999999999733 0
5202 0.08623038872227057 0.5506445855765749 0
5203 8.138268590224774 3.449999999999288 0
5204 8.223592034895354 3.499999999999095 0
5205 8.398076211360518 1.199999999993745 0
5206 6.579422863409826 3.050000000000705 0
5207 5.886602540379664 2.549999999997892 0
5208 7.532050807575173 2.899999999999324 0
5209 7.618653347953662 2.849999999999267 0
5210 7.618653347953877 2.949999999999624 0
5211 7.993413852429591 9.605743971077562 0
5212 7.946017056309953 9.510435776386116 0
5213 8.045060535249913 9.522653909044706 0
5214 1.30000000000881 2.653589838490429 0
5215 1.350087769713645 2.739772704326008 0
5216 1.250087769713844 2.739772704326256 0
5217 7.0124355653051 5.200000000001385 0
5218 6.925833024926586 5.250000000001222 0
5219 0.08452994616251039 1.849999999999991 0
5220 0.08660254037843587 1.749999999999985 0
5221 0.1711324865409463 1.799999999999977 0
5222 2.350000000004333 1.874166975087165 0
5223 2.449998859654359 7.260765999126232 0
5224 2.499999647036406 7.347781054341723 0
5225 8.051664483860002 0.9999972876247332 0
5226 8.138267663002008 0.9499983939956285 0
5227 8.138267815582097 1.049998658272229 0
5228 2.513388145231827 5.96779969604945 0
5229 2.563388145231732 6.054402236427749 0
5230 2.450000000000698 6.047372055837567 0
5231 7.705255888332416 2.999999999999633 0
5232 7.791858428710866 2.949999999999621 0
5233 7.791858428710915 3.049999999999687 0
5234 7.012435565303987 2.999999999999825 0
5235 6.925833024925359 3.049999999999947 0
5236 7.185640646061417 1.899999999995265 0
5237 5.540217475766161 1.849999999996725 0
5238 3.949533650988271 1.182029126454994 0
5239 3.899133066838728 1.268520598038241 0
5240 3.850008624384336 1.181861408199859 0
5241 4.002103183142594 1.096564937034369 0
5242 4.052311072956989 1.010141474957285 0
5243 7.705255888332648 1.799999999994887 0
5244 7.791858428711107 1.749999999994884 0
5245 7.791858428711111 1.849999999994925 0
5246 6.753159709366495 0.08477828132203025 0
5247 6.803928514365974 0.1641865300042759 0
5248 6.579422863410286 2.549999999998269 0
5249 6.579422863410327 2.449999999997856 0
5250 8.051666049846407 1.79999999999498 0
5251 8.138268590224783 1.749999999995011 0
5252 7.878460969089401 3.099999999999649 0
5253 7.965063509467801 3.049999999999649 0
5254 7.965063509467836 3.149999999999622 0
5255 8.05166604984622 2.999999999999688 0
5256 8.138268590224561 2.949999999999716 0
5257 7.099038105683577 5.250000000001396 0
5258 7.099038105683571 5.150000000001423 0
5259 3.999999999999201 9.251666049840221 0
5260 4.049999999999221 9.338268590216639 0
5261 3.949999999999287 9.338268590218055 0
5262 8.224871130603228 2.299999999994803 0
5263 8.311473670981536 2.24999999999469 0
5264 8.311473670981583 2.349999999994671 0
5265 7.791858428711871 4.749999999999623 0
5266 7.791858428711972 4.849999999999753 0
5267 1.300000000001179 8.385640647257107 0
5268 1.250002270661056 8.299036795384938 0
5269 7.149999999997143 8.645448268178862 0
5270 7.049999999997327 8.645448268169854 0
5271 4.773594914400467 0.4871619586913716 0
5272 4.676807864007197 0.5607466000968718 0
5273 4.679520380487186 0.4469956727863622 0
5274 5.193782217353119 1.049999999993066 0
5275 5.193782217353087 1.149999999993095 0
5276 0.08660254037842981 2.249999999999978 0
5277 0.08625710800910458 2.149999999999991 0
5278 8.224871130603248 2.89999999999934 0
5279 8.306476716062932 2.949999999999173 0
5280 7.012435565304264 3.800000000000939 0
5281 6.925833024925259 3.750000000001606 0
5282 6.23301270189811 4.850000000001378 0
5283 6.233012701897797 4.950000000001352 0
5284 0.08956387776161256 1.453261839030764 0
5285 0.09970203270128605 1.346249102784893 0
5286 0.1892659104628986 1.399510941815657 0
5287 7.099038105682566 2.949999999999743 0
5288 7.099038105682611 3.049999999999941 0
5289 0.2597980257916882 2.349999999999905 0
5290 0.2597855054517435 2.449979166641504 0
5291 0.1731925604169149 2.399979166641556 0
5292 8.05166604984645 2.199999999994973 0
5293 8.138268590224808 2.14999999999483 0
5294 8.138268590224826 2.249999999994964 0
5295 8.387249475703122 2.999999999998995 0
5296 8.472436028757393 2.949999999998138 0
5297 8.471603202937569 3.049999999998464 0
5298 4.933974596217738 0.9999999999929348 0
5299 4.853609856411143 0.9513211601576581 0
5300 1.449998178447857 7.259806068305092 0
5301 1.100000734670111 0.9215386067698738 0
5302 1.050007517626603 0.834932150250041 0
5303 1.150007340885719 0.8349322522916324 0
5304 5.101809644959495 1.313025271012195 0
5305 5.015207104581041 1.363025271012171 0
5306 4.274252051695369 3.149902458056062 0
5307 4.187564434703617 3.200000000001911 0
5308 1.850000000005056 9.913397459621351 0
5309 1.950000000005348 9.913397459621351 0
5310 1.650000000002643 3.79570600600168 0
5311 1.550000000002898 3.795706006001664 0
5312 1.600000000002807 3.709103465623415 0
5313 5.28038475773165 0.9999999999930642 0
5314 5.193782217353178 0.9499999999930075 0
5315 3.449963926844374 7.433057787024735 0
5316 0.4045120990374205 9.829399980835973 0
5317 0.3546195299666883 9.742859465733456 0
5318 7.358845726818173 2.999999999999557 0
5319 7.445448267196665 2.949999999999432 0
5320 7.445448267196897 3.049999999999806 0
5321 0.3462495314243182 2.499741430458046 0
5322 4.671163815297328 1.337506951786424 0
5323 4.676325596662691 1.237506951786461 0
5324 7.653377775900557 9.509523511143644 0
5325 7.607258021176396 9.605504249878265 0
5326 6.579422863407221 3.550000000005181 0
5327 6.579422863407725 3.650000000005633 0
5328 7.532050807575656 1.499999999994627 0
5329 7.618653347954185 1.549999999994669 0
5330 6.319615242274581 1.39999999999433 0
5331 6.233012701895877 1.449999999994395 0
5332 6.233012701895961 1.349999999994156 0
5333 6.340510132763431 0.09010148188640604 0
5334 5.366987298110204 0.9499999999930793 0
5335 5.366987298110146 1.049999999993138 0
5336 6.233012701897904 4.450000000001789 0
5337 6.233012701897621 4.55000000000175 0
5338 1.60000000000779 2.480384757733471 0
5339 1.650000000007542 2.393782217355348 0
5340 5.973205080759746 1.399999999994445 0
5341 8.713397459621442 4.549999999991721 0
5342 8.713397459621431 4.649999999991879 0
5343 8.626794919242872 4.599999999991805 0
5344 3.549982505870815 1.700970567319257 0
5345 3.499983805509507 1.614367519489612 0
5346 4.351559430721126 1.874376828795875 0
5347 4.30041197101013 1.961512237754984 0
5348 4.251667269952675 1.873704057739301 0
5349 7.878456906879668 1.099992964039169 0
5350 7.791850984809926 1.149987106778327 0
5351 5.020577136596213 0.9499999999929679 0
5352 8.224871130603281 1.699999999994948 0
5353 8.311473670981522 1.749999999995037 0
5354 1.950000000001723 5.35455173281114 0
5355 1.700000000002516 3.882308546379958 0
5356 1.750000000002426 3.79570600600171 0
5357 8.398076211359861 1.799999999994937 0
5358 7.878455813388754 0.8999910700569755 0
5359 7.965060875420619 0.849995437688722 0
5360 7.965059269248048 0.9499926557163864 0
5361 6.666025403789142 2.599999999998492 0
5362 6.492820323031655 2.099999999996566 0
5363 6.406217782652699 2.149999999996785 0
5364 7.358845726818519 1.399999999994551 0
5365 7.445448267197105 1.349999999994436 0
5366 7.445448267197094 1.449999999994586 0
5367 5.626816430873134 1.799999999996659 0
5368 5.540195964137125 1.749999999996631 0
5369 3.949167082655624 1.52815459285107 0
5370 3.89963559272608 1.614496535918879 0
5371 3.849253850816559 1.528150003973483 0
5372 7.74999999999624 9.338268590215561 0
5373 7.699999999996247 9.424871130592992 0
5374 7.64999999999633 9.338268590215561 0
5375 4.44999999999866 8.818653347991098 0
5376 4.39999999999878 8.905255888370982 0
5377 4.349999999998657 8.81865334802306 0
5378 0.08431591140347461 3.048977142947947 0
5379 0.08555716176244617 2.949570954282856 0
5380 0.1698730731659208 2.998548097230803 0
5381 4.150537783446991 1.874124797810662 0
5382 4.100357260489196 1.96078963173994 0
5383 8.628867513459106 7.999999999996939 0
5384 8.534695636523448 8.057519219937896 0
5385 8.53262304230719 7.957519219937739 0
5386 7.532050807575667 2.299999999995744 0
5387 7.618653347954231 2.249999999995288 0
5388 3.052895236482434 0.08771825369128976 0
5389 3.003020845451717 0.1718161947058489 0
5390 2.950125608961507 0.08409794101455911 0
5391 7.012435565304046 1.599999999994995 0
5392 7.099038105682709 1.649999999995033 0
5393 7.01243556530406 1.399999999994557 0
5394 7.099038105682698 1.349999999994445 0
5395 6.839230484546717 1.499999999994777 0
5396 6.925833024925396 1.449999999994653 0
5397 6.925833024925359 1.549999999994911 0
5398 3.449999999999648 7.952628230416969 0
5399 3.349999999999768 7.952629800444353 0
5400 3.399999999999681 7.866027071066345 0
5401 6.146410161517311 1.299999999994001 0
5402 6.059807621138658 1.34999999999408 0
5403 6.059807621138711 1.24999999999386 0
5404 8.051666049846254 3.199999999999564 0
5405 7.965063509467853 3.249999999999564 0
5406 3.749736822247241 1.527888641850137 0
5407 3.699849762556834 1.614431369824833 0
5408 3.64986422391706 1.527828064633679 0
5409 7.531916427063327 0.6997672461177677 0
5410 7.618585239079914 0.6498820319618712 0
5411 7.618542282812278 0.7498076295240568 0
5412 7.532050807575713 2.099999999995093 0
5413 7.618653347954181 2.049999999994994 0
5414 7.61865334795421 2.149999999995053 0
5415 7.705214980723891 0.799929145935964 0
5416 7.791834257195096 0.7499581336987358 0
5417 7.791838143090121 0.8499648642665395 0
5418 8.713397459621442 8.449999999997633 0
5419 8.626794919242885 8.399999999997538 0
5420 8.713397459621444 8.349999999997472 0
5421 3.152895236482141 0.08771825369128976 0
5422 8.546132486539534 0.08436963044163626 0
5423 7.185640646061235 3.100000000000008 0
5424 7.272243186439798 3.049999999999895 0
5425 7.272243186439843 3.150000000000043 0
5426 7.445448267196964 3.149999999999937 0
5427 2.550000000000193 8.645448268269664 0
5428 2.650000000000234 8.645448277249461 0
5429 1.150908395879291 3.969527005995718 0
5430 1.051059795192056 3.97010000760709 0
5431 1.101708649388991 3.883937409541518 0
5432 7.049999999997248 9.165063509464577 0
5433 6.949999999997433 9.165063509463861 0
5434 6.146410161516028 2.900000000000168 0
5435 6.233012701894884 2.849999999999703 0
5436 6.57942286341035 2.349999999997487 0
5437 1.250008328208536 8.125828217240933 0
5438 7.96506350946801 2.049999999994866 0
5439 6.406217782653338 1.34999999999425 0
5440 6.492820323032156 1.299999999994171 0
5441 0.3538675134605999 9.915630369558357 0
5442 5.713397459624344 1.149999999993548 0
5443 6.839328015031182 5.499831072249245 0
5444 7.965059421828136 1.049992919992987 0
5445 7.445448267196979 3.350000000000129 0
5446 6.059807621138345 1.449999999994586 0
5447 7.791858428711119 1.94999999999491 0
5448 8.138268590224889 2.849999999999378 0
5449 5.803269207046133 2.499999999997703 0
5450 5.891529629805835 6.847155343592692 0
5451 5.891529629805835 6.947155343592553 0
5452 7.791858428710951 3.14999999999966 0
5453 0.170600019163769 0.4045120990360674 0
5454 4.277761275700453 4.448290421051091 0
5455 4.196791123396343 4.398455998399531 0
5456 4.280833497231381 4.348980517286195 0
5457 6.406217782653155 1.549999999994751 0
5458 6.319616972625186 1.599999999994942 0
5459 5.950000000006943 9.913397459621923 0
5460 6.860068535567263 0.2571847882472807 0
5461 6.762459439939921 0.2625548208870653 0
5462 7.249999999996997 8.645448268243307 0
5463 7.199999999997089 8.558845728494799 0
5464 3.299999999999859 8.039231862278474 0
5465 3.249999999999893 7.95263070292785 0
5466 7.705255888332691 1.599999999994702 0
5467 7.618653347954139 1.649999999994815 0
5468 7.276542744855928 6.350196826572621 0
5469 7.359241223282927 6.399003827191489 0
5470 7.276938241319479 6.449200653762608 0
5471 0.2459835004360893 9.752751335821277 0
5472 0.2928680034827791 9.664350062438022 0
5473 5.107179676974693 0.8999999999929651 0
5474 5.020577136596257 0.8499999999929236 0
5475 8.398076211359925 2.399999999994402 0
5476 4.000051386351385 2.133925201557647 0
5477 4.050140672889325 2.04736302576912 0
5478 0.3463429941085411 2.299999999999905 0
5479 0.4329439352629796 2.24999999999991 0
5480 0.4329919119809554 2.349999999999859 0
5481 6.406217782650383 3.550000000005742 0
5482 6.406217782650065 3.650000000005649 0
5483 6.849999999997689 8.299038196022178 0
5484 2.950000000001631 1.874166975087327 0
5485 2.900000000001796 1.960769515465358 0
5486 2.850000000002187 1.874166975087336 0
5487 6.450672427609243 8.818265121682515 0
5488 6.350225240563907 8.813526350325539 0
5489 7.185640646061339 1.299999999994355 0
5490 7.272243186439947 1.249999999994275 0
5491 7.272243186439923 1.349999999994482 0
5492 4.880484435828459 4.999938534892342 0
5493 4.967058993762696 4.949956798485291 0
5494 2.90000000000076 2.307179676977414 0
5495 2.850000000001393 2.220577136599406 0
5496 2.950000000000691 2.22057713659936 0
5497 5.37223567069455 1.74971313955529 0
5498 5.454468277417293 1.699952189922484 0
5499 4.967030881012866 5.549974982069591 0
5500 4.88051468488684 5.59992362842792 0
5501 8.137296960101603 3.249999999999464 0
5502 2.400000000000931 7.519653713847048 0
5503 2.349999837094348 7.433162372655977 0
5504 2.449999837094222 7.433186813862489 0
5505 0.6907106484036565 2.106928199760877 0
5506 0.7867758047657747 2.067263767613002 0
5507 0.7835779187745726 2.161492694274856 0
5508 0.5215967883531303 2.203471379268358 0
5509 0.6055567429916605 2.154049942479791 0
5510 0.6035528077739243 2.250578563211298 0
5511 5.140195837951831 5.950000000002603 0
5512 5.226795413398934 6.000000000002675 0
5513 2.353377775898421 0.08465238055056712 0
5514 2.450562962644548 0.08128055882232861 0
5515 2.403940738548989 0.1659329393728957 0
5516 7.711097171357906 0.5938793403278642 0
5517 7.804733465286978 0.5487247410688121 0
5518 7.798847388757937 0.6547678161091082 0
5519 1.800000000002007 5.094744111676063 0
5520 1.750000000002067 5.18134665205441 0
5521 4.150303222641806 2.047412860727591 0
5522 8.051666049846347 3.399999999999416 0
5523 8.138268590224699 3.349999999999377 0
5524 6.858118565432338 9.521035138830253 0
5525 6.803791381115072 9.608100448267566 0
5526 6.754327184315333 9.511010901910817 0
5527 5.138913563900762 7.549946237732463 0
5528 5.052384673090049 7.499991039621109 0
5529 6.044261721543835 0.08779320574830682 0
5530 7.618546168707303 0.8498143600918605 0
5531 4.620554650421738 6.95000000000004 0
5532 4.620568744254295 6.850000000000247 0
5533 4.707157874197733 6.900000000000154 0
5534 8.311473670981503 2.149999999994845 0
5535 8.398076211359857 2.199999999994714 0
5536 7.099038105682029 3.350000000000395 0
5537 7.099038105681969 3.450000000000533 0
5538 2.35000000000089 6.047372055837538 0
5539 2.400000000000796 6.133974596215837 0
5540 5.800129069775245 1.899999999996743 0
5541 5.713442094501101 1.849999999996688 0
5542 7.618653347953726 2.749999999999111 0
5543 1.750562962655488 9.913722486259266 0
5544 4.967005581851254 6.150000000001859 0
5545 4.880418294031757 6.200000000001658 0
5546 1.800562962655634 9.827119945880618 0
5547 1.750656789763962 9.745568531526651 0
5548 1.850093827113529 9.745243504888737 0
5549 4.299999999998672 8.732050807732209 0
5550 4.249999999998791 8.818653348112093 0
5551 2.750000000000477 7.266030823829317 0
5552 7.099038105683251 4.45000000000126 0
5553 7.099038105683194 4.350000000001206 0
5554 7.649999999996489 8.818653348065112 0
5555 7.549999999996594 8.818653348103165 0
5556 8.540192378864354 4.449999999991574 0
5557 4.158125430464699 0.2469506196500172 0
5558 7.618616973889507 0.9499369982651532 0
5559 6.92583302492568 3.650000000000874 0
5560 5.94894353036166 0.08693483279520106 0
5561 5.993205251913137 0.1747280385435079 0
5562 8.525847937355579 8.446439284670811 0
5563 8.525847937355582 8.34643928467065 0
5564 8.626794919243391 1.199999999998912 0
5565 5.193782217353016 1.249999999993124 0
5566 5.188412185337929 1.363025271012251 0
5567 4.935555761166935 0.6027386580198719 0
5568 4.854009662018269 0.5531951010243681 0
5569 3.919615242274164 3.20000000000263 0
5570 7.796350207370947 7.851235341275159 0
5571 7.74622598790375 7.951990659444839 0
5572 7.445448267197842 6.35000000000149 0
5573 7.445843763661394 6.449003827191477 0
5574 0.9009394995481236 9.659148551922922 0
5575 8.715470053837683 8.049999999997029 0
5576 8.713397459621424 7.949999999996872 0
5577 4.099955308633858 8.039192829823886 0
5578 6.23220292566075 5.548272070849086 0
5579 6.232877739191714 5.449712011808968 0
5580 0.416233241986028 0.23760390177473 0
5581 0.4243363294693316 0.343141668950185 0
5582 3.830692020644565 4.549978220032473 0
5583 7.44491625685671 0.6490785310529019 0
5584 7.444873300589073 0.7490041286150875 0
5585 7.445448267197071 1.549999999994742 0
5586 0.5196031457388797 2.399999999999782 0
5587 0.6038544986710008 2.348963928287833 0
5588 0.2421159869766489 9.577313345127314 0
5589 0.350752016507248 9.567421475039495 0
5590 2.550562962644255 0.08128055882232861 0
5591 8.145806030651809 9.521172608715865 0
5592 8.098409234532172 9.425864414024421 0
5593 6.649999999998014 7.259809330326737 0
5594 6.54999999999818 7.259809362422899 0
5595 6.599999999998086 7.173205639684316 0
5596 1.155450375258047 3.799401521427792 0
5597 1.055601774570812 3.799974523039164 0
5598 4.950125608978947 9.915902058985665 0
5599 7.965063509467988 1.74999999999497 0
5600 8.138268590225469 4.249999999999069 0
5601 8.224871130604029 4.299999999999033 0
5602 8.138268590225596 4.349999999999136 0
5603 7.753377775900468 9.509523511143644 0
5604 1.250000000001162 8.472243186777133 0
5605 1.350000000001196 8.472243187859881 0
5606 8.047104763511218 9.912281746309475 0
5607 8.147104763511171 9.912281746309475 0
5608 7.965063509467785 2.949999999999715 0
5609 2.350000000001498 3.968911086758409 0
5610 2.450803372728832 3.967366833586055 0
5611 4.707271121733179 6.300000000001399 0
5612 4.793891994740825 6.250000000001547 0
5613 4.793800460890154 6.350000000001334 0
5614 2.050023654216186 9.914839449629714 0
5615 0.9998732362287086 6.826673967188597 0
5616 0.9498626030916453 6.740061235297053 0
5617 1.04998936686447 6.740182187350176 0
5618 7.099038105681958 3.55000000000066 0
5619 7.09903810568261 3.650000000000764 0
5620 7.012435565303435 3.600000000000755 0
5621 0.648248414845605 1.713912283475951 0
5622 0.7007846224466379 1.615958415914817 0
5623 0.7482020333450539 1.715942460152446 0
5624 0.6480123206580013 7.777974534041567 0
5625 0.6966589913580638 7.690836459117682 0
5626 0.7492022226446593 7.778566580794844 0
5627 6.666025403788702 3.000000000000369 0
5628 6.579422863410294 2.949999999999986 0
5629 8.707358528066576 0.7435627088289763 0
5630 8.716536948662231 0.8495313343036066 0
5631 8.623895476728807 0.7930940431332544 0
5632 5.800650814366696 2.099999999996997 0
5633 6.299999999998775 7.692863309679376 0
5634 6.349999999998663 7.779441120029822 0
5635 6.249999999998892 7.779462837241837 0
5636 7.531944275977894 0.899815481853246 0
5637 7.445260297637607 0.8496744271657971 0
5638 7.185640646061394 1.099999999993949 0
5639 7.272240209238673 1.149994843330109 0
5640 7.249999999996962 8.818653348141783 0
5641 7.199999999997039 8.905255888372171 0
5642 4.794102338867919 5.049808463210843 0
5643 0.2576514402132504 0.752061462799654 0
5644 4.794036647277469 5.549853949363376 0
5645 4.794093880169219 5.649819306542346 0
5646 1.149892776584748 7.25973596404182 0
5647 1.199887711729925 7.173129749146659 0
5648 0.170787054171615 1.999999999999984 0
5649 0.267209353192801 1.938630247575693 0
5650 0.9500899081354819 0.4934713754725043 0
5651 0.9966856108049265 0.4096671328943322 0
5652 2.150093827108605 8.818599176880635 0
5653 2.250015637851523 8.818644319564388 0
5654 2.200109464959981 8.905192688812502 0
5655 4.620577040453224 6.350000000001289 0
5656 4.620668574303895 6.250000000001503 0
5657 7.358260127430991 0.7989857121009313 0
5658 7.101017428080942 6.046178059903085 0
5659 7.014899534852034 5.995273017559263 0
5660 7.099522752833464 5.949094957657721 0
5661 6.449999999998479 8.125833614835248 0
5662 6.350002535920817 8.125832144665221 0
5663 7.59999999999639 9.251666049837397 0
5664 4.620077810699124 3.050051770460779 0
5665 4.793888954874781 6.150000000001723 0
5666 4.152215008688907 1.009900803001077 0
5667 4.100728923894589 0.9222823405062358 0
5668 0.7444116621445688 7.602821970512532 0
5669 7.099038105682091 3.250000000000266 0
5670 6.839230484547832 4.500000000001243 0
5671 6.146410161515421 3.300000000003645 0
5672 7.272243186439566 2.949999999999521 0
5673 7.349999999996862 8.645448268272681 0
5674 7.299999999996916 8.732050807956746 0
5675 6.75262794416746 3.050000000000479 0
5676 6.839230484545804 3.100000000000694 0
5677 1.450017354806108 1.527746793776982 0
5678 5.887238219527476 2.149999999997061 0
5679 5.886799298211239 2.049999999996927 0
5680 6.406217782653254 1.449999999994489 0
5681 6.233012701896014 1.249999999993936 0
5682 1.550005733871286 1.527753503126829 0
5683 2.850000000002239 1.700961894331205 0
5684 2.800000000002455 1.787564434709291 0
5685 2.700000000002865 0.9215390309281427 0
5686 2.750000000002683 1.008141571306282 0
5687 2.650000000003082 1.008141571306323 0
5688 8.710263343020745 9.254914047674834 0
5689 8.610006238911811 9.202436038106637 0
5690 8.699742895891065 9.147521990430588 0
5691 0.5193597200910134 2.601758359486023 0
5692 0.9500416368469953 0.6617073707522954 0
5693 1.050048568039633 0.66170336902669 0
5694 1.000007192649574 0.7483297974974049 0
5695 3.000000000001423 1.787564434709225 0
5696 3.050000000001032 1.874166975087247 0
5697 8.702686015217848 7.652388252416025 0
5698 8.616083474839275 7.602388252415938 0
5699 8.713397459621428 7.549999999996266 0
5700 3.151194946461743 0.6605637892517446 0
5701 8.049999999997679 0.08660254037853495 0
5702 8.001993116428659 0.1711368289399169 0
5703 8.627322581035996 8.598994994934003 0
5704 8.544802947036438 8.651238117444125 0
5705 8.544275285243325 8.552243122507821 0
5706 6.666025403790611 4.200000000001645 0
5707 6.579422863412251 4.250000000001629 0
5708 6.579422863412063 4.150000000001892 0
5709 7.149999999997094 8.991858428741804 0
5710 7.099999999997177 9.078460969093989 0
5711 7.049999999997286 8.991858428740333 0
5712 7.353660921654082 0.4045160673038681 0
5713 7.438941293364665 0.4478716703002942 0
5714 7.357792080679475 0.5981750313464641 0
5715 7.444835207153728 0.5489381488491444 0
5716 6.492820323031592 2.299999999997262 0
5717 6.579422863410441 2.249999999997131 0
5718 7.099038105683483 4.95000000000139 0
5719 7.099038105683526 5.050000000001404 0
5720 7.012435565305051 5.000000000001396 0
5721 3.799268312176785 1.441546698782329 0
5722 6.353733386454694 6.564831830300876 0
5723 6.288920015475296 6.644797954607103 0
5724 6.240987899208125 6.557001517571048 0
5725 5.973205080760097 1.199999999993746 0
5726 5.886602540381524 1.149999999993611 0
5727 5.626794919245823 0.9999999999932776 0
5728 5.540192378867238 1.049999999993289 0
5729 5.540192378867285 0.9499999999931412 0
5730 1.099999879566331 7.346408911302892 0
5731 1.049893846392707 7.259736666130312 0
5732 3.403378005405226 0.4097630651612804 0
5733 3.353377838512713 0.3181198198308265 0
5734 3.45000016689553 0.3203619532257795 0
5735 6.752627944168005 1.54999999999488 0
5736 6.752627944168042 1.449999999994622 0
5737 8.051666049846631 3.799999999999159 0
5738 0.9500000000010337 8.645448267232563 0
5739 0.9003018300796717 8.731876545927072 0
5740 0.8503018300796885 8.645274005535743 0
5741 8.138268590224907 1.649999999994954 0
5742 3.549988737789265 1.874172421463387 0
5743 3.499994814033568 1.960772008178399 0
5744 5.453589838488753 0.8999999999930453 0
5745 5.366987298110256 0.8499999999929717 0
5746 1.100000000001136 8.385640646127214 0
5747 1.050006546654934 8.2990343259887 0
5748 1.150006546654943 8.299034326035844 0
5749 7.149999999996981 9.338268590214632 0
5750 7.09999999999707 9.424871130592379 0
5751 7.099038105682656 3.15000000000009 0
5752 1.400000000003307 3.709103465623371 0
5753 1.450129770842506 3.795793994464167 0
5754 1.350129770842752 3.795793994464139 0
5755 7.878460969089366 2.899999999999555 0
5756 2.900000000002047 1.614359353953122 0
5757 2.950000000001831 1.700961894331221 0
5758 5.449023534663459 9.337704827981725 0
5759 5.497468094793757 9.421324087343756 0
5760 0.9500000000009612 8.818653347982382 0
5761 0.850301830079616 8.81847908628556 0
5762 8.713925121414555 8.648994994934091 0
5763 3.749850675579525 1.181671756634357 0
5764 1.150001497028668 1.008140707000146 0
5765 1.250000528472302 1.008141266196617 0
5766 1.200001467571744 1.094743264385297 0
5767 2.200000000001652 4.055513627136714 0
5768 2.250000000001521 4.142116167515011 0
5769 2.15000000000167 4.14211616751499 0
5770 2.250126287418211 9.743005509658566 0
5771 2.303021523906446 9.656001106670216 0
5772 1.900109464965053 9.664479773765752 0
5773 1.85018988820012 9.581103062537316 0
5774 1.950111698943317 9.581890745768296 0
5775 0.08436963044149844 0.3538675134594925 0
5776 0.08623038872227057 0.4506445855765735 0
5777 0.6087546289828625 2.059821015817937 0
5778 6.839230484547707 4.300000000001258 0
5779 6.925833024926174 4.250000000001258 0
5780 2.700000000002823 1.960769515465359 0
5781 2.75000000000241 2.047372055843346 0
5782 5.455579406310415 0.08770794689084052 0
5783 7.249999999997019 8.472243191114011 0
5784 7.149999999997165 8.472243191049568 0
5785 6.492820323033865 4.300000000001635 0
5786 6.406217782655504 4.350000000001657 0
5787 6.406217782655342 4.250000000001897 0
5788 4.933974596217793 0.7999999999929075 0
5789 4.854263065523446 0.8516174273525198 0
5790 4.201685243157988 1.786989388851553 0
5791 5.800000000002951 1.099999999993506 0
5792 5.713397459624383 1.049999999993384 0
5793 2.450000000000353 8.472243186644576 0
5794 2.500000000000481 8.385640650044781 0
5795 3.91403481589365 4.599983673772471 0
5796 3.828910351255104 4.649987286274897 0
5797 2.250000000001136 7.086602887150086 0
5798 2.349994135361881 7.086142026021949 0
5799 6.492820323031911 1.499999999994671 0
5800 6.92583302492613 4.15000000000122 0
5801 7.012435565304643 4.200000000001175 0
5802 2.650000000007032 9.91339745962134 0
5803 6.949999999997485 8.991858428714005 0
5804 6.89999999999759 9.078460969087871 0
5805 6.849999999997705 8.99185842870936 0
5806 7.452954322949558 9.913640324029116 0
5807 7.552954322949345 9.913640324029116 0
5808 6.925833024925417 1.349999999994423 0
5809 5.973205080760259 0.9999999999933348 0
5810 6.839230484547479 4.100000000001488 0
5811 6.752627944169042 4.150000000001606 0
5812 6.752627944168861 4.050000000001791 0
5813 1.350000170516461 7.433012603443592 0
5814 1.249999540584082 7.433011647392794 0
5815 8.712281746311453 6.052895236484741 0
5816 8.628183805297017 6.003020845453903 0
5817 8.715902058985563 5.950125608963084 0
5818 4.249445107760915 7.607434086134356 0
5819 4.298611734778319 7.692956082977238 0
5820 2.498214021041882 4.922186563573291 0
5821 2.450000000000854 4.834936490541235 0
5822 2.548214021041794 4.835584023195032 0
5823 3.550001252484135 0.662030002311684 0
5824 3.450000668621747 0.661867032947413 0
5825 3.500001001358496 0.5753913696151871 0
5826 7.09903810568334 4.650000000001307 0
5827 7.099038105683293 4.550000000001302 0
5828 4.25025990512166 2.047407031457769 0
5829 4.200043317521788 2.13398042548695 0
5830 3.650002759235786 0.6622465562244262 0
5831 3.600002426499036 0.748722219556652 0
5832 7.053377775901421 9.509523511142721 0
5833 7.007169157018808 9.606150288440157 0
5834 6.953791381114691 9.521497907889568 0
5835 8.631791874161745 4.999999999992417 0
5836 8.545189333783181 5.049999999992488 0
5837 8.540192378864294 4.949999999992342 0
5838 6.752627944169229 4.250000000001343 0
5839 4.793600788867335 6.950000000000064 0
5840 7.099038105682771 3.750000000000875 0
5841 7.099038105682949 3.850000000000954 0
5842 2.450562962644537 0.2544856395786496 0
5843 2.35337777589841 0.2578574613068881 0
5844 1.90000000000204 4.22871870789316 0
5845 1.950000000001933 4.315321248271458 0
5846 1.850000000002099 4.315321248271412 0
5847 2.150093827108465 8.991804257621324 0
5848 2.250015637851383 8.991849400305076 0
5849 1.650000000002711 3.622500925245201 0
5850 1.700000000002588 3.535898384866987 0
5851 1.750000000002429 3.622500925245217 0
5852 6.319615242277141 4.400000000001671 0
5853 6.233012701897744 4.350000000002037 0
5854 6.492820323031463 2.899999999999836 0
5855 1.550000000002231 5.874166975084943 0
5856 1.600000000002161 5.787564434704379 0
5857 1.650000000002101 5.874166975084635 0
5858 8.713397459621442 8.549999999997787 0
5859 7.656204903092093 0.08363004352110551 0
5860 5.541067232524266 1.649952189922418 0
5861 0.6878144533095311 2.299542491499267 0
5862 6.549999999998263 8.125833654475047 0
5863 6.499999999998339 8.03923148827416 0
5864 3.549965952766902 1.527774408077485 0
5865 0.1706941565925053 4.598364030477379 0
5866 0.2655075828129947 4.544921362688607 0
5867 0.2671803376634656 4.64328539316598 0
5868 2.397460525437534 5.789030601025424 0
5869 2.348341343371624 5.70135272900953 0
5870 2.445801868808148 5.702818895332246 0
5871 4.849999999999108 8.991858428701999 0
5872 4.949971496813031 8.991841972396957 0
5873 3.750004755656992 0.6630078185004639 0
5874 3.700003581642091 0.5763156012554959 0
5875 4.535299164513135 4.999231351917907 0
5876 4.621441816199872 5.04926379527178 0
5877 6.666025403789283 1.599999999995018 0
5878 6.752627944167958 1.649999999995172 0
5879 6.233012701896124 1.149999999993703 0
5880 7.849999999996228 9.165063509463954 0
5881 7.799999999996245 9.251666049838327 0
5882 7.749999999996305 9.165063509463756 0
5883 6.44999999999844 7.779435760853477 0
5884 6.399999999998556 7.866035288415938 0
5885 0.950000586433966 0.8349361519756463 0
5886 0.4330022045844411 2.449999999999777 0
5887 1.704144030627563 9.671619797554571 0
5888 0.08436963044149844 0.2538675134594928 0
5889 6.750040470178218 8.645424907744822 0
5890 6.850020941111351 8.645436180175436 0
5891 7.012435565303467 3.2000000000002 0
5892 6.352095873074728 6.912187421331152 0
5893 6.23869597898085 6.908020947094329 0
5894 7.189940204477466 6.300196826572645 0
5895 7.098060915297223 6.353232235313273 0
5896 7.09376135688221 6.253035408742178 0
5897 5.713420582872065 1.749999999996594 0
5898 0.08452994616251039 1.949999999999991 0
5899 0.08625710800910458 2.049999999999991 0
5900 3.400000571311055 0.7484424117659543 0
5901 4.794082031799418 5.849817161010769 0
5902 4.79417307045375 5.749761653813052 0
5903 4.880480879124257 5.799944492804608 0
5904 2.749999999992955 0.0866025403781903 0
5905 2.8501256089618 0.08409794101455911 0
5906 2.800125608961946 0.1707004813927494 0
5907 5.848943530361424 0.08693483279520106 0
5908 0.08398587265199499 1.145467798551178 0
5909 0.1836879053532811 1.191716901336072 0
5910 0.09970203270128605 1.246249102784893 0
5911 1.650000000002212 5.181346652054398 0
5912 1.700000000002111 5.267949192432764 0
5913 4.856722178498259 0.4394441737138585 0
5914 7.185640646061914 4.900000000001369 0
5915 7.099038105683439 4.850000000001361 0
5916 1.600000000002406 4.748333950162756 0
5917 1.550000000002509 4.661731409784437 0
5918 1.650000000002354 4.661731409784469 0
5919 0.08956387776161256 1.553261839030764 0
5920 0.08660254037843587 1.649999999999985 0
5921 7.649999999996384 9.165063509463327 0
5922 1.200001579751336 7.519614330199841 0
5923 1.150000848925627 7.433010892021447 0
5924 7.349999999996827 8.818653348171157 0
5925 3.350000000008824 9.913397459621351 0
5926 3.40000000000897 9.826794919242719 0
5927 1.050001673769552 1.008140604958555 0
5928 6.319615242277368 4.600000000001316 0
5929 6.233012701897688 4.650000000001644 0
5930 7.012435565304012 2.799999999998949 0
5931 6.233012701897211 4.250000000002307 0
5932 7.791858428711673 6.250000000001319 0
5933 7.705255888333177 6.200000000001343 0
5934 7.791858428711638 6.150000000001286 0
5935 3.349992985775104 7.779438701324011 0
5936 6.059807621137083 2.950000000000341 0
5937 0.07521074357052936 3.468045832263848 0
5938 0.09867932019858441 3.361875574191138 0
5939 4.967051026003485 4.849961869995138 0
5940 1.63773278528965 3.449739795007882 0
5941 1.737732785289368 3.449739795007899 0
5942 6.752627944167934 1.749999999995434 0
5943 6.703377775902334 9.076510809254 0
5944 6.751905069359458 9.163963617150621 0
5945 6.65528284526398 9.162013457321393 0
5946 7.01243556530452 4.000000000001077 0
5947 6.925833024925948 4.050000000001405 0
5948 3.85001179974673 0.6635458797009604 0
5949 3.800010977340426 0.7494768346698907 0
5950 0.08647458164028118 2.749778368964142 0
5951 0.1720317434027274 2.799349323246999 0
5952 0.08555716176244617 2.849570954282855 0
5953 6.553940738553415 8.989583242235934 0
5954 6.503377775902845 9.07651080925174 0
5955 6.319615242277567 5.000000000000972 0
5956 6.23301270189784 5.050000000001273 0
5957 1.15052661823769 2.740496422044941 0
5958 1.200614387942525 2.826679287880521 0
5959 2.950000000007819 9.913397459621336 0
5960 7.878460943141787 1.699999955051973 0
5961 7.965063483520208 1.649999955052021 0
5962 6.749999999997939 8.991858428704223 0
5963 6.653377775902461 8.989908268874995 0
5964 7.445448267197156 1.249999999994227 0
5965 7.965570584130139 0.751199481455215 0
5966 3.450000375642075 0.4936167994035748 0
5967 1.650000000002168 5.354551732811127 0
5968 6.402900635092777 6.478710076570688 0
5969 6.450832751359948 6.566506513606743 0
5970 7.099038105682723 1.249999999994237 0
5971 1.550000000002349 5.181346652054398 0
5972 1.600000000002305 5.094744111676045 0
5973 5.353159404458909 9.509397434402587 0
5974 5.449823243252615 9.511371620472147 0
5975 5.403336161207078 9.596102025276476 0
5976 7.185640646062002 5.100000000001416 0
5977 7.149999999997056 9.165063509466048 0
5978 0.7101605758765124 8.726045889908235 0
5979 0.6631855978681694 8.637578877695233 0
5980 0.7536286821499836 8.64323527201725 0
5981 0.7500000000022918 9.913397459621477 0
5982 8.71339745962181 1.44999999999843 0
5983 8.626794919243512 1.399999999998498 0
5984 1.050000000001124 8.472243186510166 0
5985 1.150000000001133 8.472243186557309 0
5986 7.800562962647205 9.593850865056634 0
5987 7.847252206106961 9.672242224926272 0
5988 7.753444795264533 9.672567251563935 0
5989 4.533969112017876 6.80000000000034 0
5990 4.620572335793872 6.750000000000455 0
5991 1.25000717699729 1.181342508425147 0
5992 1.350003710279154 1.181344509935887 0
5993 4.707397759767109 5.499874813740558 0
5994 4.793818564484731 5.449979135626132 0
5995 4.621345828578562 3.849924822007912 0
5996 4.707526120163108 3.899914131603822 0
5997 4.621263350286191 3.949977422424594 0
5998 3.950421504796418 0.8362689541664157 0
5999 3.850113757399661 0.8361123799475789 0
6000 6.352900635092805 6.392107535368154 0
6001 6.257124100050724 6.391471023890483 0
6002 6.304223464956006 6.306543165993817 0
6003 6.649999999997965 7.086602856856736 0
6004 6.54999999999813 7.086602888952897 0
6005 7.151453120619058 0.07197630037125476 0
6006 7.051453120618783 0.07197630037125476 0
6007 8.311473603042412 0.9499998823185568 0
6008 8.398076211360648 0.9999999999939104 0
6009 8.713397459621429 4.949999999992337 0
6010 8.718394414540317 5.049999999992482 0
6011 0.2538675134604412 9.915630369558357 0
6012 7.445448267196983 3.950000000000848 0
6013 7.445448267196952 3.850000000000715 0
6014 3.988953242627171 3.744649120973858 0
6015 3.990181112970856 3.842179484498152 0
6016 2.950000000000196 7.433826969852825 0
6017 3.050000000000052 7.433917007622659 0
6018 3.000000000000139 7.519845209337779 0
6019 7.153377775901186 9.509523511142969 0
6020 5.545167322692513 9.1622733630241 0
6021 5.653079261288998 9.154329839450282 0
6022 0.850249036692086 0.6615876283958031 0
6023 0.9002904120821448 0.5749611999250883 0
6024 3.828647928903202 4.749994251054884 0
6025 7.24999999999693 8.991858428725827 0
6026 4.649999999998812 9.338268590214801 0
6027 5.890101481887156 6.559489867232394 0
6028 5.890701058358317 6.656596212063667 0
6029 1.453377775908163 9.915347619448838 0
6030 1.406755551811949 9.819355143252359 0
6031 6.752627944169428 4.550000000001272 0
6032 6.75262794416935 4.450000000001243 0
6033 5.020577136596273 0.7499999999929048 0
6034 0.8017187980713788 1.798714140095848 0
6035 0.8542550056724116 1.700760272534713 0
6036 2.000000000001944 4.055513627136649 0
6037 2.050000000001837 4.142116167514948 0
6038 1.950000000001981 4.142116167514906 0
6039 4.249999999998735 8.645448267419036 0
6040 4.349999999998602 8.645448267330003 0
6041 2.649999999993248 0.0866025403781903 0
6042 2.600562962644108 0.1678830992005189 0
6043 2.150000000001273 7.086602856856953 0
6044 2.200000000001204 7.173205637881578 0
6045 1.150526618237772 2.913701502801441 0
6046 1.250087769713927 2.912977785082756 0
6047 7.521055114904929 6.711492521481604 0
6048 7.441664566564306 6.643826136570261 0
6049 3.913780886939012 4.797525775375885 0
6050 3.830175669338025 4.847527286415874 0
6051 8.707358528066576 0.6435627088290462 0
6052 6.579422863412413 4.350000000001389 0
6053 2.400000000000159 8.558845726992509 0
6054 2.35000000000033 8.472243186461798 0
6055 4.535599873650776 5.198960818506617 0
6056 4.621439908410966 5.149252013269609 0
6057 4.621883420643616 5.249361252276366 0
6058 7.791858402763325 1.649999955051935 0
6059 0.0953529161651419 5.341962572751184 0
6060 0.1815639376466553 5.392688227743786 0
6061 0.08621102148151338 5.450725654992602 0
6062 2.150000000001496 4.661731409784631 0
6063 2.050000000001676 4.661731409784597 0
6064 2.100000000001604 4.575128869406335 0
6065 6.300131690979114 8.731974775742984 0
6066 6.250138001624508 8.813576717750589 0
6067 3.950016734185178 0.6675753921569124 0
6068 3.900010512501744 0.5811063759874856 0
6069 1.05000701028029 1.181342604679148 0
6070 1.150008145553655 1.181341949228676 0
6071 4.050054064286046 0.6667742469040081 0
6072 4.000055351531032 0.749213750617483 0
6073 4.449999999998834 8.645448267250236 0
6074 4.499999999999408 8.732050807615126 0
6075 2.100000000001535 4.921539030919466 0
6076 2.149988312964549 5.008134823783909 0
6077 2.049988312964737 5.008134823783899 0
6078 8.713397459621426 5.649999999993388 0
6079 8.626794919242851 5.599999999993305 0
6080 8.713397459621426 5.549999999993229 0
6081 1.94710476350764 0.08771825369288246 0
6082 2.052412697070099 0.09394939981239862 0
6083 1.999517460582415 0.1816676535052811 0
6084 7.849999999996163 9.338268590215758 0
6085 6.000000000006828 9.826794919243879 0
6086 4.549999999999532 8.818653347963048 0
6087 4.59999999999921 8.90525588833381 0
6088 7.884192581759359 7.504534103546572 0
6089 7.794638447464887 7.562214400483616 0
6090 7.788784400406557 7.456093795144539 0
6091 0.7496083865845806 9.569336964618609 0
6092 0.9500000000030067 5.354551732810839 0
6093 1.050000000002923 5.354551732810937 0
6094 1.000000000002894 5.441154273189247 0
6095 7.185640646061294 3.700000000000779 0
6096 5.450397162050592 9.674785406652916 0
6097 5.353733323256886 9.672811220583355 0
6098 2.500000000000165 8.732050808663233 0
6099 2.450000000000155 8.645448267568858 0
6100 6.499999999998156 7.000000063880258 0
6101 6.449999999998276 7.086602846707838 0
6102 3.399726723168366 7.177944860711152 0
6103 3.449710190679478 7.264555142471673 0
6104 0.08660254037844073 0.749999999999972 0
6105 0.1732050807569381 0.7999999999999179 0
6106 5.193782217353222 0.8499999999929633 0
6107 4.449999999998886 8.47224318647633 0
6108 4.499999999998577 8.38564064607692 0
6109 4.621307567523012 5.449809124035867 0
6110 4.621525650315751 5.549683937773111 0
6111 4.79379110961704 4.749994679538403 0
6112 4.880447003581151 4.799962756739455 0
6113 3.988487514030815 4.744644726286672 0
6114 3.990015254465639 4.842177761647662 0
6115 5.973295892065228 2.199999999997147 0
6116 4.451264512014509 1.878359294288513 0
6117 1.833542729677139 3.444117696283112 0
6118 7.618653347954727 6.250000000001397 0
6119 7.618653347954693 6.150000000001365 0
6120 7.012920212454949 5.799094957657602 0
6121 6.926629362322563 5.848544159505456 0
6122 6.35013335612066 8.645371273994929 0
6123 6.25004611718126 8.645421641419977 0
6124 4.773898325716813 0.9029385875172514 0
6125 2.447099364906108 6.392107534897969 0
6126 2.496110177633678 6.306208739312429 0
6127 2.543209542539007 6.391136597238031 0
6128 2.514418002060304 4.579799375183535 0
6129 2.564418002060175 4.666401915561808 0
6130 2.450000000000895 4.661731409784702 0
6131 1.500000000002746 4.228718707892969 0
6132 1.450000000002882 4.142116167514673 0
6133 1.55000000000268 4.142116167514709 0
6134 6.200026597845018 8.558830906166467 0
6135 5.700032083137806 8.732069348506407 0
6136 5.746639594774392 8.816713226832665 0
6137 5.646647630935401 8.816717870653882 0
6138 6.852895236491688 9.912281746308388 0
6139 6.952895236491395 9.912281746308388 0
6140 7.185640646061461 0.8999999999935319 0
6141 7.272143885270511 0.8498280053224776 0
6142 4.74999999999896 8.991858428704681 0
6143 4.399999999998897 8.558845726937063 0
6144 6.749999999997893 7.433014496083949 0
6145 6.84999999999774 7.433013142391964 0
6146 6.799999999997825 7.519617207522721 0
6147 2.000000000001747 4.748333950162866 0
6148 1.950000000001855 4.66173140978457 0
6149 6.150562962656914 9.740517405503724 0
6150 6.250093827114286 9.740896603247959 0
6151 2.250000000001234 5.008141571297788 0
6152 6.200115775604424 8.900192090327657 0
6153 7.012435565304951 4.800000000001357 0
6154 6.925833024926531 4.850000000001422 0
6155 2.350000000001065 4.834936490541219 0
6156 2.400000000000977 4.748333950162959 0
6157 6.666025403789197 2.199999999996987 0
6158 4.049999999999123 9.165063509464524 0
6159 4.09999999999903 9.078460969105146 0
6160 4.149999999999042 9.165063509479427 0
6161 3.849999999999316 9.33826859021768 0
6162 3.899999999999336 9.424871130594102 0
6163 0.08451070087101721 4.550000000000002 0
6164 0.08618345572148807 4.648364030477376 0
6165 1.250000000008839 2.56698729811243 0
6166 1.35000000000864 2.566987298112181 0
6167 7.618653347954144 1.749999999994879 0
6168 7.618653347954147 1.84999999999492 0
6169 6.549999999998228 7.952630728576777 0
6170 6.449999999998443 7.952630688936978 0
6171 4.793784758722118 5.950000000002182 0
6172 4.70747695005161 5.899817161010626 0
6173 0.08929671986942664 6.755488676925722 0
6174 0.1653334450342489 6.808479470133714 0
6175 0.07603672516482225 6.852990793207989 0
6176 6.666025403789201 1.999999999996279 0
6177 6.752627944167937 1.949999999996087 0
6178 4.649999999999141 8.991858428705752 0
6179 4.699999999998465 9.078460969081831 0
6180 6.752627944167919 1.849999999995748 0
6181 6.839230484546651 1.899999999995897 0
6182 7.182722856752629 0.6949462406643032 0
6183 7.268839098913109 0.6441039474427568 0
6184 7.271756888221978 0.749157706771768 0
6185 3.549963926844256 7.606242202286139 0
6186 6.666025403790997 4.600000000001213 0
6187 4.046356022233412 1.529718176713689 0
6188 3.995974280323891 1.443371644768293 0
6189 3.599853012457309 1.44123168010279 0
6190 6.549999999998056 6.913397524528492 0
6191 6.449999999998202 6.913397482283433 0
6192 7.149999999997175 8.299038127484103 0
6193 7.099999999997262 8.385640668688715 0
6194 7.099038105682986 3.950000000001017 0
6195 7.099038105683064 4.050000000001075 0
6196 8.051666049847121 4.399999999999229 0
6197 8.13826859022568 4.449999999999193 0
6198 7.35884572681841 3.200000000000041 0
6199 7.185640646061742 4.50000000000124 0
6200 1.500000000002489 4.921539030919368 0
6201 1.450000000002594 4.834936490541033 0
6202 1.550000000002456 4.834936490541058 0
6203 1.100000000002896 5.267949192432566 0
6204 1.150000000002783 5.354551732810974 0
6205 3.049999999999962 7.08660254037826 0
6206 4.149999999998863 8.645448267809913 0
6207 4.199999999998793 8.558845727407707 0
6208 4.586715675613588 1.382494735335347 0
6209 8.540192378864329 4.549999999991686 0
6210 1.150081525697634 1.527709744695735 0
6211 0.08929671986942664 6.655488676925723 0
6212 0.0930305123095492 6.560476509846855 0
6213 6.57942286341067 1.449999999994568 0
6214 6.57942001938334 1.349995184001303 0
6215 6.666022559762 1.399995184001461 0
6216 7.101017428080982 6.146178059903088 0
6217 7.009138138900738 6.199213468643716 0
6218 1.650000000002301 4.83493649054109 0
6219 4.249999999998738 8.472243186945043 0
6220 5.28038475773152 1.199999999993151 0
6221 6.49274643746144 0.8998822529884307 0
6222 6.406153294356319 0.8498974809711212 0
6223 1.400000000001195 8.55884572845595 0
6224 1.450000000001213 8.472243188935924 0
6225 7.532050807576336 6.500000000001502 0
6226 7.44584376366142 6.549003827191501 0
6227 2.600000000006895 9.831791874160842 0
6228 0.08660254037842981 2.349999999999977 0
6229 8.399389180174381 0.510240771816486 0
6230 8.349805309094746 0.6007458618236086 0
6231 2.449993157921887 7.086957454725116 0
6232 2.399999022561073 7.174021096877879 0
6233 2.349999837094353 7.259950570423064 0
6234 4.14864647369089 1.701387206873137 0
6235 4.050052290608725 1.70095562685969 0
6236 4.09814300764731 1.614932704809914 0
6237 6.649999999998037 8.125833672138379 0
6238 1.950000000001558 6.913397524620786 0
6239 2.049986571135226 6.9133897811007 0
6240 1.75000000000199 5.52775681356783 0
6241 1.850000000001848 5.527756813567816 0
6242 1.400000000008413 2.480384757733912 0
6243 1.450000000008384 2.566987298111911 0
6244 5.80006276540991 8.558882000379199 0
6245 5.750222708349861 8.472371922495764 0
6246 5.850181311196223 8.47234799810526 0
6247 2.050000000001415 7.086602858756022 0
6248 2.100000000001347 7.000000108024529 0
6249 3.24999999999994 8.125834450684019 0
6250 3.349999999999814 8.125833548200522 0
6251 6.406217782655664 4.450000000001409 0
6252 0.6517063381128427 7.951642789393154 0
6253 0.5517129518264574 7.951638970963694 0
6254 0.6005621656582115 7.865700837289268 0
6255 2.447460525437426 5.875633141403704 0
6256 2.560848670668459 5.882663321993887 0
6257 1.950000000001689 5.527756813567793 0
6258 2.00000000000162 5.441154273189509 0
6259 2.050000000001515 5.527756813567827 0
6260 6.233012701898065 4.750000000001458 0
6261 2.150000000001339 5.52775681356784 0
6262 2.100000000001408 5.614359353946123 0
6263 1.900000000001743 5.614359353946135 0
6264 4.794028764736588 3.549790720613947 0
6265 4.880447326403509 3.599906631920947 0
6266 4.794119865438152 3.649791250765839 0
6267 2.350000000000883 6.220577136594088 0
6268 2.450000000000691 6.220577136594116 0
6269 7.624471315608956 0.5438389569215751 0
6270 6.319615242277741 5.400000000000658 0
6271 6.232877739191671 5.349712011809046 0
6272 7.185640646061827 4.700000000001311 0
6273 7.099038105683383 4.750000000001336 0
6274 1.00000000000353 4.401923788649369 0
6275 1.049979324911418 4.488535924371293 0
6276 0.9499793249115585 4.488535924371276 0
6277 3.050000000000131 7.779445349578891 0
6278 3.100000000000033 7.692842019026557 0
6279 3.149999999999982 7.779431148970071 0
6280 5.299750311811577 9.424726973137973 0
6281 5.25326322976604 9.509457377942304 0
6282 0.9500073083662757 1.181342432579247 0
6283 1.000002734214094 1.094742533088926 0
6284 6.35292862443651 6.738501544182018 0
6285 6.24018313718994 6.73067123145219 0
6286 1.700000000002288 4.575128869406192 0
6287 1.750000000002185 4.661731409784511 0
6288 2.54821402104176 5.00878910395156 0
6289 2.599018869412579 5.096170227058748 0
6290 3.150000000000032 7.952633622142188 0
6291 3.199999999999941 7.866031560308066 0
6292 6.799999999997834 8.905255888330355 0
6293 1.500129770842342 3.882396534842432 0
6294 2.199579266673862 5.44091136268965 0
6295 2.249579266673755 5.527513903067946 0
6296 4.880367038526698 6.600000000000808 0
6297 4.966966710405893 6.550000000000981 0
6298 4.79378556361464 6.550000000000888 0
6299 4.79376176323138 6.650000000000679 0
6300 6.579422863410438 2.149999999996763 0
6301 6.579422863410411 2.049999999996423 0
6302 1.150129770842833 4.142204155977069 0
6303 1.200302798628645 4.055718933548858 0
6304 1.250173027789122 4.142233485464637 0
6305 2.450000000000947 4.488526329028179 0
6306 2.564418002060226 4.493196834805286 0
6307 6.447012845937404 0.101102253457273 0
6308 2.050000000001646 4.834936490541175 0
6309 2.150000000001458 4.834936490541184 0
6310 3.200000000000243 8.905255889519491 0
6311 3.150000000000222 8.818653356258521 0
6312 3.250000000000178 8.818653355462985 0
6313 1.600000000002618 4.05551362713646 0
6314 1.550000000002774 3.968911086758171 0
6315 1.650000000002576 3.968911086758218 0
6316 2.85000000000229 1.008141571306252 0
6317 2.800000000002508 1.094744111684432 0
6318 6.31961524227748 4.80000000000113 0
6319 2.350000000000901 5.874166975080988 0
6320 5.650296292358737 8.47241442398693 0
6321 5.70041483814505 8.38588042171299 0
6322 2.347920610044258 5.527904737753054 0
6323 2.298341343371735 5.614750188631244 0
6324 7.185640646062097 5.300000000001435 0
6325 7.099038105683627 5.350000000001397 0
6326 2.150000000001272 7.259809330327044 0
6327 2.250000000001135 7.259809360620177 0
6328 2.250000000001267 4.834936490541209 0
6329 2.300000000001144 4.921539030919485 0
6330 0.08993950482009336 6.042809840921898 0
6331 0.08682549238563878 5.947620872251107 0
6332 2.75000000000262 1.874166975087323 0
6333 4.967006564681936 4.749988472327892 0
6334 6.319615242277653 5.200000000000815 0
6335 6.233012701898261 5.250000000001026 0
6336 6.233012701898216 5.150000000001104 0
6337 6.900019185324592 8.732039731970566 0
6338 6.95000175578418 8.645447256114224 0
6339 1.500000000002629 4.575128869406111 0
6340 1.450000000002743 4.488526329027797 0
6341 1.550000000002571 4.488526329027837 0
6342 8.713397459621431 4.749999999992031 0
6343 6.250029477831577 8.472226170392794 0
6344 6.349999999998667 7.952636048113321 0
6345 7.185640646062335 5.90000000000153 0
6346 7.099522752833426 5.849094957657709 0
6347 1.650000000002132 5.527756813567987 0
6348 1.700000000002044 5.614359353946315 0
6349 3.09999999999999 7.347278515377469 0
6350 3.149999999999933 7.433296754862423 0
6351 1.050000000003005 9.91839441453968 0
6352 8.45358983848573 4.89999999999228 0
6353 8.540192378864294 4.849999999992209 0
6354 7.445448267197232 2.249999999995278 0
6355 7.445448267197158 2.34999999999587 0
6356 3.150000000000337 8.991858429903541 0
6357 3.250000000000293 8.991858429108007 0
6358 7.185640646062264 5.700000000001488 0
6359 7.09903810568382 5.750000000001411 0
6360 1.550000000007594 0.4935232839554581 0
6361 1.596622224103159 0.4097037292245747 0
6362 1.646622224102954 0.4913093146848078 0
6363 1.850000000002022 4.661731409784537 0
6364 1.900000000001952 4.575128869406267 0
6365 0.701627896393232 8.038290618119881 0
6366 0.7504771102249861 7.952352484445455 0
6367 2.25000000000113 7.433021162853089 0
6368 2.299999837094421 7.34655426286853 0
6369 7.965063509468029 2.149999999994834 0
6370 7.965063509468046 2.249999999994968 0
6371 7.185640646061659 4.300000000001152 0
6372 7.099038105683153 4.250000000001159 0
6373 4.150046340816681 0.6617707373861623 0
6374 4.100007723470827 0.5801323789255918 0
6375 7.878460969090347 4.699999999999542 0
6376 7.791858428711794 4.649999999999546 0
6377 3.849999999999415 9.511473670971972 0
6378 3.949999999999386 9.511473670972347 0
6379 7.185640646062413 6.100000000001546 0
6380 8.702686015217848 7.752388252416178 0
6381 8.713397459621424 7.84999999999672 0
6382 8.616083474839272 7.80238825241624 0
6383 4.349999999998653 8.472243186556099 0
6384 2.200000000001379 4.748333950162918 0
6385 0.8018109804730245 8.904210318269742 0
6386 0.752112810551735 8.817433516214432 0
6387 4.499952015096584 1.962239169658352 0
6388 4.549791951723854 2.048378905727435 0
6389 4.450144068405852 2.048324744880641 0
6390 5.846636729111049 8.82884535514221 0
6391 5.793252276908646 8.913493877289685 0
6392 2.25000000000112 5.700961894324422 0
6393 1.450000107973606 7.433012639552722 0
6394 1.50000005280762 7.346410136610039 0
6395 1.550000091158096 7.433012654846767 0
6396 4.502765612885403 1.443296757309107 0
6397 4.497608052405637 1.335815925553772 0
6398 1.650000000002388 4.488526329027884 0
6399 1.75000000000222 4.488526329027927 0
6400 6.402095873074628 6.825584881979386 0
6401 6.450832751359983 6.7397116051343 0
6402 6.317662887773261 5.593885436053289 0
6403 6.230250571156227 5.642157506901795 0
6404 0.9495657098993419 7.259552576161672 0
6405 0.999458606917759 7.172879628900599 0
6406 1.750000000002263 4.315321248271367 0
6407 1.800000000002156 4.401923788649665 0
6408 2.60000000000068 7.519803085080536 0
6409 2.549999809942989 7.434272395532794 0
6410 5.003020845467198 9.828183805293929 0
6411 4.648365396476228 8.299981844462089 0
6412 1.550000000002966 3.622500925245185 0
6413 4.250278044892061 0.8351724561432499 0
6414 4.150362770629203 0.8352271369573031 0
6415 4.200007955894758 0.7483579245505254 0
6416 3.000000000007964 9.826794919242705 0
6417 4.848170303405778 1.875223350903937 0
6418 4.74879969524102 1.878738420216067 0
6419 4.798760709300862 1.792158388380764 0
6420 1.750000000001859 6.566987300588994 0
6421 1.850000000001721 6.566987300619171 0
6422 8.712281746311037 7.347104763507582 0
6423 8.713397459621428 7.449999999996114 0
6424 8.625679205932464 7.397104763507647 0
6425 1.850000000001989 4.834936490541133 0
6426 1.950000000001824 4.834936490541148 0
6427 1.900000000001888 4.92153903091944 0
6428 0.170740967643729 5.600725654992592 0
6429 0.2678554624842158 5.554193962889386 0
6430 0.266174387164918 5.653468307896773 0
6431 0.08431591140347461 3.148977142947947 0
6432 0.08993950482009336 6.142809840921898 0
6433 0.191422048238872 6.193241019687219 0
6434 0.1014825434187787 6.25043117876532 0
6435 1.400667392891759 3.363548971979299 0
6436 1.336032167250627 3.27673213280552 0
6437 1.435364774362105 3.275876464936752 0
6438 8.138268590224918 2.74999999999948 0
6439 0.182995231602059 3.210852717139087 0
6440 0.09867932019858441 3.261875574191138 0
6441 6.150014628283256 7.779478479016403 0
6442 4.050458834897285 0.8354678089135114 0
6443 2.450000000000819 5.008141571297763 0
6444 3.830386555685395 4.947117286439481 0
6445 3.91230413082821 4.994579316634201 0
6446 3.82738205913977 5.046637792336807 0
6447 7.185640646061493 3.900000000000953 0
6448 7.791858428711831 7.150000000001588 0
6449 7.79149112554397 7.245240494619169 0
6450 5.500409659679931 8.385877377906343 0
6451 5.550312487690556 8.472423780315161 0
6452 5.450233725216561 8.472378235017349 0
6453 3.549952872730772 1.354576509142492 0
6454 3.499967647532459 1.267966222975998 0
6455 1.050010103301924 7.779417030260854 0
6456 1.100008664275939 7.692815320704472 0
6457 1.150004806794105 7.779420088201054 0
6458 6.547012845937617 0.101102253457273 0
6459 6.60056296264902 8.904930861686157 0
6460 4.880406086403879 6.400000000001249 0
6461 4.793785213396232 6.450000000001101 0
6462 8.715902058985563 5.850125608962933 0
6463 1.550000000002217 6.047372055855238 0
6464 1.65000000000209 6.047372055885829 0
6465 6.39999999999854 7.519653713846639 0
6466 6.34999999999863 7.433050860427262 0
6467 6.44999999999842 7.433026419220742 0
6468 1.047309522779524 2.911844111872543 0
6469 1.096782904550926 2.998142609074778 0
6470 4.707179938100914 6.500000000000972 0
6471 7.965063509467913 3.349999999999507 0
6472 7.965063509467988 3.449999999999418 0
6473 0.900000000001115 8.385640646067863 0
6474 0.8500000000011267 8.299038105678411 0
6475 0.9500000000011382 8.29903810569062 0
6476 6.406217782652711 2.249999999997118 0
6477 4.449999999998497 8.299038105699804 0
6478 4.549999999998433 8.299038105681358 0
6479 7.618653347954834 6.650000000001512 0
6480 7.6076576552834 6.761492521481591 0
6481 4.707695032844379 5.699691974748507 0
6482 1.750000000002152 4.834936490541107 0
6483 1.800000000002088 4.748333950162815 0
6484 1.000041882348584 7.866001222998237 0
6485 0.9500457398304176 7.779396455501656 0
6486 4.53452357659235 6.200000000001603 0
6487 4.621217657872304 6.150000000001712 0
6488 5.626795561556975 1.599999999995816 0
6489 6.449999999998059 6.393782218674022 0
6490 7.203940738551753 9.590804069964896 0
6491 7.250562962647306 9.679356770170664 0
6492 7.153377775901091 9.682728591899078 0
6493 7.272243186440914 6.250000000001525 0
6494 1.1500031279305 7.606215976736583 0
6495 1.250001819588956 7.60621673210793 0
6496 4.649999999998495 9.165063509459754 0
6497 1.550000000002615 4.315321248271265 0
6498 1.650000000002432 4.315321248271312 0
6499 1.600000000002503 4.401923788649572 0
6500 0.7465373546745954 3.431013542678812 0
6501 0.8491996997436521 3.422500059470019 0
6502 7.002221925617961 0.1513845490535004 0
6503 6.579422863410417 1.949999999996083 0
6504 6.579422863410421 1.849999999995745 0
6505 0.2576514402133069 0.8520614627996266 0
6506 0.3345314971178511 0.8971174715763985 0
6507 2.350000000000132 8.64544826738608 0
6508 3.649963542540398 1.700979616302309 0
6509 3.599968884184561 1.787579391013191 0
6510 6.352001855541801 6.22258369496499 0
6511 6.25622532049972 6.22194718348732 0
6512 1.847104763507976 0.08771825369288246 0
6513 5.650960996999366 8.299593654612821 0
6514 5.75088741299049 8.299551153121655 0
6515 4.598365396476147 8.21337930408497 0
6516 1.149971539348468 6.913374114781307 0
6517 1.199995256559468 6.826791028435463 0
6518 1.249966795906402 6.91337022397505 0
6519 4.880402547317819 6.000000000002079 0
6520 4.96699280440977 5.950000000002339 0
6521 4.967005511257665 6.050000000002093 0
6522 8.307516955945063 3.549999999998643 0
6523 8.395398592031384 3.59999999999846 0
6524 4.549999999998715 8.991858428710962 0
6525 5.193782217353261 0.7499999999928905 0
6526 5.280384757731746 0.7999999999929328 0
6527 2.600000000002717 2.480384757733125 0
6528 2.550000000003065 2.393782217355148 0
6529 2.650000000002436 2.393782217355174 0
6530 1.450000000002535 5.008141571297694 0
6531 1.550000000002396 5.008141571297719 0
6532 2.350000000001106 4.661731409784686 0
6533 1.050008424438319 7.606212918796384 0
6534 1.000000000001086 8.558845726890747 0
6535 0.9500000000010884 8.472243186460652 0
6536 5.650072140931182 8.645489958548662 0
6537 5.750064104770173 8.645485314727447 0
6538 1.55000000000227 5.527756813568002 0
6539 1.600000000002216 5.441154273189518 0
6540 8.05166604984646 1.5999999999951 0
6541 4.880427162718318 5.399975658230121 0
6542 4.967000423462355 5.349992465645335 0
6543 4.967030712739128 5.449975078664164 0
6544 7.878460969090024 5.90000000000109 0
6545 7.791858428711557 5.950000000001192 0
6546 7.791858428711526 5.85000000000114 0
6547 4.149999999998526 7.606217782874508 0
6548 4.199445107760987 7.520831545734382 0
6549 3.550000959504464 0.4937797687678458 0
6550 3.60012600364719 0.4098005621649696 0
6551 3.65012662936361 0.491575132376582 0
6552 1.450000000002817 4.315321248271228 0
6553 4.454278533428329 0.2649024154874055 0
6554 6.899999999997694 7.346410329745625 0
6555 6.949999999997626 7.433013041184397 0
6556 1.700000000002202 4.921539030919408 0
6557 4.051227625596987 1.183224126872751 0
6558 2.549860796431067 5.184231589882174 0
6559 2.499592560114624 5.270931415910604 0
6560 2.449731763684254 5.181443937704462 0
6561 7.272243186440189 4.450000000001186 0
6562 7.27224318644023 4.550000000001228 0
6563 4.620576495938387 6.650000000000653 0
6564 4.707176128174806 6.700000000000561 0
6565 7.791429908349333 7.344447243722122 0
6566 7.701875774054861 7.402127540659166 0
6567 2.150000000001313 5.70096189432441 0
6568 2.200000000001201 5.787564434702697 0
6569 5.547644851541927 9.508028678217645 0
6570 2.350000000001031 5.008141571297797 0
6571 2.400000000000909 5.094744111676066 0
6572 8.223043437867652 0.9031915726322324 0
6573 0.08451070087101721 4.450000000000001 0
6574 0.09453586574662881 4.336139999900286 0
6575 0.179046566617646 4.38613999990029 0
6576 1.450000000002329 6.047372055855376 0
6577 1.500000000002283 5.960769515465337 0
6578 1.050001918733586 7.43301159410994 0
6579 1.550000000002238 5.70096189432558 0
6580 1.650000000002109 5.700961894325271 0
6581 0.9499937704313893 6.393776170465388 0
6582 0.9999927321697286 6.48037770303286 0
6583 4.53397343420921 6.600000000000761 0
6584 4.620577226590145 6.550000000000867 0
6585 8.713397459621426 5.74999999999354 0
6586 8.629299518606988 5.800125608962855 0
6587 8.712281746311037 7.247104763507432 0
6588 1.450000000002364 5.70096189432563 0
6589 1.500000000002312 5.614359353946522 0
6590 1.400000208866937 7.519615121680319 0
6591 0.08659002003848509 2.449979166641577 0
6592 2.250000000001306 4.661731409784656 0
6593 2.300000000001225 4.575128869406399 0
6594 5.250045974572284 8.645474831712567 0
6595 5.349968217979768 8.645429947395556 0
6596 5.299936284145492 8.732014036104346 0
6597 2.250000000001102 5.874166975080976 0
6598 2.300000000000995 5.960769515459257 0
6599 4.793788275207958 5.349996522607302 0
6600 5.886741279876301 1.949999999996778 0
6601 5.886658456601086 1.849999999996658 0
6602 7.272243186440837 6.050000000001516 0
6603 7.272243186440877 6.150000000001519 0
6604 8.715470053837683 8.149999999997181 0
6605 7.355457522649363 6.592829963760236 0
6606 0.9002325566286281 8.039096217908941 0
6607 0.8502380936912263 7.95249048070561 0
6608 0.9500719818144792 7.95258638544237 0
6609 0.9497024723107246 6.913136438534096 0
6610 1.049829236083549 6.913257390587219 0
6611 1.299966005332638 6.999972116102735 0
6612 6.579422863410436 1.74999999999543 0
6613 6.579422863410525 1.649999999995122 0
6614 1.750000000001965 5.874166975084523 0
6615 1.700000000002035 5.960769515465087 0
6616 1.350000438970086 7.606217529208593 0
6617 1.450000376427231 7.606217565317723 0
6618 7.964373647268888 7.447984277981114 0
6619 7.970227694327217 7.554104883320191 0
6620 7.268758049210127 0.5439635652389994 0
6621 4.049999999998985 8.645448267953096 0
6622 4.099999999998927 8.732050807964425 0
6623 3.849999999999141 8.125833043952589 0
6624 3.899999999999046 8.039230500661899 0
6625 1.950000000002039 3.968911086758327 0
6626 2.050000000001895 3.96891108675837 0
6627 4.349999999998776 8.991858428749579 0
6628 4.299999999998862 9.078460969108132 0
6629 4.249999999998863 8.991858428761498 0
6630 1.300000000002766 4.92153903091932 0
6631 1.250000000002891 4.834936490540967 0
6632 1.350000000002753 4.83493649054099 0
6633 4.707725363192713 5.099664229041529 0
6634 0.8532612964739792 8.989975518316477 0
6635 0.7550722769460981 8.98892994824535 0
6636 7.878460969090634 5.099999999999817 0
6637 7.791858428712165 5.149999999999914 0
6638 7.791858428712115 5.049999999999872 0
6639 7.049999999997331 8.4722432060695 0
6640 7.000001755784087 8.558844716374722 0
6641 8.713397459621426 5.349999999992934 0
6642 8.713397459621426 5.449999999993079 0
6643 8.626794919242851 5.399999999993002 0
6644 3.913227792209549 5.396943077345334 0
6645 3.987922477784811 5.344059558486925 0
6646 3.989842831072169 5.44198599873933 0
6647 4.53573942197754 5.399344152790897 0
6648 4.621611531428899 5.349535028758345 0
6649 4.70727116627908 6.100000000001825 0
6650 4.793797465570012 6.050000000001935 0
6651 2.350000000000875 6.393782217350629 0
6652 2.397099364906204 6.478710075276231 0
6653 4.944627868035578 2.05047365767504 0
6654 4.848443204986367 2.048270871859536 0
6655 4.894393952395149 1.964006168554744 0
6656 4.535508576661113 5.999588393922717 0
6657 4.621562085067889 5.94958839392283 0
6658 4.621126168567535 6.050000000001925 0
6659 0.08776063393943097 3.846878282094375 0
6660 0.08776063393943097 3.946878282094374 0
6661 2.200000000001203 7.519623916927801 0
6662 2.150000000001276 7.433015807140354 0
6663 6.849999999997654 9.165063509459216 0
6664 8.713640324030695 6.752954322944193 0
6665 8.713640324030695 6.652954322944041 0
6666 4.533974328942454 6.400000000001184 0
6667 4.620576876371738 6.450000000001079 0
6668 5.226794919243694 6.400000000001585 0
6669 5.140192378865443 6.450000000001396 0
6670 6.23301418505349 1.549999999994878 0
6671 6.14641164467487 1.499999999994704 0
6672 7.618653347953788 2.649999999998375 0
6673 8.713397459621426 5.249999999992782 0
6674 8.631791874161742 5.19999999999271 0
6675 8.718394414540317 5.149999999992634 0
6676 0.8500000000037025 4.488526329027692 0
6677 0.8999793249115901 4.575138464749616 0
6678 1.650000076714202 7.606217743642043 0
6679 0.09533464750652769 4.856040719270177 0
6680 0.08618345572148807 4.748364030477376 0
6681 0.1815181032280158 4.804404749747554 0
6682 7.272243186440267 4.650000000001265 0
6683 7.272243186440312 4.750000000001293 0
6684 2.446615925723671 6.565033501912389 0
6685 2.559946915539045 6.556260875729887 0
6686 2.512364111451279 6.644258984818704 0
6687 4.621859358145189 5.849405554931417 0
6688 2.150000000001733 3.968911086758374 0
6689 2.250000000001584 3.968911086758396 0
6690 3.749836140870579 1.701040193518767 0
6691 7.799999999996346 8.905255888352716 0
6692 7.849999999996282 8.991858428714572 0
6693 2.950000000001921 1.008141571306243 0
6694 2.900000000002096 0.9215390309280933 0
6695 7.099038105683108 4.150000000001121 0
6696 1.20000000000115 8.558845727160083 0
6697 6.579422863410571 1.54999999999483 0
6698 4.249999999998379 7.779422863591739 0
6699 4.348611734778244 7.779558623294494 0
6700 4.149999999998875 8.818653348138421 0
6701 4.199999999998861 8.905255888429272 0
6702 1.099800775430483 6.999836586126806 0
6703 0.850000000001077 8.472243186448445 0
6704 0.08452994616221561 5.649999999999989 0
6705 0.08621102148151338 5.550725654992601 0
6706 6.233263650277284 0.6504387922680914 0
6707 6.233032517620297 0.7500382380045812 0
6708 6.146724943635032 0.7005468183482338 0
6709 0.8498322038641244 6.740031640486325 0
6710 0.8999483344998858 6.653539860647904 0
6711 2.54611017763359 6.219606198934178 0
6712 0.08452994616221561 5.749999999999989 0
6713 0.1713554385478544 5.797620872251098 0
6714 0.08682549238563878 5.847620872251108 0
6715 7.272243186440109 4.250000000001092 0
6716 7.27224318644015 4.350000000001139 0
6717 3.913224638663519 5.996938972249251 0
6718 3.987919312015761 5.944055437479593 0
6719 3.989841792113018 6.041984646284488 0
6720 6.925833024925293 1.849999999995592 0
6721 0.7499476716103324 6.566936504278276 0
6722 0.7999824744046306 6.480367703339416 0
6723 0.8499527380666629 6.566941464898316 0
6724 5.600120357895368 8.558915281097935 0
6725 4.535283092974377 5.599248882427595 0
6726 4.621373285218475 5.649314572132287 0
6727 0.1014825434187787 6.350431178765319 0
6728 0.0930305123095492 6.460476509846854 0
6729 8.051666049846775 3.999999999999125 0
6730 8.135474548340143 4.049999999998882 0
6731 3.64999999999941 8.125833102617166 0
6732 3.699999999999323 8.039230551629723 0
6733 3.749999999999264 8.125833061426789 0
6734 5.398939459511091 9.251053746859009 0
6735 5.349562411352078 9.33801594847554 0
6736 6.060099429632334 0.6506230413914057 0
6737 4.350152065890112 2.048079802514343 0
6738 1.400000000002866 4.401923788649486 0
6739 1.350000000002998 4.31532124827119 0
6740 2.050000000001549 5.354551732811175 0
6741 2.149929877780131 5.354511247727837 0
6742 6.492820323029174 3.500000000006048 0
6743 6.579422863407521 3.450000000005308 0
6744 0.9500484020217717 0.3202902582817488 0
6745 1.046637208792788 0.3180955825126529 0
6746 0.396747560181459 9.482407280378396 0
6747 0.4397987397995778 9.396903173594712 0
6748 2.250000000001081 6.220577136594075 0
6749 2.300000000000977 6.307179676972354 0
6750 3.650002371042796 0.8353036137606242 0
6751 3.550000864291145 0.8350870598478821 0
6752 7.27224318644036 4.850000000001322 0
6753 7.272243186440404 4.950000000001351 0
6754 6.352001855541777 6.049378613958709 0
6755 6.245735382325493 6.054712427728283 0
6756 6.293733526781755 5.966103329228501 0
6757 1.600000087138019 7.519615195590247 0
6758 0.8502973079805727 0.493351633116012 0
6759 7.791858428711811 6.950000000001534 0
6760 7.791858428711821 7.050000000001563 0
6761 7.705255888333349 7.000000000001561 0
6762 7.399999999996828 8.558845728070404 0
6763 7.449999999996747 8.645448267783843 0
6764 1.050036345285986 7.952606960201569 0
6765 0.4328607651822425 2.549741430457969 0
6766 0.4326070469308905 2.651499789944292 0
6767 0.0953529161651419 5.241962572751182 0
6768 2.100000000001323 7.346411742009568 0
6769 2.050000000001392 7.259808019270968 0
6770 5.149895470369232 2.393842567562766 0
6771 5.04991642879531 2.393830467209916 0
6772 5.099944198364184 2.307211894063504 0
6773 4.049999999998737 7.779422864149082 0
6774 4.099999999998629 7.69282032364064 0
6775 4.149999999998563 7.779422863782925 0
6776 5.280384757731371 1.399999999993189 0
6777 5.18841218533785 1.463025271012259 0
6778 0.9500019718555378 1.008140432858654 0
6779 4.706668534881663 3.100065317953384 0
6780 4.791279284474943 3.150008176828465 0
6781 0.7511960055136307 8.298347591571957 0
6782 0.801196005513654 8.211745051194713 0
6783 6.925833024926563 4.950000000001316 0
6784 2.915003607971411 4.152781930553944 0
6785 8.712281746311453 6.152895236484893 0
6786 7.618653347954787 6.450000000001466 0
6787 7.618653347954814 6.550000000001489 0
6788 7.499999999996672 8.732050807875336 0
6789 7.449999999996702 8.81865334821395 0
6790 0.8489754164936922 7.085762126179581 0
6791 0.8992394173642781 6.99927428767996 0
6792 0.9493944712949793 7.086207700432339 0
6793 5.596068843108916 8.902986239102297 0
6794 5.642594602567272 8.987582924331573 0
6795 5.545408303104199 8.989207414453729 0
6796 5.311059404793158 7.750149738028984 0
6797 5.310544072562271 7.649677426401022 0
6798 0.09533464750652769 4.956040719270177 0
6799 6.059917001114013 2.149999999997039 0
6800 6.059826189807223 2.249999999997195 0
6801 2.253377775898757 0.08465238055056712 0
6802 2.205790472973868 0.1786017803629658 0
6803 2.152412697069763 0.09394939981239862 0
6804 3.799999999999227 8.212435594940033 0
6805 5.495201748465768 9.075690698672489 0
6806 5.448435008595727 9.164159962013583 0
6807 4.646756507339656 8.125421047186592 0
6808 3.549994026069676 2.047282589178435 0
6809 3.150000000000056 8.125834738847232 0
6810 3.200000000000011 8.21243642476928 0
6811 6.445579185098488 6.22312949562804 0
6812 6.397581040642202 6.138533513121542 0
6813 3.300000000000042 8.73205082043291 0
6814 3.350000000000063 8.818653353693881 0
6815 5.550088336263001 8.645499314876893 0
6816 0.8499908494988216 6.393773328067393 0
6817 0.8999970790692498 6.307176834573326 0
6818 3.449999999999684 8.125833349759382 0
6819 3.499999999999602 8.039230776307539 0
6820 3.549999999999552 8.125833166271946 0
6821 5.054107544646033 7.700202099269701 0
6822 5.140291317406803 7.650008768014898 0
6823 5.140656067536552 7.750210867286011 0
6824 3.449999735049363 0.8350534810920389 0
6825 5.540192378867339 0.8499999999930337 0
6826 5.225462086791281 7.599955005748773 0
6827 1.951125925302055 9.17740737561904 0
6828 1.850750616868575 9.179789713279789 0
6829 1.900750616867769 9.080193253473134 0
6830 0.07603672516482225 6.95299079320799 0
6831 1.700000000001324 8.039230544127529 0
6832 0.08857995134078471 7.648724109514646 0
6833 0.08857995134078471 7.748724109514646 0
6834 0.08749802136120087 7.258497075337603 0
6835 0.08749802136120087 7.358497075337603 0
6836 8.713397459621429 4.849999999992185 0
6837 1.850000000001949 5.008141571297752 0
6838 1.75000000000211 5.008141571297735 0
6839 8.249577364964969 9.511229662522846 0
6840 8.19622866568271 9.608019157543133 0
6841 0.548018934371616 7.777970715612106 0
6842 3.399999999999765 8.212435938164928 0
6843 7.099038105682753 1.149999999994022 0
6844 7.099038105682784 1.049999999993823 0
6845 0.07521074357052936 3.568045832263848 0
6846 5.886602540381562 1.049999999993447 0
6847 5.226817379770507 7.800008768014553 0
6848 0.0945229413014556 8.038726742238449 0
6849 0.0945229413014556 8.13872674223845 0
6850 3.94999999999896 7.952627950020769 0
6851 3.999999999998837 7.866025406724227 0
6852 4.049999999998793 7.95262794758791 0
6853 1.450000000002681 4.661731409784398 0
6854 3.948721717094383 1.355248188599525 0
6855 4.045910656672172 1.356811772462144 0
6856 7.185640646061574 4.10000000000106 0
6857 3.949999999999188 9.165063509465938 0
6858 4.880843625817961 7.599999999998587 0
6859 4.967032319731532 7.549999999998699 0
6860 4.967554100602713 7.649999999998476 0
6861 5.046031361878489 2.222868430883555 0
6862 4.949321138708529 2.220969077345242 0
6863 4.995387343796757 2.136637714518144 0
6864 0.4007848389542467 7.870934866732072 0
6865 0.4490311382855233 7.779413140325099 0
6866 1.000002848119979 7.519613597906851 0
6867 0.9500018787606834 7.433011617188296 0
6868 5.999999999999497 7.51984159333735 0
6869 6.049999999999374 7.606411894244438 0
6870 5.949999999999633 7.606325472474664 0
6871 6.666025403789222 1.799999999995624 0
6872 2.350000000001153 4.488526329028153 0
6873 2.400000000001075 4.401923788649904 0
6874 6.406217782655727 4.550000000001313 0
6875 6.406217782655793 4.650000000001207 0
6876 0.8492834175094375 6.912690864281338 0
6877 7.272243186440443 5.050000000001375 0
6878 7.272243186440487 5.150000000001393 0
6879 4.144950205315578 1.530149756727136 0
6880 6.406217782656 5.150000000000817 0
6881 6.406217782656045 5.250000000000738 0
6882 0.09453586574662881 4.236139999900287 0
6883 7.272243186440505 5.250000000001412 0
6884 7.272243186440556 5.350000000001414 0
6885 5.899999999999774 7.692875996508269 0
6886 5.849999999999898 7.606305695601181 0
6887 0.800316535410837 7.865842651978884 0
6888 3.050000000000154 7.952634784828284 0
6889 3.100000000000107 8.039233927448066 0
6890 7.299999999996974 8.385640651303177 0
6891 7.349999999996896 8.472243188748408 0
6892 5.30916631905623 7.549614896118587 0
6893 5.398856815626935 7.487814192764841 0
6894 2.850000000002302 1.181346652062544 0
6895 2.750000000002694 1.181346652062575 0
6896 0.6616697262699208 8.811777121892415 0
6897 3.800002429741611 2.475895878751842 0
6898 2.75000000000265 0.8349364905499577 0
6899 2.650000000003049 0.8349364905499984 0
6900 5.71339745962443 0.9499999999932356 0
6901 3.852899527305198 0.4892385422890519 0
6902 3.952904461743646 0.493268054745004 0
6903 5.94999999999964 7.779469867495712 0
6904 5.849999999999905 7.779450090622229 0
6905 4.965674198305297 7.449991039621219 0
6906 3.486602540378843 4.250000000004377 0
6907 6.406539273557236 5.549443161425717 0
6908 6.404586919052713 5.643328597478428 0
6909 7.272243186440593 5.450000000001427 0
6910 7.272243186440635 5.550000000001438 0
6911 7.185640646062189 5.500000000001447 0
6912 7.705255888332498 3.199999999999737 0
6913 5.899999999999739 7.348022818689529 0
6914 5.949999999999618 7.433951020404576 0
6915 5.849999999999877 7.433826969852529 0
6916 7.272243186440756 5.850000000001496 0
6917 7.272243186440794 5.950000000001509 0
6918 6.406131285350033 0.7498625869367495 0
6919 6.319593233268833 0.7999651059588105 0
6920 3.827854897899228 5.147049911268438 0
6921 3.910303536602388 5.196558229812227 0
6922 3.828858800219031 5.249508318549138 0
6923 6.321252986597283 0.6028421178503858 0
6924 6.234945412612019 0.5533506981940384 0
6925 6.653159709366284 0.08477828132203025 0
6926 6.600172555309966 0.1858805347793033 0
6927 1.450000000002343 5.874166975085081 0
6928 1.000000000002817 5.787564434702829 0
6929 1.05000000000279 5.874166975081082 0
6930 0.9500000000028808 5.874166975080967 0
6931 0.8501993342532626 8.125717939236674 0
6932 0.9500332223765154 8.125813843973434 0
6933 3.249999999999843 7.779428229755732 0
6934 7.272243186440688 5.650000000001452 0
6935 7.272243186440721 5.750000000001481 0
6936 4.199999999998488 7.866025404100181 0
6937 3.549970177402574 1.181373176893032 0
6938 2.000000000001465 7.173205410528388 0
6939 1.95000000000154 7.086602661695964 0
6940 2.299999999999957 9.078460969176515 0
6941 2.350015637851473 8.991849400367691 0
6942 5.801504173152013 7.518559527939384 0
6943 5.751504173152133 7.432631326224335 0
6944 7.199999999996935 9.251666049837567 0
6945 7.249999999996788 9.338268590215563 0
6946 1.450000000001174 8.64544826889785 0
6947 1.350000000001157 8.645448267821806 0
6948 6.549999999997999 6.566987304155998 0
6949 6.500832751359916 6.653109057886186 0
6950 6.406217782656086 5.35000000000066 0
6951 6.40621778265613 5.450000000000582 0
6952 8.311473670983549 5.650000000000023 0
6953 8.311473670983434 5.750000000000218 0
6954 3.486602540378984 4.850000000003723 0
6955 5.249603102399859 2.567216447045092 0
6956 5.149701083386582 2.567159877696124 0
6957 5.199769719813636 2.480517710058146 0
6958 3.599999999999492 8.21243567606901 0
6959 1.950000000001785 5.008141571297768 0
6960 0.7513953397657667 8.12502742513022 0
6961 7.445448267197187 2.049999999995113 0
6962 7.445448267197214 2.149999999995171 0
6963 6.599999999998131 7.866028533907576 0
6964 6.649999999998027 7.952629333244758 0
6965 1.850000000002146 4.14211616751486 0
6966 5.453589856330614 1.099999999993337 0
6967 3.750128625784816 0.4923363946526197 0
6968 6.300020152658879 8.039246068704987 0
6969 5.750000000000088 7.260551924446957 0
6970 5.700736988846359 7.347923745047837 0
6971 1.450000000002396 5.527756813568053 0
6972 4.621452475503006 5.749256919402992 0
6973 1.550000135900265 7.606217705841244 0
6974 1.500000366003414 7.692820113369519 0
6975 5.54946133147233 8.818342360776036 0
6976 4.149463370116196 7.422329316813334 0
6977 4.248908477878587 7.423545620073182 0
6978 1.900000000001613 7.000000060224899 0
6979 1.850000000001682 6.913397474922086 0
6980 7.099038105682823 0.9499999999936104 0
6981 7.09903810568286 0.8499999999933928 0
6982 0.6526245676536233 8.124317730077919 0
6983 6.350033520022973 8.472223851614459 0
6984 3.82816648327313 5.349426371639408 0
6985 3.830086836560488 5.447352811891815 0
6986 0.7492556966913879 4.662076842153714 0
6987 0.8498759494515775 4.661788981845932 0
6988 0.7991316461392314 4.748736954593616 0
6989 6.499999999998309 7.346418309433343 0
6990 6.44999999999838 7.259814618790921 0
6991 3.549999999999515 7.95262804692953 0
6992 4.707451566189088 5.299826223521336 0
6993 3.749999999999384 9.511473670971995 0
6994 3.799999999999434 9.598076211350239 0
6995 7.272243186439958 3.750000000000818 0
6996 5.713401313497772 1.649999999996203 0
6997 5.750000000000089 7.086602540378216 0
6998 5.315630369558541 3.253867513461519 0
6999 6.406217782655839 4.750000000001126 0
7000 6.406217782655884 4.850000000001048 0
7001 6.406217782655925 4.950000000000973 0
7002 6.406217782655967 5.050000000000893 0
7003 1.746059261451885 0.4917731456260487 0
7004 1.69943703735632 0.5755927003569321 0
7005 3.84999999999909 7.952627959798216 0
7006 0.5046164926736292 8.04277585563749 0
7007 0.4534723202189979 7.956833903533605 0
7008 2.150000000001295 5.874166975080964 0
7009 3.599999999999437 7.866025459602744 0
7010 3.649999999999391 7.952628005493313 0
7011 3.949999999998903 7.779422866581942 0
7012 4.447370761769121 6.650000000000651 0
7013 4.447371492420878 6.550000000000864 0
7014 3.199993987807336 7.519830725655337 0
7015 6.752627944169276 4.350000000001298 0
7016 7.965063509469256 5.249999999999853 0
7017 7.965063509469182 5.349999999999919 0
7018 2.100562962650558 9.078135942463142 0
7019 2.050656789759156 8.991479230970567 0
7020 0.749985783042491 6.393768367447354 0
7021 2.050000000001489 5.700961894324398 0
7022 1.750000000001967 5.700961894325115 0
7023 4.049999999998996 8.818653348281604 0
7024 5.886602540378798 4.050000000003863 0
7025 5.886602540378798 4.150000000003724 0
7026 1.30000198714925 7.692819175745335 0
7027 2.850000000002294 0.8349364905499601 0
7028 2.950000000001925 0.8349364905499514 0
7029 5.601465266460687 8.213282396753147 0
7030 5.550992691615247 8.299611665344482 0
7031 0.7080350962548847 8.380149301152199 0
7032 0.659231101767412 8.292856246668501 0
7033 0.8973914112700743 7.344881536042247 0
7034 0.8469561717951259 7.258024498812535 0
7035 4.535743496057404 4.799339692713477 0
7036 4.62161235074057 4.749534130547797 0
7037 5.140633607009738 7.850202099269357 0
7038 1.250000000001136 8.645448267579027 0
7039 1.150000000001107 8.645448267359203 0
7040 3.803022575026718 0.404498073410138 0
7041 4.24996161507954 0.6617160565721091 0
7042 8.713397459621444 8.249999999997321 0
7043 8.628867513459126 8.199999999997237 0
7044 6.450143346969918 8.645365505775324 0
7045 6.400057773172064 8.558812371452317 0
7046 2.250000000001092 6.047372055837526 0
7047 1.800000000001766 6.82679493183054 0
7048 1.750000000001839 6.740192383512583 0
7049 1.850000000001701 6.740192391000015 0
7050 7.445448267196968 3.250000000000047 0
7051 7.358845726819338 6.200000000001495 0
7052 4.453578424836263 5.447210172532762 0
7053 4.45388238874215 5.346936077255238 0
7054 6.579312351474747 0.849820918914953 0
7055 6.57936744249867 0.9499082099543237 0
7056 2.600000000003324 1.094744111684486 0
7057 2.550000000003505 1.008141571306347 0
7058 4.453281746670532 6.047530363526069 0
7059 4.453717663170886 5.947118757446974 0
7060 4.450666247668431 6.250000000001494 0
7061 4.45121533123684 6.150000000001703 0
7062 6.69999999999793 8.039231237740452 0
7063 6.749999999997844 8.125833381964872 0
7064 4.451754641400999 5.648854744198761 0
7065 4.451907006498275 5.549224109839585 0
7066 1.050000000001069 8.645448267282077 0
7067 6.49268826899446 0.6997906357878858 0
7068 6.406128207906975 0.6498582607755752 0
7069 3.549880966079955 7.433093249953972 0
7070 3.499877361262041 7.346513823980581 0
7071 0.8500000000029386 5.874166975081058 0
7072 0.9000000000029115 5.960769515459312 0
7073 5.13396917617086 7.249999999999389 0
7074 5.051439841211128 7.299991039621564 0
7075 3.827839056832053 5.747029290324739 0
7076 3.91028505535741 5.796534172044742 0
7077 3.828856160040905 5.849504881724353 0
7078 4.450917351440286 5.24655473849132 0
7079 4.450473839207636 5.146445499484563 0
7080 7.878460969089495 3.299999999999566 0
7081 8.051666049846947 4.199999999999147 0
7082 8.13826859022538 4.149999999999042 0
7083 8.222077088718663 4.099999999998806 0
7084 1.351024040004595 9.333122705883515 0
7085 1.400396892460646 9.250766108834796 0
7086 1.450968494212689 9.332307352108845 0
7087 6.549999999997973 6.393782218847997 0
7088 6.499999999998002 6.307179677645464 0
7089 4.448611734778058 7.779558623231445 0
7090 4.399999999998117 7.866025403845944 0
7091 5.704300715533888 8.041716946718015 0
7092 5.751243404151016 8.126553781253323 0
7093 5.654490883227679 8.128427551486176 0
7094 4.199999999999045 9.251666049837656 0
7095 4.249999999998952 9.165063509478278 0
7096 5.799999999999953 7.177670900630267 0
7097 5.849999999999863 7.265017744320791 0
7098 3.828610005364204 6.549705272271261 0
7099 3.913948489883075 6.599734589558519 0
7100 3.830490732739905 6.649945109366517 0
7101 1.550000000002305 5.354551732811142 0
7102 1.150009180458098 7.952622643821893 0
7103 1.100039279923994 8.039207806266026 0
7104 4.500936713941327 1.545463074426179 0
7105 4.411829090733376 1.498784264644604 0
7106 2.050000000001396 7.433014496084279 0
7107 7.358845726818714 4.600000000001211 0
7108 3.745937322756413 5.099587881073719 0
7109 5.803159709371663 7.867863479621896 0
7110 5.850526618228499 7.952943569047417 0
7111 5.75368632760039 7.954763087059639 0
7112 4.0499999999987 7.606217783240665 0
7113 2.150000000005241 1.874166975087114 0
7114 2.200000000005026 1.787564434709088 0
7115 2.250000000004786 1.874166975087135 0
7116 7.358845726818639 4.400000000001127 0
7117 4.967918850732462 7.75020209926959 0
7118 5.95008776970438 7.952689827222112 0
7119 5.900614387933107 8.039589434659856 0
7120 4.447371746258002 6.450000000001074 0
7121 4.44737191033949 6.350000000001284 0
7122 1.650000000002259 5.008141571297719 0
7123 2.80000000000248 0.7483339501718158 0
7124 5.652241161998495 7.432656303134691 0
7125 7.791858428711735 4.549999999999489 0
7126 3.350000000000146 8.991858428975949 0
7127 3.300000000000241 9.078460969359998 0
7128 3.830290837016156 6.14699268566409 0
7129 3.912232484040928 6.194463234996077 0
7130 3.827376202296309 6.246587739606021 0
7131 3.050000000001232 1.700961894331141 0
7132 1.550000000007639 0.3203182031991216 0
7133 1.646622224102998 0.3181042339284713 0
7134 6.94999999999755 7.606218140554859 0
7135 6.899999999997601 7.692821346223672 0
7136 6.849999999997724 7.60621905949955 0
7137 2.950000000000255 7.779450090622945 0
7138 3.000000000000203 7.866039220566458 0
7139 7.965063509468572 5.95000000000106 0
7140 7.965063509468541 5.850000000001007 0
7141 7.250562962647402 9.506151689414555 0
7142 5.850022707616533 8.645461390336944 0
7143 7.878460969090216 4.499999999999405 0
7144 7.79185842871168 4.449999999999429 0
7145 7.965063509469132 5.049999999999739 0
7146 7.965063509469181 5.149999999999781 0
7147 7.965063509468969 4.849999999999587 0
7148 7.965063509469049 4.949999999999664 0
7149 7.878460969090504 4.899999999999697 0
7150 0.7964610876856214 7.169691221041617 0
7151 0.7463060337549201 7.082757808289239 0
7152 3.827864005418154 6.347029144470673 0
7153 3.910692805914228 6.396776520700636 0
7154 3.829238962011301 6.449747376233301 0
7155 6.751870210978297 0.7487394822989258 0
7156 6.752165093485354 0.8492014723186195 0
7157 6.66563847400492 0.7993848858611523 0
7158 6.57901746896769 0.7493589288952593 0
7159 3.830291509283963 5.546993560782259 0
7160 3.912208048822731 5.594464049121434 0
7161 3.827351412609789 5.646588092305954 0
7162 3.828163403065375 5.949422362010669 0
7163 3.830085883162631 6.047351570815563 0
7164 4.794060164422676 5.249822746125325 0
7165 4.794100431079013 5.149796681208672 0
7166 4.880437140097882 5.199966980294638 0
7167 7.445448267197059 4.150000000000976 0
7168 7.44544826719702 4.050000000000913 0
7169 7.705255888333285 6.600000000001476 0
7170 4.349999999998865 9.165063509466359 0
7171 1.350667392891836 3.450151512357475 0
7172 1.450000000003313 3.449295844488707 0
7173 7.349999999996776 8.991858428722907 0
7174 7.299999999996831 9.078460969092539 0
7175 7.948831869563222 9.339505882095894 0
7176 7.898831869563216 9.426108422473128 0
7177 6.925416197881477 0.8492780343749322 0
7178 6.925754343675283 0.9498643623244649 0
7179 6.838734976252537 0.8991423967059258 0
7180 4.450840450817398 5.84663855035466 0
7181 4.450433568175216 5.746489914826235 0
7182 4.535537610519284 5.799028152315197 0
7183 0.9500083844654172 7.606212941874739 0
7184 2.450000000003953 1.527756813574954 0
7185 2.550000000003505 1.527756813574967 0
7186 4.046827893399735 7.435159207928797 0
7187 4.096291263517335 7.337873282267598 0
7188 4.451774170010292 5.048833372998781 0
7189 4.451916973105303 4.949213145416829 0
7190 7.705255888333322 6.800000000001515 0
7191 7.607657655283417 6.861492521481608 0
7192 2.950000000000233 7.606305695601662 0
7193 3.050000000000089 7.606395733371496 0
7194 4.349999999998612 8.299038105699973 0
7195 5.226795539786861 5.599999643792827 0
7196 7.878460969090095 6.100000000001202 0
7197 7.791858428711599 6.050000000001226 0
7198 1.550000000001247 8.472243192946035 0
7199 1.500000000001248 8.385640652349965 0
7200 5.400107230816873 8.558907690214973 0
7201 5.449997540390081 8.645446894606751 0
7202 2.000000000001566 5.787564434702798 0
7203 1.950000000001662 5.700961894324511 0
7204 3.831171230586378 6.749160763127184 0
7205 3.914865979754383 6.795641438560588 0
7206 3.830207993081984 6.844827775033998 0
7207 6.799999999997761 8.2124357503371 0
7208 6.445579185098464 6.04992441462176 0
7209 6.549999999998219 7.433021162852719 0
7210 4.447366377858592 6.850000000000235 0
7211 4.447369969398169 6.750000000000442 0
7212 5.450913929141253 8.29956612004667 0
7213 0.8500000000030699 5.354551732810787 0
7214 0.900000000003099 5.267949192432477 0
7215 3.000000000000095 7.177670900630369 0
7216 2.950000000000133 7.091068360252109 0
7217 6.550656789757593 8.818274150200434 0
7218 6.500203292066862 8.731933436835853 0
7219 1.049722607788345 7.086391790400978 0
7220 8.62679491924286 4.799999999992117 0
7221 0.8489632061108995 7.778704577054999 0
7222 7.358845726818799 4.800000000001276 0
7223 6.549999999998034 6.740192395683554 0
7224 1.700000000001913 6.653589840785746 0
7225 1.650000000001997 6.566987298692682 0
7226 1.600000000002077 6.480384758210159 0
7227 1.550000000002167 6.393782217528637 0
7228 7.699999999996482 8.732050807695224 0
7229 7.749999999996408 8.818653347995784 0
7230 6.499999999998344 7.692833899397604 0
7231 6.549999999998237 7.77942806778372 0
7232 6.060080578526421 0.5504736863019626 0
7233 1.100000000001055 8.73205080770102 0
7234 0.9498552743594335 4.661798577189517 0
7235 8.224871130603162 2.099999999994851 0
7236 0.7413629951023549 0.09102740818714679 0
7237 0.6413629951024995 0.09102740818714679 0
7238 7.199999999997122 8.212435588145189 0
7239 7.249999999997043 8.299038114329868 0
7240 1.500000000002231 6.307179677060516 0
7241 1.450000000002301 6.220577136616712 0
7242 7.358845726818509 4.00000000000092 0
7243 2.15337777590418 9.163113349654331 0
7244 2.053940738554871 9.162788323003575 0
7245 5.200042122213062 8.558870065378404 0
7246 5.150010188378785 8.645454154087194 0
7247 0.8500000000039288 3.968911086757653 0
7248 0.9009300243528926 3.883409478766073 0
7249 0.9509300243527909 3.97001201914447 0
7250 8.398076211362351 5.800000000000029 0
7251 0.8033268520713456 8.556806993322741 0
7252 5.751504173152154 7.605110051972988 0
7253 6.649999999997909 6.56698730454972 0
7254 6.599999999997941 6.480384760270278 0
7255 1.350000000002924 4.48852632902776 0
7256 7.5260654695419 0.498775170006732 0
7257 2.34999999999999 9.165063509559008 0
7258 2.2499999999999 9.165063509496393 0
7259 8.313125001051414 9.420414614730749 0
7260 8.363547636082316 9.507261163558013 0
7261 7.249999999996864 9.165063509466979 0
7262 4.965962557825649 7.249999999999382 0
7263 4.965549268278336 7.349991039621447 0
7264 8.13826859022574 4.549999999999257 0
7265 8.224871130604217 4.499999999999163 0
7266 1.550000548404267 8.125832725794302 0
7267 5.350204402806249 8.472361287806155 0
7268 1.899984332991091 6.65358080060225 0
7269 5.886602540379386 4.250000000003499 0
7270 0.9499831372941839 6.566971059709044 0
7271 1.200005164304532 7.866022423213355 0
7272 1.149864911053263 7.086508514595066 0
7273 6.155731846617413 0.4876213676594378 0
7274 6.243721182937412 0.4400246932417322 0
7275 7.965063509468655 5.750000000000831 0
7276 7.878460969090009 5.700000000000879 0
7277 2.450000000003642 2.393782217355144 0
7278 2.500000000003361 2.307179676977193 0
7279 0.7997538058134566 6.826556201298737 0
7280 0.7498395372216969 6.740034826649588 0
7281 2.550000000000171 8.818653349132429 0
7282 2.450000000000133 8.818653348431623 0
7283 0.8473923406564675 7.431483539839158 0
7284 2.250000000001353 4.488526329028124 0
7285 6.850019185324681 8.818642272183636 0
7286 2.200023654216503 9.828236909251078 0
7287 7.35884572681918 5.80000000000146 0
7288 5.886602540379538 4.450000000003199 0
7289 5.886602540379386 4.350000000003361 0
7290 7.358845726819002 5.400000000001404 0
7291 5.207111178591454 9.606116814596758 0
7292 5.153702085944121 9.521446353332145 0
7293 7.358845726818888 5.000000000001328 0
7294 7.878399751895666 7.299206749104541 0
7295 3.999999999998769 7.519615242470935 0
7296 3.946827893399907 7.435159207925198 0
7297 5.890701058358317 6.756596212063529 0
7298 4.649486951401073 2.047854375236975 0
7299 4.599679004710341 2.133939950459265 0
7300 0.8000000000039451 4.055513627135975 0
7301 0.7500000000040468 3.968911086757577 0
7302 6.446622224100857 9.915347619449516 0
7303 6.546622224100463 9.915347619449516 0
7304 3.74571784456997 5.299918053095618 0
7305 8.051666049846233 2.799999999999857 0
7306 6.40780997024171 0.5527701667015221 0
7307 7.358845726818946 5.200000000001371 0
7308 4.792471593182261 7.768272231303459 0
7309 4.890478411950773 7.804658307362811 0
7310 7.096537143418117 0.7456682062827723 0
7311 5.249666236659209 9.338075892015258 0
7312 2.250000000000142 8.645448267221127 0
7313 2.150000000000367 8.645448267226621 0
7314 2.200000000000362 8.558845726815225 0
7315 2.562812362799098 6.728375443776674 0
7316 2.449481372983724 6.737148069959176 0
7317 1.85000000000182 5.700961894324535 0
7318 0.6999322238404497 6.653523793458683 0
7319 0.6499619601784173 6.566950031899783 0
7320 7.358845726819258 6.000000000001482 0
7321 7.099999999997449 7.3464102033849 0
7322 7.149999999997336 7.433012717229208 0
7323 7.049999999997466 7.433012742382368 0
7324 2.349516560818438 6.566708184365049 0
7325 2.850000000000315 8.299038550145006 0
7326 2.750000000000406 8.29903852568231 0
7327 2.800000000000435 8.212436382664603 0
7328 0.9000000000037315 4.22871870789268 0
7329 0.8500000000038437 4.14211616751434 0
7330 0.950000000003715 4.14211616751439 0
7331 2.850000000000394 8.125835376118648 0
7332 2.750000000000486 8.125835351655951 0
7333 6.75250323927916 0.9497878002681522 0
7334 1.400000000002421 6.133974596234349 0
7335 1.350000000002487 6.047372055844447 0
7336 4.364063664983979 6.300000000001384 0
7337 2.250000000001073 6.393782217350617 0
7338 6.749999999997851 7.086602858755729 0
7339 6.699999999997894 7.00000010802431 0
7340 7.358845726819093 5.600000000001431 0
7341 6.925833024924477 3.150000000000771 0
7342 4.370058346202891 4.896806804344005 0
7343 4.453583340705733 4.847204783263131 0
7344 1.850000000002056 4.488526329027972 0
7345 0.8571826217903357 9.160916620839226 0
7346 0.8051541858912663 9.248283364005003 0
7347 0.7544941570479834 9.162061891457864 0
7348 3.250000000000341 9.165063509702172 0
7349 3.350000000000194 9.165063509570114 0
7350 2.100000000001707 4.228718707893247 0
7351 2.250000000004835 1.354551732818778 0
7352 2.300000000004631 1.267949192440706 0
7353 2.350000000004402 1.354551732818792 0
7354 7.96506350946861 6.150000000001207 0
7355 7.96506350946857 6.050000000001147 0
7356 4.977031855994094 7.854860406634035 0
7357 1.249965879372064 7.086574544872486 0
7358 1.950000000001517 7.259807822210911 0
7359 1.400000000002568 5.094744111676016 0
7360 1.350000000002661 5.008141571297665 0
7361 5.886602540379538 4.55000000000306 0
7362 7.532050807575638 1.699999999994847 0
7363 4.793593479000707 7.349999999999151 0
7364 4.88019691491982 7.399999999999038 0
7365 4.793718409027669 7.449999999998924 0
7366 4.370049973262885 5.496816034303927 0
7367 7.878460969090293 7.100000000001561 0
7368 8.138268590224957 1.549999999995036 0
7369 7.012435565304182 0.9999999999936836 0
7370 6.925754343675243 1.049864362324677 0
7371 6.649999999997943 6.913397530688118 0
7372 6.599999999997989 6.826794949091293 0
7373 0.8000000000030492 5.441154273189127 0
7374 0.7500000000031415 5.354551732810766 0
7375 6.837185047671325 0.6967686875386189 0
7376 6.75065842819089 0.6469521010811516 0
7377 3.74578120486813 6.499957896041299 0
7378 7.965063509468811 4.649999999999441 0
7379 7.965063509468887 4.749999999999517 0
7380 8.051666049847682 5.400000000000036 0
7381 1.400000000002404 5.787564434704358 0
7382 1.350000000002478 5.7009618943253 0
7383 1.75000000000182 6.913397467434654 0
7384 5.448675989007413 8.991094013443211 0
7385 1.850000000001664 7.086602611997264 0
7386 3.750106713309922 0.8355743187470823 0
7387 4.367057481699113 5.696465142238225 0
7388 1.800000000001885 5.787564434703491 0
7389 4.111391473250322 1.276996669757849 0
7390 4.163961005404643 1.191532480337224 0
7391 5.107179676974761 0.6999999999928783 0
7392 5.193782217353285 0.6499999999928481 0
7393 3.000000000001607 1.094744111684316 0
7394 3.050000000001412 1.008141571306158 0
7395 3.745717404540018 5.899917480290664 0
7396 5.691300751958623 7.694290322102481 0
7397 5.642804925110738 7.606544154440684 0
7398 0.8497312238074013 4.835061230007687 0
7399 0.7491109710472117 4.835349090315468 0
7400 4.360769073817913 6.500000000000965 0
7401 0.501497288130096 5.267805121001933 0
7402 0.4517468361513159 5.181178568718509 0
7403 0.5502495480244446 5.181322640148929 0
7404 8.051666049847753 5.199999999999775 0
7405 2.900000000001961 0.5751288694154361 0
7406 2.850000000002339 0.4885263290374068 0
7407 2.950000000001766 0.488526329037281 0
7408 8.713397459621799 3.5499999999923 0
7409 8.713397459621799 3.449999999992592 0
7410 2.150023654216392 9.914839449629714 0
7411 6.492820323034358 5.100000000000817 0
7412 1.350002344659677 7.779421510757636 0
7413 1.250003725278546 7.779420713656973 0
7414 4.368613620826817 5.894580519958012 0
7415 2.850000000002329 0.6617314097936901 0
7416 2.950000000001756 0.6617314097935643 0
7417 6.545579185098402 6.223129495802016 0
7418 6.579014391524632 0.6493546027340851 0
7419 1.25095165282558 3.969556335483286 0
7420 4.796724164227759 7.549999999998699 0
7421 4.797245945098939 7.649999999998476 0
7422 7.358845726818467 3.800000000000801 0
7423 7.272243186439964 3.850000000000873 0
7424 1.950000000001245 8.125833315939982 0
7425 1.850000000001286 8.125833132929589 0
7426 1.750000000001326 8.125833091423624 0
7427 1.650000000001324 8.125833054004254 0
7428 4.367091647799803 5.096427292983485 0
7429 4.299999999998725 8.38564064648431 0
7430 4.360768027609837 6.700000000000546 0
7431 3.749999999999244 7.952627964302936 0
7432 6.492820323034198 4.700000000001124 0
7433 6.05001462828351 7.779483852261583 0
7434 6.00001462828364 7.866057946375543 0
7435 4.368756354299009 5.294420758233184 0
7436 6.493141813935582 5.49944316142572 0
7437 2.650000000000625 7.606406520999745 0
7438 2.550000000000751 7.606281590972769 0
7439 4.369424417746613 6.09753036352596 0
7440 4.050051740373064 2.220584099334419 0
7441 1.304004357333312 3.538210301649067 0
7442 1.254671750221758 3.452463429139659 0
7443 7.899999999996231 9.078460969086636 0
7444 7.949999999996171 9.165063509461209 0
7445 0.74929075086701 6.912694050444602 0
7446 0.7002054708969236 6.996494995714945 0
7447 0.6506758592009427 6.910360332732344 0
7448 1.300000000001115 8.732050808020926 0
7449 3.745922517293284 5.699558801985564 0
7450 7.358842749617255 1.199994843330235 0
7451 1.500000000002388 5.267949192432733 0
7452 1.45000000000248 5.18134665205438 0
7453 7.885470551124167 0.7048035344396837 0
7454 3.849857971986551 1.701038122252883 0
7455 3.799971751970116 1.787586368730359 0
7456 6.492820323034089 4.500000000001299 0
7457 2.450000000000868 7.606259873760742 0
7458 2.350000000000994 7.60623543255423 0
7459 6.492820323034284 4.900000000000968 0
7460 1.000129770843092 4.05560161559867 0
7461 1.050129770842979 4.14220415597701 0
7462 4.739791589602694 1.699806108220546 0
7463 4.839162197767452 1.696291038908415 0
7464 5.053610606127018 5.89999005654351 0
7465 4.297355218951266 0.5738579988747894 0
7466 4.347316834029343 0.6604451860391525 0
7467 4.450434813901642 3.546488489960329 0
7468 4.363764278393631 3.496463924746104 0
7469 1.450000364266177 7.779422656874232 0
7470 4.989241601131134 2.490077713296976 0
7471 4.939290329126084 2.403447039797714 0
7472 5.020577136596297 0.6499999999928623 0
7473 5.022158301545423 0.5527386580198455 0
7474 4.5999999999985 9.251666049836563 0
7475 4.549999999998969 9.33826859021476 0
7476 2.850000000000344 7.265141794873008 0
7477 2.800000000000398 7.183025749460528 0
7478 7.532050807576079 5.700000000001188 0
7479 7.618653347954596 5.7500000000011 0
7480 1.150012604202423 8.12582574789184 0
7481 1.050039769030311 8.125810064271516 0
7482 5.499949323425895 8.73202157205748 0
7483 3.799999999999158 7.866025413661807 0
7484 2.750000000002685 0.6617314097936876 0
7485 3.949771203825616 1.70104271113047 0
7486 7.791858428712053 4.949999999999831 0
7487 2.150000000005365 0.6667283647113812 0
7488 2.250000000004951 0.6675611905309629 0
7489 2.200000000005121 0.7491667759916415 0
7490 8.70293524082658 3.752895236481797 0
7491 8.70293524082658 3.652895236482089 0
7492 5.134858205127198 7.149999999999621 0
7493 5.216974250539617 7.199999999999511 0
7494 3.949999999998872 7.606217783237066 0
7495 3.899985314320269 7.69283026279191 0
7496 3.849985314320338 7.606227722022179 0
7497 3.250000000000014 8.47224335545109 0
7498 3.299999999999914 8.385640879613224 0
7499 3.34999999999989 8.472243302520273 0
7500 5.366987315952059 1.149999999993321 0
7501 5.366987315951988 1.24999999999335 0
7502 0.7533268520713721 8.470204452929952 0
7503 4.707511236367537 3.499716942493079 0
7504 4.793838697332895 3.449832323648187 0
7505 0.7954886195457462 7.516914528069655 0
7506 3.699368515815197 7.346837475217139 0
7507 3.64840332348248 7.261232773142028 0
7508 3.747977438800056 7.261520961449349 0
7509 7.878460969089605 2.099999999994862 0
7510 1.2500000000028 5.008141571297642 0
7511 2.250000000001124 7.606227739484456 0
7512 2.15000000000127 7.60622238377172 0
7513 3.849985314320369 7.779432805367055 0
7514 7.358845726818546 1.599999999994784 0
7515 7.272243186439974 1.649999999994865 0
7516 0.9000000000029358 5.614359353945943 0
7517 0.8500000000029992 5.527756813567516 0
7518 0.9500000000029141 5.527756813567576 0
7519 7.272243186440082 4.150000000001045 0
7520 7.358845726818573 4.200000000001033 0
7521 1.500000000007764 0.5751288694156521 0
7522 1.45000000000797 0.493523283955419 0
7523 5.849999999999865 7.09106836025205 0
7524 2.250000000004889 0.8359081206730297 0
7525 2.150000000005302 0.835075294853448 0
7526 3.649969774458848 1.874181470446439 0
7527 6.492820323034434 5.300000000000662 0
7528 3.745922358393382 6.299558595138686 0
7529 1.650000000001977 6.740192381616271 0
7530 4.201898578876391 1.096252024564819 0
7531 4.25031642981399 1.00839289011377 0
7532 1.950000000006091 0.834936490550158 0
7533 2.000000000005911 0.7483339501720494 0
7534 2.050000000005713 0.8349364905501684 0
7535 5.753159709371796 7.781269608634453 0
7536 5.348973885284346 9.164471082507397 0
7537 7.965063509468681 4.449999999999315 0
7538 7.965063509468736 4.549999999999375 0
7539 6.999999999997513 7.519615555028706 0
7540 0.9500000000009028 8.991858428716043 0
7541 0.9032612964739765 9.076578058691652 0
7542 5.313397459621793 6.950000000000136 0
7543 5.313397459621793 6.850000000000414 0
7544 0.4862490726908131 5.967590243717106 0
7545 0.5500000000031204 6.047372055837696 0
7546 0.4362490726908388 6.054192784095603 0
7547 2.300000000004549 1.960769515465191 0
7548 6.650093827106639 8.818599176839495 0
7549 1.550000000003053 3.44929584448875 0
7550 1.587732785289834 3.363137254629662 0
7551 6.408073481835768 0.4560496858980091 0
7552 6.492948703145459 0.5030658288231985 0
7553 3.849471315565857 7.433370452995899 0
7554 3.896299208966823 7.348914418453761 0
7555 5.313397459621851 5.750000000003344 0
7556 5.313397459621851 5.650000000003621 0
7557 5.313397459621882 5.150000000004966 0
7558 5.313397459621882 5.050000000005244 0
7559 5.313397459621838 4.550000000006746 0
7560 5.313397459621831 6.350000000001729 0
7561 5.313397459621831 6.250000000002006 0
7562 3.250000000000074 8.645448300280076 0
7563 3.349999999999958 8.645448298510971 0
7564 3.050000018574035 0.6617351771029552 0
7565 3.000000018574402 0.7483377174812091 0
7566 7.271675838519075 0.4490173245676121 0
7567 7.267625729196663 0.3554987427287736 0
7568 2.751723355055114 0.4944776742470331 0
7569 2.801723355054919 0.4078751338688781 0
7570 1.250000000002623 5.527756813567898 0
7571 1.150000000002735 5.527756813567821 0
7572 1.200000000002698 5.441154273189422 0
7573 3.64985114388093 1.354630165698686 0
7574 0.8000000000029832 5.787564434702674 0
7575 0.7500000000030139 5.874166975081019 0
7576 2.75000000000023 8.818653353337154 0
7577 2.650000000000211 8.818653349676692 0
7578 2.700000000000223 8.732050813024502 0
7579 1.450000000002276 6.393782217456268 0
7580 6.068856348851814 0.4371476813496564 0
7581 3.649809086176253 7.433141889773889 0
7582 3.599895651758587 7.519685852818043 0
7583 5.540192378867383 0.7499999999928939 0
7584 5.453589838488842 0.6999999999928246 0
7585 5.540192378867419 0.6499999999927807 0
7586 0.6498538257897819 6.740048354271094 0
7587 5.226794919243742 6.200000000002143 0
7588 7.39999999999675 8.905255888398987 0
7589 8.051666049847597 4.999999999999629 0
7590 6.922915235616734 0.7449462406643117 0
7591 3.849196690490448 1.355080470344391 0
7592 5.973328685037081 1.999999999996842 0
7593 0.8489258507458992 7.605521063428083 0
7594 3.749969922837673 1.874181393622355 0
7595 1.550000000002131 6.566987298406912 0
7596 3.659728814677168 5.149931313516079 0
7597 2.100000000005566 0.5801258243332548 0
7598 2.052895236492863 0.4881244664247582 0
7599 2.152895236492492 0.4931214213422059 0
7600 2.850000000000362 7.606325472475147 0
7601 2.900000000000312 7.692875996508864 0
7602 2.15000000000526 1.700961894331019 0
7603 2.250000000004804 1.70096189433104 0
7604 2.302895236492748 0.5705762693694004 0
7605 2.352895236492505 0.6530146806496607 0
7606 2.950000000000222 8.47224332776044 0
7607 2.850000000000262 8.472243231804661 0
7608 2.900000000000246 8.385640789118494 0
7609 6.665970143332063 0.9999081395974634 0
7610 6.579404229318756 1.049969473670941 0
7611 6.059919033157064 2.049999999996809 0
7612 1.350000000002456 5.87416697508475 0
7613 1.350000000001081 8.818653348403146 0
7614 1.25000000000106 8.818653348160366 0
7615 7.705255888333101 6.000000000001276 0
7616 2.400000000004174 1.441154273196878 0
7617 2.450000000003969 1.354551732818805 0
7618 1.350000000002459 6.220577136605784 0
7619 0.0857498656533659 8.648523124053835 0
7620 0.0857498656533659 8.748523124053834 0
7621 2.911815891788219 4.747744836546126 0
7622 2.911815891788219 4.647744836546403 0
7623 4.15864403647983 1.365120125926616 0
7624 4.499999999999133 9.424871130592798 0
7625 4.449999999998829 9.511473670970739 0
7626 2.300000000000137 8.732050807797474 0
7627 7.445448267197809 6.25000000000146 0
7628 7.532050807576276 6.300000000001448 0
7629 5.100040272992792 8.38566391528685 0
7630 5.041977774286221 8.288108751879188 0
7631 5.142005635563374 8.288124849769275 0
7632 5.886602540379601 5.250000000002168 0
7633 5.886602540379601 5.35000000000203 0
7634 4.710120728308647 7.499999999998813 0
7635 0.6476911420888529 7.080424090576981 0
7636 2.150000000005275 1.181346652062594 0
7637 2.200000000005073 1.09474411168451 0
7638 2.250000000004862 1.181346652062609 0
7639 2.000000000005883 1.09474411168449 0
7640 1.950000000006087 1.008141571306381 0
7641 2.050000000005689 1.008141571306386 0
7642 2.300000000004601 1.614359353952995 0
7643 6.550127709118268 8.645374534293243 0
7644 1.000006546654945 8.212431785599248 0
7645 4.620593679272242 3.149981033512323 0
7646 4.620579499836825 3.249997290503628 0
7647 2.200000000001181 6.133974596215799 0
7648 2.150000000001274 6.220577136594065 0
7649 2.910060495180435 6.142809840923908 0
7650 2.910060495180435 6.042809840924185 0
7651 2.909898518112746 6.55948986723288 0
7652 2.909898518112746 6.459489867233158 0
7653 2.924555031009099 5.749366722269279 0
7654 2.924555031009099 5.649366722269557 0
7655 2.908089895037195 5.344154919934478 0
7656 2.908089895037195 5.244154919934756 0
7657 2.904498987362611 4.955870407224454 0
7658 2.904498987362611 4.855870407224732 0
7659 1.550000548404248 8.29903780062026 0
7660 2.650000000000482 8.299038506088799 0
7661 4.349731851808908 7.952401991483465 0
7662 1.800000000001285 8.212435642806312 0
7663 7.04999999999739 7.606217841752828 0
7664 0.5528675513295711 6.565280145917027 0
7665 0.6028829990994536 6.478692856736622 0
7666 8.051666049847277 4.599999999999351 0
7667 4.620549909377686 7.04999999999983 0
7668 4.533960779434247 6.999999999999924 0
7669 4.793674527525308 7.149999999999617 0
7670 4.707124003491682 7.09999999999972 0
7671 4.793694304398803 7.049999999999844 0
7672 2.913397459621796 4.550000000006797 0
7673 2.913397459621796 4.450000000007075 0
7674 8.051666049847087 6.000000000001064 0
7675 5.800026977125738 1.699999999996232 0
7676 5.886602540379569 4.850000000002687 0
7677 5.886602540379569 4.950000000002548 0
7678 1.900000000006277 0.9215390309282723 0
7679 1.850000000006474 0.8349364905501534 0
7680 5.885909716680486 5.648799994155029 0
7681 5.885909716680486 5.74879999415489 0
7682 2.050000000005736 0.6617314097939335 0
7683 5.889939504819425 6.04280984092307 0
7684 5.889939504819425 6.142809840922931 0
7685 4.447365215172499 6.950000000000028 0
7686 4.360766072552792 6.900000000000129 0
7687 0.6028718547702714 6.824912064326851 0
7688 0.5537865748001851 6.908713009597195 0
7689 6.752540026099247 1.04984906398477 0
7690 1.900000000002144 3.882308546380019 0
7691 1.848821357603651 3.79502908573046 0
7692 1.948821357603496 3.79502908573049 0
7693 1.40000000000272 4.748333950162681 0
7694 1.100124305139423 1.614287586351812 0
7695 1.050084214494367 1.527708192318363 0
7696 1.950000000006112 0.6617314097939231 0
7697 6.450043510872232 8.472218083394853 0
7698 5.890101481887156 6.459489867232532 0
7699 3.486602540378958 3.450000000004023 0
7700 0.6500000000031727 5.354551732810729 0
7701 0.7000000000031934 5.267949192432389 0
7702 1.000034753278609 1.441134208386421 0
7703 0.9500198279685552 1.354540285140013 0
7704 4.290808392754057 5.14148498561497 0
7705 4.292108723556714 5.043872859129189 0
7706 6.649999999997883 6.39378221924172 0
7707 5.139448075553066 6.950000000000139 0
7708 5.052721484622813 6.900000000000222 0
7709 5.140068328313332 6.850000000000357 0
7710 4.282899072927872 6.348235973947139 0
7711 4.286193410256814 6.248235973947349 0
7712 5.249797489382511 2.393899136911735 0
7713 1.050000000001008 8.818653347996282 0
7714 1.000000000000953 8.90525588835477 0
7715 4.363797896668473 4.496426725434784 0
7716 4.279755522833434 4.545902206548121 0
7717 8.309523511155195 6.353377775905335 0
7718 8.390804069977246 6.40394073855604 0
7719 8.30615168942623 6.450562962651982 0
7720 7.272243186440038 4.050000000001 0
7721 0.08418483700208826 8.451303282078641 0
7722 0.08418483700208826 8.55130328207864 0
7723 2.100000000005474 1.267949192440686 0
7724 2.050000000005685 1.181346652062588 0
7725 2.40000000000001 9.251666049902632 0
7726 2.453710957881697 9.347449965096475 0
7727 2.353710957881619 9.347449965072734 0
7728 8.713397459621802 2.549999999995219 0
7729 8.713397459621802 2.449999999995511 0
7730 3.050000018574204 0.8349402578593424 0
7731 2.050000000001717 4.488526329028049 0
7732 1.950000000001888 4.488526329028005 0
7733 2.000000000001821 4.401923788649754 0
7734 2.250000000006017 9.913397459621365 0
7735 8.138268590226204 5.450000000000024 0
7736 8.22487113060485 5.499999999999973 0
7737 5.146625238089333 7.944839945248746 0
7738 5.060463925855379 7.895042044520203 0
7739 1.347045677050509 0.08635967597186892 0
7740 1.247045677050831 0.08635967597186892 0
7741 6.14999999999912 7.606406520999259 0
7742 6.099999999999256 7.692890400136572 0
7743 3.799911885926913 7.519674867552648 0
7744 3.74938320149383 7.43343007808121 0
7745 3.003791390060834 0.3920207534127177 0
7746 3.053791390060456 0.478623293790747 0
7747 6.579422863410898 4.050000000002774 0
7748 4.447360474128446 7.049999999999818 0
7749 4.447362776925692 7.149999999999611 0
7750 4.360767212663943 7.099999999999715 0
7751 6.577389974806161 0.4523269253589328 0
7752 6.577126463212104 0.5490474061624457 0
7753 5.88660254037957 4.650000000002938 0
7754 2.150000000001537 4.488526329028083 0
7755 4.708352131592058 7.71827223130357 0
7756 1.155214260360903 9.337293739325009 0
7757 1.200879773346146 9.251246426520282 0
7758 1.254786925267309 9.33762877541419 0
7759 2.750000000001965 2.220577136599393 0
7760 2.800000000001896 2.133974596221339 0
7761 2.915756990520975 4.250463655098635 0
7762 2.830760598492386 4.203245585644812 0
7763 7.949999999996225 8.991858428711828 0
7764 8.000904135986367 8.904096161320025 0
7765 8.050904135986316 8.990698701692089 0
7766 8.138268590225643 6.250000000001211 0
7767 8.224871130604157 6.300000000001216 0
7768 8.138268590225664 6.350000000001272 0
7769 0.4867040367073238 1.612061975940569 0
7770 0.5408340794062886 1.703076197770107 0
7771 0.4267071121664233 1.701209934472355 0
7772 6.700113012433487 8.731985560692776 0
7773 6.750019185324915 8.818642272178499 0
7774 5.886407592445565 5.449617152003137 0
7775 5.886407592445565 5.549617152002998 0
7776 6.049999999999359 7.43403744217435 0
7777 3.150000000000392 9.165063509684071 0
7778 3.200000000000346 9.251666049894187 0
7779 3.949999999999088 8.472243189398455 0
7780 3.99999999999903 8.558845728433752 0
7781 0.1699347026554542 8.599826406132477 0
7782 0.2573899177589793 8.551303282078635 0
7783 0.258954946410257 8.648523124053829 0
7784 1.450000000002436 5.354551732811124 0
7785 4.29077524414194 5.74152174052195 0
7786 4.292096317367724 5.643886569894477 0
7787 1.250000000002588 5.700961894325162 0
7788 1.300000000002549 5.614359353946435 0
7789 8.311473670983455 5.549999999999926 0
7790 8.398076211362177 5.599999999999826 0
7791 0.9539213253172594 9.162799531238791 0
7792 7.009934603039479 0.7956682062828508 0
7793 5.889771814474729 5.845021395250406 0
7794 5.889771814474729 5.945021395250267 0
7795 2.350000000004215 2.220577136599205 0
7796 2.400000000003974 2.133974596221241 0
7797 2.450000000003696 2.220577136599225 0
7798 4.793588105755521 7.249999999999379 0
7799 4.707109599863372 7.299999999999265 0
7800 2.300000000001061 7.692833899398149 0
7801 3.200000000000066 8.558845763983584 0
7802 3.150000000000149 8.645448285905523 0
7803 1.70000000000172 7.000000006564965 0
7804 1.650000000001803 6.913397463473419 0
7805 5.308931639747978 7.049999999999871 0
7806 5.22232909936977 7.000000000000008 0
7807 5.88660254037957 4.7500000000028 0
7808 2.450000000000094 8.991858429069975 0
7809 2.400015637851519 8.905246860198536 0
7810 1.400000000008278 2.133974596221382 0
7811 1.450000000008128 2.220577136599494 0
7812 1.350000000008459 2.220577136599561 0
7813 0.700000000003032 5.960769515459302 0
7814 0.6500000000030767 5.874166975080918 0
7815 2.897461918885427 6.351648168705678 0
7816 2.897461918885427 6.251648168705955 0
7817 6.649999999998036 7.779426672451701 0
7818 2.003940738555678 9.26238478281023 0
7819 2.750000000000254 8.645448280909925 0
7820 0.7500000000030709 5.527756813567494 0
7821 7.012435565304113 1.199999999994111 0
7822 7.549999999996638 8.645448267673059 0
7823 5.949999999999604 7.265141794872839 0
7824 1.350000000002607 5.181346652054351 0
7825 5.299015216480397 2.654158403517194 0
7826 5.349083852907453 2.567516235879216 0
7827 7.618653347954169 1.949999999994981 0
7828 7.532050807575664 1.899999999994973 0
7829 8.616332700448378 3.602895236482235 0
7830 6.925818371913987 1.149974843992489 0
7831 6.839137150285088 1.09983920632327 0
7832 6.649999999997922 6.74019240184318 0
7833 8.138268590226351 5.349999999999834 0
7834 4.550912395332512 1.878413455135307 0
7835 1.200364849010213 1.787353789039555 0
7836 1.150380981789336 1.700741934397041 0
7837 3.74989720024831 7.606287347107491 0
7838 4.149955308633736 7.952590286527343 0
7839 7.272243186440002 3.950000000000935 0
7840 2.950000000000244 8.81865335391948 0
7841 3.050000000000256 8.818653354477199 0
7842 3.000000000000276 8.905255889757308 0
7843 4.613897016632651 7.555816038059803 0
7844 4.610891261432561 7.455816038060028 0
7845 8.138268590225714 6.850000000001469 0
7846 8.224871130604205 6.900000000001492 0
7847 8.138268590225721 6.950000000001513 0
7848 1.350316806018454 9.164859569526655 0
7849 1.450261260226548 9.164044215751986 0
7850 0.4017702291551703 5.095673273299305 0
7851 2.900000000002114 1.267949192440685 0
7852 2.950000000001928 1.181346652062543 0
7853 8.051666049847432 4.799999999999486 0
7854 4.620530132504191 7.149999999999603 0
7855 4.262062426529726 1.190024567449916 0
7856 6.749999999997828 6.913397532587111 0
7857 4.279664054758876 7.057492677042143 0
7858 6.747882735223551 9.906009593798906 0
7859 6.800777971711513 9.818291340107294 0
7860 0.9000007843514178 0.9215385780862704 0
7861 0.8500004593743883 0.8349362253336343 0
7862 4.982480900216708 8.203246211383949 0
7863 7.878460969089653 2.299999999995712 0
7864 5.886602540379602 5.050000000002421 0
7865 5.886602540379602 5.150000000002282 0
7866 2.100000000005481 0.9216778352315566 0
7867 2.150000000005277 1.008280375609666 0
7868 5.313372846481018 6.75000000000067 0
7869 5.313372846481018 6.650000000000947 0
7870 1.250000000003178 4.315321248271147 0
7871 1.300000000003129 4.22871870789289 0
7872 3.050000000000299 8.991858429936737 0
7873 3.100000000000349 9.078460969525253 0
7874 5.656933806677052 7.956636857292494 0
7875 4.94435496645499 1.877426136719441 0
7876 5.644460461330381 7.782703711102148 0
7877 4.880158406662643 7.199999999999503 0
7878 4.966048979595435 7.14999999999962 0
7879 1.300000000002508 5.960769515462735 0
7880 1.250000000002569 5.874166975082011 0
7881 0.5529645413890243 6.738401031135945 0
7882 3.659726347099823 5.749926467000611 0
7883 3.659726320616295 6.349926432525333 0
7884 2.500000000000813 7.692863309679951 0
7885 7.791858428711798 6.850000000001508 0
7886 7.878460969090271 6.90000000000151 0
7887 7.445448267197283 4.750000000001169 0
7888 7.445448267197332 4.850000000001197 0
7889 2.650000000003074 1.527756813574975 0
7890 2.750000000002667 1.527756813575006 0
7891 5.053596905985151 5.299995943041822 0
7892 4.274165834971782 6.750000000000432 0
7893 4.274166627342733 6.650000000000641 0
7894 4.299548593320136 0.9213584771252838 0
7895 4.349193778585691 0.8344892647185063 0
7896 8.305264692500156 6.550656789760477 0
7897 8.223984133678105 6.500093827109771 0
7898 2.203377775904213 9.249715890036827 0
7899 7.965063509468053 3.549999999999349 0
7900 7.965063509468128 3.649999999999279 0
7901 0.9000090968809802 1.267943940358112 0
7902 0.8500048208147846 1.181343868767891 0
7903 4.62054478466313 7.349999999999151 0
7904 4.620539411417944 7.249999999999378 0
7905 6.749999999997833 7.952629043071251 0
7906 3.14999999999994 7.606381532762675 0
7907 3.549627229915058 7.26459060540091 0
7908 3.598236152899917 7.17927409163312 0
7909 6.849999999997653 8.125833315939172 0
7910 2.914539025993697 5.946598583587035 0
7911 2.914539025993697 5.846598583587312 0
7912 6.663455663185335 0.5986156992698193 0
7913 6.579797936130804 5.549350354996555 0
7914 6.666462988628823 5.59924208082932 0
7915 6.580128357334706 5.648778048683622 0
7916 7.445448267197087 4.250000000001023 0
7917 1.450000000003226 3.622500925245141 0
7918 1.50000000000313 3.535898384866927 0
7919 7.449999999996782 8.472243188259569 0
7920 7.358845726818706 2.199999999995297 0
7921 1.350000000008489 2.393782217355928 0
7922 4.149999999999121 9.338268590216178 0
7923 2.350015637851513 8.818644319729341 0
7924 2.050000000001477 5.874166975082894 0
7925 1.950000000001649 5.874166975083007 0
7926 4.899869434846922 2.303606540687916 0
7927 4.84922541676519 2.217375824322505 0
7928 0.8989314270642398 7.692120384317616 0
7929 7.61865334795476 6.350000000001427 0
7930 7.705255888333237 6.400000000001414 0
7931 3.799999999999347 8.905255888390158 0
7932 3.749999999999415 8.818653348106221 0
7933 3.84999999999923 8.818653348151333 0
7934 0.5500000000031355 5.874166975080891 0
7935 0.6000000000031174 5.787564434702609 0
7936 3.84999999999917 8.299038116699982 0
7937 3.899999999999136 8.385640652831057 0
7938 0.6955341801296296 4.577201463622172 0
7939 0.6447898768172835 4.664149436369855 0
7940 0.5994526267975031 5.440487647461834 0
7941 0.549452626797555 5.353885107083459 0
7942 7.445448267197415 5.150000000001328 0
7943 7.445448267197433 5.250000000001348 0
7944 1.200008817314854 8.212430475246423 0
7945 1.900000000001433 7.346410329745822 0
7946 1.850000000001507 7.259807721003241 0
7947 2.150000000001285 6.047372055837516 0
7948 3.949999999999093 8.645448268588265 0
7949 3.449730029666248 7.091315961946001 0
7950 7.445448267197546 5.550000000001242 0
7951 7.445448267197598 5.650000000001256 0
7952 4.278848724517884 6.954960347125419 0
7953 4.278849887203977 6.854960347125626 0
7954 8.311473670983478 5.449999999999775 0
7955 8.305522325772671 5.351723355052532 0
7956 8.392124866151274 5.401723355052485 0
7957 4.249999999998696 8.299038106088917 0
7958 7.445448267197772 6.150000000001454 0
7959 1.600000000007372 0.7483339501720057 0
7960 1.550000000007554 0.6617314097938448 0
7961 1.650000000007206 0.661731409793852 0
7962 5.226770306102811 6.800000000000528 0
7963 7.791858428711699 6.350000000001375 0
7964 7.878460969090161 6.300000000001317 0
7965 8.13753347057531 7.448551748943808 0
7966 8.221733804791302 7.493972412508984 0
7967 8.134609094052738 7.542975721319907 0
7968 0.4362490726908539 5.880987703338797 0
7969 0.7500000000039617 4.142116167514264 0
7970 7.358845726818449 2.399999999995625 0
7971 2.250000000001084 7.952630728577549 0
7972 2.350000000000994 7.952630670959321 0
7973 2.300000000001035 8.039231470296549 0
7974 1.350000000002512 5.527756813568036 0
7975 1.150000000001047 8.818653348073408 0
7976 1.400000000002193 6.480384757844242 0
7977 1.350000000002257 6.393782217376121 0
7978 1.200000000002622 5.787564434703485 0
7979 1.150000000002693 5.700961894324621 0
7980 1.300000000002638 5.267949192432658 0
7981 1.250000000002725 5.181346652054296 0
7982 7.849999999996339 8.81865334798283 0
7983 4.524321072987133 7.40581603806014 0
7984 3.250000000000318 9.338268590261324 0
7985 3.150000000000369 9.338268590243223 0
7986 2.950000000000279 7.952639525872337 0
7987 3.049999999999594 2.913397459622232 0
7988 3.149999999998813 2.913397459622232 0
7989 3.050000000000178 8.125835901533328 0
7990 0.4509499149244264 5.353741035653038 0
7991 2.915756990520975 4.350463655098358 0
7992 7.34999999999692 8.299038111964265 0
7993 1.2500000000026 6.047372055841708 0
7994 5.051977181310493 7.099999999999752 0
7995 4.966173030147488 7.049999999999873 0
7996 2.050000000001455 6.220577136663011 0
7997 1.95000000000164 6.220577136674502 0
7998 2.000000000001558 6.133974596227279 0
7999 5.146010403452412 2.222880531236406 0
8000 8.104465819870677 8.035961277494266 0
8001 8.051615548759244 7.95401422586897 0
8002 8.156081368633359 7.950745018823419 0
8003 1.546954313133114 9.324659622179965 0
8004 1.497581460677064 9.407016219228684 0
8005 1.550000000001148 8.645448269278356 0
8006 1.50000000000111 8.732050808644212 0
8007 5.13498225567925 7.049999999999874 0
8008 0.9500000000028792 5.700961894324358 0
8009 0.8500000000029644 5.700961894324298 0
8010 5.366987405161856 1.349999999993698 0
8011 0.7500000000030398 5.700961894324259 0
8012 0.0888543020719722 9.250920199901538 0
8013 0.0888543020719722 9.350920199901537 0
8014 2.839094057002796 5.795965305853261 0
8015 1.450129770842383 3.968999075220674 0
8016 0.6024930118212403 1.439860929053438 0
8017 0.6504183920464846 1.527539587635589 0
8018 0.5529056237219448 1.52624958065617 0
8019 6.038745069221261 9.239112782657283 0
8020 5.942372646390641 9.229438784283165 0
8021 5.9963724228381 9.143648594593124 0
8022 8.148730809021171 4.95289523648827 0
8023 8.148730809021252 5.052895236488344 0
8024 4.192248486936874 6.804960347125721 0
8025 5.446132486540487 2.915630369558637 0
8026 5.546132486540227 2.915630369558637 0
8027 6.34953086446324 9.913776657366192 0
8028 5.554522577843559 8.128445562217838 0
8029 7.399999999996917 7.866025406286681 0
8030 7.349999999996951 7.779422866111299 0
8031 7.449999999996861 7.779422864035848 0
8032 4.533965317303949 7.199999999999488 0
8033 1.050000000002789 5.700961894324474 0
8034 1.100000000002755 5.61435935394615 0
8035 4.453884869154992 4.746933351640653 0
8036 3.650022157539325 1.181482814111998 0
8037 1.300000000008624 2.307179676977752 0
8038 1.250000000008804 2.393782217356007 0
8039 2.250000000004822 1.527756813574919 0
8040 2.350000000004385 1.527756813574941 0
8041 0.6613619483251533 8.464713108026496 0
8042 5.975681531155215 5.793821389403631 0
8043 5.449370535599409 8.818289940505894 0
8044 7.964992089408364 7.349074540621704 0
8045 8.051027201976222 7.398645320395323 0
8046 8.197464189810322 9.250201999143647 0
8047 8.247041554779321 9.33656053107276 0
8048 8.149577364965069 9.338024581766467 0
8049 6.397766684316101 7.173582879350626 0
8050 3.100000000001607 0.9215390309271674 0
8051 3.150000000001294 1.00814157130524 0
8052 6.333797690647738 9.385448096257123 0
8053 6.400766254724428 9.480827155100002 0
8054 7.87846096908962 3.49999999999944 0
8055 5.953377775910797 9.742142538693047 0
8056 6.0533777759104 9.742142538693081 0
8057 5.886602540381686 0.9499999999932294 0
8058 0.6500000000041568 3.968911086757527 0
8059 0.7000000000041404 3.882308546379206 0
8060 7.965063509468642 6.250000000001265 0
8061 8.051666049847118 6.200000000001209 0
8062 8.453589838485801 4.499999999991612 0
8063 6.588889673174429 6.126609171672635 0
8064 6.643310488073943 6.210659353690059 0
8065 1.250000000002671 5.354551732811051 0
8066 3.749985314320523 7.779432809871775 0
8067 0.8000000000037821 4.401923788649313 0
8068 0.7500000000038136 4.488526329027653 0
8069 8.138268590225813 4.649999999999322 0
8070 3.150000000000089 8.472243341076535 0
8071 2.100000000005473 1.96076951546516 0
8072 2.050000000005713 1.874166975087113 0
8073 5.902585744341635 6.251695943909711 0
8074 5.902585744341635 6.351695943909572 0
8075 1.85000000000647 1.008141571306376 0
8076 7.791858428711781 6.750000000001491 0
8077 1.300268052336085 1.960614755381647 0
8078 1.250312727724178 1.873986421656203 0
8079 1.350044675396353 1.874141181739655 0
8080 2.600000000000179 8.905255889445082 0
8081 5.140168750572776 6.550000000001162 0
8082 5.22677030610288 6.600000000001081 0
8083 6.699999999997873 6.653589847290474 0
8084 6.749999999997815 6.566987303404753 0
8085 2.850000000002266 1.527756813575009 0
8086 2.950000000001858 1.527756813575025 0
8087 4.278245302493279 6.449849997785579 0
8088 4.200375047766112 6.398085971731543 0
8089 0.8014934357618495 0.747471714636212 0
8090 0.7517422109969991 0.6607255438090049 0
8091 7.9650635094686 4.349999999999259 0
8092 5.041338091205539 2.052373011213352 0
8093 6.579476445229698 5.44990719357142 0
8094 1.900000000006564 2.653589838489093 0
8095 1.850000000006802 2.566987298111035 0
8096 1.950000000006319 2.566987298111019 0
8097 1.84943703735577 0.6621952407351062 0
8098 1.899437037355594 0.5755927003569901 0
8099 7.965063509468527 4.24999999999921 0
8100 7.878460969090088 4.299999999999295 0
8101 1.950000000006082 1.181346652062582 0
8102 1.150000000002674 5.87416697508147 0
8103 1.100000000002737 5.960769515459608 0
8104 8.13707024266278 5.154147541160727 0
8105 8.137070242662855 5.254147541160799 0
8106 6.396153088558793 9.82912427681571 0
8107 4.279726469992066 3.545934386933281 0
8108 4.277752626413462 3.448299958842262 0
8109 2.807522414065862 6.194458009627642 0
8110 1.05000000000095 8.991858428729945 0
8111 2.100000000001356 6.307179677041288 0
8112 7.965063509467785 2.849999999999595 0
8113 8.71339745962181 2.149999999996387 0
8114 8.71339745962181 2.049999999996679 0
8115 8.71339745962181 2.349999999995803 0
8116 8.71339745962181 2.249999999996095 0
8117 8.719348804832304 2.748276644941746 0
8118 8.719348804832304 2.648276644942038 0
8119 5.538982325982318 0.5520958730695344 0
8120 5.444644347606309 0.4869684206185468 0
8121 5.530036835099749 0.4390642936953698 0
8122 1.305358527019352 9.419170018688241 0
8123 7.965063509468743 6.850000000001486 0
8124 7.965063509468727 6.75000000000145 0
8125 8.051666049847213 6.800000000001452 0
8126 3.050000000001419 1.181346652062457 0
8127 0.6965373546746374 3.344411002300488 0
8128 0.6500000000102824 3.433012701895423 0
8129 7.899999999996481 8.385640646070344 0
8130 7.849999999996504 8.299038105693452 0
8131 7.949999999996479 8.299038105678394 0
8132 8.309523511155174 6.253377775905274 0
8133 8.321497907901133 6.153791381117646 0
8134 8.406150288452171 6.207169157021765 0
8135 2.700000000002906 1.267949192440711 0
8136 2.650000000003113 1.181346652062599 0
8137 8.71339745962181 1.949999999996971 0
8138 8.71339745962181 1.849999999997262 0
8139 2.850000000000385 7.779469867496431 0
8140 5.226799705306453 4.999997085683338 0
8141 8.138268590225611 6.150000000001153 0
8142 8.099999999996145 9.078460969082107 0
8143 8.150904135986288 8.990698701690304 0
8144 6.847729299130766 6.56822042649975 0
8145 6.959335629076832 6.572455925247239 0
8146 6.911606329943845 6.657825344892995 0
8147 2.250000000004865 1.008280375609681 0
8148 2.050000000001762 4.315321248271502 0
8149 7.791858428711727 6.450000000001413 0
8150 2.816314879150831 4.803615243764753 0
8151 7.199999999997374 7.173205101568058 0
8152 7.14999999999741 7.089444258947904 0
8153 7.249999999997319 7.089444246470485 0
8154 3.749999999999293 8.299038134174182 0
8155 1.750000000001245 8.299038136595094 0
8156 1.700000000001224 8.385640664124956 0
8157 1.650000000001304 8.299038128830212 0
8158 6.799999999997798 7.173205410528102 0
8159 6.849999999997728 7.086602661695676 0
8160 6.579422863412486 4.450000000001332 0
8161 6.57942286341255 4.550000000001237 0
8162 5.449509000445913 8.115666787295067 0
8163 5.502534617212904 8.030811942028098 0
8164 0.8032502719748389 3.175081626154249 0
8165 0.8465373546743915 3.257808461922124 0
8166 0.7497876266393976 3.259685007316002 0
8167 6.579422863412759 5.050000000000912 0
8168 6.579422863412793 5.150000000000835 0
8169 1.900000000001729 5.960769515464039 0
8170 1.850000000001819 5.874166975083943 0
8171 0.7498727447555887 5.008215931285995 0
8172 0.8498340651513328 5.008221132034121 0
8173 1.200000000001013 8.905255888455628 0
8174 8.309523511155211 6.953377775905665 0
8175 8.393850865068035 7.000562962651824 0
8176 8.309198484517035 7.047185186747695 0
8177 5.850779582057308 8.126286037690075 0
8178 2.150000000001594 4.315321248271543 0
8179 1.700000000007196 1.960769515465136 0
8180 1.650000000007424 1.874166975086998 0
8181 1.750000000007041 1.874166975087012 0
8182 6.666025403790872 4.400000000001326 0
8183 4.983023487073689 7.949498252613425 0
8184 1.79415208185834 0.397637910603068 0
8185 1.846966895111706 0.4819212962751924 0
8186 1.40000000000247 5.441154273189516 0
8187 6.752604054337991 1.149959545652581 0
8188 2.05000000000117 8.125833381965599 0
8189 2.000000000001169 8.212435750337892 0
8190 7.799999999996476 8.558845726908466 0
8191 7.749999999996521 8.47224318652815 0
8192 7.84999999999646 8.472243186465718 0
8193 5.250073021338252 8.472285378090358 0
8194 5.150037235144754 8.472264700464985 0
8195 7.999999999996512 8.212435565299213 0
8196 7.949999999996534 8.125833024920659 0
8197 8.049999999996544 8.125833024918371 0
8198 3.800007927348735 2.133761535735337 0
8199 3.749994820928919 2.047216635180309 0
8200 3.999999999999054 8.905255888445435 0
8201 3.949999999999105 8.81865334827144 0
8202 1.050000000002831 5.527756813567675 0
8203 7.965053306603 7.24986779151875 0
8204 3.699779522194593 1.268163937260748 0
8205 3.74967966192113 1.354819108221045 0
8206 4.447372055839445 7.249999999999385 0
8207 1.151299851896876 3.459399209374469 0
8208 1.197962887455399 3.371340420082877 0
8209 6.15145692649528 9.398523693909137 0
8210 6.046407212052991 9.404973222610904 0
8211 6.089795007216091 9.318453443645556 0
8212 2.150000000001192 7.952629333245453 0
8213 2.100000000001186 8.039231237741234 0
8214 7.299999999997016 8.039230498278485 0
8215 7.249999999997067 7.952627957534792 0
8216 7.349999999996958 7.952627949105825 0
8217 1.350000000002839 4.661731409784354 0
8218 7.965063509468669 6.350000000001319 0
8219 2.908470370194073 6.947155343592621 0
8220 2.908470370194073 6.847155343592898 0
8221 2.200000000005041 1.441154273196851 0
8222 2.150000000005269 1.354551732818765 0
8223 8.309523511155206 6.853377775905621 0
8224 3.699989776442377 1.960774424072551 0
8225 5.400748480538955 8.212867986389918 0
8226 5.348760519908299 8.115234366200179 0
8227 6.103940738560883 9.655865024952892 0
8228 4.049999999999027 8.99185842877292 0
8229 3.949999999999136 8.991858428762757 0
8230 4.549999999998652 9.165063509459713 0
8231 0.5971182279724949 4.751635344483809 0
8232 0.8996484236420459 2.99979701729325 0
8233 0.9467829045512552 3.084745149453125 0
8234 0.8528655191006236 3.088256948600497 0
8235 2.911440200080373 6.755087588742947 0
8236 2.911440200080373 6.655087588743225 0
8237 6.925818371913957 1.249974843992704 0
8238 1.650000000001213 8.472243194597079 0
8239 1.600000000001178 8.558845731183037 0
8240 6.749999999997828 6.740192400698213 0
8241 6.579422863412599 4.65000000000118 0
8242 6.579422863412645 4.7500000000011 0
8243 4.799025562507178 2.134076890474318 0
8244 4.748791646866748 2.047609401354022 0
8245 7.350740534651067 9.338944626349207 0
8246 5.140192378865292 4.450000000007107 0
8247 1.450000000000998 8.81865334847334 0
8248 1.400000000000943 8.90525588861278 0
8249 2.299435987621462 6.653264205786435 0
8250 2.249919426803995 6.566940779150278 0
8251 1.150800183111229 9.164616242559223 0
8252 1.250372848017635 9.164951278648404 0
8253 3.449999999999712 8.299038283203098 0
8254 3.349999999999842 8.299038481644237 0
8255 2.550000000000758 7.779462834246086 0
8256 2.450000000000875 7.779441117034058 0
8257 5.050009373867601 8.472248602574897 0
8258 5.000004730321667 8.558848459971779 0
8259 7.705255888332665 1.99999999999494 0
8260 1.004300715542518 2.829277938517909 0
8261 0.9505570018556719 2.913719044791245 0
8262 7.965063509468757 6.950000000001512 0
8263 5.982230688164153 6.803751555655943 0
8264 8.402005714313852 6.604456611799771 0
8265 8.319838158565727 6.65398747625756 0
8266 7.618653347954645 6.050000000001369 0
8267 7.618653347954603 5.950000000001333 0
8268 3.249999999999966 8.299038534575054 0
8269 2.050000000005679 1.354551732818759 0
8270 1.20000000000895 2.480384757734217 0
8271 1.15000000000912 2.566987298112464 0
8272 6.699999999997958 7.346411742009256 0
8273 6.749999999997865 7.259808019270674 0
8274 2.800000000000251 8.558845757790746 0
8275 1.103159709380431 2.655414097546713 0
8276 1.053686327609112 2.742320681100978 0
8277 5.625584866360859 0.6020958730696038 0
8278 8.713397459621802 1.749999999997554 0
8279 8.713397459621802 1.649999999997846 0
8280 5.30019951573794 8.385755922892734 0
8281 1.850000000001802 6.220577136765211 0
8282 3.649980161012768 7.779436304870339 0
8283 8.482728591912272 6.35337777590529 0
8284 8.479356770183307 6.450562962651938 0
8285 3.849999999999252 8.991858428767706 0
8286 3.749999999999436 8.991858428722594 0
8287 2.252814813253884 9.329704545061031 0
8288 2.306525771135571 9.425488460254876 0
8289 7.791858428711132 2.049999999994923 0
8290 6.849999999997742 7.25980782221062 0
8291 6.949999999997628 7.259807721003054 0
8292 8.223672783041376 5.304147541160787 0
8293 8.138268590225895 4.749999999999385 0
8294 8.138268590225977 4.849999999999454 0
8295 8.472567251575015 6.953444795267774 0
8296 8.472242224936839 7.047252206109805 0
8297 8.71934880483259 3.351723355046443 0
8298 8.71934880483259 3.251723355046735 0
8299 6.579420019383486 1.249995184001064 0
8300 1.850000000001204 8.299038178101057 0
8301 5.366987298110296 0.7499999999928989 0
8302 1.204671750221711 3.712271050274391 0
8303 1.25077862503989 3.796233936776744 0
8304 2.250000000005008 3.086132191974228 0
8305 2.204004357334516 3.169874075764559 0
8306 2.15400435733468 3.083741883791478 0
8307 6.406217782650683 3.45000000000587 0
8308 8.234135001836353 5.107042777649368 0
8309 1.700000000002374 4.228718707893059 0
8310 2.200000000001466 4.401923788649838 0
8311 2.25000000000141 4.315321248271584 0
8312 2.350000000000986 7.779435760854122 0
8313 2.250000000001117 7.779428067784348 0
8314 5.348969578914083 8.991263518409724 0
8315 5.399176133552514 8.904780234190964 0
8316 7.791858428711043 3.349999999999643 0
8317 7.791858428710984 3.249999999999699 0
8318 2.829154450142772 4.400463655098219 0
8319 6.752754456792847 5.549780873709784 0
8320 0.8500018447959601 1.008140506216642 0
8321 5.711985731258673 0.5524451852489655 0
8322 5.713195784143775 0.6503493121722117 0
8323 3.249993987807281 7.606277011310398 0
8324 3.299992985775145 7.692838289986015 0
8325 1.750000000006842 0.8349364905501404 0
8326 1.800000000006656 0.7483339501720261 0
8327 2.303235383733675 4.227113531496051 0
8328 5.94945607511854 8.647151828863041 0
8329 7.618577401819891 0.4427724783727249 0
8330 1.850000000002194 3.968911086758297 0
8331 8.297560312264782 9.081948469705891 0
8332 8.255424815936987 8.984900066623183 0
8333 8.352985128205654 8.988387567248752 0
8334 2.20000000000115 7.866028533908223 0
8335 2.150000000001225 7.779426672452251 0
8336 7.791858428711173 2.249999999995127 0
8337 3.150000000000082 8.299038822738266 0
8338 1.05065355422032 9.164686179761159 0
8339 1.004574879536679 9.249024741908734 0
8340 3.050000000000017 7.260551924447112 0
8341 2.750000000000498 7.60641189424493 0
8342 2.700000000000569 7.692890400137164 0
8343 2.350000000004429 1.181346652062622 0
8344 4.278245048656154 6.549849997785369 0
8345 7.847185186742895 9.50919848450598 0
8346 1.550000000000972 8.818653348853847 0
8347 5.350165448603638 8.299133698951781 0
8348 5.711985731256857 0.4379245506324032 0
8349 0.6455341801297093 4.490598923243795 0
8350 0.6000000000039815 4.401923788649222 0
8351 0.4493654834731544 4.839414588475812 0
8352 0.5477129447288858 4.838472676110271 0
8353 2.050109464960184 8.818590150151651 0
8354 2.000237174079964 8.905479898429963 0
8355 1.950158984823084 8.818922502452866 0
8356 6.249999999998876 7.606281590972277 0
8357 6.349999999998648 7.60625987376026 0
8358 6.797729299130802 6.481617883758997 0
8359 2.950000000000329 9.511473670983539 0
8360 3.050000000000472 9.511473670983516 0
8361 3.000000000000434 9.598076211351689 0
8362 7.445448267197406 5.050000000001245 0
8363 8.138268590225698 6.750000000001433 0
8364 0.0931428631425635 8.861124995021022 0
8365 0.0931428631425635 8.961124995021024 0
8366 2.150000000005256 1.527756813574905 0
8367 2.60000000000331 1.441154273196897 0
8368 8.361011825896668 9.332592032107929 0
8369 5.626794919245915 0.7999999999929899 0
8370 3.649892046940555 7.606290842106056 0
8371 6.14379478366355 9.232663253955515 0
8372 5.249568148980436 9.164814180390611 0
8373 5.299063698065072 9.077920395545185 0
8374 6.599999999998154 7.519623916927411 0
8375 6.649999999998043 7.433015807140013 0
8376 4.3641667177789 4.099882042637285 0
8377 4.28299761286043 4.148123176401581 0
8378 4.286222459499019 4.048202729044926 0
8379 8.31136719633756 7.449774220067276 0
8380 8.308442819814989 7.544198192443373 0
8381 1.100000000003456 4.228718707892789 0
8382 1.900000000006278 1.267949192440688 0
8383 1.850000000006476 1.181346652062591 0
8384 1.350000000002553 5.354551732811107 0
8385 7.049999999997522 7.259807671291768 0
8386 7.149999999997392 7.259807646138609 0
8387 4.880151312900961 6.999999999999961 0
8388 3.050000000000183 8.6454482841242 0
8389 3.100000000000191 8.732050820420692 0
8390 7.445448267197367 4.950000000001221 0
8391 6.600055166862999 8.558813881345287 0
8392 6.650115111959943 8.645381812405818 0
8393 1.650000000001114 8.6454482709294 0
8394 1.750000000000948 8.645448270823923 0
8395 1.700000000000918 8.73205080891924 0
8396 2.950000000000188 7.265017744320962 0
8397 2.900000000000266 7.348022818689752 0
8398 4.281760986068465 2.946726098297559 0
8399 7.791858428711151 2.149999999994892 0
8400 5.366987298110336 0.5499999999927307 0
8401 5.358041807227767 0.4369684206185662 0
8402 4.449999999998822 9.338268590214561 0
8403 0.1788927287959294 8.809648119074859 0
8404 1.950000000001651 6.047372055850937 0
8405 1.850000000001821 6.047372055851874 0
8406 1.150000000003349 4.315321248271117 0
8407 1.050000000003496 4.315321248271058 0
8408 0.4413005877161942 6.730083674845174 0
8409 0.4882825587357047 6.645219964789418 0
8410 2.45000000000061 8.299038832948234 0
8411 2.550000000000567 8.29903883687915 0
8412 3.150000000000981 1.181346652061757 0
8413 3.100000000001303 1.267949192439983 0
8414 5.99252524916106 6.194505784831533 0
8415 8.204675768767295 7.866529887804026 0
8416 5.34966412550608 8.818459445472406 0
8417 3.843134948607577 7.265849451607348 0
8418 3.940491526441627 7.267638206536649 0
8419 4.349232163507619 1.007709698689026 0
8420 2.734365920187726 4.256736203830262 0
8421 2.733612537638162 4.159054479285571 0
8422 2.850000000000353 7.433951020404872 0
8423 2.800000000000419 7.519841593337729 0
8424 5.366987298110331 0.6499999999927857 0
8425 1.200000000003218 4.401923788649417 0
8426 8.138151912714786 7.349642011584399 0
8427 0.441203597656741 6.556962789626257 0
8428 2.200000000005005 2.133974596221211 0
8429 2.150000000005259 2.047372055843181 0
8430 2.250000000004747 2.047372055843191 0
8431 7.791858428711745 6.550000000001441 0
8432 7.791858428711764 6.650000000001464 0
8433 2.000000000005956 1.441154273196815 0
8434 1.950000000006161 1.354551732818737 0
8435 3.699965475333979 7.692843696575588 0
8436 1.45000000000793 0.6617314097938057 0
8437 4.621884883150747 4.6493598596166 0
8438 4.707452209384654 4.699825729073399 0
8439 0.9500000000036368 4.315321248271041 0
8440 0.8500000000037655 4.315321248270991 0
8441 1.057097581418605 9.346384422053507 0
8442 0.9603653525155447 9.344497773531138 0
8443 7.64999999999659 8.472243186832664 0
8444 7.699999999996574 8.385640646389916 0
8445 7.249999999997301 7.25980763366119 0
8446 7.346641164759209 7.261746851818203 0
8447 7.296641164759227 7.348349396388754 0
8448 2.350000000004294 2.047372055843221 0
8449 7.965063509468184 3.749999999999229 0
8450 7.965063509468244 3.849999999999201 0
8451 0.646849511302366 5.527027147766914 0
8452 2.050000000001467 6.047372055839446 0
8453 7.878460969089847 3.899999999999242 0
8454 7.791858428711407 3.94999999999933 0
8455 7.791858428711357 3.849999999999358 0
8456 1.750000000001154 8.472243202361959 0
8457 4.443039469778537 1.007221260309529 0
8458 4.393807306272391 1.094255673298014 0
8459 7.878460969090241 6.700000000001458 0
8460 0.7416009419999228 0.4868781897940601 0
8461 0.7914004380532599 0.4053883653414762 0
8462 8.154465819870655 8.12256381787282 0
8463 4.274183517757324 3.049981033511932 0
8464 1.750000003000849 7.086602562579443 0
8465 1.650000000002481 4.142116167514756 0
8466 1.250000000008773 2.220577136599641 0
8467 6.579413626592226 1.149984701654006 0
8468 6.449999999998438 7.606235432553739 0
8469 6.549999999998236 7.606227739483982 0
8470 8.304323978209172 5.255870896213496 0
8471 4.96699033869856 6.450000000001216 0
8472 2.550000000000154 8.991858429177626 0
8473 2.500000000000109 9.078460969346782 0
8474 2.450000000000068 9.165063509582751 0
8475 4.393393656236369 0.7374817319349096 0
8476 7.185640646061356 1.699999999995009 0
8477 7.965061808991141 7.14997796525443 0
8478 8.051654146503839 7.199845756771593 0
8479 6.900322398051721 7.000591349925268 0
8480 6.950322398051668 7.087193901697641 0
8481 0.5500000000042512 3.968911086757485 0
8482 0.446943668188442 3.97048623609414 0
8483 0.4969436681884413 3.883883695715811 0
8484 2.400000000001556 3.709652205429195 0
8485 2.348039021235279 3.610659415809762 0
8486 2.448039021235294 3.610267458805569 0
8487 7.298255588898678 7.005839528373921 0
8488 7.348255588898643 7.089600370994074 0
8489 2.353235383733546 4.313716071874346 0
8490 0.6468495113023349 5.700232228523679 0
8491 6.949999999997486 8.125833132928832 0
8492 7.049999999997327 8.125833091422843 0
8493 2.349413478531897 6.739320045730808 0
8494 2.900000000000337 8.03923471762208 0
8495 2.850000000000386 7.952639153360256 0
8496 4.96607951461602 6.950000000000093 0
8497 5.886637355663079 1.749999999996242 0
8498 5.973249565764135 1.799999999996277 0
8499 7.96506350946871 6.650000000001423 0
8500 0.6000000000041575 4.055513627135857 0
8501 1.800000000007018 2.826794919245221 0
8502 1.850000000006819 2.913397459623289 0
8503 1.750000000007272 2.91339745962334 0
8504 2.150000000001111 8.125833672139143 0
8505 0.850017340417064 1.354541721328656 0
8506 1.050383670586068 1.700740382019669 0
8507 8.138268590225671 6.450000000001309 0
8508 8.051666049847157 6.400000000001304 0
8509 0.6968495113023161 5.613629688145302 0
8510 8.632746264454388 3.401723355046297 0
8511 5.053566210194495 6.500000000001181 0
8512 1.600000548404269 8.212435273090398 0
8513 0.950077532720397 1.527712050042498 0
8514 1.350797820878843 9.506370080254886 0
8515 1.254560706141557 9.51087614978556 0
8516 0.7500000000038768 4.315321248270953 0
8517 5.800969749751099 8.212996642458238 0
8518 5.850423590896783 8.299283409558408 0
8519 4.3613727603379 4.299308714965848 0
8520 4.280402608033791 4.249474292314288 0
8521 6.249999999998859 7.434113782891261 0
8522 6.299999999998739 7.347486488265363 0
8523 7.705255888332699 2.199999999995189 0
8524 6.647882735223946 9.906009593798906 0
8525 4.449999999998779 8.991858428717617 0
8526 7.749999999996552 8.299038106097665 0
8527 7.79999999999655 8.212435565705714 0
8528 7.532050807576195 6.100000000001423 0
8529 2.950000000000287 8.991858429379018 0
8530 6.64999999999806 7.606222383771276 0
8531 1.55000000000804 2.566987298111584 0
8532 1.500000000008267 2.653589838489853 0
8533 1.700000000007024 0.9215390309282789 0
8534 1.650000000007205 0.8349364905501516 0
8535 7.14999999999719 8.125833054003438 0
8536 7.249999999997058 8.125833040849205 0
8537 8.049999999996123 9.165063509460623 0
8538 7.99999999999612 9.25166604983794 0
8539 0.6483587726122073 0.6664704619567272 0
8540 0.6971143735424437 0.5805863757163183 0
8541 7.449999999996868 7.952627947030375 0
8542 6.839215831535292 1.2999748439928 0
8543 2.156192589158165 9.327754385218968 0
8544 0.3982704511663192 4.066377458923697 0
8545 8.049999999996489 8.299038105676106 0
8546 8.199999999996558 8.212435565296207 0
8547 6.199999999998994 7.519803085080143 0
8548 2.050000000005723 1.700961894331014 0
8549 2.100000000005501 1.614359353952967 0
8550 2.85000000000024 8.645448293565785 0
8551 0.7503720105459333 1.529569764312084 0
8552 7.549999999996762 7.952627944853353 0
8553 7.499999999996803 8.039230487672496 0
8554 2.100000000001378 5.960769515461173 0
8555 7.878460969089741 3.699999999999321 0
8556 6.24818861555103 9.39663673370595 0
8557 6.280453796755088 9.300815277494962 0
8558 2.400000000003926 2.480384757733113 0
8559 2.350000000004222 2.393782217355158 0
8560 4.399992002517383 2.134219538583427 0
8561 6.99999999999757 7.173205163756763 0
8562 4.191642856018099 6.599849997785255 0
8563 7.099999999997264 8.039230544126859 0
8564 6.745423906200872 6.394190600259472 0
8565 5.920607405226912 9.646612753762554 0
8566 4.442664204664442 0.8236677529169436 0
8567 1.350000000003472 3.622500925245113 0
8568 1.254004357333394 3.624812842027297 0
8569 1.749437037356137 0.6621952407350931 0
8570 6.899999999997569 8.039230764556605 0
8571 4.698904593880261 1.962048356622193 0
8572 4.649494999775345 1.87898339409902 0
8573 0.4387786564820795 1.524383317358418 0
8574 8.626794919243611 2.399999999995657 0
8575 0.5500000000103942 3.433012701895454 0
8576 6.20480082038793 9.483156512671298 0
8577 7.445448267197681 5.950000000001451 0
8578 7.445448267197723 6.050000000001457 0
8579 2.400000000000931 7.866035285420256 0
8580 2.450000000000882 7.952636027139257 0
8581 5.999999999999432 7.183025749460398 0
8582 6.049999999999308 7.266030823829135 0
8583 7.949999999996435 8.472243186450658 0
8584 8.048375019119586 8.471305003288869 0
8585 7.998375019119566 8.557907543684241 0
8586 8.632746264454106 2.598276644942183 0
8587 8.224871130604358 4.699999999999291 0
8588 7.878460969090206 6.500000000001402 0
8589 0.6532502719750846 3.261684166532612 0
8590 7.64999999999655 8.645448267367724 0
8591 7.749999999996469 8.645448267298397 0
8592 5.054392031708921 9.523150574015933 0
8593 5.003775017386117 9.608091000666304 0
8594 7.596834286674809 7.867853129550703 0
8595 7.646834286674744 7.954455670192824 0
8596 3.899999999999225 9.07846096909519 0
8597 3.849999999999187 8.472243192501526 0
8598 1.150588225949946 1.873827362681547 0
8599 2.850000000002283 1.354551732818799 0
8600 2.950000000001909 1.354551732818798 0
8601 7.79185842871154 5.750000000000965 0
8602 3.849999999999303 9.165063509470887 0
8603 7.399999999996876 8.212435571767442 0
8604 7.449999999996806 8.299038108740749 0
8605 0.7561157910656295 3.090133493994375 0
8606 4.249955308633552 7.952590286336156 0
8607 2.950000000000231 8.645448294542987 0
8608 2.900000000000234 8.732050817662167 0
8609 1.750000000007236 2.566987298111205 0
8610 1.80000000000699 2.480384757733131 0
8611 0.5510969761526594 3.243334530045289 0
8612 0.6043472481174197 3.158608535060803 0
8613 0.7514936336793014 0.8340741407468361 0
8614 7.349999999996949 8.125833032420235 0
8615 7.099038105682531 2.849999999998831 0
8616 7.445448267197114 1.74999999999489 0
8617 7.445448267197108 1.649999999994825 0
8618 1.750000000002359 3.968911086758248 0
8619 1.450747870284836 2.740099994574843 0
8620 1.40083563998987 2.82628286041067 0
8621 2.650000000000637 7.779465799292052 0
8622 2.600000000000699 7.866043606646159 0
8623 0.8566396164050403 2.917230843938617 0
8624 0.7533732089063012 2.911243745012863 0
8625 0.8042817871199273 2.825165772510858 0
8626 3.050000000000353 9.165063509717267 0
8627 3.000000000000338 9.251666049899864 0
8628 2.950000000000294 9.165063509741046 0
8629 5.19378221735329 0.5499999999927931 0
8630 5.28038475773179 0.5999999999928052 0
8631 1.300908395879088 3.88292446561754 0
8632 7.599999999996625 8.558845727276232 0
8633 2.650000000000194 8.991858429721889 0
8634 8.714595807185422 3.854147541153289 0
8635 2.850000000000254 8.818653352942277 0
8636 2.800000000000241 8.905255889594468 0
8637 2.850000000000248 9.511473670982076 0
8638 2.801723355053733 9.59212486614191 0
8639 2.751723355053691 9.505522325772276 0
8640 4.39999999999884 9.598076211348904 0
8641 4.349999999998998 9.511473670970766 0
8642 4.053377775893518 0.08465238055054145 0
8643 1.111004733339768 9.432766770947413 0
8644 5.100544082883507 9.426491137361477 0
8645 0.95693380668526 2.74419561401968 0
8646 1.947529857762049 0.4814574653340093 0
8647 2.000425094248976 0.3944530623429604 0
8648 3.751723355043683 0.08065119516768265 0
8649 3.651723355043976 0.08065119516768265 0
8650 6.801934388322123 6.827500867142293 0
8651 6.851934388322075 6.914103444478485 0
8652 5.348603397917513 2.740998707453563 0
8653 5.249122647409919 2.740698918619439 0
8654 6.579422863412729 4.95000000000098 0
8655 8.626794919243618 2.199999999996241 0
8656 5.101432174934259 2.663720926705496 0
8657 5.051598792348036 2.57702218971855 0
8658 2.05000000000573 2.04737205584318 0
8659 1.053159709380543 2.5688115571685 0
8660 5.191971568429071 8.201502625828322 0
8661 5.250034067135642 8.299057789235984 0
8662 1.150000000009085 2.393782217356041 0
8663 7.965063509468677 6.450000000001358 0
8664 7.965063509468695 6.550000000001386 0
8665 0.638217503615131 0.4926231079417824 0
8666 6.579422863412688 4.850000000001055 0
8667 3.050000000000174 8.472243317341652 0
8668 3.000000000000189 8.558845760027818 0
8669 0.7000000000039641 4.228718707892584 0
8670 0.6500000000040655 4.142116167514219 0
8671 1.550000000007554 0.8349364905501444 0
8672 7.965063509468294 3.949999999999172 0
8673 8.626794919243618 1.999999999996825 0
8674 6.749999999997876 7.606220413191535 0
8675 2.300000000004486 2.307179676977203 0
8676 2.250000000004764 2.220577136599219 0
8677 1.158676107551551 3.627980426678345 0
8678 7.965063509468436 4.149999999999183 0
8679 7.050322398051563 7.087193851986355 0
8680 7.791858428711111 3.449999999999644 0
8681 2.800000000002478 1.441154273196908 0
8682 2.750000000002683 1.354551732818796 0
8683 2.550000000000129 9.165063509690402 0
8684 7.445448267197625 5.750000000001377 0
8685 1.050000000003037 5.181346652054229 0
8686 1.150000000002896 5.181346652054266 0
8687 7.965061808991131 7.049977965254405 0
8688 4.794063642027217 4.649820408607206 0
8689 1.850000000006555 1.354551732818745 0
8690 3.000000000001534 1.441154273196616 0
8691 3.050000000001315 1.527756813574729 0
8692 1.800000003000776 7.173205164050508 0
8693 6.059861014822125 1.94999999999666 0
8694 6.059849313056687 1.849999999996282 0
8695 3.100000000000122 8.385640908809158 0
8696 1.926470875285661 3.440056174655447 0
8697 1.892928145610827 3.531836863239338 0
8698 6.057412341573275 9.571266815508366 0
8699 6.154597528319789 9.569641682319009 0
8700 7.849999999996408 8.645448267235963 0
8701 3.799999999999397 9.251666049841216 0
8702 3.749999999999447 9.338268590217261 0
8703 3.799999999999281 8.558845728950946 0
8704 3.749999999999329 8.472243192383552 0
8705 3.899999999999173 8.732050807987502 0
8706 2.950000000000369 2.913397459622219 0
8707 2.999999999999963 2.826794919244451 0
8708 3.050000000000167 8.299038799003384 0
8709 0.9431663897487503 2.572925159621141 0
8710 0.9900066803774393 2.484498360186891 0
8711 2.75000000000051 7.779471172537237 0
8712 1.149996554154599 4.48852792825164 0
8713 1.099975879062627 4.575140063973548 0
8714 5.713366988895433 0.7500831112043482 0
8715 4.190639626357639 3.398885210515903 0
8716 7.965063509468377 4.049999999999166 0
8717 7.878460969089955 4.09999999999923 0
8718 2.000000000005982 2.133974596221196 0
8719 1.950000000006195 2.047372055843175 0
8720 3.64999999999947 8.472243221949576 0
8721 3.699999999999377 8.385640685500157 0
8722 8.048831869563173 9.339505882095308 0
8723 2.300000000004527 2.653589838489031 0
8724 2.350000000004288 2.740192378866997 0
8725 2.250000000004841 2.740192378867034 0
8726 6.251329217375538 9.567754722115822 0
8727 2.950000000000323 9.338268590269506 0
8728 2.900000000000286 9.424871130613905 0
8729 2.850000000000242 9.338268590268042 0
8730 3.649999999999434 8.299038163740207 0
8731 4.368758428802387 4.694418476561061 0
8732 4.450918584154058 4.646553386011406 0
8733 7.952899923346456 0.2511007654302263 0
8734 2.900000000000715 2.653589838488833 0
8735 2.850000000001081 2.56698729811099 0
8736 2.950000000000363 2.566987298110999 0
8737 1.004206058817359 1.785363341271506 0
8738 0.9539493821674458 1.698908993226277 0
8739 0.7070346954675649 0.9191760718102784 0
8740 0.6585276718550261 0.831711561112856 0
8741 6.752610447129251 1.249970027999639 0
8742 6.66601332294341 1.199979885661139 0
8743 2.950000000000275 8.299038646100787 0
8744 5.021730005117728 0.4566014842100772 0
8745 5.106751380547092 0.5038628261830675 0
8746 8.226541836757356 6.100631896853749 0
8747 8.051666049847181 6.60000000000138 0
8748 2.819910570274446 6.80224293233529 0
8749 0.6500000000039806 4.315321248270907 0
8750 1.450010346883954 1.874161001315386 0
8751 8.138266889748095 7.049977965254405 0
8752 8.051664349369604 6.999977965254381 0
8753 3.050000000000382 9.338268590245727 0
8754 8.71339745962181 1.549999999998138 0
8755 6.752625100140712 1.349995184001358 0
8756 0.8000169258252094 1.441144501071707 0
8757 0.7500061947376344 1.354548156289806 0
8758 7.618653347954583 5.850000000001275 0
8759 7.705255888333073 5.800000000001067 0
8760 3.100000000001237 1.6143593539525 0
8761 3.15000000000083 1.700961894330504 0
8762 3.300000063933028 2.3071023399082 0
8763 3.25000001065558 2.220564247086976 0
8764 3.100000000000354 9.424871130612864 0
8765 3.15000000000046 9.511473670981012 0
8766 7.445448267197165 1.949999999995016 0
8767 7.358845726818666 1.999999999995094 0
8768 7.099050260818016 5.449978946691035 0
8769 8.235333349399632 4.902895236488169 0
8770 1.85000000000663 2.047372055843171 0
8771 1.800000000006841 2.133974596221227 0
8772 1.750000000007023 2.047372055843207 0
8773 7.791858428711177 3.549999999999575 0
8774 2.750000000001759 2.566987298110988 0
8775 2.700000000002097 2.653589838488861 0
8776 2.650000000002424 2.566987298111024 0
8777 3.849999999999219 8.645448268468158 0
8778 5.713366988895388 0.8500831112044881 0
8779 1.800000000002254 4.055513627136556 0
8780 2.950000000000368 2.74019237886664 0
8781 3.049999999999593 2.740192378866653 0
8782 1.550010346883613 1.874161001315398 0
8783 1.650000000007406 2.047372055843192 0
8784 1.60000000000759 2.133974596221289 0
8785 1.550000000007763 2.047372055843218 0
8786 1.450000000008103 2.047372055843207 0
8787 1.350000000008434 2.047372055843274 0
8788 1.900000000006378 1.960769515465155 0
8789 0.5500000000040688 4.315321248270855 0
8790 1.500000000007919 1.96076951546511 0
8791 5.799969529273948 0.9000831112045941 0
8792 2.450000000003978 1.008303509660193 0
8793 2.500000000003737 0.9217009692820297 0
8794 1.25026805233626 2.047217295759822 0
8795 2.149983959966652 6.393772957607993 0
8796 6.059807621135048 3.850000000004531 0
8797 5.973205080756791 3.800000000004423 0
8798 1.200000000002866 5.09474411167596 0
8799 8.149999999996092 9.165063509458838 0
8800 8.247464189810344 9.16359945876513 0
8801 2.800000000000453 7.866045266651319 0
8802 0.6507625446669859 1.354987458841602 0
8803 0.7007629592588405 1.268384679098552 0
8804 0.5532497763424462 1.353697451862184 0
8805 0.4551713400380407 1.3591013944337 0
8806 0.5034408728837864 1.274227924221865 0
8807 7.532050807576126 5.900000000001366 0
8808 5.313397459621862 6.550000000001244 0
8809 6.695423906200904 6.307588058837193 0
8810 1.050000000009347 2.393782217356044 0
8811 1.1000000000092 2.307179676977834 0
8812 8.626794919243611 1.799999999997408 0
8813 2.750000000000512 7.952640458401062 0
8814 1.950000004073358 7.433013139804926 0
8815 2.350000000004458 0.8359312547235496 0
8816 2.40048253941892 0.7477409775265192 0
8817 2.450482539418671 0.8336726304388457 0
8818 1.350173027788942 4.142233485464679 0
8819 1.800000000006676 1.094744111684485 0
8820 1.750000000006866 1.008141571306376 0
8821 4.349999999998971 9.338268590214552 0
8822 4.399999999998807 9.251666049836514 0
8823 8.139939296378831 6.050631896853748 0
8824 8.34502450207901 9.1670869593907 0
8825 6.699999999997958 7.692824235748105 0
8826 6.749999999997852 7.77942470187196 0
8827 2.19998395996655 6.480375497986268 0
8828 7.100322398051508 7.003432996888782 0
8829 1.149997132432568 6.740189755775508 0
8830 0.5882514903047045 1.803060242007737 0
8831 6.96354071826814 6.745133811337075 0
8832 6.851934388322074 6.740898312589587 0
8833 1.299996554154304 4.575130468629983 0
8834 1.249996554154428 4.488527928251671 0
8835 7.445448267196946 3.75000000000066 0
8836 3.749999999999434 9.165063509470468 0
8837 7.300740534651113 9.425547166726272 0
8838 2.050000000005719 1.5277568135749 0
8839 7.445448267197143 1.849999999994954 0
8840 7.185640646061157 2.899999999998947 0
8841 4.839194607182746 2.399853786774978 0
8842 0.8005373564150983 1.094773588114544 0
8843 0.7505361689109783 1.00817173334216 0
8844 6.949999999997506 7.779423277299374 0
8845 6.84999999999768 7.779424196244066 0
8846 2.300000000001579 3.882308546380069 0
8847 2.350000000001517 3.796176354406735 0
8848 0.7505391449298027 1.181375095893409 0
8849 2.550000000003054 2.566987298110999 0
8850 2.500000000003368 2.653589838488946 0
8851 2.450000000003659 2.566987298111047 0
8852 1.249996554154343 4.661733009008266 0
8853 8.617531048012001 3.807042777643516 0
8854 1.848821357603654 3.621824004973967 0
8855 1.798821357603777 3.708426545352181 0
8856 1.704399451960337 3.002687459215001 0
8857 1.654399451960535 2.916084918836933 0
8858 0.5500000000041599 4.142116167514176 0
8859 3.954037789227023 0.09589857505439706 0
8860 3.854037789227308 0.09589857505439706 0
8861 2.850000000000252 8.991858429430048 0
8862 2.750000000000229 8.991858429824926 0
8863 2.25000000000477 2.393782217355172 0
8864 1.700003374551349 1.614357405658814 0
8865 1.750000482084811 1.700961616003141 0
8866 7.499999999996747 8.385640647816002 0
8867 7.549999999996678 8.472243187137998 0
8868 2.150000000005276 2.220577136599209 0
8869 3.549999999999576 8.299038227394984 0
8870 7.358845726818615 1.799999999994932 0
8871 2.35000000000424 2.56698729811106 0
8872 2.250000000004793 2.566987298111098 0
8873 4.533988959191371 4.199983540837821 0
8874 4.620593893398409 4.149980797643856 0
8875 4.620579530425196 4.249997256811321 0
8876 2.000000000006067 2.480384757733031 0
8877 2.050000000005828 2.566987298111089 0
8878 4.49999999999871 9.078460969089559 0
8879 7.549999999996702 8.299038107619179 0
8880 2.150000000005356 2.740192378867078 0
8881 2.050000000005856 2.740192378867082 0
8882 2.100000000005581 2.653589838489072 0
8883 3.699999999999486 9.424871130594013 0
8884 3.649999999999567 9.338268590217545 0
8885 8.206328951927158 8.897137799233166 0
8886 1.800000000006837 1.787564434708957 0
8887 1.850000000006609 1.874166975087095 0
8888 1.950000000006175 1.8741669750871 0
8889 2.000000000005944 1.787564434709053 0
8890 4.967007642187172 5.849990056543497 0
8891 3.150000000000913 1.527756813574092 0
8892 2.800000000001408 2.480384757733153 0
8893 2.850000000001085 2.740192378866632 0
8894 6.952256786376015 6.91469468448045 0
8895 2.200000000005117 2.826794919245044 0
8896 2.250000000004887 2.913397459623074 0
8897 2.150000000005402 2.913397459623117 0
8898 1.750000000001954 6.047372055885717 0
8899 5.886602540378474 3.750000000004519 0
8900 4.620647882591356 3.349879272764823 0
8901 4.621226337397446 3.449318586305427 0
8902 1.150146628891859 8.991788491528007 0
8903 1.100146628891809 9.07839103188928 0
8904 1.750000000006872 1.181346652062591 0
8905 3.749999999999361 8.645448268350183 0
8906 6.738734394276932 6.211067734707813 0
8907 3.150000000000928 1.354551732817802 0
8908 3.050000000001366 1.354551732818503 0
8909 1.950000000006323 2.740192378867123 0
8910 1.850000000006807 2.740192378867139 0
8911 1.400173027788875 4.055630945086421 0
8912 1.350302798628442 3.969116393170681 0
8913 1.750000000007259 2.74019237886719 0
8914 5.193353920925595 0.4538628261830248 0
8915 5.313397459621862 6.450000000001522 0
8916 4.600807496693271 1.795103518729181 0
8917 1.950000000006185 1.700961894331001 0
8918 3.649994672550092 2.047216712004393 0
8919 0.6002670184207302 5.094727292353978 0
8920 0.6500174703995102 5.181353844637401 0
8921 7.449999999996835 8.125833029196723 0
8922 1.65000000000723 1.008141571306387 0
8923 5.003339499995681 1.791271055226522 0
8924 5.049563148985051 1.880053872877329 0
8925 1.250146628891872 8.991788491614965 0
8926 1.750000000002312 4.142116167514811 0
8927 1.90000000000104 8.385640703965606 0
8928 1.950000000000894 8.472243241684515 0
8929 1.850000000001019 8.472243209608745 0
8930 4.535600898414747 4.598959694882473 0
8931 4.621440757058831 4.549251293408075 0
8932 4.886468638447992 1.608679867001771 0
8933 4.945437758146159 1.70103214716199 0
8934 5.149957370870409 9.338497899529234 0
8935 5.19976947041091 9.251786874866799 0
8936 7.791858428711656 4.349999999999466 0
8937 2.950000000000286 8.125835748630731 0
8938 3.649999999999505 9.511473670972281 0
8939 7.849391701225606 8.123368014650502 0
8940 1.950000000006201 1.527756813574877 0
8941 4.899944880227311 8.732061163701506 0
8942 5.300117523733261 2.308965423483781 0
8943 5.349991773177665 2.39564056597916 0
8944 2.550000000003536 1.181346652062623 0
8945 7.272243186439904 2.449999999995692 0
8946 7.272243186440178 2.34999999999547 0
8947 2.700000000000204 9.078460969557469 0
8948 2.000000004073311 7.519617204935711 0
8949 7.445448267197218 4.650000000001107 0
8950 2.900000000000275 9.078460969609477 0
8951 6.594504959319893 9.821357213248422 0
8952 4.449999999998716 9.165063509466368 0
8953 7.40916230709637 7.178720487433321 0
8954 7.455803471858296 7.267262250160885 0
8955 8.150179268596197 8.298546718945417 0
8956 0.6575702070867031 1.00580915370818 0
8957 2.100000000001827 3.882308546380053 0
8958 7.44544826719766 5.850000000001391 0
8959 8.308799557107996 7.146652714011354 0
8960 8.224472203195171 7.099467527265197 0
8961 1.150000000002971 5.008141571297613 0
8962 2.000000000006098 2.826794919245128 0
8963 8.137867962339055 7.149445492518065 0
8964 8.137859459950915 7.249335318782385 0
8965 2.850000000000259 9.165063509792073 0
8966 7.272243186440088 2.049999999995283 0
8967 7.272243186440065 1.949999999995186 0
8968 4.707252786209312 3.299876563266123 0
8969 6.579431793715635 5.349984532262503 0
8970 6.666087915910857 5.399891725833338 0
8971 0.9400066803775544 2.397895819808685 0
8972 4.749573858645571 2.216714353816992 0
8973 7.44544826719713 4.35000000000093 0
8974 4.202458349753909 4.197794978721928 0
8975 2.200000000000971 8.212435997257272 0
8976 2.25000000000079 8.299038484101491 0
8977 2.150000000000913 8.299038303207727 0
8978 5.140192378864224 3.95000000000717 0
8979 7.749391701225654 8.123368015054716 0
8980 1.600000000002083 6.826794921792912 0
8981 2.500000000003761 1.267949192440728 0
8982 2.550000000003533 1.354551732818813 0
8983 4.535539476606097 3.599026018367887 0
8984 4.62141640480114 3.549276983271187 0
8985 4.621824375576189 3.649424374555538 0
8986 1.300237215783537 9.078229385565594 0
8987 7.496242523297514 7.694465907396985 0
8988 7.546242523297479 7.781068447572368 0
8989 6.149999999999102 7.434238712918243 0
8990 6.925833024925322 2.24999999999683 0
8991 1.148616317318406 2.219384388661084 0
8992 1.198616317318242 2.132781848282893 0
8993 8.100179268596163 8.385149259324598 0
8994 8.148554287719293 8.47081361655818 0
8995 6.24776668431646 7.261254748825068 0
8996 6.34776668431623 7.260191826361069 0
8997 5.886602540378317 3.850000000004344 0
8998 7.45741789599773 7.095115769336757 0
8999 0.5051674804663748 3.34119152888204 0
9000 0.4562644566087098 3.23811589741023 0
9001 8.137381593299599 6.550093827109804 0
9002 7.54999999999673 8.125833027019702 0
9003 8.626794919243611 1.599999999997992 0
9004 0.6512954948591542 1.181814398445205 0
9005 4.195141903014994 2.996745064787084 0
9006 6.149999999999052 7.266232094573027 0
9007 1.199975304754251 4.748345411267502 0
9008 1.149971858905717 4.661744470113131 0
9009 5.395487900964005 2.829399980836541 0
9010 5.445380470034483 2.742859465734296 0
9011 8.048289204252029 8.644260332842077 0
9012 7.949914185128879 8.645198516003866 0
9013 1.148884369645892 2.046024547821266 0
9014 6.84999999999766 7.952628537443356 0
9015 6.949999999997493 7.952628354433015 0
9016 4.149999999998947 8.991858428787825 0
9017 0.4551674804664446 3.427794069260395 0
9018 3.399999999999857 8.55884577877654 0
9019 3.449999999999825 8.645448298929374 0
9020 2.75000000000021 9.165063509844586 0
9021 2.650000000000175 9.165063509741548 0
9022 2.350000000000685 8.29903841213245 0
9023 2.400000000000772 8.212436598966821 0
9024 5.053589838485829 3.900000000007117 0
9025 4.966987298108004 3.950000000007049 0
9026 4.966987298107984 3.850000000006829 0
9027 7.445448267197181 4.55000000000107 0
9028 3.000000000000068 2.480384757733163 0
9029 3.049999999999703 2.566987298111005 0
9030 5.31339745962191 6.150000000002358 0
9031 6.550044681297604 8.472217437564645 0
9032 8.223984133678115 6.700093827109857 0
9033 8.320725155491811 6.753893649149152 0
9034 7.445448267197168 4.450000000000977 0
9035 0.4505767267735952 4.320601678840392 0
9036 0.5005767267735943 4.233999138462076 0
9037 6.099999999999223 7.348348139985469 0
9038 5.313397953777023 5.850000000003092 0
9039 1.449999209428408 6.566986649790124 0
9040 6.579431793715593 5.24998453226258 0
9041 0.9004326174411208 1.616137313282876 0
9042 0.8503831562253629 1.529563329350934 0
9043 3.000000000000235 8.212436560029897 0
9044 0.4505767267736863 4.147396598083715 0
9045 5.349355414423517 2.913769611277904 0
9046 8.405706629143353 7.193365907055851 0
9047 8.320980347821489 7.245648247573353 0
9048 8.224365728550005 7.299241747330871 0
9049 3.999999999999353 9.598076211350104 0
9050 7.643076809975462 7.782896172911839 0
9051 7.791858428711454 4.049999999999399 0
9052 6.799999999997757 7.866026632947662 0
9053 4.450474458062142 4.546444819802881 0
9054 3.599999999999356 9.598076211350298 0
9055 3.549999999999457 9.511473670972315 0
9056 2.650000000003102 1.35455173281882 0
9057 1.350090586892691 8.991696782493214 0
9058 7.79185842871134 3.749999999999424 0
9059 8.321272800585362 7.345954940375368 0
9060 8.137381593299615 6.65009382710984 0
9061 5.193589482575691 2.127074976756433 0
9062 5.247502319061386 2.211418439936382 0
9063 4.649687002194448 2.220297548471257 0
9064 4.54999200251723 2.220822078961717 0
9065 8.405377536042817 6.807271425053324 0
9066 4.150009826661538 2.393783539732895 0
9067 4.251062885665646 2.393536445646257 0
9068 4.201058273152006 2.480138365315405 0
9069 1.049954629662535 4.661752466232784 0
9070 2.80000000000023 9.251666049976153 0
9071 6.29676557107264 9.656381155216236 0
9072 6.34573347287953 9.743037866700663 0
9073 7.899914185128872 8.731801056393799 0
9074 7.94991418512881 8.818403596750732 0
9075 1.450090586892609 8.991696782563409 0
9076 2.30000000000464 0.9218397735853561 0
9077 7.791858428711284 3.649999999999474 0
9078 2.048624917203574 3.79546500549112 0
9079 5.313459484897473 3.650107430935115 0
9080 3.499999999999654 8.385640770874293 0
9081 3.805761144281282 0.1765497702220797 0
9082 4.62131256036389 4.449300322708055 0
9083 4.707596545099889 4.499700487442182 0
9084 6.346968863140781 9.569895985568525 0
9085 1.99744627480508 3.708185544841561 0
9086 5.05064594067622 1.703659883319878 0
9087 1.800000000001876 6.133974596272615 0
9088 2.150000000005329 2.566987298111085 0
9089 2.200000000005041 2.480384757733114 0
9090 8.050818321118902 8.817243869730994 0
9091 1.149975304754265 4.834947951645832 0
9092 2.550482539418198 0.8335106920849994 0
9093 3.486463398994484 4.749998298376013 0
9094 0.9998512542025229 4.748402983329101 0
9095 1.049975304754458 4.83494795164586 0
9096 0.9498759494513564 4.834994062602593 0
9097 4.007415565131401 0.1805509556049385 0
9098 2.450000000001532 3.795784397402542 0
9099 4.250007219588412 2.220578108140438 0
9100 4.150050537108557 2.220583937410259 0
9101 2.265241726350399 3.259227824743824 0
9102 2.16924608368007 3.256837516561074 0
9103 2.150000000005306 2.39378221735516 0
9104 7.445448267197483 5.350000000001183 0
9105 2.450000000003973 1.181346652062615 0
9106 0.9499787907951598 5.181359045385616 0
9107 6.839255084224828 5.299957392111132 0
9108 4.707326406518591 4.299872015179759 0
9109 4.620721472311553 4.349874758373725 0
9110 2.950000000001282 2.047372055843351 0
9111 2.850000000001839 2.047372055843359 0
9112 5.886602540378317 3.950000000004205 0
9113 1.950667392894573 2.912450335120268 0
9114 1.900667392894827 2.999052875498387 0
9115 2.950000000000393 2.393782217355262 0
9116 3.049999999999732 2.393782217355269 0
9117 1.941749503212175 3.617762483346302 0
9118 1.550000000002157 6.740192379066075 0
9119 2.750000000000194 9.338268590320553 0
9120 7.44544826719752 5.450000000001196 0
9121 4.44848021092916 4.448833034305851 0
9122 7.249999999997059 7.77942288249254 0
9123 7.299999999997003 7.692820340241707 0
9124 2.600000000000135 9.251666049977519 0
9125 2.054671750223384 3.082794759288587 0
9126 2.100667392893876 2.999052875498257 0
9127 5.399099581672192 2.484251947984981 0
9128 5.44851169575273 2.571193904457083 0
9129 4.45084278467669 3.64663588124468 0
9130 2.704227964398985 0.5762416945395648 0
9131 2.655951319451566 0.495590499371036 0
9132 2.050000002713102 7.779424724103582 0
9133 5.31339808016501 5.549999643793091 0
9134 7.791858428711514 4.149999999999416 0
9135 3.400000000000018 8.905255888523488 0
9136 3.449999999999966 8.991858428775481 0
9137 6.999999999997424 7.866025844846586 0
9138 7.049999999997333 7.952628071959833 0
9139 3.599999999999573 8.558845754013957 0
9140 3.549999999999621 8.472243247130562 0
9141 2.100000002713069 7.692824257979707 0
9142 7.791858428711583 4.249999999999417 0
9143 2.650000000000643 7.952642027060949 0
9144 2.550000000000763 7.952639062014983 0
9145 2.500000000000825 8.039234447554048 0
9146 7.149999999997195 7.952628034540429 0
9147 7.199999999997136 7.866025485367768 0
9148 5.34769660285654 2.213159869003807 0
9149 4.966993355964343 5.249996522607779 0
9150 2.700000000000576 8.039235913769886 0
9151 4.452039017272983 2.222176201616501 0
9152 2.400000000004204 1.094744111684518 0
9153 2.050667392894106 2.912450335120227 0
9154 1.100000000003098 4.921539030919324 0
9155 5.313398740962008 5.249999264475856 0
9156 4.100015642439687 2.307181781987907 0
9157 0.6997056878036026 4.92218642194193 0
9158 0.6491061101354327 4.835862146527859 0
9159 7.64999999999662 8.299038106402179 0
9160 1.299999826958708 6.307179509016496 0
9161 6.44620260842153 9.569453588200416 0
9162 2.700000000002123 2.307179676977329 0
9163 2.750000000001775 2.393782217355305 0
9164 3.099999999999333 2.653589838488957 0
9165 3.149999999998928 2.740192378866768 0
9166 4.447889122876825 4.349407469971521 0
9167 4.534565684270494 4.399425564339617 0
9168 8.19658081322909 9.829602161171863 0
9169 8.249476049718899 9.917320414862386 0
9170 2.550000000003106 2.74019237886685 0
9171 2.450000000003712 2.740192378866898 0
9172 4.447458233679234 4.249901244999613 0
9173 2.050000002713147 7.606220435423051 0
9174 3.449999999999757 8.472243302938676 0
9175 4.69988685645246 2.303596482319444 0
9176 1.499999209428327 6.653589190272647 0
9177 8.407981815609046 7.396180720309757 0
9178 2.041553062812253 3.618198403106932 0
9179 2.650000000000616 8.125836920315837 0
9180 3.486602540378081 4.050000000004506 0
9181 1.500003745892812 1.267947029752586 0
9182 1.55000312652246 1.354549927724302 0
9183 2.498698713435233 3.88086525978725 0
9184 2.549502086162571 3.965923546993224 0
9185 5.973205080757114 4.000000000003905 0
9186 2.656006849780559 9.504110504231527 0
9187 2.704283494727075 9.423459309071692 0
9188 1.200008318581595 0.7483291474407833 0
9189 1.250001535625103 0.8349356039606161 0
9190 2.498039021235361 3.523586527026299 0
9191 2.550000000001638 3.622579316645732 0
9192 1.400000915409723 1.09474358317651 0
9193 1.450004126673499 1.181344269530629 0
9194 6.442824832517147 9.744608828783987 0
9195 7.272243186440185 2.149999999995336 0
9196 5.31339745962191 6.050000000002635 0
9197 2.050000000005794 2.220577136599172 0
9198 1.950000000006259 2.220577136599167 0
9199 4.250216236955625 2.577484798581796 0
9200 4.149163177951517 2.577731892668434 0
9201 2.850000000001096 2.393782217355308 0
9202 0.6498678838438097 5.008728987498386 0
9203 1.900000000006484 2.307179676977157 0
9204 1.850000000006672 2.22057713659918 0
9205 0.8998552743593368 4.921606198324445 0
9206 3.549999999999674 8.645448298866402 0
9207 3.499999999999774 8.732050818600833 0
9208 7.59999999999668 8.212435567326928 0
9209 7.346081358886124 7.435275138252607 0
9210 7.44193883206229 7.437055727109465 0
9211 7.394737861427279 7.522042250816304 0
9212 5.199977900018153 2.832664041324824 0
9213 5.150389718581037 2.745823737388454 0
9214 1.300000478029038 0.9215387549420831 0
9215 1.350000448572115 1.008141312327235 0
9216 2.350000000004435 1.008303509660201 0
9217 8.349476049718504 9.917320414862386 0
9218 7.049999999997345 7.779422994826192 0
9219 3.486602540378958 3.550000000004439 0
9220 3.099999999999532 2.307179676977348 0
9221 3.149999999999208 2.393782217355248 0
9222 1.600003111081653 1.441152477017061 0
9223 1.650003162150713 1.527754987910452 0
9224 7.649999999996647 8.125833025802702 0
9225 7.699391701225704 8.03676547474749 0
9226 3.649999999999623 9.165063509476546 0
9227 3.599999999999706 9.251666049860516 0
9228 3.5499999999998 9.165063509496267 0
9229 1.550000000007804 2.220577136599355 0
9230 4.447472596652447 4.149884785832149 0
9231 7.00569150009497 6.839108573876772 0
9232 7.054079509824616 6.925596479323556 0
9233 5.950307553165181 8.299215157254626 0
9234 5.900225216404572 8.385769667918044 0
9235 5.313402245684571 4.949997085683644 0
9236 7.249440194124112 7.606541009291197 0
9237 7.349440194124005 7.606540992909955 0
9238 4.450697443291036 4.049964338475493 0
9239 3.649999999999577 8.818653353441453 0
9240 3.699999999999461 8.732050813202626 0
9241 1.550747870284492 2.740099994574515 0
9242 5.313397953777023 5.950000000002815 0
9243 4.793435807868285 3.349880635569216 0
9244 4.879953336237334 3.399954413690084 0
9245 1.346202318637664 0.4792194375038773 0
9246 1.396202318637493 0.3976138520436832 0
9247 4.453722803668006 3.747112877360642 0
9248 4.368618140963551 3.694575348953085 0
9249 8.142844725587047 8.639256147072619 0
9250 8.09438389159636 8.726547119392244 0
9251 1.148821953942065 0.6606337786605779 0
9252 1.950000000006314 2.393782217355052 0
9253 2.050000000005824 2.393782217355122 0
9254 7.153757111770464 6.927846886285105 0
9255 5.049999779182635 8.645448142099362 0
9256 2.554283494727016 9.336856768728659 0
9257 2.507994452608624 9.432640683898761 0
9258 7.249440194124217 7.433335920095592 0
9259 5.507131996518399 2.664350062438451 0
9260 5.55401649956489 2.752751335821429 0
9261 4.352047014757243 2.221931259250204 0
9262 2.400000000004026 2.826794919244901 0
9263 4.249999999999031 9.338268590215028 0
9264 2.654283494727062 9.336856768779803 0
9265 4.299999999999045 9.424871130593075 0
9266 4.000004445395589 2.478339641846222 0
9267 4.04519209573081 2.556883488186654 0
9268 3.945191326978501 2.554837670630834 0
9269 5.313399986350401 4.649998479750909 0
9270 5.226797445972238 4.599998479750997 0
9271 7.149999999997187 7.779422959498176 0
9272 1.900000482084158 1.614359075625185 0
9273 1.850000482084395 1.527756535247101 0
9274 4.877462306133914 3.200012249131558 0
9275 4.793367425113752 3.249998653308021 0
9276 5.899457414478803 8.733755143211289 0
9277 3.249999999998679 2.393782217355358 0
9278 3.350000063932698 2.393704880286231 0
9279 4.050011029926047 2.393783701657055 0
9280 2.100000000005553 2.30717967697718 0
9281 7.272243186440202 2.249999999995442 0
9282 4.451237311559566 3.949974854054657 0
9283 4.534543190433114 3.99997759724952 0
9284 2.600482539417984 0.7469081517068143 0
9285 4.369444862186178 3.897506970174838 0
9286 4.453290609328255 3.847520228948865 0
9287 3.199999999998878 2.480384757733279 0
9288 8.145373842453917 8.812239683961536 0
9289 1.850000482084379 1.700961616003224 0
9290 2.749375700226608 2.739606708626202 0
9291 2.649375700227273 2.739606708626239 0
9292 7.272243186439995 1.849999999995076 0
9293 7.272243186439966 1.749999999995011 0
9294 2.554710503814285 0.6614184364526914 0
9295 2.654227964399136 0.6628442349176904 0
9296 2.896254201349722 2.996485978557026 0
9297 2.846254201350091 2.909883438179246 0
9298 4.535515253041395 3.799580761240461 0
9299 2.453377775906717 0.6507560563649568 0
9300 2.507123200887869 0.5666921395758329 0
9301 3.050000001776176 2.220574988347281 0
9302 3.150000001775652 2.220574988347261 0
9303 3.649999999999523 8.645448273685416 0
9304 1.149999971161961 6.047372027844488 0
9305 1.049999971162078 6.0473720278441 0
9306 2.799375700226261 2.826209249004009 0
9307 2.599375700227617 2.826209249004191 0
9308 1.050000000003164 5.00814157129764 0
9309 6.233012701894087 3.350000000004006 0
9310 6.319615242272447 3.400000000004525 0
9311 6.752661474149193 5.349941924372799 0
9312 6.752706125663256 5.449864585681716 0
9313 2.250000000000987 8.125833853032907 0
9314 3.149999999999038 2.566987298111121 0
9315 4.094350059534429 2.654229921453045 0
9316 2.150000000000659 8.472243258436333 0
9317 2.250000000000434 8.472243258430836 0
9318 1.850000000006727 2.393782217355065 0
9319 5.31339808016501 5.449999643793368 0
9320 1.450000864966459 1.008141071921976 0
9321 1.650000554801887 1.354551412507925 0
9322 1.750000000007065 2.220577136599216 0
9323 1.700000000007279 2.307179676977282 0
9324 1.650000000007448 2.220577136599328 0
9325 3.658986783623435 5.349892947528481 0
9326 1.350001455724915 0.834935650091234 0
9327 3.599999999999684 8.905255888334032 0
9328 3.549999999999731 8.818653353430442 0
9329 2.350000000004406 2.913397459623003 0
9330 2.300000000004691 3.000000000001076 0
9331 1.850331001188577 8.994193920932528 0
9332 1.950706309622057 8.991811583271781 0
9333 1.95000000000108 8.299038210176825 0
9334 4.880464610060216 4.599943874034278 0
9335 4.967073717068422 4.549938552261632 0
9336 4.967011649267809 4.649984037299564 0
9337 2.350000000004527 3.086132191974158 0
9338 2.300000000000628 8.385640718082904 0
9339 1.650000000007673 2.566987298111413 0
9340 1.900015637852028 8.732041781494157 0
9341 1.850143346971808 8.81893152977247 0
9342 5.313398740962008 5.349999264475579 0
9343 3.400000173158433 2.47988729577644 0
9344 1.249999826958828 6.220576968634133 0
9345 5.140210364488408 4.64998783751104 0
9346 5.140207837759844 4.549989357766876 0
9347 4.302054234344012 2.308534771173512 0
9348 7.099999999997269 7.692820391950965 0
9349 1.248816148681449 0.6606371303295616 0
9350 3.658985858992437 5.949891471503823 0
9351 1.700000000007485 2.653589838489317 0
9352 0.9999994795330379 6.133974089823596 0
9353 0.9499995083738139 6.047371577438716 0
9354 8.249894522404617 8.806441048894415 0
9355 1.800000000001009 8.558845740080869 0
9356 1.850000000000812 8.64544827807071 0
9357 7.149999999997232 7.606217806424812 0
9358 3.699999999999529 9.078460969106221 0
9359 1.75000000000716 2.393782217355236 0
9360 2.100015637851726 8.732041780903538 0
9361 3.549999999999778 8.991858428717659 0
9362 3.499999999999905 9.07846096917012 0
9363 2.050000000000751 8.472243231431047 0
9364 2.00000000000073 8.558845737074188 0
9365 3.449999999999882 8.818653353493414 0
9366 5.557147725283137 2.581085774544216 0
9367 2.600000000001672 3.709181857024295 0
9368 7.44529766730017 7.608321581766814 0
9369 3.000000001776811 2.133972447969273 0
9370 1.199999971161941 6.133974568226201 0
9371 2.459170110323283 3.101029764658937 0
9372 2.409170110323601 3.187161956632088 0
9373 3.659060288294794 6.549938617467359 0
9374 1.596424388022665 9.249084094875959 0
9375 1.64303735448704 9.323792961995798 0
9376 7.199440194124234 7.51993845909306 0
9377 3.249999999998509 2.56698729811123 0
9378 5.313402245684571 4.849997085683921 0
9379 1.750055166865383 8.819042597529137 0
9380 1.65005516686555 8.819042597634617 0
9381 1.550000951023381 1.181346102993208 0
9382 0.9999787907951605 5.094756505007316 0
9383 1.750000751761716 1.527756379549047 0
9384 1.800000269683759 1.441154117498739 0
9385 3.050000001776768 2.047369907591271 0
9386 3.100000002073036 1.960767009170764 0
9387 3.150000003848564 2.047367401296686 0
9388 2.548698713435272 3.79434111080971 0
9389 3.449999999999989 9.16506350955409 0
9390 2.550000000000701 8.125837251106189 0
9391 2.450000000000821 8.125834216230462 0
9392 0.9499787907952879 5.008153964629027 0
9393 2.350000000000896 8.125833795414678 0
9394 5.313399986350401 4.749998479750632 0
9395 5.294203256256064 3.000062025276423 0
9396 5.243558670679581 2.913831636554328 0
9397 2.600000000000612 8.212436688992256 0
9398 4.949998173484738 8.645447214318107 0
9399 2.745629901575614 2.909297767938816 0
9400 0.849996587440728 6.220573815796771 0
9401 0.9499995083732957 6.220576658194766 0
9402 2.65017570220954 2.913373648117007 0
9403 2.550800001985373 2.913959318357618 0
9404 1.750242821082152 8.994304988689198 0
9405 1.80019851383644 8.905923318487845 0
9406 5.2272290961752 3.600752016511386 0
9407 2.45000000000383 2.913397459622904 0
9408 3.486602540378984 3.650000000004858 0
9409 3.200000012432223 2.133959558456909 0
9410 3.486602540378081 4.150000000004367 0
9411 0.6499994312426969 6.047371502371273 0
9412 0.5999994312427226 6.13397404274977 0
9413 3.349999999998005 2.566987298111674 0
9414 0.5533742133608484 6.391818774386918 0
9415 0.6504686222096945 6.393488660369673 0
9416 3.649999999999624 8.991858428728673 0
9417 0.7499965103094905 6.220573740729338 0
9418 0.7999989396135365 6.133973564350779 0
9419 3.299999999998164 2.653589838489515 0
9420 2.69705420333337 2.997047837292243 0
9421 2.100000000000823 8.385640763046659 0
9422 5.053615671690142 4.699983150555246 0
9423 2.050000000001005 8.299038276202442 0
9424 1.650000000007696 2.740192378867399 0
9425 4.793997513132888 4.449823952869254 0
9426 4.79412570982783 4.549774923569274 0
9427 3.659689244941891 6.449980721429399 0
9428 0.6504793494766941 6.220294033651657 0
9429 0.5504799182371176 6.220294587118081 0
9430 1.500174600443737 9.078537200505448 0
9431 1.550254686885928 9.164443739813589 0
9432 5.144825741850699 2.918956455323343 0
9433 3.659678615967967 5.849973991217507 0
9434 3.400000000000089 9.251666049896262 0
9435 2.050015637851946 8.645439240497637 0
9436 3.150000002072828 1.874164468792662 0
9437 3.659679100569336 5.249974894438211 0
9438 1.750000269683876 1.35455157712069 0
9439 1.600747870284265 2.826702534952388 0
9440 3.549999999999745 9.338268590237266 0
9441 3.196132486539468 2.824562009307855 0
9442 1.950015637852089 8.645439250751105 0
9443 4.96705825817387 4.449949194501864 0
9444 5.053605297381463 4.499989357767149 0
9445 3.300000000000119 9.424871130613388 0
9446 3.349999999999919 9.511473670983708 0
9447 3.250000000000142 9.511473670980681 0
9448 1.700000285124683 1.267949027827931 0
9449 3.350000000000096 9.338268590264352 0
9450 1.650000285124883 1.181346487449825 0
9451 3.246132486539207 2.737959468930159 0
9452 6.579422863407038 3.350000000005388 0
9453 1.555147322237331 2.915992534544049 0
9454 3.44999999999989 9.338268590248326 0
9455 1.600055166865438 8.905645137463743 0
9456 2.500800001985753 3.00056185873572 0
9457 2.559970112304827 3.10159162339365 0
9458 4.793820892782949 4.249967458423538 0
9459 4.793791057086283 4.149991833215044 0
9460 4.880427485236996 4.199964778021226 0
9461 3.499999999999751 9.424871130605357 0
9462 3.449999999999601 9.511473670983374 0
9463 3.399999999999625 9.598076211350666 0
9464 4.793962834669307 4.349844959985941 0
9465 1.60000066590557 1.094743727227868 0
9466 1.550000665905728 1.008141186849771 0
9467 6.146410161514495 3.900000000004343 0
9468 1.650139180416566 8.992485555405782 0
9469 1.550084013551989 8.992096306625012 0
9470 3.20000000000026 9.598076211351334 0
9471 1.500000199068119 0.9215389160004956 0
9472 1.700271667768703 9.080756157850466 0
9473 0.8499995083738716 6.047371577438808 0
9474 1.450000199068285 0.8349363756223498 0
9475 6.666025403785086 3.400000000004521 0
9476 0.7499994312426341 6.047371502371375 0
9477 1.646337728239854 9.163577079629421 0
9478 1.40000125666435 0.7483332246408827 0
9479 3.199994123251556 1.441157348324704 0
9480 1.35000125666456 0.66173068426269 0
9481 3.199997682660222 1.094752259329717 0
9482 6.319615242275757 4.200000000002474 0
9483 0.7004769973038856 6.30689428509765 0
9484 7.185640646061385 2.499999999996244 0
9485 4.707654951113355 3.699768435322989 0
9486 4.621778022918312 3.749517470419689 0
9487 1.29881489202503 0.5740353154824847 0
9488 1.796816677339726 9.262610635058746 0
9489 1.74644136890544 9.165396512912835 0
9490 4.880461592417616 3.799953581039799 0
9491 4.967064132795441 3.749953581039868 0
9492 4.793996678092819 3.84993076559695 0
9493 4.793914199800448 3.949983366013632 0
9494 3.199999077315508 1.787564680761029 0
9495 6.492820323029281 3.700000000005239 0
9496 4.967055823028547 3.550062825624008 0
9497 4.968910904418097 3.448981167096695 0
9498 3.101194927889097 0.5739574815640998 0
9499 7.272243186439654 2.549999999996399 0
9500 3.346132486538703 2.737959468930602 0
9501 4.96699374401309 4.049994576410034 0
9502 4.880391203635245 3.999994576409746 0
9503 6.05980762113608 3.950000000004059 0
9504 4.967023579710286 4.34997020161855 0
9505 4.967023579709872 4.249970201618661 0
9506 6.666025403789615 4.000000000002922 0
9507 6.579422863409247 3.850000000004246 0
9508 6.579422863410089 3.950000000003787 0
9509 4.62072348201766 4.04996690684543 0
9510 4.849949831366343 8.645461481573925 0
9511 6.579422863408131 3.750000000004952 0
9512 4.793920645705533 4.049977942416618 0
9513 4.966993744013205 4.149994576410165 0
9514 4.880491999397246 4.399919396113033 0
9515 5.140337195075048 3.650217205672099 0
9516 4.794073512780276 3.749884346629989 0
9517 4.967146923730112 3.6500633557759 0
9518 0.4593430477105314 6.391154122578572 0
9519 0.5069286708207723 6.305949926211624 0
9520 4.707314053251486 4.09998062281893 0
9521 0.4564487525868007 6.219629935309737 0
9522 5.05367262942048 3.70010977474293 0
9523 4.973852804899127 3.139603296129984 0
9524 4.975940945537937 3.239593772609539 0
9525 5.144363161125666 3.352895629672854 0
9526 5.0648985137187 3.28862052601615 0
9527 4.968508014953487 3.349029479017723 0
9528 5.151796091710116 3.243459923264669 0
9529 0.3389993850795977 8.510653891660477 0
9530 0.4258743967093277 8.56495809944375 0
9531 1.947090402217826 0.2317484326549428 0
9532 1.947515496466929 0.3379232095881661 0
9533 2.052880875197743 0.3445902106789149 0
9534 2.052398335780285 0.237979578774459 0
9535 3.048939882118212 0.3342532004829708 0
9536 3.048043728544772 0.2309125950911687 0
9537 5.048042876170937 9.769093223010035 0
9538 5.048922657062536 9.66586437169507 0
9539 5.951466288739631 8.973625423546139 0
9540 5.954841583120719 9.077799718856028 0
9541 6.75114233820568 9.655636052767779 0
9542 6.749025073428335 9.762607540892621 0
9543 6.854037574696472 9.768879693402102 0
9544 6.854933719322686 9.665660289687215 0
9545 3.848147869012626 0.3448195748706886 0
9546 3.84928891997153 0.2400180394018005 0
9547 8.151017410402353 9.666072246291138 0
9548 8.151893508228261 9.769372940732538 0
9549 4.340531706333977 0.5163538716428628 0
9550 4.347455020817463 0.4104327767976398 0
9551 2.348186120239947 9.596195068162199 0
9552 2.349001841630301 9.491418951662471 0
9553 8.454570440457633 3.644959520108886 0
9554 8.558467575604102 3.647854756595609 0
9555 8.465874311159627 6.048939872713281 0
9556 8.569093714872016 6.048043728083991 0
9557 8.293057706647637 4.947839803152038 0
9558 8.396954841793089 4.944944566659752 0
9559 8.568972991237565 7.35196135887749 0
9560 8.465634954854952 7.351037315676856 0
9561 2.345500095151773 0.5034774184768949 0
9562 2.342604858658601 0.3986676194891666 0
9563 1.6650712265151 0.06666897469371612 0
9564 1.665071226520548 0.1810283286452253 0
9565 1.354469122186015 0.2253254755959062 0
9566 1.353625763767696 0.3306208024201081 0
9567 1.065004543589168 0.06625304887051531 0
9568 1.065004543594863 0.1806124028205501 0
9569 0.7476337489888443 0.2313308674435116 0
9570 0.7476227899220653 0.3397609202661269 0
9571 7.134981623039909 9.93348255326937 0
9572 7.134981623036873 9.81912319932179 0
9573 3.334981625899504 0.1809155852143966 0
9574 3.334981625893435 0.06655623126673381 0
9575 7.445596747872953 9.774648634630713 0
9576 7.44652267019846 9.669424614632714 0
9577 0.9367366423730779 9.590167482939474 0
9578 0.9421896189765679 9.483818111216756 0
9579 1.2459051211403 9.755478746393187 0
9580 1.24252734523508 9.650509328265768 0
9581 8.469284970811394 6.646537441816738 0
9582 8.574635704652378 6.645598115614936 0
9583 8.619123199331584 6.334981623037438 0
9584 8.733482553272419 6.334981623034109 0
9585 7.111517639831628 0.3494114420167765 0
9586 7.119442118814567 0.2786778705771995 0
9587 7.193565125044595 0.3292664285529405 0
9588 4.68837040198292 0.8549731356255375 0
9589 4.623634334349926 0.8033557082659319 0
9590 4.709815467196123 0.7516174273525076 0
9591 0.4348537326193905 8.842291451309199 0
9592 0.4051826283933698 8.748880825443077 0
9593 0.4946253421422872 8.797714709680573 0
9594 8.549875158796521 9.776271184179645 0
9595 8.445646852098513 9.786048460187939 0
9596 8.502573765930883 9.710710899749351 0
9597 0.2475373692409987 8.268491352135484 0
9598 0.1747465480616436 8.189467625449428 0
9599 0.4633962656324807 8.127938314512777 0
9600 0.4275220975802067 8.221703389333584 0
9601 0.2569961358668731 2.850622597068964 0
9602 0.3395830019325505 2.904227107872234 0
9603 0.2537011895905697 2.952746419368983 0
9604 0.7580380177012831 2.350157134340933 0
9605 0.8539866259708029 2.395499187372798 0
9606 5.304749804150488 8.041764815874851 0
9607 5.219386743864706 7.982748232321137 0
9608 4.687717192870618 0.9546768684306758 0
9609 0.2579135557447082 2.750830011750251 0
9610 0.3444930201154868 2.700793073244227 0
9611 2.446147021040499 5.52926337475523 0
9612 2.538369369149069 5.529767843012032 0
9613 2.488905034850808 5.615645491573154 0
9614 4.907427177038454 8.142975841767392 0
9615 6.840470735294925 5.897840887884874 0
9616 7.280321909955898 6.540046297049225 0
9617 7.197623431528899 6.491239296430356 0
9618 6.928740907824396 6.044569745938681 0
9619 6.927246232576918 5.947486643693317 0
9620 1.05192848758781 1.873053562264314 0
9621 0.9554941991691877 1.871222173470922 0
9622 1.101876366301775 1.959686194880963 0
9623 8.53913684476842 9.64422648106048 0
9624 8.434908538070413 9.654003757068775 0
9625 2.459170110323518 3.271412754985128 0
9626 2.467038081916477 3.366563441348959 0
9627 7.553009435166228 0.09529954744876427 0
9628 7.453009435165928 0.09529954744876427 0
9629 1.358063552809835 2.915965712699755 0
9630 2.241530946950252 3.618252808671967 0
9631 2.14015586415206 3.617541459756368 0
9632 2.350000000004762 3.256515182300349 0
9633 2.01437779464628 3.167421432649682 0
9634 1.961040830205476 3.082732424356462 0
9635 1.251659675905563 3.284974072844366 0
9636 0.9491229083958197 3.78838497871341 0
9637 1.002864634264876 3.703849090599684 0
9638 1.458723653381025 2.91629300294859 0
9639 2.397384944342518 5.442027089191932 0
9640 2.447537441353285 5.3557647449635 0
9641 1.958146286880886 3.350135831771373 0
9642 8.188932406900928 0.5112004900923232 0
9643 8.138937658163382 0.4288910708716723 0
9644 6.489773189399878 5.705527666428631 0
9645 6.400896803615903 5.749969941056202 0
9646 6.582873561283463 5.855518366376203 0
9647 6.576438241897897 5.755419392261396 0
9648 8.553837926432688 8.838994355979224 0
9649 8.551886656067774 8.743047958804494 0
9650 7.276142712858784 6.634868606427984 0
9651 8.562458063020454 0.7422838879857351 0
9652 8.455099534953293 0.7451313406703699 0
9653 1.074769099809848 3.270458303703525 0
9654 1.002267365156272 3.237232384255427 0
9655 4.229715247419436 1.53902879446498 0
9656 4.336346747949348 1.531821942934138 0
9657 2.635144105577807 5.535812767377086 0
9658 6.827123785854444 6.233789289986693 0
9659 6.93264091350348 6.232826478800623 0
9660 7.031099045993953 6.404216368168697 0
9661 6.977887311274846 6.49260646285429 0
9662 0.7691562395024025 1.876385547708935 0
9663 0.7682775938278213 1.975787020401656 0
9664 0.4468526776146791 1.182373058827249 0
9665 0.5449311139190847 1.176969116255733 0
9666 0.5947072995900469 1.089959533050589 0
9667 0.5512058261466335 1.000963871518707 0
9668 7.017820514646346 0.3875059229585698 0
9669 7.860051400096938 0.245498816485854 0
9670 7.764263186760989 0.2445945714455775 0
9671 3.758437040293829 6.899743307250468 0
9672 3.67449632824425 6.945747200529739 0
9673 8.44647412248217 9.925804372309116 0
9674 8.546474122482124 9.925804372309116 0
9675 8.396762239280061 7.597724133597357 0
9676 8.307128847733804 7.641922326039065 0
9677 4.500326798075244 0.913693351119751 0
9678 4.544901940840017 1.000239325728739 0
9679 3.699038899308002 2.654450384021958 0
9680 3.779022505698308 2.720685422030739 0
9681 7.60921433826174 0.1789295909698698 0
9682 1.860373437317723 3.083679548859482 0
9683 1.768740852663376 3.092116265170335 0
9684 1.673140304616639 3.094803724383929 0
9685 1.148287777580681 3.291909853079177 0
9686 0.8481928840469575 3.787284046326593 0
9687 0.7455831287373369 3.796844095216416 0
9688 0.6455831287374468 3.796844095216366 0
9689 0.5406759014429665 3.802117652403339 0
9690 0.5968702507296804 7.164575566719227 0
9691 1.644443127221082 3.18469271842195 0
9692 1.128465888260012 3.184091956465014 0
9693 0.2524599392315982 3.052152608034074 0
9694 2.769293545034524 3.322661274189469 0
9695 2.833880203110013 3.405786859121539 0
9696 2.650800001984917 3.080208018926363 0
9697 0.5886381789396148 0.4277696245262048 0
9698 0.5009384815866466 0.3743164553745287 0
9699 8.139532027120271 7.639934794553539 0
9700 8.055331692904279 7.594514130988363 0
9701 2.8368284331675 5.394154919934339 0
9702 2.773318952228424 5.477737787464187 0
9703 0.3331080668035174 8.32840436058499 0
9704 8.0400339047223 0.4234312666515058 0
9705 0.08022360676018798 8.250740883210977 0
9706 0.08022360676018798 8.350740883210975 0
9707 0.5616368972399403 8.122743381942866 0
9708 0.5682434313537288 8.291281898533448 0
9709 0.611404340612475 8.209480188953206 0
9710 6.232799538149909 5.734903434257099 0
9711 6.147339576037397 5.689290069052896 0
9712 6.060853988196025 5.739817992358157 0
9713 4.544526675725923 0.8166858183361545 0
9714 5.130622343798004 1.890989351850656 0
9715 0.1562085123312767 7.798724109514648 0
9716 0.5507696878716838 7.078312754144934 0
9717 8.468839360275103 8.696296086378311 0
9718 0.3444760997174592 5.513447822155505 0
9719 0.4122842855106995 5.429890025126003 0
9720 0.2584553750886025 8.745251907589687 0
9721 0.4705755642755088 9.319360195126887 0
9722 0.564616933688995 0.8346980496924474 0
9723 0.6090758719007314 0.7495961186290052 0
9724 4.837178568941242 1.434242796898642 0
9725 4.846890350245467 1.536212176276323 0
9726 7.543666129386466 7.092117942888785 0
9727 7.637131766455417 7.050000000001578 0
9728 4.014913468960853 2.722294592692859 0
9729 0.5625280617497856 8.625152847236865 0
9730 0.6059961680232571 8.542342229345881 0
9731 8.190053839385445 8.555419754962005 0
9732 8.236148526729774 8.637706541512172 0
9733 4.738557775341219 8.132439196404887 0
9734 4.830701710652555 8.133239043175179 0
9735 7.403009435165816 0.1648518970844698 0
9736 7.34999999999587 0.06955234963570556 0
9737 0.1544656175784894 9.204930610334944 0
9738 3.750953304305218 2.553805145288364 0
9739 3.896142201542108 2.632746937167355 0
9740 3.850954551206886 2.554203090826923 0
9741 6.927997047371405 0.3271879815855528 0
9742 2.538024216916718 5.703323363589049 0
9743 0.2406337473100424 1.847968036409598 0
9744 8.554683822901163 8.251453755320625 0
9745 8.556756417117402 8.151453755320485 0
9746 0.2432139437565717 5.747439554783783 0
9747 4.546306534118449 0.2442855299839891 0
9748 0.6712037737421228 2.915949729920013 0
9749 0.2451647445833628 4.450000000000005 0
9750 2.758193266894925 4.350450262822555 0
9751 0.1504499949611372 7.598724109514644 0
9752 7.908965090583891 0.3275310047933164 0
9753 8.395950172200484 9.843124787171503 0
9754 0.1472030282226688 3.796878282094376 0
9755 2.926134195083988 3.349224302402991 0
9756 2.587389573707862 6.816769406770714 0
9757 5.980077311691312 0.4117853699157238 0
9758 6.214671111533281 6.818324552825807 0
9759 5.618324549050092 0.4146711115307187 0
9760 4.949961367373609 3.050010886326423 0
9761 4.532859528248646 7.783742080410552 0
9762 4.63464841808737 7.769001609823381 0
9763 4.369721629425666 7.284494483777669 0
9764 4.288800241811972 7.347016179353981 0
9765 4.291222160387317 2.653216462211518 0
9766 4.372446347240476 2.715677299244475 0
9767 5.139217062710347 8.027588177571984 0
9768 5.147960852671261 8.128033075502994 0
9769 8.555591477066365 8.917973179420482 0
9770 0.1598521710493186 7.208229248183839 0
9771 0.2287625554573133 7.125752055527158 0
9772 2.853293569139405 5.599366722269695 0
9773 2.928738538130306 5.550000000004022 0
9774 2.928738538130306 5.4500000000043 0
9775 0.07235414968811775 7.149732172846234 0
9776 0.14839087485294 7.002722966054225 0
9777 0.07235414968811775 7.049732172846234 0
9778 8.214305400757041 0.7253463987665683 0
9779 8.303697460250858 0.6685648699698448 0
9780 0.417671864310704 1.431855737278934 0
9781 0.5101202070946583 6.992945493708314 0
9782 0.462316202663987 6.907497225302821 0
9783 2.776134195085257 3.228870462592473 0
9784 7.324805406163714 0.2250510923682203 0
9785 7.203757111770429 6.855452834722447 0
9786 7.249999999997319 6.933289352287673 0
9787 7.249999999995634 0.06955234963570556 0
9788 7.201453120619183 0.1415286500069603 0
9789 4.291031749625134 5.844317266400796 0
9790 4.291084029455996 5.244259255411011 0
9791 4.289257938464134 4.645010886120549 0
9792 3.989782677808403 4.944811563501551 0
9793 3.989032232304364 3.945438958917428 0
9794 3.988799870801364 6.145309051310661 0
9795 3.989670110401441 5.544682570991332 0
9796 4.289220363986614 3.645067456492548 0
9797 0.1538740241094816 3.991206067564465 0
9798 0.9722190280252304 3.627950466263696 0
9799 1.078697894200222 3.63954001058945 0
9800 2.078607914536993 3.257709211712666 0
9801 1.984976994519085 3.25764687678054 0
9802 8.381485426218349 9.24034661663875 0
9803 2.585046551204247 4.757986528544363 0
9804 0.8752092118297604 1.861203360091202 0
9805 6.939896984702253 6.125969129961534 0
9806 7.127277893589209 6.451377785999163 0
9807 0.7577363268042066 2.251771769264397 0
9808 4.639422770004048 7.650729378518399 0
9809 4.456324169803923 7.334494483777545 0
9810 4.460541342017299 2.668261052749168 0
9811 0.06611339017005062 4.14432778547009 0
9812 0.06611339017005062 4.04432778547009 0
9813 0.2490378955832261 4.735082263063108 0
9814 4.35069555704214 1.161916877931345 0
9815 7.637131766455406 6.950000000001549 0
9816 4.923781109319663 1.384242796898735 0
9817 2.746254201350991 3.076132138748172 0
9818 0.06762856099049203 7.85 0
9819 0.06762856099049203 7.949999999999999 0
9820 0.4168239747045607 6.147002586304989 0
9821 2.583404147386478 6.147283127484259 0
9822 6.220498674831461 6.149428164192823 0
9823 4.949452313129092 0.419894803870612 0
9824 7.685446011062625 0.2424031727120173 0
9825 0.6739463559014511 3.094839478901525 0
9826 0.7235616030272358 3.008014801347772 0
9827 2.751435417313061 4.069473513831067 0
9828 2.633308711965058 5.688558970141645 0
9829 2.656666596914042 5.60781223309286 0
9830 2.708847925919721 5.680221243404546 0
9831 5.736340161476875 2.44889825042175 0
9832 5.618491471260082 7.508681942155063 0
9833 0.06678081115003863 9.448866802635568 0
9834 0.5515192474170423 0.06572626199237534 0
9835 8.733012701891713 0.5500000000000153 0
9836 4.20978056183186 6.19581246794346 0
9837 4.290945153887967 6.147576493997707 0
9838 4.216325403255656 5.591192620122822 0
9839 4.29260764081283 5.546136021839096 0
9840 4.216049776242482 4.991330980095557 0
9841 4.292333031288228 4.946273287464072 0
9842 3.987454013504511 5.246191060120216 0
9843 4.064069052367132 5.291233981514214 0
9844 3.987437731122593 5.846183420730789 0
9845 4.064054884572092 5.891229094766025 0
9846 3.982771128711062 4.649996370010644 0
9847 4.059005496237689 4.694648356282421 0
9848 4.20953563398085 3.995939414407139 0
9849 4.29070473889932 3.947698280642843 0
9850 3.984305695743034 3.649486917616326 0
9851 4.060232231448861 3.694136038584929 0
9852 2.933264272428753 3.650000000005409 0
9853 2.933264272428753 3.750000000006242 0
9854 0.06668968696934205 5.149999999999996 0
9855 0.06668968696934205 5.049999999999997 0
9856 2.933310313031581 5.050000000005413 0
9857 2.933310313031581 5.150000000005136 0
9858 0.421327376319363 6.462614108464948 0
9859 2.57978287093982 6.462521258910446 0
9860 4.768794044562345 2.745006707528217 0
9861 6.220480353172537 6.462745827826489 0
9862 6.337037428268908 0.4197572324072172 0
9863 5.264676159944878 0.416693390638097 0
9864 0.06561131550651716 9.154010410433406 0
9865 0.06561131550651716 9.054010410433406 0
9866 4.177928262005538 1.453814266368755 0
9867 0.8724384829504048 2.754974427184026 0
9868 0.9218240950169985 2.668017169767095 0
9869 5.551748970315009 2.128515071275423 0
9870 5.572732353535433 7.965753614704109 0
9871 5.622117965601936 7.878799755045735 0
9872 4.749886856452369 2.368307914022292 0
9873 6.671540048656163 0.2473793797232194 0
9874 8.550616141847584 7.867952502029807 0
9875 7.72529751785757 7.788591643947091 0
9876 0.2490426801962702 5.460705169251324 0
9877 0.7263380456701519 9.062044083425747 0
9878 4.648529443378131 1.726899116384641 0
9879 7.477236547403543 7.361404549404211 0
9880 3.27539073152209 0.3344640145778801 0
9881 1.429501766600205 0.07069475374470582 0
9882 0.828689954894531 0.0713615726323084 0
9883 5.630079489115422 9.513268750030182 0
9884 5.675233338921553 9.063864252811396 0
9885 5.725893878926271 8.977643077459964 0
9886 0.5242719448377312 9.406886824560182 0
9887 5.976780699363147 9.581549387404786 0
9888 6.027437489122052 9.495326044770904 0
9889 1.124614249683434 0.334282442993291 0
9890 2.575567945366506 0.5051571909326283 0
9891 7.370498233400467 9.929305246256664 0
9892 1.474997642503773 9.758806924276943 0
9893 7.925764090237942 9.666014860125561 0
9894 8.729085633792515 2.829677619151879 0
9895 8.466578319844579 6.275390654606161 0
9896 8.466481621441407 6.874924358506544 0
9897 6.729626966136976 9.409986492104311 0
9898 8.294875449701401 5.175476033095658 0
9899 7.674922443664598 9.666499723408389 0
9900 0.8756058198274108 9.320472178569949 0
9901 6.572313453072189 9.167990880815271 0
9902 5.274898573777046 9.666407408915529 0
9903 7.075390654604451 9.666578319832695 0
9904 2.275114917794064 0.2413144838846787 0
9905 1.17695986292848 9.495009968896772 0
9906 1.7248735931733 0.3350121458011511 0
9907 6.222787604746886 9.241193120181974 0
9908 6.524763737646296 9.753317400874097 0
9909 2.074748098484574 9.321020350812375 0
9910 3.570322380836088 0.06987925648476312 0
9911 8.729085633793181 3.170322380838027 0
9912 6.474344121967033 9.66723099075905 0
9913 8.729305246259134 6.570498233396345 0
9914 8.556790600147718 3.875476033091418 0
9915 8.466009525571256 7.125757240900214 0
9916 4.07560538572961 0.2414382623562533 0
9917 2.576161545442639 9.494391092789604 0
9918 1.725479881239047 9.322603831197615 0
9919 0.5377374670490047 2.0237736803487 0
9920 0.06187004362035248 7.549999999999996 0
9921 0.06187004362035248 7.449999999999996 0
9922 8.253502769346774 0.5764904087655596 0
9923 0.4179701336893046 0.4254495406085416 0
9924 5.219021040985059 1.549999999993747 0
9925 7.070150437422104 0.2213877423917725 0
9926 7.152197922635071 0.2012427289279365 0
9927 8.266552247054449 8.716705908806095 0
9928 8.327507356527692 8.801604024077722 0
9929 6.969466121797458 0.2288196907027634 0
9930 3.426794919241094 2.72679491924697 0
9931 5.326794919242613 3.173205080758518 0
9932 5.326794919242613 3.073205080757687 0
9933 8.726794919242799 0.07320508075706733 0
9934 8.62679491924235 0.07320508075706733 0
9935 0.07320508075718213 9.926794919242937 0
9936 0.1732050807576241 9.926794919242937 0
9937 2.750000000000508 7.118752308451494 0
9938 5.72897409327585 2.928097237663805 0
9939 5.628974093275589 2.928097237663805 0
9940 8.726794919243027 9.926794919242964 0
9941 8.726794919243027 9.826794919242811 0
9942 8.626794919243075 9.926794919242964 0
9943 0.07320508075686874 0.07320508075691994 0
9944 0.07320508075686874 0.1732050807569196 0
9945 8.572927405782782 0.1575747111987036 0
9946 5.281247691548753 7.249999999999374 0
9947 0.1575747111983672 0.2270725942164131 0
9948 5.373205080757113 7.099999999999734 0
9949 0.2270725942171814 9.842425288801293 0
9950 5.282136720505091 7.149999999999606 0
9951 2.850000000000375 7.117863279495186 0
9952 2.900000000000243 7.026794919243076 0
9953 5.899999999999732 7.026794919243013 0
9954 5.949999999999596 7.117863279495063 0
9955 6.049999999999299 7.118752308451359 0
9956 3.587896318129991 6.971506238621512 0
9957 3.49858040822258 7.026328795541941 0
9958 3.548310437888828 7.117644757487943 0
9959 5.575106579816337 2.843727607222442 0
9960 3.426794919242264 2.900000000001991 0
9961 3.372927405782137 2.811164549687613 0
9962 5.242425288801154 3.227072594218373 0
9963 0.0594423942832378 3.65 0
9964 0.0594423942832378 3.75 0
9965 1.52570227456286 3.273923105307584 0
9966 1.613435059849458 3.274367055826716 0
9967 1.127473605249176 3.081320203546519 0
9968 1.024256509790928 3.079462812617621 0
9969 5.071637810257315 1.977144433343575 0
9970 5.122397286018493 2.063308490186679 0
9971 0.8713311145811584 3.327118102252685 0
9972 1.128030501311906 3.552081802342357 0
9973 8.385735808451908 9.592797774865009 0
9974 2.590205545922398 5.775732373900736 0
9975 4.707980898741804 0.6504564429973917 0
9976 8.37092767062018 3.80141259768443 0
9977 8.279328175323384 3.851412597684627 0
9978 1.093518395829801 9.678749321150338 0
9979 1.142527345236101 9.769865637129346 0
9980 6.298584488912732 9.051916734992883 0
9981 6.248700264517966 8.960250396620101 0
9982 5.205008740842985 9.850599421062517 0
9983 5.252113504354607 9.938317674754252 0
9984 8.451421925921821 2.84903465148017 0
9985 8.535775653156268 2.899034651479639 0
9986 1.812175990026788 0.1543872283865986 0
9987 1.765071226514807 0.06666897469371612 0
9988 2.195500095151516 0.4260225704497003 0
9989 2.242604858664219 0.518023928358197 0
9990 1.212050220641959 0.1526127248423842 0
9991 1.165004543588965 0.06625304887051531 0
9992 2.504504604949982 9.680144737601658 0
9993 2.551609368461993 9.772146095508145 0
9994 3.50148153659035 0.2546837138803809 0
9995 3.551481703482863 0.3463269592108348 0
9996 2.551990078425017 0.2274815124421659 0
9997 2.501427115774439 0.3194060343761583 0
9998 2.00009606109204 9.519431125643148 0
9999 2.050015637856973 9.602807836871584 0
10000 4.004297139970133 0.4282615170834843 0
10001 4.051408125166679 0.5201293507819179 0
10002 6.987876859528376 9.845764299577755 0
10003 7.034981623040123 9.93348255326937 0
10004 5.548220835579194 9.937797160827005 0
10005 5.598220835579063 9.851194620448933 0
10006 3.234981625893814 0.06655623126673381 0
10007 3.187876862384317 0.1542744849580236 0
10008 1.457423445138002 0.3449246488716498 0
10009 1.507423445137841 0.2533251535755465 0
10010 7.605043269383785 9.852056542211526 0
10011 7.65208894643613 9.938416218182411 0
10012 1.750093827113312 9.602020153641575 0
10013 1.800096061091575 9.519431125644122 0
10014 0.8563191559027152 0.3462343635880789 0
10015 0.9062707538905771 0.2546628132063996 0
10016 8.535721565710627 3.10096890886155 0
10017 8.450535012656356 3.150968908862406 0
10018 0.7854055294095348 9.50035589563516 0
10019 0.835694040730711 9.594759837741051 0
10020 8.650568394009092 7.195042164615534 0
10021 8.738286647698056 7.147937401103849 0
10022 8.546636026680849 6.492643792668906 0
10023 8.454711504745823 6.543206755319655 0
10024 7.948115615035027 9.937865079976207 0
10025 7.995220378545172 9.850146826285684 0
10026 1.452774991864536 9.48022536038739 0
10027 1.40197717098674 9.571931491484708 0
10028 7.343205387573438 9.654724434719839 0
10029 7.292642424922775 9.74664895665402 0
10030 8.572186957122419 5.151400136472107 0
10031 8.480587461824967 5.101400136472032 0
10032 8.739523796655902 6.851366941566308 0
10033 8.653164120686597 6.804321264515364 0
10034 8.733482553272419 6.234981623033957 0
10035 8.64576429958387 6.187876859524623 0
10036 6.519054295701102 6.065238566655491 0
10037 4.710299444639844 1.149999999992917 0
10038 0.2419645482352764 1.118647185514693 0
10039 7.525893049944698 7.448171661967908 0
10040 7.630210515699019 7.443147288172119 0
10041 4.503834488704728 1.629537678419033 0
10042 4.549946838935297 1.726329177420928 0
10043 0.3675020897738701 6.919322677989647 0
10044 0.3429232395527594 6.999739977419341 0
10045 0.2917754943681692 6.927332945995047 0
10046 2.934477679286996 3.165071288230898 0
10047 2.934477679286996 3.065071288230066 0
10048 2.830731880636718 3.061557266787093 0
10049 4.0263983832033 7.276238101141746 0
10050 0.4107169711447121 4.763841169618843 0
10051 0.3438513218037156 4.681639595274336 0
10052 0.4713729229482571 0.9925571254304349 0
10053 0.5342358304449132 0.9084067460880259 0
10054 0.4111684574793968 6.835090193878527 0
10055 8.393386350592149 8.839722545952363 0
10056 8.410044075241981 8.74998740586404 0
10057 0.3459105901921277 8.696728783535844 0
10058 5.25598928424353 8.138966014969702 0
10059 0.2466062437697942 3.141946091389365 0
10060 0.2342138974594622 6.876448616490667 0
10061 0.3657333232484257 7.071884737387894 0
10062 0.4592993157354858 7.07709696985056 0
10063 6.393041536980595 5.830495026423341 0
10064 6.30785526663343 5.768295957473137 0
10065 6.51651664758319 5.901783414766397 0
10066 0.5607044122067695 8.45228707756813 0
10067 0.5381237499288566 8.357663929348341 0
10068 2.587235182069736 4.042904143677021 0
10069 2.655040739008402 4.122964132016516 0
10070 5.133102503382283 1.696949395689354 0
10071 5.224265828298886 1.64971313955409 0
10072 2.465077103148647 3.451817785615333 0
10073 2.56703808191499 3.464129643455497 0
10074 2.767300051494467 5.72985071249428 0
10075 2.790657936443452 5.649103975445495 0
10076 8.299907178656888 7.721879322976075 0
10077 8.211587759191817 7.668353381822092 0
10078 8.35078435360577 7.779855037801489 0
10079 8.255243265063783 7.806286093584515 0
10080 7.951471937651997 0.3931905839978024 0
10081 7.809056754678767 0.470542239772742 0
10082 0.4021501349082701 1.115736512394073 0
10083 0.4076540566080302 1.037613134207275 0
10084 0.3906840609063099 0.9450560087765939 0
10085 6.443041536980553 5.886469262732666 0
10086 6.349999999998081 5.904795279149601 0
10087 6.473475110600676 5.976083667492658 0
10088 2.926134195083988 3.249224302402159 0
10089 4.625847540112426 1.003355708265943 0
10090 5.640954967455603 2.586019216685794 0
10091 5.733070954431657 2.548898250421956 0
10092 8.733012701891713 0.450000000000115 0
10093 8.640896714915597 0.4128790337372994 0
10094 0.06678081115003863 9.548866802635569 0
10095 0.1588967981261287 9.585987768898487 0
10096 5.567724286954308 7.423974360978564 0
10097 5.468719961321273 7.43814553437889 0
10098 0.4515192474172331 0.06572626199237534 0
10099 0.414100150720318 0.1573258719090192 0
10100 5.464535392824269 2.081041743767909 0
10101 5.385281172673032 2.138848186497724 0
10102 4.650000000001246 2.371891108676557 0
10103 4.611227200355415 2.466619214323001 0
10104 6.64916420672325 0.4117553497502792 0
10105 6.727680069857452 0.3403776379662241 0
10106 8.390278902232494 7.850083406236379 0
10107 8.456444264911926 7.925471721970763 0
10108 4.13995019722793 5.843945648976558 0
10109 4.13998866500084 5.24392228725013 0
10110 4.133006422022374 4.647991630657838 0
10111 4.138492464152483 6.145451454780497 0
10112 4.140514401003369 5.543968848226184 0
10113 4.140265406108483 4.944147862348333 0
10114 4.134143645282858 3.647505197687686 0
10115 4.138299965190583 3.945626078393035 0
10116 0.2096350472383515 6.956865915920361 0
10117 7.76654990761066 0.404882660568256 0
10118 7.85862341440248 0.38758863505343 0
10119 0.321461272866323 1.068235395740232 0
10120 4.216070585293743 5.791738694057048 0
10121 4.216101105212908 5.191704821556714 0
10122 4.203221317496114 4.596874581736856 0
10123 4.064489304900206 4.891930514412337 0
10124 4.064364795976704 5.491799052132924 0
10125 4.063494544153606 6.092425516541002 0
10126 4.203208712006445 3.596903490588707 0
10127 4.063730897666506 3.892557716361737 0
10128 2.784477679288265 3.144717448421212 0
10129 2.860611874370984 3.214295590631393 0
10130 7.687732731912297 0.4026912618346958 0
10131 8.395139901225825 8.91870136939362 0
10132 8.586466408952862 2.82871227063547 0
10133 8.437430774544564 5.172728628410607 0
10134 8.602972927263892 6.256994501738308 0
10135 8.608917472244203 6.872913524170388 0
10136 3.25699451890888 0.1972597799614503 0
10137 0.8349607087810205 0.2116650318886732 0
10138 5.524787195501663 9.804965207405173 0
10139 2.572767096746247 0.3626808847206818 0
10140 1.436925211735711 0.2096605533687431 0
10141 1.729226166553135 9.468669222225909 0
10142 7.926694518527616 9.807117020892283 0
10143 1.164926502022003 9.63464314737698 0
10144 1.473597037583785 9.616352690636711 0
10145 7.363140658323863 9.790313556858262 0
10146 8.414084357902365 3.872741089619057 0
10147 8.607533254054381 7.126509455259264 0
10148 8.590300626880817 6.563142026067239 0
10149 0.8574300862884342 9.459792516255568 0
10150 8.586412321507888 3.171291289704111 0
10151 2.071370322583175 9.467311594088208 0
10152 2.57348741917435 9.637119029992775 0
10153 7.673633614197495 9.807827995743651 0
10154 7.056994501740235 9.802972927255409 0
10155 6.223949732831011 9.097877413163609 0
10156 5.273675916920176 9.807661164066321 0
10157 3.571803917429783 0.2102036164174812 0
10158 4.073628011527244 0.384347288365911 0
10159 1.142981584485509 0.1967992633011881 0
10160 1.74332259559085 0.197936240517905 0
10161 2.264342000554254 0.3821246420669573 0
10162 4.123802152273564 4.448804531725365 0
10163 4.123504006391675 4.54888295108541 0
10164 4.053587256799824 4.499921580646348 0
10165 4.123652328250467 3.448885210516137 0
10166 4.12464975128831 3.548372128128419 0
10167 4.054587261526881 3.499486917615116 0
10168 3.984709527873922 6.749987213327045 0
10169 3.982795177787579 6.549476403378289 0
10170 3.984675905163281 6.649716240473545 0
10171 4.053556215778425 6.699729027146816 0
10172 3.984215395311333 6.448536951767652 0
10173 4.054942810591537 6.498518602682678 0
10174 4.126874373804492 4.349494627960468 0
10175 4.055513463111093 4.298658993002355 0
10176 4.128502434233871 4.248310459676521 0
10177 4.120577136596872 6.750000000000421 0
10178 4.126042152723405 6.448639573321012 0
10179 4.120543513886231 6.649729027146922 0
10180 4.124621935199651 6.549579024931649 0
10181 3.982979694280831 4.349670743608252 0
10182 3.984850943982412 4.449908884408174 0
10183 3.984607754710211 4.248486575324305 0
10184 3.978296569327468 2.955853099759945 0
10185 3.986602540381803 3.050000000001519 0
10186 3.986602540381629 3.150000000002096 0
10187 3.986602540381524 3.250000000002685 0
10188 4.053589838489014 3.300000000002493 0
10189 3.986602540381548 3.350000000003027 0
10190 3.986602540381472 3.450000000003588 0
10191 4.120577136596186 3.250000000002259 0
10192 4.12057713659621 3.3500000000026 0
10193 4.053589838489163 3.100000000001574 0
10194 4.120577136596594 3.050000000001226 0
10195 4.128154604907736 2.946745064786854 0
10196 4.12057713659642 3.150000000001804 0
10197 3.987599963419315 3.549486917615869 0
10198 3.984552798100523 4.549987303768219 0
10199 4.71137546384632 1.051321160157657 0
10200 8.454137640634238 0.8487211791534178 0
10201 8.477676619940116 8.867084751179938 0
10202 0.4097013865726179 3.515262545545133 0
10203 0.6139592036567256 8.897145041872655 0
10204 0.5720069689815031 8.805757415566458 0
10205 6.2249442715146 5.815428519624238 0
10206 0.6748877296691973 8.97627888337901 0
10207 0.4847840304906185 0.826291303604175 0
10208 6.775010367727482 6.136860584839559 0
10209 7.041764342087925 6.582211381247536 0
10210 0.8611448641987374 2.030351514915635 0
10211 3.973234122844054 7.193173134295334 0
10212 8.14282455805704 0.5790194982385594 0
10213 7.130661562225628 6.54222342928578 0
10214 0.9229316406002114 1.948893581084009 0
10215 6.852243682427137 6.078182756095587 0
10216 7.737299391636009 0.3197376571153838 0
10217 8.132310358043359 7.719891791490548 0
10218 4.91671355385635 7.989672780927879 0
10219 1.376547443653521 0.1570544297165747 0
10220 2.623063336022635 0.4233931706400967 0
10221 0.7700529499983442 0.1623889808194552 0
10222 3.322012893012394 0.2450629026423793 0
10223 5.582434637574281 9.603316283158573 0
10224 5.526566359926926 9.666206152251187 0
10225 5.476963521976733 9.742915347558066 0
10226 7.423452556347909 9.842945570285778 0
10227 7.87864592285527 9.744731246632863 0
10228 1.676009806349496 9.39817935850162 0
10229 1.525670070114203 9.683233057115292 0
10230 8.648434438624818 2.777954264099135 0
10231 8.55513102005064 6.32201287870206 0
10232 8.376724992432695 5.223051846987403 0
10233 8.54487298131021 6.921613601964525 0
10234 0.9281285217093369 9.417831858714722 0
10235 6.67720485118123 9.322746828476566 0
10236 1.222399156787971 9.582210030463417 0
10237 6.620840746529312 9.255443688711892 0
10238 7.721611687124354 9.744891083278027 0
10239 7.122012878700005 9.755131020038462 0
10240 2.321737141889613 0.3298671840904326 0
10241 5.321959574620559 9.745090790291966 0
10242 6.171737666752056 9.1618524591937 0
10243 1.678251369077779 0.2456266197756981 0
10244 1.07797704090028 0.2449055683807076 0
10245 2.124185135834245 9.401009005836578 0
10246 2.623601405769256 9.576454109490188 0
10247 3.62204573588977 0.1505304516524458 0
10248 8.64843443862577 3.22204573589144 0
10249 8.474941057416533 3.92305184698309 0
10250 4.126975264396412 0.3190841209051877 0
10251 8.544725912078235 7.078639073516166 0
10252 8.642945570289829 6.623452556345552 0
10253 3.683760826559419 7.026898552992112 0
10254 8.573269041725101 9.85259929155208 0
10255 0.5423358647554823 8.712346789700334 0
10256 8.130039334600919 0.6733572638964572 0
10257 8.571636483616109 0.8482525134603653 0
10258 8.573091604870651 0.9492400865461601 0
10259 8.511654191162297 0.8984299313986408 0
10260 8.313761360852849 8.632869516695479 0
10261 0.4851464349105699 8.617110141350983 0
10262 8.455592761888781 0.9497087522392125 0
10263 4.046518899548661 2.905603834207724 0
10264 3.971225630386792 2.861456933966674 0
10265 8.630195955557472 9.777261731113491 0
10266 3.647086531456249 7.114286925229061 0
10267 2.794841443564659 5.54973725317996 0
10268 0.9774736052495054 3.167922743924867 0
10269 7.250744802011646 0.1988187781923873 0
10270 0.205952471761647 7.053607295558606 0
10271 7.248301230913476 6.794718022956642 0
10272 0.9247937599165996 3.242514721090932 0
10273 3.944277013605253 2.696457381382242 0
10274 3.850040237833639 2.695822801578331 0
10275 5.352510666400016 9.814064975734151 0
10276 5.448617997625329 9.813544461806902 0
10277 5.400334339924945 9.876114835581259 0
10278 7.75215596579743 9.813895523899198 0
10279 7.848182634396634 9.813344385692993 0
10280 7.800204561469775 9.876281298158618 0
10281 8.613765953419964 7.048004420468855 0
10282 8.615003102377811 6.951433960931618 0
10283 8.677810444353957 6.999304342674716 0
10284 8.153798593818415 7.808554172978612 0
10285 2.751593090584756 0.3507952418708973 0
10286 2.653150470831306 0.3531141931590895 0
10287 2.701296851308368 0.2900829559514824 0
10288 8.449304543120018 5.351723355052396 0
10289 8.446879303052336 5.253123491528447 0
10290 8.510010325231885 5.301400136475602 0
10291 8.575875925247967 2.648071483626489 0
10292 8.576729579992652 2.747311296425337 0
10293 8.513907895576011 2.698829490162824 0
10294 2.248105697002566 9.473673531650768 0
10295 2.195290883751496 9.539976119902398 0
10296 2.152814813256765 9.474045628494803 0
10297 6.051214005951339 9.087473717230147 0
10298 6.103426072030295 9.023498671200056 0
10299 6.144956911747675 9.089347546937152 0
10300 8.57554034283576 3.352010580890176 0
10301 8.513518225717878 3.301256134702848 0
10302 8.576675492547297 3.25269226391282 0
10303 2.751723355053683 9.649304543113104 0
10304 2.701609368458777 9.709969463615693 0
10305 2.65333272351227 9.646838441434697 0
10306 8.402670844492125 4.051928516361937 0
10307 8.341814144977956 4.001617758997904 0
10308 8.404635829394303 3.953135952734317 0
10309 3.746974485787906 0.2247706595150861 0
10310 3.696732667327918 0.2844438242801215 0
10311 3.653204891637671 0.2209755551004007 0
10312 4.247924141949192 0.3923585465714222 0
10313 4.194576889080024 0.4576217140321455 0
10314 4.156148056262333 0.3898596456596749 0
10315 8.455729350607152 7.454856595368764 0
10316 8.512532755701827 7.49990912459301 0
10317 8.454879616455919 7.545052529225911 0
10318 1.654050203519018 9.609947860661379 0
10319 1.556027374502851 9.612667138095794 0
10320 1.6019771709886 9.543067494182798 0
10321 1.646783639801128 9.469858353024094 0
10322 1.548760810784961 9.47257763045851 0
10323 3.450000000001918 9.65525588832363 0
10324 3.550000000003307 9.655255888324717 0
10325 3.500000000005918 9.712435565298016 0
10326 3.450000000006855 9.769615242269833 0
10327 3.550000000008244 9.76961524227092 0
10328 4.650000000005363 9.655255888324634 0
10329 4.550000000003118 9.65525588832333 0
10330 8.282050807574686 4.649999999997394 0
10331 8.282050807575605 4.549999999996197 0
10332 8.339230484546013 4.599999999994362 0
10333 8.396410161515433 4.649999999993643 0
10334 8.396410161516354 4.549999999992444 0
10335 2.849995344496305 0.2279799433462042 0
10336 2.74986973552746 0.2304845427098354 0
10337 2.945148492059523 0.3441562357295048 0
10338 6.054841583116752 8.963440364907612 0
10339 4.150000000005182 9.65525588832568 0
10340 4.100000000010763 9.71243556530133 0
10341 4.050000000004824 9.655255888325645 0
10342 4.500000000007677 9.712435565298094 0
10343 4.450000000003229 9.655255888323643 0
10344 4.250000000005066 9.655255888325147 0
10345 4.350000000003399 9.655255888323669 0
10346 4.300000000009454 9.712435565299886 0
10347 3.745376967492244 0.3479174272342564 0
10348 4.243176487384172 0.5176247421758193 0
10349 4.945147639679118 9.655849582374776 0
10350 4.895147639683067 9.713029259350851 0
10351 4.850000000006649 9.655255888322085 0
10352 3.850000000004186 9.655255888325232 0
10353 3.950000000004935 9.655255888325756 0
10354 3.900000000009656 9.712435565300773 0
10355 3.650000000003355 9.655255888324684 0
10356 3.750000000004156 9.655255888325255 0
10357 3.700000000008107 9.712435565299675 0
10358 4.750000000006878 9.655255888324824 0
10359 3.350000000006644 9.769615242269815 0
10360 3.150000000004401 9.769615242268308 0
10361 3.250000000004688 9.769615242268291 0
10362 8.254788744715514 9.656129300098119 0
10363 2.750000000003678 9.76961524226839 0
10364 2.850000000003967 9.769615242268387 0
10365 8.455255888331815 1.549999999995203 0
10366 8.455255888331164 1.64999999999586 0
10367 2.950000000004102 9.769615242268301 0
10368 3.050000000004323 9.76961524226833 0
10369 2.945274101023846 0.2272922824144381 0
10370 2.245417171163795 9.599410061566381 0
10371 2.900000000000325 9.712435565294012 0
10372 4.700000000009082 9.712435565297971 0
10373 3.100000000000539 9.712435565293903 0
10374 2.849869735531981 0.3448438966612709 0
10375 8.572119841635484 5.850125608966099 0
10376 8.572714027546127 5.945274100562336 0
10377 8.513029751210485 5.895148491596188 0
10378 4.750000000010697 9.769615242270893 0
10379 4.850125608979328 9.772119841634746 0
10380 8.282050807576379 4.349999999995015 0
10381 8.339230484547766 4.399999999992048 0
10382 8.282050807575544 4.449999999996132 0
10383 4.945273248651798 9.772713535687437 0
10384 3.300000000002573 9.712435565295404 0
10385 8.455565226095644 2.549794838679111 0
10386 8.452771184211766 2.649794838679701 0
10387 8.282360145339839 4.150205161312244 0
10388 8.339539822312188 4.200205161308228 0
10389 8.282050807576249 4.249999999994949 0
10390 8.452357316016712 3.350287225839551 0
10391 8.452552024354443 3.450287225839274 0
10392 8.455255888331504 1.349999999995163 0
10393 8.455255888331864 1.449999999995212 0
10394 8.451892821128794 3.54495952010877 0
10395 4.150000000010836 9.769615242272057 0
10396 4.250000000011189 9.769615242272245 0
10397 8.279566103454602 4.050205161312085 0
10398 8.455255888330901 1.949999999995463 0
10399 8.455255888330896 2.049999999995496 0
10400 4.050000000010479 9.769615242272023 0
10401 8.396410161515412 4.749999999993854 0
10402 8.511723872780692 3.495246745949699 0
10403 8.455255888332358 1.149999999996391 0
10404 8.455255888332303 1.249999999996304 0
10405 4.650000000009181 9.769615242270703 0
10406 8.455592761888706 1.049708752239133 0
10407 8.512435565303342 1.299999999997809 0
10408 8.512772438860491 1.099708752241693 0
10409 8.396954841793088 4.844944566659619 0
10410 8.254264794435988 9.774411609285448 0
10411 4.550000000009293 9.769615242270458 0
10412 4.450000000009403 9.76961524227077 0
10413 8.455255888330926 1.749999999995766 0
10414 8.455255888330903 1.849999999995633 0
10415 8.33977516482277 4.794944566661326 0
10416 8.56961524227121 5.449999999996349 0
10417 8.569615242271208 5.349999999996205 0
10418 8.570088704547956 7.454856595366021 0
10419 8.569615242271304 5.649999999996572 0
10420 8.569615242271306 5.549999999996414 0
10421 3.750000000009263 9.76961524227147 0
10422 3.850000000009552 9.769615242271463 0
10423 3.950000000010301 9.769615242271989 0
10424 8.455255888330987 2.149999999995424 0
10425 8.45525588833102 2.249999999995268 0
10426 8.569615242271347 5.749999999996707 0
10427 8.5124355652998 5.699999999999816 0
10428 4.350000000009522 9.769615242270767 0
10429 8.45525588833107 2.349999999995093 0
10430 8.455255888331104 2.449999999994938 0
10431 8.512744903066789 2.499794838679803 0
10432 3.650000000008463 9.769615242270898 0
10433 8.512435565302205 1.699999999996556 0
10434 8.512435565299663 5.499999999999616 0
10435 8.512435565301967 1.899999999996292 0
10436 8.512435565302056 2.09999999999605 0
10437 8.512435565302198 2.299999999995803 0
10438 2.85000000000024 9.655255888322905 0
10439 3.050000000000519 9.655255888322795 0
10440 2.950000000000375 9.655255888322818 0
10441 8.512435565302493 1.499999999996659 0
10442 3.150000000000597 9.655255888322774 0
10443 8.569615242272926 2.449999999995497 0
10444 8.569615242272935 2.349999999995789 0
10445 8.569615242272883 2.249999999995963 0
10446 8.569615242272883 2.149999999996255 0
10447 8.569615242272793 2.049999999996328 0
10448 8.569615242272793 1.94999999999662 0
10449 8.455255888331136 5.850000000000043 0
10450 8.455850074241781 5.94514849159628 0
10451 8.569924580037465 2.549794838679671 0
10452 8.569615242272793 1.849999999996789 0
10453 8.569615242272786 1.749999999997081 0
10454 8.569615242273024 1.649999999997175 0
10455 8.569615242273031 1.549999999997467 0
10456 8.569952115830109 1.049708752241773 0
10457 8.569615242273759 1.14999999999903 0
10458 8.569615242273773 1.249999999998831 0
10459 8.569615242272974 1.34999999999769 0
10460 8.396410161517213 4.349999999991216 0
10461 8.396410161517409 4.249999999990903 0
10462 8.56961524227308 1.449999999997476 0
10463 8.569588997624969 3.450287225836325 0
10464 8.396410161516378 4.449999999992333 0
10465 8.56892979439932 3.544959520105821 0
10466 3.25000000000028 9.65525588832244 0
10467 3.350000000002236 9.655255888323964 0
10468 8.396719499280998 4.150205161308198 0
10469 8.455255888331017 5.649999999999803 0
10470 8.455255888331056 5.749999999999938 0
10471 8.455255888330825 5.44999999999964 0
10472 8.455255888330921 5.549999999999705 0
10473 8.282050807574766 4.749999999997457 0
10474 8.282595487852442 4.844944566663223 0
10475 2.89501822758936 0.287076343731524 0
10476 8.569238970396725 7.545052529223168 0
10477 2.65142711577401 0.2328034939980276 0
10478 8.567190002203528 5.251400136472254 0
10479 8.453624838956451 2.749034651478548 0
10480 2.150126287417995 9.599782158410417 0
10481 6.148584488913087 8.965314194614615 0
10482 8.45349246572825 3.250968908862196 0
10483 2.651609368462266 9.767149140589982 0
10484 8.281531088356783 3.951412597684465 0
10485 3.651607373342009 0.344122322819571 0
10486 4.151400401697314 0.515125841264072 0
10487 8.349172729614372 9.659282193553878 0
10488 8.303961474334017 9.717335282301885 0
10489 5.352113504354268 9.938317674754252 0
10490 5.44822083557958 9.937797160827005 0
10491 7.752088946435871 9.938416218182411 0
10492 7.848115615035075 9.937865079976207 0
10493 8.738286647698056 7.047937401103697 0
10494 8.739523796655902 6.951366941566461 0
10495 4.857110224114395 8.060292148536288 0
10496 6.243733526781796 5.910129092919176 0
10497 3.827157317761453 2.784395866245626 0
10498 3.900589175031191 2.835619722656057 0
10499 0.4902969887739196 8.274287871633046 0
10500 0.398250363458078 0.8520614627995581 0
10501 7.275550208179602 0.2847651712891965 0
10502 8.348648779334846 9.77756450274121 0
10503 0.4436652060950368 3.573785689102699 0
10504 7.273940393690958 6.708096509163632 0
10505 8.402960366210646 8.658177564503671 0
10506 0.3974024161553344 8.288085420148477 0
10507 4.038186442433128 7.117666507546393 0
10508 2.710683319532471 5.527475040639988 0
10509 0.2900067278427248 7.079895005393293 0
10510 0.4056821997150243 8.652152041907218 0
10511 3.968811505252384 2.785370457103835 0
$EndNodes
$Elements
5394
1 8 2 2 1 1 13 56
2 8 2 2 1 13 14 57
3 8 2 2 1 14 15 58
4 8 2 2 1 15 16 59
5 8 2 2 1 16 17 60
6 8 2 2 1 17 18 61
7 8 2 2 1 18 19 62
8 8 2 2 1 19 20 63
9 8 2 2 1 20 21 64
10 8 2 2 1 21 22 65
11 8 2 2 1 22 23 66
12 8 2 2 1 23 24 67
13 8 2 2 1 24 25 68
14 8 2 2 1 25 26 69
15 8 2 2 1 26 27 70
16 8 2 2 1 27 28 71
17 8 2 2 1 28 29 72
18 8 2 2 1 29 30 73
19 8 2 2 1 30 31 74
20 8 2 2 1 31 32 75
21 8 2 2 1 32 33 76
22 8 2 2 1 33 34 77
23 8 2 2 1 34 35 78
24 8 2 2 1 35 36 79
25 8 2 2 1 36 37 80
26 8 2 2 1 37 38 81
27 8 2 2 1 38 39 82
28 8 2 2 1 39 40 83
29 8 2 2 1 40 41 84
30 8 2 2 1 41 42 85
31 8 2 2 1 42 43 86
32 8 2 2 1 43 44 87
33 8 2 2 1 44 45 88
34 8 2 2 1 45 46 89
35 8 2 2 1 46 47 90
36 8 2 2 1 47 48 91
37 8 2 2 1 48 49 92
38 8 2 2 1 49 50 93
39 8 2 2 1 50 51 94
40 8 2 2 1 51 52 95
41 8 2 2 1 52 53 96
42 8 2 2 1 53 54 97
43 8 2 2 1 54 55 98
44 8 2 2 1 55 2 99
45 8 2 2 2 2 100 149
46 8 2 2 2 100 101 150
47 8 2 2 2 101 102 151
48 8 2 2 2 102 103 152
49 8 2 2 2 103 104 153
50 8 2 2 2 104 105 154
51 8 2 2 2 105 106 155
52 8 2 2 2 106 107 156
53 8 2 2 2 107 108 157
54 8 2 2 2 108 109 158
55 8 2 2 2 109 110 159
56 8 2 2 2 110 111 160
57 8 2 2 2 111 112 161
58 8 2 2 2 112 113 162
59 8 2 2 2 113 114 163
60 8 2 2 2 114 115 164
61 8 2 2 2 115 116 165
62 8 2 2 2 116 117 166
63 8 2 2 2 117 118 167
64 8 2 2 2 118 119 168
65 8 2 2 2 119 120 169
66 8 2 2 2 120 121 170
67 8 2 2 2 121 122 171
68 8 2 2 2 122 123 172
69 8 2 2 2 123 124 173
70 8 2 2 2 124 125 174
71 8 2 2 2 125 126 175
72 8 2 2 2 126 127 176
73 8 2 2 2 127 128 177
74 8 2 2 2 128 129 178
75 8 2 2 2 129 130 179
76 8 2 2 2 130 131 180
77 8 2 2 2 131 132 181
78 8 2 2 2 132 133 182
79 8 2 2 2 133 134 183
80 8 2 2 2 134 135 184
81 8 2 2 2 135 136 185
82 8 2 2 2 136 137 186
83 8 2 2 2 137 138 187
84 8 2 2 2 138 139 188
85 8 2 2 2 139 140 189
86 8 2 2 2 140 141 190
87 8 2 2 2 141 142 191
88 8 2 2 2 142 143 192
89 8 2 2 2 143 144 193
90 8 2 2 2 144 145 194
91 8 2 2 2 145 146 195
92 8 2 2 2 146 147 196
93 8 2 2 2 147 148 197
94 8 2 2 2 148 3 198
95 8 2 2 3 3 199 242
96 8 2 2 3 199 200 243
97 8 2 2 3 200 201 244
98 8 2 2 3 201 202 245
99 8 2 2 3 202 203 246
100 8 2 2 3 203 204 247
101 8 2 2 3 204 205 248
102 8 2 2 3 205 206 249
103 8 2 2 3 206 207 250
104 8 2 2 3 207 208 251
105 8 2 2 3 208 209 252
106 8 2 2 3 209 210 253
107 8 2 2 3 210 211 254
108 8 2 2 3 211 212 255
109 8 2 2 3 212 213 256
110 8 2 2 3 213 214 257
111 8 2 2 3 214 215 258
112 8 2 2 3 215 216 259
113 8 2 2 3 216 217 260
114 8 2 2 3 217 218 261
115 8 2 2 3 218 219 262
116 8 2 2 3 219 220 263
117 8 2 2 3 220 221 264
118 8 2 2 3 221 222 265
119 8 2 2 3 222 223 266
120 8 2 2 3 223 224 267
121 8 2 2 3 224 225 268
122 8 2 2 3 225 226 269
123 8 2 2 3 226 227 270
124 8 2 2 3 227 228 271
125 8 2 2 3 228 229 272
126 8 2 2 3 229 230 273
127 8 2 2 3 230 231 274
128 8 2 2 3 231 232 275
129 8 2 2 3 232 233 276
130 8 2 2 3 233 234 277
131 8 2 2 3 234 235 278
132 8 2 2 3 235 236 279
133 8 2 2 3 236 237 280
134 8 2 2 3 237 238 281
135 8 2 2 3 238 239 282
136 8 2 2 3 239 240 283
137 8 2 2 3 240 241 284
138 8 2 2 3 241 4 285
139 8 2 2 4 4 286 335
140 8 2 2 4 286 287 336
141 8 2 2 4 287 288 337
142 8 2 2 4 288 289 338
143 8 2 2 4 289 290 339
144 8 2 2 4 290 291 340
145 8 2 2 4 291 292 341
146 8 2 2 4 292 293 342
147 8 2 2 4 293 294 343
148 8 2 2 4 294 295 344
149 8 2 2 4 295 296 345
150 8 2 2 4 296 297 346
151 8 2 2 4 297 298 347
152 8 2 2 4 298 299 348
153 8 2 2 4 299 300 349
154 8 2 2 4 300 301 350
155 8 2 2 4 301 302 351
156 8 2 2 4 302 303 352
157 8 2 2 4 303 304 353
158 8 2 2 4 304 305 354
159 8 2 2 4 305 306 355
160 8 2 2 4 306 307 356
161 8 2 2 4 307 308 357
162 8 2 2 4 308 309 358
163 8 2 2 4 309 310 359
164 8 2 2 4 310 311 360
165 8 2 2 4 311 312 361
166 8 2 2 4 312 313 362
167 8 2 2 4 313 314 363
168 8 2 2 4 314 315 364
169 8 2 2 4 315 316 365
170 8 2 2 4 316 317 366
171 8 2 2 4 317 318 367
172 8 2 2 4 318 319 368
173 8 2 2 4 319 320 369
174 8 2 2 4 320 321 370
175 8 2 2 4 321 322 371
176 8 2 2 4 322 323 372
177 8 2 2 4 323 324 373
178 8 2 2 4 324 325 374
179 8 2 2 4 325 326 375
180 8 2 2 4 326 327 376
181 8 2 2 4 327 328 377
182 8 2 2 4 328 329 378
183 8 2 2 4 329 330 379
184 8 2 2 4 330 331 380
185 8 2 2 4 331 332 381
186 8 2 2 4 332 333 382
187 8 2 2 4 333 334 383
188 8 2 2 4 334 1 384
189 8 2 3 11 5 385 386
190 8 2 3 11 385 6 387
191 8 2 3 12 6 388 407
192 8 2 3 12 388 389 408
193 8 2 3 12 389 390 409
194 8 2 3 12 390 391 410
195 8 2 3 12 391 392 411
196 8 2 3 12 392 393 412
197 8 2 3 12 393 394 413
198 8 2 3 12 394 395 414
199 8 2 3 12 395 396 415
200 8 2 3 12 396 397 416
201 8 2 3 12 397 398 417
202 8 2 3 12 398 399 418
203 8 2 3 12 399 400 419
204 8 2 3 12 400 401 420
205 8 2 3 12 401 402 421
206 8 2 3 12 402 403 422
207 8 2 3 12 403 404 423
208 8 2 3 12 404 405 424
209 8 2 3 12 405 406 425
210 8 2 3 12 406 7 426
211 8 2 3 13 7 427 428
212 8 2 3 13 427 8 429
213 8 2 3 14 8 430 449
214 8 2 3 14 430 431 450
215 8 2 3 14 431 432 451
216 8 2 3 14 432 433 452
217 8 2 3 14 433 434 453
218 8 2 3 14 434 435 454
219 8 2 3 14 435 436 455
220 8 2 3 14 436 437 456
221 8 2 3 14 437 438 457
222 8 2 3 14 438 439 458
223 8 2 3 14 439 440 459
224 8 2 3 14 440 441 460
225 8 2 3 14 441 442 461
226 8 2 3 14 442 443 462
227 8 2 3 14 443 444 463
228 8 2 3 14 444 445 464
229 8 2 3 14 445 446 465
230 8 2 3 14 446 447 466
231 8 2 3 14 447 448 467
232 8 2 3 14 448 5 468
233 8 2 4 21 9 469 470
234 8 2 4 21 469 10 471
235 8 2 4 22 10 472 491
236 8 2 4 22 472 473 492
237 8 2 4 22 473 474 493
238 8 2 4 22 474 475 494
239 8 2 4 22 475 476 495
240 8 2 4 22 476 477 496
241 8 2 4 22 477 478 497
242 8 2 4 22 478 479 498
243 8 2 4 22 479 480 499
244 8 2 4 22 480 481 500
245 8 2 4 22 481 482 501
246 8 2 4 22 482 483 502
247 8 2 4 22 483 484 503
248 8 2 4 22 484 485 504
249 8 2 4 22 485 486 505
250 8 2 4 22 486 487 506
251 8 2 4 22 487 488 507
252 8 2 4 22 488 489 508
253 8 2 4 22 489 490 509
254 8 2 4 22 490 11 510
255 8 2 4 23 11 511 512
256 8 2 4 23 511 12 513
257 8 2 4 24 12 514 533
258 8 2 4 24 514 515 534
259 8 2 4 24 515 516 535
260 8 2 4 24 516 517 536
261 8 2 4 24 517 518 537
262 8 2 4 24 518 519 538
263 8 2 4 24 519 520 539
264 8 2 4 24 520 521 540
265 8 2 4 24 521 522 541
266 8 2 4 24 522 523 542
267 8 2 4 24 523 524 543
268 8 2 4 24 524 525 544
269 8 2 4 24 525 526 545
270 8 2 4 24 526 527 546
271 8 2 4 24 527 528 547
272 8 2 4 24 528 529 548
273 8 2 4 24 529 530 549
274 8 2 4 24 530 531 550
275 8 2 4 24 531 532 551
276 8 2 4 24 532 9 552
277 9 2 1 1 2297 1819 2538 2973 2974 2975
278 9 2 1 1 1617 1434 2187 2976 2977 2978
279 9 2 1 1 662 2291 2415 2979 2980 2981
280 9 2 1 1 1738 574 2400 2982 2983 2984
281 9 2 1 1 2242 579 2246 2985 2986 2987
282 9 2 1 1 2025 744 2597 2988 2989 2990
283 9 2 1 1 1775 599 2050 2991 2992 2993
284 9 2 1 1 563 1740 2084 2994 2995 2996
285 9 2 1 1 2681 1767 2682 2997 2998 2999
286 9 2 1 1 1767 975 2682 3000 3001 2998
287 9 2 1 1 1626 1770 2687 3002 3003 3004
288 9 2 1 1 1626 2687 2688 3004 3005 3006
289 9 2 1 1 1687 1626 2688 3007 3006 3008
290 9 2 1 1 1687 2688 2689 3008 3009 3010
291 9 2 1 1 1779 1225 2713 3011 3012 3013
292 9 2 1 1 2366 1661 2470 3014 3015 3016
293 9 2 1 1 1819 2297 2753 2973 3017 3018
294 9 2 1 1 2431 2699 2723 3019 3020 3021
295 9 2 1 1 1421 1316 2359 3022 3023 3024
296 9 2 1 1 2145 1691 2691 3025 3026 3027
297 9 2 1 1 1624 1761 2683 3028 3029 3030
298 9 2 1 1 1761 1624 2684 3028 3031 3032
299 9 2 1 1 2314 1309 2685 3033 3034 3035
300 9 2 1 1 1309 2314 2686 3033 3036 3037
301 9 2 1 1 2699 1987 2723 3038 3039 3020
302 9 2 1 1 1776 589 2271 3040 3041 3042
303 9 2 1 1 2207 558 2208 3043 3044 3045
304 9 2 1 1 1061 1778 2363 3046 3047 3048
305 9 2 1 1 1772 1064 2352 3049 3050 3051
306 9 2 1 1 1022 1759 1891 3052 3053 3054
307 9 2 1 1 1627 1425 2256 3055 3056 3057
308 9 2 1 1 2415 2291 2789 2980 3058 3059
309 9 2 1 1 599 1775 2794 2991 3060 3061
310 9 2 1 1 574 1738 2790 2982 3062 3063
311 9 2 1 1 2246 579 2791 2986 3064 3065
312 9 2 1 1 744 2025 2792 2988 3066 3067
313 9 2 1 1 1740 563 2793 2994 3068 3069
314 9 2 1 1 2683 1768 2873 3070 3071 3072
315 9 2 1 1 2685 1623 2869 3073 3074 3075
316 9 2 1 1 1624 2683 2873 3030 3072 3076
317 9 2 1 1 2314 2685 2869 3035 3075 3077
318 9 2 1 1 1764 1035 2041 3078 3079 3080
319 9 2 1 1 1781 1141 2356 3081 3082 3083
320 9 2 1 1 2490 1424 2703 3084 3085 3086
321 9 2 1 1 1126 1773 2147 3087 3088 3089
322 9 2 1 1 1688 2244 2414 3090 3091 3092
323 9 2 1 1 1617 2129 2484 3093 3094 3095
324 9 2 1 1 1780 1127 2083 3096 3097 3098
325 9 2 1 1 1888 1886 2360 3099 3100 3101
326 9 2 1 1 1691 2145 2763 3025 3102 3103
327 9 2 1 1 1225 1779 2175 3011 3104 3105
328 9 2 1 1 1424 2490 2805 3084 3106 3107
329 9 2 1 1 2208 558 2759 3044 3108 3109
330 9 2 1 1 589 1776 2758 3040 3110 3111
331 9 2 1 1 1778 1061 2760 3046 3112 3113
332 9 2 1 1 1064 1772 2761 3049 3114 3115
333 9 2 1 1 1759 1022 2762 3052 3116 3117
334 9 2 1 1 1760 1293 2327 3118 3119 3120
335 9 2 1 1 2468 2141 2472 3121 3122 3123
336 9 2 1 1 1452 2164 2359 3124 3125 3126
337 9 2 1 1 2244 1612 2414 3127 3128 3091
338 9 2 1 1 1293 1760 2877 3118 3129 3130
339 9 2 1 1 1425 1631 2256 3131 3132 3056
340 9 2 1 1 1617 2187 2717 2978 3133 3134
341 9 2 1 1 1774 2158 2715 3135 3136 3137
342 9 2 1 1 1704 2366 2470 3138 3016 3139
343 9 2 1 1 2158 1774 2850 3135 3140 3141
344 9 2 1 1 1802 749 1803 3142 3143 3144
345 9 2 1 1 2223 2482 2796 3145 3146 3147
346 9 2 1 1 2484 2129 2711 3094 3148 3149
347 9 2 1 1 1225 1323 2713 3150 3151 3012
348 9 2 1 1 1434 1755 2187 3152 3153 2977
349 9 2 1 1 2164 1452 2358 3124 3154 3155
350 9 2 1 1 2037 1760 2327 3156 3120 3157
351 9 2 1 1 1783 1421 2359 3158 3024 3159
352 9 2 1 1 1316 1452 2359 3160 3126 3023
353 9 2 1 1 2119 1572 2709 3161 3162 3163
354 9 2 1 1 1807 1059 1808 3164 3165 3166
355 9 2 1 1 1799 590 1801 3167 3168 3169
356 9 2 1 1 1798 1614 2174 3170 3171 3172
357 9 2 1 1 1782 1186 2567 3173 3174 3175
358 9 2 1 1 2360 1886 2795 3100 3176 3177
359 9 2 1 1 1781 2356 2747 3083 3178 3179
360 9 2 1 1 1035 1764 2746 3078 3180 3181
361 9 2 1 1 1140 1129 2329 3182 3183 3184
362 9 2 1 1 1707 2318 2555 3185 3186 3187
363 9 2 1 1 1804 1439 2702 3188 3189 3190
364 9 2 1 1 583 2223 2796 3191 3147 3192
365 9 2 1 1 1369 1375 2215 3193 3194 3195
366 9 2 1 1 1439 1804 2880 3188 3196 3197
367 9 2 1 1 1148 1785 2736 3198 3199 3200
368 9 2 1 1 1002 2144 2146 3201 3202 3203
369 9 2 1 1 100 101 1864 150 3204 3205
370 9 2 1 1 286 287 1882 336 3206 3207
371 9 2 1 1 13 14 2117 57 3208 3209
372 9 2 1 1 1955 1521 2338 3210 3211 3212
373 9 2 1 1 746 2334 2335 3213 3214 3215
374 9 2 1 1 1615 2020 2021 3216 3217 3218
375 9 2 1 1 1928 1837 1929 3219 3220 3221
376 9 2 1 1 1172 1174 2479 3222 3223 3224
377 9 2 1 1 2055 752 2057 3225 3226 3227
378 9 2 1 1 1801 1050 2570 3228 3229 3230
379 9 2 1 1 1806 576 1807 3231 3232 3233
380 9 2 1 1 1975 1974 2833 3234 3235 3236
381 9 2 1 1 2832 1975 2833 3237 3236 3238
382 9 2 1 1 1976 1010 2819 3239 3240 3241
383 9 2 1 1 2819 1010 2820 3240 3242 3243
384 9 2 1 1 1661 2366 2722 3014 3244 3245
385 9 2 1 1 2211 569 2213 3246 3247 3248
386 9 2 1 1 1572 2119 2854 3161 3249 3250
387 9 2 1 1 1773 1126 2734 3087 3251 3252
388 9 2 1 1 1769 1770 2874 3253 3254 3255
389 9 2 1 1 1770 1769 2875 3253 3256 3257
390 9 2 1 1 1803 1901 2550 3258 3259 3260
391 9 2 1 1 2118 883 2339 3261 3262 3263
392 9 2 1 1 1627 2256 2720 3057 3264 3265
393 9 2 1 1 2058 967 2755 3266 3267 3268
394 9 2 1 1 558 2207 2209 3043 3269 3270
395 9 2 1 1 2386 2723 2768 3271 3272 3273
396 9 2 1 1 967 2058 2797 3266 3274 3275
397 9 2 1 1 1375 2212 2215 3276 3277 3194
398 9 2 1 1 1820 583 2796 3278 3192 3279
399 9 2 1 1 1321 2237 2727 3280 3281 3282
400 9 2 1 1 1630 2673 2730 3283 3284 3285
401 9 2 1 1 2068 1384 2728 3286 3287 3288
402 9 2 1 1 1127 1780 2731 3096 3289 3290
403 9 2 1 1 1780 2083 2729 3098 3291 3292
404 9 2 1 1 1353 2143 2144 3293 3294 3295
405 9 2 1 1 904 2012 2496 3296 3297 3298
406 9 2 1 1 1865 1016 1867 3299 3300 3301
407 9 2 1 1 1178 2335 2336 3302 3303 3304
408 9 2 1 1 1883 882 1885 3305 3306 3307
409 9 2 1 1 2555 2318 2806 3186 3308 3309
410 9 2 1 1 1887 1888 2798 3310 3311 3312
411 9 2 1 1 1887 2798 2807 3312 3313 3314
412 9 2 1 1 749 1802 1804 3142 3315 3316
413 9 2 1 1 569 2211 2852 3246 3317 3318
414 9 2 1 1 2141 2468 2748 3121 3319 3320
415 9 2 1 1 1808 1059 1809 3165 3321 3322
416 9 2 1 1 100 1864 2858 3205 3323 3324
417 9 2 1 1 286 1882 2860 3207 3325 3326
418 9 2 1 1 13 2117 2863 3209 3327 3328
419 9 2 1 1 1955 2338 2861 3212 3329 3330
420 9 2 1 1 2237 1321 2865 3280 3331 3332
421 9 2 1 1 1384 2068 2866 3286 3333 3334
422 9 2 1 1 1615 2021 2857 3218 3335 3336
423 9 2 1 1 2673 1630 2864 3283 3337 3338
424 9 2 1 1 1837 1928 2859 3219 3339 3340
425 9 2 1 1 2013 2011 2516 3341 3342 3343
426 9 2 1 1 2532 1782 2567 3344 3175 3345
427 9 2 1 1 1805 1051 1820 3346 3347 3348
428 9 2 1 1 1140 2329 2851 3184 3349 3350
429 9 2 1 1 2210 1053 2211 3351 3352 3353
430 9 2 1 1 1885 882 1886 3306 3354 3355
431 9 2 1 1 1501 2173 2692 3356 3357 3358
432 9 2 1 1 2472 2141 2678 3122 3359 3360
433 9 2 1 1 1737 2168 2677 3361 3362 3363
434 9 2 1 1 2147 1773 2715 3088 3364 3365
435 9 2 1 1 1760 2037 2719 3156 3366 3367
436 9 2 1 1 2244 1688 2716 3090 3368 3369
437 9 2 1 1 2129 1617 2717 3093 3134 3370
438 9 2 1 1 1803 749 2786 3143 3371 3372
439 9 2 1 1 2723 1987 2768 3039 3373 3272
440 9 2 1 1 1371 1369 2215 3374 3195 3375
441 9 2 1 1 2208 1053 2210 3376 3351 3377
442 9 2 1 1 2212 1375 2322 3276 3378 3379
443 9 2 1 1 1887 1352 2829 3380 3381 3382
444 9 2 1 1 766 871 2059 3383 3384 3385
445 9 2 1 1 2431 1716 2699 3386 3387 3019
446 9 2 1 1 1059 1807 2788 3164 3388 3389
447 9 2 1 1 1801 590 2787 3168 3390 3391
448 9 2 1 1 2290 2666 2789 3392 3393 3394
449 9 2 1 1 1742 2370 2790 3395 3396 3397
450 9 2 1 1 2373 2177 2791 3398 3399 3400
451 9 2 1 1 1743 2315 2792 3401 3402 3403
452 9 2 1 1 1756 1979 2794 3404 3405 3406
453 9 2 1 1 2289 1744 2793 3407 3408 3409
454 9 2 1 1 2479 1174 2812 3223 3410 3411
455 9 2 1 1 2057 752 2811 3226 3412 3413
456 9 2 1 1 1805 1820 2689 3348 3414 3415
457 9 2 1 1 1619 2494 2757 3416 3417 3418
458 9 2 1 1 1785 1148 2756 3198 3419 3420
459 9 2 1 1 2114 1784 2680 3421 3422 3423
460 9 2 1 1 1204 1148 2736 3424 3200 3425
461 9 2 1 1 1772 2352 2706 3051 3426 3427
462 9 2 1 1 2143 1353 2145 3293 3428 3429
463 9 2 1 1 1051 1805 1819 3346 3430 3431
464 9 2 1 1 1352 1887 2807 3380 3314 3432
465 9 2 1 1 583 1820 2868 3278 3433 3434
466 9 2 1 1 2144 1002 2799 3201 3435 3436
467 9 2 1 1 746 2335 2801 3215 3437 3438
468 9 2 1 1 2494 1619 2855 3416 3439 3440
469 9 2 1 1 1764 2041 2721 3080 3441 3442
470 9 2 1 1 1141 1781 2722 3081 3443 3444
471 9 2 1 1 739 766 2059 3445 3385 3446
472 9 2 1 1 2323 2478 2615 3447 3448 3449
473 9 2 1 1 1820 2796 2972 3279 3450 3451
474 9 2 1 1 2213 2214 2707 3452 3453 3454
475 9 2 1 1 2297 2538 2720 2975 3455 3456
476 9 2 1 1 2162 1757 2429 3457 3458 3459
477 9 2 1 1 1754 2490 2703 3460 3086 3461
478 9 2 1 1 1614 1798 2750 3170 3462 3463
479 9 2 1 1 2174 1614 2749 3171 3464 3465
480 9 2 1 1 1186 1782 2752 3173 3466 3467
481 9 2 1 1 2666 2290 2758 3392 3468 3469
482 9 2 1 1 2370 1742 2760 3395 3470 3471
483 9 2 1 1 2177 2373 2761 3398 3472 3473
484 9 2 1 1 1979 1756 2762 3404 3474 3475
485 9 2 1 1 2692 2173 2965 3357 3476 3477
486 9 2 1 1 2168 1737 2956 3361 3478 3479
487 9 2 1 1 2215 2213 2707 3480 3454 3481
488 9 2 1 1 2210 2212 2322 3482 3379 3483
489 9 2 1 1 2013 2516 2871 3343 3484 3485
490 9 2 1 1 2691 1691 2725 3026 3486 3487
491 9 2 1 1 1050 1801 2787 3228 3391 3488
492 9 2 1 1 1807 576 2788 3232 3489 3388
493 9 2 1 1 2114 2680 2925 3423 3490 3491
494 9 2 1 1 2478 2323 2805 3447 3492 3493
495 9 2 1 1 2102 1971 2818 3494 3495 3496
496 9 2 1 1 1973 1281 2817 3497 3498 3499
497 9 2 1 1 2035 1975 2832 3500 3237 3501
498 9 2 1 1 1975 2035 2834 3500 3502 3503
499 9 2 1 1 2129 2128 2711 3504 3505 3148
500 9 2 1 1 2679 1046 2804 3506 3507 3508
501 9 2 1 1 1762 2100 2746 3509 3510 3511
502 9 2 1 1 576 1806 2747 3231 3512 3513
503 9 2 1 1 1919 2745 2774 3514 3515 3516
504 9 2 1 1 1952 2743 2769 3517 3518 3519
505 9 2 1 1 1935 2741 2782 3520 3521 3522
506 9 2 1 1 1944 2742 2781 3523 3524 3525
507 9 2 1 1 2744 1107 2784 3526 3527 3528
508 9 2 1 1 2740 1096 2780 3529 3530 3531
509 9 2 1 1 2739 1089 2779 3532 3533 3534
510 9 2 1 1 2738 1083 2778 3535 3536 3537
511 9 2 1 1 1888 2360 2708 3101 3538 3539
512 9 2 1 1 1776 2271 2716 3042 3540 3541
513 9 2 1 1 2363 1778 2718 3047 3542 3543
514 9 2 1 1 1891 1759 2719 3053 3544 3545
515 9 2 1 1 1901 1803 2786 3258 3372 3546
516 9 2 1 1 2689 1820 2972 3414 3451 3547
517 9 2 1 1 2149 1766 2734 3548 3549 3550
518 9 2 1 1 590 1799 2735 3167 3551 3552
519 9 2 1 1 2013 747 2014 3553 3554 3555
520 9 2 1 1 2100 1762 2876 3509 3556 3557
521 9 2 1 1 2570 1050 2754 3229 3558 3559
522 9 2 1 1 2482 2223 2725 3145 3560 3561
523 9 2 1 1 662 2415 2726 2981 3562 3563
524 9 2 1 1 1738 2400 2727 2984 3564 3565
525 9 2 1 1 2242 2246 2728 2987 3566 3567
526 9 2 1 1 2025 2597 2730 2990 3568 3569
527 9 2 1 1 2084 1740 2729 2995 3570 3571
528 9 2 1 1 1775 2050 2731 2993 3572 3573
529 9 2 1 1 2565 1758 2970 3574 3575 3576
530 9 2 1 1 1867 1849 2077 3577 3578 3579
531 9 2 1 1 2550 1901 2764 3259 3580 3581
532 9 2 1 1 1846 1024 2816 3582 3583 3584
533 9 2 1 1 1567 2225 2814 3585 3586 3587
534 9 2 1 1 20 1810 2813 3588 3589 3590
535 9 2 1 1 659 2578 2841 3591 3592 3593
536 9 2 1 1 553 2471 2840 3594 3595 3596
537 9 2 1 1 1721 2272 2836 3597 3598 3599
538 9 2 1 1 17 1811 2815 3600 3601 3602
539 9 2 1 1 958 1973 2817 3603 3499 3604
540 9 2 1 1 2102 1976 2819 3605 3241 3606
541 9 2 1 1 1976 2102 2818 3605 3496 3607
542 9 2 1 1 566 1787 2838 3608 3609 3610
543 9 2 1 1 1974 1247 2833 3611 3612 3235
544 9 2 1 1 1247 1974 2839 3611 3613 3614
545 9 2 1 1 206 1814 2821 3615 3616 3617
546 9 2 1 1 2035 2375 2834 3618 3619 3502
547 9 2 1 1 554 1788 2835 3620 3621 3622
548 9 2 1 1 1813 29 2844 3623 3624 3625
549 9 2 1 1 658 1980 2837 3626 3627 3628
550 9 2 1 1 1733 2436 2846 3629 3630 3631
551 9 2 1 1 2298 881 2822 3632 3633 3634
552 9 2 1 1 1352 1895 2829 3635 3636 3381
553 9 2 1 1 1895 1352 2830 3635 3637 3638
554 9 2 1 1 2043 1728 2824 3639 3640 3641
555 9 2 1 1 2086 1587 2831 3642 3643 3644
556 9 2 1 1 2110 1561 2842 3645 3646 3647
557 9 2 1 1 2152 2378 2843 3648 3649 3650
558 9 2 1 1 1561 2110 2823 3645 3651 3652
559 9 2 1 1 114 1816 2825 3653 3654 3655
560 9 2 1 1 1816 114 2845 3653 3656 3657
561 9 2 1 1 2074 573 2847 3658 3659 3660
562 9 2 1 1 1795 594 2826 3661 3662 3663
563 9 2 1 1 2537 660 2828 3664 3665 3666
564 9 2 1 1 1607 2248 2827 3667 3668 3669
565 9 2 1 1 570 2561 2848 3670 3671 3672
566 9 2 1 1 1818 131 2849 3673 3674 3675
567 9 2 1 1 1758 2676 2970 3676 3677 3575
568 9 2 1 1 2397 1613 2967 3678 3679 3680
569 9 2 1 1 2210 2211 2212 3353 3681 3482
570 9 2 1 1 1885 1886 1887 3355 3682 3683
571 9 2 1 1 1971 2102 2879 3494 3684 3685
572 9 2 1 1 1353 2144 2799 3295 3436 3686
573 9 2 1 1 2012 904 2800 3296 3687 3688
574 9 2 1 1 2335 1178 2801 3302 3689 3437
575 9 2 1 1 2315 1743 2802 3401 3690 3691
576 9 2 1 1 1744 2289 2803 3407 3692 3693
577 9 2 1 1 1766 2149 2960 3548 3694 3695
578 9 2 1 1 1046 2679 2924 3506 3696 3697
579 9 2 1 1 1979 599 2794 3698 3061 3405
580 9 2 1 1 2291 2290 2789 3699 3394 3058
581 9 2 1 1 2370 574 2790 3700 3063 3396
582 9 2 1 1 2315 744 2792 3701 3067 3402
583 9 2 1 1 579 2373 2791 3702 3400 3064
584 9 2 1 1 563 2289 2793 3703 3409 3068
585 9 2 1 1 1281 1973 2879 3497 3704 3705
586 9 2 1 1 2120 2119 2709 3706 3163 3707
587 9 2 1 1 2712 2710 2964 3708 3709 3710
588 9 2 1 1 2386 1140 2723 3711 3712 3271
589 9 2 1 1 2487 2140 2850 3713 3714 3715
590 9 2 1 1 1249 2056 2755 3716 3717 3718
591 9 2 1 1 1808 1809 2690 3322 3719 3720
592 9 2 1 1 2143 2145 2675 3429 3721 3722
593 9 2 1 1 2212 2211 2213 3681 3248 3723
594 9 2 1 1 1887 1886 1888 3682 3099 3310
595 9 2 1 1 2496 2012 2767 3297 3724 3725
596 9 2 1 1 1178 2336 2765 3304 3726 3727
597 9 2 1 1 882 1883 2770 3305 3728 3729
598 9 2 1 1 1016 1865 2766 3299 3730 3731
599 9 2 1 1 883 2118 2772 3261 3732 3733
600 9 2 1 1 2348 2704 2710 3734 3735 3736
601 9 2 1 1 2741 1207 2782 3737 3738 3521
602 9 2 1 1 2742 1208 2781 3739 3740 3524
603 9 2 1 1 1920 2744 2784 3741 3528 3742
604 9 2 1 1 1933 2740 2780 3743 3531 3744
605 9 2 1 1 1942 2739 2779 3745 3534 3746
606 9 2 1 1 1950 2738 2778 3747 3537 3748
607 9 2 1 1 2213 569 2214 3247 3749 3452
608 9 2 1 1 2745 1211 2774 3750 3751 3515
609 9 2 1 1 2743 1210 2769 3752 3753 3518
610 9 2 1 1 2056 1249 2959 3716 3754 3755
611 9 2 1 1 2212 2213 2215 3723 3480 3277
612 9 2 1 1 2181 1822 2362 3756 3757 3758
613 9 2 1 1 1491 2222 2671 3759 3760 3761
614 9 2 1 1 1822 580 2362 3762 3763 3757
615 9 2 1 1 1060 1823 2181 3764 3765 3766
616 9 2 1 1 1060 2181 2362 3766 3758 3767
617 9 2 1 1 2231 1964 2661 3768 3769 3770
618 9 2 1 1 2161 1823 2355 3771 3772 3773
619 9 2 1 1 1823 1060 2355 3764 3774 3772
620 9 2 1 1 581 1824 2161 3775 3776 3777
621 9 2 1 1 768 781 1990 3778 3779 3780
622 9 2 1 1 1745 1634 2667 3781 3782 3783
623 9 2 1 1 581 2161 2355 3777 3773 3784
624 9 2 1 1 2165 1824 2368 3785 3786 3787
625 9 2 1 1 1824 581 2368 3775 3788 3786
626 9 2 1 1 1062 1825 2165 3789 3790 3791
627 9 2 1 1 1062 2165 2368 3791 3787 3792
628 9 2 1 1 1825 1062 2312 3789 3793 3794
629 9 2 1 1 1835 1649 2351 3795 3796 3797
630 9 2 1 1 1830 1825 2312 3798 3794 3799
631 9 2 1 1 588 1830 2312 3800 3799 3801
632 9 2 1 1 1834 1835 2351 3802 3797 3803
633 9 2 1 1 1843 930 2659 3804 3805 3806
634 9 2 1 1 2153 1398 2655 3807 3808 3809
635 9 2 1 1 1034 1008 2664 3810 3811 3812
636 9 2 1 1 1722 1433 1829 3813 3814 3815
637 9 2 1 1 1469 1834 2351 3816 3803 3817
638 9 2 1 1 1649 1835 2632 3795 3818 3819
639 9 2 1 1 1272 1821 2231 3820 3821 3822
640 9 2 1 1 1821 1272 2341 3820 3823 3824
641 9 2 1 1 1469 1239 1836 3825 3826 3827
642 9 2 1 1 1734 1573 1959 3828 3829 3830
643 9 2 1 1 1834 1469 1836 3816 3827 3831
644 9 2 1 1 1007 1242 2104 3832 3833 3834
645 9 2 1 1 1509 1826 1828 3835 3836 3837
646 9 2 1 1 1989 962 2103 3838 3839 3840
647 9 2 1 1 1635 2153 2655 3841 3809 3842
648 9 2 1 1 1858 1668 2421 3843 3844 3845
649 9 2 1 1 1826 1509 1845 3835 3846 3847
650 9 2 1 1 2577 1248 2658 3848 3849 3850
651 9 2 1 1 1272 2231 2661 3822 3770 3851
652 9 2 1 1 1628 1833 1861 3852 3853 3854
653 9 2 1 1 1833 1468 1861 3855 3856 3853
654 9 2 1 1 1672 1843 2659 3857 3806 3858
655 9 2 1 1 2064 1875 2606 3859 3860 3861
656 9 2 1 1 1988 962 1989 3862 3838 3863
657 9 2 1 1 1846 1745 2667 3864 3783 3865
658 9 2 1 1 1179 2064 2606 3866 3861 3867
659 9 2 1 1 1637 1844 2522 3868 3869 3870
660 9 2 1 1 1433 1509 1829 3871 3872 3814
661 9 2 1 1 900 777 1842 3873 3874 3875
662 9 2 1 1 781 962 1990 3876 3877 3779
663 9 2 1 1 719 1934 1938 3878 3879 3880
664 9 2 1 1 397 719 1938 3881 3880 3882
665 9 2 1 1 1844 1839 2522 3883 3884 3869
666 9 2 1 1 1844 1637 1963 3868 3885 3886
667 9 2 1 1 768 1990 2222 3780 3887 3888
668 9 2 1 1 720 1943 1947 3889 3890 3891
669 9 2 1 1 400 720 1947 3892 3891 3893
670 9 2 1 1 1836 1239 1837 3826 3894 3895
671 9 2 1 1 1468 1636 1861 3896 3897 3856
672 9 2 1 1 399 398 2654 418 3898 3899
673 9 2 1 1 1918 1921 2645 3900 3901 3902
674 9 2 1 1 1020 1839 1844 3903 3883 3904
675 9 2 1 1 721 1951 1956 3905 3906 3907
676 9 2 1 1 1839 1020 1840 3903 3908 3909
677 9 2 1 1 1466 1832 1858 3910 3911 3912
678 9 2 1 1 403 721 1956 3913 3907 3914
679 9 2 1 1 1466 1858 2421 3912 3845 3915
680 9 2 1 1 2222 1990 2671 3887 3916 3760
681 9 2 1 1 2016 1189 2061 3917 3918 3919
682 9 2 1 1 1832 1466 2497 3910 3920 3921
683 9 2 1 1 2048 1832 2497 3922 3921 3923
684 9 2 1 1 402 401 2653 421 3924 3925
685 9 2 1 1 1925 1931 2591 3926 3927 3928
686 9 2 1 1 1637 1845 1963 3929 3930 3885
687 9 2 1 1 1509 1828 1829 3837 3931 3872
688 9 2 1 1 1831 1574 2048 3932 3933 3934
689 9 2 1 1 1574 1831 1958 3932 3935 3936
690 9 2 1 1 718 1921 1923 3937 3938 3939
691 9 2 1 1 718 1923 1927 3939 3940 3941
692 9 2 1 1 1573 1574 1959 3942 3943 3829
693 9 2 1 1 1008 2104 2664 3944 3945 3811
694 9 2 1 1 1242 1861 2104 3946 3947 3833
695 9 2 1 1 719 1931 1934 3948 3949 3878
696 9 2 1 1 2015 2016 2061 3950 3919 3951
697 9 2 1 1 1008 1007 2104 3952 3834 3944
698 9 2 1 1 1836 1837 1838 3895 3953 3954
699 9 2 1 1 971 2015 2061 3955 3951 3956
700 9 2 1 1 398 397 1938 417 3882 3957
701 9 2 1 1 1831 2048 2497 3934 3923 3958
702 9 2 1 1 1931 719 2591 3948 3959 3927
703 9 2 1 1 405 404 2652 424 3960 3961
704 9 2 1 1 1509 1508 1845 3962 3963 3846
705 9 2 1 1 2014 1621 2126 3964 3965 3966
706 9 2 1 1 2015 971 2321 3955 3967 3968
707 9 2 1 1 720 1940 1943 3969 3970 3889
708 9 2 1 1 597 606 1896 3971 3972 3973
709 9 2 1 1 401 400 1947 420 3893 3974
710 9 2 1 1 971 2096 2321 3975 3976 3967
711 9 2 1 1 1020 900 1842 3977 3875 3978
712 9 2 1 1 1386 1877 2669 3979 3980 3981
713 9 2 1 1 1621 2087 2126 3982 3983 3965
714 9 2 1 1 1390 1826 1845 3984 3847 3985
715 9 2 1 1 1858 1485 2613 3986 3987 3988
716 9 2 1 1 2656 1877 2662 3989 3990 3991
717 9 2 1 1 1921 718 2645 3937 3992 3901
718 9 2 1 1 1637 1390 1845 3993 3985 3929
719 9 2 1 1 1927 1925 2591 3994 3928 3995
720 9 2 1 1 721 1948 1951 3996 3997 3905
721 9 2 1 1 1896 1179 2606 3998 3867 3999
722 9 2 1 1 2087 2016 2126 4000 4001 3983
723 9 2 1 1 2096 2018 2321 4002 4003 3976
724 9 2 1 1 1845 1508 1963 3963 4004 3930
725 9 2 1 1 1731 1597 1851 4005 4006 4007
726 9 2 1 1 404 403 1956 423 3914 4008
727 9 2 1 1 1398 1649 2655 4009 4010 3808
728 9 2 1 1 1877 1386 2662 3979 4011 3990
729 9 2 1 1 1014 1914 1916 4012 4013 4014
730 9 2 1 1 1668 1858 2613 3843 3988 4015
731 9 2 1 1 392 391 1939 411 4016 4017
732 9 2 1 1 993 1963 2282 4018 4019 4020
733 9 2 1 1 2018 2096 2097 4002 4021 4022
734 9 2 1 1 1842 2577 2658 4023 3850 4024
735 9 2 1 1 1923 1925 1927 4025 3994 3940
736 9 2 1 1 930 2153 2659 4026 4027 3805
737 9 2 1 1 398 1938 2654 3957 4028 3898
738 9 2 1 1 1599 1847 1850 4029 4030 4031
739 9 2 1 1 1189 2016 2087 3917 4000 4032
740 9 2 1 1 722 1984 1986 4033 4034 4035
741 9 2 1 1 1842 777 2577 3874 4036 4023
742 9 2 1 1 2103 1026 2670 4037 4038 4039
743 9 2 1 1 1014 1916 1939 4014 4040 4041
744 9 2 1 1 722 1986 1996 4035 4042 4043
745 9 2 1 1 1877 1873 2669 4044 4045 3980
746 9 2 1 1 606 1179 1896 4046 3998 3972
747 9 2 1 1 391 1014 1939 4047 4041 4016
748 9 2 1 1 1964 1843 2661 4048 4049 3769
749 9 2 1 1 1571 1750 2650 4050 4051 4052
750 9 2 1 1 401 1947 2653 3974 4053 3924
751 9 2 1 1 1634 1821 2667 4054 4055 3782
752 9 2 1 1 902 1903 2536 4056 4057 4058
753 9 2 1 1 1649 2632 2655 3819 4059 4010
754 9 2 1 1 1670 2106 2619 4060 4061 4062
755 9 2 1 1 1911 1914 2553 4063 4064 4065
756 9 2 1 1 1830 588 2656 3800 4066 4067
757 9 2 1 1 1485 1034 2664 4068 3812 4069
758 9 2 1 1 1830 2656 2662 4067 3991 4070
759 9 2 1 1 1868 1036 2167 4071 4072 4073
760 9 2 1 1 1551 1868 2167 4074 4073 4075
761 9 2 1 1 1841 2131 2598 4076 4077 4078
762 9 2 1 1 1847 1599 1906 4029 4079 4080
763 9 2 1 1 1899 2216 2627 4081 4082 4083
764 9 2 1 1 2180 1396 2326 4084 4085 4086
765 9 2 1 1 1869 597 1896 4087 3973 4088
766 9 2 1 1 1840 1020 1842 3908 3978 4089
767 9 2 1 1 982 2017 2098 4090 4091 4092
768 9 2 1 1 2018 2097 2098 4022 4093 4094
769 9 2 1 1 1597 1599 1851 4095 4096 4006
770 9 2 1 1 1852 1905 2427 4097 4098 4099
771 9 2 1 1 404 1956 2652 4008 4100 3960
772 9 2 1 1 2017 982 2505 4090 4101 4102
773 9 2 1 1 1852 1405 1900 4103 4104 4105
774 9 2 1 1 1611 1852 1900 4106 4105 4107
775 9 2 1 1 1905 1795 2427 4108 4109 4098
776 9 2 1 1 1009 473 1869 4110 4111 4112
777 9 2 1 1 1386 1385 2662 4113 4114 4011
778 9 2 1 1 1536 1611 1900 4115 4107 4116
779 9 2 1 1 1405 1852 2427 4103 4099 4117
780 9 2 1 1 1599 1850 1851 4031 4118 4096
781 9 2 1 1 982 2123 2505 4119 4120 4101
782 9 2 1 1 1536 1900 1902 4116 4121 4122
783 9 2 1 1 1535 1536 1902 4123 4122 4124
784 9 2 1 1 2235 1739 2237 4125 4126 4127
785 9 2 1 1 1009 1869 1870 4112 4128 4129
786 9 2 1 1 1898 1899 2179 4130 4131 4132
787 9 2 1 1 1198 1898 2179 4133 4132 4134
788 9 2 1 1 473 472 1869 492 4135 4111
789 9 2 1 1 2235 1131 2464 4136 4137 4138
790 9 2 1 1 1198 727 2524 4139 4140 4141
791 9 2 1 1 53 54 1862 97 4142 4143
792 9 2 1 1 1963 1508 2282 4004 4144 4019
793 9 2 1 1 1739 2235 2464 4125 4138 4145
794 9 2 1 1 2064 1491 2671 4146 3761 4147
795 9 2 1 1 598 10 2021 4148 4149 4150
796 9 2 1 1 2304 2672 2674 4151 4152 4153
797 9 2 1 1 239 240 1880 283 4154 4155
798 9 2 1 1 1903 1902 2536 4156 4157 4057
799 9 2 1 1 1013 53 1862 4158 4143 4159
800 9 2 1 1 699 1911 2553 4160 4065 4161
801 9 2 1 1 394 718 1927 4162 3941 4163
802 9 2 1 1 993 1844 1963 4164 3886 4018
803 9 2 1 1 395 394 1927 414 4163 4165
804 9 2 1 1 1898 1198 2524 4133 4141 4166
805 9 2 1 1 1906 1598 1907 4167 4168 4169
806 9 2 1 1 529 698 2614 4170 4171 4172
807 9 2 1 1 1013 1862 1889 4159 4173 4174
808 9 2 1 1 12 511 1955 513 4175 4176
809 9 2 1 1 2106 958 2619 4177 4178 4061
810 9 2 1 1 1914 1014 2553 4012 4179 4064
811 9 2 1 1 529 528 698 548 4180 4170
812 9 2 1 1 1015 239 1880 4181 4155 4182
813 9 2 1 1 1551 2167 2168 4075 4183 4184
814 9 2 1 1 1486 2081 2387 4185 4186 4187
815 9 2 1 1 703 677 2098 4188 4189 4190
816 9 2 1 1 1863 1866 1889 4191 4192 4193
817 9 2 1 1 2123 2000 2505 4194 4195 4120
818 9 2 1 1 1599 1598 1906 4196 4167 4079
819 9 2 1 1 528 527 1853 547 4197 4198
820 9 2 1 1 1015 1880 1893 4182 4199 4200
821 9 2 1 1 901 2227 2398 4201 4202 4203
822 9 2 1 1 2179 2180 2326 4204 4086 4205
823 9 2 1 1 1859 1073 2393 4206 4207 4208
824 9 2 1 1 1557 2067 2510 4209 4210 4211
825 9 2 1 1 1859 2393 2398 4208 4212 4213
826 9 2 1 1 960 909 2046 4214 4215 4216
827 9 2 1 1 1893 1884 1895 4217 4218 4219
828 9 2 1 1 1229 1469 2519 4220 4221 4222
829 9 2 1 1 1647 2548 2559 4223 4224 4225
830 9 2 1 1 2153 1635 2659 3841 4226 4027
831 9 2 1 1 561 35 1891 4227 4228 4229
832 9 2 1 1 1861 1636 2104 3897 4230 3947
833 9 2 1 1 2017 2018 2098 4231 4094 4091
834 9 2 1 1 1248 2131 2658 4232 4233 3849
835 9 2 1 1 562 221 1892 4234 4235 4236
836 9 2 1 1 1881 1884 1893 4237 4217 4238
837 9 2 1 1 2548 903 2559 4239 4240 4224
838 9 2 1 1 1432 1980 2556 4241 4242 4243
839 9 2 1 1 1862 1863 1889 4244 4193 4173
840 9 2 1 1 698 528 1853 4180 4198 4245
841 9 2 1 1 2393 901 2398 4246 4203 4212
842 9 2 1 1 1647 2227 2531 4247 4248 4249
843 9 2 1 1 698 1856 2614 4250 4251 4171
844 9 2 1 1 2097 703 2098 4252 4190 4093
845 9 2 1 1 1647 2531 2548 4249 4253 4223
846 9 2 1 1 1860 1538 2534 4254 4255 4256
847 9 2 1 1 1989 2103 2670 3840 4039 4257
848 9 2 1 1 1907 960 2046 4258 4216 4259
849 9 2 1 1 1878 835 2500 4260 4261 4262
850 9 2 1 1 445 444 1901 464 4263 4264
851 9 2 1 1 2179 1899 2180 4131 4265 4204
852 9 2 1 1 903 1538 2547 4266 4267 4268
853 9 2 1 1 2584 1073 2593 4269 4270 4271
854 9 2 1 1 444 577 1901 4272 4273 4263
855 9 2 1 1 1638 1906 1907 4274 4169 4275
856 9 2 1 1 2216 1047 2627 4276 4277 4082
857 9 2 1 1 2131 2132 2598 4278 4279 4077
858 9 2 1 1 1641 1964 2231 4280 3768 4281
859 9 2 1 1 903 2547 2559 4268 4282 4240
860 9 2 1 1 1036 1868 2562 4071 4283 4284
861 9 2 1 1 1396 2180 2511 4084 4285 4286
862 9 2 1 1 2227 901 2531 4201 4287 4248
863 9 2 1 1 687 733 2232 4288 4289 4290
864 9 2 1 1 1879 879 2580 4291 4292 4293
865 9 2 1 1 1980 1747 2556 4294 4295 4242
866 9 2 1 1 677 982 2098 4296 4092 4189
867 9 2 1 1 1535 1902 1903 4124 4156 4297
868 9 2 1 1 673 645 2019 4298 4299 4300
869 9 2 1 1 1860 2534 2541 4256 4301 4302
870 9 2 1 1 1880 1881 1893 4303 4238 4199
871 9 2 1 1 960 1907 2388 4258 4304 4305
872 9 2 1 1 1908 6 1928 4306 4307 4308
873 9 2 1 1 472 10 597 491 4309 4310
874 9 2 1 1 2019 2000 2123 4311 4194 4312
875 9 2 1 1 1939 1918 2645 4313 3902 4314
876 9 2 1 1 887 2562 2624 4315 4316 4317
877 9 2 1 1 2093 1409 2457 4318 4319 4320
878 9 2 1 1 1538 1860 2547 4254 4321 4267
879 9 2 1 1 1855 1853 2310 4322 4323 4324
880 9 2 1 1 1964 1641 2303 4280 4325 4326
881 9 2 1 1 1904 1493 2462 4327 4328 4329
882 9 2 1 1 2172 1490 2507 4330 4331 4332
883 9 2 1 1 2534 2081 2541 4333 4334 4301
884 9 2 1 1 1638 1907 2046 4275 4259 4335
885 9 2 1 1 2092 2093 2457 4336 4320 4337
886 9 2 1 1 1878 1657 2552 4338 4339 4340
887 9 2 1 1 1960 965 2217 4341 4342 4343
888 9 2 1 1 965 834 2217 4344 4345 4342
889 9 2 1 1 34 35 561 78 4227 4346
890 9 2 1 1 1879 1685 2599 4347 4348 4349
891 9 2 1 1 2526 2293 2595 4350 4351 4352
892 9 2 1 1 1698 2183 2374 4353 4354 4355
893 9 2 1 1 1469 2351 2519 3817 4356 4221
894 9 2 1 1 1022 37 1979 4357 4358 4359
895 9 2 1 1 1843 1672 2661 3857 4360 4049
896 9 2 1 1 220 221 562 264 4234 4361
897 9 2 1 1 1978 1402 1982 4362 4363 4364
898 9 2 1 1 1903 2584 2593 4365 4271 4366
899 9 2 1 1 1641 2233 2303 4367 4368 4325
900 9 2 1 1 1402 741 1982 4369 4370 4363
901 9 2 1 1 879 2566 2580 4371 4372 4292
902 9 2 1 1 1903 902 2584 4056 4373 4365
903 9 2 1 1 1957 950 2157 4374 4375 4376
904 9 2 1 1 950 1957 2285 4374 4377 4378
905 9 2 1 1 720 399 2654 4379 3899 4380
906 9 2 1 1 1500 1847 1906 4381 4080 4382
907 9 2 1 1 1023 223 1981 4383 4384 4385
908 9 2 1 1 586 1521 1955 4386 3210 4387
909 9 2 1 1 1645 2220 2292 4388 4389 4390
910 9 2 1 1 1009 1870 1871 4129 4391 4392
911 9 2 1 1 388 6 1908 407 4306 4393
912 9 2 1 1 1907 1598 2388 4168 4394 4304
913 9 2 1 1 447 446 749 466 4395 4396
914 9 2 1 1 2175 1779 2383 3104 4397 4398
915 9 2 1 1 674 692 2132 4399 4400 4401
916 9 2 1 1 2552 1657 2566 4339 4402 4403
917 9 2 1 1 511 586 1955 4404 4387 4175
918 9 2 1 1 1897 1072 2412 4405 4406 4407
919 9 2 1 1 671 674 2132 4408 4401 4409
920 9 2 1 1 2067 2066 2510 4410 4411 4210
921 9 2 1 1 1779 1423 2383 4412 4413 4397
922 9 2 1 1 2081 2080 2387 4414 4415 4186
923 9 2 1 1 427 7 2095 428 4416 4417
924 9 2 1 1 474 473 1009 493 4110 4418
925 9 2 1 1 835 2465 2500 4419 4420 4261
926 9 2 1 1 389 388 699 408 4421 4422
927 9 2 1 1 2170 1658 2408 4423 4424 4425
928 9 2 1 1 1179 2063 2064 4426 4427 3866
929 9 2 1 1 1962 1139 2148 4428 4429 4430
930 9 2 1 1 1073 1859 2593 4206 4431 4270
931 9 2 1 1 2412 1072 2514 4406 4432 4433
932 9 2 1 1 1188 598 2021 4434 4150 4435
933 9 2 1 1 1131 2183 2464 4436 4437 4137
934 9 2 1 1 2599 1685 2609 4348 4438 4439
935 9 2 1 1 2585 1841 2598 4440 4078 4441
936 9 2 1 1 1957 2157 2286 4376 4442 4443
937 9 2 1 1 2148 1139 2449 4429 4444 4445
938 9 2 1 1 1638 1500 1906 4446 4382 4274
939 9 2 1 1 36 1022 1891 4447 3054 4448
940 9 2 1 1 966 1991 2466 4449 4450 4451
941 9 2 1 1 51 52 2040 95 4452 4453
942 9 2 1 1 1328 1228 2048 4454 4455 4456
943 9 2 1 1 835 1878 2552 4260 4340 4457
944 9 2 1 1 1853 527 2310 4197 4458 4323
945 9 2 1 1 2465 1897 2500 4459 4460 4420
946 9 2 1 1 1998 1188 1999 4461 4462 4463
947 9 2 1 1 222 1023 1892 4464 4465 4466
948 9 2 1 1 1871 1876 1995 4467 4468 4469
949 9 2 1 1 216 217 566 260 4470 4471
950 9 2 1 1 909 950 2046 4472 4473 4215
951 9 2 1 1 2148 1693 2369 4474 4475 4476
952 9 2 1 1 220 562 1997 4361 4477 4478
953 9 2 1 1 211 212 565 255 4479 4480
954 9 2 1 1 2510 1251 2592 4481 4482 4483
955 9 2 1 1 1402 1978 1983 4362 4484 4485
956 9 2 1 1 1794 1977 2125 4486 4487 4488
957 9 2 1 1 721 402 2653 4489 3925 4490
958 9 2 1 1 1009 1871 1995 4392 4469 4491
959 9 2 1 1 2374 965 2446 4492 4493 4494
960 9 2 1 1 645 618 2019 4495 4496 4299
961 9 2 1 1 2220 1655 2292 4497 4498 4389
962 9 2 1 1 1594 2073 2074 4499 4500 4501
963 9 2 1 1 2022 1709 2025 4502 4503 4504
964 9 2 1 1 1855 2310 2311 4324 4505 4506
965 9 2 1 1 727 1493 2524 4507 4508 4140
966 9 2 1 1 2566 1657 2580 4402 4509 4372
967 9 2 1 1 1179 617 2063 4510 4511 4426
968 9 2 1 1 823 966 2466 4512 4451 4513
969 9 2 1 1 35 36 1891 79 4448 4228
970 9 2 1 1 221 222 1892 265 4466 4235
971 9 2 1 1 2068 1420 2564 4514 4515 4516
972 9 2 1 1 1533 1535 2593 4517 4518 4519
973 9 2 1 1 1993 1505 2316 4520 4521 4522
974 9 2 1 1 1983 2412 2514 4523 4433 4524
975 9 2 1 1 1594 1305 2073 4525 4526 4499
976 9 2 1 1 1461 2236 2237 4527 4528 4529
977 9 2 1 1 2233 1041 2303 4530 4531 4368
978 9 2 1 1 34 561 2036 4346 4532 4533
979 9 2 1 1 2028 2029 2031 4534 4535 4536
980 9 2 1 1 1693 1780 2369 4537 4538 4475
981 9 2 1 1 1072 1897 2465 4405 4459 4539
982 9 2 1 1 704 51 2040 4540 4453 4541
983 9 2 1 1 2239 2425 2430 4542 4543 4544
984 9 2 1 1 1918 1919 1921 4545 4546 3900
985 9 2 1 1 1693 2148 2449 4474 4445 4547
986 9 2 1 1 699 1908 1909 4548 4549 4550
987 9 2 1 1 1229 1239 1469 4551 3825 4220
988 9 2 1 1 1333 1596 2125 4552 4553 4554
989 9 2 1 1 953 2170 2408 4555 4425 4556
990 9 2 1 1 1596 1794 2125 4557 4488 4553
991 9 2 1 1 1994 1240 2095 4558 4559 4560
992 9 2 1 1 1750 2578 2650 4561 4562 4051
993 9 2 1 1 1983 2514 2587 4524 4563 4564
994 9 2 1 1 2081 1486 2541 4185 4565 4334
995 9 2 1 1 1698 2374 2446 4355 4494 4566
996 9 2 1 1 673 2019 2123 4300 4312 4567
997 9 2 1 1 2183 1698 2464 4353 4568 4437
998 9 2 1 1 1260 2189 2190 4569 4570 4571
999 9 2 1 1 2180 1899 2627 4265 4083 4572
1000 9 2 1 1 33 34 2036 77 4533 4573
1001 9 2 1 1 837 839 2540 4574 4575 4576
1002 9 2 1 1 1916 1917 1918 4577 4578 4579
1003 9 2 1 1 653 687 2232 4580 4290 4581
1004 9 2 1 1 1982 741 1993 4370 4582 4583
1005 9 2 1 1 2261 695 2583 4584 4585 4586
1006 9 2 1 1 2216 1670 2619 4587 4062 4588
1007 9 2 1 1 2263 2268 2605 4589 4590 4591
1008 9 2 1 1 2047 1642 2160 4592 4593 4594
1009 9 2 1 1 2277 2261 2583 4595 4586 4596
1010 9 2 1 1 733 1402 2232 4597 4598 4289
1011 9 2 1 1 607 1188 1998 4599 4461 4600
1012 9 2 1 1 879 1879 2599 4291 4349 4601
1013 9 2 1 1 219 220 1997 263 4478 4602
1014 9 2 1 1 2268 696 2605 4603 4604 4590
1015 9 2 1 1 1305 1303 2073 4605 4606 4526
1016 9 2 1 1 1918 1917 1919 4578 4607 4545
1017 9 2 1 1 1655 2026 2292 4608 4609 4498
1018 9 2 1 1 2142 567 2253 4610 4611 4612
1019 9 2 1 1 2082 2189 2403 4613 4614 4615
1020 9 2 1 1 1909 1908 1910 4549 4616 4617
1021 9 2 1 1 2067 2585 2598 4618 4441 4619
1022 9 2 1 1 834 837 2217 4620 4621 4345
1023 9 2 1 1 1260 2190 2435 4571 4622 4623
1024 9 2 1 1 213 1010 1965 4624 4625 4626
1025 9 2 1 1 1347 2220 2230 4627 4628 4629
1026 9 2 1 1 597 10 598 4309 4148 4630
1027 9 2 1 1 2076 2047 2160 4631 4594 4632
1028 9 2 1 1 919 952 2092 4633 4634 4635
1029 9 2 1 1 1916 1918 1939 4579 4313 4040
1030 9 2 1 1 1493 2350 2462 4636 4637 4328
1031 9 2 1 1 1113 2076 2221 4638 4639 4640
1032 9 2 1 1 36 37 1022 80 4357 4447
1033 9 2 1 1 962 1988 1990 3862 4641 3877
1034 9 2 1 1 656 2121 2122 4642 4643 4644
1035 9 2 1 1 119 120 1039 169 4645 4646
1036 9 2 1 1 2001 1999 2002 4647 4648 4649
1037 9 2 1 1 1921 1919 1922 4546 4650 4651
1038 9 2 1 1 2157 1027 2286 4652 4653 4442
1039 9 2 1 1 406 722 1996 4654 4043 4655
1040 9 2 1 1 2344 822 2610 4656 4657 4658
1041 9 2 1 1 472 597 1869 4310 4087 4135
1042 9 2 1 1 1017 219 1997 4659 4602 4660
1043 9 2 1 1 1916 1915 1917 4661 4662 4577
1044 9 2 1 1 1663 2068 2564 4663 4516 4664
1045 9 2 1 1 222 223 1023 266 4383 4464
1046 9 2 1 1 748 703 2097 4665 4252 4666
1047 9 2 1 1 965 1960 2446 4341 4667 4493
1048 9 2 1 1 722 405 2652 4668 3961 4669
1049 9 2 1 1 1914 1915 1916 4670 4661 4013
1050 9 2 1 1 1039 2032 2324 4671 4672 4673
1051 9 2 1 1 1574 1328 2048 4674 4456 3933
1052 9 2 1 1 474 1009 1995 4418 4491 4675
1053 9 2 1 1 2232 1983 2587 4676 4564 4677
1054 9 2 1 1 2036 2037 2038 4678 4679 4680
1055 9 2 1 1 919 2092 2457 4635 4337 4681
1056 9 2 1 1 2171 2172 2507 4682 4332 4683
1057 9 2 1 1 1910 1928 1929 4684 3221 4685
1058 9 2 1 1 7 406 1996 426 4655 4686
1059 9 2 1 1 2197 2196 2551 4687 4688 4689
1060 9 2 1 1 981 1189 2461 4690 4691 4692
1061 9 2 1 1 1139 1962 2402 4428 4693 4694
1062 9 2 1 1 716 717 2279 4695 4696 4697
1063 9 2 1 1 2000 1999 2001 4698 4647 4699
1064 9 2 1 1 1593 2071 2072 4700 4701 4702
1065 9 2 1 1 1039 2028 2031 4703 4536 4704
1066 9 2 1 1 6 385 2639 387 4705 4706
1067 9 2 1 1 1982 1993 2316 4583 4522 4707
1068 9 2 1 1 870 2088 2439 4708 4709 4710
1069 9 2 1 1 1248 701 2130 4711 4712 4713
1070 9 2 1 1 1228 1832 2048 4714 3922 4455
1071 9 2 1 1 1189 2087 2461 4032 4715 4691
1072 9 2 1 1 1490 2172 2545 4330 4716 4717
1073 9 2 1 1 2196 694 2551 4718 4719 4688
1074 9 2 1 1 2268 2267 2612 4720 4721 4722
1075 9 2 1 1 656 330 2121 4723 4724 4642
1076 9 2 1 1 1506 2090 2091 4725 4726 4727
1077 9 2 1 1 213 214 1010 257 4728 4624
1078 9 2 1 1 2011 2008 2027 4729 4730 4731
1079 9 2 1 1 2220 1645 2230 4388 4732 4628
1080 9 2 1 1 1240 592 2095 4733 4734 4559
1081 9 2 1 1 991 993 2282 4735 4020 4736
1082 9 2 1 1 2001 2002 2003 4649 4737 4738
1083 9 2 1 1 1965 1010 1976 4625 3239 4739
1084 9 2 1 1 2236 1461 2380 4527 4740 4741
1085 9 2 1 1 2067 1557 2585 4209 4742 4618
1086 9 2 1 1 1789 2526 2595 4743 4352 4744
1087 9 2 1 1 1506 2089 2090 4745 4746 4725
1088 9 2 1 1 2159 1041 2233 4747 4530 4748
1089 9 2 1 1 2026 1655 2284 4608 4749 4750
1090 9 2 1 1 699 1909 1911 4550 4751 4160
1091 9 2 1 1 2045 1199 2379 4752 4753 4754
1092 9 2 1 1 1910 1929 1930 4685 4755 4756
1093 9 2 1 1 1346 2557 2607 4757 4758 4759
1094 9 2 1 1 1039 120 2028 4645 4760 4703
1095 9 2 1 1 1910 1930 2039 4756 4761 4762
1096 9 2 1 1 692 2066 2067 4763 4410 4764
1097 9 2 1 1 1490 2473 2507 4765 4766 4331
1098 9 2 1 1 1991 966 2342 4449 4767 4768
1099 9 2 1 1 2309 1879 2580 4769 4293 4770
1100 9 2 1 1 1071 33 2036 4771 4573 4772
1101 9 2 1 1 2065 1878 2500 4773 4262 4774
1102 9 2 1 1 2088 1653 2439 4775 4776 4709
1103 9 2 1 1 1382 1190 2535 4777 4778 4779
1104 9 2 1 1 2053 2054 2060 4780 4781 4782
1105 9 2 1 1 1513 2045 2379 4783 4754 4784
1106 9 2 1 1 1081 782 2080 4785 4786 4787
1107 9 2 1 1 1136 1151 1218 4788 4789 4790
1108 9 2 1 1 1218 1417 1419 4791 4792 4793
1109 9 2 1 1 769 2079 2080 4794 4795 4796
1110 9 2 1 1 236 654 2043 4797 4798 4799
1111 9 2 1 1 755 716 2279 4800 4697 4801
1112 9 2 1 1 2189 1260 2403 4569 4802 4614
1113 9 2 1 1 1535 1903 2593 4297 4366 4518
1114 9 2 1 1 2490 1381 2572 4803 4804 4805
1115 9 2 1 1 1013 1889 1890 4174 4806 4807
1116 9 2 1 1 1344 1751 2070 4808 4809 4810
1117 9 2 1 1 2033 1653 2088 4811 4775 4812
1118 9 2 1 1 1998 1999 2000 4463 4698 4813
1119 9 2 1 1 120 121 2028 170 4814 4760
1120 9 2 1 1 1035 146 2041 4815 4816 3079
1121 9 2 1 1 2046 950 2285 4473 4378 4817
1122 9 2 1 1 1416 1620 2053 4818 4819 4820
1123 9 2 1 1 701 670 2130 4821 4822 4712
1124 9 2 1 1 1253 2228 2229 4823 4824 4825
1125 9 2 1 1 2053 1620 2054 4819 4826 4780
1126 9 2 1 1 2003 2002 2012 4737 4827 4828
1127 9 2 1 1 1189 948 2061 4829 4830 3918
1128 9 2 1 1 1348 1704 2470 4831 3139 4832
1129 9 2 1 1 1593 2070 2071 4833 4834 4700
1130 9 2 1 1 218 1017 2049 4835 4836 4837
1131 9 2 1 1 1015 1893 1894 4200 4838 4839
1132 9 2 1 1 2023 2022 2025 4840 4504 4841
1133 9 2 1 1 672 670 701 4842 4821 4843
1134 9 2 1 1 1419 1707 1708 4844 4845 4846
1135 9 2 1 1 1921 1922 1923 4651 4847 3938
1136 9 2 1 1 1253 2229 2354 4825 4848 4849
1137 9 2 1 1 1423 1654 2383 4850 4851 4413
1138 9 2 1 1 803 1036 2562 4852 4284 4853
1139 9 2 1 1 592 427 2095 4854 4417 4734
1140 9 2 1 1 1240 1994 2489 4558 4855 4856
1141 9 2 1 1 1081 2080 2081 4787 4414 4857
1142 9 2 1 1 1914 1913 1915 4858 4859 4670
1143 9 2 1 1 644 670 672 4860 4842 4861
1144 9 2 1 1 692 676 2066 4862 4863 4763
1145 9 2 1 1 1496 1498 2285 4864 4865 4866
1146 9 2 1 1 1709 1708 1743 4867 4868 4869
1147 9 2 1 1 1854 1853 1855 4870 4322 4871
1148 9 2 1 1 2107 1021 2111 4872 4873 4874
1149 9 2 1 1 2202 1656 2254 4875 4876 4877
1150 9 2 1 1 2261 2260 2596 4878 4879 4880
1151 9 2 1 1 2425 1993 2430 4881 4882 4543
1152 9 2 1 1 607 598 1188 4883 4434 4599
1153 9 2 1 1 40 1127 2050 4884 4885 4886
1154 9 2 1 1 1862 1457 1863 4887 4888 4244
1155 9 2 1 1 1493 1904 2524 4327 4889 4508
1156 9 2 1 1 43 563 2084 4890 2996 4891
1157 9 2 1 1 1288 1644 2150 4892 4893 4894
1158 9 2 1 1 672 701 702 4843 4895 4896
1159 9 2 1 1 2387 2078 2485 4897 4898 4899
1160 9 2 1 1 2473 2170 2507 4900 4901 4766
1161 9 2 1 1 1248 2130 2131 4713 4902 4232
1162 9 2 1 1 1499 1501 2077 4903 4904 4905
1163 9 2 1 1 877 908 2094 4906 4907 4908
1164 9 2 1 1 1136 1111 1151 4909 4910 4788
1165 9 2 1 1 1299 1344 2070 4911 4810 4912
1166 9 2 1 1 1911 1909 1912 4751 4913 4914
1167 9 2 1 1 235 236 2043 279 4799 4915
1168 9 2 1 1 237 238 2085 281 4916 4917
1169 9 2 1 1 1871 1873 1876 4918 4919 4467
1170 9 2 1 1 1741 1437 2075 4920 4921 4922
1171 9 2 1 1 696 2601 2605 4923 4924 4604
1172 9 2 1 1 1654 2279 2437 4925 4926 4927
1173 9 2 1 1 226 1025 2069 4928 4929 4930
1174 9 2 1 1 1506 979 2089 4931 4932 4745
1175 9 2 1 1 2612 2267 2618 4721 4933 4934
1176 9 2 1 1 988 1118 2113 4935 4936 4937
1177 9 2 1 1 1486 2387 2485 4187 4899 4938
1178 9 2 1 1 2200 2228 2416 4939 4940 4941
1179 9 2 1 1 934 2051 2082 4942 4943 4944
1180 9 2 1 1 2034 1287 2150 4945 4946 4947
1181 9 2 1 1 782 769 2080 4948 4796 4786
1182 9 2 1 1 1419 1708 1709 4846 4867 4949
1183 9 2 1 1 1876 1873 1877 4919 4044 4950
1184 9 2 1 1 1909 1910 2039 4617 4762 4951
1185 9 2 1 1 2065 1652 2274 4952 4953 4954
1186 9 2 1 1 2070 1751 2071 4809 4955 4834
1187 9 2 1 1 2217 837 2540 4621 4576 4956
1188 9 2 1 1 1113 1145 2076 4957 4958 4638
1189 9 2 1 1 2337 1522 2338 4959 4960 4961
1190 9 2 1 1 1218 1151 1417 4789 4962 4791
1191 9 2 1 1 1151 1111 2372 4910 4963 4964
1192 9 2 1 1 2076 2160 2221 4632 4965 4639
1193 9 2 1 1 104 657 2062 4966 4967 4968
1194 9 2 1 1 1911 1913 1914 4969 4858 4063
1195 9 2 1 1 104 105 657 154 4970 4966
1196 9 2 1 1 37 38 1979 81 4971 4358
1197 9 2 1 1 934 1012 2051 4972 4973 4942
1198 9 2 1 1 38 39 599 82 4974 4975
1199 9 2 1 1 769 757 2079 4976 4977 4794
1200 9 2 1 1 38 599 1979 4975 3698 4971
1201 9 2 1 1 1658 2170 2473 4423 4900 4978
1202 9 2 1 1 228 571 2099 4979 4980 4981
1203 9 2 1 1 119 1039 2324 4646 4673 4982
1204 9 2 1 1 2144 2137 2146 4983 4984 3202
1205 9 2 1 1 1419 1417 1707 4792 4985 4844
1206 9 2 1 1 1246 1247 2105 4986 4987 4988
1207 9 2 1 1 143 655 2127 4989 4990 4991
1208 9 2 1 1 1863 1864 1865 4992 4993 4994
1209 9 2 1 1 1962 2342 2402 4995 4996 4693
1210 9 2 1 1 1392 1594 2302 4997 4998 4999
1211 9 2 1 1 785 1026 2103 5000 4037 5001
1212 9 2 1 1 1863 1457 1864 4888 5002 4992
1213 9 2 1 1 330 331 2121 380 5003 4724
1214 9 2 1 1 527 526 2310 546 5004 4458
1215 9 2 1 1 2596 2260 2601 4879 5005 5006
1216 9 2 1 1 234 1021 2107 5007 4872 5008
1217 9 2 1 1 1110 1111 1136 5009 4909 5010
1218 9 2 1 1 223 224 1981 267 5011 4384
1219 9 2 1 1 1419 1709 2022 4949 4502 5012
1220 9 2 1 1 2008 2005 2027 5013 5014 4730
1221 9 2 1 1 726 751 2082 5015 5016 5017
1222 9 2 1 1 2130 671 2132 5018 4409 5019
1223 9 2 1 1 224 225 582 268 5020 5021
1224 9 2 1 1 1871 1870 1872 4391 5022 5023
1225 9 2 1 1 54 1457 1862 5024 4887 4142
1226 9 2 1 1 996 1229 2033 5025 5026 5027
1227 9 2 1 1 702 701 734 4895 5028 5029
1228 9 2 1 1 814 877 2094 5030 4908 5031
1229 9 2 1 1 1095 1267 2264 5032 5033 5034
1230 9 2 1 1 2228 1253 2416 4823 5035 4940
1231 9 2 1 1 224 582 1981 5021 5036 5011
1232 9 2 1 1 1040 2115 2119 5037 5038 5039
1233 9 2 1 1 996 1187 1229 5040 5041 5025
1234 9 2 1 1 2109 2155 2343 5042 5043 5044
1235 9 2 1 1 2383 1654 2437 4851 4927 5045
1236 9 2 1 1 1871 1872 1873 5023 5046 4918
1237 9 2 1 1 941 988 2113 5047 4937 5048
1238 9 2 1 1 2020 1188 2021 5049 4435 3217
1239 9 2 1 1 606 617 1179 5050 4510 4046
1240 9 2 1 1 1280 1281 2101 5051 5052 5053
1241 9 2 1 1 2443 1080 2498 5054 5055 5056
1242 9 2 1 1 1039 2031 2032 4704 5057 4671
1243 9 2 1 1 105 106 2300 155 5058 5059
1244 9 2 1 1 229 230 2151 273 5060 5061
1245 9 2 1 1 2202 953 2408 5062 4556 5063
1246 9 2 1 1 1644 2034 2150 5064 4947 4893
1247 9 2 1 1 526 697 2310 5065 5066 5004
1248 9 2 1 1 1910 1908 1928 4616 4308 4684
1249 9 2 1 1 40 41 1127 84 5067 4884
1250 9 2 1 1 889 947 2402 5068 5069 5070
1251 9 2 1 1 952 1506 2092 5071 5072 4634
1252 9 2 1 1 2138 2134 2158 5073 5074 5075
1253 9 2 1 1 618 1998 2019 5076 5077 4496
1254 9 2 1 1 723 531 2304 5078 5079 5080
1255 9 2 1 1 46 47 2163 90 5081 5082
1256 9 2 1 1 1155 2133 2134 5083 5084 5085
1257 9 2 1 1 948 946 2061 5086 5087 4830
1258 9 2 1 1 618 607 1998 5088 4600 5076
1259 9 2 1 1 211 565 2432 4480 5089 5090
1260 9 2 1 1 1574 1958 1959 3936 5091 3943
1261 9 2 1 1 2101 1281 2102 5052 5092 5093
1262 9 2 1 1 2115 2116 2119 5094 5095 5038
1263 9 2 1 1 560 2109 2343 5096 5044 5097
1264 9 2 1 1 226 227 1025 270 5098 4928
1265 9 2 1 1 655 144 2100 5099 5100 5101
1266 9 2 1 1 1847 1600 1848 5102 5103 5104
1267 9 2 1 1 1222 1416 2053 5105 4820 5106
1268 9 2 1 1 1234 848 2284 5107 5108 5109
1269 9 2 1 1 1335 1333 2125 5110 4554 5111
1270 9 2 1 1 654 2085 2086 5112 5113 5114
1271 9 2 1 1 2151 1043 2152 5115 5116 5117
1272 9 2 1 1 147 148 1459 197 5118 5119
1273 9 2 1 1 2183 830 2374 5120 5121 4354
1274 9 2 1 1 695 2575 2583 5122 5123 4585
1275 9 2 1 1 899 992 2078 5124 5125 5126
1276 9 2 1 1 2196 2195 2569 5127 5128 5129
1277 9 2 1 1 230 1043 2151 5130 5115 5060
1278 9 2 1 1 2054 1620 2055 4826 5131 5132
1279 9 2 1 1 2342 966 2402 4767 5133 4996
1280 9 2 1 1 147 1459 2041 5119 5134 5135
1281 9 2 1 1 1743 1708 1782 4868 5136 5137
1282 9 2 1 1 531 530 2304 550 5138 5079
1283 9 2 1 1 644 645 670 5139 5140 4860
1284 9 2 1 1 2249 2030 2250 5141 5142 5143
1285 9 2 1 1 2134 2133 2158 5084 5144 5074
1286 9 2 1 1 2010 2011 2013 5145 3341 5146
1287 9 2 1 1 2489 1717 2498 5147 5148 5149
1288 9 2 1 1 1923 1922 1924 4847 5150 5151
1289 9 2 1 1 121 596 2028 5152 5153 4814
1290 9 2 1 1 1396 2317 2326 5154 5155 4085
1291 9 2 1 1 2047 1432 2556 5156 4243 5157
1292 9 2 1 1 2003 2012 2027 4828 5158 5159
1293 9 2 1 1 2278 755 2279 5160 4801 5161
1294 9 2 1 1 979 1135 2089 5162 5163 4932
1295 9 2 1 1 567 322 2253 5164 5165 4611
1296 9 2 1 1 1911 1912 1913 4914 5166 4969
1297 9 2 1 1 751 934 2082 5167 4944 5016
1298 9 2 1 1 1015 1894 2085 4839 5168 5169
1299 9 2 1 1 699 388 1908 4421 4393 4548
1300 9 2 1 1 728 730 2350 5170 5171 5172
1301 9 2 1 1 617 618 644 5173 5174 5175
1302 9 2 1 1 605 616 2380 5176 5177 5178
1303 9 2 1 1 1169 1168 1333 5179 5180 5181
1304 9 2 1 1 2317 2182 2326 5182 5183 5155
1305 9 2 1 1 811 755 2278 5184 5160 5185
1306 9 2 1 1 1522 2337 2367 4959 5186 5187
1307 9 2 1 1 2116 1460 2117 5188 5189 5190
1308 9 2 1 1 764 1251 2052 5191 5192 5193
1309 9 2 1 1 1800 2570 2603 5194 5195 5196
1310 9 2 1 1 395 1927 2591 4165 3995 5197
1311 9 2 1 1 2082 2051 2189 4943 5198 4613
1312 9 2 1 1 2264 1267 2265 5033 5199 5200
1313 9 2 1 1 1040 332 2115 5201 5202 5037
1314 9 2 1 1 1303 1593 2073 5203 5204 4606
1315 9 2 1 1 1847 1848 1850 5104 5205 4030
1316 9 2 1 1 2063 1491 2064 5206 4146 4427
1317 9 2 1 1 1999 1188 2020 4462 5049 5207
1318 9 2 1 1 899 900 991 5208 5209 5210
1319 9 2 1 1 2298 1748 2477 5211 5212 5213
1320 9 2 1 1 1000 1065 2185 5214 5215 5216
1321 9 2 1 1 2171 887 2172 5217 5218 4682
1322 9 2 1 1 555 326 2147 5219 5220 5221
1323 9 2 1 1 726 2082 2403 5017 4615 5222
1324 9 2 1 1 2238 2236 2380 5223 4741 5224
1325 9 2 1 1 1500 1499 1600 5225 5226 5227
1326 9 2 1 1 1450 1778 2156 5228 5229 5230
1327 9 2 1 1 992 991 1122 5231 5232 5233
1328 9 2 1 1 702 734 735 5029 5234 5235
1329 9 2 1 1 1557 2510 2592 4211 4483 5236
1330 9 2 1 1 2010 2008 2011 5237 4729 5145
1331 9 2 1 1 1041 892 2424 5238 5239 5240
1332 9 2 1 1 968 1041 2159 5241 4747 5242
1333 9 2 1 1 1019 961 1168 5243 5244 5245
1334 9 2 1 1 1044 46 2163 5246 5082 5247
1335 9 2 1 1 671 645 673 5248 4298 5249
1336 9 2 1 1 1333 1334 1596 5250 5251 4552
1337 9 2 1 1 1123 1122 1299 5252 5253 5254
1338 9 2 1 1 1299 1301 1344 5255 5256 4911
1339 9 2 1 1 799 887 2171 5257 5217 5258
1340 9 2 1 1 1330 1537 2293 5259 5260 5261
1341 9 2 1 1 1826 1601 1827 5262 5263 5264
1342 9 2 1 1 2227 1529 2398 5265 5266 4202
1343 9 2 1 1 2239 2226 2425 5267 5268 4542
1344 9 2 1 1 2112 941 2113 5269 5048 5270
1345 9 2 1 1 1759 1741 1760 5271 5272 5273
1346 9 2 1 1 1222 1221 1416 5274 5275 5105
1347 9 2 1 1 1155 324 2133 5276 5277 5083
1348 9 2 1 1 1344 1433 1722 5278 3813 5279
1349 9 2 1 1 783 785 2103 5280 5001 5281
1350 9 2 1 1 1824 1476 2161 5282 5283 3776
1351 9 2 1 1 1126 328 2149 5284 5285 5286
1352 9 2 1 1 735 734 756 5234 5287 5288
1353 9 2 1 1 1155 2135 2253 5289 5290 5291
1354 9 2 1 1 1390 1335 1601 5292 5293 5294
1355 9 2 1 1 1751 1722 1816 5295 5296 5297
1356 9 2 1 1 1436 2053 2060 5298 4782 5299
1357 9 2 1 1 1652 2065 2500 4952 4774 5300
1358 9 2 1 1 1250 1216 2184 5301 5302 5303
1359 9 2 1 1 1416 1619 1620 5304 5305 4818
1360 9 2 1 1 1418 1151 2372 5306 4964 5307
1361 9 2 1 1 1500 1600 1847 5227 5102 4381
1362 9 2 1 1 232 233 560 276 5308 5309
1363 9 2 1 1 924 866 925 5310 5311 5312
1364 9 2 1 1 1220 1221 1222 5313 5274 5314
1365 9 2 1 1 1994 1717 2489 5315 5147 4855
1366 9 2 1 1 1880 1458 1881 5316 5317 4303
1367 9 2 1 1 776 777 899 5318 5319 5320
1368 9 2 1 1 2135 2142 2253 5321 4612 5290
1369 9 2 1 1 2054 2055 2056 5132 5322 5323
1370 9 2 1 1 1432 1727 1980 5324 5325 4241
1371 9 2 1 1 1874 1988 1989 5326 3863 5327
1372 9 2 1 1 910 909 960 5328 4214 5329
1373 9 2 1 1 823 818 888 5330 5331 5332
1374 9 2 1 1 43 44 563 87 5333 4890
1375 9 2 1 1 1220 1138 1221 5334 5335 5313
1376 9 2 1 1 1825 1472 2165 5336 5337 3790
1377 9 2 1 1 1677 2344 2610 5338 4658 5339
1378 9 2 1 1 946 971 2061 5340 3956 5087
1379 9 2 1 1 596 122 2250 5341 5342 5343
1380 9 2 1 1 929 1398 2153 5344 3807 5345
1381 9 2 1 1 766 765 869 5346 5347 5348
1382 9 2 1 1 1498 1638 2285 5349 5350 4865
1383 9 2 1 1 1436 1222 2053 5351 5106 5298
1384 9 2 1 1 1596 1597 1731 5352 4005 5353
1385 9 2 1 1 1655 1234 2284 5354 5109 4749
1386 9 2 1 1 923 866 924 5355 5310 5356
1387 9 2 1 1 1596 1731 1794 5353 5357 4557
1388 9 2 1 1 1498 1497 1499 5358 5359 5360
1389 9 2 1 1 670 645 671 5140 5248 5361
1390 9 2 1 1 677 675 982 5362 5363 4296
1391 9 2 1 1 908 907 909 5364 5365 5366
1392 9 2 1 1 2009 2008 2010 5367 5237 5368
1393 9 2 1 1 874 872 884 5369 5370 5371
1394 9 2 1 1 1286 1343 1432 5372 5373 5374
1395 9 2 1 1 932 1033 2251 5375 5376 5377
1396 9 2 1 1 1054 320 2154 5378 5379 5380
1397 9 2 1 1 870 869 2088 5381 5382 4708
1398 9 2 1 1 2186 559 2187 5383 5384 5385
1399 9 2 1 1 1839 1542 2522 5386 5387 3884
1400 9 2 1 1 644 618 645 5174 4495 5139
1401 9 2 1 1 27 1024 2124 5388 5389 5390
1402 9 2 1 1 1251 814 2094 5391 5031 5392
1403 9 2 1 1 814 876 877 5393 5394 5030
1404 9 2 1 1 764 813 814 5395 5396 5397
1405 9 2 1 1 1080 711 2188 5398 5399 5400
1406 9 2 1 1 889 888 946 5401 5402 5403
1407 9 2 1 1 1123 1299 1300 5254 5404 5405
1408 9 2 1 1 885 884 929 5406 5407 5408
1409 9 2 1 1 1494 1428 1495 5409 5410 5411
1410 9 2 1 1 1542 1230 2357 5412 5413 5414
1411 9 2 1 1 1496 1495 1497 5415 5416 5417
1412 9 2 1 1 141 1037 2288 5418 5419 5420
1413 9 2 1 1 27 28 1024 71 5421 5388
1414 9 2 1 1 54 55 1457 98 5422 5024
1415 9 2 1 1 757 756 776 5423 5424 5425
1416 9 2 1 1 776 899 2078 5320 5126 5426
1417 9 2 1 1 1182 1513 2379 5427 4784 5428
1418 9 2 1 1 1665 2384 2509 5429 5430 5431
1419 9 2 1 1 1390 1601 1826 5294 5262 3984
1420 9 2 1 1 1117 1288 2150 5432 4894 5433
1421 9 2 1 1 606 607 617 5434 5435 5050
1422 9 2 1 1 671 673 674 5249 5436 4408
1423 9 2 1 1 1505 1993 2425 4520 4881 5437
1424 9 2 1 1 899 991 992 5210 5231 5124
1425 9 2 1 1 1169 1333 1335 5181 5110 5438
1426 9 2 1 1 812 823 2466 5439 4513 5440
1427 9 2 1 1 240 1458 1880 5441 5316 4154
1428 9 2 1 1 981 948 1189 5442 4829 4690
1429 9 2 1 1 2562 1868 2624 4283 5443 4316
1430 9 2 1 1 1498 1499 1500 5360 5225 5444
1431 9 2 1 1 2080 2079 2387 4795 5445 4415
1432 9 2 1 1 946 888 971 5402 5446 5340
1433 9 2 1 1 1019 1168 1169 5245 5179 5447
1434 9 2 1 1 1344 1301 1433 5256 5448 5278
1435 9 2 1 1 617 607 618 5435 5088 5173
1436 9 2 1 1 2002 1999 2020 4648 5207 5449
1437 9 2 1 1 11 490 1384 510 5450 5451
1438 9 2 1 1 992 1122 1123 5233 5252 5452
1439 9 2 1 1 2115 1460 2116 5453 5188 5094
1440 9 2 1 1 1100 1209 2518 5454 5455 5456
1441 9 2 1 1 818 748 2097 5457 4666 5458
1442 9 2 1 1 212 213 1965 256 4626 5459
1443 9 2 1 1 1044 2163 2164 5247 5460 5461
1444 9 2 1 1 815 941 2112 5462 5269 5463
1445 9 2 1 1 711 689 2188 5464 5465 5399
1446 9 2 1 1 910 960 961 5329 5466 5467
1447 9 2 1 1 1515 810 2219 5468 5469 5470
1448 9 2 1 1 1881 1458 1882 5317 5471 5472
1449 9 2 1 1 1223 1222 1436 5473 5351 5474
1450 9 2 1 1 1826 1827 1828 5264 5475 3836
1451 9 2 1 1 954 2033 2088 5476 4812 5477
1452 9 2 1 1 2135 2134 2136 5478 5479 5480
1453 9 2 1 1 1402 1983 2232 4485 4676 4598
1454 9 2 1 1 1873 1872 1874 5046 5481 5482
1455 9 2 1 1 1496 1497 1498 5417 5358 4864
1456 9 2 1 1 1493 728 2350 5483 5172 4636
1457 9 2 1 1 1407 1666 1667 5484 5485 5486
1458 9 2 1 1 1394 1246 2105 5487 4988 5488
1459 9 2 1 1 877 906 907 5489 5490 5491
1460 9 2 1 1 2263 2265 2268 5492 5493 4589
1461 9 2 1 1 1180 2573 2602 5494 5495 5496
1462 9 2 1 1 2010 2014 2126 5497 3966 5498
1463 9 2 1 1 2258 2261 2277 5499 4595 5500
1464 9 2 1 1 1300 1299 2070 5404 4912 5501
1465 9 2 1 1 640 642 2238 5502 5503 5504
1466 9 2 1 1 2139 2140 2141 5505 5506 5507
1467 9 2 1 1 2136 2138 2139 5508 5509 5510
1468 9 2 1 1 2569 2195 2575 5128 5511 5512
1469 9 2 1 1 1045 24 2224 5513 5514 5515
1470 9 2 1 1 1495 1690 2173 5516 5517 5518
1471 9 2 1 1 2283 2026 2284 5519 4750 5520
1472 9 2 1 1 869 954 2088 5521 5477 5382
1473 9 2 1 1 1303 1300 1593 5522 5523 5203
1474 9 2 1 1 2034 1788 2035 5524 5525 5526
1475 9 2 1 1 2337 1339 2367 5527 5528 5186
1476 9 2 1 1 42 43 2084 86 4891 5529
1477 9 2 1 1 1494 1495 1496 5411 5415 5530
1478 9 2 1 1 917 945 2200 5531 5532 5533
1479 9 2 1 1 1827 1601 1977 5263 5534 5535
1480 9 2 1 1 768 769 781 5536 5537 3778
1481 9 2 1 1 1451 1450 2156 5538 5230 5539
1482 9 2 1 1 2007 2005 2008 5540 5013 5541
1483 9 2 1 1 991 900 993 5209 5542 4735
1484 9 2 1 1 670 671 2130 5361 5018 4822
1485 9 2 1 1 233 234 2107 277 5008 5543
1486 9 2 1 1 2193 2196 2197 5544 4687 5545
1487 9 2 1 1 560 2107 2108 5546 5547 5548
1488 9 2 1 1 894 932 2251 5549 5377 5550
1489 9 2 1 1 1461 605 2380 5551 5178 4740
1490 9 2 1 1 899 777 900 5319 3873 5208
1491 9 2 1 1 1593 1300 2070 5523 5501 4833
1492 9 2 1 1 791 2202 2254 5552 4877 5553
1493 9 2 1 1 877 907 908 5491 5364 4906
1494 9 2 1 1 949 1113 2221 5554 4640 5555
1495 9 2 1 1 2028 596 2029 5153 5556 4534
1496 9 2 1 1 1071 2036 2038 4772 4680 5557
1497 9 2 1 1 1957 1496 2285 5558 4866 4377
1498 9 2 1 1 962 783 2103 5559 5281 3839
1499 9 2 1 1 2083 42 2084 5560 5529 5561
1500 9 2 1 1 1037 2129 2288 5562 5563 5419
1501 9 2 1 1 657 105 2300 4970 5059 5564
1502 9 2 1 1 1416 1503 1619 5565 5566 5304
1503 9 2 1 1 1706 1437 1741 5567 4920 5568
1504 9 2 1 1 1912 1909 2039 4913 4951 5569
1505 9 2 1 1 1710 2490 2572 5570 4805 5571
1506 9 2 1 1 810 943 2219 5572 5573 5469
1507 9 2 1 1 2085 1894 2086 5168 5574 5113
1508 9 2 1 1 139 559 2186 5575 5383 5576
1509 9 2 1 1 2279 717 2437 4696 5577 4926
1510 9 2 1 1 1482 1822 2181 5578 3756 5579
1511 9 2 1 1 2116 2117 2118 5190 5580 5581
1512 9 2 1 1 1923 1924 1925 5151 5582 4025
1513 9 2 1 1 1422 1428 1494 5583 5409 5584
1514 9 2 1 1 908 909 910 5366 5328 5585
1515 9 2 1 1 2137 2136 2146 5586 5587 4984
1516 9 2 1 1 1881 1882 1883 5472 5588 5589
1517 9 2 1 1 24 25 2224 68 5590 5514
1518 9 2 1 1 1703 2298 2477 5591 5213 5592
1519 9 2 1 1 880 867 2176 5593 5594 5595
1520 9 2 1 1 764 814 1251 5397 5391 5191
1521 9 2 1 1 1659 1665 2509 5596 5431 5597
1522 9 2 1 1 217 218 2049 261 4837 5598
1523 9 2 1 1 1333 1168 1334 5180 5599 5250
1524 9 2 1 1 1524 1595 2299 5600 5601 5602
1525 9 2 1 1 1432 1343 1727 5373 5603 5324
1526 9 2 1 1 898 2226 2239 5604 5267 5605
1527 9 2 1 1 1344 1722 1751 5279 5295 4808
1528 9 2 1 1 201 202 881 245 5606 5607
1529 9 2 1 1 1299 1122 1301 5253 5608 5255
1530 9 2 1 1 1348 1349 1704 5609 5610 4831
1531 9 2 1 1 1403 2192 2197 5611 5612 5613
1532 9 2 1 1 232 560 2343 5309 5097 5614
1533 9 2 1 1 1553 1374 2309 5615 5616 5617
1534 9 2 1 1 781 782 783 5618 5619 5620
1535 9 2 1 1 2487 1695 2501 5621 5622 5623
1536 9 2 1 1 2205 2322 2331 5624 5625 5626
1537 9 2 1 1 672 1491 2063 5627 5206 5628
1538 9 2 1 1 1016 103 2062 5629 5630 5631
1539 9 2 1 1 2005 2003 2027 5632 5159 5014
1540 9 2 1 1 103 104 2062 153 4968 5630
1541 9 2 1 1 630 632 2182 5633 5634 5635
1542 9 2 1 1 1155 2134 2135 5085 5478 5289
1543 9 2 1 1 1494 1957 2286 5636 4443 5637
1544 9 2 1 1 906 1027 2157 5638 4652 5639
1545 9 2 1 1 941 987 988 5640 5641 5047
1546 9 2 1 1 2263 2264 2265 5642 5200 5492
1547 9 2 1 1 1040 2119 2120 5039 3706 5643
1548 9 2 1 1 2257 2258 2277 5644 5500 5645
1549 9 2 1 1 2065 2274 2308 4954 5646 5647
1550 9 2 1 1 781 783 962 5620 5559 3876
1551 9 2 1 1 2133 555 2158 5648 5649 5144
1552 9 2 1 1 1571 1719 1750 5650 5651 4050
1553 9 2 1 1 2275 1562 2345 5652 5653 5654
1554 9 2 1 1 1403 1078 2192 5655 5656 5611
1555 9 2 1 1 1422 1494 2286 5584 5637 5657
1556 9 2 1 1 807 886 2166 5658 5659 5660
1557 9 2 1 1 2178 1198 2179 5661 4134 5662
1558 9 2 1 1 1286 1432 2047 5374 5156 5663
1559 9 2 1 1 1218 1419 2022 4793 5012 5664
1560 9 2 1 1 2192 2193 2197 5665 5545 5612
1561 9 2 1 1 1162 968 2159 5666 5242 5667
1562 9 2 1 1 2322 1375 2331 3378 5668 5625
1563 9 2 1 1 768 757 769 5669 4976 5536
1564 9 2 1 1 1656 2202 2408 4875 5063 5670
1565 9 2 1 1 1870 1869 1896 4128 4088 5671
1566 9 2 1 1 776 756 777 5424 5672 5318
1567 9 2 1 1 815 940 941 5673 5674 5462
1568 9 2 1 1 1491 702 2222 5675 5676 3759
1569 9 2 1 1 1506 2091 2092 4727 5677 5072
1570 9 2 1 1 2004 2003 2005 5678 5632 5679
1571 9 2 1 1 812 818 823 5680 5330 5439
1572 9 2 1 1 823 888 889 5332 5401 5681
1573 9 2 1 1 2092 2091 2093 5677 5682 4336
1574 9 2 1 1 1012 1407 2051 5683 5684 4973
1575 9 2 1 1 1669 1273 2218 5685 5686 5687
1576 9 2 1 1 145 1035 2100 5688 5689 5690
1577 9 2 1 1 2143 2137 2144 5691 4983 3294
1578 9 2 1 1 1279 1571 2184 5692 5693 5694
1579 9 2 1 1 1407 1470 1666 5695 5696 5484
1580 9 2 1 1 137 1046 2203 5697 5698 5699
1581 9 2 1 1 1821 2341 2667 3824 5700 4055
1582 9 2 1 1 52 1013 2040 5701 5702 4452
1583 9 2 1 1 1037 2127 2128 5703 5704 5705
1584 9 2 1 1 1244 1245 1385 5706 5707 5708
1585 9 2 1 1 988 1116 1117 5709 5710 5711
1586 9 2 1 1 1427 1784 2114 5712 3421 5713
1587 9 2 1 1 1422 1427 1428 5714 5715 5583
1588 9 2 1 1 674 673 675 5436 5716 5717
1589 9 2 1 1 2169 797 2171 5718 5719 5720
1590 9 2 1 1 874 884 885 5371 5406 5721
1591 9 2 1 1 1699 2245 2246 5722 5723 5724
1592 9 2 1 1 947 946 948 5725 5086 5726
1593 9 2 1 1 1137 981 1138 5727 5728 5729
1594 9 2 1 1 2274 1368 2308 5730 5731 5646
1595 9 2 1 1 1730 1745 1813 5732 5733 5734
1596 9 2 1 1 764 763 813 5735 5736 5395
1597 9 2 1 1 1392 1305 1594 5737 4525 4997
1598 9 2 1 1 1114 999 2295 5738 5739 5740
1599 9 2 1 1 1596 1334 1597 5251 5741 5352
1600 9 2 1 1 1398 1648 1649 5742 5743 4009
1601 9 2 1 1 1219 1138 1220 5744 5334 5745
1602 9 2 1 1 2226 1115 2325 5746 5747 5748
1603 9 2 1 1 1288 1643 1644 5749 5750 4892
1604 9 2 1 1 735 756 757 5288 5423 5751
1605 9 2 1 1 1399 925 2513 5752 5753 5754
1606 9 2 1 1 1122 991 2282 5232 4736 5755
1607 9 2 1 1 1012 1233 1407 5756 5757 5683
1608 9 2 1 1 1342 1280 2101 5758 5053 5759
1609 9 2 1 1 999 1128 2295 5760 5761 5739
1610 9 2 1 1 142 143 2127 192 4991 5762
1611 9 2 1 1 2303 1041 2424 4531 5240 5763
1612 9 2 1 1 1215 1250 1401 5764 5765 5766
1613 9 2 1 1 1147 1348 2423 5767 5768 5769
1614 9 2 1 1 2152 1043 2155 5116 5770 5771
1615 9 2 1 1 218 219 1017 262 4659 4835
1616 9 2 1 1 2109 2108 2110 5772 5773 5774
1617 9 2 1 1 333 1460 2115 5775 5453 5776
1618 9 2 1 1 2139 2138 2140 5509 5777 5505
1619 9 2 1 1 1656 1243 2254 5778 5779 4876
1620 9 2 1 1 2189 1667 2190 5780 5781 4570
1621 9 2 1 1 599 39 2050 4974 5782 2992
1622 9 2 1 1 759 815 2112 5783 5463 5784
1623 9 2 1 1 1385 1387 1471 5785 5786 5787
1624 9 2 1 1 1437 1436 2075 5788 5789 4921
1625 9 2 1 1 766 869 870 5348 5381 5790
1626 9 2 1 1 980 948 981 5791 5442 5792
1627 9 2 1 1 1513 1674 2045 5793 5794 4783
1628 9 2 1 1 1925 1924 1926 5582 5795 5796
1629 9 2 1 1 2234 1131 2235 5797 4136 5798
1630 9 2 1 1 812 748 818 5799 5457 5680
1631 9 2 1 1 2136 2134 2138 5479 5073 5508
1632 9 2 1 1 1243 787 2254 5800 5801 5779
1633 9 2 1 1 228 229 571 272 5802 4979
1634 9 2 1 1 1118 1117 1119 5803 5804 5805
1635 9 2 1 1 204 205 658 248 5806 5807
1636 9 2 1 1 814 813 876 5396 5808 5393
1637 9 2 1 1 947 1139 2402 5809 4694 5069
1638 9 2 1 1 1026 1243 1244 5810 5811 5812
1639 9 2 1 1 1652 1395 2274 5813 5814 4953
1640 9 2 1 1 129 594 2241 5815 5816 5817
1641 9 2 1 1 1415 1798 2174 5818 3172 5819
1642 9 2 1 1 1806 1446 2270 5820 5821 5822
1643 9 2 1 1 1581 1633 1634 5823 5824 5825
1644 9 2 1 1 793 953 2202 5826 5062 5827
1645 9 2 1 1 869 875 954 5828 5829 5521
1646 9 2 1 1 1581 1580 1633 5830 5831 5823
1647 9 2 1 1 1644 1726 1788 5832 5833 5834
1648 9 2 1 1 1049 2247 2248 5835 5836 5837
1649 9 2 1 1 1244 1243 1245 5811 5838 5706
1650 9 2 1 1 917 2200 2416 5533 4941 5839
1651 9 2 1 1 783 784 785 5840 5841 5280
1652 9 2 1 1 1045 2224 2225 5515 5842 5843
1653 9 2 1 1 2463 1539 2488 5844 5845 5846
1654 9 2 1 1 1411 2275 2345 5847 5654 5848
1655 9 2 1 1 924 926 928 5849 5850 5851
1656 9 2 1 1 1471 1472 1825 5852 5336 5853
1657 9 2 1 1 644 672 2063 4861 5628 5854
1658 9 2 1 1 842 843 2201 5855 5856 5857
1659 9 2 1 1 1037 142 2127 5858 5762 5703
1660 9 2 1 1 50 51 704 94 4540 5859
1661 9 2 1 1 2009 2010 2126 5368 5498 5860
1662 9 2 1 1 1638 2046 2285 4335 4817 5350
1663 9 2 1 1 39 40 2050 83 4886 5782
1664 9 2 1 1 2136 2139 2146 5510 5861 5587
1665 9 2 1 1 684 1198 2178 5862 5661 5863
1666 9 2 1 1 930 929 2153 5864 5345 4026
1667 9 2 1 1 2255 591 2256 5865 5866 5867
1668 9 2 1 1 1689 1314 2204 5868 5869 5870
1669 9 2 1 1 1228 1485 1832 5871 5872 4714
1670 9 2 1 1 1579 1580 1581 5873 5830 5874
1671 9 2 1 1 1092 1095 2264 5875 5034 5876
1672 9 2 1 1 737 763 764 5877 5735 5878
1673 9 2 1 1 966 889 2402 5879 5070 5133
1674 9 2 1 1 1145 1285 1286 5880 5881 5882
1675 9 2 1 1 632 650 2182 5883 5884 5634
1676 9 2 1 1 1216 1279 2184 5885 5694 5302
1677 9 2 1 1 2135 2136 2137 5480 5586 5886
1678 9 2 1 1 2108 2107 2111 5547 4874 5887
1679 9 2 1 1 333 334 1460 383 5888 5775
1680 9 2 1 1 2454 1904 2462 5889 4329 5890
1681 9 2 1 1 2010 2013 2014 5146 3555 5497
1682 9 2 1 1 735 757 768 5751 5669 5891
1683 9 2 1 1 1629 1420 2068 5892 4514 5893
1684 9 2 1 1 781 769 782 5537 4948 5618
1685 9 2 1 1 809 1515 2162 5894 5895 5896
1686 9 2 1 1 2007 2008 2009 5541 5367 5897
1687 9 2 1 1 325 555 2133 5898 5648 5899
1688 9 2 1 1 1634 1633 1821 5824 5900 4054
1689 9 2 1 1 2194 2276 2277 5901 5902 5903
1690 9 2 1 1 564 26 2124 5904 5905 5906
1691 9 2 1 1 41 42 2083 85 5560 5907
1692 9 2 1 1 329 656 2149 5908 5909 5910
1693 9 2 1 1 849 2283 2284 5911 5520 5912
1694 9 2 1 1 1706 1741 1759 5568 5271 5913
1695 9 2 1 1 795 797 2169 5914 5718 5915
1696 9 2 1 1 856 855 857 5916 5917 5918
1697 9 2 1 1 327 1126 2147 5919 3089 5920
1698 9 2 1 1 1145 1286 2076 5882 5921 4958
1699 9 2 1 1 1395 1366 2274 5922 5923 5814
1700 9 2 1 1 941 940 987 5674 5924 5640
1701 9 2 1 1 582 225 2069 5020 5925 5926
1702 9 2 1 1 1215 1216 1250 5927 5301 5764
1703 9 2 1 1 146 147 2041 196 5135 4816
1704 9 2 1 1 1472 1474 2165 5928 5929 5337
1705 9 2 1 1 734 701 1248 5028 4711 5930
1706 9 2 1 1 1471 1825 1830 5853 3798 5931
1707 9 2 1 1 1125 994 2347 5932 5933 5934
1708 9 2 1 1 1080 2188 2498 5400 5935 5055
1709 9 2 1 1 606 598 607 5936 4883 5434
1710 9 2 1 1 583 318 2223 5937 5938 3191
1711 9 2 1 1 2265 2267 2268 5939 4720 5493
1712 9 2 1 1 928 926 975 5850 5940 5941
1713 9 2 1 1 737 764 2052 5878 5193 5942
1714 9 2 1 1 1121 1119 1287 5943 5944 5945
1715 9 2 1 1 785 787 1026 5946 5947 5000
1716 9 2 1 1 1579 1578 1580 5948 5949 5873
1717 9 2 1 1 321 567 2154 5950 5951 5952
1718 9 2 1 1 1246 1121 1247 5953 5954 4986
1719 9 2 1 1 1476 1478 2161 5955 5956 5283
1720 9 2 1 1 1130 1000 2185 5957 5216 5958
1721 9 2 1 1 227 228 2099 271 4981 5959
1722 9 2 1 1 1334 1168 2388 5599 5960 5961
1723 9 2 1 1 1120 1119 1121 5962 5943 5963
1724 9 2 1 1 909 907 950 5365 5964 4472
1725 9 2 1 1 1499 1497 1501 5359 5965 4903
1726 9 2 1 1 1730 1634 1745 5966 3781 5732
1727 9 2 1 1 1644 1788 2034 5834 5524 5064
1728 9 2 1 1 848 849 2284 5967 5912 5108
1729 9 2 1 1 1699 1356 2245 5968 5969 5722
1730 9 2 1 1 877 876 906 5394 5970 5489
1731 9 2 1 1 1026 787 1243 5947 5800 5810
1732 9 2 1 1 849 851 2283 5971 5972 5911
1733 9 2 1 1 225 226 2069 269 4930 5925
1734 9 2 1 1 1724 1342 1746 5973 5974 5975
1735 9 2 1 1 797 799 2171 5976 5258 5719
1736 9 2 1 1 1117 1116 1288 5710 5977 5432
1737 9 2 1 1 2295 2296 2420 5978 5979 5980
1738 9 2 1 1 238 1015 2085 5981 5169 4916
1739 9 2 1 1 106 1066 2300 5982 5983 5058
1740 9 2 1 1 560 2108 2109 5548 5772 5096
1741 9 2 1 1 964 1115 2226 5984 5746 5985
1742 9 2 1 1 1727 1748 1815 5986 5987 5988
1743 9 2 1 1 945 1074 2200 5989 5990 5532
1744 9 2 1 1 2089 1401 2090 5991 5992 4746
1745 9 2 1 1 2257 1263 2258 5993 5994 5644
1746 9 2 1 1 1106 2660 2668 5995 5996 5997
1747 9 2 1 1 1578 2159 2233 5998 4748 5999
1748 9 2 1 1 1429 1699 2177 6000 6001 6002
1749 9 2 1 1 1132 880 2176 6003 5595 6004
1750 9 2 1 1 47 48 556 91 6005 6006
1751 9 2 1 1 1848 1600 1849 5103 6007 6008
1752 9 2 1 1 143 144 655 193 5099 4989
1753 9 2 1 1 1049 124 2247 6009 6010 5835
1754 9 2 1 1 240 241 1458 284 6011 5441
1755 9 2 1 1 1538 2390 2534 6012 6013 4255
1756 9 2 1 1 1917 1915 1920 4662 6014 6015
1757 9 2 1 1 615 604 2407 6016 6017 6018
1758 9 2 1 1 1644 1643 1726 5750 6019 5832
1759 9 2 1 1 1280 1159 1281 6020 6021 5051
1760 9 2 1 1 1279 1570 1571 6022 6023 5692
1761 9 2 1 1 1925 1926 1931 5796 6024 3926
1762 9 2 1 1 988 987 1116 5641 6025 5709
1763 9 2 1 1 988 1117 1118 5711 5803 4935
1764 9 2 1 1 1573 1328 1574 6026 4674 3942
1765 9 2 1 1 489 579 2242 6027 2985 6028
1766 9 2 1 1 1021 235 2043 6029 4915 6030
1767 9 2 1 1 1656 2408 2411 5670 6031 6032
1768 9 2 1 1 321 322 567 371 5164 5950
1769 9 2 1 1 1223 1436 1437 5474 5788 6033
1770 9 2 1 1 1154 2487 2501 6034 5623 6035
1771 9 2 1 1 970 1147 1539 6036 6037 6038
1772 9 2 1 1 894 931 932 6039 6040 5549
1773 9 2 1 1 25 564 2224 6041 6042 5590
1774 9 2 1 1 325 326 555 375 5219 5898
1775 9 2 1 1 826 1131 2234 6043 5797 6044
1776 9 2 1 1 1309 1130 2185 6045 5958 6046
1777 9 2 1 1 1003 1148 1204 6047 3424 6048
1778 9 2 1 1 1931 1926 1932 6024 6049 6050
1779 9 2 1 1 102 103 1016 152 5629 6051
1780 9 2 1 1 329 330 656 379 4723 5908
1781 9 2 1 1 1385 1245 1387 5707 6052 5785
1782 9 2 1 1 1513 1558 1674 6053 6054 5793
1783 9 2 1 1 1090 1092 2262 6055 6056 6057
1784 9 2 1 1 672 702 1491 4896 5675 5627
1785 9 2 1 1 961 960 2388 5466 4305 6058
1786 9 2 1 1 308 590 2243 6059 6060 6061
1787 9 2 1 1 1400 1032 2281 6062 6063 6064
1788 9 2 1 1 1670 1394 2105 6065 5488 6066
1789 9 2 1 1 1577 1578 1579 6067 5948 6068
1790 9 2 1 1 1135 1215 2089 6069 6070 5163
1791 9 2 1 1 1577 1292 1578 6071 6072 6067
1792 9 2 1 1 932 1007 1008 6073 3952 6074
1793 9 2 1 1 1031 1203 2292 6075 6076 6077
1794 9 2 1 1 127 1048 2269 6078 6079 6080
1795 9 2 1 1 553 22 2272 6081 6082 6083
1796 9 2 1 1 1286 1285 1343 5881 6084 5372
1797 9 2 1 1 145 146 1035 195 4815 5688
1798 9 2 1 1 565 212 1965 4479 5459 6085
1799 9 2 1 1 1033 1008 1034 6086 3810 6087
1800 9 2 1 1 1175 1424 2323 6088 6089 6090
1801 9 2 1 1 1894 1893 1895 4838 4219 6091
1802 9 2 1 1 1252 2320 2450 6092 6093 6094
1803 9 2 1 1 783 782 784 5619 6095 5840
1804 9 2 1 1 1724 1746 1812 5975 6096 6097
1805 9 2 1 1 1182 1265 1513 6098 6099 5427
1806 9 2 1 1 1420 1132 2176 6100 6004 6101
1807 9 2 1 1 1994 2095 2499 4560 6102 6103
1808 9 2 1 1 331 1040 2121 6104 6105 5003
1809 9 2 1 1 1220 1222 1223 5314 5473 6106
1810 9 2 1 1 1007 1241 1242 6107 6108 3832
1811 9 2 1 1 1088 1263 2257 6109 5993 6110
1812 9 2 1 1 2265 1267 2266 5199 6111 6112
1813 9 2 1 1 1932 1926 1933 6049 6113 6114
1814 9 2 1 1 2001 2003 2004 4738 5678 6115
1815 9 2 1 1 739 765 766 6116 5346 3445
1816 9 2 1 1 928 975 1767 5941 3000 6117
1817 9 2 1 1 994 942 2347 6118 6119 5933
1818 9 2 1 1 1036 2166 2167 6120 6121 4072
1819 9 2 1 1 1640 1394 1670 6122 6065 6123
1820 9 2 1 1 1436 2060 2075 5299 6124 5789
1821 9 2 1 1 1696 1511 1742 6125 6126 6127
1822 9 2 1 1 1454 1781 2270 6128 6129 6130
1823 9 2 1 1 862 861 863 6131 6132 6133
1824 9 2 1 1 1640 1670 2216 6123 4587 6134
1825 9 2 1 1 819 820 957 6135 6136 6137
1826 9 2 1 1 1832 1485 1858 5872 3986 3911
1827 9 2 1 1 207 208 554 251 6138 6139
1828 9 2 1 1 1027 1192 2286 6140 6141 4653
1829 9 2 1 1 1228 1034 1485 6142 4068 5871
1830 9 2 1 1 932 931 1007 6040 6143 6073
1831 9 2 1 1 647 868 2376 6144 6145 6146
1832 9 2 1 1 1032 1030 2281 6147 6148 6063
1833 9 2 1 1 565 1967 2432 6149 6150 5089
1834 9 2 1 1 1203 1645 2292 6151 4390 6076
1835 9 2 1 1 1670 2105 2106 6066 6152 4060
1836 9 2 1 1 953 2169 2170 6153 6154 4555
1837 9 2 1 1 1446 1322 2270 6155 6156 5821
1838 9 2 1 1 674 676 692 6157 4862 4399
1839 9 2 1 1 1537 1167 2530 6158 6159 6160
1840 9 2 1 1 1582 1330 2293 6161 5261 6162
1841 9 2 1 1 312 591 2255 6163 5865 6164
1842 9 2 1 1 1000 921 1065 6165 6166 5214
1843 9 2 1 1 1018 961 1019 6167 5243 6168
1844 9 2 1 1 617 644 2063 5175 5854 4511
1845 9 2 1 1 650 684 2178 6169 5863 6170
1846 9 2 1 1 2194 1262 2276 6171 6172 5901
1847 9 2 1 1 301 662 2287 6173 6174 6175
1848 9 2 1 1 676 678 2066 6176 6177 4863
1849 9 2 1 1 1161 1034 1228 6178 6142 6179
1850 9 2 1 1 678 2052 2066 6180 6181 6177
1851 9 2 1 1 1192 1421 1422 6182 6183 6184
1852 9 2 1 1 1717 2443 2498 6185 5056 5148
1853 9 2 1 1 2408 1658 2411 4424 6186 6031
1854 9 2 1 1 873 872 874 6187 5369 6188
1855 9 2 1 1 885 929 930 5408 5864 6189
1856 9 2 1 1 1307 1132 1420 6190 6100 6191
1857 9 2 1 1 730 759 2350 6192 6193 5171
1858 9 2 1 1 785 786 787 6194 6195 5946
1859 9 2 1 1 1526 1524 2299 6196 5602 6197
1860 9 2 1 1 757 776 2079 5425 6198 4977
1861 9 2 1 1 791 793 2202 6199 5827 5552
1862 9 2 1 1 854 853 855 6200 6201 6202
1863 9 2 1 1 2320 1662 2450 6203 6204 6093
1864 9 2 1 1 8 427 592 429 4854 6205
1865 9 2 1 1 894 811 931 6206 6207 6039
1866 9 2 1 1 2056 2055 2057 5322 3227 6208
1867 9 2 1 1 327 328 1126 377 5284 5919
1868 9 2 1 1 141 142 1037 191 5858 5418
1869 9 2 1 1 2030 596 2250 6209 5343 5142
1870 9 2 1 1 952 979 1506 6210 4931 5071
1871 9 2 1 1 662 302 2291 6211 6212 2979
1872 9 2 1 1 763 812 2486 6213 6214 6215
1873 9 2 1 1 886 809 2162 6216 5896 6217
1874 9 2 1 1 854 855 856 6202 5916 6218
1875 9 2 1 1 931 811 2278 6207 5185 6219
1876 9 2 1 1 1416 1221 1503 5275 6220 5565
1877 9 2 1 1 1518 1991 2342 6221 4768 6222
1878 9 2 1 1 817 898 2239 6223 5605 6224
1879 9 2 1 1 560 233 2107 5308 5543 5546
1880 9 2 1 1 943 1003 2219 6225 6226 5573
1881 9 2 1 1 571 229 2151 5802 5061 6227
1882 9 2 1 1 323 324 1155 373 5276 6228
1883 9 2 1 1 1866 1865 1867 6229 3301 6230
1884 9 2 1 1 2236 2235 2237 6231 4127 4528
1885 9 2 1 1 2234 2236 2238 6232 5223 6233
1886 9 2 1 1 871 870 872 6234 6235 6236
1887 9 2 1 1 684 727 1198 6237 4139 5862
1888 9 2 1 1 828 830 2183 6238 5120 6239
1889 9 2 1 1 1042 848 1234 6240 5107 6241
1890 9 2 1 1 1065 921 2344 6166 6242 6243
1891 9 2 1 1 1047 775 2273 6244 6245 6246
1892 9 2 1 1 826 828 1131 6247 6248 6043
1893 9 2 1 1 708 689 711 6249 5464 6250
1894 9 2 1 1 1471 1387 1472 5786 6251 5852
1895 9 2 1 1 2205 1435 2206 6252 6253 6254
1896 9 2 1 1 1450 1689 1778 6255 6256 5228
1897 9 2 1 1 1235 1234 1236 6257 6258 6259
1898 9 2 1 1 1474 1824 2165 6260 3785 5929
1899 9 2 1 1 1235 1236 1237 6259 6261 6262
1900 9 2 1 1 331 332 1040 381 5201 6104
1901 9 2 1 1 1042 1234 1235 6241 6257 6263
1902 9 2 1 1 1275 2528 2663 6264 6265 6266
1903 9 2 1 1 1511 1451 2156 6267 5539 6268
1904 9 2 1 1 1495 1428 1690 5410 6269 5516
1905 9 2 1 1 1480 1482 2181 6270 5579 6271
1906 9 2 1 1 793 795 953 6272 6273 5826
1907 9 2 1 1 1153 972 2328 6274 6275 6276
1908 9 2 1 1 669 638 1514 6277 6278 6279
1909 9 2 1 1 1431 1342 1724 6280 5973 6281
1910 9 2 1 1 889 946 947 5403 5725 5068
1911 9 2 1 1 1135 1214 1215 6282 6283 6069
1912 9 2 1 1 2245 1629 2246 6284 6285 5723
1913 9 2 1 1 856 857 2240 5918 6286 6287
1914 9 2 1 1 1646 1806 1807 6288 3233 6289
1915 9 2 1 1 689 669 2188 6290 6291 5465
1916 9 2 1 1 1118 1119 1120 5805 5962 6292
1917 9 2 1 1 925 866 2513 5311 6293 5753
1918 9 2 1 1 1237 1236 1347 6261 6294 6295
1919 9 2 1 1 2228 2198 2229 6296 6297 4824
1920 9 2 1 1 2199 2198 2228 6298 6296 6299
1921 9 2 1 1 676 675 677 6300 5362 6301
1922 9 2 1 1 864 2384 2517 6302 6303 6304
1923 9 2 1 1 1454 1661 1781 6305 6306 6128
1924 9 2 1 1 563 44 2289 5333 6307 3703
1925 9 2 1 1 1031 1032 1203 6308 6309 6075
1926 9 2 1 1 1406 1101 2459 6310 6311 6312
1927 9 2 1 1 26 27 2124 70 5390 5905
1928 9 2 1 1 865 863 866 6313 6314 6315
1929 9 2 1 1 1273 1269 2218 6316 6317 5686
1930 9 2 1 1 1474 1476 1824 6318 5282 6260
1931 9 2 1 1 1450 1314 1689 6319 5868 6255
1932 9 2 1 1 775 742 2273 6320 6321 6245
1933 9 2 1 1 1237 1347 2204 6295 6322 6323
1934 9 2 1 1 799 801 887 6324 6325 5257
1935 9 2 1 1 824 826 2234 6326 6044 6327
1936 9 2 1 1 1203 1322 1446 6328 6155 6329
1937 9 2 1 1 589 305 2271 6330 6331 3041
1938 9 2 1 1 2051 1667 2189 6332 5780 5198
1939 9 2 1 1 953 795 2169 6273 5915 6153
1940 9 2 1 1 2265 2266 2267 6112 6333 5939
1941 9 2 1 1 1478 1480 1823 6334 6335 6336
1942 9 2 1 1 2113 2454 2462 6337 5890 6338
1943 9 2 1 1 857 858 859 6339 6340 6341
1944 9 2 1 1 122 123 2250 172 6342 5342
1945 9 2 1 1 1899 1640 2216 6343 6134 4081
1946 9 2 1 1 650 2178 2182 6170 6344 5884
1947 9 2 1 1 805 807 2166 6345 5660 6346
1948 9 2 1 1 846 848 1042 6347 6240 6348
1949 9 2 1 1 604 1240 2407 6349 6350 6017
1950 9 2 1 1 654 237 2085 6351 4917 5112
1951 9 2 1 1 1049 2248 2249 5837 6352 6353
1952 9 2 1 1 144 145 2100 194 5690 5100
1953 9 2 1 1 1543 1542 1839 6354 5386 6355
1954 9 2 1 1 1127 41 2083 5067 5907 3097
1955 9 2 1 1 1165 1101 1406 6356 6310 6357
1956 9 2 1 1 803 805 1036 6358 6359 4852
1957 9 2 1 1 1681 1718 1749 6360 6361 6362
1958 9 2 1 1 1030 2240 2281 6363 6364 6148
1959 9 2 1 1 1360 1435 2205 6365 6252 6366
1960 9 2 1 1 642 824 2238 6367 6368 5503
1961 9 2 1 1 1389 1335 1390 6369 5292 6370
1962 9 2 1 1 788 791 2254 6371 5553 6372
1963 9 2 1 1 2234 2235 2236 5798 6231 6232
1964 9 2 1 1 1576 1292 1577 6373 6071 6374
1965 9 2 1 1 1527 1529 2227 6375 5265 6376
1966 9 2 1 1 1791 1582 2293 6377 6162 6378
1967 9 2 1 1 807 809 886 6379 6216 5658
1968 9 2 1 1 1131 828 2183 6248 6239 4436
1969 9 2 1 1 1046 138 2186 6380 6381 6382
1970 9 2 1 1 1007 931 1241 6143 6383 6107
1971 9 2 1 1 1037 2128 2129 5705 3504 5562
1972 9 2 1 1 1203 1032 1322 6309 6384 6328
1973 9 2 1 1 1128 1338 2295 6385 6386 5761
1974 9 2 1 1 765 738 2042 6387 6388 6389
1975 9 2 1 1 957 820 958 6136 6390 6391
1976 9 2 1 1 1314 1237 2204 6392 6323 5869
1977 9 2 1 1 1651 1652 1897 6393 6394 6395
1978 9 2 1 1 2056 2057 2058 6208 6396 6397
1979 9 2 1 1 857 2191 2240 6398 6399 6286
1980 9 2 1 1 1307 1629 2245 6400 6284 6401
1981 9 2 1 1 1482 1484 1822 6402 6403 5578
1982 9 2 1 1 1368 1370 2308 6404 6405 5731
1983 9 2 1 1 1036 805 2166 6359 6346 6120
1984 9 2 1 1 2191 2463 2488 6406 5846 6407
1985 9 2 1 1 616 640 2380 6408 6409 5177
1986 9 2 1 1 566 217 2049 4470 5598 6410
1987 9 2 1 1 1242 1628 1861 6411 3854 3946
1988 9 2 1 1 924 925 926 5312 6412 5849
1989 9 2 1 1 1291 1162 1292 6413 6414 6415
1990 9 2 1 1 1025 227 2099 5098 5959 6416
1991 9 2 1 1 709 691 710 6417 6418 6419
1992 9 2 1 1 832 834 965 6420 4344 6421
1993 9 2 1 1 570 136 2203 6422 6423 6424
1994 9 2 1 1 1029 1030 1031 6425 6426 6427
1995 9 2 1 1 1052 2243 2244 6428 6429 6430
1996 9 2 1 1 319 320 1054 369 5378 6431
1997 9 2 1 1 304 589 2290 6432 6433 6434
1998 9 2 1 1 2313 1625 2314 6435 6436 6437
1999 9 2 1 1 1433 1508 1509 6438 3962 3871
2000 9 2 1 1 1478 1823 2161 6336 3771 5956
2001 9 2 1 1 319 1054 2223 6431 6439 6440
2002 9 2 1 1 630 2182 2317 5635 5182 6441
2003 9 2 1 1 1292 1162 2159 6414 5667 6442
2004 9 2 1 1 1646 1446 1806 6443 5820 6288
2005 9 2 1 1 1934 1932 1935 6444 6445 6446
2006 9 2 1 1 785 784 786 5841 6447 6194
2007 9 2 1 1 1172 1173 1174 6448 6449 3222
2008 9 2 1 1 743 742 773 6450 6451 6452
2009 9 2 1 1 1517 930 1843 6453 3804 6454
2010 9 2 1 1 1031 1030 1032 6426 6147 6308
2011 9 2 1 1 1307 1420 1629 6191 5892 6400
2012 9 2 1 1 1363 1364 1365 6455 6456 6457
2013 9 2 1 1 332 333 2115 382 5776 5202
2014 9 2 1 1 25 26 564 69 5904 6041
2015 9 2 1 1 44 45 2289 88 6458 6307
2016 9 2 1 1 1120 1121 1246 5963 5953 6459
2017 9 2 1 1 1403 2197 2198 5613 6460 6461
2018 9 2 1 1 128 129 2241 178 5817 6462
2019 9 2 1 1 839 842 2540 6463 6464 4575
2020 9 2 1 1 326 327 2147 376 5920 5220
2021 9 2 1 1 633 631 2389 6465 6466 6467
2022 9 2 1 1 1176 1130 1309 6468 6045 6469
2023 9 2 1 1 236 237 654 280 6351 4797
2024 9 2 1 1 1403 2198 2199 6461 6298 6470
2025 9 2 1 1 1302 1300 1303 6471 5522 6472
2026 9 2 1 1 1115 1201 1202 6473 6474 6475
2027 9 2 1 1 234 235 1021 278 6029 5007
2028 9 2 1 1 982 675 2123 5363 6476 4119
2029 9 2 1 1 1242 1241 1423 6108 6477 6478
2030 9 2 1 1 1003 1004 1148 6479 6480 6047
2031 9 2 1 1 2276 2257 2277 6481 5645 5902
2032 9 2 1 1 1029 856 1030 6482 6483 6425
2033 9 2 1 1 1363 1362 1364 6484 6485 6455
2034 9 2 1 1 1078 1082 2192 6486 6487 5656
2035 9 2 1 1 2016 2009 2126 6488 5860 4001
2036 9 2 1 1 1429 1356 1699 6489 5968 6000
2037 9 2 1 1 1726 1747 1814 6490 6491 6492
2038 9 2 1 1 809 810 1515 6493 5468 5894
2039 9 2 1 1 1365 1366 1395 6494 5922 6495
2040 9 2 1 1 1161 1228 1328 6179 4454 6496
2041 9 2 1 1 859 862 2191 6497 6498 6499
2042 9 2 1 1 1626 1319 1770 6500 6501 3002
2043 9 2 1 1 47 556 2163 6006 6502 5081
2044 9 2 1 1 138 139 2186 188 5576 6381
2045 9 2 1 1 678 677 703 6503 4188 6504
2046 9 2 1 1 2121 2120 2122 6505 6506 4643
2047 9 2 1 1 1513 1265 1558 6099 6507 6053
2048 9 2 1 1 929 1397 1398 6508 6509 5344
2049 9 2 1 1 1705 1429 2177 6510 6002 6511
2050 9 2 1 1 21 22 553 65 6081 6512
2051 9 2 1 1 742 705 2273 6513 6514 6321
2052 9 2 1 1 1242 1423 1628 6478 6515 6411
2053 9 2 1 1 1554 1553 1657 6516 6517 6518
2054 9 2 1 1 2193 2194 2195 6519 6520 6521
2055 9 2 1 1 328 329 2149 378 5910 5285
2056 9 2 1 1 2073 2072 2074 6522 6523 4500
2057 9 2 1 1 324 325 2133 374 5899 5277
2058 9 2 1 1 1033 1034 1161 6087 6178 6524
2059 9 2 1 1 1220 1223 2433 6106 6525 6526
2060 9 2 1 1 609 611 2435 6527 6528 6529
2061 9 2 1 1 851 853 854 6530 6200 6531
2062 9 2 1 1 640 2238 2380 5504 5224 6409
2063 9 2 1 1 1931 1932 1934 6050 6444 3949
2064 9 2 1 1 1322 1454 2270 6532 6130 6156
2065 9 2 1 1 1365 1364 1366 6456 6533 6494
2066 9 2 1 1 964 1114 1115 6534 6535 5984
2067 9 2 1 1 819 775 820 6536 6537 6135
2068 9 2 1 1 846 847 848 6538 6539 6347
2069 9 2 1 1 1598 1334 2388 6540 5961 4394
2070 9 2 1 1 2258 2259 2260 6541 6542 6543
2071 9 2 1 1 1545 1404 1664 6544 6545 6546
2072 9 2 1 1 1415 1462 1798 6547 6548 5818
2073 9 2 1 1 1581 1730 2252 6549 6550 6551
2074 9 2 1 1 859 861 862 6552 6131 6497
2075 9 2 1 1 1581 1634 1730 5825 5966 6549
2076 9 2 1 1 2036 561 2037 4532 6553 4678
2077 9 2 1 1 137 138 1046 187 6380 5697
2078 9 2 1 1 868 1094 2376 6554 6555 6145
2079 9 2 1 1 854 856 1029 6218 6482 6556
2080 9 2 1 1 968 892 1041 6557 5238 5241
2081 9 2 1 1 1823 1480 2181 6335 6271 3765
2082 9 2 1 1 1646 1808 2230 6558 6559 6560
2083 9 2 1 1 1863 1865 1866 4994 6229 4191
2084 9 2 1 1 791 792 793 6561 6562 6199
2085 9 2 1 1 1074 2199 2200 6563 6564 5990
2086 9 2 1 1 1174 1175 2323 6565 6090 6566
2087 9 2 1 1 1238 1237 1314 6567 6392 6568
2088 9 2 1 1 1746 1342 2101 5974 5759 6569
2089 9 2 1 1 1645 1446 1646 6570 6443 6571
2090 9 2 1 1 1600 1499 2077 5226 4905 6572
2091 9 2 1 1 591 313 2297 6573 6574 6575
2092 9 2 1 1 839 841 842 6576 6577 6463
2093 9 2 1 1 1366 1368 2274 6578 5730 5923
2094 9 2 1 1 843 846 2201 6579 6580 5856
2095 9 2 1 1 1487 1685 1879 6581 4347 6582
2096 9 2 1 1 1074 1076 2199 6583 6584 6563
2097 9 2 1 1 1048 128 2241 6585 6462 6586
2098 9 2 1 1 135 136 570 185 6422 6587
2099 9 2 1 1 843 845 846 6588 6589 6579
2100 9 2 1 1 1651 1395 1652 6590 5813 6393
2101 9 2 1 1 320 321 2154 370 5952 5379
2102 9 2 1 1 323 1155 2253 6228 5291 6591
2103 9 2 1 1 1322 1400 1454 6592 6593 6532
2104 9 2 1 1 1668 774 2301 6594 6595 6596
2105 9 2 1 1 1315 1314 1450 6597 6319 6598
2106 9 2 1 1 823 889 966 5681 5879 4512
2107 9 2 1 1 2258 1263 2259 5994 6599 6541
2108 9 2 1 1 2006 2005 2007 6600 5540 6601
2109 9 2 1 1 807 808 809 6602 6603 6379
2110 9 2 1 1 139 140 559 189 6604 5575
2111 9 2 1 1 1003 1204 2219 6048 6605 6226
2112 9 2 1 1 1361 1360 1362 6606 6607 6608
2113 9 2 1 1 1373 1374 1553 6609 5615 6610
2114 9 2 1 1 1554 1657 1878 6518 4338 6611
2115 9 2 1 1 737 703 748 6612 4665 6613
2116 9 2 1 1 842 2201 2492 5857 6614 6615
2117 9 2 1 1 1650 1395 1651 6616 6590 6617
2118 9 2 1 1 1175 1337 1424 6618 6619 6088
2119 9 2 1 1 1422 1421 1427 6183 6620 5714
2120 9 2 1 1 893 811 894 6621 6206 6622
2121 9 2 1 1 716 715 717 6623 6624 4695
2122 9 2 1 1 970 1028 1147 6625 6626 6036
2123 9 2 1 1 2251 2442 2530 6627 6628 6629
2124 9 2 1 1 853 1254 2280 6630 6631 6632
2125 9 2 1 1 1030 856 2240 6483 6287 6363
2126 9 2 1 1 857 859 2191 6341 6499 6398
2127 9 2 1 1 2262 1092 2264 6056 5876 6633
2128 9 2 1 1 1128 1206 1338 6634 6635 6385
2129 9 2 1 1 1531 1533 1859 6636 6637 6638
2130 9 2 1 1 2350 2112 2462 6639 6640 4637
2131 9 2 1 1 595 126 2269 6641 6642 6643
2132 9 2 1 1 1941 1937 1942 6644 6645 6646
2133 9 2 1 1 1215 1401 2089 5766 5991 6070
2134 9 2 1 1 1088 1090 1263 6647 6648 6109
2135 9 2 1 1 2192 1262 2193 6649 6650 5665
2136 9 2 1 1 1512 1511 1696 6651 6125 6652
2137 9 2 1 1 824 2234 2238 6327 6233 6368
2138 9 2 1 1 690 667 691 6653 6654 6655
2139 9 2 1 1 1082 1084 1262 6656 6657 6658
2140 9 2 1 1 315 316 1051 365 6659 6660
2141 9 2 1 1 642 646 824 6661 6662 6367
2142 9 2 1 1 1119 1117 2150 5804 5433 6663
2143 9 2 1 1 932 1008 1033 6074 6086 5375
2144 9 2 1 1 132 133 660 182 6664 6665
2145 9 2 1 1 1076 1078 1403 6666 5655 6667
2146 9 2 1 1 694 2542 2551 6668 6669 4719
2147 9 2 1 1 888 818 2096 5331 6670 6671
2148 9 2 1 1 993 1020 1844 6672 3904 4164
2149 9 2 1 1 125 595 2247 6673 6674 6675
2150 9 2 1 1 1380 1153 2328 6676 6276 6677
2151 9 2 1 1 1983 1978 2412 4484 6678 4523
2152 9 2 1 1 136 137 2203 186 5699 6423
2153 9 2 1 1 1050 311 2255 6679 6680 6681
2154 9 2 1 1 793 794 795 6682 6683 6272
2155 9 2 1 1 1697 1696 1738 6684 6685 6686
2156 9 2 1 1 121 122 596 171 5341 5152
2157 9 2 1 1 1262 1084 2276 6657 6687 6172
2158 9 2 1 1 1147 1190 1348 6688 6689 5767
2159 9 2 1 1 929 884 1397 5407 6690 6508
2160 9 2 1 1 1113 1144 1145 6691 6692 4957
2161 9 2 1 1 1271 1269 1273 6693 6316 6694
2162 9 2 1 1 787 788 2254 6695 6372 5801
2163 9 2 1 1 898 964 2226 6696 5985 5604
2164 9 2 1 1 763 748 812 6697 5799 6213
2165 9 2 1 1 1407 1667 2051 5486 6332 5684
2166 9 2 1 1 1504 1415 2174 6698 5819 6699
2167 9 2 1 1 985 894 2251 6700 5550 6701
2168 9 2 1 1 1373 1553 1554 6610 6516 6702
2169 9 2 1 1 1115 1114 1201 6535 6703 6473
2170 9 2 1 1 1052 307 2243 6704 6705 6428
2171 9 2 1 1 1701 1520 1962 6706 6707 6708
2172 9 2 1 1 1374 1377 2309 6709 6710 5616
2173 9 2 1 1 1742 1511 2156 6126 6268 6711
2174 9 2 1 1 306 1052 2271 6712 6713 6714
2175 9 2 1 1 788 790 791 6715 6716 6371
2176 9 2 1 1 1949 1946 1950 6717 6718 6719
2177 9 2 1 1 2066 2052 2510 6181 6720 4411
2178 9 2 1 1 1377 1441 1487 6721 6722 6723
2179 9 2 1 1 773 742 775 6451 6320 6724
2180 9 2 1 1 1086 1088 2257 6725 6110 6726
2181 9 2 1 1 303 2290 2291 6727 3699 6728
2182 9 2 1 1 1489 1392 2302 6729 4999 6730
2183 9 2 1 1 714 713 715 6731 6732 6733
2184 9 2 1 1 1282 1280 1342 6734 5758 6735
2185 9 2 1 1 1082 1262 2192 6658 6649 6487
2186 9 2 1 1 1701 1962 2148 6708 4430 6736
2187 9 2 1 1 869 765 875 5347 6737 5828
2188 9 2 1 1 1192 1422 2286 6184 5657 6141
2189 9 2 1 1 2193 1262 2194 6650 6171 6519
2190 9 2 1 1 859 860 861 6738 6739 6552
2191 9 2 1 1 1236 1655 2220 6740 4497 6741
2192 9 2 1 1 1874 1875 1988 6742 6743 5326
2193 9 2 1 1 1750 1719 1811 5651 6744 6745
2194 9 2 1 1 1884 1883 1885 6746 3307 6747
2195 9 2 1 1 1510 1451 1511 6748 6267 6749
2196 9 2 1 1 1633 1580 1641 5831 6750 6751
2197 9 2 1 1 795 796 797 6752 6753 5914
2198 9 2 1 1 1771 1705 1772 6754 6755 6756
2199 9 2 1 1 1651 1897 2412 6395 4407 6757
2200 9 2 1 1 1571 1570 1719 6023 6758 5650
2201 9 2 1 1 1149 1171 1172 6759 6760 6761
2202 9 2 1 1 125 126 595 175 6641 6673
2203 9 2 1 1 306 307 1052 356 6704 6712
2204 9 2 1 1 815 878 940 6762 6763 5673
2205 9 2 1 1 1361 1362 1363 6608 6484 6764
2206 9 2 1 1 2142 2137 2143 6765 5691 6766
2207 9 2 1 1 308 309 590 358 6767 6059
2208 9 2 1 1 824 825 826 6768 6769 6326
2209 9 2 1 1 635 624 636 6770 6771 6772
2210 9 2 1 1 1152 1278 1415 6773 6774 6775
2211 9 2 1 1 1619 1503 1621 5566 6776 6777
2212 9 2 1 1 1215 1214 1216 6283 6778 5927
2213 9 2 1 1 1413 2022 2023 6779 4840 6780
2214 9 2 1 1 1202 1201 1359 6474 6781 6782
2215 9 2 1 1 2169 2171 2507 5720 4683 6783
2216 9 2 1 1 127 128 1048 177 6585 6078
2217 9 2 1 1 444 443 577 463 6784 4272
2218 9 2 1 1 2258 2260 2261 6543 4878 5499
2219 9 2 1 1 129 130 594 179 6785 5815
2220 9 2 1 1 943 995 1003 6786 6787 6225
2221 9 2 1 1 940 949 2221 6788 5555 6789
2222 9 2 1 1 1370 1372 1373 6790 6791 6792
2223 9 2 1 1 1038 957 1159 6793 6794 6795
2224 9 2 1 1 2335 2333 2336 6796 6797 3303
2225 9 2 1 1 310 311 1050 360 6679 6798
2226 9 2 1 1 2001 2004 2505 6115 6799 6800
2227 9 2 1 1 23 1045 2272 6801 6802 6803
2228 9 2 1 1 714 715 716 6733 6623 6804
2229 9 2 1 1 1160 1159 1280 6805 6020 6806
2230 9 2 1 1 1628 1423 1779 6515 4412 6807
2231 9 2 1 1 1649 1648 2351 5743 6808 3796
2232 9 2 1 1 707 689 708 6809 6249 6810
2233 9 2 1 1 1430 1429 1705 6811 6510 6812
2234 9 2 1 1 1406 2459 2460 6312 6813 6814
2235 9 2 1 1 773 775 819 6724 6536 6815
2236 9 2 1 1 1487 1684 1685 6816 6817 6581
2237 9 2 1 1 2193 2195 2196 6521 5127 5544
2238 9 2 1 1 712 711 713 6818 6819 6820
2239 9 2 1 1 1236 1234 1655 6258 5354 6740
2240 9 2 1 1 2332 1339 2333 6821 6822 6823
2241 9 2 1 1 1881 1883 1884 5589 6746 4237
2242 9 2 1 1 1347 1236 2220 6294 6741 4627
2243 9 2 1 1 1821 1633 2231 5900 6824 3821
2244 9 2 1 1 124 125 2247 174 6675 6010
2245 9 2 1 1 1137 1138 1219 5729 5744 6825
2246 9 2 1 1 2333 1339 2337 6822 5527 6826
2247 9 2 1 1 1560 1561 1686 6827 6828 6829
2248 9 2 1 1 300 301 2287 350 6175 6830
2249 9 2 1 1 733 741 1402 6831 4369 4597
2250 9 2 1 1 296 297 1053 346 6832 6833
2251 9 2 1 1 298 299 569 348 6834 6835
2252 9 2 1 1 301 302 662 351 6211 6173
2253 9 2 1 1 312 313 591 362 6573 6163
2254 9 2 1 1 123 124 1049 173 6009 6836
2255 9 2 1 1 1029 2026 2283 6837 5519 6838
2256 9 2 1 1 1703 1765 2298 6839 6840 5591
2257 9 2 1 1 2205 2206 2322 6254 6841 5624
2258 9 2 1 1 675 673 2123 5716 4567 6476
2259 9 2 1 1 708 711 712 6250 6818 6842
2260 9 2 1 1 906 956 1027 6843 6844 5638
2261 9 2 1 1 1578 1292 2159 6072 6442 5998
2262 9 2 1 1 126 127 2269 176 6080 6642
2263 9 2 1 1 317 318 583 367 5937 6845
2264 9 2 1 1 1076 1403 2199 6667 6470 6584
2265 9 2 1 1 304 305 589 354 6330 6432
2266 9 2 1 1 947 948 980 5726 5791 6846
2267 9 2 1 1 2334 2333 2335 6847 6796 3214
2268 9 2 1 1 294 295 558 344 6848 6849
2269 9 2 1 1 717 933 1152 6850 6851 6852
2270 9 2 1 1 857 855 858 5917 6853 6339
2271 9 2 1 1 873 874 892 6188 6854 6855
2272 9 2 1 1 787 786 788 6195 6856 6695
2273 9 2 1 1 1330 1167 1537 6857 6158 5259
2274 9 2 1 1 1224 1156 1339 6858 6859 6860
2275 9 2 1 1 666 636 667 6861 6862 6863
2276 9 2 1 1 2206 2208 2210 6864 3377 6865
2277 9 2 1 1 2206 2210 2322 6865 3483 6841
2278 9 2 1 1 1366 1367 1368 6866 6867 6578
2279 9 2 1 1 613 614 628 6868 6869 6870
2280 9 2 1 1 678 737 2052 6871 5942 6180
2281 9 2 1 1 1454 1660 1661 6872 6873 6305
2282 9 2 1 1 1472 1473 1474 6874 6875 5928
2283 9 2 1 1 1373 1372 1374 6791 6876 6609
2284 9 2 1 1 797 798 799 6877 6878 5976
2285 9 2 1 1 871 872 873 6236 6187 6879
2286 9 2 1 1 1478 1479 1480 6880 6881 6334
2287 9 2 1 1 313 314 2297 363 6882 6574
2288 9 2 1 1 2200 2199 2228 6564 6299 4939
2289 9 2 1 1 737 748 763 6613 6697 5877
2290 9 2 1 1 307 308 2243 357 6061 6705
2291 9 2 1 1 303 304 2290 353 6434 6727
2292 9 2 1 1 799 800 801 6883 6884 6324
2293 9 2 1 1 613 628 629 6870 6885 6886
2294 9 2 1 1 22 23 2272 66 6803 6082
2295 9 2 1 1 1362 1360 2205 6607 6366 6887
2296 9 2 1 1 688 669 689 6888 6290 6889
2297 9 2 1 1 759 780 815 6890 6891 5783
2298 9 2 1 1 2336 2337 2338 6892 4961 6893
2299 9 2 1 1 1269 1232 2218 6894 6895 6317
2300 9 2 1 1 1646 1807 1808 6289 3166 6558
2301 9 2 1 1 2295 1338 2296 6386 6896 5978
2302 9 2 1 1 1229 1187 1239 5041 6897 4551
2303 9 2 1 1 1284 1273 1669 6898 5685 6899
2304 9 2 1 1 980 981 1137 5792 5727 6900
2305 9 2 1 1 1577 1579 1733 6068 6901 6902
2306 9 2 1 1 678 703 737 6504 6612 6871
2307 9 2 1 1 629 628 664 6885 6903 6904
2308 9 2 1 1 1339 1156 2367 6859 6905 5528
2309 9 2 1 1 394 393 718 413 6906 4162
2310 9 2 1 1 1482 1483 1484 6907 6908 6402
2311 9 2 1 1 801 802 803 6909 6910 6911
2312 9 2 1 1 2078 992 2485 5125 6912 4898
2313 9 2 1 1 602 603 613 6913 6914 6915
2314 9 2 1 1 805 806 807 6916 6917 6345
2315 9 2 1 1 1520 1518 2342 6918 6222 6919
2316 9 2 1 1 1936 1935 1937 6920 6921 6922
2317 9 2 1 1 1700 1520 1701 6923 6706 6924
2318 9 2 1 1 45 1044 2289 6925 6926 6458
2319 9 2 1 1 842 841 843 6577 6927 5855
2320 9 2 1 1 1142 1069 2330 6928 6929 6930
2321 9 2 1 1 1202 1360 1361 6931 6606 6932
2322 9 2 1 1 669 1514 2188 6279 6933 6291
2323 9 2 1 1 803 804 805 6934 6935 6358
2324 9 2 1 1 1152 1415 1504 6775 6698 6936
2325 9 2 1 1 1517 1843 1964 6454 4048 6937
2326 9 2 1 1 826 827 828 6938 6939 6247
2327 9 2 1 1 1185 1411 2345 6940 5848 6941
2328 9 2 1 1 602 613 2340 6915 6942 6943
2329 9 2 1 1 1288 1642 1643 6944 6945 5749
2330 9 2 1 1 817 897 898 6946 6947 6223
2331 9 2 1 1 1356 1308 2245 6948 6949 5969
2332 9 2 1 1 311 312 2255 361 6164 6680
2333 9 2 1 1 406 405 722 425 4668 4654
2334 9 2 1 1 1480 1481 1482 6950 6951 6270
2335 9 2 1 1 1498 1500 1638 5444 4446 5349
2336 9 2 1 1 302 303 2291 352 6728 6212
2337 9 2 1 1 674 675 676 5717 6300 6157
2338 9 2 1 1 1611 1796 1852 6952 6953 4106
2339 9 2 1 1 397 396 719 416 6954 3881
2340 9 2 1 1 403 402 721 422 4489 3913
2341 9 2 1 1 1203 1446 1645 6329 6570 6151
2342 9 2 1 1 318 319 2223 368 6440 5938
2343 9 2 1 1 623 622 624 6955 6956 6957
2344 9 2 1 1 712 713 714 6820 6731 6958
2345 9 2 1 1 1029 1031 2026 6427 6959 6837
2346 9 2 1 1 1202 1359 1360 6782 6960 6931
2347 9 2 1 1 1541 1230 1542 6961 5412 6962
2348 9 2 1 1 650 651 684 6963 6964 6169
2349 9 2 1 1 676 677 678 6301 6503 6176
2350 9 2 1 1 970 1539 2463 6038 5844 6965
2351 9 2 1 1 400 399 720 419 4379 3892
2352 9 2 1 1 1138 981 2461 5728 4692 6966
2353 9 2 1 1 1579 1581 2252 5874 6551 6967
2354 9 2 1 1 2182 2178 2326 6344 6968 5183
2355 9 2 1 1 586 602 1521 6969 6970 4386
2356 9 2 1 1 846 845 847 6589 6971 6538
2357 9 2 1 1 1086 2257 2276 6726 6481 6972
2358 9 2 1 1 1650 1651 1978 6617 6973 6974
2359 9 2 1 1 819 957 1038 6137 6793 6975
2360 9 2 1 1 2026 1031 2292 6959 6077 4609
2361 9 2 1 1 1798 1462 2329 6548 6976 6977
2362 9 2 1 1 828 829 830 6978 6979 6238
2363 9 2 1 1 1027 1143 1192 6980 6981 6140
2364 9 2 1 1 322 323 2253 372 6591 5165
2365 9 2 1 1 1360 1359 1435 6960 6982 6365
2366 9 2 1 1 1898 1640 1899 6983 6343 4130
2367 9 2 1 1 1940 1937 1941 6984 6644 6985
2368 9 2 1 1 1426 1380 1673 6986 6987 6988
2369 9 2 1 1 2176 867 2389 5594 6989 6990
2370 9 2 1 1 713 711 1080 6819 5398 6991
2371 9 2 1 1 1263 1090 2262 6648 6057 6992
2372 9 2 1 1 1732 1582 1791 6993 6377 6994
2373 9 2 1 1 784 782 1081 6095 4785 6995
2374 9 2 1 1 2015 2009 2016 6996 6488 3950
2375 9 2 1 1 511 11 586 512 6997 4404
2376 9 2 1 1 759 2112 2350 5784 6639 6193
2377 9 2 1 1 532 531 723 551 5078 6998
2378 9 2 1 1 1474 1475 1476 6999 7000 6318
2379 9 2 1 1 1476 1477 1478 7001 7002 5955
2380 9 2 1 1 1681 1749 2396 6362 7003 7004
2381 9 2 1 1 717 715 933 6624 7005 6850
2382 9 2 1 1 1633 1641 2231 6751 4281 6824
2383 9 2 1 1 2206 1435 2207 6253 7006 7007
2384 9 2 1 1 1238 1314 1315 6568 6597 7008
2385 9 2 1 1 1494 1496 1957 5530 5558 5636
2386 9 2 1 1 713 1080 2306 6991 7009 7010
2387 9 2 1 1 1152 933 1278 6851 7011 6773
2388 9 2 1 1 1074 1075 1076 7012 7013 6583
2389 9 2 1 1 2407 1240 2489 6350 4856 7014
2390 9 2 1 1 1245 1243 1656 5838 5778 7015
2391 9 2 1 1 1533 1534 1535 7016 7017 4517
2392 9 2 1 1 1411 1560 2275 7018 7019 5847
2393 9 2 1 1 1487 1441 1684 6722 7020 6816
2394 9 2 1 1 1235 1237 1238 6262 6567 7021
2395 9 2 1 1 846 1042 2201 6348 7022 6580
2396 9 2 1 1 893 894 985 6622 6700 7023
2397 9 2 1 1 477 476 588 496 7024 7025
2398 9 2 1 1 1365 1395 1650 6495 6616 7026
2399 9 2 1 1 1271 1273 1283 6694 7027 7028
2400 9 2 1 1 706 705 742 7029 6513 7030
2401 9 2 1 1 1359 1201 1414 6781 7031 7032
2402 9 2 1 1 1368 1369 1370 7033 7034 6404
2403 9 2 1 1 1095 1097 1267 7035 7036 5032
2404 9 2 1 1 2332 2333 2334 6823 6847 7037
2405 9 2 1 1 898 905 964 7038 7039 6696
2406 9 2 1 1 1733 1579 2252 6901 6967 7040
2407 9 2 1 1 1291 1292 1576 6415 6373 7041
2408 9 2 1 1 1645 1646 2230 6571 6560 4732
2409 9 2 1 1 559 140 2288 6604 7042 7043
2410 9 2 1 1 1639 1394 1640 7044 6122 7045
2411 9 2 1 1 1593 2072 2073 4702 6522 5204
2412 9 2 1 1 1998 2000 2019 4813 4311 5077
2413 9 2 1 1 1315 1450 1451 6598 5538 7046
2414 9 2 1 1 830 831 832 7047 7048 7049
2415 9 2 1 1 776 2078 2079 5426 7050 6198
2416 9 2 1 1 809 808 810 6603 7051 6493
2417 9 2 1 1 1088 1089 1090 7052 7053 6647
2418 9 2 1 1 1518 1502 1991 7054 7055 6221
2419 9 2 1 1 1669 2218 2554 5687 7056 7057
2420 9 2 1 1 1082 1083 1084 7058 7059 6656
2421 9 2 1 1 1078 1079 1082 7060 7061 6486
2422 9 2 1 1 684 685 727 7062 7063 6237
2423 9 2 1 1 1086 1087 1088 7064 7065 6725
2424 9 2 1 1 964 999 1114 7066 5738 6534
2425 9 2 1 1 1519 1518 1520 7067 6918 7068
2426 9 2 1 1 1715 1717 1994 7069 5315 7070
2427 9 2 1 1 1313 1142 2330 7071 6930 7072
2428 9 2 1 1 913 1522 2367 7073 5187 7074
2429 9 2 1 1 1945 1944 1946 7075 7076 7077
2430 9 2 1 1 1090 1091 1092 7078 7079 6055
2431 9 2 1 1 1123 1300 1302 5405 6471 7080
2432 9 2 1 1 1524 1489 1595 7081 7082 5600
2433 9 2 1 1 1595 1489 2302 7082 6730 7083
2434 9 2 1 1 1590 1589 1591 7084 7085 7086
2435 9 2 1 1 1357 1356 1429 7087 6489 7088
2436 9 2 1 1 1504 2174 2175 6699 7089 7090
2437 9 2 1 1 683 682 705 7091 7092 7093
2438 9 2 1 1 2305 1537 2530 7094 6160 7095
2439 9 2 1 1 586 587 602 7096 7097 6969
2440 9 2 1 1 1984 1954 1985 7098 7099 7100
2441 9 2 1 1 848 847 849 6539 7101 5967
2442 9 2 1 1 1361 1363 1505 6764 7102 7103
2443 9 2 1 1 2058 2057 2059 6396 7104 7105
2444 9 2 1 1 824 646 825 6662 7106 6768
2445 9 2 1 1 793 792 794 6562 7107 6682
2446 9 2 1 1 1934 1935 1936 6446 6920 7108
2447 9 2 1 1 665 664 682 7109 7110 7111
2448 9 2 1 1 1415 1278 1462 6774 7112 6547
2449 9 2 1 1 679 725 726 7113 7114 7115
2450 9 2 1 1 791 790 792 6716 7116 6561
2451 9 2 1 1 1322 1032 1400 6384 6062 6592
2452 9 2 1 1 1224 1339 2332 6860 6821 7117
2453 9 2 1 1 682 664 1396 7110 7118 7119
2454 9 2 1 1 1076 1077 1078 7120 7121 6666
2455 9 2 1 1 851 854 2283 6531 7122 5972
2456 9 2 1 1 1283 1273 1284 7027 6898 7123
2457 9 2 1 1 1521 602 2340 6970 6943 7124
2458 9 2 1 1 1647 1527 2227 7125 6376 4247
2459 9 2 1 1 1165 1406 2371 6357 7126 7127
2460 9 2 1 1 305 306 2271 355 6714 6331
2461 9 2 1 1 1951 1949 1952 7128 7129 7130
2462 9 2 1 1 1407 1233 1470 5757 7131 5695
2463 9 2 1 1 1749 1718 1810 6361 7132 7133
2464 9 2 1 1 2376 2377 2476 7134 7135 7136
2465 9 2 1 1 668 638 669 7137 6277 7138
2466 9 2 1 1 1405 1404 1545 7139 6544 7140
2467 9 2 1 1 1726 1643 1747 6019 7141 6490
2468 9 2 1 1 2206 2207 2208 7007 3045 6864
2469 9 2 1 1 820 775 1047 6537 6244 7142
2470 9 2 1 1 1525 1527 1647 7143 7125 7144
2471 9 2 1 1 1531 1532 1533 7145 7146 6636
2472 9 2 1 1 1529 1530 1531 7147 7148 7149
2473 9 2 1 1 1370 1371 1372 7150 7151 6790
2474 9 2 1 1 1962 1520 2342 6707 6919 4995
2475 9 2 1 1 1953 1952 1954 7152 7153 7154
2476 9 2 1 1 23 24 1045 67 5513 6801
2477 9 2 1 1 1453 1317 1502 7155 7156 7157
2478 9 2 1 1 1453 1502 1518 7157 7054 7158
2479 9 2 1 1 1943 1941 1944 7159 7160 7161
2480 9 2 1 1 1948 1946 1949 7162 6717 7163
2481 9 2 1 1 2259 2262 2263 7164 7165 7166
2482 9 2 1 1 903 789 1538 7167 7168 4266
2483 9 2 1 1 2336 2333 2337 6797 6826 6892
2484 9 2 1 1 1003 995 1004 6787 7169 6479
2485 9 2 1 1 2442 2305 2530 7170 7095 6628
2486 9 2 1 1 927 1625 2313 7171 6435 7172
2487 9 2 1 1 1116 987 2160 6025 7173 7174
2488 9 2 1 1 1343 1285 2477 6084 7175 7176
2489 9 2 1 1 1317 1143 2346 7177 7178 7179
2490 9 2 1 1 1084 1085 1086 7180 7181 7182
2491 9 2 1 1 1366 1364 1367 6533 7183 6866
2492 9 2 1 1 751 771 934 7184 7185 5167
2493 9 2 1 1 1462 1712 2329 7186 7187 6976
2494 9 2 1 1 1092 1093 1095 7188 7189 5875
2495 9 2 1 1 1148 1004 1149 6480 7190 7191
2496 9 2 1 1 638 615 2407 7192 6018 7193
2497 9 2 1 1 1423 1241 1654 6477 7194 4850
2498 9 2 1 1 695 2261 2596 4584 4880 7195
2499 9 2 1 1 1404 1125 2347 7196 5934 7197
2500 9 2 1 1 140 141 2288 190 5420 7042
2501 9 2 1 1 762 817 2239 7198 6224 7199
2502 9 2 1 1 774 773 2301 7200 7201 6595
2503 9 2 1 1 1235 1238 2294 7021 7202 7203
2504 9 2 1 1 1986 1985 1987 7204 7205 7206
2505 9 2 1 1 727 728 1493 7207 5483 4507
2506 9 2 1 1 1430 1705 1771 6812 6754 7208
2507 9 2 1 1 867 633 2389 7209 6467 6989
2508 9 2 1 1 945 1006 1074 7210 7211 5989
2509 9 2 1 1 706 742 743 7030 6450 7212
2510 9 2 1 1 1252 1346 2320 7213 7214 6092
2511 9 2 1 1 8 592 593 6205 7215 7216
2512 9 2 1 1 1393 1246 1394 7217 5487 7218
2513 9 2 1 1 1370 1373 2308 6792 7219 6405
2514 9 2 1 1 854 1029 2283 6556 6838 7122
2515 9 2 1 1 123 1049 2250 6836 7220 6342
2516 9 2 1 1 1362 2205 2331 6887 5626 7221
2517 9 2 1 1 795 794 796 6683 7222 6752
2518 9 2 1 1 1308 1307 2245 7223 6401 6949
2519 9 2 1 1 832 833 834 7224 7225 6420
2520 9 2 1 1 834 836 837 7226 7227 4620
2521 9 2 1 1 2178 2179 2326 5662 4205 6968
2522 9 2 1 1 949 1112 1113 7228 7229 5554
2523 9 2 1 1 632 634 650 7230 7231 5883
2524 9 2 1 1 1701 2148 2369 6736 4476 7232
2525 9 2 1 1 964 905 999 7039 7233 7066
2526 9 2 1 1 1673 1380 2328 6987 6677 7234
2527 9 2 1 1 1601 1335 2125 5293 5111 7235
2528 9 2 1 1 15 16 883 59 7236 7237
2529 9 2 1 1 730 758 759 7238 7239 6192
2530 9 2 1 1 837 838 839 7240 7241 4574
2531 9 2 1 1 1538 789 2390 7168 7242 6012
2532 9 2 1 1 1168 961 2388 5244 6058 5960
2533 9 2 1 1 1411 1412 1560 7243 7244 7018
2534 9 2 1 1 1388 774 1668 7245 6594 7246
2535 9 2 1 1 1194 1383 2509 7247 7248 7249
2536 9 2 1 1 1852 1796 1905 6953 7250 4097
2537 9 2 1 1 1114 2295 2420 5740 5980 7251
2538 9 2 1 1 613 629 2340 6886 7252 6942
2539 9 2 1 1 1355 1308 1356 7253 6948 7254
2540 9 2 1 1 859 858 860 6340 7255 6738
2541 9 2 1 1 1428 1427 2114 5715 5713 7256
2542 9 2 1 1 1185 1295 1411 7257 7258 6940
2543 9 2 1 1 1703 1764 1765 7259 7260 6839
2544 9 2 1 1 766 870 871 5790 6234 3383
2545 9 2 1 1 1288 1116 1642 5977 7261 6944
2546 9 2 1 1 1286 2047 2076 5663 4631 5921
2547 9 2 1 1 915 913 2367 7262 7074 7263
2548 9 2 1 1 1602 1526 2299 7264 6197 7265
2549 9 2 1 1 1993 741 2430 4582 7266 4882
2550 9 2 1 1 743 773 774 6452 7200 7267
2551 9 2 1 1 1084 1086 2276 7182 6972 6687
2552 9 2 1 1 830 832 2374 7049 7268 5121
2553 9 2 1 1 477 588 2312 7025 3801 7269
2554 9 2 1 1 1487 1879 2309 6582 4769 7270
2555 9 2 1 1 1505 1363 2316 7102 7271 4521
2556 9 2 1 1 1373 1554 2308 6702 7272 7219
2557 9 2 1 1 1700 1701 1740 6924 7273 7274
2558 9 2 1 1 1900 1545 1902 7275 7276 4121
2559 9 2 1 1 611 626 2435 7277 7278 6528
2560 9 2 1 1 1374 1376 1377 7279 7280 6709
2561 9 2 1 1 1182 1183 1265 7281 7282 6098
2562 9 2 1 1 1368 1367 1369 6867 7283 7033
2563 9 2 1 1 1454 1400 1660 6593 7284 6872
2564 9 2 1 1 2131 2130 2132 4902 5019 4278
2565 9 2 1 1 2113 1118 2454 4936 7285 6337
2566 9 2 1 1 2155 1043 2343 5770 7286 5043
2567 9 2 1 1 805 804 806 6935 7287 6916
2568 9 2 1 1 1062 478 2312 7288 7289 3793
2569 9 2 1 1 801 800 802 6884 7290 6909
2570 9 2 1 1 1431 1724 1787 6281 7291 7292
2571 9 2 1 1 797 796 798 6753 7293 6877
2572 9 2 1 1 1174 1173 1175 6449 7294 6565
2573 9 2 1 1 1462 1463 1712 7295 7296 7186
2574 9 2 1 1 490 489 2242 509 6028 7297
2575 9 2 1 1 2042 738 2319 6388 7298 7299
2576 9 2 1 1 1194 1341 1383 7300 7301 7247
2577 9 2 1 1 209 210 1056 253 7302 7303
2578 9 2 1 1 1936 1937 1940 6922 6984 7304
2579 9 2 1 1 1287 1119 2150 5944 6663 4946
2580 9 2 1 1 1433 1301 1508 5448 7305 6438
2581 9 2 1 1 1519 1520 1700 7068 6923 7306
2582 9 2 1 1 799 798 800 6878 7307 6883
2583 9 2 1 1 1225 1224 1323 7308 7309 3150
2584 9 2 1 1 1192 1316 1421 7310 3022 6182
2585 9 2 1 1 1282 1342 1431 6735 6280 7311
2586 9 2 1 1 1558 1562 1683 7312 7313 7314
2587 9 2 1 1 1697 1738 1739 6686 7315 7316
2588 9 2 1 1 1042 1235 2294 6263 7203 7317
2589 9 2 1 1 1377 1440 1441 7318 7319 6721
2590 9 2 1 1 807 806 808 6917 7320 6602
2591 9 2 1 1 1094 1340 1552 7321 7322 7323
2592 9 2 1 1 1512 1696 1697 6652 6684 7324
2593 9 2 1 1 2503 1199 2521 7325 7326 7327
2594 9 2 1 1 1377 1487 2309 6723 7270 6710
2595 9 2 1 1 973 1193 1194 7328 7329 7330
2596 9 2 1 1 1548 2503 2521 7331 7327 7332
2597 9 2 1 1 1502 1317 2346 7156 7179 7333
2598 9 2 1 1 839 840 841 7334 7335 6576
2599 9 2 1 1 1078 1077 1079 7121 7336 7060
2600 9 2 1 1 1510 1511 1512 6749 6651 7337
2601 9 2 1 1 998 880 1132 7338 6003 7339
2602 9 2 1 1 2259 1263 2262 6599 6992 7164
2603 9 2 1 1 1370 1369 1371 7034 3374 7150
2604 9 2 1 1 803 802 804 6910 7340 6934
2605 9 2 1 1 735 768 2222 5891 3888 7341
2606 9 2 1 1 1095 1093 1096 7189 7342 7343
2607 9 2 1 1 2240 2191 2488 6399 6407 7344
2608 9 2 1 1 1206 1289 1352 7345 7346 7347
2609 9 2 1 1 1559 1165 2371 7348 7127 7349
2610 9 2 1 1 1539 1147 2423 6037 5769 7350
2611 9 2 1 1 1940 1941 1943 6985 7159 3970
2612 9 2 1 1 770 890 2410 7351 7352 7353
2613 9 2 1 1 1297 1125 1404 7354 7196 7355
2614 9 2 1 1 1323 1224 2332 7309 7117 7356
2615 9 2 1 1 1554 1878 2065 6611 4773 7357
2616 9 2 1 1 826 825 827 6769 7358 6938
2617 9 2 1 1 851 852 853 7359 7360 6530
2618 9 2 1 1 479 478 1062 498 7288 7361
2619 9 2 1 1 910 961 1018 5467 6167 7362
2620 9 2 1 1 976 915 1156 7363 7364 7365
2621 9 2 1 1 1088 1087 1089 7065 7366 7052
2622 9 2 1 1 1172 1171 1173 6760 7367 6448
2623 9 2 1 1 1597 1598 1599 7368 4196 4095
2624 9 2 1 1 1143 956 2346 7369 7370 7178
2625 9 2 1 1 1133 1132 1307 7371 6190 7372
2626 9 2 1 1 1252 1345 1346 7373 7374 7213
2627 9 2 1 1 1452 1317 1453 7375 7155 7376
2628 9 2 1 1 1953 1954 1984 7154 7098 7377
2629 9 2 1 1 971 888 2096 5446 6671 3975
2630 9 2 1 1 1527 1528 1529 7378 7379 6375
2631 9 2 1 1 1535 1534 1536 7017 7380 4123
2632 9 2 1 1 843 844 845 7381 7382 6588
2633 9 2 1 1 830 829 831 6979 7383 7047
2634 9 2 1 1 1038 1159 1160 6795 6805 7384
2635 9 2 1 1 828 827 829 6939 7385 6978
2636 9 2 1 1 1580 1578 2233 5949 5999 7386
2637 9 2 1 1 1086 1085 1087 7181 7387 7064
2638 9 2 1 1 2201 1042 2294 7022 7317 7388
2639 9 2 1 1 967 892 968 7389 6557 7390
2640 9 2 1 1 1223 1438 2433 7391 7392 6525
2641 9 2 1 1 1270 1269 1271 7393 6693 7394
2642 9 2 1 1 1945 1946 1948 7077 7162 7395
2643 9 2 1 1 629 1178 2340 7396 7397 7252
2644 9 2 1 1 1426 1673 1675 6988 7398 7399
2645 9 2 1 1 1076 1075 1077 7013 7400 7120
2646 9 2 1 1 1445 1799 1800 7401 7402 7403
2647 9 2 1 1 1533 1532 1534 7146 7404 7016
2648 9 2 1 1 1569 1568 1720 7405 7406 7407
2649 9 2 1 1 116 117 2401 166 7408 7409
2650 9 2 1 1 231 232 2343 275 5614 7410
2651 9 2 1 1 1478 1477 1479 7002 7411 6880
2652 9 2 1 1 1365 1650 2316 7026 7412 7413
2653 9 2 1 1 2263 2262 2264 7165 6633 5642
2654 9 2 1 1 1040 2120 2121 5643 6505 6105
2655 9 2 1 1 1084 1083 1085 7059 7414 7180
2656 9 2 1 1 1283 1568 1569 7415 7405 7416
2657 9 2 1 1 1357 1429 1430 7088 6811 7417
2658 9 2 1 1 1453 1518 1519 7158 7067 7418
2659 9 2 1 1 2384 1665 2517 5429 7419 6303
2660 9 2 1 1 1177 1156 1224 7420 6858 7421
2661 9 2 1 1 784 1081 2390 6995 7422 7423
2662 9 2 1 1 687 732 733 7424 7425 4288
2663 9 2 1 1 1554 2065 2308 7357 5647 7272
2664 9 2 1 1 733 736 741 7426 7427 6831
2665 9 2 1 1 1092 1091 1093 7079 7428 7188
2666 9 2 1 1 1241 931 2278 6383 6219 7429
2667 9 2 1 1 1074 1006 1075 7211 7430 7012
2668 9 2 1 1 715 713 2306 6732 7010 7431
2669 9 2 1 1 1474 1473 1475 6875 7432 6999
2670 9 2 1 1 664 628 2317 6903 7433 7434
2671 9 2 1 1 1090 1089 1091 7053 7435 7078
2672 9 2 1 1 1482 1481 1483 6951 7436 6907
2673 9 2 1 1 616 639 640 7437 7438 6408
2674 9 2 1 1 1082 1079 1083 7061 7439 7058
2675 9 2 1 1 954 996 2033 7440 5027 5476
2676 9 2 1 1 927 1456 1625 7441 7442 7171
2677 9 2 1 1 1145 1205 1285 7443 7444 5880
2678 9 2 1 1 1376 1372 2382 7445 7446 7447
2679 9 2 1 1 898 897 905 6947 7448 7038
2680 9 2 1 1 1948 1949 1951 7163 7128 3997
2681 9 2 1 1 1943 1944 1945 7161 7075 7449
2682 9 2 1 1 1374 1372 1376 6876 7445 7279
2683 9 2 1 1 907 906 2157 5490 5639 7450
2684 9 2 1 1 849 850 851 7451 7452 5971
2685 9 2 1 1 1497 1495 2173 5416 5518 7453
2686 9 2 1 1 1049 2249 2250 6353 5143 7220
2687 9 2 1 1 1397 884 2439 6690 7454 7455
2688 9 2 1 1 1472 1387 1473 6251 7456 6874
2689 9 2 1 1 640 641 642 7457 7458 5502
2690 9 2 1 1 1476 1475 1477 7000 7459 7001
2691 9 2 1 1 973 1194 2384 7330 7460 7461
2692 9 2 1 1 709 710 752 6419 7462 7463
2693 9 2 1 1 1027 956 1143 6844 7369 6980
2694 9 2 1 1 2575 2195 2583 5511 7464 5123
2695 9 2 1 1 1291 1576 2327 7041 7465 7466
2696 9 2 1 1 1110 1109 1111 7467 7468 5009
2697 9 2 1 1 1650 1982 2316 7469 4707 7412
2698 9 2 1 1 636 624 2315 6771 7470 7471
2699 9 2 1 1 1438 1437 1706 7472 5567 7473
2700 9 2 1 1 1329 1328 1573 7474 6026 7475
2701 9 2 1 1 593 605 1461 7476 5551 7477
2702 9 2 1 1 2515 902 2536 7478 4058 7479
2703 9 2 1 1 1361 1505 2325 7103 7480 7481
2704 9 2 1 1 478 477 2312 497 7269 7289
2705 9 2 1 1 773 819 2301 6815 7482 7201
2706 9 2 1 1 1984 1985 1986 7100 7204 4034
2707 9 2 1 1 2135 2137 2142 5886 6765 5321
2708 9 2 1 1 933 715 2306 7005 7431 7483
2709 9 2 1 1 1283 1284 1568 7123 7484 7415
2710 9 2 1 1 872 870 2439 6235 4710 7485
2711 9 2 1 1 1529 1531 2398 7149 7486 5266
2712 9 2 1 1 1326 1565 1566 7487 7488 7489
2713 9 2 1 1 117 118 573 167 7490 7491
2714 9 2 1 1 913 911 1522 7492 7493 7073
2715 9 2 1 1 1463 1278 2391 7494 7495 7496
2716 9 2 1 1 1549 753 2307 7497 7498 7499
2717 9 2 1 1 1503 1221 2461 6220 7500 7501
2718 9 2 1 1 1201 1114 2420 6703 7251 7502
2719 9 2 1 1 1275 2527 2528 7503 7504 6264
2720 9 2 1 1 1369 1367 1375 7283 7505 3193
2721 9 2 1 1 1713 1715 1716 7506 7507 7508
2722 9 2 1 1 1169 1335 1389 5438 6369 7509
2723 9 2 1 1 853 852 1254 7360 7510 6630
2724 9 2 1 1 642 643 646 7511 7512 6661
2725 9 2 1 1 1278 933 2391 7011 7513 7495
2726 9 2 1 1 1405 1545 1900 7140 7275 4104
2727 9 2 1 1 2094 908 2502 4907 7514 7515
2728 9 2 1 1 1070 1195 1252 7516 7517 7518
2729 9 2 1 1 788 789 790 7519 7520 6715
2730 9 2 1 1 1681 1682 1718 7521 7522 6360
2731 9 2 1 1 586 11 587 6997 7523 7096
2732 9 2 1 1 1326 1566 2364 7489 7524 7525
2733 9 2 1 1 1398 1397 1648 6509 7526 5742
2734 9 2 1 1 1480 1479 1481 6881 7527 6950
2735 9 2 1 1 1951 1952 1953 7130 7152 7528
2736 9 2 1 1 832 831 833 7048 7529 7224
2737 9 2 1 1 969 968 1162 7530 5666 7531
2738 9 2 1 1 1157 1325 1326 7532 7533 7534
2739 9 2 1 1 629 664 665 6904 7109 7535
2740 9 2 1 1 1160 1280 1282 6806 6734 7536
2741 9 2 1 1 1525 1526 1527 7537 7538 7143
2742 9 2 1 1 1094 1552 2376 7323 7539 6555
2743 9 2 1 1 1128 1166 1206 7540 7541 6634
2744 9 2 1 1 514 12 693 533 7542 7543
2745 9 2 1 1 1776 1449 1777 7544 7545 7546
2746 9 2 1 1 1396 664 2317 7118 7434 5154
2747 9 2 1 1 679 726 2403 7115 5222 7547
2748 9 2 1 1 1120 1246 1393 6459 7217 7548
2749 9 2 1 1 975 926 2313 5940 7549 7550
2750 9 2 1 1 1519 1700 1744 7306 7551 7552
2751 9 2 1 1 1712 1463 1713 7296 7553 7554
2752 9 2 1 1 520 519 695 539 7555 7556
2753 9 2 1 1 523 522 696 542 7557 7558
2754 9 2 1 1 526 525 697 545 7559 5065
2755 9 2 1 1 517 516 694 536 7560 7561
2756 9 2 1 1 2459 1549 2460 7562 7563 6813
2757 9 2 1 1 1156 915 2367 7364 7263 6905
2758 9 2 1 1 1283 1569 2341 7416 7564 7565
2759 9 2 1 1 1427 1783 1784 7566 7567 5712
2760 9 2 1 1 1720 1568 1786 7406 7568 7569
2761 9 2 1 1 2392 1063 2450 7570 7571 7572
2762 9 2 1 1 885 930 1517 6189 6453 7573
2763 9 2 1 1 1312 1142 1313 7574 7071 7575
2764 9 2 1 1 939 990 1182 7576 7577 7578
2765 9 2 1 1 837 836 838 7227 7579 7240
2766 9 2 1 1 1740 1701 2369 7273 7232 7580
2767 9 2 1 1 1715 1714 1717 7581 7582 7069
2768 9 2 1 1 1378 1219 1516 7583 7584 7585
2769 9 2 1 1 1377 1376 1440 7280 7586 7318
2770 9 2 1 1 694 2196 2569 4718 5129 7587
2771 9 2 1 1 987 940 2221 5924 6789 7588
2772 9 2 1 1 2096 818 2097 6670 5458 4021
2773 9 2 1 1 1531 1530 1532 7148 7589 7145
2774 9 2 1 1 1363 1365 2316 6457 7413 7271
2775 9 2 1 1 1316 1317 1452 7590 7375 3160
2776 9 2 1 1 892 874 2424 6854 7591 5239
2777 9 2 1 1 2004 2005 2006 5679 6600 7592
2778 9 2 1 1 1375 1367 2331 7505 7593 5668
2779 9 2 1 1 1653 1397 2439 7594 7455 4776
2780 9 2 1 1 832 965 2374 6421 4492 7268
2781 9 2 1 1 1462 1278 1463 7112 7494 7295
2782 9 2 1 1 834 833 836 7225 7595 7226
2783 9 2 1 1 1934 1936 1938 7108 7596 3879
2784 9 2 1 1 1565 1564 1721 7597 7598 7599
2785 9 2 1 1 637 615 638 7600 7192 7601
2786 9 2 1 1 726 725 750 7114 7602 7603
2787 9 2 1 1 1566 1565 1567 7488 7604 7605
2788 9 2 1 1 935 937 1199 7606 7607 7608
2789 9 2 1 1 1991 1502 1992 7055 7609 7610
2790 9 2 1 1 2004 2017 2505 7611 4102 6799
2791 9 2 1 1 1977 1601 2125 5534 7235 4487
2792 9 2 1 1 843 841 844 6927 7612 7381
2793 9 2 1 1 905 897 2353 7448 7613 7614
2794 9 2 1 1 1664 1404 2347 6545 7197 7615
2795 9 2 1 1 771 770 2410 7616 7353 7617
2796 9 2 1 1 839 838 840 7241 7618 7334
2797 9 2 1 1 291 292 661 341 7619 7620
2798 9 2 1 1 441 440 2356 460 7621 7622
2799 9 2 1 1 873 892 967 6855 7389 7623
2800 9 2 1 1 1575 1573 1734 7624 3828 7625
2801 9 2 1 1 1558 1265 1562 6507 7626 7312
2802 9 2 1 1 810 942 943 7627 7628 5572
2803 9 2 1 1 1057 1468 1613 7629 7630 7631
2804 9 2 1 1 483 482 1060 502 7632 7633
2805 9 2 1 1 976 1156 1177 7365 7420 7634
2806 9 2 1 1 1372 1371 2382 7151 7635 7446
2807 9 2 1 1 890 983 1068 7636 7637 7638
2808 9 2 1 1 983 984 1157 7639 7640 7641
2809 9 2 1 1 726 750 751 7603 7642 5015
2810 9 2 1 1 1393 1394 1639 7218 7044 7643
2811 9 2 1 1 1115 1202 2325 6475 7644 5747
2812 9 2 1 1 1136 1218 1413 4790 7645 7646
2813 9 2 1 1 1492 1451 1510 7647 6748 7648
2814 9 2 1 1 434 433 1061 453 7649 7650
2815 9 2 1 1 432 431 574 451 7651 7652
2816 9 2 1 1 436 435 575 455 7653 7654
2817 9 2 1 1 438 437 1059 457 7655 7656
2818 9 2 1 1 440 439 576 459 7657 7658
2819 9 2 1 1 762 2239 2430 7199 4544 7659
2820 9 2 1 1 1650 1978 1982 6974 4364 7469
2821 9 2 1 1 1199 2045 2521 4752 7660 7326
2822 9 2 1 1 1504 2175 2383 7090 4398 7661
2823 9 2 1 1 733 732 736 7425 7662 7426
2824 9 2 1 1 2376 1552 2377 7539 7663 7134
2825 9 2 1 1 1441 1440 1442 7319 7664 7665
2826 9 2 1 1 1527 1526 1528 7538 7666 7378
2827 9 2 1 1 917 944 945 7667 7668 5531
2828 9 2 1 1 914 916 917 7669 7670 7671
2829 9 2 1 1 442 441 1141 461 7672 7673
2830 9 2 1 1 1297 1404 1405 7355 7139 7674
2831 9 2 1 1 2007 2009 2015 5897 6996 7675
2832 9 2 1 1 481 480 581 500 7676 7677
2833 9 2 1 1 1157 1158 1325 7678 7679 7532
2834 9 2 1 1 485 484 580 504 7680 7681
2835 9 2 1 1 1326 1564 1565 7682 7597 7487
2836 9 2 1 1 487 486 1064 506 7683 7684
2837 9 2 1 1 945 1005 1006 7685 7686 7210
2838 9 2 1 1 1616 1376 2382 7687 7447 7688
2839 9 2 1 1 1992 1502 2346 7609 7333 7689
2840 9 2 1 1 1028 923 2381 7690 7691 7692
2841 9 2 1 1 855 853 2280 6201 6632 7693
2842 9 2 1 1 952 978 979 7694 7695 6210
2843 9 2 1 1 1326 1325 1564 7533 7696 7682
2844 9 2 1 1 1639 1640 1898 7045 6983 7697
2845 9 2 1 1 489 488 579 508 7698 6027
2846 9 2 1 1 389 699 2553 4422 4161 7699
2847 9 2 1 1 1346 1345 1445 7374 7700 7701
2848 9 2 1 1 979 1134 1135 7702 7703 5162
2849 9 2 1 1 1093 1091 1207 7428 7704 7705
2850 9 2 1 1 1355 1356 1357 7254 7087 7706
2851 9 2 1 1 693 912 1253 7707 7708 7709
2852 9 2 1 1 1079 1077 1210 7336 7710 7711
2853 9 2 1 1 623 624 635 6957 6770 7712
2854 9 2 1 1 999 1055 1128 7713 7714 5760
2855 9 2 1 1 1100 1098 1209 7715 7716 5454
2856 9 2 1 1 1604 1723 1753 7717 7718 7719
2857 9 2 1 1 788 786 789 6856 7720 7519
2858 9 2 1 1 292 293 2348 342 7721 7722
2859 9 2 1 1 890 891 983 7723 7724 7636
2860 9 2 1 1 1295 1294 2378 7725 7726 7727
2861 9 2 1 1 111 112 2395 161 7728 7729
2862 9 2 1 1 1271 1283 2341 7028 7565 7730
2863 9 2 1 1 2422 2281 2488 7731 7732 7733
2864 9 2 1 1 1202 1361 2325 6932 7481 7644
2865 9 2 1 1 1043 231 2343 7734 7410 7286
2866 9 2 1 1 1536 1610 1611 7735 7736 4115
2867 9 2 1 1 2332 2334 2397 7037 7737 7738
2868 9 2 1 1 18 19 659 62 7739 7740
2869 9 2 1 1 628 614 630 6869 7741 7742
2870 9 2 1 1 1713 1463 1714 7553 7743 7744
2871 9 2 1 1 1569 1720 1846 7407 7745 7746
2872 9 2 1 1 1244 1385 1386 5708 4113 7747
2873 9 2 1 1 1005 944 1129 7748 7749 7750
2874 9 2 1 1 230 231 1043 274 7734 5130
2875 9 2 1 1 1519 1744 2358 7552 7751 7752
2876 9 2 1 1 479 1062 2368 7361 3792 7753
2877 9 2 1 1 1400 2281 2422 6064 7731 7754
2878 9 2 1 1 1177 1224 1225 7421 7308 7755
2879 9 2 1 1 1588 1290 1589 7756 7757 7758
2880 9 2 1 1 2573 2190 2602 7759 7760 5495
2881 9 2 1 1 577 443 2365 6784 7761 7762
2882 9 2 1 1 1205 1144 2495 7763 7764 7765
2883 9 2 1 1 1296 1603 1604 7766 7767 7768
2884 9 2 1 1 1773 1695 1774 7769 7770 7771
2885 9 2 1 1 1120 1393 2454 7548 7772 7773
2886 9 2 1 1 484 483 2362 503 7774 7775
2887 9 2 1 1 613 603 614 6914 7776 6868
2888 9 2 1 1 1332 1165 1559 7777 7348 7778
2889 9 2 1 1 778 755 811 7779 5184 7780
2890 9 2 1 1 661 2348 2349 7781 7782 7783
2891 9 2 1 1 849 847 850 7101 7784 7451
2892 9 2 1 1 1087 1085 1208 7387 7785 7786
2893 9 2 1 1 845 844 1063 7382 7787 7788
2894 9 2 1 1 1611 1736 1796 7789 7790 6952
2895 9 2 1 1 1206 1166 1289 7541 7791 7345
2896 9 2 1 1 1316 1143 1317 7792 7177 7590
2897 9 2 1 1 486 485 2352 505 7793 7794
2898 9 2 1 1 626 648 1260 7795 7796 7797
2899 9 2 1 1 916 915 976 7798 7363 7799
2900 9 2 1 1 1192 1143 1316 6981 7792 7310
2901 9 2 1 1 642 641 643 7458 7800 7511
2902 9 2 1 1 936 1549 2459 7801 7562 7802
2903 9 2 1 1 831 829 835 7383 7803 7804
2904 9 2 1 1 693 12 911 7542 7805 7806
2905 9 2 1 1 480 479 2368 499 7753 7807
2906 9 2 1 1 1183 1185 2345 7808 6941 7809
2907 9 2 1 1 821 760 822 7810 7811 7812
2908 9 2 1 1 1312 1313 1449 7575 7813 7814
2909 9 2 1 1 433 432 2370 452 7815 7816
2910 9 2 1 1 650 634 651 7231 7817 6963
2911 9 2 1 1 1560 1412 1561 7244 7818 6827
2912 9 2 1 1 939 1182 2379 7578 5428 7819
2913 9 2 1 1 1252 1195 1345 7517 7820 7373
2914 9 2 1 1 906 876 956 5970 7821 6843
2915 9 2 1 1 940 878 949 6763 7822 6788
2916 9 2 1 1 945 944 1005 7668 7748 7685
2917 9 2 1 1 602 587 603 7097 7823 6913
2918 9 2 1 1 851 850 852 7452 7824 7359
2919 9 2 1 1 621 622 623 7825 6955 7826
2920 9 2 1 1 1018 1019 1230 6168 7827 7828
2921 9 2 1 1 117 573 2401 7491 7829 7408
2922 9 2 1 1 2346 956 2440 7370 7830 7831
2923 9 2 1 1 1133 1307 1308 7372 7223 7832
2924 9 2 1 1 1536 1534 1610 7380 7833 7735
2925 9 2 1 1 739 738 765 7834 6387 6116
2926 9 2 1 1 919 951 952 7835 7836 4633
2927 9 2 1 1 1714 1463 2391 7743 7496 7837
2928 9 2 1 1 1713 1714 1715 7744 7581 7506
2929 9 2 1 1 717 1152 2437 6852 7838 5577
2930 9 2 1 1 786 784 2390 6447 7423 7839
2931 9 2 1 1 989 938 1101 7840 7841 7842
2932 9 2 1 1 976 1177 1614 7634 7843 7844
2933 9 2 1 1 1298 1605 1606 7845 7846 7847
2934 9 2 1 1 993 900 1020 5542 3977 6672
2935 9 2 1 1 1591 1589 2529 7085 7848 7849
2936 9 2 1 1 1800 1799 1801 7402 3169 7850
2937 9 2 1 1 1268 1232 1269 7851 6894 7852
2938 9 2 1 1 1529 1528 1530 7379 7853 7147
2939 9 2 1 1 917 916 944 7670 7854 7667
2940 9 2 1 1 967 968 969 7390 7530 7855
2941 9 2 1 1 998 1132 1133 7339 7371 7856
2942 9 2 1 1 1005 1129 1140 7750 3182 7857
2943 9 2 1 1 554 208 2375 6138 7858 7859
2944 9 2 1 1 1216 1217 1279 7860 7861 5885
2945 9 2 1 1 1613 1468 1833 7630 3855 7862
2946 9 2 1 1 1389 1390 1637 6370 3993 7863
2947 9 2 1 1 482 481 2355 501 7864 7865
2948 9 2 1 1 983 1157 2364 7641 7866 7867
2949 9 2 1 1 515 514 2354 534 7868 7869
2950 9 2 1 1 861 860 864 6739 7870 7871
2951 9 2 1 1 1164 1101 1165 7872 6356 7873
2952 9 2 1 1 628 630 2317 7742 6441 7433
2953 9 2 1 1 665 682 683 7111 7091 7874
2954 9 2 1 1 690 691 709 6655 6417 7875
2955 9 2 1 1 629 665 1178 7535 7876 7396
2956 9 2 1 1 789 786 2390 7720 7839 7242
2957 9 2 1 1 914 915 916 7877 7798 7669
2958 9 2 1 1 914 913 915 7878 7262 7877
2959 9 2 1 1 844 841 2406 7612 7879 7880
2960 9 2 1 1 1440 1376 1616 7586 7687 7881
2961 9 2 1 1 1943 1945 1947 7449 7882 3890
2962 9 2 1 1 1951 1953 1956 7528 7883 3906
2963 9 2 1 1 640 639 641 7438 7884 7457
2964 9 2 1 1 1149 1170 1171 7885 7886 6759
2965 9 2 1 1 796 794 901 7222 7887 7888
2966 9 2 1 1 934 1011 1012 7889 7890 4972
2967 9 2 1 1 2601 2260 2605 5005 7891 4924
2968 9 2 1 1 45 46 1044 89 5246 6925
2969 9 2 1 1 1075 1006 1310 7430 7892 7893
2970 9 2 1 1 1163 1162 1291 7894 6413 7895
2971 9 2 1 1 1604 1753 2520 7719 7896 7897
2972 9 2 1 1 1411 1295 1412 7258 7898 7243
2973 9 2 1 1 1304 1303 1305 7899 4605 7900
2974 9 2 1 1 1135 1213 1214 7901 7902 6282
2975 9 2 1 1 916 976 2361 7799 7903 7904
2976 9 2 1 1 684 651 685 6964 7905 7062
2977 9 2 1 1 1514 638 2407 6278 7193 7906
2978 9 2 1 1 1716 1715 2499 7507 7907 7908
2979 9 2 1 1 727 685 728 7063 7909 7207
2980 9 2 1 1 435 434 2363 454 7910 7911
2981 9 2 1 1 1452 1453 2358 7376 7912 3154
2982 9 2 1 1 1483 1550 1551 7913 7914 7915
2983 9 2 1 1 790 789 903 7520 7167 7916
2984 9 2 1 1 926 925 927 6412 7917 7918
2985 9 2 1 1 52 53 1013 96 4158 5701
2986 9 2 1 1 815 780 878 6891 7919 6762
2987 9 2 1 1 1427 1421 1783 6620 3158 7566
2988 9 2 1 1 1541 1542 1543 6962 6354 7920
2989 9 2 1 1 921 822 2344 7921 4656 6242
2990 9 2 1 1 702 735 2222 5235 7341 5676
2991 9 2 1 1 2293 1537 2595 5260 7922 4351
2992 9 2 1 1 1265 1183 2345 7282 7809 7923
2993 9 2 1 1 2294 1238 2404 7202 7924 7925
2994 9 2 1 1 667 636 1410 6862 7926 7927
2995 9 2 1 1 1364 1362 2331 6485 7221 7928
2996 9 2 1 1 943 994 995 7929 7930 6786
2997 9 2 1 1 986 1556 2385 7931 7932 7933
2998 9 2 1 1 1312 1449 1688 7814 7934 7935
2999 9 2 1 1 754 716 755 7936 4800 7937
3000 9 2 1 1 1425 1380 1426 7938 6986 7939
3001 9 2 1 1 1445 1345 1612 7700 7940 7941
3002 9 2 1 1 800 798 1073 7307 7942 7943
3003 9 2 1 1 2226 2325 2425 5748 7944 5268
3004 9 2 1 1 827 825 1072 7358 7945 7946
3005 9 2 1 1 1315 1451 1492 7046 7647 7947
3006 9 2 1 1 1453 1519 2358 7418 7752 7912
3007 9 2 1 1 778 811 893 7780 6621 7948
3008 9 2 1 1 2095 7 2499 4416 7949 6102
3009 9 2 1 1 804 802 902 7340 7950 7951
3010 9 2 1 1 1006 1005 2386 7686 7952 7953
3011 9 2 1 1 1736 1610 1797 7954 7955 7956
3012 9 2 1 1 1654 2278 2279 7957 5161 4925
3013 9 2 1 1 810 808 942 7051 7958 7627
3014 9 2 1 1 1327 1680 1681 7959 7960 7961
3015 9 2 1 1 693 1253 2354 7709 4849 7962
3016 9 2 1 1 1124 994 1125 7963 5932 7964
3017 9 2 1 1 1337 1608 1609 7965 7966 7967
3018 9 2 1 1 1688 1449 1776 7934 7544 7968
3019 9 2 1 1 1194 1193 1341 7329 7969 7300
3020 9 2 1 1 1543 1839 1840 6355 3909 7970
3021 9 2 1 1 686 652 1408 7971 7972 7973
3022 9 2 1 1 845 1063 2392 7788 7570 7974
3023 9 2 1 1 999 905 1055 7233 7975 7713
3024 9 2 1 1 838 836 879 7579 7976 7977
3025 9 2 1 1 1063 844 1069 7787 7978 7979
3026 9 2 1 1 852 850 1662 7824 7980 7981
3027 9 2 1 1 1113 1112 1144 7229 7982 6691
3028 9 2 1 1 976 1614 2361 7844 7983 7903
3029 9 2 1 1 1332 1559 2428 7778 7984 7985
3030 9 2 1 1 668 669 688 7138 6888 7986
3031 9 2 1 1 1641 1580 2233 6750 7386 4367
3032 9 2 1 1 385 5 584 386 7987 7988
3033 9 2 1 1 688 689 707 6889 6809 7989
3034 9 2 1 1 1445 1612 1799 7941 7990 7401
3035 9 2 1 1 443 442 2365 462 7991 7761
3036 9 2 1 1 759 758 780 7239 7992 6890
3037 9 2 1 1 841 840 2406 7335 7993 7879
3038 9 2 1 1 912 913 914 7994 7878 7995
3039 9 2 1 1 1492 1960 1961 7996 7997 7998
3040 9 2 1 1 635 636 666 6772 6861 7999
3041 9 2 1 1 1434 1381 1754 8000 8001 8002
3042 9 2 1 1 1590 1591 1592 7086 8003 8004
3043 9 2 1 1 817 895 897 8005 8006 6946
3044 9 2 1 1 912 911 913 8007 7492 7994
3045 9 2 1 1 1070 1142 1195 8008 8009 7516
3046 9 2 1 1 2087 1503 2461 8010 7501 4715
3047 9 2 1 1 1195 1142 1312 8009 7574 8011
3048 9 2 1 1 288 289 882 338 8012 8013
3049 9 2 1 1 575 435 2363 7653 7911 8014
3050 9 2 1 1 866 863 2513 6314 8015 6293
3051 9 2 1 1 1694 1354 1695 8016 8017 8018
3052 9 2 1 1 1972 1971 1973 8019 8020 8021
3053 9 2 1 1 1532 1530 1607 7589 8022 8023
3054 9 2 1 1 1310 1006 2386 7892 7953 8024
3055 9 2 1 1 469 9 578 470 8025 8026
3056 9 2 1 1 210 211 2432 254 5090 8027
3057 9 2 1 1 683 705 706 7093 7029 8028
3058 9 2 1 1 1306 1261 1555 8029 8030 8031
3059 9 2 1 1 944 916 2361 7854 7904 8032
3060 9 2 1 1 1063 1069 1070 7979 8033 8034
3061 9 2 1 1 1095 1096 1097 7343 8035 7035
3062 9 2 1 1 1517 1964 2303 6937 4326 8036
3063 9 2 1 1 693 911 912 7806 8007 7707
3064 9 2 1 1 920 822 921 8037 7921 8038
3065 9 2 1 1 751 750 770 7642 8039 8040
3066 9 2 1 1 1414 1201 2420 7031 7502 8041
3067 9 2 1 1 1367 1364 2331 7183 7928 7593
3068 9 2 1 1 485 580 2352 7681 8042 7793
3069 9 2 1 1 819 1038 2301 6975 8043 7482
3070 9 2 1 1 1145 1144 1205 6692 7763 7443
3071 9 2 1 1 1175 1336 1337 8044 8045 6618
3072 9 2 1 1 1351 1702 1703 8046 8047 8048
3073 9 2 1 1 1420 2176 2564 6101 8049 4515
3074 9 2 1 1 950 907 2157 5964 7450 4375
3075 9 2 1 1 1654 1241 2278 7194 7429 7957
3076 9 2 1 1 1270 1271 1272 7394 8050 8051
3077 9 2 1 1 1969 1974 1975 8052 3234 8053
3078 9 2 1 1 1302 1303 1304 6472 7899 8054
3079 9 2 1 1 565 1965 1966 6085 8055 8056
3080 9 2 1 1 947 980 1139 6846 8057 5809
3081 9 2 1 1 1383 1341 1448 7301 8058 8059
3082 9 2 1 1 1296 1125 1297 8060 7354 8061
3083 9 2 1 1 2029 596 2030 5556 6209 8062
3084 9 2 1 1 884 872 2439 5370 7485 7454
3085 9 2 1 1 1357 1430 1737 7417 8063 8064
3086 9 2 1 1 1662 2392 2450 8065 7572 6204
3087 9 2 1 1 933 2306 2391 7483 8066 7513
3088 9 2 1 1 1379 1153 1380 8067 6676 8068
3089 9 2 1 1 1070 1069 1142 8033 6928 8008
3090 9 2 1 1 1528 1526 1602 7666 7264 8069
3091 9 2 1 1 936 753 1549 8070 7497 7801
3092 9 2 1 1 679 680 725 8071 8072 7113
3093 9 2 1 1 488 487 2373 507 8073 8074
3094 9 2 1 1 1157 984 1158 7640 8075 7678
3095 9 2 1 1 1149 1004 1170 7190 8076 7885
3096 9 2 1 1 779 918 919 8077 8078 8079
3097 9 2 1 1 1182 990 1183 7577 8080 7281
3098 9 2 1 1 1157 1326 2364 7534 7525 7866
3099 9 2 1 1 2354 2229 2542 4848 8081 8082
3100 9 2 1 1 1311 1308 1355 8083 7253 8084
3101 9 2 1 1 1012 1231 1233 8085 8086 5756
3102 9 2 1 1 1210 1077 2405 7710 8087 8088
3103 9 2 1 1 1279 1350 1570 8089 8090 6022
3104 9 2 1 1 1525 1524 1526 8091 6196 7537
3105 9 2 1 1 666 667 690 6863 6653 8092
3106 9 2 1 1 1483 1481 1550 7436 8093 7913
3107 9 2 1 1 1259 1507 1676 8094 8095 8096
3108 9 2 1 1 1564 1325 2396 7696 8097 8098
3109 9 2 1 1 1523 1524 1525 8099 8091 8100
3110 9 2 1 1 983 891 984 7724 8101 7639
3111 9 2 1 1 943 942 994 7628 6118 7929
3112 9 2 1 1 2330 1069 2406 6929 8102 8103
3113 9 2 1 1 1534 1532 2417 7404 8104 8105
3114 9 2 1 1 1056 210 2432 7302 8027 8106
3115 9 2 1 1 1111 1109 1212 7468 8107 8108
3116 9 2 1 1 1141 441 2356 7672 7622 3082
3117 9 2 1 1 1061 433 2370 7649 7816 8109
3118 9 2 1 1 581 480 2368 7676 7807 3788
3119 9 2 1 1 1128 1055 1166 7714 8110 7540
3120 9 2 1 1 1492 1510 1960 7648 8111 7996
3121 9 2 1 1 1301 1122 2282 5608 5755 8112
3122 9 2 1 1 483 1060 2362 7633 3767 7774
3123 9 2 1 1 109 110 2394 159 8113 8114
3124 9 2 1 1 110 111 1067 160 8115 8116
3125 9 2 1 1 112 113 568 162 8117 8118
3126 9 2 1 1 1005 1140 2386 7857 3711 7952
3127 9 2 1 1 1692 1516 1775 8119 8120 8121
3128 9 2 1 1 1588 1589 1590 7758 7084 8122
3129 9 2 1 1 1298 1170 1544 8123 8124 8125
3130 9 2 1 1 1268 1269 1270 7852 7393 8126
3131 9 2 1 1 1447 1319 1626 8127 6500 8128
3132 9 2 1 1 1256 1255 1257 8129 8130 8131
3133 9 2 1 1 1723 1603 1795 8132 8133 8134
3134 9 2 1 1 2218 1232 2506 6895 8135 8136
3135 9 2 1 1 108 109 557 158 8137 8138
3136 9 2 1 1 637 638 668 7601 7137 8139
3137 9 2 1 1 2160 987 2221 7173 7588 4965
3138 9 2 1 1 696 2268 2612 4603 4722 8140
3139 9 2 1 1 1296 1297 1603 8061 8141 7766
3140 9 2 1 1 1444 1205 2495 8142 7765 8143
3141 9 2 1 1 1311 1757 1758 8144 8145 8146
3142 9 2 1 1 1531 1859 2398 6638 4213 7486
3143 9 2 1 1 1604 1603 1723 7767 8132 7717
3144 9 2 1 1 1068 983 2364 7637 7867 8147
3145 9 2 1 1 1539 2422 2488 8148 7733 5845
3146 9 2 1 1 1060 482 2355 7632 7865 3774
3147 9 2 1 1 995 994 1124 7930 7963 8149
3148 9 2 1 1 440 576 2356 7658 8150 7621
3149 9 2 1 1 751 770 771 8040 7616 7184
3150 9 2 1 1 1465 1324 1632 8151 8152 8153
3151 9 2 1 1 714 716 754 6804 7936 8154
3152 9 2 1 1 736 761 762 8155 8156 8157
3153 9 2 1 1 922 880 998 8158 7338 8159
3154 9 2 1 1 1473 1387 2411 7456 8160 8161
3155 9 2 1 1 514 693 2354 7543 7962 7868
3156 9 2 1 1 580 484 2362 7680 7775 3763
3157 9 2 1 1 683 706 746 8028 8162 8163
3158 9 2 1 1 661 292 2348 7619 7722 7781
3159 9 2 1 1 1318 1227 1319 8164 8165 8166
3160 9 2 1 1 1597 1334 1598 5741 6540 7368
3161 9 2 1 1 1479 1477 1490 7411 8167 8168
3162 9 2 1 1 2294 2404 2492 7925 8169 8170
3163 9 2 1 1 2557 1675 2607 8171 8172 4758
3164 9 2 1 1 1055 905 2353 7975 7614 8173
3165 9 2 1 1 1272 1271 2341 8050 7730 3823
3166 9 2 1 1 1606 1725 1752 8174 8175 8176
3167 9 2 1 1 682 1396 2511 7119 4286 8177
3168 9 2 1 1 2422 1539 2423 8148 7350 8178
3169 9 2 1 1 700 745 1409 8179 8180 8181
3170 9 2 1 1 1245 1656 2411 7015 6032 8182
3171 9 2 1 1 1323 2332 2397 7356 7738 8183
3172 9 2 1 1 2396 1749 2471 7003 8184 8185
3173 9 2 1 1 847 845 2392 6971 7974 8186
3174 9 2 1 1 1992 2346 2440 7689 7831 8187
3175 9 2 1 1 687 731 732 8188 8189 7424
3176 9 2 1 1 1501 1497 2173 5965 7453 3356
3177 9 2 1 1 1150 963 1255 8190 8191 8192
3178 9 2 1 1 1611 1610 1736 7736 7954 7789
3179 9 2 1 1 1057 774 1388 8193 7245 8194
3180 9 2 1 1 1358 1257 1381 8195 8196 8197
3181 9 2 1 1 1653 2033 2519 4811 8198 8199
3182 9 2 1 1 893 985 986 7023 8200 8201
3183 9 2 1 1 1070 1252 2450 7518 6094 8202
3184 9 2 1 1 1175 1173 1336 7294 8203 8044
3185 9 2 1 1 885 1517 2424 7573 8204 8205
3186 9 2 1 1 1129 944 2361 7749 8032 8206
3187 9 2 1 1 1625 1456 1769 7442 8207 8208
3188 9 2 1 1 1970 1968 1971 8209 8210 8211
3189 9 2 1 1 653 686 687 8212 8213 4580
3190 9 2 1 1 767 740 1261 8214 8215 8216
3191 9 2 1 1 858 855 2280 6853 7693 8217
3192 9 2 1 1 1124 1125 1296 7964 8060 8218
3193 9 2 1 1 430 8 1321 449 8219 8220
3194 9 2 1 1 770 772 890 8221 8222 7351
3195 9 2 1 1 1606 1605 1725 7846 8223 8174
3196 9 2 1 1 1648 1397 1653 7526 7594 8224
3197 9 2 1 1 746 706 2418 8162 8225 8226
3198 9 2 1 1 565 1966 1967 8056 8227 6149
3199 9 2 1 1 986 985 1167 8200 8228 8229
3200 9 2 1 1 1161 1328 1329 6496 7474 8230
3201 9 2 1 1 1978 1651 2412 6973 6757 6678
3202 9 2 1 1 1425 1426 1631 7939 8231 3131
3203 9 2 1 1 1226 1176 1227 8232 8233 8234
3204 9 2 1 1 431 430 2400 450 8235 8236
3205 9 2 1 1 956 876 2440 7821 8237 7830
3206 9 2 1 1 762 816 817 8238 8239 7198
3207 9 2 1 1 1069 844 2406 7978 7880 8102
3208 9 2 1 1 1133 1308 1311 7832 8083 8240
3209 9 2 1 1 1475 1473 1658 7432 8241 8242
3210 9 2 1 1 691 667 2319 6654 8243 8244
3211 9 2 1 1 1642 2047 2556 4592 5157 8245
3212 9 2 1 1 2310 697 2311 5066 8246 4505
3213 9 2 1 1 897 959 2353 8247 8248 7613
3214 9 2 1 1 1512 1697 1698 7324 8249 8250
3215 9 2 1 1 1589 1290 2480 7757 8251 8252
3216 9 2 1 1 708 712 2307 6842 8253 8254
3217 9 2 1 1 432 574 2370 7652 3700 7815
3218 9 2 1 1 641 639 2409 7884 8255 8256
3219 9 2 1 1 1064 486 2352 7683 7794 3050
3220 9 2 1 1 1468 1388 1636 8257 8258 3896
3221 9 2 1 1 1230 1019 2357 7827 8259 5413
3222 9 2 1 1 1146 1130 1176 8260 6468 8261
3223 9 2 1 1 1171 1170 1298 7886 8123 8262
3224 9 2 1 1 1384 490 2242 5450 7297 8263
3225 9 2 1 1 2520 1753 2537 7896 8264 8265
3226 9 2 1 1 1664 2347 2467 7615 8266 8267
3227 9 2 1 1 753 708 2307 8268 8254 7498
3228 9 2 1 1 890 772 891 8222 8269 7723
3229 9 2 1 1 977 921 1000 8270 6165 8271
3230 9 2 1 1 868 867 880 8272 5593 8273
3231 9 2 1 1 1199 937 2379 7607 8274 4753
3232 9 2 1 1 1001 1000 1130 8275 5957 8276
3233 9 2 1 1 1378 1516 1692 7585 8119 8277
3234 9 2 1 1 107 108 2447 157 8278 8279
3235 9 2 1 1 481 581 2355 7677 3784 7864
3236 9 2 1 1 743 774 1057 7267 8193 8280
3237 9 2 1 1 1961 1960 2217 7997 4343 8281
3238 9 2 1 1 2306 1080 2443 7009 5054 8282
3239 9 2 1 1 1753 1723 1818 7718 8283 8284
3240 9 2 1 1 986 1264 1556 8285 8286 7931
3241 9 2 1 1 1586 1295 2378 8287 7727 8288
3242 9 2 1 1 579 488 2373 7698 8074 3702
3243 9 2 1 1 1019 1169 2357 5447 8289 8259
3244 9 2 1 1 868 922 1094 8290 8291 6554
3245 9 2 1 1 1610 1534 2417 7833 8105 8292
3246 9 2 1 1 1118 1120 2454 6292 7773 7285
3247 9 2 1 1 1530 1528 2474 7853 8293 8294
3248 9 2 1 1 1752 1725 1817 8175 8295 8296
3249 9 2 1 1 115 116 1058 165 8297 8298
3250 9 2 1 1 812 2466 2486 5440 8299 6214
3251 9 2 1 1 736 732 761 7662 8300 8155
3252 9 2 1 1 1219 1220 2433 5745 6526 8301
3253 9 2 1 1 1659 1399 1665 8302 8303 5596
3254 9 2 1 1 1197 1277 1455 8304 8305 8306
3255 9 2 1 1 1874 1872 1875 5481 8307 6742
3256 9 2 1 1 2079 2078 2387 7050 4897 5445
3257 9 2 1 1 1532 1607 2417 8023 8308 8104
3258 9 2 1 1 2191 862 2463 6498 8309 6406
3259 9 2 1 1 1660 2422 2423 8310 8178 8311
3260 9 2 1 1 643 641 652 7800 8312 8313
3261 9 2 1 1 1038 1160 2421 7384 8314 8315
3262 9 2 1 1 1123 1302 2485 7080 8316 8317
3263 9 2 1 1 442 1141 2365 7673 8318 7991
3264 9 2 1 1 1551 1550 1868 7914 8319 4074
3265 9 2 1 1 1216 1214 1217 6778 8320 7860
3266 9 2 1 1 1378 1692 1693 8277 8321 8322
3267 9 2 1 1 1514 2489 2498 8323 5149 8324
3268 9 2 1 1 1057 1388 1468 8194 8257 7629
3269 9 2 1 1 1325 1158 1327 7679 8325 8326
3270 9 2 1 1 2423 1348 2470 5768 4832 8327
3271 9 2 1 1 1047 2216 2619 4276 4588 8328
3272 9 2 1 1 1690 1428 2114 6269 7256 8329
3273 9 2 1 1 970 923 1028 8330 7690 6625
3274 9 2 1 1 1762 1444 1763 8331 8332 8333
3275 9 2 1 1 643 652 653 8313 8334 8335
3276 9 2 1 1 574 431 2400 7651 8236 2983
3277 9 2 1 1 1389 1637 2522 7863 3870 8336
3278 9 2 1 1 707 708 753 6810 8268 8337
3279 9 2 1 1 1289 1166 1290 7791 8338 8339
3280 9 2 1 1 604 592 1240 8340 4733 6349
3281 9 2 1 1 616 637 639 8341 8342 7437
3282 9 2 1 1 890 1068 2410 7638 8343 7352
3283 9 2 1 1 1077 1075 2405 7400 8344 8087
3284 9 2 1 1 1413 1218 2022 7645 5664 6779
3285 9 2 1 1 1727 1343 1748 5603 8345 5986
3286 9 2 1 1 897 895 959 8006 8346 8247
3287 9 2 1 1 1748 1343 2477 8345 7176 5212
3288 9 2 1 1 706 743 2418 7212 8347 8225
3289 9 2 1 1 926 927 2313 7918 7172 7549
3290 9 2 1 1 1693 1692 1780 8321 8348 4537
3291 9 2 1 1 1379 1425 1627 8349 3055 8350
3292 9 2 1 1 2570 1631 2603 8351 8352 5195
3293 9 2 1 1 2631 2275 2635 8353 8354 8355
3294 9 2 1 1 630 631 632 8356 8357 5633
3295 9 2 1 1 1311 1355 1757 8084 8358 8144
3296 9 2 1 1 1729 1584 1793 8359 8360 8361
3297 9 2 1 1 1073 798 2393 7942 8362 4207
3298 9 2 1 1 1387 1245 2411 6052 8182 8160
3299 9 2 1 1 1298 1544 1605 8125 8363 7845
3300 9 2 1 1 1660 1400 2422 7284 7754 8310
3301 9 2 1 1 290 291 2360 340 8364 8365
3302 9 2 1 1 770 750 772 8039 8366 8221
3303 9 2 1 1 934 771 1011 7185 8367 7889
3304 9 2 1 1 1703 1702 1764 8047 8368 7259
3305 9 2 1 1 1137 1219 1378 6825 7583 8369
3306 9 2 1 1 1717 1714 2443 7582 8370 6185
3307 9 2 1 1 1562 1265 2345 7626 7923 5653
3308 9 2 1 1 1970 1971 1972 8211 8019 8371
3309 9 2 1 1 1160 1282 1466 7536 8372 8373
3310 9 2 1 1 647 633 867 8374 7209 8375
3311 9 2 1 1 868 880 922 8273 8158 8290
3312 9 2 1 1 1105 1103 1211 8376 8377 8378
3313 9 2 1 1 1609 1608 1735 7966 8379 8380
3314 9 2 1 1 864 973 2384 8381 7461 6302
3315 9 2 1 1 984 891 1200 8101 8382 8383
3316 9 2 1 1 850 847 2392 7784 8186 8384
3317 9 2 1 1 1094 1324 1340 8385 8386 7321
3318 9 2 1 1 914 917 2416 7671 5839 8387
3319 9 2 1 1 938 936 2459 8388 7802 8389
3320 9 2 1 1 798 796 2393 7293 8390 8362
3321 9 2 1 1 1393 1639 1904 7643 8391 8392
3322 9 2 1 1 1849 1600 2077 6007 6572 3578
3323 9 2 1 1 895 816 896 8393 8394 8395
3324 9 2 1 1 593 604 605 8396 8397 7476
3325 9 2 1 1 1707 1417 2318 4985 8398 3185
3326 9 2 1 1 1169 1389 2357 7509 8399 8289
3327 9 2 1 1 1775 1516 2543 8120 8400 8401
3328 9 2 1 1 2052 1251 2510 5192 4481 6720
3329 9 2 1 1 1329 1573 1575 7475 7624 8402
3330 9 2 1 1 291 661 2360 7620 8403 8364
3331 9 2 1 1 2404 1961 2492 8404 8405 8169
3332 9 2 1 1 864 972 973 8406 8407 8381
3333 9 2 1 1 1440 1616 2415 7881 8408 8409
3334 9 2 1 1 2045 1674 2611 5794 8410 8411
3335 9 2 1 1 434 1061 2363 7650 3048 7910
3336 9 2 1 1 1268 1270 1672 8126 8412 8413
3337 9 2 1 1 487 1064 2373 7684 8414 8073
3338 9 2 1 1 1434 1754 1755 8002 8415 3152
3339 9 2 1 1 1668 2301 2421 6596 8416 3844
3340 9 2 1 1 1712 1713 2431 7554 8417 8418
3341 9 2 1 1 969 1162 1163 7531 7894 8419
3342 9 2 1 1 577 2365 2366 7762 8420 8421
3343 9 2 1 1 2112 2113 2462 5270 6338 6640
3344 9 2 1 1 1379 1380 1425 8068 7938 8349
3345 9 2 1 1 605 615 616 8422 8423 5176
3346 9 2 1 1 1516 1219 2433 7584 8301 8424
3347 9 2 1 1 864 860 972 7870 8425 8406
3348 9 2 1 1 1337 1336 1608 8045 8426 7965
3349 9 2 1 1 1442 1440 2415 7664 8409 8427
3350 9 2 1 1 648 649 679 8428 8429 8430
3351 9 2 1 1 1004 995 2413 7169 8431 8432
3352 9 2 1 1 1517 2303 2424 8036 5763 8204
3353 9 2 1 1 891 772 2426 8269 8433 8434
3354 9 2 1 1 1714 2391 2443 7837 8435 8370
3355 9 2 1 1 2000 2001 2505 4699 6800 4195
3356 9 2 1 1 1681 1680 1682 7960 8436 7521
3357 9 2 1 1 1267 1097 2399 7036 8437 8438
3358 9 2 1 1 973 1153 1193 8439 8440 7328
3359 9 2 1 1 1289 1290 1587 8339 8441 8442
3360 9 2 1 1 1255 963 2441 8191 8443 8444
3361 9 2 1 1 973 972 1153 8407 6274 8439
3362 9 2 1 1 1340 1465 1711 8445 8446 8447
3363 9 2 1 1 648 679 2403 8430 7547 8448
3364 9 2 1 1 1391 1305 1392 8449 5737 8450
3365 9 2 1 1 1612 1345 2414 7940 8451 3128
3366 9 2 1 1 1492 1961 2404 7998 8404 8452
3367 9 2 1 1 1391 1488 1860 8453 8454 8455
3368 9 2 1 1 762 761 816 8156 8456 8238
3369 9 2 1 1 969 1163 1249 8419 8457 8458
3370 9 2 1 1 1393 1904 2454 8392 5889 7772
3371 9 2 1 1 1658 1473 2411 8241 8161 6186
3372 9 2 1 1 1260 648 2403 7796 8448 4802
3373 9 2 1 1 1170 1004 2413 8076 8432 8459
3374 9 2 1 1 1719 1570 2339 6758 8460 8461
3375 9 2 1 1 2033 1229 2519 5026 4222 8198
3376 9 2 1 1 1358 1381 1434 8197 8000 8462
3377 9 2 1 1 1417 1151 1418 4962 5306 8463
3378 9 2 1 1 835 829 2465 7803 8464 4419
3379 9 2 1 1 862 863 865 6133 6313 8465
3380 9 2 1 1 821 822 920 7812 8037 8466
3381 9 2 1 1 1662 850 2392 7980 8384 8065
3382 9 2 1 1 1991 1992 2466 7610 8467 4450
3383 9 2 1 1 632 633 634 8468 8469 7230
3384 9 2 1 1 1797 1610 2417 7955 8292 8470
3385 9 2 1 1 2198 2197 2551 6460 4689 8471
3386 9 2 1 1 1183 1184 1185 8472 8473 7808
3387 9 2 1 1 1185 1294 1295 8474 7725 7257
3388 9 2 1 1 1293 1291 2327 8475 7466 3119
3389 9 2 1 1 1251 2094 2592 5392 8476 4482
3390 9 2 1 1 2301 1038 2421 8043 8315 8416
3391 9 2 1 1 1336 1173 2419 8203 8477 8478
3392 9 2 1 1 922 998 2469 8159 8479 8480
3393 9 2 1 1 1448 1464 1805 8481 8482 8483
3394 9 2 1 1 874 885 2424 5721 8205 7591
3395 9 2 1 1 1618 1382 1761 8484 8485 8486
3396 9 2 1 1 1465 1632 1785 8153 8487 8488
3397 9 2 1 1 1661 1660 2470 6873 8489 3015
3398 9 2 1 1 1312 1688 2414 7935 3092 8490
3399 9 2 1 1 728 729 730 8491 8492 5170
3400 9 2 1 1 1698 1697 2464 8249 8493 4568
3401 9 2 1 1 668 688 1548 7986 8494 8495
3402 9 2 1 1 1253 912 2416 7708 8496 5035
3403 9 2 1 1 2006 2007 2321 6601 8497 8498
3404 9 2 1 1 817 816 895 8239 8393 8005
3405 9 2 1 1 1544 1170 2413 8124 8459 8499
3406 9 2 1 1 1448 1341 1464 8058 8500 8481
3407 9 2 1 1 1563 1266 1622 8501 8502 8503
3408 9 2 1 1 687 686 731 8213 8504 8188
3409 9 2 1 1 1135 1134 1213 7703 8505 7901
3410 9 2 1 1 653 652 686 8334 7971 8212
3411 9 2 1 1 952 951 978 7836 8506 7694
3412 9 2 1 1 1296 1604 2491 7768 8507 8508
3413 9 2 1 1 647 867 868 8375 8272 6144
3414 9 2 1 1 2391 2306 2443 8066 8282 8435
3415 9 2 1 1 1345 1195 2414 7820 8509 8451
3416 9 2 1 1 1058 116 2401 8297 7409 8510
3417 9 2 1 1 2542 2229 2551 8081 8511 6669
3418 9 2 1 1 736 762 2430 8157 7659 8512
3419 9 2 1 1 979 978 1134 7695 8513 7702
3420 9 2 1 1 1101 938 2459 7841 8389 6311
3421 9 2 1 1 1588 1590 1728 8122 8514 8515
3422 9 2 1 1 1193 1153 1379 8440 8067 8516
3423 9 2 1 1 2273 705 2511 6514 8517 8518
3424 9 2 1 1 1103 1100 2518 8519 5456 8520
3425 9 2 1 1 632 631 633 8357 6465 8468
3426 9 2 1 1 2389 631 2483 6466 8521 8522
3427 9 2 1 1 2357 1389 2522 8399 8336 8523
3428 9 2 1 1 208 209 2375 252 8524 7858
3429 9 2 1 1 2251 1033 2442 5376 8525 6627
3430 9 2 1 1 1697 1739 2464 7316 4145 8493
3431 9 2 1 1 2007 2015 2321 7675 3968 8497
3432 9 2 1 1 1257 1255 2546 8130 8526 8527
3433 9 2 1 1 2347 942 2467 6119 8528 8266
3434 9 2 1 1 1221 1138 2461 5335 6966 7500
3435 9 2 1 1 989 1101 1164 7842 7872 8529
3436 9 2 1 1 634 633 647 8469 8374 8530
3437 9 2 1 1 1065 2344 2622 6243 8531 8532
3438 9 2 1 1 1327 1158 1679 8325 8533 8534
3439 9 2 1 1 1223 1437 1438 6033 7472 7391
3440 9 2 1 1 730 740 758 8535 8536 7238
3441 9 2 1 1 1285 1205 1351 7444 8537 8538
3442 9 2 1 1 1570 1350 1572 8090 8539 8540
3443 9 2 1 1 767 1261 1306 8216 8029 8541
3444 9 2 1 1 876 813 2440 5808 8542 8237
3445 9 2 1 1 1412 1295 1586 7898 8287 8543
3446 9 2 1 1 1805 1464 1819 8482 8544 3430
3447 9 2 1 1 1256 1257 1358 8131 8195 8545
3448 9 2 1 1 1358 1434 1617 8462 2976 8546
3449 9 2 1 1 630 614 631 7741 8547 8356
3450 9 2 1 1 1642 1116 2160 7261 7174 4593
3451 9 2 1 1 796 901 2393 7888 4246 8390
3452 9 2 1 1 750 725 2434 7602 8548 8549
3453 9 2 1 1 741 736 2430 7427 8512 7266
3454 9 2 1 1 937 939 2379 8550 7819 8274
3455 9 2 1 1 1695 1354 2501 8017 8551 5622
3456 9 2 1 1 767 1306 1671 8541 8552 8553
3457 9 2 1 1 1238 1315 2404 7008 8554 7924
3458 9 2 1 1 1304 1305 1391 7900 8449 8555
3459 9 2 1 1 1969 1970 1974 8556 8557 8052
3460 9 2 1 1 1195 1312 2414 8011 8490 8509
3461 9 2 1 1 611 619 626 8558 8559 7277
3462 9 2 1 1 875 765 2042 6737 6389 8560
3463 9 2 1 1 1094 922 1324 8291 8561 8385
3464 9 2 1 1 1075 1310 2405 7893 8562 8344
3465 9 2 1 1 616 615 637 8423 7600 8341
3466 9 2 1 1 730 729 740 8492 8563 8535
3467 9 2 1 1 1757 1355 2429 8358 8564 3458
3468 9 2 1 1 1966 1965 1976 8055 4739 8565
3469 9 2 1 1 1163 1291 1293 7895 8475 8566
3470 9 2 1 1 1340 1324 1465 8386 8151 8445
3471 9 2 1 1 927 1399 1456 8567 8568 7441
3472 9 2 1 1 1325 1327 2396 8326 8569 8097
3473 9 2 1 1 728 685 729 7909 8570 8491
3474 9 2 1 1 710 691 738 6418 8571 8572
3475 9 2 1 1 1694 1695 1773 8018 7769 8573
3476 9 2 1 1 1067 111 2395 8115 7729 8574
3477 9 2 1 1 1447 1626 1687 8128 3007 8575
3478 9 2 1 1 1969 1968 1970 8576 8209 8556
3479 9 2 1 1 808 806 2467 7320 8577 8578
3480 9 2 1 1 1713 1716 2431 7508 3386 8417
3481 9 2 1 1 1408 652 2409 7972 8579 8580
3482 9 2 1 1 603 587 1663 7823 8581 8582
3483 9 2 1 1 1150 1256 1320 8583 8584 8585
3484 9 2 1 1 112 568 2395 8118 8586 7728
3485 9 2 1 1 1528 1602 2474 8069 8587 8293
3486 9 2 1 1 626 1260 2435 7797 4623 7278
3487 9 2 1 1 995 1124 2413 8149 8588 8431
3488 9 2 1 1 1318 1319 1447 8166 8127 8589
3489 9 2 1 1 1327 1681 2396 7961 7004 8569
3490 9 2 1 1 912 914 2416 7995 8387 8496
3491 9 2 1 1 1063 1070 2450 8034 8202 7571
3492 9 2 1 1 949 963 1112 8590 8591 7228
3493 9 2 1 1 1831 1787 1958 8592 8593 3935
3494 9 2 1 1 1671 1306 1710 8552 8594 8595
3495 9 2 1 1 986 1167 1264 8229 8596 8285
3496 9 2 1 1 754 755 778 7937 7779 8597
3497 9 2 1 1 919 918 951 8078 8598 7835
3498 9 2 1 1 1231 1232 1268 8599 7851 8600
3499 9 2 1 1 1902 1545 2536 7276 8601 4157
3500 9 2 1 1 1264 1167 1330 8596 6857 8602
3501 9 2 1 1 780 758 2456 7992 8603 8604
3502 9 2 1 1 1226 1227 1318 8234 8164 8605
3503 9 2 1 1 927 925 1399 7917 5752 8567
3504 9 2 1 1 1152 1504 2437 6936 8606 7838
3505 9 2 1 1 937 938 939 8607 8608 8550
3506 9 2 1 1 1676 1507 1677 8095 8609 8610
3507 9 2 1 1 1318 1447 1691 8589 8611 8612
3508 9 2 1 1 1621 1503 2087 6776 8010 3982
3509 9 2 1 1 1279 1217 1350 7861 8613 8089
3510 9 2 1 1 758 740 767 8536 8214 8614
3511 9 2 1 1 734 1248 2577 5930 3848 8615
3512 9 2 1 1 910 1018 2502 7362 8616 8617
3513 9 2 1 1 865 866 923 6315 5355 8618
3514 9 2 1 1 2185 1065 2634 5215 8619 8620
3515 9 2 1 1 2409 639 2438 8255 8621 8622
3516 9 2 1 1 1146 1226 1353 8623 8624 8625
3517 9 2 1 1 1164 1332 1546 8626 8627 8628
3518 9 2 1 1 2433 1438 2543 7392 8629 8630
3519 9 2 1 1 1665 1399 2513 8303 5754 8631
3520 9 2 1 1 652 641 2409 8312 8256 8579
3521 9 2 1 1 2325 1505 2425 7480 5437 7944
3522 9 2 1 1 949 878 963 7822 8632 8590
3523 9 2 1 1 1146 1176 1226 8261 8232 8623
3524 9 2 1 1 1183 990 1184 8080 8633 8472
3525 9 2 1 1 118 119 2324 168 4982 8634
3526 9 2 1 1 942 808 2467 7958 8578 8528
3527 9 2 1 1 939 989 990 8635 8636 7576
3528 9 2 1 1 2281 2240 2488 6364 7344 7732
3529 9 2 1 1 605 604 615 8397 6016 8422
3530 9 2 1 1 1585 1729 1792 8637 8638 8639
3531 9 2 1 1 1575 1734 1789 7625 8640 8641
3532 9 2 1 1 32 33 1071 76 4771 8642
3533 9 2 1 1 1587 1290 1588 8441 7756 8643
3534 9 2 1 1 1431 1787 1831 7292 8592 8644
3535 9 2 1 1 1001 1130 1146 8276 8260 8645
3536 9 2 1 1 1721 1564 2471 7598 8646 8647
3537 9 2 1 1 30 31 572 74 8648 8649
3538 9 2 1 1 998 1133 2445 7856 8650 8651
3539 9 2 1 1 621 620 622 8652 8653 7825
3540 9 2 1 1 1490 1477 2473 8167 8654 4765
3541 9 2 1 1 1150 1255 1256 8192 8129 8583
3542 9 2 1 1 110 1067 2394 8116 8655 8113
3543 9 2 1 1 624 622 744 6956 8656 8657
3544 9 2 1 1 679 649 680 8429 8658 8071
3545 9 2 1 1 977 1000 1001 8271 8275 8659
3546 9 2 1 1 1057 1613 2418 7631 8660 8661
3547 9 2 1 1 920 921 977 8038 8270 8662
3548 9 2 1 1 2413 1124 2491 8588 8663 8664
3549 9 2 1 1 1570 1572 2339 8540 8665 8460
3550 9 2 1 1 1477 1475 2473 7459 8666 8654
3551 9 2 1 1 1660 2423 2470 8311 8327 8489
3552 9 2 1 1 935 936 937 8667 8668 7606
3553 9 2 1 1 1164 1165 1332 7873 7777 8626
3554 9 2 1 1 2188 1514 2498 6933 8324 5935
3555 9 2 1 1 1341 1193 2451 7969 8669 8670
3556 9 2 1 1 1327 1679 1680 8534 8671 7959
3557 9 2 1 1 743 1057 2418 8280 8661 8347
3558 9 2 1 1 1391 1392 1488 8450 8672 8453
3559 9 2 1 1 557 109 2394 8137 8114 8673
3560 9 2 1 1 647 2376 2476 6146 7136 8674
3561 9 2 1 1 626 627 648 8675 8676 7795
3562 9 2 1 1 1564 2396 2471 8098 8185 8646
3563 9 2 1 1 1456 1399 1659 8568 8302 8677
3564 9 2 1 1 1523 1489 1524 8678 7081 8099
3565 9 2 1 1 1160 1466 2421 8373 3915 8314
3566 9 2 1 1 1324 922 2469 8561 8480 8679
3567 9 2 1 1 1302 1486 2485 8680 4938 8316
3568 9 2 1 1 1231 1011 1232 8681 8682 8599
3569 9 2 1 1 1185 1184 1294 8473 8683 8474
3570 9 2 1 1 804 902 2515 7951 7478 8684
3571 9 2 1 1 1662 2320 2512 6203 8685 8686
3572 9 2 1 1 1173 1171 2419 7367 8687 8477
3573 9 2 1 1 238 239 1015 282 4181 5981
3574 9 2 1 1 2266 1267 2399 6111 8438 8688
3575 9 2 1 1 1200 891 2426 8382 8434 8689
3576 9 2 1 1 1233 1231 2458 8086 8690 8691
3577 9 2 1 1 829 827 2465 7385 8692 8464
3578 9 2 1 1 2017 2006 2018 8693 8694 4231
3579 9 2 1 1 935 753 936 8695 8070 8667
3580 9 2 1 1 928 1767 1768 6117 8696 8697
3581 9 2 1 1 1967 1966 1968 8227 8698 8699
3582 9 2 1 1 1112 963 1150 8591 8190 8700
3583 9 2 1 1 1331 1330 1582 8701 6161 8702
3584 9 2 1 1 754 778 1258 8597 8703 8704
3585 9 2 1 1 893 986 2385 8201 7933 8705
3586 9 2 1 1 584 5 585 7987 8706 8707
3587 9 2 1 1 1504 2383 2437 7661 5045 8606
3588 9 2 1 1 939 938 989 8608 7840 8635
3589 9 2 1 1 707 753 935 8337 8695 8708
3590 9 2 1 1 937 936 938 8668 8388 8607
3591 9 2 1 1 977 1001 1002 8659 8709 8710
3592 9 2 1 1 639 637 2438 8342 8711 8621
3593 9 2 1 1 2328 972 2453 6275 8712 8713
3594 9 2 1 1 1378 1693 2449 8322 4547 8714
3595 9 2 1 1 1315 1492 2404 7947 8452 8554
3596 9 2 1 1 1897 1652 2500 6394 5300 4460
3597 9 2 1 1 1111 1212 2372 8108 8715 4963
3598 9 2 1 1 1475 1658 2473 8242 4978 8666
3599 9 2 1 1 1488 1489 1523 8716 8678 8717
3600 9 2 1 1 680 649 681 8658 8718 8719
3601 9 2 1 1 992 1123 2485 5452 8317 6912
3602 9 2 1 1 754 1258 2448 8704 8720 8721
3603 9 2 1 1 1351 1703 2477 8048 5592 8722
3604 9 2 1 1 625 612 974 8723 8724 8725
3605 9 2 1 1 1967 1968 1969 8699 8576 8726
3606 9 2 1 1 1546 1584 1585 8727 8728 8729
3607 9 2 1 1 714 754 2448 8154 8721 8730
3608 9 2 1 1 1097 1096 1098 8035 8731 8732
3609 9 2 1 1 1715 1994 2499 7070 6103 7907
3610 9 2 1 1 1013 1890 2040 4807 8733 5702
3611 9 2 1 1 600 601 608 8734 8735 8736
3612 9 2 1 1 978 951 1154 8506 8737 8738
3613 9 2 1 1 1350 1217 1443 8613 8739 8740
3614 9 2 1 1 1992 2440 2486 8187 8741 8742
3615 9 2 1 1 935 1199 2503 7608 7325 8743
3616 9 2 1 1 1438 1706 1756 7473 8744 8745
3617 9 2 1 1 2018 2006 2321 8694 8498 4003
3618 9 2 1 1 1795 1603 2427 8133 8746 4109
3619 9 2 1 1 1544 2413 2491 8499 8664 8747
3620 9 2 1 1 430 1321 2400 8220 8748 8235
3621 9 2 1 1 1193 1379 2451 8516 8749 8669
3622 9 2 1 1 779 919 2457 8079 4681 8750
3623 9 2 1 1 1298 1606 2419 7847 8751 8752
3624 9 2 1 1 827 1072 2465 7946 4539 8692
3625 9 2 1 1 1546 1332 1584 8627 8753 8727
3626 9 2 1 1 1585 1584 1729 8728 8359 8637
3627 9 2 1 1 106 107 1066 156 8754 5982
3628 9 2 1 1 813 763 2486 5736 6215 8755
3629 9 2 1 1 1542 2357 2522 5414 8523 5387
3630 9 2 1 1 1213 1134 1354 8505 8756 8757
3631 9 2 1 1 1664 2515 2536 8758 7479 8759
3632 9 2 1 1 1470 1233 1635 7131 8760 8761
3633 9 2 1 1 1012 1011 1231 7890 8681 8085
3634 9 2 1 1 1834 1181 1835 8762 8763 3802
3635 9 2 1 1 1488 1392 1489 8672 6729 8716
3636 9 2 1 1 1793 1584 2428 8360 8764 8765
3637 9 2 1 1 1540 1230 1541 8766 6961 8767
3638 9 2 1 1 801 803 2562 6911 4853 8768
3639 9 2 1 1 1607 1530 2474 8022 8294 8769
3640 9 2 1 1 700 681 724 8770 8771 8772
3641 9 2 1 1 1302 1304 1486 8054 8773 8680
3642 9 2 1 1 609 601 610 8774 8775 8776
3643 9 2 1 1 778 893 2385 7948 8705 8777
3644 9 2 1 1 1137 1378 2449 8369 8714 8778
3645 9 2 1 1 865 923 970 8618 8330 8779
3646 9 2 1 1 584 585 600 8707 8780 8781
3647 9 2 1 1 1409 745 2457 8180 8782 4319
3648 9 2 1 1 745 724 760 8783 8784 8785
3649 9 2 1 1 779 760 821 8786 7810 8787
3650 9 2 1 1 680 681 700 8719 8770 8788
3651 9 2 1 1 1379 1627 2451 8350 8789 8749
3652 9 2 1 1 745 760 779 8785 8786 8790
3653 9 2 1 1 980 1137 2449 6900 8778 8791
3654 9 2 1 1 1139 980 2449 8057 8791 4444
3655 9 2 1 1 1669 2554 2568 7057 8792 8793
3656 9 2 1 1 779 821 918 8787 8794 8077
3657 9 2 1 1 1960 1510 2446 8111 8795 4667
3658 9 2 1 1 1995 1876 2579 4468 8796 8797
3659 9 2 1 1 852 1662 2512 7981 8686 8798
3660 9 2 1 1 1351 1444 1702 8799 8800 8046
3661 9 2 1 1 908 910 2502 5585 8617 7514
3662 9 2 1 1 637 668 2438 8139 8801 8711
3663 9 2 1 1 1213 1354 1547 8757 8802 8803
3664 9 2 1 1 700 724 745 8772 8783 8179
3665 9 2 1 1 1547 1694 1766 8804 8805 8806
3666 9 2 1 1 1664 2467 2515 8267 8807 8758
3667 9 2 1 1 705 682 2511 7092 8177 8517
3668 9 2 1 1 515 2354 2542 7869 8082 8808
3669 9 2 1 1 1355 1357 2429 7706 8809 8564
3670 9 2 1 1 920 977 2468 8662 8810 8811
3671 9 2 1 1 593 592 604 7215 8340 8396
3672 9 2 1 1 108 557 2447 8138 8812 8278
3673 9 2 1 1 1859 1533 2593 6637 4519 4431
3674 9 2 1 1 668 1548 2438 8495 8813 8801
3675 9 2 1 1 1072 825 2514 7945 8814 4432
3676 9 2 1 1 2568 1566 2588 8815 8816 8817
3677 9 2 1 1 861 864 2517 7871 6304 8818
3678 9 2 1 1 1351 1205 1444 8537 8142 8799
3679 9 2 1 1 2201 2294 2492 7388 8170 6614
3680 9 2 1 1 1547 1354 1694 8802 8016 8804
3681 9 2 1 1 1158 984 2444 8075 8819 8820
3682 9 2 1 1 1329 1575 2305 8402 8821 8822
3683 9 2 1 1 1297 1405 2427 7674 4117 8823
3684 9 2 1 1 1702 1444 1762 8800 8331 8824
3685 9 2 1 1 651 634 2476 7817 8825 8826
3686 9 2 1 1 1584 1332 2428 8753 7985 8764
3687 9 2 1 1 1510 1512 2446 7337 8827 8795
3688 9 2 1 1 1632 1324 2469 8152 8679 8828
3689 9 2 1 1 1553 2309 2580 5617 4770 8829
3690 9 2 1 1 1774 1695 2487 7770 5621 8830
3691 9 2 1 1 2170 2169 2507 6154 6783 4901
3692 9 2 1 1 1311 1758 2445 8146 8831 8832
3693 9 2 1 1 1514 2407 2489 7906 7014 8323
3694 9 2 1 1 860 858 2453 7255 8833 8834
3695 9 2 1 1 2390 1081 2534 7422 8835 6013
3696 9 2 1 1 1264 1330 1331 8602 8701 8836
3697 9 2 1 1 1133 1311 2445 8240 8832 8650
3698 9 2 1 1 1643 1642 2556 6945 8245 8837
3699 9 2 1 1 772 750 2434 8366 8549 8838
3700 9 2 1 1 1018 1230 1540 7828 8766 8839
3701 9 2 1 1 777 756 2577 5672 8840 4036
3702 9 2 1 1 1410 636 2315 7926 7471 8841
3703 9 2 1 1 1217 1214 2481 8320 8842 8843
3704 9 2 1 1 634 647 2476 8530 8674 8825
3705 9 2 1 1 2476 2377 2533 7135 8844 8845
3706 9 2 1 1 1349 1190 1382 8846 4777 8847
3707 9 2 1 1 1214 1213 2481 7902 8848 8842
3708 9 2 1 1 611 610 612 8849 8850 8851
3709 9 2 1 1 858 2280 2453 8217 8852 8833
3710 9 2 1 1 2004 2006 2017 7592 8693 7611
3711 9 2 1 1 573 118 2324 7490 8634 8853
3712 9 2 1 1 924 928 2381 5851 8854 8855
3713 9 2 1 1 1563 1622 1623 8503 8856 8857
3714 9 2 1 1 923 924 2381 5356 8855 7691
3715 9 2 1 1 1464 1341 2451 8500 8670 8858
3716 9 2 1 1 31 32 2436 75 8859 8860
3717 9 2 1 1 990 989 2455 8636 8861 8862
3718 9 2 1 1 626 619 627 8559 8863 8675
3719 9 2 1 1 1409 2093 2571 4318 8864 8865
3720 9 2 1 1 878 780 2441 7919 8866 8867
3721 9 2 1 1 648 627 649 8676 8868 8428
3722 9 2 1 1 712 714 2448 6958 8730 8869
3723 9 2 1 1 1018 1540 2502 8839 8870 8616
3724 9 2 1 1 1508 1301 2282 7305 8112 4144
3725 9 2 1 1 619 612 625 8871 8723 8872
3726 9 2 1 1 1102 1104 1274 8873 8874 8875
3727 9 2 1 1 1285 1351 2477 8538 8722 7175
3728 9 2 1 1 1259 1676 2504 8096 8876 8877
3729 9 2 1 1 1033 1161 2442 6524 8878 8525
3730 9 2 1 1 2441 780 2456 8866 8604 8879
3731 9 2 1 1 625 1196 1259 8880 8881 8882
3732 9 2 1 1 1331 1582 1583 8702 8883 8884
3733 9 2 1 1 1763 1444 2495 8332 8143 8885
3734 9 2 1 1 700 1409 2475 8181 8886 8887
3735 9 2 1 1 1124 1296 2491 8218 8508 8663
3736 9 2 1 1 725 680 2475 8072 8888 8889
3737 9 2 1 1 2194 2277 2583 5903 4596 8890
3738 9 2 1 1 1635 1233 2458 8760 8691 8891
3739 9 2 1 1 608 601 609 8735 8774 8892
3740 9 2 1 1 600 585 601 8780 8893 8734
3741 9 2 1 1 998 2445 2469 8651 8894 8479
3742 9 2 1 1 1196 974 1197 8895 8896 8897
3743 9 2 1 1 842 2492 2540 6615 8898 6464
3744 9 2 1 1 611 612 619 8851 8871 8558
3745 9 2 1 1 475 474 1995 494 4675 8899
3746 9 2 1 1 1110 1136 2527 5010 8900 8901
3747 9 2 1 1 1166 1055 2480 8110 8902 8903
3748 9 2 1 1 984 1200 2444 8383 8904 8819
3749 9 2 1 1 1258 778 2385 8703 8777 8905
3750 9 2 1 1 1171 1298 2419 8262 8752 8687
3751 9 2 1 1 1357 1737 2429 8064 8906 8809
3752 9 2 1 1 1268 1672 2458 8413 8907 8908
3753 9 2 1 1 1512 1698 2446 8250 4566 8827
3754 9 2 1 1 1259 1266 1507 8909 8910 8094
3755 9 2 1 1 2513 863 2517 8015 8911 8912
3756 9 2 1 1 863 861 2517 6132 8818 8911
3757 9 2 1 1 1081 2081 2534 4857 4333 8835
3758 9 2 1 1 1507 1266 1563 8910 8501 8913
3759 9 2 1 1 1438 1756 2543 8745 8914 8629
3760 9 2 1 1 694 516 2542 7560 8915 6668
3761 9 2 1 1 609 610 611 8776 8849 6527
3762 9 2 1 1 710 738 739 8572 7834 8916
3763 9 2 1 1 2434 725 2475 8548 8889 8917
3764 9 2 1 1 1648 1653 2519 8224 8199 8918
3765 9 2 1 1 1231 1268 2458 8600 8908 8690
3766 9 2 1 1 972 860 2453 8425 8834 8712
3767 9 2 1 1 1445 1800 2557 7403 8919 8920
3768 9 2 1 1 758 767 2456 8614 8921 8603
3769 9 2 1 1 963 878 2441 8632 8867 8443
3770 9 2 1 1 1679 1158 2444 8533 8820 8922
3771 9 2 1 1 690 709 747 7875 8923 8924
3772 9 2 1 1 1055 2353 2480 8173 8925 8902
3773 9 2 1 1 865 970 2463 8779 6965 8926
3774 9 2 1 1 761 2623 2625 8927 8928 8929
3775 9 2 1 1 1603 1297 2427 8141 8823 8746
3776 9 2 1 1 1290 1166 2480 8338 8903 8251
3777 9 2 1 1 2351 1648 2519 6808 8918 4356
3778 9 2 1 1 625 974 1196 8725 8895 8880
3779 9 2 1 1 1097 1099 2399 8930 8931 8437
3780 9 2 1 1 709 752 2494 7463 8932 8933
3781 9 2 1 1 1282 1431 2497 7311 8934 8935
3782 9 2 1 1 597 598 606 4630 5936 3971
3783 9 2 1 1 1525 1647 2559 7144 4225 8936
3784 9 2 1 1 1548 688 2503 8494 8937 7331
3785 9 2 1 1 1583 1582 1732 8883 6993 8938
3786 9 2 1 1 1381 1257 2572 8196 8939 4804
3787 9 2 1 1 2426 772 2434 8433 8838 8940
3788 9 2 1 1 2613 1485 2664 3987 4069 8941
3789 9 2 1 1 623 635 904 7712 8942 8943
3790 9 2 1 1 2218 2506 2554 8136 8944 7056
3791 9 2 1 1 1543 1840 1841 7970 8945 8946
3792 9 2 1 1 1184 990 2455 8633 8862 8947
3793 9 2 1 1 2384 1194 2509 7460 7249 5430
3794 9 2 1 1 825 646 2514 7106 8948 8814
3795 9 2 1 1 901 794 2531 7887 8949 4287
3796 9 2 1 1 1754 1381 2490 8001 4803 3460
3797 9 2 1 1 989 1164 2455 8529 8950 8861
3798 9 2 1 1 209 1056 2375 7303 8951 8524
3799 9 2 1 1 1329 2305 2442 8822 7170 8952
3800 9 2 1 1 1711 1465 2479 8446 8953 8954
3801 9 2 1 1 1161 1329 2442 8230 8952 8878
3802 9 2 1 1 1358 1617 2484 8546 3095 8955
3803 9 2 1 1 1443 1217 2481 8739 8843 8956
3804 9 2 1 1 1147 1028 1190 6626 8957 6688
3805 9 2 1 1 1466 1282 2497 8372 8935 3920
3806 9 2 1 1 806 804 2515 7287 8684 8958
3807 9 2 1 1 1606 1752 2523 8176 8959 8960
3808 9 2 1 1 1254 852 2512 7510 8798 8961
3809 9 2 1 1 2467 806 2515 8577 8958 8807
3810 9 2 1 1 1259 1196 1266 8881 8962 8909
3811 9 2 1 1 1336 2419 2523 8478 8963 8964
3812 9 2 1 1 1164 1546 2455 8628 8965 8950
3813 9 2 1 1 1540 1541 1557 8767 8966 8967
3814 9 2 1 1 745 779 2457 8790 8750 8782
3815 9 2 1 1 2466 1992 2486 8467 8742 8299
3816 9 2 1 1 1136 1413 2527 7646 8968 8900
3817 9 2 1 1 1550 1481 2545 8093 8969 8970
3818 9 2 1 1 977 1002 2468 8710 8971 8810
3819 9 2 1 1 667 1410 2319 7927 8972 8243
3820 9 2 1 1 790 903 2548 7916 4239 8973
3821 9 2 1 1 1211 1103 2518 8377 8520 8974
3822 9 2 1 1 731 2616 2620 8975 8976 8977
3823 9 2 1 1 698 1853 1854 4245 4870 8978
3824 9 2 1 1 862 865 2463 8465 8926 8309
3825 9 2 1 1 1257 2546 2572 8527 8979 8939
3826 9 2 1 1 831 835 2552 7804 4457 8980
3827 9 2 1 1 771 2410 2506 7617 8981 8982
3828 9 2 1 1 624 744 2315 8657 3701 7470
3829 9 2 1 1 1108 1110 1275 8983 8984 8985
3830 9 2 1 1 1589 2480 2529 8252 8986 7848
3831 9 2 1 1 1306 1555 2478 8031 8987 8988
3832 9 2 1 1 1348 1190 1349 6689 8846 5609
3833 9 2 1 1 2440 813 2486 8542 8755 8741
3834 9 2 1 1 631 614 2483 8547 8989 8521
3835 9 2 1 1 2132 692 2598 4400 8990 4279
3836 9 2 1 1 821 920 2472 8466 8991 8992
3837 9 2 1 1 1320 1256 2484 8584 8993 8994
3838 9 2 1 1 2389 2483 2564 8522 8995 8996
3839 9 2 1 1 475 1995 2579 8899 8797 8997
3840 9 2 1 1 1465 1785 2479 8488 8998 8953
3841 9 2 1 1 1256 1358 2484 8545 8955 8993
3842 9 2 1 1 1691 1447 2482 8611 8999 9000
3843 9 2 1 1 2491 1604 2520 8507 7897 9001
3844 9 2 1 1 767 1671 2456 8553 9002 8921
3845 9 2 1 1 1066 107 2447 8754 8279 9003
3846 9 2 1 1 1213 1547 2481 8803 9004 8848
3847 9 2 1 1 680 700 2475 8788 8887 8888
3848 9 2 1 1 1417 1418 2318 8463 9005 8398
3849 9 2 1 1 2483 1663 2564 9006 4664 8995
3850 9 2 1 1 2453 2280 2558 8852 9007 9008
3851 9 2 1 1 578 620 621 9009 8652 9010
3852 9 2 1 1 1150 1320 2539 8585 9011 9012
3853 9 2 1 1 918 821 2472 8794 8992 9013
3854 9 2 1 1 729 685 2533 8570 9014 9015
3855 9 2 1 1 985 2251 2530 6701 6629 9016
3856 9 2 1 1 1447 1687 2482 8575 9017 8999
3857 9 2 1 1 2460 1549 2563 7563 9018 9019
3858 9 2 1 1 1184 2455 2544 8947 9020 9021
3859 9 2 1 1 2611 1674 2616 8410 9022 9023
3860 9 2 1 1 1856 1854 1857 9024 9025 9026
3861 9 2 1 1 794 792 2531 7107 9027 8949
3862 9 2 1 1 600 608 663 8736 9028 9029
3863 9 2 1 1 517 694 2569 7561 7587 9030
3864 9 2 1 1 1639 1898 2524 7697 4166 9031
3865 9 2 1 1 1605 2520 2537 9032 8265 9033
3866 9 2 1 1 2531 792 2548 9027 9034 4253
3867 9 2 1 1 1431 1831 2497 8644 3958 8934
3868 9 2 1 1 2451 1627 2538 8789 9035 9036
3869 9 2 1 1 614 603 2483 7776 9037 8989
3870 9 2 1 1 738 691 2319 8571 8244 7298
3871 9 2 1 1 695 519 2575 7555 9038 5122
3872 9 2 1 1 2419 1606 2523 8751 8960 8963
3873 9 2 1 1 879 836 2566 7976 9039 4371
3874 9 2 1 1 1479 1490 2545 8168 4717 9040
3875 9 2 1 1 1167 985 2530 8228 9016 6159
3876 9 2 1 1 516 515 2542 535 8808 8915
3877 9 2 1 1 1134 978 2501 8513 9041 9042
3878 9 2 1 1 688 707 2503 7989 9043 8937
3879 9 2 1 1 1464 2451 2538 8858 9036 9044
3880 9 2 1 1 1545 1664 2536 6546 8759 8601
3881 9 2 1 1 578 9 620 8025 9045 9009
3882 9 2 1 1 2523 1752 2561 8959 9046 9047
3883 9 2 1 1 1608 1336 2523 8426 8964 9048
3884 9 2 1 1 1791 2293 2526 6378 4350 9049
3885 9 2 1 1 978 1154 2501 8738 6035 9041
3886 9 2 1 1 1710 1306 2478 8594 8988 9050
3887 9 2 1 1 1665 2513 2517 8631 8912 7419
3888 9 2 1 1 1860 1488 2547 8454 9051 4321
3889 9 2 1 1 920 2468 2472 8811 3123 8991
3890 9 2 1 1 651 2476 2533 8826 8845 9052
3891 9 2 1 1 1097 1098 1099 8732 9053 8930
3892 9 2 1 1 1583 1732 1790 8938 9054 9055
3893 9 2 1 1 685 651 2533 7905 9052 9014
3894 9 2 1 1 1232 1011 2506 8682 9056 8135
3895 9 2 1 1 1354 1134 2501 8756 9042 8551
3896 9 2 1 1 2480 2353 2529 8925 9057 8986
3897 9 2 1 1 1391 1860 2541 8455 4302 9058
3898 9 2 1 1 1011 771 2506 8367 8982 9056
3899 9 2 1 1 1608 2523 2561 9048 9047 9059
3900 9 2 1 1 1605 1544 2520 8363 9060 9032
3901 9 2 1 1 635 666 2516 7999 9061 9062
3902 9 2 1 1 603 1663 2483 8582 9006 9037
3903 9 2 1 1 2042 2319 2532 7299 9063 9064
3904 9 2 1 1 1725 1605 2537 8223 9033 9065
3905 9 2 1 1 997 955 1186 9066 9067 9068
3906 9 2 1 1 2328 2453 2558 8713 9008 9069
3907 9 2 1 1 2455 1546 2544 8965 9070 9020
3908 9 2 1 1 1904 1639 2524 8391 9031 4889
3909 9 2 1 1 2432 1967 2560 6150 9071 9072
3910 9 2 1 1 1144 1112 2539 7982 9073 9074
3911 9 2 1 1 2353 959 2529 8248 9075 9057
3912 9 2 1 1 2364 1566 2568 7524 8815 9076
3913 9 2 1 1 1486 1304 2541 8773 9077 4565
3914 9 2 1 1 1190 1028 2535 8957 9078 4778
3915 9 2 1 1 530 529 2614 549 4172 9079
3916 9 2 1 1 2307 712 2448 8253 8869 9080
3917 9 2 1 1 707 935 2503 8708 8743 9043
3918 9 2 1 1 572 31 2436 8648 8860 9081
3919 9 2 1 1 2399 1099 2525 8931 9082 9083
3920 9 2 1 1 1967 1969 2560 8726 9084 9071
3921 9 2 1 1 1028 2381 2535 7692 9085 9078
3922 9 2 1 1 747 709 2494 8923 8933 9086
3923 9 2 1 1 1961 2217 2540 8281 4956 9087
3924 9 2 1 1 619 625 2504 8872 9088 9089
3925 9 2 1 1 2492 1961 2540 8405 9087 8898
3926 9 2 1 1 2495 1144 2539 7764 9074 9090
3927 9 2 1 1 1819 1464 2538 8544 9044 2974
3928 9 2 1 1 1304 1391 2541 8555 9058 9077
3929 9 2 1 1 1481 1479 2545 7527 9040 8969
3930 9 2 1 1 1747 1643 2556 7141 8837 4295
3931 9 2 1 1 2280 1254 2558 6631 9091 9007
3932 9 2 1 1 1669 2568 2588 8793 8817 9092
3933 9 2 1 1 396 395 2591 415 5197 9093
3934 9 2 1 1 1673 2558 2576 9094 9095 9096
3935 9 2 1 1 32 1071 2436 8642 9097 8859
3936 9 2 1 1 792 790 2548 7116 8973 9034
3937 9 2 1 1 1349 1382 1618 8847 8484 9098
3938 9 2 1 1 1544 2491 2520 8747 9001 9060
3939 9 2 1 1 954 875 955 5829 9099 9100
3940 9 2 1 1 1455 1277 1624 8305 9101 9102
3941 9 2 1 1 627 619 2504 8863 9089 9103
3942 9 2 1 1 800 1073 2584 7943 4269 9104
3943 9 2 1 1 2506 2410 2554 8981 9105 8944
3944 9 2 1 1 2320 1346 2607 7214 4759 9106
3945 9 2 1 1 2172 887 2624 5218 4317 9107
3946 9 2 1 1 1102 1274 2525 8875 9108 9109
3947 9 2 1 1 1667 1666 2602 5485 9110 9111
3948 9 2 1 1 2229 2198 2551 6297 8471 8511
3949 9 2 1 1 476 475 2579 495 8997 9112
3950 9 2 1 1 1673 2328 2558 7234 9069 9094
3951 9 2 1 1 625 1259 2504 8882 8877 9088
3952 9 2 1 1 1622 1266 2508 8502 9113 9114
3953 9 2 1 1 663 608 1180 9028 9115 9116
3954 9 2 1 1 928 1768 2381 8697 9117 8854
3955 9 2 1 1 1516 2433 2543 8424 8630 8400
3956 9 2 1 1 833 831 2552 7529 8980 9118
3957 9 2 1 1 1546 1585 2544 8729 9119 9070
3958 9 2 1 1 902 802 2584 7950 9120 4373
3959 9 2 1 1 1099 1098 1100 9053 7715 9121
3960 9 2 1 1 1555 1261 2600 8030 9122 9123
3961 9 2 1 1 1294 1184 2544 8683 9021 9124
3962 9 2 1 1 1112 1150 2539 8700 9012 9073
3963 9 2 1 1 1197 1455 2508 8306 9125 9126
3964 9 2 1 1 621 623 2496 7826 9127 9128
3965 9 2 1 1 1108 1109 1110 9129 7467 8983
3966 9 2 1 1 1786 1568 2594 7568 9130 9131
3967 9 2 1 1 653 2232 2587 4581 4677 9132
3968 9 2 1 1 520 695 2596 7556 7195 9133
3969 9 2 1 1 1488 1523 2547 8717 9134 9051
3970 9 2 1 1 2371 1406 2617 7126 9135 9136
3971 9 2 1 1 729 2533 2586 9015 9137 9138
3972 9 2 1 1 2448 1258 2563 8720 9139 9140
3973 9 2 1 1 643 653 2587 8335 9132 9141
3974 9 2 1 1 2547 1523 2559 9134 9142 4282
3975 9 2 1 1 2409 2438 2549 8622 9143 9144
3976 9 2 1 1 1523 1525 2559 8100 8936 9142
3977 9 2 1 1 1408 2409 2549 8580 9144 9145
3978 9 2 1 1 1261 740 2586 8215 9146 9147
3979 9 2 1 1 904 635 2516 8942 9062 9148
3980 9 2 1 1 2259 2263 2605 7166 4591 9149
3981 9 2 1 1 2438 1548 2549 8813 9150 9143
3982 9 2 1 1 1275 1110 2527 8984 8901 7503
3983 9 2 1 1 2042 2532 2567 9064 3345 9151
3984 9 2 1 1 2410 1068 2554 8343 9152 9105
3985 9 2 1 1 887 801 2562 6325 8768 4315
3986 9 2 1 1 1196 1197 2508 8897 9126 9153
3987 9 2 1 1 1346 1445 2557 7701 8920 4757
3988 9 2 1 1 2558 1254 2576 9091 9154 9095
3989 9 2 1 1 1266 1196 2508 8962 9153 9113
3990 9 2 1 1 696 522 2601 7557 9155 4923
3991 9 2 1 1 954 955 996 9100 9156 7440
3992 9 2 1 1 1426 1675 2603 7399 9157 9158
3993 9 2 1 1 1255 2441 2546 8444 9159 8526
3994 9 2 1 1 838 879 2599 7977 4601 9160
3995 9 2 1 1 1969 1975 2560 8053 9161 9084
3996 9 2 1 1 609 2435 2573 6529 9162 9163
3997 9 2 1 1 584 600 2493 8781 9164 9165
3998 9 2 1 1 1099 1100 1102 9121 9166 9167
3999 9 2 1 1 201 881 2044 5607 9168 9169
4000 9 2 1 1 612 610 2452 8850 9170 9171
4001 9 2 1 1 1102 1100 1103 9166 8519 9172
4002 9 2 1 1 2514 646 2587 8948 9173 4563
4003 9 2 1 1 2307 2448 2563 9080 9140 9174
4004 9 2 1 1 2319 1410 2532 8972 9175 9063
4005 9 2 1 1 833 2552 2566 9118 4403 9176
4006 9 2 1 1 1735 1608 2561 8379 9059 9177
4007 9 2 1 1 2381 1768 2535 9117 9178 9085
4008 9 2 1 1 1548 2521 2549 7332 9179 9150
4009 9 2 1 1 392 1939 2645 4017 4314 9180
4010 9 2 1 1 2435 2190 2573 4622 7759 9162
4011 9 2 1 1 2091 2090 2633 4726 9181 9182
4012 9 2 1 1 1704 1349 2550 5610 9183 9184
4013 9 2 1 1 588 476 2579 7024 9112 9185
4014 9 2 1 1 1585 1792 2574 8639 9186 9187
4015 9 2 1 1 1250 2184 2648 5303 9188 9189
4016 9 2 1 1 1618 1761 1802 8486 9190 9191
4017 9 2 1 1 2090 1401 2640 5992 9192 9193
4018 9 2 1 1 1056 2432 2560 8106 9072 9194
4019 9 2 1 1 836 833 2566 7595 9176 9039
4020 9 2 1 1 1557 1541 2585 8966 9195 4742
4021 9 2 1 1 518 517 2569 537 9030 9196
4022 9 2 1 1 681 649 2581 8718 9197 9198
4023 9 2 1 1 1549 2307 2563 7499 9174 9018
4024 9 2 1 1 997 1186 2555 9068 9199 9200
4025 9 2 1 1 1180 608 2573 9115 9201 5494
4026 9 2 1 1 2557 1800 2603 8919 5196 9202
4027 9 2 1 1 681 2581 2604 9198 9203 9204
4028 9 2 1 1 1675 1673 2576 7398 9096 9205
4029 9 2 1 1 2460 2563 2589 9019 9206 9207
4030 9 2 1 1 2441 2456 2546 8879 9208 9159
4031 9 2 1 1 2608 1711 2615 9209 9210 9211
4032 9 2 1 1 622 620 2597 8653 9212 9213
4033 9 2 1 1 1401 1250 2644 5765 9214 9215
4034 9 2 1 1 2554 1068 2568 9152 9216 8792
4035 9 2 1 1 200 201 2044 244 9169 9217
4036 9 2 1 1 2533 2377 2586 8844 9218 9137
4037 9 2 1 1 390 389 2553 409 7699 9219
4038 9 2 1 1 1068 2364 2568 8147 9076 9216
4039 9 2 1 1 663 1180 1181 9116 9220 9221
4040 9 2 1 1 2093 2091 2630 5682 9222 9223
4041 9 2 1 1 2546 1671 2572 9224 9225 8979
4042 9 2 1 1 2621 1331 2629 9226 9227 9228
4043 9 2 1 1 822 760 2610 7811 9229 4657
4044 9 2 1 1 608 609 2573 8892 9163 9201
4045 9 2 1 1 1102 1103 1104 9172 9230 8873
4046 9 2 1 1 2469 2445 2565 8894 9231 9232
4047 9 2 1 1 2273 2511 2627 8518 9233 9234
4048 9 2 1 1 523 696 2612 7558 8140 9235
4049 9 2 1 1 1555 2600 2608 9123 9236 9237
4050 9 2 1 1 1104 1103 1105 9230 8376 9238
4051 9 2 1 1 2385 1556 2589 7932 9239 9240
4052 9 2 1 1 623 904 2496 8943 3298 9127
4053 9 2 1 1 1065 2622 2634 8532 9241 8619
4054 9 2 1 1 519 518 2575 538 9242 9038
4055 9 2 1 1 756 734 2577 5287 8615 8840
4056 9 2 1 1 2445 1758 2565 8831 3574 9231
4057 9 2 1 1 2527 2024 2528 9243 9244 7504
4058 9 2 1 1 1800 1801 2570 7850 3230 5194
4059 9 2 1 1 1718 1682 2578 7522 9245 9246
4060 9 2 1 1 2176 2389 2564 6990 8996 8049
4061 9 2 1 1 1108 1107 1109 9247 9248 9129
4062 9 2 1 1 2539 1320 2590 9011 9249 9250
4063 9 2 1 1 1671 1710 2572 8595 5571 9225
4064 9 2 1 1 2184 1571 2650 5693 4052 9251
4065 9 2 1 1 2504 1676 2581 8876 9252 9253
4066 9 2 1 1 1632 2469 2565 8828 9232 9254
4067 9 2 1 1 1388 1668 2613 7246 4015 9255
4068 9 2 1 1 2378 1294 2574 7726 9256 9257
4069 9 2 1 1 2456 1671 2546 9002 9224 9208
4070 9 2 1 1 1340 1711 2608 8447 9209 9258
4071 9 2 1 1 518 2569 2575 9196 5512 9242
4072 9 2 1 1 1099 1102 2525 9167 9109 9082
4073 9 2 1 1 578 621 1615 9010 9259 9260
4074 9 2 1 1 875 2042 2567 8560 9151 9261
4075 9 2 1 1 974 612 2452 8724 9171 9262
4076 9 2 1 1 2195 2194 2583 6520 8890 7464
4077 9 2 1 1 1537 2305 2595 7094 9263 7922
4078 9 2 1 1 1657 1553 2580 6517 8829 4509
4079 9 2 1 1 1294 2544 2574 9124 9264 9256
4080 9 2 1 1 2544 1585 2574 9119 9187 9264
4081 9 2 1 1 2305 1575 2595 8821 9265 9263
4082 9 2 1 1 1187 997 1191 9266 9267 9268
4083 9 2 1 1 697 525 2618 7559 9269 9270
4084 9 2 1 1 1261 2586 2600 9147 9271 9122
4085 9 2 1 1 2426 2434 2571 8940 9272 9273
4086 9 2 1 1 802 800 2584 7290 9104 9120
4087 9 2 1 1 1413 2023 2024 6780 9274 9275
4088 9 2 1 1 820 1047 2619 7142 8328 9276
4089 9 2 1 1 1467 1181 1834 9277 8762 9278
4090 9 2 1 1 996 997 1187 9279 9266 5040
4091 9 2 1 1 627 2504 2581 9103 9253 9280
4092 9 2 1 1 1543 1841 2585 8946 4440 9281
4093 9 2 1 1 1104 1105 1106 9238 9282 9283
4094 9 2 1 1 1284 1669 2588 6899 9092 9284
4095 9 2 1 1 1106 1105 1107 9282 9285 9286
4096 9 2 1 1 663 1181 1467 9221 9277 9287
4097 9 2 1 1 1541 1543 2585 7920 9281 9195
4098 9 2 1 1 2495 2539 2590 9090 9250 9288
4099 9 2 1 1 2434 2475 2571 8917 9289 9272
4100 9 2 1 1 610 601 2582 8775 9290 9291
4101 9 2 1 1 2502 1540 2592 8870 9292 9293
4102 9 2 1 1 1284 2588 2594 9284 9294 9295
4103 9 2 1 1 1675 2557 2603 8171 9202 9157
4104 9 2 1 1 585 5 1678 8706 9296 9297
4105 9 2 1 1 2094 2502 2592 7515 9293 8476
4106 9 2 1 1 719 396 2591 6954 9093 3959
4107 9 2 1 1 649 627 2581 8868 9280 9197
4108 9 2 1 1 646 643 2587 7512 9141 9173
4109 9 2 1 1 1106 1107 1108 9286 9247 9298
4110 9 2 1 1 2588 1567 2594 9299 9300 9294
4111 9 2 1 1 1181 1180 2626 9220 9301 9302
4112 9 2 1 1 2475 1409 2571 8886 8865 9289
4113 9 2 1 1 1566 1567 2588 7605 9299 8816
4114 9 2 1 1 2563 1258 2589 9139 9303 9206
4115 9 2 1 1 1413 2024 2527 9275 9243 8968
4116 9 2 1 1 2330 2406 2609 8103 9304 9305
4117 9 2 1 1 2511 2180 2627 4285 4572 9233
4118 9 2 1 1 601 585 2582 8893 9306 9290
4119 9 2 1 1 2452 610 2582 9170 9291 9307
4120 9 2 1 1 1254 2512 2576 8961 9308 9154
4121 9 2 1 1 1872 1870 2606 5022 9309 9310
4122 9 2 1 1 740 729 2586 8563 9138 9146
4123 9 2 1 1 1550 2545 2624 8970 9311 9312
4124 9 2 1 1 731 686 2616 8504 9313 8975
4125 9 2 1 1 600 663 2493 9029 9314 9164
4126 9 2 1 1 1191 997 2555 9267 9200 9315
4127 9 2 1 1 1558 1683 2620 7314 9316 9317
4128 9 2 1 1 1568 1284 2594 7484 9295 9130
4129 9 2 1 1 996 955 997 9156 9066 9279
4130 9 2 1 1 2581 1676 2604 9252 9318 9203
4131 9 2 1 1 521 520 2596 540 9133 9319
4132 9 2 1 1 2640 1401 2644 9192 9215 9320
4133 9 2 1 1 1258 2385 2589 8905 9240 9303
4134 9 2 1 1 2630 2091 2633 9222 9182 9321
4135 9 2 1 1 692 2067 2598 4764 4619 8990
4136 9 2 1 1 724 2604 2610 9322 9323 9324
4137 9 2 1 1 698 1854 1856 8978 9024 4250
4138 9 2 1 1 1940 720 2654 3969 4380 9325
4139 9 2 1 1 2644 1250 2648 9214 9189 9326
4140 9 2 1 1 2589 1556 2617 9239 9327 9328
4141 9 2 1 1 1197 974 1276 8896 9329 9330
4142 9 2 1 1 1560 1686 2635 6829 9331 9332
4143 9 2 1 1 761 732 2623 8300 9333 8927
4144 9 2 1 1 2266 2638 2641 9334 9335 9336
4145 9 2 1 1 1197 1276 1277 9330 9337 8304
4146 9 2 1 1 2616 1674 2620 9022 9338 8976
4147 9 2 1 1 2344 1677 2622 5338 9339 8531
4148 9 2 1 1 1575 1789 2595 8641 4744 9265
4149 9 2 1 1 896 2631 2635 9340 8355 9341
4150 9 2 1 1 1540 1557 2592 8967 5236 9292
4151 9 2 1 1 521 2596 2601 9319 5006 9342
4152 9 2 1 1 1467 1834 1836 9278 3831 9343
4153 9 2 1 1 840 838 2599 7618 9160 9344
4154 9 2 1 1 697 2618 2641 9270 9345 9346
4155 9 2 1 1 522 521 2601 541 9342 9155
4156 9 2 1 1 744 622 2597 8656 9213 2989
4157 9 2 1 1 1186 955 2567 9067 9347 3174
4158 9 2 1 1 2586 2377 2600 9218 9348 9271
4159 9 2 1 1 2648 2184 2650 9188 9251 9349
4160 9 2 1 1 724 681 2604 8771 9204 9322
4161 9 2 1 1 2190 1667 2602 5781 9111 7760
4162 9 2 1 1 1948 721 2653 3996 4490 9350
4163 9 2 1 1 1677 1507 2622 8609 9351 9339
4164 9 2 1 1 2330 2609 2643 9305 9352 9353
4165 9 2 1 1 1763 2495 2590 8885 9288 9354
4166 9 2 1 1 896 816 2625 8394 9355 9356
4167 9 2 1 1 2377 1552 2600 7663 9357 9348
4168 9 2 1 1 1264 1331 2621 8836 9226 9358
4169 9 2 1 1 2604 1677 2610 9359 5339 9323
4170 9 2 1 1 1631 1426 2603 8231 9158 8352
4171 9 2 1 1 1562 2275 2631 5652 8353 9360
4172 9 2 1 1 2545 2172 2624 4716 9107 9311
4173 9 2 1 1 2371 2617 2621 9136 9361 9362
4174 9 2 1 1 2623 1683 2625 9363 9364 8928
4175 9 2 1 1 2260 2259 2605 6542 9149 7891
4176 9 2 1 1 955 875 2567 9099 9261 9347
4177 9 2 1 1 2460 2589 2617 9207 9328 9365
4178 9 2 1 1 1615 621 2496 9259 9128 9366
4179 9 2 1 1 1875 1872 2606 8307 9310 3860
4180 9 2 1 1 1618 1802 1803 9191 3144 9367
4181 9 2 1 1 1555 2608 2615 9237 9211 9368
4182 9 2 1 1 1180 2602 2626 5496 9369 9301
4183 9 2 1 1 1676 1677 2604 8610 9359 9318
4184 9 2 1 1 840 2599 2609 9344 4439 9370
4185 9 2 1 1 1870 1896 2606 5671 3999 9309
4186 9 2 1 1 1277 1276 1439 9337 9371 9372
4187 9 2 1 1 1984 722 2652 4033 4669 9373
4188 9 2 1 1 1592 1591 2651 8003 9374 9375
4189 9 2 1 1 2600 1552 2608 9357 9376 9236
4190 9 2 1 1 1552 1340 2608 7322 9258 9376
4191 9 2 1 1 2406 840 2609 7993 9370 9304
4192 9 2 1 1 663 1467 2493 9287 9377 9314
4193 9 2 1 1 524 523 2612 543 9235 9378
4194 9 2 1 1 895 896 2636 8395 9379 9380
4195 9 2 1 1 2633 2090 2640 9181 9193 9381
4196 9 2 1 1 2512 2320 2607 8685 9106 9382
4197 9 2 1 1 2426 2571 2630 9273 9383 9384
4198 9 2 1 1 2626 1666 2632 9385 9386 9387
4199 9 2 1 1 1349 1618 2550 9098 9388 9183
4200 9 2 1 1 760 724 2610 8784 9324 9229
4201 9 2 1 1 2371 2621 2629 9362 9228 9389
4202 9 2 1 1 1408 2549 2611 9145 9390 9391
4203 9 2 1 1 1675 2576 2607 9205 9392 8172
4204 9 2 1 1 1408 2611 2616 9391 9023 9393
4205 9 2 1 1 524 2612 2618 9378 4934 9394
4206 9 2 1 1 620 9 1630 9045 9395 9396
4207 9 2 1 1 2576 2512 2607 9308 9382 9392
4208 9 2 1 1 525 524 2618 544 9394 9269
4209 9 2 1 1 2549 2521 2611 9179 9397 9390
4210 9 2 1 1 686 1408 2616 7973 9393 9313
4211 9 2 1 1 1636 1388 2613 8258 9255 9398
4212 9 2 1 1 2571 2093 2630 8864 9223 9383
4213 9 2 1 1 585 1678 2582 9297 9399 9306
4214 9 2 1 1 1685 1684 2643 6817 9400 9401
4215 9 2 1 1 2452 2582 2628 9307 9402 9403
4216 9 2 1 1 2635 1686 2636 9331 9404 9405
4217 9 2 1 1 2521 2045 2611 7660 8411 9397
4218 9 2 1 1 958 820 2619 6390 9276 4178
4219 9 2 1 1 2304 530 2614 5138 9079 9406
4220 9 2 1 1 1406 2460 2617 6814 9365 9135
4221 9 2 1 1 2609 1685 2643 4438 9401 9352
4222 9 2 1 1 2478 1555 2615 8987 9368 3448
4223 9 2 1 1 1276 974 2452 9329 9262 9407
4224 9 2 1 1 391 390 1014 410 9408 4047
4225 9 2 1 1 1835 2626 2632 9409 9387 3818
4226 9 2 1 1 393 392 2645 412 9180 9410
4227 9 2 1 1 1777 1449 2646 7545 9411 9412
4228 9 2 1 1 1674 1558 2620 6054 9317 9338
4229 9 2 1 1 1467 1836 1838 9343 3954 9413
4230 9 2 1 1 896 2635 2636 9341 9405 9379
4231 9 2 1 1 1441 1442 2649 7665 9414 9415
4232 9 2 1 1 1556 1264 2621 8286 9358 9416
4233 9 2 1 1 2643 1684 2646 9400 9417 9418
4234 9 2 1 1 1467 1838 2493 9413 9419 9377
4235 9 2 1 1 2582 1678 2628 9399 9420 9402
4236 9 2 1 1 2620 1683 2623 9316 9363 9421
4237 9 2 1 1 1618 1803 2550 9367 3260 9388
4238 9 2 1 1 2267 2266 2641 6333 9336 9422
4239 9 2 1 1 732 731 2623 8189 9423 9333
4240 9 2 1 1 2618 2267 2641 4933 9422 9345
4241 9 2 1 1 1835 1181 2626 8763 9302 9409
4242 9 2 1 1 2602 1666 2626 9110 9385 9369
4243 9 2 1 1 1507 1563 2622 8913 9424 9351
4244 9 2 1 1 1868 1550 2624 8319 9312 5443
4245 9 2 1 1 2399 2525 2638 9083 9425 9426
4246 9 2 1 1 1953 1984 2652 7377 9373 9427
4247 9 2 1 1 1777 2646 2649 9412 9428 9429
4248 9 2 1 1 1591 2529 2647 7849 9430 9431
4249 9 2 1 1 620 1630 2597 9396 9432 9212
4250 9 2 1 1 1047 2273 2627 6246 9234 4277
4251 9 2 1 1 816 761 2625 8456 8929 9355
4252 9 2 1 1 1945 1948 2653 7395 9350 9433
4253 9 2 1 1 2617 1556 2621 9327 9416 9361
4254 9 2 1 1 1559 2371 2629 7349 9389 9434
4255 9 2 1 1 1683 1562 2631 7313 9360 9435
4256 9 2 1 1 1666 1470 2632 5696 9436 9386
4257 9 2 1 1 1936 1940 2654 7304 9325 9437
4258 9 2 1 1 1200 2426 2630 8689 9384 9438
4259 9 2 1 1 2622 1563 2634 9424 9439 9241
4260 9 2 1 1 1331 1583 2629 8884 9440 9227
4261 9 2 1 1 385 584 2639 7988 9441 4705
4262 9 2 1 1 896 2625 2631 9356 9442 9340
4263 9 2 1 1 2638 2311 2641 9443 9444 9335
4264 9 2 1 1 2428 2637 2642 9445 9446 9447
4265 9 2 1 1 1200 2630 2633 9438 9321 9448
4266 9 2 1 1 2428 1559 2637 7984 9449 9445
4267 9 2 1 1 2444 1200 2633 8904 9448 9450
4268 9 2 1 1 2275 1560 2635 7019 9332 8354
4269 9 2 1 1 584 2493 2639 9165 9451 9441
4270 9 2 1 1 1875 2064 2671 3859 4147 9452
4271 9 2 1 1 1563 1623 2634 8857 9453 9439
4272 9 2 1 1 731 2620 2623 8977 9421 9423
4273 9 2 1 1 1559 2629 2637 9434 9454 9449
4274 9 2 1 1 959 895 2636 8346 9380 9455
4275 9 2 1 1 1439 1276 2628 9371 9456 9457
4276 9 2 1 1 2657 1274 2665 9458 9459 9460
4277 9 2 1 1 1014 390 2553 9408 9219 4179
4278 9 2 1 1 2629 1583 2637 9440 9461 9454
4279 9 2 1 1 2637 1790 2642 9462 9463 9446
4280 9 2 1 1 2525 1274 2657 9108 9458 9464
4281 9 2 1 1 2444 2633 2640 9450 9381 9465
4282 9 2 1 1 2266 2399 2638 8688 9426 9334
4283 9 2 1 1 1679 2444 2640 8922 9465 9466
4284 9 2 1 1 1583 1790 2637 9055 9462 9461
4285 9 2 1 1 1876 1877 2656 4950 3989 9467
4286 9 2 1 1 718 393 2645 6906 9410 3992
4287 9 2 1 1 2311 697 2641 8246 9346 9444
4288 9 2 1 1 959 2636 2647 9455 9468 9469
4289 9 2 1 1 1793 2428 2642 8765 9447 9470
4290 9 2 1 1 1679 2640 2644 9466 9320 9471
4291 9 2 1 1 2636 1686 2647 9404 9472 9468
4292 9 2 1 1 1313 2330 2643 7072 9353 9473
4293 9 2 1 1 1680 1679 2644 8671 9471 9474
4294 9 2 1 1 1276 2452 2628 9407 9403 9456
4295 9 2 1 1 2625 1683 2631 9364 9435 9442
4296 9 2 1 1 1990 1988 2671 4641 9475 3916
4297 9 2 1 1 1313 2643 2646 9473 9418 9476
4298 9 2 1 1 1591 2647 2651 9431 9477 9374
4299 9 2 1 1 1449 1313 2646 7813 9476 9411
4300 9 2 1 1 1988 1875 2671 6743 9452 9475
4301 9 2 1 1 1680 2644 2648 9474 9326 9478
4302 9 2 1 1 1635 2458 2659 8891 9479 4226
4303 9 2 1 1 1682 1680 2648 8436 9478 9480
4304 9 2 1 1 1672 1270 2661 8412 9481 4360
4305 9 2 1 1 1385 1471 2662 5787 9482 4114
4306 9 2 1 1 1684 1441 2649 7020 9415 9483
4307 9 2 1 1 2529 959 2647 9075 9469 9430
4308 9 2 1 1 2131 1841 2658 4076 9484 4233
4309 9 2 1 1 2646 1684 2649 9417 9483 9428
4310 9 2 1 1 1108 1275 2660 8985 9485 9486
4311 9 2 1 1 1682 2648 2650 9480 9349 9487
4312 9 2 1 1 1686 1561 2651 6828 9488 9489
4313 9 2 1 1 1856 1857 2663 9026 9490 9491
4314 9 2 1 1 2660 1857 2668 9492 9493 5996
4315 9 2 1 1 1956 1953 2652 7883 9427 4100
4316 9 2 1 1 2632 1470 2655 9436 9494 4059
4317 9 2 1 1 1873 1874 2669 5482 9495 4045
4318 9 2 1 1 2578 1682 2650 9245 9487 4562
4319 9 2 1 1 2672 2528 2674 9496 9497 4152
4320 9 2 1 1 2341 1569 2667 7564 9498 5700
4321 9 2 1 1 1947 1945 2653 7882 9433 4053
4322 9 2 1 1 1840 1842 2658 4089 4024 9499
4323 9 2 1 1 2493 1838 2639 9419 9500 9451
4324 9 2 1 1 1857 1854 2665 9025 9501 9502
4325 9 2 1 1 2647 1686 2651 9472 9489 9477
4326 9 2 1 1 1938 1936 2654 7596 9437 4028
4327 9 2 1 1 588 2579 2656 9185 9503 4066
4328 9 2 1 1 1855 2311 2657 4506 9504 9505
4329 9 2 1 1 1026 1244 2670 5812 9506 4038
4330 9 2 1 1 1841 1840 2658 8945 9499 9484
4331 9 2 1 1 1386 2669 2670 3981 9507 9508
4332 9 2 1 1 1104 1106 2668 9283 5997 9509
4333 9 2 1 1 1470 1635 2655 8761 3842 9494
4334 9 2 1 1 2104 1636 2664 4230 9510 3945
4335 9 2 1 1 2669 1989 2670 9511 4257 9507
4336 9 2 1 1 1857 2665 2668 9502 9512 9493
4337 9 2 1 1 1855 2657 2665 9505 9460 9513
4338 9 2 1 1 2311 2638 2657 9443 9514 9504
4339 9 2 1 1 1636 2613 2664 9398 8941 9510
4340 9 2 1 1 2458 1672 2659 8907 3858 9479
4341 9 2 1 1 2579 1876 2656 8796 9467 9503
4342 9 2 1 1 2638 2525 2657 9425 9464 9514
4343 9 2 1 1 1106 1108 2660 9298 9486 5995
4344 9 2 1 1 2304 2614 2672 9406 9515 4151
4345 9 2 1 1 1857 2660 2663 9492 9516 9490
4346 9 2 1 1 1270 1272 2661 8051 3851 9481
4347 9 2 1 1 1471 1830 2662 5931 4070 9482
4348 9 2 1 1 2663 2528 2672 6265 9496 9517
4349 9 2 1 1 2649 1442 2666 9414 9518 9519
4350 9 2 1 1 2660 1275 2663 9485 6266 9516
4351 9 2 1 1 1854 1855 2665 4871 9513 9501
4352 9 2 1 1 1569 1846 2667 7746 3865 9498
4353 9 2 1 1 1874 1989 2669 5327 9511 9495
4354 9 2 1 1 2665 1274 2668 9459 9520 9512
4355 9 2 1 1 1274 1104 2668 8874 9509 9520
4356 9 2 1 1 1777 2649 2666 9429 9519 9521
4357 9 2 1 1 2614 1856 2672 4251 9522 9515
4358 9 2 1 1 1244 1386 2670 7747 9508 9506
4359 9 2 1 1 2024 2023 2673 9274 9523 9524
4360 9 2 1 1 723 2304 2674 5080 4153 9525
4361 9 2 1 1 1856 2663 2672 9491 9517 9522
4362 9 2 1 1 2024 2673 2674 9524 9526 9527
4363 9 2 1 1 2528 2024 2674 9244 9527 9497
4364 9 2 1 1 2673 723 2674 9528 9525 9526
4365 9 2 1 1 2349 2710 2712 9529 3708 9530
4366 9 2 1 1 2471 553 2884 3594 9531 9532
4367 9 2 1 1 2272 1721 2884 3597 9533 9534
4368 9 2 1 1 1024 1846 2882 3582 9535 9536
4369 9 2 1 1 1787 566 2885 3608 9537 9538
4370 9 2 1 1 1973 958 2887 3603 9539 9540
4371 9 2 1 1 2375 2035 2888 3618 9541 9542
4372 9 2 1 1 1788 554 2888 3620 9543 9544
4373 9 2 1 1 2436 1733 2892 3629 9545 9546
4374 9 2 1 1 881 2298 2889 3632 9547 9548
4375 9 2 1 1 2037 2327 2898 3157 9549 9550
4376 9 2 1 1 2378 2152 2891 3648 9551 9552
4377 9 2 1 1 573 2074 2912 3658 9553 9554
4378 9 2 1 1 594 1795 2923 3661 9555 9556
4379 9 2 1 1 2248 1607 2921 3667 9557 9558
4380 9 2 1 1 2561 570 2914 3670 9559 9560
4381 9 2 1 1 2225 1567 2926 3585 9561 9562
4382 9 2 1 1 1810 20 2927 3588 9563 9564
4383 9 2 1 1 2578 659 2935 3591 9565 9566
4384 9 2 1 1 1811 17 2928 3600 9567 9568
4385 9 2 1 1 2339 883 2938 3262 9569 9570
4386 9 2 1 1 1814 206 2933 3615 9571 9572
4387 9 2 1 1 29 1813 2945 3623 9573 9574
4388 9 2 1 1 1980 658 2941 3626 9575 9576
4389 9 2 1 1 1587 2086 2944 3642 9577 9578
4390 9 2 1 1 1728 2043 2943 3639 9579 9580
4391 9 2 1 1 660 2537 2950 3664 9581 9582
4392 9 2 1 1 131 1818 2954 3673 9583 9584
4393 9 2 1 1 1783 2856 2968 9585 9586 9587
4394 9 2 1 1 2075 2700 2877 9588 9589 9590
4395 9 2 1 1 2323 1424 2805 6089 3107 3492
4396 9 2 1 1 2798 2708 2962 9591 9592 9593
4397 9 2 1 1 1459 2698 2969 9594 9595 9596
4398 9 2 1 1 558 2209 2704 3270 9597 9598
4399 9 2 1 1 2209 2207 2705 3269 9599 9600
4400 9 2 1 1 2154 2675 2691 9601 9602 9603
4401 9 2 1 1 1002 2146 2748 3203 9604 9605
4402 9 2 1 1 2334 746 2751 3213 9606 9607
4403 9 2 1 1 2075 2060 2700 6124 9608 9588
4404 9 2 1 1 2154 567 2675 5951 9609 9601
4405 9 2 1 1 2142 2143 2675 6766 3722 9610
4406 9 2 1 1 2204 2690 2695 9611 9612 9613
4407 9 2 1 1 1613 1833 2967 7862 9614 3679
4408 9 2 1 1 2168 2167 2677 4183 9615 3362
4409 9 2 1 1 1515 2219 2676 5470 9616 9617
4410 9 2 1 1 2166 886 2677 5659 9618 9619
4411 9 2 1 1 1154 951 2678 8737 9620 9621
4412 9 2 1 1 918 2472 2678 9013 3360 9622
4413 9 2 1 1 2721 1459 2969 9623 9596 9624
4414 9 2 1 1 2684 1439 2880 9625 3197 9626
4415 9 2 1 1 49 50 2680 93 9627 9628
4416 9 2 1 1 1309 2185 2685 6046 9629 3034
4417 9 2 1 1 1761 1382 2683 8485 9630 3029
4418 9 2 1 1 2535 1768 2683 9178 3070 9631
4419 9 2 1 1 1624 1277 2684 9101 9632 3031
4420 9 2 1 1 2508 1455 2681 9125 9633 9634
4421 9 2 1 1 2314 1625 2686 6436 9635 3036
4422 9 2 1 1 1659 2509 2687 5597 9636 9637
4423 9 2 1 1 2634 1623 2685 9453 3073 9638
4424 9 2 1 1 2204 1347 2690 6322 9639 9611
4425 9 2 1 1 2230 1808 2690 6559 3720 9640
4426 9 2 1 1 2675 2145 2691 3721 3027 9602
4427 9 2 1 1 567 2142 2675 4610 9610 9609
4428 9 2 1 1 1768 1767 2873 8696 9641 3071
4429 9 2 1 1 2290 589 2758 6433 3111 3468
4430 9 2 1 1 1061 2370 2760 8109 3471 3112
4431 9 2 1 1 2373 1064 2761 8414 3115 3472
4432 9 2 1 1 1022 1979 2762 4359 3475 3116
4433 9 2 1 1 1889 1866 2692 4192 9642 9643
4434 9 2 1 1 1484 1483 2693 6908 9644 9645
4435 9 2 1 1 1551 2168 2693 4184 9646 9647
4436 9 2 1 1 2127 655 2694 4990 9648 9649
4437 9 2 1 1 2219 1204 2676 6605 9650 9616
4438 9 2 1 1 2167 2166 2677 6121 9619 9615
4439 9 2 1 1 951 918 2678 8598 9622 9620
4440 9 2 1 1 1867 1016 2881 3300 9651 9652
4441 9 2 1 1 2870 1769 2874 9653 3255 9654
4442 9 2 1 1 1888 2708 2798 3539 9591 3311
4443 9 2 1 1 2059 871 2797 3384 9655 9656
4444 9 2 1 1 1774 2487 2850 8830 3715 3140
4445 9 2 1 1 2690 1809 2695 3719 9657 9612
4446 9 2 1 1 2162 2429 2810 3459 9658 9659
4447 9 2 1 1 1757 2162 2808 3457 9660 9661
4448 9 2 1 1 2140 2487 2809 3713 9662 9663
4449 9 2 1 1 1547 1766 2696 8806 9664 9665
4450 9 2 1 1 1443 2481 2696 8956 9666 9667
4451 9 2 1 1 1783 2359 2856 3159 9668 9585
4452 9 2 1 1 704 2040 2697 4541 9669 9670
4453 9 2 1 1 1996 1986 2699 4042 9671 9672
4454 9 2 1 1 199 200 2698 243 9673 9674
4455 9 2 1 1 1609 1735 2679 8380 9675 9676
4456 9 2 1 1 1249 1163 2700 8457 9677 9678
4457 9 2 1 1 1929 1837 2714 3220 9679 9680
4458 9 2 1 1 50 704 2680 5859 9681 9627
4459 9 2 1 1 1622 2681 2682 9682 2999 9683
4460 9 2 1 1 1382 2535 2683 4779 9631 9630
4461 9 2 1 1 1622 2508 2681 9114 9634 9682
4462 9 2 1 1 1623 1622 2682 8856 9683 9684
4463 9 2 1 1 2185 2634 2685 8620 9638 9629
4464 9 2 1 1 1277 1439 2684 9372 9625 9632
4465 9 2 1 1 1625 1769 2686 8208 9685 9635
4466 9 2 1 1 2509 1383 2687 7248 9686 9636
4467 9 2 1 1 2687 1383 2688 9686 9687 3005
4468 9 2 1 1 1383 1448 2688 8059 9688 9687
4469 9 2 1 1 2688 1448 2689 9688 9689 3009
4470 9 2 1 1 1448 1805 2689 8483 3415 9689
4471 9 2 1 1 1371 2215 2707 3375 3481 9690
4472 9 2 1 1 1347 2230 2690 4629 9640 9639
4473 9 2 1 1 1623 2682 2869 9684 9691 3074
4474 9 2 1 1 2686 1769 2870 9685 9653 9692
4475 9 2 1 1 1054 2154 2691 5380 9603 9693
4476 9 2 1 1 749 1804 2724 3316 9694 9695
4477 9 2 1 1 1439 2628 2702 9457 9696 3189
4478 9 2 1 1 2118 2339 2854 3263 9697 9698
4479 9 2 1 1 1337 1609 2703 7967 9699 9700
4480 9 2 1 1 1809 1059 2732 3321 9701 9702
4481 9 2 1 1 2704 2209 2710 9597 9703 3735
4482 9 2 1 1 1890 1889 2692 4806 9643 9704
4483 9 2 1 1 294 558 2704 6849 9598 9705
4484 9 2 1 1 2348 293 2704 7721 9706 3734
4485 9 2 1 1 2207 1435 2705 7006 9707 9599
4486 9 2 1 1 1359 1414 2705 7032 9708 9709
4487 9 2 1 1 1822 1484 2706 6403 9710 9711
4488 9 2 1 1 2352 580 2706 8042 9712 3426
4489 9 2 1 1 2700 1293 2877 9713 3130 9589
4490 9 2 1 1 747 2013 2871 3553 3485 9714
4491 9 2 1 1 1053 2208 2759 3376 3109 9715
4492 9 2 1 1 1483 1551 2693 7915 9647 9644
4493 9 2 1 1 2382 1371 2707 7635 9690 9716
4494 9 2 1 1 2128 2127 2694 5704 9649 9717
4495 9 2 1 1 1612 2244 2735 3127 9718 9719
4496 9 2 1 1 2360 661 2708 8403 9720 3538
4497 9 2 1 1 1885 1887 2829 3683 3382 9721
4498 9 2 1 1 1350 1443 2709 8740 9722 9723
4499 9 2 1 1 752 2055 2757 3225 9724 9725
4500 9 2 1 1 1172 2479 2756 3224 9726 9727
4501 9 2 1 1 1191 2555 2806 9315 3309 9728
4502 9 2 1 1 2420 2296 2712 5979 9729 9730
4503 9 2 1 1 2590 1320 2711 9249 9731 9732
4504 9 2 1 1 1833 1628 2713 3852 9733 9734
4505 9 2 1 1 49 2680 2737 9628 9735 9736
4506 9 2 1 1 1886 882 2795 3354 9737 3176
4507 9 2 1 1 1837 1239 2714 3894 9738 9679
4508 9 2 1 1 1187 1191 2714 9268 9739 9740
4509 9 2 1 1 2359 2164 2856 3125 9741 9668
4510 9 2 1 1 1689 2204 2695 5870 9613 9742
4511 9 2 1 1 2158 555 2715 5649 9743 3136
4512 9 2 1 1 2288 2129 2717 5563 3370 9744
4513 9 2 1 1 2187 559 2717 5384 9745 3133
4514 9 2 1 1 1052 2244 2716 6430 3369 9746
4515 9 2 1 1 1773 1774 2715 7771 3137 3364
4516 9 2 1 1 2037 561 2719 6553 9747 3366
4517 9 2 1 1 2145 1353 2763 3428 9748 3102
4518 9 2 1 1 2256 591 2720 5866 9749 3264
4519 9 2 1 1 2366 2365 2722 8420 9750 3244
4520 9 2 1 1 2481 1547 2696 9004 9665 9666
4521 9 2 1 1 2356 576 2747 8150 3513 3178
4522 9 2 1 1 2100 1035 2746 5689 3181 3510
4523 9 2 1 1 2339 1572 2854 8665 3250 9697
4524 9 2 1 1 2211 1053 2852 3352 9751 3317
4525 9 2 1 1 2040 1890 2697 8733 9752 9669
4526 9 2 1 1 200 2044 2698 9217 9753 9673
4527 9 2 1 1 1986 1987 2699 7206 3038 9671
4528 9 2 1 1 1163 1293 2700 8566 9713 9677
4529 9 2 1 1 1820 1051 2868 3347 9754 3433
4530 9 2 1 1 447 749 2724 4396 9695 9755
4531 9 2 1 1 2237 1739 2727 4126 9756 3281
4532 9 2 1 1 2369 1780 2729 4538 3292 9757
4533 9 2 1 1 1629 2068 2728 5893 3288 9758
4534 9 2 1 1 1780 1692 2731 8348 9759 3289
4535 9 2 1 1 2673 2023 2730 9523 9760 3284
4536 9 2 1 1 1225 2175 2749 3105 9761 9762
4537 9 2 1 1 2329 1129 2750 3183 9763 9764
4538 9 2 1 1 1707 2555 2752 3187 9765 9766
4539 9 2 1 1 1613 2397 2751 3678 9767 9768
4540 9 2 1 1 655 2100 2876 5101 3557 9769
4541 9 2 1 1 2214 569 2733 3749 9770 9771
4542 9 2 1 1 436 575 2732 7654 9772 9773
4543 9 2 1 1 1059 437 2732 7655 9774 9701
4544 9 2 1 1 569 299 2733 6834 9775 9770
4545 9 2 1 1 300 2287 2733 6830 9776 9777
4546 9 2 1 1 1867 2077 2853 3579 9778 9779
4547 9 2 1 1 1694 1773 2734 8573 3252 9780
4548 9 2 1 1 1616 2382 2701 7688 9781 9782
4549 9 2 1 1 1804 2702 2724 3190 9783 9694
4550 9 2 1 1 2680 1784 2737 3422 9784 9735
4551 9 2 1 1 1632 2565 2736 9254 9785 9786
4552 9 2 1 1 556 48 2737 6005 9787 9788
4553 9 2 1 1 1085 1083 2738 7414 3535 9789
4554 9 2 1 1 1091 1089 2739 7435 3532 9790
4555 9 2 1 1 1098 1096 2740 8731 3529 9791
4556 9 2 1 1 1935 1932 2741 6445 9792 3520
4557 9 2 1 1 1919 1917 2745 4607 9793 3514
4558 9 2 1 1 1952 1949 2743 7129 9794 3517
4559 9 2 1 1 1944 1941 2742 7160 9795 3523
4560 9 2 1 1 1109 1107 2744 9248 3526 9796
4561 9 2 1 1 1051 1819 2753 3431 3018 9797
4562 9 2 1 1 1659 2687 2875 9637 9798 9799
4563 9 2 1 1 2681 1455 2873 9633 9800 9801
4564 9 2 1 1 1764 1702 2746 8368 9802 3180
4565 9 2 1 1 2270 1781 2747 6129 3179 9803
4566 9 2 1 1 2487 1154 2809 6034 9804 9662
4567 9 2 1 1 886 2162 2810 6217 9659 9805
4568 9 2 1 1 2162 1515 2808 5895 9806 9660
4569 9 2 1 1 2139 2141 2748 5507 3320 9807
4570 9 2 1 1 1614 1177 2749 7843 9808 3464
4571 9 2 1 1 2361 1614 2750 7983 3463 9809
4572 9 2 1 1 1782 1708 2752 5136 9810 3466
4573 9 2 1 1 2297 314 2753 6882 9811 3017
4574 9 2 1 1 315 1051 2753 6660 9797 9812
4575 9 2 1 1 1050 2255 2754 6681 9813 3558
4576 9 2 1 1 967 969 2755 7855 9814 3267
4577 9 2 1 1 1148 1149 2756 7191 9815 3419
4578 9 2 1 1 1620 1619 2757 5305 3418 9816
4579 9 2 1 1 2628 1678 2702 9420 9817 9696
4580 9 2 1 1 296 1053 2759 6833 9715 9818
4581 9 2 1 1 558 295 2759 6848 9819 3108
4582 9 2 1 1 1776 1777 2758 7546 9820 3110
4583 9 2 1 1 2156 1778 2760 5229 3113 9821
4584 9 2 1 1 1772 1705 2761 6755 9822 3114
4585 9 2 1 1 1706 1759 2762 5913 3117 9823
4586 9 2 1 1 2680 704 2925 9681 9824 3490
4587 9 2 1 1 1318 1691 2763 8612 3103 9825
4588 9 2 1 1 1353 1226 2763 8624 9826 9748
4589 9 2 1 1 1901 577 2764 4273 9827 3580
4590 9 2 1 1 2718 2695 2971 9828 9829 9830
4591 9 2 1 1 2012 2002 2767 4827 9831 3724
4592 9 2 1 1 2340 1178 2765 7397 3727 9832
4593 9 2 1 1 288 882 2770 8013 3729 9833
4594 9 2 1 1 15 883 2772 7237 3733 9834
4595 9 2 1 1 102 1016 2766 6051 3731 9835
4596 9 2 1 1 1079 1210 2778 7711 9836 9837
4597 9 2 1 1 1087 1208 2779 7786 9838 9839
4598 9 2 1 1 1093 1207 2780 7705 9840 9841
4599 9 2 1 1 1942 1937 2782 6645 9842 9843
4600 9 2 1 1 1950 1946 2781 6718 9844 9845
4601 9 2 1 1 1933 1926 2783 6113 9846 9847
4602 9 2 1 1 1105 1211 2784 8378 9848 9849
4603 9 2 1 1 1920 1915 2785 6014 9850 9851
4604 9 2 1 1 749 446 2786 4395 9852 3371
4605 9 2 1 1 445 1901 2786 4264 3546 9853
4606 9 2 1 1 590 309 2787 6767 9854 3390
4607 9 2 1 1 310 1050 2787 6798 3488 9855
4608 9 2 1 1 576 439 2788 7657 9856 3489
4609 9 2 1 1 438 1059 2788 7656 3389 9857
4610 9 2 1 1 1442 2415 2789 8427 3059 9858
4611 9 2 1 1 1738 1696 2790 6685 9859 3062
4612 9 2 1 1 2025 1709 2792 4503 9860 3066
4613 9 2 1 1 1699 2246 2791 5724 3065 9861
4614 9 2 1 1 1700 1740 2793 7274 3069 9862
4615 9 2 1 1 1775 2543 2794 8401 9863 3060
4616 9 2 1 1 1424 1337 2703 6619 9700 3085
4617 9 2 1 1 882 289 2795 8012 9864 9737
4618 9 2 1 1 290 2360 2795 8365 3177 9865
4619 9 2 1 1 873 967 2797 7623 3275 9866
4620 9 2 1 1 2058 2059 2797 7105 9656 3274
4621 9 2 1 1 1146 1353 2799 8625 3686 9867
4622 9 2 1 1 1002 1001 2799 8709 9868 3435
4623 9 2 1 1 2027 2012 2800 5158 3688 9869
4624 9 2 1 1 683 746 2801 8163 3438 9870
4625 9 2 1 1 1178 665 2801 7876 9871 3689
4626 9 2 1 1 1410 2315 2802 8841 3691 9872
4627 9 2 1 1 2289 1044 2803 6926 9873 3692
4628 9 2 1 1 1046 2186 2804 6382 9874 3507
4629 9 2 1 1 2490 1710 2805 5570 9875 3106
4630 9 2 1 1 1126 2149 2734 5286 3550 3251
4631 9 2 1 1 2243 590 2735 6060 3552 9876
4632 9 2 1 1 1206 1352 2807 7347 3432 9877
4633 9 2 1 1 752 710 2811 7462 9878 3412
4634 9 2 1 1 1711 2479 2812 8954 3411 9879
4635 9 2 1 1 1745 1846 2816 3864 3584 9880
4636 9 2 1 1 19 20 2813 63 3590 9881
4637 9 2 1 1 16 17 2815 60 3602 9882
4638 9 2 1 1 2101 2102 2819 5093 3606 9883
4639 9 2 1 1 1281 1159 2817 6021 9884 3498
4640 9 2 1 1 957 958 2817 6391 3604 9885
4641 9 2 1 1 1895 1884 2829 4218 9886 3636
4642 9 2 1 1 1966 1976 2818 8565 3607 9887
4643 9 2 1 1 1971 1968 2818 8210 9888 3495
4644 9 2 1 1 2578 1750 2841 4561 9889 3592
4645 9 2 1 1 2594 1567 2814 9300 3587 9890
4646 9 2 1 1 205 206 2821 249 3617 9891
4647 9 2 1 1 1021 2043 2824 6030 3641 9892
4648 9 2 1 1 1748 2298 2822 5211 3634 9893
4649 9 2 1 1 113 114 2825 163 3655 9894
4650 9 2 1 1 1723 1795 2826 8134 3663 9895
4651 9 2 1 1 1725 2537 2828 9065 3666 9896
4652 9 2 1 1 2034 2035 2832 5526 3501 9897
4653 9 2 1 1 2417 1607 2827 8308 3669 9898
4654 9 2 1 1 1980 1727 2837 5325 9899 3627
4655 9 2 1 1 1352 1289 2830 7346 9900 3637
4656 9 2 1 1 1247 1121 2833 5954 9901 3612
4657 9 2 1 1 1787 1724 2838 7291 9902 3609
4658 9 2 1 1 1788 1726 2835 5833 9903 3621
4659 9 2 1 1 2272 1045 2836 6802 9904 3598
4660 9 2 1 1 1587 1588 2831 8643 9905 3643
4661 9 2 1 1 2471 1749 2840 8184 9906 3595
4662 9 2 1 1 1974 1970 2839 8557 9907 3613
4663 9 2 1 1 2375 1056 2834 8951 9908 3619
4664 9 2 1 1 1561 1412 2842 7818 9909 3646
4665 9 2 1 1 29 30 2844 73 9910 3624
4666 9 2 1 1 114 115 2845 164 9911 3656
4667 9 2 1 1 2560 1975 2834 9161 3503 9912
4668 9 2 1 1 131 132 2849 181 9913 3674
4669 9 2 1 1 573 2324 2847 8853 9914 3659
4670 9 2 1 1 2561 1752 2848 9046 9915 3671
4671 9 2 1 1 2436 1071 2846 9097 9916 3630
4672 9 2 1 1 2378 2574 2843 9257 9917 3649
4673 9 2 1 1 2651 1561 2823 9488 3652 9918
4674 9 2 1 1 2138 2158 2850 5075 3141 9919
4675 9 2 1 1 1053 297 2852 6832 9920 9751
4676 9 2 1 1 298 569 2852 6835 3318 9921
4677 9 2 1 1 1866 1867 2853 6230 9779 9922
4678 9 2 1 1 2119 2116 2854 5095 9923 3249
4679 9 2 1 1 2687 1770 2875 3003 3257 9798
4680 9 2 1 1 1767 2681 2873 2997 9801 9641
4681 9 2 1 1 1619 1621 2855 6777 9924 3439
4682 9 2 1 1 2856 556 2968 9925 9926 9586
4683 9 2 1 1 1763 2590 2961 9354 9927 9928
4684 9 2 1 1 2056 2058 2755 6397 3268 3717
4685 9 2 1 1 2164 2163 2856 5460 9929 9741
4686 9 2 1 1 1838 1837 2859 3953 3340 9930
4687 9 2 1 1 9 532 2864 552 9931 9932
4688 9 2 1 1 55 2 2858 99 9933 9934
4689 9 2 1 1 1630 9 2864 9395 9932 3337
4690 9 2 1 1 241 4 2860 285 9935 9936
4691 9 2 1 1 2 100 2858 149 3324 9933
4692 9 2 1 1 4 286 2860 335 3326 9935
4693 9 2 1 1 1461 2237 2865 4529 3332 9937
4694 9 2 1 1 2021 10 2857 4149 9938 3335
4695 9 2 1 1 10 469 2857 471 9939 9938
4696 9 2 1 1 148 3 2862 198 9940 9941
4697 9 2 1 1 3 199 2862 242 9942 9940
4698 9 2 1 1 334 1 2863 384 9943 9944
4699 9 2 1 1 1 13 2863 56 3328 9943
4700 9 2 1 1 1864 1457 2858 5002 9945 3323
4701 9 2 1 1 2338 1522 2861 4960 9946 3329
4702 9 2 1 1 2117 1460 2863 5189 9947 3327
4703 9 2 1 1 12 1955 2861 4176 3330 9948
4704 9 2 1 1 1882 1458 2860 5471 9949 3325
4705 9 2 1 1 911 12 2861 7805 9948 9950
4706 9 2 1 1 8 593 2865 7216 9951 9952
4707 9 2 1 1 1321 8 2865 8219 9952 3331
4708 9 2 1 1 11 1384 2866 5451 3334 9953
4709 9 2 1 1 587 11 2866 7523 9953 9954
4710 9 2 1 1 2068 1663 2866 4663 9955 3333
4711 9 2 1 1 7 1996 2867 4686 9956 9957
4712 9 2 1 1 2499 7 2867 7949 9957 9958
4713 9 2 1 1 578 1615 2857 9260 3336 9959
4714 9 2 1 1 1928 6 2859 4307 9960 3339
4715 9 2 1 1 6 2639 2859 4706 9961 9960
4716 9 2 1 1 723 2673 2864 9528 3338 9962
4717 9 2 1 1 293 294 2704 343 9705 9706
4718 9 2 1 1 1435 1359 2705 6982 9709 9707
4719 9 2 1 1 317 583 2868 6845 3434 9963
4720 9 2 1 1 1051 316 2868 6659 9964 9754
4721 9 2 1 1 580 1822 2706 3762 9711 9712
4722 9 2 1 1 975 2313 2869 7550 9965 9966
4723 9 2 1 1 1176 1309 2870 6469 9967 9968
4724 9 2 1 1 690 747 2871 8924 9714 9969
4725 9 2 1 1 2516 666 2871 9061 9970 3484
4726 9 2 1 1 1770 1319 2874 6501 9971 3254
4727 9 2 1 1 1769 1456 2875 8207 9972 3256
4728 9 2 1 1 1765 1764 2721 7260 3442 9973
4729 9 2 1 1 1781 1661 2722 6306 3245 3443
4730 9 2 1 1 1689 2695 2718 9742 9828 9974
4731 9 2 1 1 1760 1741 2877 5272 9975 3129
4732 9 2 1 1 1594 2074 2948 4501 9976 9977
4733 9 2 1 1 654 2086 2943 5114 9978 9979
4734 9 2 1 1 2105 1247 2932 4987 9980 9981
4735 9 2 1 1 216 566 2929 4471 9982 9983
4736 9 2 1 1 1816 1722 2952 5296 9984 9985
4737 9 2 1 1 21 553 2927 6512 9986 9987
4738 9 2 1 1 1565 1721 2926 7599 9988 9989
4739 9 2 1 1 18 659 2928 7740 9990 9991
4740 9 2 1 1 2151 2152 2939 5117 9992 9993
4741 9 2 1 1 1730 1813 2930 5734 9994 9995
4742 9 2 1 1 2225 2224 2934 5842 9996 9997
4743 9 2 1 1 2109 2110 2940 5774 9998 9999
4744 9 2 1 1 1577 1733 2931 6902 10000 10001
4745 9 2 1 1 207 554 2933 6139 10002 10003
4746 9 2 1 1 1010 214 2937 4728 10004 10005
4747 9 2 1 1 1024 28 2945 5421 10006 10007
4748 9 2 1 1 1810 1718 2935 7132 10008 10009
4749 9 2 1 1 204 658 2936 5807 10010 10011
4750 9 2 1 1 2110 2108 2946 5773 10012 10013
4751 9 2 1 1 1811 1719 2938 6744 10014 10015
4752 9 2 1 1 1751 1816 2949 5297 10016 10017
4753 9 2 1 1 1894 1895 2944 6091 10018 10019
4754 9 2 1 1 135 570 2951 6587 10020 10021
4755 9 2 1 1 1753 1818 2950 8284 10022 10023
4756 9 2 1 1 881 202 2942 5606 10024 10025
4757 9 2 1 1 1728 1590 2947 8514 10026 10027
4758 9 2 1 1 1814 1747 2941 6491 10028 10029
4759 9 2 1 1 2248 2247 2955 5836 10030 10031
4760 9 2 1 1 660 133 2953 6664 10032 10033
4761 9 2 1 1 594 130 2954 6785 10034 10035
4762 9 2 1 1 1737 1430 2956 8063 10036 3478
4763 9 2 1 1 2054 2056 2959 5323 3755 10037
4764 9 2 1 1 2149 656 2960 5909 10038 3694
4765 9 2 1 1 2323 2615 2812 3449 10039 10040
4766 9 2 1 1 739 2059 2811 3446 10041 10042
4767 9 2 1 1 2726 2701 2966 10043 10044 10045
4768 9 2 1 1 5 448 2872 468 10046 10047
4769 9 2 1 1 1678 5 2872 9296 10047 10048
4770 9 2 1 1 2329 1712 2851 7187 10049 3349
4771 9 2 1 1 2538 1627 2720 9035 3265 3455
4772 9 2 1 1 2256 1631 2754 3132 10050 10051
4773 9 2 1 1 1443 2696 2963 9667 10052 10053
4774 9 2 1 1 2682 975 2869 3001 9966 9691
4775 9 2 1 1 1309 2686 2870 3037 9692 9967
4776 9 2 1 1 1616 2701 2726 9782 10043 10054
4777 9 2 1 1 2694 1763 2961 10055 9928 10056
4778 9 2 1 1 661 2349 2708 7783 10057 9720
4779 9 2 1 1 2468 1002 2748 8971 9605 3319
4780 9 2 1 1 746 2418 2751 8226 10058 9606
4781 9 2 1 1 2223 1054 2725 6439 10059 3560
4782 9 2 1 1 2287 662 2726 6174 3563 10060
4783 9 2 1 1 2400 1321 2727 8748 3282 3564
4784 9 2 1 1 1384 2242 2728 8263 3567 3287
4785 9 2 1 1 2050 1127 2731 4885 3290 3572
4786 9 2 1 1 2597 1630 2730 9432 3285 3568
4787 9 2 1 1 2083 2084 2729 5561 3571 3291
4788 9 2 1 1 1572 1350 2709 8539 9723 3162
4789 9 2 1 1 2214 2701 2707 10061 10062 3453
4790 9 2 1 1 1484 2693 2957 9645 10063 10064
4791 9 2 1 1 2693 2168 2956 9646 3479 10065
4792 9 2 1 1 1414 2712 2964 10066 3710 10067
4793 9 2 1 1 2349 2348 2710 7782 3736 9529
4794 9 2 1 1 2366 1704 2764 3138 10068 10069
4795 9 2 1 1 1320 2484 2711 8994 3149 9731
4796 9 2 1 1 1414 2420 2712 8041 9730 10066
4797 9 2 1 1 1628 1779 2713 6807 3013 9733
4798 9 2 1 1 1174 2323 2812 6566 10040 3410
4799 9 2 1 1 2059 2057 2811 7104 3413 10041
4800 9 2 1 1 2014 747 2855 3554 10070 10071
4801 9 2 1 1 1802 1761 2880 9190 10072 10073
4802 9 2 1 1 575 2718 2971 10074 9830 10075
4803 9 2 1 1 747 2494 2855 9086 3440 10070
4804 9 2 1 1 1609 2679 2878 9676 10076 10077
4805 9 2 1 1 2679 1755 2878 10078 10079 10076
4806 9 2 1 1 1239 1187 2714 6897 9740 9738
4807 9 2 1 1 555 2147 2715 5221 3365 9743
4808 9 2 1 1 1759 1760 2719 5273 3367 3544
4809 9 2 1 1 2271 1052 2716 6713 9746 3540
4810 9 2 1 1 1688 1776 2716 7968 3541 3368
4811 9 2 1 1 559 2288 2717 7043 9744 9745
4812 9 2 1 1 575 2363 2718 8014 3543 10074
4813 9 2 1 1 1778 1689 2718 6256 9974 3542
4814 9 2 1 1 561 1891 2719 4229 3545 9747
4815 9 2 1 1 1890 2692 2965 9704 3477 10080
4816 9 2 1 1 591 2297 2720 6575 3456 9749
4817 9 2 1 1 2041 1459 2721 5134 9623 3441
4818 9 2 1 1 2365 1141 2722 8318 3444 9750
4819 9 2 1 1 2173 1690 2965 5517 10081 3476
4820 9 2 1 1 1054 2691 2725 9693 3487 10059
4821 9 2 1 1 2701 2382 2707 9781 9716 10062
4822 9 2 1 1 2696 1766 2960 9664 3695 10082
4823 9 2 1 1 2696 2122 2963 10083 10084 10052
4824 9 2 1 1 2494 752 2757 8932 9725 3417
4825 9 2 1 1 2479 1785 2756 8998 3420 9726
4826 9 2 1 1 2693 1771 2957 10085 10086 10063
4827 9 2 1 1 1771 2693 2956 10085 10065 10087
4828 9 2 1 1 1761 2684 2880 3032 9626 10072
4829 9 2 1 1 448 447 2724 467 9755 10088
4830 9 2 1 1 1691 2482 2725 9000 3561 3486
4831 9 2 1 1 2415 1616 2726 8408 10054 3562
4832 9 2 1 1 1739 1738 2727 7315 3565 9756
4833 9 2 1 1 2246 1629 2728 6285 9758 3566
4834 9 2 1 1 1740 2369 2729 7580 9757 3570
4835 9 2 1 1 2023 2025 2730 4841 3569 9760
4836 9 2 1 1 1692 1775 2731 8121 3573 9759
4837 9 2 1 1 1798 2329 2750 6977 9764 3462
4838 9 2 1 1 2175 2174 2749 7089 3465 9761
4839 9 2 1 1 2555 1186 2752 9199 3467 9765
4840 9 2 1 1 2418 1613 2751 8660 9768 10058
4841 9 2 1 1 1249 2700 2959 9678 10089 3754
4842 9 2 1 1 2020 1615 2767 3216 10090 10091
4843 9 2 1 1 1864 101 2766 3204 10092 10093
4844 9 2 1 1 1882 287 2770 3206 10094 10095
4845 9 2 1 1 2338 1521 2765 3211 10096 10097
4846 9 2 1 1 2117 14 2772 3208 10098 10099
4847 9 2 1 1 2516 2011 2800 3342 10100 10101
4848 9 2 1 1 1782 2532 2802 3344 10102 10103
4849 9 2 1 1 2164 2358 2803 3155 10104 10105
4850 9 2 1 1 2187 1755 2804 3153 10106 10107
4851 9 2 1 1 2244 2243 2735 6429 9876 9718
4852 9 2 1 1 437 436 2732 456 9773 9774
4853 9 2 1 1 299 300 2733 349 9777 9775
4854 9 2 1 1 2738 1950 2781 3747 9845 10108
4855 9 2 1 1 2739 1942 2782 3745 9843 10109
4856 9 2 1 1 2740 1933 2783 3743 9847 10110
4857 9 2 1 1 1210 2743 2778 3752 10111 9836
4858 9 2 1 1 1208 2742 2779 3739 10112 9838
4859 9 2 1 1 1207 2741 2780 3737 10113 9840
4860 9 2 1 1 2744 1920 2785 3741 9851 10114
4861 9 2 1 1 1211 2745 2784 3750 10115 9848
4862 9 2 1 1 2287 2726 2966 10060 10045 10116
4863 9 2 1 1 1690 2697 2965 10117 10118 10081
4864 9 2 1 1 1766 1694 2734 8805 9780 3549
4865 9 2 1 1 1799 1612 2735 7990 9719 3551
4866 9 2 1 1 2122 2696 2960 10083 10082 10119
4867 9 2 1 1 1785 1632 2736 8487 9786 3199
4868 9 2 1 1 48 49 2737 92 9736 9787
4869 9 2 1 1 1208 1085 2738 7785 9789 10120
4870 9 2 1 1 1207 1091 2739 7704 9790 10121
4871 9 2 1 1 1209 1098 2740 7716 9791 10122
4872 9 2 1 1 1932 1933 2741 6114 10123 9792
4873 9 2 1 1 1941 1942 2742 6646 10124 9795
4874 9 2 1 1 1949 1950 2743 6719 10125 9794
4875 9 2 1 1 1212 1109 2744 8107 9796 10126
4876 9 2 1 1 1917 1920 2745 6015 10127 9793
4877 9 2 1 1 1631 2570 2754 8351 3559 10050
4878 9 2 1 1 1704 2550 2764 9184 3581 10068
4879 9 2 1 1 904 2516 2800 9148 10101 3687
4880 9 2 1 1 1743 1782 2802 5137 10103 3690
4881 9 2 1 1 2358 1744 2803 7751 3693 10104
4882 9 2 1 1 2724 2702 2872 9783 10128 10129
4883 9 2 1 1 1690 2114 2925 8329 3491 10130
4884 9 2 1 1 1702 1762 2746 8824 3511 9802
4885 9 2 1 1 1806 2270 2747 5822 9803 3512
4886 9 2 1 1 1762 1763 2876 8333 10131 3556
4887 9 2 1 1 2146 2139 2748 5861 9807 9604
4888 9 2 1 1 1177 1225 2749 7755 9762 9808
4889 9 2 1 1 1129 2361 2750 8206 9809 9763
4890 9 2 1 1 2397 2334 2751 7737 9607 9767
4891 9 2 1 1 1708 1707 2752 4845 9766 9810
4892 9 2 1 1 2825 1816 2952 3654 9985 10132
4893 9 2 1 1 2827 2248 2955 3668 10031 10133
4894 9 2 1 1 2826 594 2954 3662 10035 10134
4895 9 2 1 1 2828 660 2953 3665 10033 10135
4896 9 2 1 1 2816 1024 2945 3583 10007 10136
4897 9 2 1 1 2815 1811 2938 3601 10015 10137
4898 9 2 1 1 2820 1010 2937 3242 10005 10138
4899 9 2 1 1 2814 2225 2934 3586 9997 10139
4900 9 2 1 1 2813 1810 2935 3589 10009 10140
4901 9 2 1 1 2823 2110 2946 3651 10013 10141
4902 9 2 1 1 2822 881 2942 3633 10025 10142
4903 9 2 1 1 2086 2831 2943 3644 10143 9978
4904 9 2 1 1 2824 1728 2947 3640 10027 10144
4905 9 2 1 1 2821 1814 2941 3616 10029 10145
4906 9 2 1 1 2074 2847 2948 3660 10146 9976
4907 9 2 1 1 570 2848 2951 3672 10147 10020
4908 9 2 1 1 1818 2849 2950 3675 10148 10022
4909 9 2 1 1 1895 2830 2944 3638 10149 10018
4910 9 2 1 1 1816 2845 2949 3657 10150 10016
4911 9 2 1 1 2110 2842 2940 3647 10151 9998
4912 9 2 1 1 2152 2843 2939 3650 10152 9992
4913 9 2 1 1 658 2837 2936 3628 10153 10010
4914 9 2 1 1 554 2835 2933 3622 10154 10002
4915 9 2 1 1 1247 2839 2932 3614 10155 9980
4916 9 2 1 1 566 2838 2929 3610 10156 9982
4917 9 2 1 1 1813 2844 2930 3625 10157 9994
4918 9 2 1 1 1733 2846 2931 3631 10158 10000
4919 9 2 1 1 659 2841 2928 3593 10159 9990
4920 9 2 1 1 553 2840 2927 3596 10160 9986
4921 9 2 1 1 1721 2836 2926 3599 10161 9988
4922 9 2 1 1 314 315 2753 364 9812 9811
4923 9 2 1 1 2255 2256 2754 5867 10051 9813
4924 9 2 1 1 969 1249 2755 8458 3718 9814
4925 9 2 1 1 1149 1172 2756 6761 9727 9815
4926 9 2 1 1 2055 1620 2757 5131 9816 9724
4927 9 2 1 1 295 296 2759 345 9818 9819
4928 9 2 1 1 1742 2156 2760 6711 9821 3470
4929 9 2 1 1 1705 2177 2761 6511 3473 9822
4930 9 2 1 1 1777 2666 2758 9521 3469 9820
4931 9 2 1 1 1756 1706 2762 8744 9823 3474
4932 9 2 1 1 1226 1318 2763 8605 9825 9826
4933 9 2 1 1 577 2366 2764 8421 10069 9827
4934 9 2 1 1 2773 1209 2783 10162 10163 10164
4935 9 2 1 1 2777 1212 2785 10165 10166 10167
4936 9 2 1 1 1987 1985 2768 7205 10168 3373
4937 9 2 1 1 1985 1954 2771 7099 10169 10170
4938 9 2 1 1 2768 1985 2771 10168 10170 10171
4939 9 2 1 1 1954 1952 2769 7153 3519 10172
4940 9 2 1 1 1954 2769 2771 10172 10173 10169
4941 9 2 1 1 1615 2496 2767 9366 3725 10090
4942 9 2 1 1 101 102 2766 151 9835 10092
4943 9 2 1 1 2518 1209 2773 5455 10162 10174
4944 9 2 1 1 287 288 2770 337 9833 10094
4945 9 2 1 1 2518 2773 2774 10174 10175 10176
4946 9 2 1 1 14 15 2772 58 9834 10098
4947 9 2 1 1 2336 2338 2765 6893 10097 3726
4948 9 2 1 1 1521 2340 2765 7124 9832 10096
4949 9 2 1 1 1865 1864 2766 4993 10093 3730
4950 9 2 1 1 2002 2020 2767 5449 10091 9831
4951 9 2 1 1 1883 1882 2770 5588 10095 3728
4952 9 2 1 1 1310 2386 2768 8024 3273 10177
4953 9 2 1 1 1210 2405 2769 8088 10178 3753
4954 9 2 1 1 1310 2768 2771 10177 10171 10179
4955 9 2 1 1 2405 1310 2771 8562 10179 10180
4956 9 2 1 1 1211 2518 2774 8974 10176 3751
4957 9 2 1 1 2769 2405 2771 10178 10180 10173
4958 9 2 1 1 2118 2117 2772 5580 10099 3732
4959 9 2 1 1 1924 1922 2773 5150 10181 10182
4960 9 2 1 1 2773 1922 2774 10181 10183 10175
4961 9 2 1 1 1922 1919 2774 4650 3516 10183
4962 9 2 1 1 2039 1930 2775 4761 10184 10185
4963 9 2 1 1 1912 2039 2776 5569 10186 10187
4964 9 2 1 1 1912 2776 2777 10187 10188 10189
4965 9 2 1 1 1913 1912 2777 5166 10189 10190
4966 9 2 1 1 2776 2372 2777 10191 10192 10188
4967 9 2 1 1 2039 2775 2776 10185 10193 10186
4968 9 2 1 1 2318 1418 2775 9005 10194 10195
4969 9 2 1 1 1418 2372 2776 5307 10191 10196
4970 9 2 1 1 2775 1418 2776 10194 10196 10193
4971 9 2 1 1 2372 1212 2777 8715 10165 10192
4972 9 2 1 1 1913 2777 2785 10190 10167 10197
4973 9 2 1 1 1924 2773 2783 10182 10164 10198
4974 9 2 1 1 1083 1079 2778 7439 9837 3536
4975 9 2 1 1 1089 1087 2779 7366 9839 3533
4976 9 2 1 1 1096 1093 2780 7342 9841 3530
4977 9 2 1 1 1946 1944 2781 7076 3525 9844
4978 9 2 1 1 1937 1935 2782 6921 3522 9842
4979 9 2 1 1 1926 1924 2783 5795 10198 9846
4980 9 2 1 1 1107 1105 2784 9285 9849 3527
4981 9 2 1 1 1915 1913 2785 4859 10197 9850
4982 9 2 1 1 446 445 2786 465 9853 9852
4983 9 2 1 1 2700 2060 2959 9608 10199 10089
4984 9 2 1 1 309 310 2787 359 9855 9854
4985 9 2 1 1 439 438 2788 458 9857 9856
4986 9 2 1 1 1755 2679 2804 10078 3508 10106
4987 9 2 1 1 1804 1802 2880 3315 10073 3196
4988 9 2 1 1 1696 1742 2790 6127 3397 9859
4989 9 2 1 1 2177 1699 2791 6001 9861 3399
4990 9 2 1 1 1709 1743 2792 4869 3403 9860
4991 9 2 1 1 2666 1442 2789 9518 9858 3393
4992 9 2 1 1 1744 1700 2793 7551 9862 3408
4993 9 2 1 1 2543 1756 2794 8914 3406 9863
4994 9 2 1 1 1849 1867 2881 3577 9652 10200
4995 9 2 1 1 289 290 2795 339 9865 9864
4996 9 2 1 1 1763 2694 2876 10055 10201 10131
4997 9 2 1 1 2482 1687 2796 9017 10202 3146
4998 9 2 1 1 871 873 2797 6879 9866 9655
4999 9 2 1 1 2296 1338 2798 6896 10203 10204
5000 9 2 1 1 1001 1146 2799 8645 9867 9868
5001 9 2 1 1 2011 2027 2800 4731 9869 10100
5002 9 2 1 1 665 683 2801 7874 9870 9871
5003 9 2 1 1 2532 1410 2802 9175 9872 10102
5004 9 2 1 1 1044 2164 2803 5461 10105 9873
5005 9 2 1 1 2706 1484 2957 9710 10064 10205
5006 9 2 1 1 2186 2187 2804 5385 10107 9874
5007 9 2 1 1 1710 2478 2805 9050 3493 9875
5008 9 2 1 1 2798 1338 2807 10203 10206 3313
5009 9 2 1 1 2709 1443 2963 9722 10053 10207
5010 9 2 1 1 1338 1206 2807 6635 9877 10206
5011 9 2 1 1 2429 1737 2810 8906 10208 9658
5012 9 2 1 1 1758 1757 2808 8145 9661 10209
5013 9 2 1 1 2141 2140 2809 5506 9663 10210
5014 9 2 1 1 1712 2431 2851 8418 10211 10049
5015 9 2 1 1 2692 1866 2853 9642 9922 10212
5016 9 2 1 1 1515 2676 2808 9617 10213 9806
5017 9 2 1 1 1154 2678 2809 9621 10214 9804
5018 9 2 1 1 2677 886 2810 9618 9805 10215
5019 9 2 1 1 2697 1690 2925 10117 10130 10216
5020 9 2 1 1 2703 1609 2878 9699 10077 10217
5021 9 2 1 1 710 739 2811 8916 10042 9878
5022 9 2 1 1 2615 1711 2812 9210 9879 10039
5023 9 2 1 1 1323 2397 2967 8183 3680 10218
5024 9 2 1 1 659 19 2813 7739 9881 10219
5025 9 2 1 1 1786 2594 2814 9131 9890 10220
5026 9 2 1 1 883 16 2815 7236 9882 10221
5027 9 2 1 1 1813 1745 2816 5733 9880 10222
5028 9 2 1 1 1159 957 2817 6794 9885 9884
5029 9 2 1 1 1746 2101 2819 6569 9883 10223
5030 9 2 1 1 1968 1966 2818 8698 9887 9888
5031 9 2 1 1 1746 2819 2820 10223 3243 10224
5032 9 2 1 1 1812 1746 2820 6096 10224 10225
5033 9 2 1 1 658 205 2821 5806 9891 10226
5034 9 2 1 1 1815 1748 2822 5987 9893 10227
5035 9 2 1 1 1592 2651 2823 9375 9918 10228
5036 9 2 1 1 2111 1021 2824 4873 9892 10229
5037 9 2 1 1 568 113 2825 8117 9894 10230
5038 9 2 1 1 1818 1723 2826 8283 9895 10231
5039 9 2 1 1 1797 2417 2827 8470 9898 10232
5040 9 2 1 1 1817 1725 2828 8295 9896 10233
5041 9 2 1 1 1884 1885 2829 6747 9721 9886
5042 9 2 1 1 1289 1587 2830 8442 10234 9900
5043 9 2 1 1 1287 2034 2832 4945 9897 10235
5044 9 2 1 1 1588 1728 2831 8515 10236 9905
5045 9 2 1 1 1287 2832 2833 10235 3238 10237
5046 9 2 1 1 1727 1815 2837 5988 10238 9899
5047 9 2 1 1 1121 1287 2833 5945 10237 9901
5048 9 2 1 1 1726 1814 2835 6492 10239 9903
5049 9 2 1 1 1045 2225 2836 5843 10240 9904
5050 9 2 1 1 1724 1812 2838 6097 10241 9902
5051 9 2 1 1 1970 1972 2839 8371 10242 9907
5052 9 2 1 1 1749 1810 2840 7133 10243 9906
5053 9 2 1 1 1056 2560 2834 9194 9912 9908
5054 9 2 1 1 1750 1811 2841 6745 10244 9889
5055 9 2 1 1 1412 1586 2842 8543 10245 9909
5056 9 2 1 1 2574 1792 2843 9186 10246 9917
5057 9 2 1 1 30 572 2844 8649 10247 9910
5058 9 2 1 1 115 1058 2845 8298 10248 9911
5059 9 2 1 1 2324 2032 2847 4672 10249 9914
5060 9 2 1 1 1071 2038 2846 5557 10250 9916
5061 9 2 1 1 1752 1817 2848 8296 10251 9915
5062 9 2 1 1 132 660 2849 6665 10252 9913
5063 9 2 1 1 1996 2699 2867 9672 10253 9956
5064 9 2 1 1 199 2698 2862 9674 10254 9942
5065 9 2 1 1 2296 2798 2962 10204 9593 10255
5066 9 2 1 1 2140 2138 2850 5777 9919 3714
5067 9 2 1 1 297 298 2852 347 9921 9920
5068 9 2 1 1 2077 1501 2853 4904 10256 9778
5069 9 2 1 1 2116 2118 2854 5581 9698 9923
5070 9 2 1 1 2881 2062 2913 10257 10258 10259
5071 9 2 1 1 2590 2711 2961 9732 10260 9927
5072 9 2 1 1 1621 2014 2855 3964 10071 9924
5073 9 2 1 1 1737 2677 2810 3363 10215 10208
5074 9 2 1 1 2676 1758 2808 3676 10209 10213
5075 9 2 1 1 2678 2141 2809 3359 10210 10214
5076 9 2 1 1 2712 2296 2962 9729 10255 10261
5077 9 2 1 1 1849 2881 2913 10200 10259 10262
5078 9 2 1 1 2163 556 2856 6502 9925 9929
5079 9 2 1 1 2318 2775 2806 10195 10263 3308
5080 9 2 1 1 2775 1930 2806 10184 10264 10263
5081 9 2 1 1 1457 55 2858 5422 9934 9945
5082 9 2 1 1 469 578 2857 8026 9959 9939
5083 9 2 1 1 1458 241 2860 6011 9936 9949
5084 9 2 1 1 1459 148 2862 5118 9941 10265
5085 9 2 1 1 1522 911 2861 7493 9950 9946
5086 9 2 1 1 1460 334 2863 5888 9944 9947
5087 9 2 1 1 532 723 2864 6998 9962 9931
5088 9 2 1 1 593 1461 2865 7477 9937 9951
5089 9 2 1 1 1716 2499 2867 7908 9958 10266
5090 9 2 1 1 1663 587 2866 8581 9954 9955
5091 9 2 1 1 2639 1838 2859 9500 9930 9961
5092 9 2 1 1 2732 575 2971 9772 10075 10267
5093 9 2 1 1 316 317 2868 366 9963 9964
5094 9 2 1 1 2313 2314 2869 6437 3077 9965
5095 9 2 1 1 1227 1176 2870 8233 9968 10268
5096 9 2 1 1 556 2737 2968 9788 10269 9926
5097 9 2 1 1 2733 2287 2966 9776 10116 10270
5098 9 2 1 1 2736 2565 2970 9785 3576 10271
5099 9 2 1 1 666 690 2871 8092 9969 9970
5100 9 2 1 1 1227 2870 2874 10268 9654 10272
5101 9 2 1 1 2714 1191 2958 9739 10273 10274
5102 9 2 1 1 2694 655 2876 9648 9769 10201
5103 9 2 1 1 1455 1624 2873 9102 3076 9800
5104 9 2 1 1 1319 1227 2874 8165 10272 9971
5105 9 2 1 1 1456 1659 2875 8677 9799 9972
5106 9 2 1 1 1973 1971 2879 8020 3685 3704
5107 9 2 1 1 1016 2062 2881 5631 10257 9651
5108 9 2 1 1 1741 2075 2877 4922 9590 9975
5109 9 2 1 1 2929 1812 2937 10275 10276 10277
5110 9 2 1 1 2936 1815 2942 10278 10279 10280
5111 9 2 1 1 2951 1817 2953 10281 10282 10283
5112 9 2 1 1 1755 1754 2878 8415 10284 10079
5113 9 2 1 1 2102 1281 2879 5092 3705 3684
5114 9 2 1 1 1501 2692 2853 3358 10212 10256
5115 9 2 1 1 2883 1786 2934 10285 10286 10287
5116 9 2 1 1 2917 1797 2955 10288 10289 10290
5117 9 2 1 1 2908 568 2952 10291 10292 10293
5118 9 2 1 1 1586 2891 2940 10294 10295 10296
5119 9 2 1 1 1972 2887 2932 10297 10298 10299
5120 9 2 1 1 1058 2909 2949 10300 10301 10302
5121 9 2 1 1 1792 2893 2939 10303 10304 10305
5122 9 2 1 1 2032 2915 2948 10306 10307 10308
5123 9 2 1 1 572 2892 2930 10309 10310 10311
5124 9 2 1 1 2038 2898 2931 10312 10313 10314
5125 9 2 1 1 1735 2914 2924 10315 10316 10317
5126 9 2 1 1 704 2697 2925 9670 10216 9824
5127 9 2 1 1 2946 2111 2947 10318 10319 10320
5128 9 2 1 1 1592 2946 2947 10321 10320 10322
5129 9 2 1 1 2899 1790 2900 10323 10324 10325
5130 9 2 1 1 582 2899 2900 10326 10325 10327
5131 9 2 1 1 1734 1959 2890 3830 10328 10329
5132 9 2 1 1 2918 1602 2919 10330 10331 10332
5133 9 2 1 1 2030 2918 2919 10333 10332 10334
5134 9 2 1 1 1721 2471 2884 8647 9532 9533
5135 9 2 1 1 564 2124 2883 5906 10335 10336
5136 9 2 1 1 1846 1720 2882 7745 10337 9535
5137 9 2 1 1 958 2106 2887 4177 10338 9539
5138 9 2 1 1 2526 2894 2902 10339 10340 10341
5139 9 2 1 1 1734 2890 2896 10329 10342 10343
5140 9 2 1 1 2894 1789 2896 10344 10345 10346
5141 9 2 1 1 1733 2252 2892 7040 10347 9545
5142 9 2 1 1 2327 1576 2898 7465 10348 9549
5143 9 2 1 1 1958 2885 2886 10349 10350 10351
5144 9 2 1 1 2901 1791 2902 10352 10353 10354
5145 9 2 1 1 1789 1734 2896 8640 10343 10345
5146 9 2 1 1 1958 1787 2885 8593 9538 10349
5147 9 2 1 1 2900 1732 2901 10355 10356 10357
5148 9 2 1 1 2526 1789 2894 4743 10344 10339
5149 9 2 1 1 1732 1791 2901 6994 10352 10356
5150 9 2 1 1 554 2375 2888 7859 9542 9543
5151 9 2 1 1 1791 2526 2902 9049 10341 10353
5152 9 2 1 1 1790 1732 2900 9054 10355 10324
5153 9 2 1 1 1959 1958 2886 5091 10351 10358
5154 9 2 1 1 582 2069 2899 5926 10359 10326
5155 9 2 1 1 2069 1025 2897 4929 10360 10361
5156 9 2 1 1 2298 1765 2889 6840 10362 9547
5157 9 2 1 1 2099 571 2893 4980 10363 10364
5158 9 2 1 1 1731 1851 2907 4007 10365 10366
5159 9 2 1 1 1025 2099 2895 6416 10367 10368
5160 9 2 1 1 2124 1024 2882 5389 9536 10369
5161 9 2 1 1 2152 2155 2891 5771 10370 9551
5162 9 2 1 1 2099 2893 2895 10364 10371 10367
5163 9 2 1 1 1959 2886 2890 10358 10372 10328
5164 9 2 1 1 1025 2895 2897 10368 10373 10360
5165 9 2 1 1 1720 1786 2883 7569 10285 10374
5166 9 2 1 1 553 2272 2884 6083 9534 9531
5167 9 2 1 1 2922 2241 2923 10375 10376 10377
5168 9 2 1 1 2049 1017 2886 4836 10378 10379
5169 9 2 1 1 2299 2916 2919 10380 10381 10382
5170 9 2 1 1 2885 2049 2886 10383 10379 10350
5171 9 2 1 1 2035 1788 2888 5525 9544 9541
5172 9 2 1 1 566 2049 2885 6410 10383 9537
5173 9 2 1 1 1972 1973 2887 8021 9540 10297
5174 9 2 1 1 2069 2897 2899 10361 10384 10359
5175 9 2 1 1 1829 1828 2908 3931 10385 10386
5176 9 2 1 1 1595 2915 2916 10387 10388 10389
5177 9 2 1 1 2072 2071 2909 4701 10390 10391
5178 9 2 1 1 1851 1850 2911 4118 10392 10393
5179 9 2 1 1 2074 2072 2912 6523 10394 9553
5180 9 2 1 1 562 1892 2894 4236 10395 10396
5181 9 2 1 1 1595 2302 2915 7083 10397 10387
5182 9 2 1 1 2299 1595 2916 5601 10389 10380
5183 9 2 1 1 1977 1794 2905 4486 10398 10399
5184 9 2 1 1 2894 1892 2902 10395 10400 10340
5185 9 2 1 1 2030 2249 2918 5141 10401 10333
5186 9 2 1 1 2072 2909 2912 10391 10402 10394
5187 9 2 1 1 1850 1848 2910 5205 10403 10404
5188 9 2 1 1 2886 1017 2890 10378 10405 10372
5189 9 2 1 1 1848 1849 2913 6008 10262 10406
5190 9 2 1 1 2241 594 2923 5816 9556 10376
5191 9 2 1 1 1850 2910 2911 10404 10407 10392
5192 9 2 1 1 1602 2299 2919 7265 10382 10331
5193 9 2 1 1 2910 1848 2913 10403 10406 10408
5194 9 2 1 1 2249 2248 2921 6352 9558 10409
5195 9 2 1 1 2044 881 2889 9168 9548 10410
5196 9 2 1 1 2890 1997 2896 10411 10412 10342
5197 9 2 1 1 1794 1731 2906 5357 10413 10414
5198 9 2 1 1 1017 1997 2890 4660 10411 10405
5199 9 2 1 1 2918 2249 2921 10401 10409 10415
5200 9 2 1 1 595 2269 2917 6643 10416 10417
5201 9 2 1 1 570 2203 2914 6424 10418 9559
5202 9 2 1 1 2038 2037 2898 4679 9550 10312
5203 9 2 1 1 2269 1048 2920 6079 10419 10420
5204 9 2 1 1 1023 1981 2901 4385 10421 10422
5205 9 2 1 1 1023 2901 2902 10422 10354 10423
5206 9 2 1 1 1827 1977 2904 5535 10424 10425
5207 9 2 1 1 2920 1048 2922 10419 10426 10427
5208 9 2 1 1 1048 2241 2922 6586 10375 10426
5209 9 2 1 1 562 2894 2896 10396 10346 10428
5210 9 2 1 1 1828 1827 2903 5475 10429 10430
5211 9 2 1 1 1828 2903 2908 10430 10431 10385
5212 9 2 1 1 1892 1023 2902 4465 10423 10400
5213 9 2 1 1 1981 2900 2901 10432 10357 10421
5214 9 2 1 1 2906 1731 2907 10413 10366 10433
5215 9 2 1 1 2917 2269 2920 10416 10420 10434
5216 9 2 1 1 1586 2378 2891 8288 9552 10294
5217 9 2 1 1 2905 1794 2906 10398 10414 10435
5218 9 2 1 1 2904 1977 2905 10424 10399 10436
5219 9 2 1 1 1997 562 2896 4477 10428 10412
5220 9 2 1 1 1981 582 2900 5036 10327 10432
5221 9 2 1 1 2903 1827 2904 10429 10425 10437
5222 9 2 1 1 1792 1729 2893 8638 10438 10303
5223 9 2 1 1 572 2436 2892 9081 9546 10309
5224 9 2 1 1 1729 1793 2895 8361 10439 10440
5225 9 2 1 1 2893 1729 2895 10438 10440 10371
5226 9 2 1 1 2907 1851 2911 10365 10393 10441
5227 9 2 1 1 2895 1793 2897 10439 10442 10373
5228 9 2 1 1 1067 2395 2903 8574 10443 10444
5229 9 2 1 1 2394 1067 2904 8655 10445 10446
5230 9 2 1 1 557 2394 2905 8673 10447 10448
5231 9 2 1 1 1067 2903 2904 10444 10437 10445
5232 9 2 1 1 2394 2904 2905 10446 10436 10447
5233 9 2 1 1 1905 2922 2923 10449 10377 10450
5234 9 2 1 1 2903 2395 2908 10443 10451 10431
5235 9 2 1 1 2447 557 2906 8812 10452 10453
5236 9 2 1 1 557 2905 2906 10448 10435 10452
5237 9 2 1 1 2447 2906 2907 10453 10433 10454
5238 9 2 1 1 1066 2447 2907 9003 10454 10455
5239 9 2 1 1 2395 568 2908 8586 10291 10451
5240 9 2 1 1 2062 657 2913 4967 10456 10258
5241 9 2 1 1 657 2910 2913 10457 10408 10456
5242 9 2 1 1 2910 2300 2911 10458 10459 10407
5243 9 2 1 1 2031 2029 2916 4535 10460 10461
5244 9 2 1 1 657 2300 2910 5564 10458 10457
5245 9 2 1 1 1795 1905 2923 4108 10450 9555
5246 9 2 1 1 2300 1066 2911 5983 10462 10459
5247 9 2 1 1 1058 2401 2909 8510 10463 10300
5248 9 2 1 1 1066 2907 2911 10455 10441 10462
5249 9 2 1 1 2916 2029 2919 10460 10464 10381
5250 9 2 1 1 2909 2401 2912 10463 10465 10402
5251 9 2 1 1 2401 573 2912 7829 9554 10465
5252 9 2 1 1 2897 2642 2899 10466 10467 10384
5253 9 2 1 1 1793 2642 2897 9470 10466 10442
5254 9 2 1 1 2642 1790 2899 9463 10323 10467
5255 9 2 1 1 2915 2031 2916 10468 10461 10388
5256 9 2 1 1 2032 2031 2915 5057 10468 10306
5257 9 2 1 1 1796 2920 2922 10469 10427 10470
5258 9 2 1 1 2029 2030 2919 8062 10334 10464
5259 9 2 1 1 1735 2561 2914 9177 9560 10315
5260 9 2 1 1 1736 1797 2917 7956 10288 10471
5261 9 2 1 1 1796 1736 2920 7790 10472 10469
5262 9 2 1 1 1905 1796 2922 7250 10470 10449
5263 9 2 1 1 2474 1602 2918 8587 10330 10473
5264 9 2 1 1 2474 2918 2921 10473 10415 10474
5265 9 2 1 1 1607 2474 2921 8769 10474 9557
5266 9 2 1 1 1736 2917 2920 10471 10434 10472
5267 9 2 1 1 2882 1720 2883 10337 10374 10475
5268 9 2 1 1 2124 2882 2883 10369 10475 10335
5269 9 2 1 1 2914 2203 2924 10418 10476 10316
5270 9 2 1 1 564 2883 2934 10336 10287 10477
5271 9 2 1 1 595 2917 2955 10417 10290 10478
5272 9 2 1 1 1829 2908 2952 10386 10293 10479
5273 9 2 1 1 2891 2155 2940 10370 10480 10295
5274 9 2 1 1 2887 2106 2932 10338 10481 10298
5275 9 2 1 1 2909 2071 2949 10390 10482 10301
5276 9 2 1 1 2893 571 2939 10363 10483 10304
5277 9 2 1 1 2915 2302 2948 10397 10484 10307
5278 9 2 1 1 2892 2252 2930 10347 10485 10310
5279 9 2 1 1 2898 1576 2931 10348 10486 10313
5280 9 2 1 1 2203 1046 2924 5698 3697 10476
5281 9 2 1 1 2889 1765 2969 10362 10487 10488
5282 9 2 1 1 1722 1829 2952 3815 10479 9984
5283 9 2 1 1 20 21 2927 64 9987 9563
5284 9 2 1 1 1567 1565 2926 7604 9989 9561
5285 9 2 1 1 17 18 2928 61 9991 9567
5286 9 2 1 1 215 216 2929 259 9983 10489
5287 9 2 1 1 2252 1730 2930 6550 9995 10485
5288 9 2 1 1 1576 1577 2931 6374 10001 10486
5289 9 2 1 1 2106 2105 2932 6152 9981 10481
5290 9 2 1 1 206 207 2933 250 10003 9571
5291 9 2 1 1 2224 564 2934 6042 10477 9996
5292 9 2 1 1 215 2929 2937 10489 10277 10490
5293 9 2 1 1 203 204 2936 247 10011 10491
5294 9 2 1 1 1718 2578 2935 9246 9566 10008
5295 9 2 1 1 203 2936 2942 10491 10280 10492
5296 9 2 1 1 1747 1980 2941 4294 9576 10028
5297 9 2 1 1 214 215 2937 258 10490 10004
5298 9 2 1 1 571 2151 2939 6227 9993 10483
5299 9 2 1 1 1719 2339 2938 8461 9570 10014
5300 9 2 1 1 2155 2109 2940 5042 9999 10480
5301 9 2 1 1 202 203 2942 246 10492 10024
5302 9 2 1 1 2043 654 2943 4798 9979 9579
5303 9 2 1 1 2086 1894 2944 5574 10019 9577
5304 9 2 1 1 28 29 2945 72 9574 10006
5305 9 2 1 1 2108 2111 2946 5887 10318 10012
5306 9 2 1 1 2302 1594 2948 4998 9977 10484
5307 9 2 1 1 1590 1592 2947 8004 10322 10026
5308 9 2 1 1 2071 1751 2949 4955 10017 10482
5309 9 2 1 1 134 135 2951 184 10021 10493
5310 9 2 1 1 2537 1753 2950 8264 10023 9581
5311 9 2 1 1 134 2951 2953 10493 10283 10494
5312 9 2 1 1 133 134 2953 183 10494 10032
5313 9 2 1 1 130 131 2954 180 9584 10034
5314 9 2 1 1 2247 595 2955 6674 10478 10030
5315 9 2 1 1 1833 2713 2967 9734 10495 9614
5316 9 2 1 1 1430 1771 2956 7208 10087 10036
5317 9 2 1 1 1771 1772 2957 6756 10496 10086
5318 9 2 1 1 1930 1929 2958 4755 10497 10498
5319 9 2 1 1 2060 2054 2959 4781 10037 10199
5320 9 2 1 1 2705 1414 2964 9708 10067 10499
5321 9 2 1 1 656 2122 2960 4644 10119 10038
5322 9 2 1 1 2122 2120 2963 6506 10500 10084
5323 9 2 1 1 1784 1783 2968 7567 9587 10501
5324 9 2 1 1 2044 2889 2969 10410 10488 10502
5325 9 2 1 1 2699 1716 2867 3387 10266 10253
5326 9 2 1 1 2698 1459 2862 9594 10265 10254
5327 9 2 1 1 2679 1735 2924 9675 10317 3696
5328 9 2 1 1 1772 2706 2957 3427 10205 10496
5329 9 2 1 1 1687 2689 2972 3010 3547 10503
5330 9 2 1 1 1754 2703 2878 3461 10217 10284
5331 9 2 1 1 2676 1204 2970 9650 10504 3677
5332 9 2 1 1 2120 2709 2963 3707 10207 10500
5333 9 2 1 1 2128 2694 2961 9717 10056 10505
5334 9 2 1 1 2702 1678 2872 9817 10048 10128
5335 9 2 1 1 2713 1323 2967 3151 10218 10495
5336 9 2 1 1 1208 2738 2781 10120 10108 3740
5337 9 2 1 1 1207 2739 2782 10121 10109 3738
5338 9 2 1 1 1209 2740 2783 10122 10110 10163
5339 9 2 1 1 2743 1950 2778 10125 3748 10111
5340 9 2 1 1 2742 1942 2779 10124 3746 10112
5341 9 2 1 1 2741 1933 2780 10123 3744 10113
5342 9 2 1 1 1212 2744 2785 10126 10114 10166
5343 9 2 1 1 2745 1920 2784 10127 3742 10115
5344 9 2 1 1 2209 2705 2964 9600 10499 10506
5345 9 2 1 1 2431 2723 2851 3021 10507 10211
5346 9 2 1 1 2697 1890 2965 9752 10080 10118
5347 9 2 1 1 2695 1809 2971 9657 10508 9829
5348 9 2 1 1 2710 2209 2964 9703 10506 3709
5349 9 2 1 1 2698 2044 2969 9753 10502 9595
5350 9 2 1 1 2711 2128 2961 3505 10505 10260
5351 9 2 1 1 2723 1140 2851 3712 3350 10507
5352 9 2 1 1 2701 2214 2966 10061 10509 10044
5353 9 2 1 1 2349 2712 2962 9530 10261 10510
5354 9 2 1 1 448 2724 2872 10088 10129 10046
5355 9 2 1 1 1191 2806 2958 9728 10511 10273
5356 9 2 1 1 2806 1930 2958 10264 10498 10511
5357 9 2 1 1 1929 2714 2958 9680 10274 10497
5358 9 2 1 1 2708 2349 2962 10057 10510 9592
5359 9 2 1 1 1765 2721 2969 9973 9624 10487
5360 9 2 1 1 1809 2732 2971 9702 10267 10508
5361 9 2 1 1 2214 2733 2966 9771 10270 10509
5362 9 2 1 1 2737 1784 2968 9784 10501 10269
5363 9 2 1 1 2796 1687 2972 10202 10503 3450
5364 9 2 1 1 1204 2736 2970 3425 10271 10504
5365 9 2 1 1 659 2813 2935 10219 10140 9565
5366 9 2 1 1 1786 2814 2934 10220 10139 10286
5367 9 2 1 1 883 2815 2938 10221 10137 9569
5368 9 2 1 1 1813 2816 2945 10222 10136 9573
5369 9 2 1 1 1812 2820 2937 10225 10138 10276
5370 9 2 1 1 658 2821 2941 10226 10145 9575
5371 9 2 1 1 1815 2822 2942 10227 10142 10279
5372 9 2 1 1 1592 2823 2946 10228 10141 10321
5373 9 2 1 1 2111 2824 2947 10229 10144 10319
5374 9 2 1 1 2836 2225 2926 10240 9562 10161
5375 9 2 1 1 2840 1810 2927 10243 9564 10160
5376 9 2 1 1 568 2825 2952 10230 10132 10292
5377 9 2 1 1 2838 1812 2929 10241 10275 10156
5378 9 2 1 1 2839 1972 2932 10242 10299 10155
5379 9 2 1 1 2835 1814 2933 10239 9572 10154
5380 9 2 1 1 1818 2826 2954 10231 10134 9583
5381 9 2 1 1 2830 1587 2944 10234 9578 10149
5382 9 2 1 1 2837 1815 2936 10238 10278 10153
5383 9 2 1 1 1817 2828 2953 10233 10135 10282
5384 9 2 1 1 1797 2827 2955 10232 10133 10289
5385 9 2 1 1 2841 1811 2928 10244 9568 10159
5386 9 2 1 1 2831 1728 2943 10236 9580 10143
5387 9 2 1 1 2842 1586 2940 10245 10296 10151
5388 9 2 1 1 2843 1792 2939 10246 10305 10152
5389 9 2 1 1 2844 572 2930 10247 10311 10157
5390 9 2 1 1 2846 2038 2931 10250 10314 10158
5391 9 2 1 1 2845 1058 2949 10248 10302 10150
5392 9 2 1 1 2847 2032 2948 10249 10308 10146
5393 9 2 1 1 2848 1817 2951 10251 10281 10147
5394 9 2 1 1 2849 660 2950 10252 9582 10148
$EndElements
