$MeshFormat
2.2 0 8
$EndMeshFormat
$NodeData
1
"U1"
1
0.0
3
0
1
1266
1 0.000000000000000E+00
2 0.000000000000000E+00
3 1.051653433248522E+00
4 0.000000000000000E+00
5 0.000000000000000E+00
6 1.052122416752014E+00
7 1.051653395079683E+00
8 0.000000000000000E+00
9 0.000000000000000E+00
10 0.000000000000000E+00
11 0.000000000000000E+00
12 0.000000000000000E+00
13 0.000000000000000E+00
14 0.000000000000000E+00
15 2.197275670718089E-03
16 9.023061761638298E-03
17 2.036422834165693E-02
18 3.610423404572712E-02
19 5.610469892319556E-02
20 8.019473738953238E-02
21 1.081690738206437E-01
22 1.397897184838106E-01
23 1.747877116595086E-01
24 2.128658602581538E-01
25 2.537001986525648E-01
26 2.969422961719406E-01
27 3.422232204468592E-01
28 3.891545574575670E-01
29 4.373330202989874E-01
30 4.863416719597016E-01
31 5.357549516572677E-01
32 5.851399464579705E-01
33 6.340618727467693E-01
34 6.820856590404114E-01
35 7.287814677327314E-01
36 7.737264322873880E-01
37 8.165107352142136E-01
38 8.567399415064597E-01
39 8.940396959806731E-01
40 9.280598201436170E-01
41 9.584771454792540E-01
42 9.850011092290478E-01
43 1.007375131855285E+00
44 1.025381553136100E+00
45 1.038841669535656E+00
46 1.047625361337955E+00
47 5.154004670849965E-04
48 5.039000562923134E-03
49 1.413628596680449E-02
50 2.769232403728070E-02
51 4.558188879042914E-02
52 6.765070471951488E-02
53 9.371071388280654E-02
54 1.235400719252112E-01
55 1.568851695151855E-01
56 1.934623348423030E-01
57 2.329607830075952E-01
58 2.750439948828704E-01
59 3.193529473951007E-01
60 3.655086896890073E-01
61 4.131149079066923E-01
62 4.617611931612295E-01
63 5.110258070168139E-01
64 5.604791744587408E-01
65 6.096869341745496E-01
66 6.582137460271987E-01
67 7.056266437467221E-01
68 7.514990252410439E-01
69 7.954136310382565E-01
70 8.369683815571793E-01
71 8.757778746197140E-01
72 9.114798013324474E-01
73 9.437365931762065E-01
74 9.722414107053190E-01
75 9.967196838879226E-01
76 1.016934529143028E+00
77 1.032686970540242E+00
78 1.043822855830677E+00
79 1.050233755873915E+00
80 1.051927555795982E+00
81 1.047625302281518E+00
82 1.038842317130715E+00
83 1.025380932424495E+00
84 1.007374821315424E+00
85 9.850010196870975E-01
86 9.584770389224190E-01
87 9.280596906170909E-01
88 8.940395426228711E-01
89 8.567397710094018E-01
90 8.165105587049020E-01
91 7.737262431334951E-01
92 7.287812677152986E-01
93 6.820854504245389E-01
94 6.340616577176232E-01
95 5.851397328418090E-01
96 5.357547369998797E-01
97 4.863414538580658E-01
98 4.373327987138377E-01
99 3.891543280300602E-01
100 3.422229992599266E-01
101 2.969420907327173E-01
102 2.537000080752326E-01
103 2.128656873371947E-01
104 1.747875498455969E-01
105 1.397895687317608E-01
106 1.081689407598490E-01
107 8.019461839669927E-02
108 5.610460118748089E-02
109 3.610415479315603E-02
110 2.036416994269652E-02
111 9.023023287572377E-03
112 2.197263718015434E-03
113 1.050233414614039E+00
114 1.043822837144656E+00
115 1.032687043021224E+00
116 1.016934182953479E+00
117 9.967195898745229E-01
118 9.722413035991808E-01
119 9.437364808934393E-01
120 9.114796621590816E-01
121 8.757777149804159E-01
122 8.369682113309023E-01
123 7.954134485112716E-01
124 7.514988303118488E-01
125 7.056264392377600E-01
126 6.582135336993425E-01
127 6.096867157463880E-01
128 5.604789554557457E-01
129 5.110255863530266E-01
130 4.617609732113628E-01
131 4.131146899299931E-01
132 3.655084737068389E-01
133 3.193527418539949E-01
134 2.750437977883188E-01
135 2.329605978033445E-01
136 1.934621623906871E-01
137 1.568850079149096E-01
138 1.235399281013356E-01
139 9.371058522646654E-02
140 6.765059678147005E-02
141 4.558180066240540E-02
142 2.769225834039825E-02
143 1.413623893532462E-02
144 5.038972977391566E-03
145 5.154093496811585E-04
146 0.000000000000000E+00
147 0.000000000000000E+00
148 0.000000000000000E+00
149 0.000000000000000E+00
150 0.000000000000000E+00
151 0.000000000000000E+00
152 0.000000000000000E+00
153 2.396217860814549E-03
154 9.338920912944438E-03
155 2.079626379416533E-02
156 3.667495869637456E-02
157 5.682736597182948E-02
158 8.106411088470271E-02
159 1.091588754053083E-01
160 1.408523473701747E-01
161 1.758539956605077E-01
162 2.138459081848333E-01
163 2.544875830815737E-01
164 2.974158286001550E-01
165 3.422534434450430E-01
166 3.886069804185632E-01
167 4.360767886346223E-01
168 4.842535154275409E-01
169 5.327288841104024E-01
170 5.810912547446025E-01
171 6.289368571080854E-01
172 6.758643499147692E-01
173 7.214864342218865E-01
174 7.654262510018989E-01
175 8.073196663624055E-01
176 8.468260579543622E-01
177 8.836192630247408E-01
178 9.174008803917577E-01
179 9.478926404609577E-01
180 9.748471357864975E-01
181 9.980424755876992E-01
182 1.017289570317958E+00
183 1.032429683932656E+00
184 1.043337584288685E+00
185 1.049921131150000E+00
186 6.281625984201506E-04
187 5.301874698451051E-03
188 1.450941087837499E-02
189 2.819289317080787E-02
190 4.622948769433072E-02
191 6.844991837101085E-02
192 9.464594105800456E-02
193 1.245742853703342E-01
194 1.579596781115471E-01
195 1.944976141151689E-01
196 2.338583481944174E-01
197 2.756894918776589E-01
198 3.196205651256607E-01
199 3.652655960274012E-01
200 4.122278802159917E-01
201 4.601021564987056E-01
202 5.084795705120337E-01
203 5.569493502099547E-01
204 6.051038449735938E-01
205 6.525396854183675E-01
206 6.988625399196335E-01
207 7.436893151579138E-01
208 7.866494127799175E-01
209 8.273914894641572E-01
210 8.655800360765725E-01
211 9.009040241571895E-01
212 9.330732912907622E-01
213 9.618262779915627E-01
214 9.869266112813747E-01
215 1.008170068462376E+00
216 1.025381250299463E+00
217 1.038418949949927E+00
218 1.047173938869217E+00
219 1.051571770735525E+00
220 1.049920838403608E+00
221 1.043337727613284E+00
222 1.032429595182700E+00
223 1.017290064349599E+00
224 9.980425210585350E-01
225 9.748472522587963E-01
226 9.478927679499924E-01
227 9.174010196725505E-01
228 8.836194135482049E-01
229 8.468262254757113E-01
230 8.073198453439695E-01
231 7.654264409066688E-01
232 7.214866339820202E-01
233 6.758645577798301E-01
234 6.289370711647867E-01
235 5.810914714671994E-01
236 5.327290998678097E-01
237 4.842537315150858E-01
238 4.360770126743606E-01
239 3.886072057820436E-01
240 3.422536600088212E-01
241 2.974160369487716E-01
242 2.544877737109359E-01
243 2.138460849077870E-01
244 1.758541645162458E-01
245 1.408525019443899E-01
246 1.091590128211733E-01
247 8.106425933721767E-02
248 5.682744373331265E-02
249 3.667504210199041E-02
250 2.079632432560221E-02
251 9.338958517421305E-03
252 2.396236339717144E-03
253 1.051571847753461E+00
254 1.047174061643513E+00
255 1.038419090958289E+00
256 1.025381158255406E+00
257 1.008170413083461E+00
258 9.869266820391541E-01
259 9.618264032799242E-01
260 9.330734235208760E-01
261 9.009041708684689E-01
262 8.655801959382077E-01
263 8.273916629609804E-01
264 7.866495972975527E-01
265 7.436895101768436E-01
266 6.988627439868423E-01
267 6.525398965495545E-01
268 6.051040612554272E-01
269 5.569495701585399E-01
270 5.084797893636862E-01
271 4.601023760658836E-01
272 4.122281022516505E-01
273 3.652658118800676E-01
274 3.196207748516938E-01
275 2.756896924178137E-01
276 2.338585340279293E-01
277 1.944977889430012E-01
278 1.579598404635299E-01
279 1.245744298719138E-01
280 9.464607759290826E-02
281 6.845002089853594E-02
282 4.622957388604151E-02
283 2.819296579833219E-02
284 1.450945986506069E-02
285 5.301901625741902E-03
286 6.281758256903602E-04
287 1.051929768337463E+00
288 1.442080776971903E-02
289 1.442075897358639E-02
290 4.563638103278712E-02
291 4.563630977572024E-02
292 9.351467978598171E-02
293 9.351454780219423E-02
294 1.573273095261162E-01
295 1.573271501547124E-01
296 2.344537279317154E-01
297 2.344275374921095E-01
298 3.205771658344882E-01
299 3.206054504792281E-01
300 4.136835715718137E-01
301 4.137138961406968E-01
302 5.105547566077926E-01
303 5.105236756204210E-01
304 6.078096900795983E-01
305 6.078100279781562E-01
306 1.046423737318523E+00
307 1.047503780376710E+00
308 7.021424569264454E-01
309 1.022883221897051E+00
310 7.021426607614479E-01
311 1.023559748109536E+00
312 7.839843751535948E-01
313 9.860657032029337E-01
314 7.839845608430701E-01
315 9.860660658543052E-01
316 8.635002285486305E-01
317 9.316232208324976E-01
318 9.316233628869298E-01
319 8.635004003598827E-01
320 4.749320091247825E-03
321 4.749293534702897E-03
322 2.773644609088926E-02
323 2.774648648038376E-02
324 6.767453275583014E-02
325 6.767458932249587E-02
326 1.234917175170092E-01
327 1.234710850033824E-01
328 1.955952956544832E-01
329 1.955588509788658E-01
330 1.160244530373124E-03
331 1.160233691199125E-03
332 2.777597036457762E-01
333 2.777590311891620E-01
334 3.686252194546624E-01
335 3.687144632662362E-01
336 4.651697034614941E-01
337 4.651700137937242E-01
338 5.639500819918275E-01
339 5.639027486310159E-01
340 6.614188918906546E-01
341 1.032958534034070E+00
342 6.614186810818817E-01
343 1.032725887483258E+00
344 7.542805180607781E-01
345 9.974339537020676E-01
346 7.542803241924759E-01
347 9.974343172980181E-01
348 9.450003109462460E-01
349 8.391815906718461E-01
350 8.391955620515180E-01
351 9.449903528026014E-01
352 1.050252977986329E+00
353 1.051703025734610E+00
354 1.051529757325058E+00
355 1.052014133377783E+00
356 1.048633694163446E+00
357 1.429807496569626E-02
358 1.429780808209242E-02
359 4.542229265890046E-02
360 6.130250065354454E-01
361 6.354776998625609E-01
362 4.164249818148162E-01
363 4.399266977067304E-01
364 9.732090687959729E-01
365 9.608113728170791E-01
366 2.353615447201220E-01
367 2.561843791279881E-01
368 1.016445620599017E+00
369 1.006667992486281E+00
370 7.979163436284404E-01
371 8.213166631227232E-01
372 7.086022428233976E-01
373 7.345832212514162E-01
374 9.330237739957711E-02
375 5.144679389718121E-01
376 5.379310309158818E-01
377 1.017397564403872E+00
378 1.008605052006755E+00
379 3.223128048335203E-01
380 3.449455319226532E-01
381 1.574911796910186E-01
382 1.755066213893880E-01
383 5.144290534890242E-01
384 5.378960506405422E-01
385 9.732104079813955E-01
386 9.608112206172965E-01
387 6.130170220812153E-01
388 6.354761838139127E-01
389 7.086020393861920E-01
390 7.345830234804954E-01
391 1.575006753476533E-01
392 1.755256291453198E-01
393 9.330567695269737E-02
394 4.542011193480732E-02
395 2.353939774359299E-01
396 2.561947855312109E-01
397 4.163796627579613E-01
398 4.399139158416625E-01
399 3.222702780892256E-01
400 3.448902799471992E-01
401 7.979186760504401E-01
402 8.213164860374507E-01
403 8.776591755472447E-01
404 9.130315849298544E-01
405 8.975840899851820E-01
406 8.776214308372989E-01
407 9.130018195909205E-01
408 8.974505781385319E-01
409 1.043045913386748E+00
410 1.039266938058284E+00
411 6.760880927271422E-02
412 2.782382240340299E-02
413 1.233475591512995E-01
414 1.233471738466723E-01
415 1.038060180481041E+00
416 6.760294701780906E-02
417 2.782375173470239E-02
418 1.044566644255897E+00
419 1.039472970740966E-03
420 1.039483458026463E-03
421 4.871614258435659E-03
422 9.427870753914980E-03
423 4.871588656966790E-03
424 9.427875639850414E-03
425 1.051729321997283E+00
426 2.052923050427972E-02
427 2.053070624273060E-02
428 3.607026960968629E-02
429 3.597297225013197E-02
430 5.593641970350716E-02
431 5.591605168951971E-02
432 7.966268972211762E-02
433 7.965847428783483E-02
434 1.050917945902451E+00
435 1.076366652362902E-01
436 1.076414372246190E-01
437 1.399453452613284E-01
438 1.399363034244194E-01
439 1.041642248377278E+00
440 1.050066132147468E+00
441 1.949678452718345E-01
442 1.949484384379893E-01
443 2.146723871509709E-01
444 2.146482293319242E-01
445 2.770373875472993E-01
446 2.770259324408289E-01
447 2.993269549804471E-01
448 2.993065166511041E-01
449 1.036277450903818E+00
450 3.671894458747518E-01
451 3.672230117069789E-01
452 3.915418399255326E-01
453 3.914970526389558E-01
454 4.627413053911177E-01
455 4.627282346583779E-01
456 4.883841844733272E-01
457 4.883667508149387E-01
458 5.603286341532041E-01
459 5.603397832700031E-01
460 5.865489985115713E-01
461 5.865318488744848E-01
462 1.032227118549652E+00
463 6.566241979204178E-01
464 6.566246433714461E-01
465 6.856782159929865E-01
466 1.027001891863034E+00
467 6.856785504540424E-01
468 7.789763454314631E-01
469 7.789760189329937E-01
470 9.862437107783731E-01
471 9.857764476254425E-01
472 9.304727654792344E-01
473 9.305045519778598E-01
474 7.419240450816825E-01
475 1.007495074125241E+00
476 7.419242408480666E-01
477 1.007273074298655E+00
478 8.605889291138588E-01
479 8.605493980698603E-01
480 9.611627230007992E-01
481 9.611628442782437E-01
482 8.252124230259325E-01
483 8.252125970982174E-01
484 8.995006093746086E-01
485 8.995269105479770E-01
486 1.051455287625190E+00
487 1.048779790729730E+00
488 1.046129676747497E+00
489 8.438879455478648E-04
490 8.438839912704066E-04
491 9.661436157938987E-04
492 9.661552779977368E-04
493 1.050996350738803E+00
494 3.655759447449165E-03
495 3.655742567582605E-03
496 1.022190425016194E+00
497 6.795434871626255E-01
498 6.939335576083812E-01
499 6.711916156996277E-01
500 6.795438104385352E-01
501 6.711920052856353E-01
502 6.939338264115644E-01
503 6.460763043614772E-01
504 6.607391546707970E-01
505 6.460772824120883E-01
506 6.607400736763894E-01
507 1.030078234342618E+00
508 1.031910794196390E+00
509 1.024975748045069E+00
510 1.037809388616320E+00
511 1.033637712572604E+00
512 1.051997720696884E+00
513 1.051853493184158E+00
514 1.052077872199442E+00
515 5.841379466857484E-01
516 5.734506578701883E-01
517 5.971919613320456E-01
518 5.841322240036381E-01
519 5.971832432563022E-01
520 5.734364974399858E-01
521 5.491135727861720E-01
522 5.622525755929911E-01
523 5.491366310841925E-01
524 5.622786403186881E-01
525 7.596283139524524E-01
526 7.631843706330956E-01
527 7.382557027520488E-01
528 9.978631546441060E-01
529 9.972833669099750E-01
530 1.008049534690164E+00
531 7.596281219613070E-01
532 7.382555059518747E-01
533 7.631841797554254E-01
534 9.967974080650054E-01
535 1.006971614092783E+00
536 9.971600400520011E-01
537 7.570276313774478E-01
538 7.814790222818349E-01
539 7.814790915775277E-01
540 7.570277019961461E-01
541 9.979754152435082E-01
542 9.861513629108569E-01
543 9.859185626469792E-01
544 9.966929028781315E-01
545 1.052023662479084E+00
546 1.051955525187301E+00
547 4.513012620732485E-01
548 4.640828310396478E-01
549 4.755481636759085E-01
550 4.866105236762842E-01
551 4.994568278357882E-01
552 9.466320660315348E-01
553 9.310444628508404E-01
554 9.461299344940838E-01
555 9.466319318958216E-01
556 9.461448192424203E-01
557 9.310602177050935E-01
558 4.865884574049245E-01
559 4.994325706580868E-01
560 4.755329129381799E-01
561 4.513011611978570E-01
562 4.640805845166406E-01
563 9.468630603679024E-01
564 9.609841049486724E-01
565 9.609842373828851E-01
566 9.468631893187263E-01
567 8.428363428086975E-01
568 8.620420605041678E-01
569 8.412864527736906E-01
570 8.428365109500690E-01
571 8.412660510825019E-01
572 8.620224727825210E-01
573 8.446809547256768E-01
574 8.232628626692725E-01
575 8.232626875090251E-01
576 8.446807855373415E-01
577 1.049553912687460E+00
578 1.048213976179097E+00
579 1.049994918283006E+00
580 3.560296085492748E-01
581 3.793490323430219E-01
582 3.680744736882463E-01
583 9.150188437080216E-01
584 9.143726807498607E-01
585 3.903299696852366E-01
586 4.025880945062611E-01
587 3.559850906194544E-01
588 3.680243190256030E-01
589 3.793098784859402E-01
590 3.902979741775595E-01
591 4.025504870491379E-01
592 9.159566088323866E-01
593 8.984731418018701E-01
594 8.808478816448039E-01
595 8.794906168159766E-01
596 9.150821133922823E-01
597 9.144530470548677E-01
598 8.985527591812401E-01
599 9.159690905758542E-01
600 8.819079556792405E-01
601 8.807784967151083E-01
602 8.794018166947108E-01
603 8.818942602949290E-01
604 1.663872653892973E-01
605 1.486288491485978E-01
606 1.573087661542494E-01
607 1.664014174361394E-01
608 1.573226146970837E-01
609 1.486381240869841E-01
610 2.665288905206768E-01
611 2.881309191246546E-01
612 2.774880758862742E-01
613 2.665285195016643E-01
614 2.774834300028640E-01
615 2.881150150003697E-01
616 2.985847299540980E-01
617 3.098991559440109E-01
618 8.028590399306635E-01
619 8.004567226676047E-01
620 8.028592208562128E-01
621 8.004566545571190E-01
622 2.985650154078045E-01
623 3.098748269657237E-01
624 9.739328162686395E-01
625 9.737438328156734E-01
626 9.739326752786425E-01
627 9.739958401200847E-01
628 8.049051759561870E-01
629 8.049053559818439E-01
630 9.740641718394634E-01
631 9.740640312141773E-01
632 1.045526819279507E+00
633 1.046272977445887E+00
634 1.051094444610715E+00
635 1.049087542160591E+00
636 1.851303538036909E-01
637 1.947211017435542E-01
638 2.047502554551499E-01
639 1.039330656409138E+00
640 1.043158989141404E+00
641 1.037526920124820E+00
642 1.851111356162566E-01
643 2.047285015901508E-01
644 1.946995639802166E-01
645 7.184450596494437E-01
646 7.103584130931182E-01
647 1.016101245448837E+00
648 1.018410206402802E+00
649 7.184452605775352E-01
650 7.103586783861778E-01
651 2.143752837435492E-01
652 2.244679477213423E-01
653 1.051338253508376E+00
654 2.143525566955594E-01
655 2.244427787169269E-01
656 7.222022397958239E-01
657 1.015599658111590E+00
658 1.015851629370401E+00
659 1.015576384792100E+00
660 7.222024397663489E-01
661 1.663375638287943E-01
662 1.485097402969947E-01
663 1.663469712526121E-01
664 1.485144638482438E-01
665 1.043207390825125E+00
666 1.041981460097589E+00
667 1.037304455737412E+00
668 1.032473462625798E+00
669 1.046277967138261E+00
670 1.043022935804767E+00
671 6.216631603652985E-01
672 6.110977830617172E-01
673 6.216640905341243E-01
674 6.111070670590439E-01
675 1.051852649972180E+00
676 1.051501171977871E+00
677 6.323385570030506E-01
678 6.323389500242408E-01
679 1.049508354522988E+00
680 1.046796436299722E+00
681 1.047909601422339E+00
682 1.046188046016897E+00
683 5.242381135945903E-01
684 5.131434180067065E-01
685 1.014814562383487E+00
686 1.022879435778642E+00
687 5.242050767598904E-01
688 5.131171925667798E-01
689 5.354615230979717E-01
690 5.354403977403485E-01
691 1.036019841004973E+00
692 1.038468905164619E+00
693 1.041042713950754E+00
694 1.048089965222142E+00
695 1.044871282020299E+00
696 1.045613792487488E+00
697 1.051875490396298E+00
698 1.051127880149946E+00
699 1.049982400888307E+00
700 1.049561402377699E+00
701 4.267939776598529E-01
702 4.156130974123763E-01
703 4.267723838340762E-01
704 4.155841200050608E-01
705 1.051839360970884E+00
706 1.051963733407151E+00
707 4.381277524542082E-01
708 4.381189526789622E-01
709 1.036270914627246E+00
710 1.041232962652301E+00
711 3.327296652343346E-01
712 3.219119616038274E-01
713 1.400440255668971E-01
714 1.315799312353930E-01
715 1.400594389304988E-01
716 1.315949518825626E-01
717 3.326879970363421E-01
718 3.218743996138191E-01
719 9.366809664579198E-01
720 9.294471241733714E-01
721 9.206045878841357E-01
722 9.595842931530921E-01
723 9.670937564333599E-01
724 9.530574533756759E-01
725 1.007424144137671E+00
726 1.011681952286001E+00
727 1.002160167085342E+00
728 2.562617412977048E-01
729 2.456865411511149E-01
730 2.669220437667893E-01
731 7.316661741509773E-01
732 7.444657537227745E-01
733 7.216777753211043E-01
734 1.007956239301362E+00
735 1.003181055665888E+00
736 1.013105313220596E+00
737 1.761142216767456E-01
738 1.854515431280859E-01
739 9.595897056189555E-01
740 9.530621871446336E-01
741 9.670944374123382E-01
742 5.391764515183866E-01
743 5.261675065382796E-01
744 5.509084383708698E-01
745 7.316659752650577E-01
746 7.216775746363545E-01
747 7.444655578761817E-01
748 1.761366822948363E-01
749 1.854791177339538E-01
750 4.406772456202828E-01
751 4.525306362341089E-01
752 4.281212821717109E-01
753 3.452465462768822E-01
754 3.567274040218619E-01
755 3.335236381088916E-01
756 6.713994482907428E-03
757 8.889975479770546E-03
758 1.149809948420330E-02
759 6.714027503723846E-03
760 1.149800115471975E-02
761 8.889888627109301E-03
762 3.789274066809942E-01
763 3.924203887535700E-01
764 4.027522700726178E-01
765 3.179897186438805E-02
766 3.606334158651173E-02
767 4.061842521908392E-02
768 5.745639304186275E-01
769 5.991288990345992E-01
770 5.885520356174651E-01
771 1.156940108574516E-01
772 1.006338947651674E-01
773 1.079200243506395E-01
774 9.518155776000088E-01
775 9.660034071636507E-01
776 4.757624868374804E-01
777 5.004096782427164E-01
778 4.897752428301655E-01
779 2.656338455994608E-01
780 2.444971032494408E-01
781 1.002504508843315E+00
782 1.012041928221798E+00
783 7.640465486661671E-01
784 7.859377600224920E-01
785 7.763723367088528E-01
786 7.416327344492338E-01
787 7.187284857274988E-01
788 5.498548667515364E-01
789 5.251046538434656E-01
790 9.366860601959069E-01
791 9.206190903292899E-01
792 9.294665043893299E-01
793 1.002504395587255E+00
794 1.012548263482341E+00
795 9.518203761585142E-01
796 9.660040586931523E-01
797 1.850462946247274E-01
798 1.660739808207009E-01
799 2.873268442384242E-01
800 2.997856145952061E-01
801 3.095500315323753E-01
802 5.745401858931771E-01
803 5.885244532841279E-01
804 5.991247784701416E-01
805 7.416325374382040E-01
806 7.187282839485171E-01
807 1.850641752505786E-01
808 1.660789056432302E-01
809 7.382822598012943E-02
810 8.662121393448748E-02
811 8.001970870277139E-02
812 6.174528540518243E-02
813 5.602648216988368E-02
814 5.064058687720342E-02
815 2.041870976642670E-01
816 2.240175757418643E-01
817 2.151522613137924E-01
818 4.512351518805063E-01
819 4.268560894046320E-01
820 3.553666592264726E-01
821 3.322312523151894E-01
822 7.640463570371478E-01
823 7.763734407364952E-01
824 7.859388538366477E-01
825 1.003420115723591E-01
826 1.154566805930418E-01
827 8.480245513586306E-01
828 8.587945666759038E-01
829 8.673400176321716E-01
830 8.957216415424247E-01
831 9.052919128349203E-01
832 8.876753737727997E-01
833 4.407002597623956E-01
834 4.281504224321378E-01
835 4.525372008954736E-01
836 6.373408380104711E-01
837 6.484799285551685E-01
838 6.242837574946547E-01
839 8.188718870198939E-01
840 8.302972202094010E-01
841 8.097332501588448E-01
842 5.392196064279475E-01
843 5.509496060197231E-01
844 5.262044510482231E-01
845 8.957553304422625E-01
846 8.877623542635245E-01
847 9.053725676411587E-01
848 3.453121065065115E-01
849 3.335724844453494E-01
850 3.567995397666327E-01
851 6.373367733999703E-01
852 6.242790202608647E-01
853 6.484790679785247E-01
854 2.562787576992042E-01
855 2.669276385930948E-01
856 2.457081501544198E-01
857 8.188802453814715E-01
858 8.097343055986561E-01
859 8.303042159216079E-01
860 1.079315090929200E-01
861 1.154691779813286E-01
862 1.003460281332327E-01
863 2.390071246717172E-02
864 1.720091650411351E-02
865 2.048318157655644E-02
866 2.389608809070259E-02
867 2.047869863031425E-02
868 1.720079527811676E-02
869 8.858956794636476E-01
870 9.036694938449817E-01
871 4.757625367300206E-01
872 4.897560058477373E-01
873 5.003901566935575E-01
874 5.498786780355271E-01
875 5.251242074714270E-01
876 7.382820196015764E-02
877 8.001821173284152E-02
878 8.661956296997159E-02
879 6.478067015655170E-01
880 6.235679945987350E-01
881 1.029202321451127E+00
882 1.025191164348177E+00
883 1.021051712294834E+00
884 8.480177470331017E-01
885 8.673207629353307E-01
886 8.587682011292909E-01
887 8.279761732187979E-01
888 8.072631965905476E-01
889 6.717829216602605E-01
890 6.954282154179795E-01
891 6.851820027514336E-01
892 9.913803113417995E-01
893 9.858381288186182E-01
894 9.791962384492189E-01
895 6.174525820558552E-02
896 5.064168792851471E-02
897 5.602771331164935E-02
898 9.913801607492011E-01
899 9.791968450595830E-01
900 9.858387008937697E-01
901 4.512352014887437E-01
902 4.268787139262056E-01
903 1.029329467727713E+00
904 1.021499415421103E+00
905 1.025740761773013E+00
906 2.041685290512332E-01
907 2.151176812965990E-01
908 2.240015858268829E-01
909 1.315460185570211E-01
910 1.485165338295836E-01
911 6.478064880334223E-01
912 6.235639052913993E-01
913 8.859141554370615E-01
914 9.036847479497185E-01
915 3.179366984171519E-02
916 4.061744061606289E-02
917 3.605668644862214E-02
918 6.717827117614205E-01
919 6.851817952591523E-01
920 6.954280093614325E-01
921 3.554107298571129E-01
922 3.322525560189175E-01
923 1.157040808569772E-01
924 1.006356678129359E-01
925 1.315566718079345E-01
926 1.485212363647826E-01
927 2.873272894972776E-01
928 3.095291471413149E-01
929 2.997651401323786E-01
930 3.788826655673545E-01
931 4.027298788223307E-01
932 3.923527593745090E-01
933 2.656342755338700E-01
934 2.445135961161075E-01
935 8.279832222924571E-01
936 8.072642605568952E-01
937 3.343254670061170E-03
938 3.343274974919551E-03
939 1.035910569882592E+00
940 3.437162394808361E-01
941 3.436853153010246E-01
942 8.638081847189688E-02
943 7.354379672431570E-02
944 6.183826364603697E-01
945 5.944562332393158E-01
946 4.973872519340183E-01
947 5.216258864445289E-01
948 8.720789889591658E-02
949 1.011836855983934E-01
950 8.736855479798450E-01
951 8.552047542292607E-01
952 4.011088702887787E-01
953 4.248373696929175E-01
954 7.957484341998518E-01
955 7.747276584126163E-01
956 9.399050500525726E-01
957 9.245756358020281E-01
958 6.212748449612889E-02
959 7.418074343318332E-02
960 3.089425847557675E-01
961 3.313460282458936E-01
962 2.240793025222044E-01
963 2.443773118093355E-01
964 1.161771360891004E-01
965 1.319558477377606E-01
966 4.105622019529160E-02
967 5.107528387677101E-02
968 7.118465956894919E-01
969 6.890362255967243E-01
970 2.420106687161039E-02
971 3.209450839353688E-02
972 1.490131920213546E-01
973 1.664652516608878E-01
974 5.216102379844911E-01
975 4.973716175293358E-01
976 1.175633058348260E-02
977 1.746264889223835E-02
978 9.922133483266831E-01
979 9.805436484930198E-01
980 1.048386479912028E+00
981 1.044969307385119E+00
982 4.248524916699223E-01
983 4.011238487200732E-01
984 1.664650864588951E-01
985 1.490130348114302E-01
986 1.027903734489648E+00
987 1.020143016321746E+00
988 3.313602016699573E-01
989 3.089564942937944E-01
990 2.443639157156987E-01
991 2.240663025955420E-01
992 5.944565132903362E-01
993 6.183829132800580E-01
994 1.011835515423762E-01
995 8.720777117861413E-02
996 9.245757719807873E-01
997 9.399051815748122E-01
998 7.747278462445364E-01
999 7.957486165509562E-01
1000 6.890364315218934E-01
1001 7.118467975407290E-01
1002 9.805438013806161E-01
1003 9.922133826844771E-01
1004 1.319555716747207E-01
1005 1.161768815312308E-01
1006 1.746259452657238E-02
1007 1.175628736421499E-02
1008 1.045592177363822E+00
1009 1.048833233014403E+00
1010 8.552049210333623E-01
1011 8.736857042182337E-01
1012 7.417754215340980E-02
1013 6.212475069830003E-02
1014 1.020496324320367E+00
1015 1.028215345583405E+00
1016 1.035361013118903E+00
1017 1.040865477819869E+00
1018 5.107519437419334E-02
1019 4.105613485928940E-02
1020 3.209443054866115E-02
1021 2.420100124001053E-02
1022 2.452601442859897E-01
1023 2.351092168362567E-01
1024 2.452417346882050E-01
1025 2.350916884278471E-01
1026 1.233360810773477E-01
1027 7.354180875091136E-02
1028 8.637701949261291E-02
1029 1.233292583246045E-01
1030 8.008269487837251E-02
1031 1.079756257201555E-01
1032 5.611548860555546E-02
1033 3.620153036767948E-02
1034 1.399032029811390E-01
1035 2.058662701284749E-02
1036 1.399029163538386E-01
1037 8.007923008706211E-02
1038 1.079753797677050E-01
1039 1.031435458673893E+00
1040 2.058656763057843E-02
1041 1.043420283367536E+00
1042 5.611294448456568E-02
1043 3.620144689642252E-02
1044 1.051025782838076E+00
1045 1.041907351176604E+00
1046 6.169052057473381E-02
1047 5.053734435965850E-02
1048 9.317923533365040E-02
1049 5.052881904416142E-02
1050 6.167991495014132E-02
1051 9.317470831820977E-02
1052 2.554438777179084E-01
1053 3.534371884928677E-03
1054 6.927166171454890E-03
1055 6.927134798648359E-03
1056 3.534350301735415E-03
1057 2.554359816981362E-01
1058 3.172188147066680E-02
1059 4.057784437209848E-02
1060 4.062810381725604E-02
1061 3.176222282511055E-02
1062 6.730015413261475E-02
1063 6.731317752633605E-02
1064 1.727044314467195E-02
1065 2.401395360548525E-02
1066 2.400848599533725E-02
1067 1.726962198966495E-02
1068 4.542264864391315E-02
1069 6.888945623590111E-03
1070 1.174108172544324E-02
1071 1.174095816631096E-02
1072 6.888960018193952E-03
1073 2.050386569490204E-01
1074 4.548608866878680E-02
1075 2.050082183043747E-01
1076 1.757398549668765E-01
1077 1.757492676434687E-01
1078 2.884727737988672E-01
1079 2.249422910434815E-01
1080 2.249705386869064E-01
1081 2.884630209364550E-01
1082 3.800210703364132E-01
1083 4.767672666278033E-01
1084 3.800882700117493E-01
1085 3.107476543280034E-01
1086 3.107790437258792E-01
1087 5.752358123952591E-01
1088 4.039169954107021E-01
1089 7.667262997992731E-01
1090 7.667263703554174E-01
1091 4.039620576173755E-01
1092 2.777122856659788E-02
1093 2.772910541126612E-02
1094 9.378163841179638E-01
1095 9.378369864074589E-01
1096 5.752680260009206E-01
1097 4.767587213807533E-01
1098 5.013965606068994E-01
1099 5.014247143342410E-01
1100 9.917227493240296E-01
1101 9.919469532731788E-01
1102 9.218772059662819E-01
1103 5.998074173748585E-01
1104 5.997948608472318E-01
1105 6.736024337478858E-01
1106 6.736021604127209E-01
1107 6.971748187407077E-01
1108 1.022396350760368E+00
1109 6.971745501768236E-01
1110 8.691866141739680E-01
1111 8.500152191153980E-01
1112 8.499881780379052E-01
1113 9.798741130881230E-01
1114 9.796294530631440E-01
1115 7.884895859940492E-01
1116 7.884909266439476E-01
1117 9.219080502970115E-01
1118 1.445274437000527E-02
1119 1.445336754109243E-02
1120 8.691479760610901E-01
1121 2.043024466281486E-01
1122 1.853323516544466E-01
1123 2.042924689420016E-01
1124 1.853227285791155E-01
1125 1.051859757822258E+00
1126 2.871476954863993E-01
1127 2.656966297159636E-01
1128 2.871420028297318E-01
1129 2.656910686433051E-01
1130 1.040078778540529E+00
1131 1.034406835900938E+00
1132 3.778436887533159E-01
1133 3.546730813334741E-01
1134 3.778604752638444E-01
1135 3.546896380666015E-01
1136 4.734681981047578E-01
1137 4.493798860411890E-01
1138 4.734615426660405E-01
1139 4.493732632280798E-01
1140 5.707050132643895E-01
1141 5.465219106396862E-01
1142 5.465276028580156E-01
1143 5.707106856393338E-01
1144 6.662613622538354E-01
1145 6.428005140436592E-01
1146 6.428008447114748E-01
1147 6.662616883598383E-01
1148 2.462724149704922E-04
1149 2.626395285451233E-04
1150 2.626368977835313E-04
1151 2.462721580271121E-04
1152 7.537479159582797E-01
1153 7.317343499099099E-01
1154 1.002869339054368E+00
1155 1.012551461488236E+00
1156 7.537481088527098E-01
1157 7.317345477152014E-01
1158 1.002753145733673E+00
1159 1.012447696847494E+00
1160 9.546156885529572E-01
1161 9.681460393037932E-01
1162 9.546158133301648E-01
1163 9.681461638751463E-01
1164 8.361280827893222E-01
1165 8.163084449431995E-01
1166 8.163086215834603E-01
1167 8.361282539680425E-01
1168 9.085805257611044E-01
1169 8.916237683956473E-01
1170 9.085932516746894E-01
1171 8.916371017363214E-01
1172 9.017204885737472E-03
1173 9.017168218295233E-03
1174 1.030069301754608E+00
1175 3.068256762242062E-04
1176 2.932281349752280E-04
1177 2.932325886191823E-04
1178 3.068317246199100E-04
1179 1.050209218618929E+00
1180 1.179300821590922E-02
1181 1.735235983507186E-02
1182 1.179298973096885E-02
1183 1.735301430241195E-02
1184 2.403713466875414E-02
1185 2.403790424021763E-02
1186 1.050811882823065E+00
1187 3.183052528138845E-02
1188 4.071085528480742E-02
1189 4.065916049283443E-02
1190 3.178449377605547E-02
1191 1.039914907386017E+00
1192 1.027727226620252E+00
1193 1.019382599482304E+00
1194 5.067782370044215E-02
1195 6.163267829939442E-02
1196 1.051847383786321E+00
1197 1.051955718090681E+00
1198 6.161925265987674E-02
1199 5.066803488716014E-02
1200 6.970475746647279E-03
1201 6.970462561011879E-03
1202 7.353913879249489E-02
1203 8.644990541406097E-02
1204 8.644763187232038E-02
1205 7.353391797240560E-02
1206 1.879968874677845E-04
1207 1.437740130557254E-03
1208 1.437745091127883E-03
1209 1.879951604414091E-04
1210 1.153601536692948E-01
1211 1.004837293632121E-01
1212 1.004861116274818E-01
1213 1.153628068658731E-01
1214 1.315556929959075E-01
1215 1.315510792684561E-01
1216 2.606263135606353E-04
1217 1.602303999320376E-03
1218 1.602288089061848E-03
1219 2.606200031146157E-04
1220 1.050597073062657E+00
1221 1.050930579123013E+00
1222 1.051455889059860E+00
1223 1.051408646804697E+00
1224 1.100398308182633E-03
1225 1.100387598756708E-03
1226 2.545985854074058E-03
1227 2.545967910091024E-03
1228 1.028078525521761E+00
1229 1.035273156661837E+00
1230 1.027461974671309E+00
1231 2.696777625989957E-03
1232 1.063001707378038E-03
1233 2.696759616337908E-03
1234 1.062991049783641E-03
1235 2.552949498281904E-04
1236 2.553011807069717E-04
1237 1.049565552334561E+00
1238 1.983545305815301E-04
1239 1.983557365703791E-04
1240 2.400461488115407E-03
1241 2.400477245686425E-03
1242 1.051683236510907E+00
1243 1.051251070772238E+00
1244 1.050855020174239E+00
1245 1.044667032397841E+00
1246 4.244148212169891E-03
1247 2.234745397071254E-03
1248 2.234759767457921E-03
1249 4.244169074807564E-03
1250 1.051820213637141E+00
1251 1.051409172039863E+00
1252 1.050469333123569E+00
1253 1.049459664615052E+00
1254 6.207811585994413E-03
1255 6.207802318673642E-03
1256 2.558756116448616E-03
1257 9.381835547678531E-04
1258 2.558774247428680E-03
1259 9.381917990398879E-04
1260 1.048480974420569E+00
1261 4.184591593002793E-03
1262 4.184569860960614E-03
1263 2.149061723025264E-03
1264 2.149047489238578E-03
1265 1.048360740258523E+00
1266 1.047553227585902E+00
$EndNodeData
$NodeData
1
"U2"
1
0.0
3
0
1
1266
1 0.000000000000000E+00
2 0.000000000000000E+00
3 -1.517619309544778E-01
4 -2.999999999999999E-01
5 -2.999999999999999E-01
6 -1.500000810623356E-01
7 -1.482376705214657E-01
8 0.000000000000000E+00
9 0.000000000000000E+00
10 0.000000000000000E+00
11 0.000000000000000E+00
12 0.000000000000000E+00
13 0.000000000000000E+00
14 0.000000000000000E+00
15 -1.024062232371462E-02
16 -2.051699651995734E-02
17 -3.077803139139024E-02
18 -4.102282327205845E-02
19 -5.124557773323562E-02
20 -6.143186571096664E-02
21 -7.155828428513016E-02
22 -8.159394411073118E-02
23 -9.149898319815100E-02
24 -1.012262182758260E-01
25 -1.107189560459322E-01
26 -1.199143530088582E-01
27 -1.287434455027283E-01
28 -1.371325093579667E-01
29 -1.450054234904219E-01
30 -1.522851750562854E-01
31 -1.588966312738818E-01
32 -1.647684919808023E-01
33 -1.698361574323165E-01
34 -1.740438089941513E-01
35 -1.773468875984180E-01
36 -1.797140667671518E-01
37 -1.811293549630876E-01
38 -1.815932146618864E-01
39 -1.811239227727990E-01
40 -1.797578748305767E-01
41 -1.775499710548741E-01
42 -1.745726532375279E-01
43 -1.709156510202045E-01
44 -1.666823502169568E-01
45 -1.619923379932303E-01
46 -1.569741001752617E-01
47 -5.103674176316267E-03
48 -1.537899474771912E-02
49 -2.564767437999298E-02
50 -3.590025122100011E-02
51 -4.613479119747489E-02
52 -5.634107607855395E-02
53 -6.650027130511026E-02
54 -7.658526314715607E-02
55 -8.656072861744502E-02
56 -9.638308024029293E-02
57 -1.060001801330757E-01
58 -1.153521664568559E-01
59 -1.243732159002612E-01
60 -1.329914208003427E-01
61 -1.411319986382333E-01
62 -1.487176995952086E-01
63 -1.556725880053682E-01
64 -1.619226955921148E-01
65 -1.674002112865128E-01
66 -1.720442099100158E-01
67 -1.758046071651634E-01
68 -1.786428779342484E-01
69 -1.805354313851223E-01
70 -1.814741255249241E-01
71 -1.814683608024047E-01
72 -1.805454916772063E-01
73 -1.787508777361814E-01
74 -1.761487366061175E-01
75 -1.728197956159953E-01
76 -1.688614403039640E-01
77 -1.643845282096096E-01
78 -1.595147265343411E-01
79 -1.543838786285354E-01
80 -1.499998634214515E-01
81 -1.430266383223948E-01
82 -1.380074973405446E-01
83 -1.333174376113922E-01
84 -1.290847318206877E-01
85 -1.254274137096196E-01
86 -1.224500766276625E-01
87 -1.202421511871647E-01
88 -1.188761080167123E-01
89 -1.184068286873593E-01
90 -1.188706881490371E-01
91 -1.202859777308996E-01
92 -1.226531613351192E-01
93 -1.259562442085026E-01
94 -1.301639009243144E-01
95 -1.352315763859503E-01
96 -1.411034318095553E-01
97 -1.477148872429664E-01
98 -1.549946419210316E-01
99 -1.628675599203090E-01
100 -1.712566435758301E-01
101 -1.800857352412293E-01
102 -1.892811323243232E-01
103 -1.987738655577794E-01
104 -2.085010947491944E-01
105 -2.184061444042478E-01
106 -2.284417989593927E-01
107 -2.385682232489727E-01
108 -2.487545112516752E-01
109 -2.589772655331524E-01
110 -2.692220568272936E-01
111 -2.794830915467368E-01
112 -2.897594757972798E-01
113 -1.456160069994706E-01
114 -1.404856385011773E-01
115 -1.356149736838725E-01
116 -1.311386891581967E-01
117 -1.271803661059839E-01
118 -1.238513214791164E-01
119 -1.212491555655203E-01
120 -1.194545364185225E-01
121 -1.185316734367017E-01
122 -1.185259176493891E-01
123 -1.194646115912730E-01
124 -1.213571687139929E-01
125 -1.241954439818278E-01
126 -1.279558456390870E-01
127 -1.325998506306676E-01
128 -1.380773694832876E-01
129 -1.443274794173204E-01
130 -1.512823696874431E-01
131 -1.588680697265103E-01
132 -1.670086552572967E-01
133 -1.756268655279839E-01
134 -1.846479166863354E-01
135 -1.939999063851233E-01
136 -2.036170040881272E-01
137 -2.134393562358912E-01
138 -2.234148229240173E-01
139 -2.334998147309773E-01
140 -2.436590136444868E-01
141 -2.538652989746424E-01
142 -2.640998376276295E-01
143 -2.743524124627594E-01
144 -2.846210977547893E-01
145 -2.948964034558570E-01
146 -2.999999999999999E-01
147 -2.999999999999999E-01
148 -2.999999999999999E-01
149 -2.999999999999999E-01
150 -2.999999999999999E-01
151 -2.999999999999999E-01
152 -2.999999999999999E-01
153 -3.051680929381371E-01
154 -3.101588045750682E-01
155 -3.148903495745500E-01
156 -3.192338443389691E-01
157 -3.230707995406807E-01
158 -3.262959595993279E-01
159 -3.288183226868288E-01
160 -3.305621029764358E-01
161 -3.314675849049746E-01
162 -3.314920643565146E-01
163 -3.306088269856914E-01
164 -3.288091248838753E-01
165 -3.260987260455218E-01
166 -3.224999846535630E-01
167 -3.180465298243743E-01
168 -3.127858705349468E-01
169 -3.067725543274726E-01
170 -3.000713796039713E-01
171 -2.927493197010436E-01
172 -2.848794406966829E-01
173 -2.765337681127034E-01
174 -2.677817459003176E-01
175 -2.586959827128767E-01
176 -2.493364931372607E-01
177 -2.397646170711978E-01
178 -2.300283561614253E-01
179 -2.201749480127181E-01
180 -2.102371228377214E-01
181 -2.002468725528283E-01
182 -1.902218278646833E-01
183 -1.801786702522785E-01
184 -1.701244397382378E-01
185 -1.600649292082734E-01
186 -3.026056815956639E-01
187 -3.076873695372667E-01
188 -3.125638051626946E-01
189 -3.171161713110116E-01
190 -3.212197905161336E-01
191 -3.247625852213525E-01
192 -3.276462830491491E-01
193 -3.297876530407671E-01
194 -3.311184232962656E-01
195 -3.315870675982198E-01
196 -3.311597880483379E-01
197 -3.298177938533705E-01
198 -3.275611038246944E-01
199 -3.244023367259600E-01
200 -3.203714244811597E-01
201 -3.155073153259906E-01
202 -3.098632655780664E-01
203 -3.034971518543116E-01
204 -2.964772970765097E-01
205 -2.888718063195918E-01
206 -2.807553947218731E-01
207 -2.721996597036215E-01
208 -2.632714047858226E-01
209 -2.540428432508506E-01
210 -2.445692196378265E-01
211 -2.349107543699136E-01
212 -2.251101313849400E-01
213 -2.152118596406779E-01
214 -2.052442699575115E-01
215 -1.952354118059095E-01
216 -1.851999930018007E-01
217 -1.751510553042636E-01
218 -1.650942748389473E-01
219 -1.550323744731896E-01
220 -1.399349752386413E-01
221 -1.298758305613592E-01
222 -1.198209877676974E-01
223 -1.097788580924301E-01
224 -9.975288335667003E-02
225 -8.976294858548228E-02
226 -7.982513306773149E-02
227 -6.997173541675211E-02
228 -6.023545993624106E-02
229 -5.066359090648257E-02
230 -4.130410000622807E-02
231 -3.221833593360535E-02
232 -2.346631213976874E-02
233 -1.512063728642338E-02
234 -7.250755705374081E-03
235 7.130861027384433E-05
236 6.772490320109129E-03
237 1.278580173731615E-02
238 1.804645610400736E-02
239 2.249992265839873E-02
240 2.609866859328102E-02
241 2.880907544413850E-02
242 3.060878877718168E-02
243 3.149202207970014E-02
244 3.146754381714095E-02
245 3.056206934962171E-02
246 2.881828550554208E-02
247 2.629593706812238E-02
248 2.307076734911097E-02
249 1.923381644902951E-02
250 1.489033124057730E-02
251 1.015878705595744E-02
252 5.168070170208687E-03
253 -1.449677033343752E-01
254 -1.349059662468131E-01
255 -1.248488100523028E-01
256 -1.148005168116462E-01
257 -1.047645067313573E-01
258 -9.475572977785429E-02
259 -8.478821770780302E-02
260 -7.488995404975368E-02
261 -6.508932933553159E-02
262 -5.543086380839922E-02
263 -4.595723992739056E-02
264 -3.672867756511664E-02
265 -2.780042141270023E-02
266 -1.924468447963333E-02
267 -1.112827039187733E-02
268 -3.522776182314874E-03
269 3.497081047896006E-03
270 9.863194884535135E-03
271 1.550724413100536E-02
272 2.037136116707996E-02
273 2.440228240340877E-02
274 2.756105300974154E-02
275 2.981774995767883E-02
276 3.115974421216540E-02
277 3.158702432904124E-02
278 3.111838673248532E-02
279 2.978762008575279E-02
280 2.764624753065303E-02
281 2.476259309386638E-02
282 2.121975843894784E-02
283 1.711614963307360E-02
284 1.256378777833163E-02
285 7.687350149794294E-03
286 2.605662499086766E-03
287 -1.500202569204972E-01
288 3.172416956956593E-03
289 -3.031724497919165E-01
290 4.201405571048142E-03
291 -3.042014044222257E-01
292 3.866106283499580E-03
293 -3.038661228198107E-01
294 2.853711497847158E-03
295 -3.028537606526903E-01
296 -1.873484392524487E-03
297 -2.981326275521956E-01
298 -9.091524458806661E-03
299 -2.908987729925705E-01
300 -1.870244944547011E-02
301 -2.812915416276156E-01
302 -3.035004192915369E-02
303 -2.696609475525340E-01
304 -2.564623121251416E-01
305 -4.353624558196781E-02
306 -1.595135573010562E-01
307 -1.417983673748244E-01
308 -2.422796902587203E-01
309 -1.734067800973584E-01
310 -5.772038280600086E-02
311 -1.290403312011273E-01
312 -2.266009643174796E-01
313 -1.847318085772775E-01
314 -7.339910890562787E-02
315 -1.152684683669115E-01
316 -2.122335712722657E-01
317 -1.982196480109338E-01
318 -1.017804250398507E-01
319 -8.776650478307536E-02
320 -8.976640572284752E-03
321 -2.910234283686176E-01
322 -2.202858378390733E-02
323 -2.779673475621649E-01
324 -3.505938078876956E-02
325 -2.649445218592945E-01
326 -4.860295054426525E-02
327 -2.513970521404397E-01
328 -6.367046278140855E-02
329 -2.363425338054448E-01
330 -4.824011127022007E-04
331 -2.995176343165051E-01
332 -7.839823386478988E-02
333 -2.215954222758713E-01
334 -9.310404241649101E-02
335 -2.068756018183907E-01
336 -1.073154155037574E-01
337 -1.926911129424430E-01
338 -1.204403735673986E-01
339 -1.795655957609980E-01
340 -1.319065154494592E-01
341 -1.466127784048313E-01
342 -1.680935461486901E-01
343 -1.518345328689843E-01
344 -1.412647870553159E-01
345 -1.455742970006593E-01
346 -1.587352692502717E-01
347 -1.544257856017887E-01
348 -1.463111912221658E-01
349 -1.481556584046740E-01
350 -1.518503394396590E-01
351 -1.536833555074835E-01
352 -1.517091767354647E-01
353 -1.497027360744080E-01
354 -1.502450722727529E-01
355 -1.502541225566277E-01
356 -1.480879115112275E-01
357 -2.843810530860763E-01
358 -1.561884227572445E-02
359 -2.715073464621784E-01
360 -1.267517417584246E-01
361 -8.923288289148222E-02
362 -1.993736426336531E-01
363 -2.365031688267682E-01
364 -1.545087726070545E-01
365 -1.297320978623923E-01
366 -2.287653579921559E-01
367 -2.603995442282767E-01
368 -1.540187032235171E-01
369 -1.360721395108968E-01
370 -1.453417873333306E-01
371 -1.109358380882272E-01
372 -1.372026315587091E-01
373 -9.952345641118041E-02
374 -2.582590965984817E-01
375 -1.143796367865824E-01
376 -7.641058578651169E-02
377 -1.457927645003121E-01
378 -1.629139952532071E-01
379 -2.139293342086026E-01
380 -2.489195452146561E-01
381 -2.441921653637789E-01
382 -2.713165700268415E-01
383 -1.856332250145471E-01
384 -2.236014700946546E-01
385 -1.454905507565709E-01
386 -1.702679533383641E-01
387 -1.732492352699459E-01
388 -2.107671049148541E-01
389 -1.627974271848884E-01
390 -2.004766095784115E-01
391 -5.580987748690974E-02
392 -2.869253758101472E-02
393 -4.173777408067882E-02
394 -2.849573856656493E-02
395 -7.124701517872055E-02
396 -3.960062760362803E-02
397 -1.006128567556929E-01
398 -6.349619842329368E-02
399 -8.605483688930472E-02
400 -5.105837347798291E-02
401 -1.546592972281927E-01
402 -1.890642263997340E-01
403 -1.492328323129177E-01
404 -1.472602688476372E-01
405 -1.789613864559876E-01
406 -1.507591520126568E-01
407 -1.527368598681950E-01
408 -1.210208363134909E-01
409 -1.480031134762051E-01
410 -1.563396988720799E-01
411 4.410660548928930E-03
412 3.810740313798400E-03
413 3.934571736018654E-03
414 -3.039301364451322E-01
415 -1.344345898943284E-01
416 -3.042734508162548E-01
417 -3.038107798875830E-01
418 -1.525391113301018E-01
419 -2.971003090507735E-01
420 -2.899743320148664E-03
421 1.733500114445086E-03
422 -5.003076875803974E-03
423 -3.017335338143582E-01
424 -2.949969624139808E-01
425 -1.473668567621319E-01
426 -7.517299437367933E-03
427 -2.924824643823916E-01
428 -1.037577752327063E-02
429 -2.897373340983485E-01
430 -1.343010824988174E-02
431 -2.865730958707149E-01
432 -1.653397930791885E-02
433 -2.834463335118539E-01
434 -1.484275986751371E-01
435 -2.797630061417665E-01
436 -2.023166535312811E-02
437 -2.424147400560786E-02
438 -2.757580325452226E-01
439 -1.448843388432930E-01
440 -1.529920832273007E-01
441 -5.264964844724708E-05
442 -2.999563678321127E-01
443 -3.399455018231202E-02
444 -2.660136414916563E-01
445 -2.936174785654034E-01
446 -6.374559313998395E-03
447 -2.550446486240094E-01
448 -4.494525964065443E-02
449 -1.666031461411655E-01
450 -1.503549615369697E-02
451 -2.849502409415961E-01
452 -2.430851352724933E-01
453 -5.690218212291449E-02
454 -2.589010895278013E-02
455 -2.741189024002124E-01
456 -6.961207617770980E-02
457 -2.303963879742429E-01
458 -2.615276408965002E-01
459 -3.847605714411450E-02
460 -8.253164558627972E-02
461 -2.174719292554099E-01
462 -1.405650949544575E-01
463 -2.477426131868595E-01
464 -5.225720202242888E-02
465 -2.030142724440512E-01
466 -1.585179396504864E-01
467 -9.698576568793295E-02
468 -1.858526219547429E-01
469 -1.141476304867872E-01
470 -1.616730775833808E-01
471 -1.381080079364497E-01
472 -1.318932847061470E-01
473 -1.681017461200045E-01
474 -2.426244220537277E-01
475 -1.822096165915616E-01
476 -5.737565280196352E-02
477 -1.181097689162493E-01
478 -1.761868590642511E-01
479 -1.238086854035188E-01
480 -1.965817398436619E-01
481 -1.034183455074190E-01
482 -2.270780261359598E-01
483 -7.292204942330752E-02
484 -8.828063562568970E-02
485 -2.117135386751952E-01
486 -1.534886447448625E-01
487 -1.500755337458846E-01
488 -1.535100541593350E-01
489 -4.649180427817833E-03
490 -2.953508966605592E-01
491 -3.015337842343872E-01
492 1.533753364696812E-03
493 -1.476080697258464E-01
494 -3.117224009297884E-03
495 -2.968828211965086E-01
496 -1.423543593386807E-01
497 -2.450371353253115E-01
498 -2.227021386439522E-01
499 -2.251649325090057E-01
500 -5.496281089391157E-02
501 -7.483499609404620E-02
502 -7.729791775321893E-02
503 -2.293043242297347E-01
504 -2.068568867335180E-01
505 -7.069558206659028E-02
506 -9.314312624331958E-02
507 -1.699508563091726E-01
508 -1.631491134485395E-01
509 -1.656726182064080E-01
510 -1.612121369745002E-01
511 -1.574483775445089E-01
512 -1.491696062089838E-01
513 -1.515230476396067E-01
514 -1.504317766023111E-01
515 -4.096976206392464E-02
516 -6.057819750230183E-02
517 -6.301905450330855E-02
518 -2.590313759114894E-01
519 -2.369820557332093E-01
520 -2.394254601378932E-01
521 -2.425509991320854E-01
522 -2.205312107050931E-01
523 -5.745688719257863E-02
524 -7.947659882421751E-02
525 -8.610012355084462E-02
526 -6.548393103313663E-02
527 -7.845711824866138E-02
528 -1.729503047558786E-01
529 -1.836524390508225E-01
530 -1.724479632829665E-01
531 -2.138999456103736E-01
532 -2.215429521234526E-01
533 -2.345161430599246E-01
534 -1.264239824852467E-01
535 -1.271139830600177E-01
536 -1.165285649483625E-01
537 -1.069776703311876E-01
538 -9.378072614854560E-02
539 -2.062194308796251E-01
540 -1.930224900019035E-01
541 -1.624677927912884E-01
542 -1.731367441003789E-01
543 -1.267346150355568E-01
544 -1.369008756549420E-01
545 -1.483350945447168E-01
546 -1.522093666168397E-01
547 -4.477281524948101E-02
548 -6.654367518019279E-02
549 -4.771571648599465E-02
550 -2.807357609569263E-02
551 -5.003020704359668E-02
552 -1.165150538325536E-01
553 -1.168741996836358E-01
554 -1.306708546026988E-01
555 -1.834850188956815E-01
556 -1.693266381775207E-01
557 -1.831224914470685E-01
558 -2.719363952824591E-01
559 -2.499794995150187E-01
560 -2.522930191942848E-01
561 -2.552314102768754E-01
562 -2.334602181795495E-01
563 -1.975539615457761E-01
564 -1.833658952385029E-01
565 -1.166342032678686E-01
566 -1.024461172921806E-01
567 -2.011291122598530E-01
568 -1.941921047664756E-01
569 -1.824400520363109E-01
570 -9.887095722334462E-02
571 -1.175575067532216E-01
572 -1.058049877402147E-01
573 -8.048242335130973E-02
574 -9.195162513393283E-02
575 -2.080484452499574E-01
576 -2.195176513384083E-01
577 -1.462066710903663E-01
578 -1.468018045008718E-01
579 -1.489371329341559E-01
580 -2.667875145412619E-01
581 -2.641568424749804E-01
582 -2.460274650878454E-01
583 -1.108187943168065E-01
584 -1.266766981250660E-01
585 -2.831759409669691E-01
586 -2.620721204231277E-01
587 -3.319446867481021E-02
588 -5.395505955986683E-02
589 -3.582970782420664E-02
590 -1.681385053165261E-02
591 -3.791860914849671E-02
592 -9.520381904323021E-02
593 -1.046847349269046E-01
594 -1.949767052332198E-01
595 -1.776826731178077E-01
596 -1.891702488845610E-01
597 -1.733125980774174E-01
598 -1.953011387877264E-01
599 -2.047934512898887E-01
600 -2.121027585667613E-01
601 -1.050118916849046E-01
602 -1.223064272182692E-01
603 -8.789445209292002E-02
604 -2.574914348767974E-01
605 -2.603875185473196E-01
606 -2.735850008319141E-01
607 -4.251422904052505E-02
608 -2.641909561075223E-02
609 -3.961323799355637E-02
610 -2.767934037723127E-01
611 -2.745644772747549E-01
612 -2.577587566351197E-01
613 -2.320253030530831E-02
614 -4.223640749870341E-02
615 -2.542658675668027E-02
616 -2.923185778606868E-01
617 -2.727872848999008E-01
618 -2.073634376873575E-01
619 -1.875368777695519E-01
620 -9.263663115695905E-02
621 -1.124632769315979E-01
622 -7.672631713253519E-03
623 -2.720278930611009E-02
624 -1.218454331371943E-01
625 -1.341461684145477E-01
626 -1.781547192169530E-01
627 -1.657322411414537E-01
628 -2.269452743806588E-01
629 -7.305479993474381E-02
630 -1.095406350751006E-01
631 -1.904594875800111E-01
632 -1.449021844325580E-01
633 -1.492480434477660E-01
634 -1.521369931621340E-01
635 -1.539424819864919E-01
636 -1.466282627290880E-02
637 -3.128806171748944E-02
638 -1.670685820397534E-02
639 -1.524134028957773E-01
640 -1.490335229899451E-01
641 -1.477934128422029E-01
642 -2.853462003043134E-01
643 -2.833017253191977E-01
644 -2.687206277590755E-01
645 -2.210870371805230E-01
646 -2.017479708813800E-01
647 -1.687963017614190E-01
648 -1.606084884969281E-01
649 -7.891303269218435E-02
650 -9.825208141520247E-02
651 -8.985968402875880E-04
652 -1.818860592169799E-02
653 -1.481123565155967E-01
654 -2.991090229469622E-01
655 -2.818185456413040E-01
656 -2.425136800482331E-01
657 -1.319614719332036E-01
658 -1.238506610819914E-01
659 -1.776578248316595E-01
660 -5.748639389434416E-02
661 -2.874443240696947E-01
662 -2.889824294524234E-01
663 -1.255981287177630E-02
664 -1.101715781100154E-02
665 -1.585634652461151E-01
666 -1.629891037927874E-01
667 -1.428895741925340E-01
668 -1.462513549031343E-01
669 -1.565254030548868E-01
670 -1.548294045521927E-01
671 -2.334717464833620E-01
672 -2.141039721098611E-01
673 -6.652753915656767E-02
674 -8.589779601424316E-02
675 -1.506466143290813E-01
676 -1.509185843187665E-01
677 -2.521221746810202E-01
678 -4.787701716568005E-02
679 -1.502174438055779E-01
680 -1.498823590930990E-01
681 -1.522668212102668E-01
682 -1.551448906839515E-01
683 -5.340078300489980E-02
684 -7.300823797822435E-02
685 -1.394253101016444E-01
686 -1.356544911085716E-01
687 -2.466107666833397E-01
688 -2.270020314041301E-01
689 -3.436852286758252E-02
690 -2.656388652735291E-01
691 -1.418487706862744E-01
692 -1.473357316363401E-01
693 -1.434271331481982E-01
694 -1.451687139849254E-01
695 -1.427557425916856E-01
696 -1.466776379460417E-01
697 -1.501214275029615E-01
698 -1.503392187932039E-01
699 -1.475843008406212E-01
700 -1.451180008951888E-01
701 -2.589936741287533E-01
702 -2.398154220803111E-01
703 -4.100288870471460E-02
704 -6.017784176784113E-02
705 -1.498196129450476E-01
706 -1.500334584685410E-01
707 -2.777725535831871E-01
708 -2.222879016564743E-02
709 -1.519598399073662E-01
710 -1.518086702219093E-01
711 -2.701122997803785E-01
712 -2.520187648995032E-01
713 -2.478123831576166E-01
714 -2.632788826466068E-01
715 -5.218852711171586E-02
716 -3.672057497547869E-02
717 -2.987205417145205E-02
718 -4.796525459625518E-02
719 -1.662992867459121E-01
720 -1.532792420530046E-01
721 -1.665746013562280E-01
722 -1.541729323105228E-01
723 -1.425453030160439E-01
724 -1.412884322618064E-01
725 -1.542649324080367E-01
726 -1.455739692364742E-01
727 -1.448561909335870E-01
728 -2.251802452754766E-01
729 -2.443916610077109E-01
730 -2.412904250407782E-01
731 -1.393056857054087E-01
732 -1.205904128259080E-01
733 -1.181561011702308E-01
734 -1.456223213758460E-01
735 -1.547096074493366E-01
736 -1.538799713651066E-01
737 -2.402899314212354E-01
738 -2.542290880408055E-01
739 -1.458241605720998E-01
740 -1.587086897001672E-01
741 -1.574542194716902E-01
742 -1.825525723288195E-01
743 -2.046453180383802E-01
744 -2.015756320871355E-01
745 -1.606943717419194E-01
746 -1.818439610208238E-01
747 -1.794096484020300E-01
748 -5.971744925335613E-02
749 -4.578171219843056E-02
750 -1.039943478716716E-01
751 -8.530431499380997E-02
752 -8.209772082314455E-02
753 -8.959339202329818E-02
754 -7.187833036122428E-02
755 -6.867330360235967E-02
756 -2.858319654944618E-01
757 -2.877149844992041E-01
758 -2.814685700237470E-01
759 -1.416811444426535E-02
760 -1.853139424498688E-02
761 -1.228499846067761E-02
762 -1.850861730397931E-01
763 -2.031063611244786E-01
764 -1.810936850592566E-01
765 -2.689982874276486E-01
766 -2.747542796163340E-01
767 -2.648622740686785E-01
768 -1.425775387530556E-01
769 -1.456154708707172E-01
770 -1.236524398865193E-01
771 -2.396360229780906E-01
772 -2.438577464505097E-01
773 -2.548426917045307E-01
774 -1.659798866062405E-01
775 -1.655895086517510E-01
776 -1.296775144533870E-01
777 -1.332724110081679E-01
778 -1.108851612890733E-01
779 -2.052812144708713E-01
780 -2.093587081307652E-01
781 -1.630908405933203E-01
782 -1.620325827370365E-01
783 -1.606531233728401E-01
784 -1.622295958189432E-01
785 -1.433874064431064E-01
786 -1.590402188537004E-01
787 -1.573920117058184E-01
788 -1.604389650578339E-01
789 -1.634419306183766E-01
790 -1.336981450932728E-01
791 -1.334247126805061E-01
792 -1.467165674222653E-01
793 -1.369091950237037E-01
794 -1.379118808875823E-01
795 -1.340177734749622E-01
796 -1.344101944448679E-01
797 -2.221817174870568E-01
798 -2.267811917162287E-01
799 -2.011400054063300E-01
800 -2.177615237759578E-01
801 -1.968935758125884E-01
802 -1.574253296666571E-01
803 -1.763509470843323E-01
804 -1.543850323714968E-01
805 -1.409598334290078E-01
806 -1.426080423632590E-01
807 -7.782537820176386E-02
808 -7.322005799441320E-02
809 -4.773300087943860E-02
810 -5.189396076933827E-02
811 -3.837998060048767E-02
812 -4.350950665826149E-02
813 -3.176551951552698E-02
814 -3.934200975932469E-02
815 -8.207505331350304E-02
816 -8.643529582569359E-02
817 -6.744609814620865E-02
818 -1.261427164007529E-01
819 -1.226415611182078E-01
820 -1.109936582127009E-01
821 -1.071431366190574E-01
822 -1.393469268318558E-01
823 -1.566131710847347E-01
824 -1.377710043711630E-01
825 -2.686877710514652E-01
826 -2.660204386987296E-01
827 -1.348778255658782E-01
828 -1.504568951791091E-01
829 -1.341848877556997E-01
830 -1.518310908251219E-01
831 -1.372433545365354E-01
832 -1.355329328034359E-01
833 -1.960021724255908E-01
834 -2.178953557376502E-01
835 -2.146985728433343E-01
836 -1.293905772306667E-01
837 -1.106908627293579E-01
838 -1.078976244413911E-01
839 -1.468247883899237E-01
840 -1.298283779817533E-01
841 -1.278502789101674E-01
842 -1.174568624346687E-01
843 -9.843344413227270E-02
844 -9.536710425193609E-02
845 -1.481635800470528E-01
846 -1.644560916652946E-01
847 -1.627485703563695E-01
848 -2.103884512058558E-01
849 -2.313077200962840E-01
850 -2.281005544447118E-01
851 -1.706099223145372E-01
852 -1.921028733694378E-01
853 -1.893091567338469E-01
854 -7.482294948119142E-02
855 -5.870665892461853E-02
856 -5.561436110688196E-02
857 -1.531788050399490E-01
858 -1.721502550198830E-01
859 -1.701744634095236E-01
860 -4.515572504090055E-02
861 -3.397650157589562E-02
862 -3.130805436296057E-02
863 -2.731734206061477E-01
864 -2.773241118751374E-01
865 -2.811954152665906E-01
866 -2.682399854165513E-02
867 -1.880252492350168E-02
868 -2.267584988904339E-02
869 -1.662326309354025E-01
870 -1.665397003919342E-01
871 -1.703258211894625E-01
872 -1.891246044391260E-01
873 -1.667341452322993E-01
874 -1.395640462511874E-01
875 -1.365645236465477E-01
876 -2.522690960982420E-01
877 -2.616206846446630E-01
878 -2.481046464097165E-01
879 -1.506835445549498E-01
880 -1.483162101812764E-01
881 -1.587198831678879E-01
882 -1.528443862632888E-01
883 -1.608495626890178E-01
884 -1.651253897886081E-01
885 -1.658116055442103E-01
886 -1.495417313325748E-01
887 -1.643066889604375E-01
888 -1.634425102950227E-01
889 -1.530450944538790E-01
890 -1.553985720933824E-01
891 -1.346273390921289E-01
892 -1.640358998393916E-01
893 -1.545225969297744E-01
894 -1.649314592530673E-01
895 -2.564924305837109E-01
896 -2.606595995486269E-01
897 -2.682379985721594E-01
898 -1.359641935154492E-01
899 -1.350682881912025E-01
900 -1.454770881016454E-01
901 -1.738606049101158E-01
902 -1.773515466863164E-01
903 -1.404511769601437E-01
904 -1.391147398851411E-01
905 -1.461645763038015E-01
906 -2.179321402020291E-01
907 -2.325665991864046E-01
908 -2.135713369612025E-01
909 -2.353785569613168E-01
910 -2.310405617517532E-01
911 -1.493165143556811E-01
912 -1.516842670513493E-01
913 -1.337641870383172E-01
914 -1.334594094059283E-01
915 -3.099913084404545E-02
916 -3.513914252573838E-02
917 -2.524503537814193E-02
918 -1.469549631074147E-01
919 -1.653727210749820E-01
920 -1.446014837361381E-01
921 -1.889955921375850E-01
922 -1.928485854520104E-01
923 -6.036454172237836E-02
924 -5.614073024686059E-02
925 -6.462188317473630E-02
926 -6.896068537124701E-02
927 -9.885679485756285E-02
928 -1.030981802376809E-01
929 -8.222739547188333E-02
930 -1.149031741769755E-01
931 -1.188993692811021E-01
932 -9.687673154763084E-02
933 -9.471566562851746E-02
934 -9.064800270569967E-02
935 -1.356965821071267E-01
936 -1.365580809359783E-01
937 -2.899579498033956E-01
938 -1.004213120560531E-02
939 -1.574592162646752E-01
940 -2.880101516320731E-01
941 -1.197789647606741E-02
942 -2.867737064760697E-02
943 -2.613425294077669E-02
944 -2.745827559119152E-01
945 -2.781326599597924E-01
946 -8.807807772650915E-03
947 -1.187252494394681E-02
948 1.545208454638016E-02
949 1.591296246449943E-02
950 -2.262395169394655E-01
951 -2.304095237588798E-01
952 1.977190870772283E-03
953 -4.740939779062465E-04
954 -2.428087856672497E-01
955 -2.468847974424866E-01
956 -2.095114462811782E-01
957 -2.136928126831315E-01
958 1.413824994665851E-02
959 1.490780748063667E-02
960 1.003380204862887E-02
961 8.295147473166078E-03
962 1.507071907319747E-02
963 1.409896029127663E-02
964 1.670919053989658E-02
965 1.686337809123631E-02
966 1.214253899652442E-02
967 1.317100799470528E-02
968 -2.594397043360649E-01
969 -2.633360328643038E-01
970 9.794132095110548E-03
971 1.104894306164397E-02
972 1.702209875574449E-02
973 1.682029206851034E-02
974 -2.881330445230013E-01
975 -2.911976637260118E-01
976 7.126046082531387E-03
977 8.569082710606647E-03
978 -1.928680750766998E-01
979 -1.970132122747607E-01
980 -1.603768354143679E-01
981 -1.643874832147950E-01
982 -2.995230022081503E-01
983 -3.019744094447649E-01
984 -3.168203337296558E-01
985 -3.170221407170887E-01
986 -1.773202886520178E-01
987 -1.814671647631843E-01
988 -3.082904542658629E-01
989 -3.100292978216542E-01
990 -3.141018088090839E-01
991 -3.150733736001546E-01
992 -2.186664731159141E-02
993 -2.541655690316921E-02
994 -3.159130002510341E-01
995 -3.154521330075948E-01
996 -8.630726673955107E-02
997 -9.048863390562377E-02
998 -5.311528014117418E-02
999 -5.719129220894800E-02
1000 -3.666404297356288E-02
1001 -4.056037216132923E-02
1002 -1.029868393805251E-01
1003 -1.071319333436918E-01
1004 -3.168610990474153E-01
1005 -3.167070345071628E-01
1006 -3.085691093181298E-01
1007 -3.071260719184005E-01
1008 -1.364679152566134E-01
1009 -1.404179015743055E-01
1010 -6.959055430456194E-02
1011 -7.376056198255912E-02
1012 -3.148358233624028E-01
1013 -3.140719798888387E-01
1014 -1.198651676911465E-01
1015 -1.238672656129083E-01
1016 -1.276144022745149E-01
1017 -1.316894432743717E-01
1018 -3.131710458406318E-01
1019 -3.121425712072488E-01
1020 -3.110489743772040E-01
1021 -3.097941609272313E-01
1022 -2.044133595782607E-02
1023 -3.674794962485271E-02
1024 -2.795620985241708E-01
1025 -2.632563725874891E-01
1026 -2.219160660869678E-02
1027 -2.738583211554796E-01
1028 -2.713108860680545E-01
1029 -2.778053324976660E-01
1030 4.207914505617689E-03
1031 3.942205814676501E-03
1032 4.356416043571412E-03
1033 4.059213594741094E-03
1034 3.464435612456832E-03
1035 3.546059649809269E-03
1036 -3.034621181039485E-01
1037 -3.041337395771326E-01
1038 -3.039401296785024E-01
1039 -1.316486174258389E-01
1040 -3.035460941711232E-01
1041 -1.382435259244080E-01
1042 -3.042935787021617E-01
1043 -3.040592545431546E-01
1044 -1.441797410337030E-01
1045 -1.567299832702433E-01
1046 -2.377209222734851E-02
1047 -2.134308347655311E-02
1048 -1.833862410050007E-02
1049 -2.786609437250577E-01
1050 -2.762321495750688E-01
1051 -2.816483079204188E-01
1052 -4.027290992234225E-03
1053 3.877616656399431E-03
1054 5.406145348051249E-03
1055 -3.054061718102121E-01
1056 -3.038776439821597E-01
1057 -2.959721029012039E-01
1058 -2.834564369454775E-01
1059 -2.811060972897009E-01
1060 -1.896019560584074E-02
1061 -1.660087129681388E-02
1062 -2.850405110155435E-01
1063 -1.495203980274352E-02
1064 -2.880113384860691E-01
1065 -2.857078129982620E-01
1066 -1.429052495246294E-02
1067 -1.198841200067445E-02
1068 -2.881947077156568E-01
1069 -2.924934305560859E-01
1070 -2.901501440491260E-01
1071 -9.849846185516615E-03
1072 -7.506618872978168E-03
1073 -4.905336040453696E-02
1074 -1.186943786295750E-02
1075 -2.509570169596579E-01
1076 -3.015054726170990E-01
1077 1.501186186589194E-03
1078 -2.381687126803124E-01
1079 -2.477350058169459E-01
1080 -5.227518108882041E-02
1081 -6.182289539525627E-02
1082 -7.508128601412074E-02
1083 -8.847033812092664E-02
1084 -2.249024974961104E-01
1085 -6.524443261992992E-02
1086 -2.347427879533009E-01
1087 -1.985798043109391E-01
1088 -7.859976374329247E-02
1089 -1.275197771985903E-01
1090 -1.724803826240020E-01
1091 -2.213870985652549E-01
1092 -8.914046283436904E-03
1093 -2.911362998186730E-01
1094 -1.430997101207100E-01
1095 -1.568954581177360E-01
1096 -1.014249897418928E-01
1097 -2.115371779634705E-01
1098 -2.080639948280461E-01
1099 -9.194667978418308E-02
1100 -1.466440084141618E-01
1101 -1.532647915848323E-01
1102 -1.420200249098583E-01
1103 -1.047076949086804E-01
1104 -1.952945626263118E-01
1105 -1.143130209564555E-01
1106 -1.856870279712924E-01
1107 -1.172496145926522E-01
1108 -1.526560752293376E-01
1109 -1.827504333470971E-01
1110 -1.624557080139404E-01
1111 -1.642617675848434E-01
1112 -1.357392402336906E-01
1113 -1.539145335397939E-01
1114 -1.459848781571216E-01
1115 -1.299331114471903E-01
1116 -1.700675400209196E-01
1117 -1.579761463027715E-01
1118 -6.243142591239956E-03
1119 -2.937567600283599E-01
1120 -1.375379743596075E-01
1121 1.541284535522186E-02
1122 1.601439700948429E-02
1123 -3.154172012594488E-01
1124 -3.160185059665135E-01
1125 -1.493868563078656E-01
1126 -3.109691075683189E-01
1127 -3.123455118000781E-01
1128 1.097301837368276E-02
1129 1.234928173767838E-02
1130 -1.689715738796569E-01
1131 -1.730535546514572E-01
1132 3.549057873432712E-03
1133 5.667350259860637E-03
1134 -3.035420492199217E-01
1135 -3.056605511009003E-01
1136 -6.673636857396336E-03
1137 -3.893224319630105E-03
1138 -2.933309181902978E-01
1139 -2.961112643659574E-01
1140 -2.807383645614727E-01
1141 -2.840638256396157E-01
1142 -1.593806508200169E-02
1143 -1.926355078350804E-02
1144 -2.663074786526376E-01
1145 -2.700414477662017E-01
1146 -2.995849654607908E-02
1147 -3.369246847449592E-02
1148 -1.795794158269378E-03
1149 -1.148765523836531E-03
1150 -2.988512759675661E-01
1151 -2.982042594340066E-01
1152 -2.553073048196204E-01
1153 -2.593859245594578E-01
1154 -1.908689417673279E-01
1155 -1.865425269841240E-01
1156 -4.469277339179666E-02
1157 -4.061415312013534E-02
1158 -1.092946394200485E-01
1159 -1.136001734575229E-01
1160 -2.080281399204544E-01
1161 -2.036845959694621E-01
1162 -9.197193943738866E-02
1163 -9.631547536668202E-02
1164 -2.383813926793714E-01
1165 -2.426364881970806E-01
1166 -5.736359100382610E-02
1167 -6.161868663924629E-02
1168 -7.889720700602329E-02
1169 -7.456261973427795E-02
1170 -2.210995097865995E-01
1171 -2.254340995253777E-01
1172 2.445022757057091E-03
1173 -3.024450565103617E-01
1174 -1.521641254346831E-01
1175 -3.001126643470675E-01
1176 -2.994436514569124E-01
1177 -5.563804616437743E-04
1178 1.126351415675060E-04
1179 -1.443689154481380E-01
1180 -1.344912482686198E-03
1181 -1.707635324619866E-03
1182 -2.986551281749131E-01
1183 -2.982923589539438E-01
1184 -2.271055590939949E-03
1185 -2.977289164985873E-01
1186 -1.563603647476228E-01
1187 -2.832430188171028E-03
1188 -3.493190559670394E-03
1189 -2.965616273414785E-01
1190 -2.972161713508195E-01
1191 -1.400121636950916E-01
1192 -1.475825698350663E-01
1193 -1.479447408113155E-01
1194 -4.181678949605594E-03
1195 -4.898333916752717E-03
1196 -1.505215767403590E-01
1197 -1.497011986895296E-01
1198 -2.950369262013532E-01
1199 -2.958191362827247E-01
1200 -1.102417179910183E-03
1201 -2.988976225964219E-01
1202 -5.655458530854314E-03
1203 -6.698009388938329E-03
1204 -2.932917180918008E-01
1205 -2.942637220463790E-01
1206 -2.972479580274139E-01
1207 -2.928221054215593E-01
1208 -7.177980631490225E-03
1209 -2.752132043890635E-03
1210 -2.914949717708518E-01
1211 -2.922029052150585E-01
1212 -7.794432362884977E-03
1213 -8.500022797487393E-03
1214 -9.762446438785370E-03
1215 -2.902348526979088E-01
1216 1.203738591493604E-03
1217 3.095881406296037E-03
1218 -3.030959084836990E-01
1219 -3.012037694071359E-01
1220 -1.490513054401157E-01
1221 -1.512915112562747E-01
1222 -1.516910447820102E-01
1223 -1.472802419287199E-01
1224 -1.709945868431207E-03
1225 -2.982900972611605E-01
1226 1.887192547070926E-03
1227 -3.018872241071288E-01
1228 -1.352078168336669E-01
1229 -1.371671220775785E-01
1230 -1.412880129648303E-01
1231 2.793824420526085E-04
1232 5.799592516965590E-04
1233 -3.002794183225122E-01
1234 -3.005799934504133E-01
1235 -3.005930852928002E-01
1236 5.930511258714335E-04
1237 -1.566522012162371E-01
1238 -2.153613630774192E-03
1239 -2.978464652030091E-01
1240 -2.929357498961258E-01
1241 -7.064322398206124E-03
1242 -1.492445461861888E-01
1243 -1.495026379322782E-01
1244 -1.535698592858854E-01
1245 -1.510459572688819E-01
1246 -2.991414495112052E-01
1247 -2.984500507392528E-01
1248 -1.549990003425758E-03
1249 -8.585902749634373E-04
1250 -1.489319108922918E-01
1251 -1.488775350505445E-01
1252 -1.502508534341122E-01
1253 -1.517312707069349E-01
1254 -4.057572008208619E-03
1255 -2.959424705137493E-01
1256 -2.944325181332756E-01
1257 -2.961869050882939E-01
1258 -5.567544240824715E-03
1259 -3.813162929374515E-03
1260 -1.557951823327783E-01
1261 -5.863563701484819E-03
1262 -2.941364922676515E-01
1263 -3.266320873068992E-03
1264 -2.967337275510315E-01
1265 -1.534251031826751E-01
1266 -1.515666100178164E-01
$EndNodeData
$NodeData
1
"S1"
1
0.0
3
0
1
1266
1 -5.861726883822995E-06
2 6.736561383930156E-06
3 4.967950206567895E-05
4 6.790941960621620E-06
5 -5.839366402550684E-06
6 -1.807507771028634E-05
7 5.335372379318930E-05
8 -3.140472957417787E-08
9 -1.102020886921643E-05
10 -8.480073886409132E-06
11 -5.304427202982347E-06
12 -6.368239130206783E-06
13 -5.957887092346475E-06
14 -5.096271749507038E-06
15 -2.269273238259693E-05
16 -2.685789448173467E-05
17 -2.149633223519894E-05
18 -1.965543185853068E-05
19 -1.855795679536975E-05
20 -1.688428108181937E-05
21 -1.515724933594553E-05
22 -1.352400562926952E-05
23 -1.215585073669925E-05
24 -9.860088520390517E-06
25 -7.392186116402738E-06
26 -5.985399096261647E-06
27 -3.764121115896676E-06
28 -2.673163082033319E-06
29 -7.437783010994954E-07
30 -9.710102949863952E-08
31 1.444358968801194E-06
32 1.554982811797089E-06
33 2.718096573818898E-06
34 1.752022874549790E-06
35 2.460743402257812E-06
36 1.202697350978964E-06
37 1.668161138311993E-06
38 4.261204135902058E-07
39 -9.354154408148142E-08
40 -4.933585141213017E-07
41 -1.687993609900784E-06
42 -2.183309757775973E-06
43 -2.618237773832012E-06
44 -1.846355220593782E-06
45 -7.746115581416254E-06
46 -8.763735002111951E-06
47 -9.027543460005059E-06
48 -2.819920500297898E-05
49 -2.776252736400151E-05
50 -2.573477654734659E-05
51 -2.454153710823798E-05
52 -2.263876656135912E-05
53 -2.133134083964905E-05
54 -1.926475249075492E-05
55 -1.705942276417679E-05
56 -1.282440390416861E-05
57 -1.008294740358767E-05
58 -7.750757174215922E-06
59 -5.562694792001173E-06
60 -3.608263973748383E-06
61 -1.925098077118028E-06
62 -4.465350945664673E-07
63 5.257307247313648E-07
64 1.347883964919703E-06
65 1.515022869068294E-06
66 9.746225496746555E-07
67 6.486446768322559E-07
68 -1.054993912494885E-06
69 -9.717163839487650E-07
70 -3.159553925742921E-06
71 -3.888836953249686E-06
72 -6.045397056399282E-06
73 -6.756277165084987E-06
74 -8.876225124431207E-06
75 -8.719842495860174E-06
76 -1.172420345305330E-05
77 -1.487417972394464E-05
78 -1.272251176802880E-05
79 -4.120264308238324E-06
80 7.562038021560015E-05
81 -1.336403614180748E-05
82 -3.671530067507000E-06
83 -3.613816399157066E-06
84 -3.074864847620477E-06
85 -2.103883258309341E-06
86 -1.686230797908388E-06
87 -4.938938850083003E-07
88 -1.069203481386624E-07
89 4.120259915138998E-07
90 1.681580040526318E-06
91 1.206633559350939E-06
92 2.461494697273400E-06
93 1.751836782021632E-06
94 2.712829518777167E-06
95 1.555756939769270E-06
96 1.443772303925180E-06
97 -9.294438561846530E-08
98 -7.270094662579658E-07
99 -2.681832886567909E-06
100 -3.774678002303203E-06
101 -5.986715135469427E-06
102 -7.404286531120597E-06
103 -9.855474379876013E-06
104 -1.214649334941688E-05
105 -1.352041223968440E-05
106 -1.514738717361741E-05
107 -1.689561526046081E-05
108 -1.856730673106155E-05
109 -1.962322667878560E-05
110 -2.150807469535858E-05
111 -2.685638748869604E-05
112 -2.268106110496197E-05
113 -2.026006768413892E-09
114 -1.397099492675292E-05
115 -1.104038712868627E-05
116 -1.118883643948886E-05
117 -9.708471384496015E-06
118 -8.903244434486751E-06
119 -6.745533786348010E-06
120 -6.010888293338640E-06
121 -3.849625813388306E-06
122 -3.150594448500637E-06
123 -9.657170633338211E-07
124 -1.053924593997131E-06
125 6.490559831557456E-07
126 9.757879235241622E-07
127 1.512395430570619E-06
128 1.281429313649413E-06
129 4.748379497654381E-07
130 -4.377520441417820E-07
131 -1.866968396703934E-06
132 -3.498255817670795E-06
133 -5.525858868403916E-06
134 -7.764943629359061E-06
135 -1.013335266028537E-05
136 -1.286341377995890E-05
137 -1.705060182888643E-05
138 -1.927914369644936E-05
139 -2.132555071468594E-05
140 -2.264895906152808E-05
141 -2.454399532623158E-05
142 -2.569106135087171E-05
143 -2.777076485083496E-05
144 -2.819651023345193E-05
145 -8.954271595911526E-06
146 -8.480227886743071E-06
147 -1.101043793538507E-05
148 -2.885974579637032E-08
149 -5.096080284408944E-06
150 -5.957663280446079E-06
151 -6.368186884463025E-06
152 -5.304368976961496E-06
153 -8.102635489821508E-06
154 -7.457433532966853E-06
155 -3.920496028775446E-06
156 -3.243050664186452E-06
157 -2.478657331709419E-06
158 -1.811851813202781E-06
159 2.039233418191198E-07
160 3.423122524910429E-07
161 -2.035584136210213E-07
162 2.062267984036211E-06
163 6.110903004947973E-07
164 2.998745429325332E-06
165 1.012898644367333E-06
166 3.324814086447711E-06
167 7.884376517936845E-07
168 2.802426117621178E-06
169 -2.122694344818774E-07
170 1.434863222564806E-06
171 -2.001771595709904E-06
172 1.020038368582340E-06
173 3.769774568625012E-06
174 -1.664047123826625E-05
175 2.833600333130163E-06
176 -1.717809471204648E-05
177 -8.735128449390642E-07
178 -1.819674776571926E-05
179 -4.910392634787182E-06
180 -1.876783397836859E-05
181 -8.562812776807621E-06
182 -1.641455639051346E-05
183 -2.086363712539543E-05
184 -2.443080128943891E-05
185 -2.150960336356904E-05
186 -1.084710937281449E-05
187 -1.352492774993344E-05
188 -1.204150291044657E-05
189 -1.115668369155563E-05
190 -1.026590682603430E-05
191 -8.935609165142510E-06
192 -6.955620596384506E-06
193 -5.195570432110197E-06
194 -5.805219854883942E-06
195 -6.157519459384917E-06
196 -4.993172769874229E-06
197 -5.055759965312082E-06
198 -3.701403039560112E-06
199 -4.493863026488902E-06
200 -3.414363853794511E-06
201 -4.862723882853695E-06
202 -4.124895855943272E-06
203 -6.312384253430216E-06
204 -5.937757187972462E-06
205 -8.400919581586067E-06
206 -2.650631530790499E-06
207 -5.044099591957131E-06
208 -9.632769379604165E-06
209 -6.298496533770188E-06
210 -1.342376754013645E-05
211 -9.196463726338667E-06
212 -1.749550523738828E-05
213 -1.197617586701661E-05
214 -2.097730183071249E-05
215 -1.249255394261885E-05
216 -2.207046868052969E-05
217 -2.506054746884922E-05
218 -3.040594913614103E-05
219 -2.389717761067200E-05
220 -2.160925130776311E-05
221 -2.589258443692809E-05
222 -2.289614909320061E-05
223 -2.211364462198982E-05
224 -9.805667081815541E-06
225 -1.890616274810498E-05
226 -4.926528877526652E-06
227 -1.821778108142172E-05
228 -8.957550163572864E-07
229 -1.718281559595848E-05
230 2.832655140543927E-06
231 -1.664102511196085E-05
232 3.769236746722644E-06
233 1.019372508554155E-06
234 -2.004227571602085E-06
235 1.434183817624708E-06
236 -2.039533254746285E-07
237 2.812726452306098E-06
238 7.825277641064360E-07
239 3.313650164957715E-06
240 1.010995898567291E-06
241 2.993896975887793E-06
242 6.213670491547982E-07
243 2.071840015904924E-06
244 -2.111998862305032E-07
245 3.383510719187389E-07
246 2.017936675283208E-07
247 -1.960727743748673E-06
248 -2.280622850033845E-06
249 -3.214356715243552E-06
250 -3.924236410863436E-06
251 -7.455990596152684E-06
252 -8.107576332129431E-06
253 -2.300172376335477E-05
254 -3.365835030210557E-05
255 -2.836683234650391E-05
256 -3.019124717550346E-05
257 -1.420464485496371E-05
258 -2.182549362410981E-05
259 -1.195823710850874E-05
260 -1.751776758436891E-05
261 -9.196112342144932E-06
262 -1.344601475418138E-05
263 -6.298056302000746E-06
264 -9.633406386385983E-06
265 -5.044647456680049E-06
266 -2.651106055691933E-06
267 -8.402125535923037E-06
268 -5.933346940426253E-06
269 -6.310293670550372E-06
270 -4.160132412289046E-06
271 -4.888916487018567E-06
272 -3.385897514582752E-06
273 -4.466352951416202E-06
274 -3.665178928989597E-06
275 -5.027928280056451E-06
276 -5.021962823740602E-06
277 -6.184374112434832E-06
278 -5.807389110353924E-06
279 -5.198339960130887E-06
280 -7.031208519410872E-06
281 -8.887220646898994E-06
282 -1.015378205730507E-05
283 -1.115748472672765E-05
284 -1.204214840892319E-05
285 -1.352603863672249E-05
286 -1.087603439840580E-05
287 -1.121393820237077E-04
288 -2.110685558864769E-04
289 -2.110603503299476E-04
290 -1.851739765732259E-04
291 -1.851028112869134E-04
292 -1.458542828773817E-04
293 -1.458836836685163E-04
294 -9.691128580228868E-05
295 -9.690703545020035E-05
296 -5.551592403144461E-05
297 -5.552814923552238E-05
298 -2.240717928217999E-05
299 -2.240363396380586E-05
300 -2.214964764233776E-06
301 -2.206370622056930E-06
302 1.774067523833755E-06
303 1.768472143628386E-06
304 -1.195779947679894E-05
305 -1.196091619589808E-05
306 -3.079009834755924E-04
307 -3.190709937064570E-04
308 -3.975901958664812E-05
309 -2.688443786955338E-04
310 -3.975935857767626E-05
311 -2.921232105123714E-04
312 -8.542553947389323E-05
313 -2.385406821879731E-04
314 -8.542645268427486E-05
315 -2.390184057732823E-04
316 -1.356765787991643E-04
317 -1.891143611470053E-04
318 -1.891562087287928E-04
319 -1.357393948348244E-04
320 -2.936658923443522E-04
321 -2.936666714146670E-04
322 -2.805097964644524E-04
323 -2.805548084667110E-04
324 -2.381128145513018E-04
325 -2.381468373881066E-04
326 -1.868759773709143E-04
327 -1.868717999541481E-04
328 -1.292783489990294E-04
329 -1.293130879920826E-04
330 -1.773833891275603E-04
331 -1.773809276007393E-04
332 -7.689930639356769E-05
333 -7.689161722351509E-05
334 -3.453296268414422E-05
335 -3.450809236084209E-05
336 -6.999919533580746E-06
337 -6.999164811434763E-06
338 2.699435943443390E-06
339 2.704466239623950E-06
340 -5.261561357783788E-06
341 -2.069624967832759E-04
342 -5.262859678795353E-06
343 -2.308258150345020E-04
344 -3.485136404880951E-05
345 -1.730426508061781E-04
346 -3.485081423870187E-05
347 -1.745130163550366E-04
348 -1.318508008475532E-04
349 -7.133842754307176E-05
350 -7.135542930689237E-05
351 -1.318928527647840E-04
352 -1.767970527178370E-04
353 -2.816860843982685E-04
354 -2.727087813875102E-04
355 -3.357390526233647E-04
356 -3.156971247831626E-04
357 -2.987246977213958E-04
358 -2.987381102046284E-04
359 -2.600361961882173E-04
360 6.885171975930491E-07
361 -1.365783724388346E-05
362 -1.843362033346504E-05
363 -7.659557394675404E-06
364 -1.564018636767329E-04
365 -2.380228719677725E-04
366 -1.017576453401782E-04
367 -8.898336783384095E-05
368 -1.949743491907393E-04
369 -2.931319870177253E-04
370 -4.498492602736438E-05
371 -1.108926869034028E-04
372 -1.508250343533661E-05
373 -6.045042403304131E-05
374 -2.134453006115914E-04
375 4.096215544858485E-07
376 1.355466677364625E-06
377 -1.922859148131579E-04
378 -2.929378678443174E-04
379 -5.382114907296298E-05
380 -3.921087202857114E-05
381 -1.584211380662350E-04
382 -1.507910051664531E-04
383 4.118866920929433E-07
384 1.358687664608715E-06
385 -1.563614261995771E-04
386 -2.378625155620705E-04
387 6.824156000074545E-07
388 -1.365899259139239E-05
389 -1.508201682463156E-05
390 -6.044934626417088E-05
391 -1.584026988584756E-04
392 -1.507815369304347E-04
393 -2.134672778483262E-04
394 -2.599465460660919E-04
395 -1.017361729180227E-04
396 -8.897674819767363E-05
397 -1.844487818712427E-05
398 -7.661271584614798E-06
399 -5.384797624971609E-05
400 -3.922532916391062E-05
401 -4.498578833637311E-05
402 -1.108806010556758E-04
403 -8.660834793741780E-05
404 -1.135565402874368E-04
405 -1.740926225456115E-04
406 -8.663018124739576E-05
407 -1.135663531225211E-04
408 -1.740639781379490E-04
409 -2.263443987450943E-04
410 -3.298632819559867E-04
411 -1.652150141493166E-04
412 -2.012719676429546E-04
413 -1.201170269976480E-04
414 -1.201506563754670E-04
415 -2.916546641549037E-04
416 -1.661677912048402E-04
417 -2.012213266960736E-04
418 -2.080965089211692E-04
419 -2.171480839675712E-04
420 -2.171548716594109E-04
421 -2.058720324745593E-04
422 -3.297888290092403E-04
423 -2.058723141800641E-04
424 -3.298007974535855E-04
425 -2.830341134300688E-04
426 -3.238388192908789E-04
427 -3.238456989273783E-04
428 -3.011243962935859E-04
429 -3.009731872060906E-04
430 -2.748578567463257E-04
431 -2.748500386695644E-04
432 -2.463605823605271E-04
433 -2.463402376274581E-04
434 -1.479938850488254E-04
435 -2.157372614752293E-04
436 -2.157307031783735E-04
437 -1.834071159259753E-04
438 -1.834161791756504E-04
439 -3.302028503287241E-04
440 -3.376687839526521E-04
441 -7.689718577262837E-05
442 -7.689003270658206E-05
443 -1.189193448803936E-04
444 -1.189329264156046E-04
445 -3.855119842914974E-05
446 -3.854856195903133E-05
447 -6.229551224733831E-05
448 -6.230256939716039E-05
449 -2.888381440694493E-04
450 -1.064326310311837E-05
451 -1.064300613615292E-05
452 -2.098494169468281E-05
453 -2.099130270854544E-05
454 2.178630642305504E-06
455 2.176599528893785E-06
456 -4.099537768641224E-07
457 -4.147567511226933E-07
458 -2.567631058825567E-06
459 -2.571643617872170E-06
460 -3.345273775013835E-06
461 -3.336266505183762E-06
462 -3.218290906338584E-04
463 -2.520835298632327E-05
464 -2.520804955580066E-05
465 -3.179252952339658E-05
466 -3.130098310305392E-04
467 -3.179299057161297E-05
468 -6.869859138538374E-05
469 -6.870054360111448E-05
470 -2.538540973076735E-04
471 -2.517119132400464E-04
472 -1.935325482898162E-04
473 -1.936113519494542E-04
474 -4.439796492983737E-05
475 -2.285429460233533E-04
476 -4.439849009957146E-05
477 -2.288569625310048E-04
478 -1.290255204771458E-04
479 -1.288841560430147E-04
480 -1.894945374069388E-04
481 -1.895562642605336E-04
482 -9.338692613686458E-05
483 -9.339343867242241E-05
484 -1.420178622336478E-04
485 -1.422174396013643E-04
486 -2.839216520904500E-04
487 -2.716824121585441E-04
488 -3.254535147682204E-04
489 -1.616291868471444E-04
490 -1.615856913885466E-04
491 -8.038519813597052E-05
492 -8.040156780670215E-05
493 -3.352362098686595E-04
494 -2.890860951472424E-04
495 -2.890908267105519E-04
496 -2.891364279173223E-04
497 -4.002473711572282E-05
498 -8.990339097064761E-06
499 -4.776235269705655E-05
500 -4.002443984367874E-05
501 -4.776129922387547E-05
502 -8.991309354471585E-06
503 8.666163988079824E-06
504 -2.471776281531545E-05
505 8.661774545983859E-06
506 -2.471705614091590E-05
507 -2.806419209816006E-04
508 -2.910699137791081E-04
509 -3.040155812635527E-04
510 -3.175875955079588E-04
511 -3.257774306377279E-04
512 -3.058154005921997E-04
513 -3.067369114792330E-04
514 -2.865703186869420E-04
515 -1.199817143413458E-05
516 -2.449228463604312E-05
517 1.926620844637343E-05
518 -1.199152404692388E-05
519 1.929165190913112E-05
520 -2.452664877073488E-05
521 2.709757611156002E-05
522 -4.249293047026032E-06
523 2.707219606918441E-05
524 -4.276465434233217E-06
525 -6.493873585478442E-05
526 -6.165853599736919E-05
527 -5.216827141912560E-05
528 -2.678919744467813E-04
529 -2.297600081140835E-04
530 -2.721273633030333E-04
531 -6.493751580576226E-05
532 -5.216746290429037E-05
533 -6.165801628736818E-05
534 -2.668502538996500E-04
535 -2.689049508156803E-04
536 -2.323675862841125E-04
537 -5.728065030720317E-05
538 -7.893285093295345E-05
539 -7.893301250848535E-05
540 -5.727832232860248E-05
541 -2.733212971401851E-04
542 -2.598259246440545E-04
543 -2.589638385660359E-04
544 -2.738838278964539E-04
545 -1.525265378456517E-04
546 -1.495782087107177E-04
547 2.518338252978803E-05
548 -6.945566910353539E-06
549 -2.149320204800047E-05
550 -2.520190711290866E-06
551 2.852501194661675E-05
552 -2.177513786491460E-04
553 -2.016841353167887E-04
554 -2.171808536387732E-04
555 -2.177315897822046E-04
556 -2.170994815844252E-04
557 -2.016988997592801E-04
558 -2.511491083829163E-06
559 2.850324666527562E-05
560 -2.144727418615840E-05
561 2.512721846479928E-05
562 -6.950055583355695E-06
563 -1.883058723157532E-04
564 -2.234614642930574E-04
565 -2.233528526708928E-04
566 -1.882841026023088E-04
567 -1.144641265984128E-04
568 -1.386115889292002E-04
569 -1.149899424431446E-04
570 -1.145248533999058E-04
571 -1.149764831508375E-04
572 -1.385464802655648E-04
573 -1.088034411746595E-04
574 -1.051658969368283E-04
575 -1.051693093640001E-04
576 -1.088006819855586E-04
577 -8.253723465843132E-05
578 -1.427135944116968E-04
579 -2.074143003596241E-04
580 2.238495074922790E-06
581 -3.787433274163483E-05
582 -3.292262737117357E-05
583 -1.722688300992649E-04
584 -1.794152438268236E-04
585 -1.077873645810087E-05
586 1.600663535216452E-05
587 2.228854463007825E-06
588 -3.289147454339173E-05
589 -3.791076619678810E-05
590 -1.076167086360169E-05
591 1.604075663576201E-05
592 -1.599053401067620E-04
593 -1.645536682225514E-04
594 -1.617715219101688E-04
595 -1.546342091848923E-04
596 -1.721859558023015E-04
597 -1.794893631948087E-04
598 -1.647377713717827E-04
599 -1.599772251629539E-04
600 -1.398553907811503E-04
601 -1.618287427117856E-04
602 -1.545596474503736E-04
603 -1.398619773159698E-04
604 -1.324258378477992E-04
605 -1.875340666836513E-04
606 -1.710551274139605E-04
607 -1.323925901824194E-04
608 -1.710452894103841E-04
609 -1.875310381256072E-04
610 -3.813662685472896E-05
611 -7.114643282629297E-05
612 -7.854587639917678E-05
613 -3.818128738087400E-05
614 -7.855182644633141E-05
615 -7.110454361970776E-05
616 -3.479880327865592E-05
617 -1.590986454573564E-05
618 -1.079971635943340E-04
619 -9.404092073922975E-05
620 -1.079970966466253E-04
621 -9.404608094326175E-05
622 -3.478724255982056E-05
623 -1.595071357966335E-05
624 -2.292620865628942E-04
625 -2.428224388083535E-04
626 -2.284506027133581E-04
627 -2.426431594942055E-04
628 -9.162752992049935E-05
629 -9.162964845522170E-05
630 -2.087827544765119E-04
631 -2.090033105713854E-04
632 -1.144878997986561E-04
633 -2.515160889188526E-04
634 -7.232749547955513E-05
635 -8.583228546415580E-05
636 -8.934866126021406E-05
637 -1.382944225836923E-04
638 -1.179558615978345E-04
639 -2.211454738474357E-04
640 -2.791423791738196E-04
641 -2.682975575571260E-04
642 -8.936799931413193E-05
643 -1.179541901734558E-04
644 -1.382884223856447E-04
645 -6.583434957746868E-05
646 -4.775146677425245E-05
647 -2.693445615234312E-04
648 -3.047463577580778E-04
649 -6.583484782467866E-05
650 -4.775222150636144E-05
651 -7.082969751600961E-05
652 -6.224635356123457E-05
653 -5.695267903466506E-05
654 -7.081648886752271E-05
655 -6.224014753199575E-05
656 -5.037247613428845E-05
657 -2.842906199758102E-04
658 -2.546896162393764E-04
659 -2.453823790876092E-04
660 -5.037293539428422E-05
661 -1.432196605345794E-04
662 -1.175521976857560E-04
663 -1.432271943151648E-04
664 -1.175357440431856E-04
665 -3.111887352567262E-04
666 -2.986293598052798E-04
667 -3.274018834028614E-04
668 -2.868208354977105E-04
669 -3.246496297623907E-04
670 -3.271251356526482E-04
671 -3.565924563825867E-05
672 -1.239829271860917E-05
673 -3.564357255163413E-05
674 -1.239706649687333E-05
675 -1.546122794454124E-05
676 -1.485440979328480E-04
677 -2.240134088442949E-05
678 -2.239857108932904E-05
679 -2.507191349727809E-04
680 -2.528981108440366E-04
681 -1.961667228082251E-04
682 -1.070636363288715E-04
683 -2.224868083608444E-05
684 -3.262863276402157E-06
685 -2.920874837778997E-04
686 -3.001430545423731E-04
687 -2.225115036477738E-05
688 -3.263710863515209E-06
689 -3.997273159625214E-06
690 -3.975087201871693E-06
691 -1.058036604414721E-04
692 -2.215342017504436E-04
693 -1.045620947681006E-04
694 -3.274542201713902E-04
695 -3.138977107255759E-04
696 -3.256722628881324E-04
697 -2.039299741718814E-04
698 -2.193988598833298E-04
699 -3.176441998142717E-04
700 -3.221556413204560E-04
701 -2.885463028764503E-05
702 -1.774895108682360E-05
703 -2.891159114066892E-05
704 -1.776325337126746E-05
705 -1.933017456840667E-04
706 -2.803782525525159E-04
707 -3.435203020951740E-06
708 -3.431013781249788E-06
709 -2.612990347248184E-04
710 -2.812275441787525E-04
711 -5.382963181454371E-05
712 -5.411974346749363E-05
713 -1.760033651799903E-04
714 -1.654073160895025E-04
715 -1.759972590477427E-04
716 -1.653953317334843E-04
717 -5.382404403582423E-05
718 -5.412918825394771E-05
719 -4.465504855412722E-05
720 -1.254526830748714E-04
721 -7.208739771400615E-05
722 -1.477122530604173E-04
723 -2.164519822617463E-04
724 -1.659397397014191E-04
725 -1.889502031476415E-04
726 -2.542509985322246E-04
727 -2.247332601305631E-04
728 -9.129029238978102E-05
729 -7.105882901597826E-05
730 -1.033785910422210E-04
731 -2.691607893626936E-05
732 -7.223254450328264E-05
733 -1.100851065324524E-06
734 -1.872919257839838E-04
735 -2.202856347487600E-04
736 -2.576614624673473E-04
737 -1.467273866875480E-04
738 -1.583576755853948E-04
739 -1.479217416071273E-04
740 -1.656708480958250E-04
741 -2.168141769079572E-04
742 9.427825905146816E-08
743 3.009421725525881E-05
744 -2.187019068861905E-05
745 -2.691551561504260E-05
746 -1.100091597605198E-06
747 -7.223284404348431E-05
748 -1.466887034687041E-04
749 -1.583447900765767E-04
750 -1.406805707923128E-05
751 -3.114842234863257E-05
752 1.532401380706372E-05
753 -4.573654202659136E-05
754 -5.946408541229828E-05
755 -1.994624476485262E-05
756 -1.684666867999399E-04
757 -3.010274096284160E-04
758 -1.558914984771562E-04
759 -1.684629533017692E-04
760 -1.559028406596295E-04
761 -3.010273624615137E-04
762 -4.454768183294004E-05
763 -2.769380838691289E-05
764 1.325711498219595E-05
765 -1.570425778392675E-04
766 -2.748743105471112E-04
767 -1.319814516692456E-04
768 -2.583372318184166E-05
769 2.817295660927262E-05
770 2.858370194459823E-07
771 -8.763996515749866E-05
772 -1.268864236009441E-04
773 -2.042552210031288E-04
774 -8.274234301446746E-05
775 -5.589257241151542E-05
776 -3.106425427419392E-05
777 2.594462175806427E-05
778 -4.504775148149742E-06
779 -2.225822486852091E-05
780 -7.632951515030491E-05
781 -9.732155227316276E-05
782 -8.053142597797385E-05
783 -3.861957283130887E-05
784 3.623029061989556E-06
785 -4.011267288014497E-05
786 1.450022507277557E-05
787 -3.324303569706127E-05
788 2.850217193648789E-05
789 -2.692630905724019E-05
790 -4.466242840252439E-05
791 -7.208438321137586E-05
792 -1.253991848347793E-04
793 -9.814140834350022E-05
794 -7.948246252624156E-05
795 -8.275691309162829E-05
796 -5.585575859719994E-05
797 -5.311189172318047E-05
798 -1.034698151434249E-04
799 -6.488411843174763E-05
800 -6.692015722567615E-05
801 -8.485554140365455E-06
802 -2.582544443470274E-05
803 2.736321064409728E-07
804 2.820375116846865E-05
805 1.450130526447120E-05
806 -3.324246494897619E-05
807 -5.309168813032461E-05
808 -1.034914461289637E-04
809 -1.382971173474832E-04
810 -1.038850058059182E-04
811 -2.300842697890463E-04
812 -1.190476952229890E-04
813 -2.531907951844226E-04
814 -1.480479204508141E-04
815 -8.993646866035671E-05
816 -3.709312232177183E-05
817 -1.177540145473711E-04
818 2.092381085672633E-05
819 -3.640945681873039E-05
820 3.403445103790832E-06
821 -5.349340762297843E-05
822 -3.861942306806713E-05
823 -4.011264924332445E-05
824 3.626530514232577E-06
825 -1.976281704937421E-04
826 -2.155268866949942E-04
827 -5.448247619731878E-05
828 -8.039965489670294E-05
829 -1.905691870175725E-05
830 -1.029457395058915E-04
831 -1.674552580562888E-04
832 -1.059892578775459E-04
833 -1.406235234046223E-05
834 1.527464847065450E-05
835 -3.108232269462390E-05
836 -5.342093936436080E-06
837 -3.555067547954896E-05
838 2.340550267323470E-05
839 -6.004368904693214E-05
840 -1.176365158868280E-04
841 -4.901569387096797E-05
842 1.105913259409719E-07
843 -2.184741582819209E-05
844 3.011901203088211E-05
845 -1.028362839088952E-04
846 -1.060172023350695E-04
847 -1.675191501736037E-04
848 -4.567982718073956E-05
849 -1.986719165475523E-05
850 -5.943331685199105E-05
851 -5.343296270522250E-06
852 2.342652896106448E-05
853 -3.555908250223461E-05
854 -9.128305966915953E-05
855 -1.033208348263460E-04
856 -7.107694266174271E-05
857 -6.006526696978343E-05
858 -4.899354704286506E-05
859 -1.176801119257605E-04
860 -2.042669736755556E-04
861 -2.155177178402203E-04
862 -1.976263205108711E-04
863 -1.445473031939539E-04
864 -1.658028555455782E-04
865 -2.938385528959021E-04
866 -1.445117272112670E-04
867 -2.939141705228004E-04
868 -1.658045878246063E-04
869 -6.440502745469449E-05
870 -2.994875183373414E-05
871 -3.102221022081159E-05
872 -4.513215079782370E-06
873 2.593225938752237E-05
874 2.847201374373114E-05
875 -2.696579210096182E-05
876 -1.383125688079174E-04
877 -2.300758366974190E-04
878 -1.038854611471770E-04
879 2.626982718733316E-05
880 -2.613255890512982E-05
881 -1.029677091305091E-04
882 -2.169163577163969E-04
883 -1.010198386163720E-04
884 -5.443234626877387E-05
885 -1.906136366043659E-05
886 -8.040813695495198E-05
887 -5.635135219142957E-06
888 -4.673357513301085E-05
889 -2.874895683916377E-05
890 2.050320182851034E-05
891 -1.093964582058396E-05
892 -7.062693629445536E-05
893 -1.685948713451494E-04
894 -8.938549709316515E-05
895 -1.190662270231060E-04
896 -1.480658338301625E-04
897 -2.532771313500840E-04
898 -6.962398806070421E-05
899 -8.944837473899496E-05
900 -1.681862454440140E-04
901 2.088513825046779E-05
902 -3.638383636711193E-05
903 -9.058358132480865E-05
904 -1.027607890316903E-04
905 -2.037929861706978E-04
906 -8.991880487223471E-05
907 -1.177972485990932E-04
908 -3.708405184951746E-05
909 -1.153788896108211E-04
910 -7.031431603935425E-05
911 2.627480393622867E-05
912 -2.614674337839187E-05
913 -6.442584443322015E-05
914 -2.996684733354655E-05
915 -1.570152940902814E-04
916 -1.319801689415253E-04
917 -2.746981411878402E-04
918 -2.875090776591725E-05
919 -1.093951394125446E-05
920 2.050362198902754E-05
921 3.390937123926887E-06
922 -5.355429294742001E-05
923 -8.764721600587639E-05
924 -1.269123480744847E-04
925 -1.153990408558736E-04
926 -7.030184014093733E-05
927 -6.484593359040233E-05
928 -8.527539158070113E-06
929 -6.694429714533834E-05
930 -4.451380949356427E-05
931 1.331344035327327E-05
932 -2.774001021231918E-05
933 -2.229364933348879E-05
934 -7.631075487335320E-05
935 -5.632846452638800E-06
936 -4.673928184570843E-05
937 -1.551985101739825E-04
938 -1.551957330414942E-04
939 -1.237754061439637E-04
940 -1.995726957558681E-05
941 -1.992858402576359E-05
942 -2.410877905084420E-04
943 -2.274825141575959E-04
944 1.927707149733913E-05
945 -2.694918876346211E-05
946 -2.071444040478912E-05
947 2.878668750748552E-05
948 -8.624608451974483E-05
949 -5.145163179562734E-05
950 -4.998691339654038E-05
951 -9.788447123091110E-05
952 -2.251229659738727E-05
953 2.831433026223891E-05
954 -1.804812046493024E-05
955 -7.316639894203720E-05
956 -8.366636316494937E-05
957 -1.224538285083387E-04
958 -9.323583029034945E-05
959 -6.384588131428343E-05
960 -3.154323284434238E-05
961 1.836474961774739E-05
962 -4.656037304024412E-05
963 7.887617653225261E-07
964 -7.491772233473212E-05
965 -3.570606395427308E-05
966 -1.009521522512295E-04
967 -7.597102943078570E-05
968 -1.374534953455254E-06
969 -4.248404530820861E-05
970 -1.060771644420625E-04
971 -8.643355305787230E-05
972 -6.596649494940341E-05
973 -2.211493698551061E-05
974 2.878550312288731E-05
975 -2.073756556399594E-05
976 -1.073303553987984E-04
977 -9.371253223157939E-05
978 -1.154354993926660E-04
979 -1.442178490796982E-04
980 -1.632447416107887E-04
981 -1.743849256046138E-04
982 2.829956414028007E-05
983 -2.246229943161463E-05
984 -2.212213006638850E-05
985 -6.595741284127940E-05
986 -1.353121603030119E-04
987 -1.518853426264611E-04
988 1.837609185863896E-05
989 -3.152801668530851E-05
990 7.962667757455484E-07
991 -4.659544108616293E-05
992 -2.693929134470023E-05
993 1.927164891007884E-05
994 -5.145902664993205E-05
995 -8.611463077385904E-05
996 -1.224746562638429E-04
997 -8.363669596711748E-05
998 -7.316690587173824E-05
999 -1.804865799052719E-05
1000 -4.248439377947000E-05
1001 -1.375080541814468E-06
1002 -1.431744726626133E-04
1003 -1.151297003001702E-04
1004 -3.572500935270153E-05
1005 -7.493531717404534E-05
1006 -9.371178936370484E-05
1007 -1.073308391444210E-04
1008 -1.778382034530686E-04
1009 -1.731306820811303E-04
1010 -9.785169645215412E-05
1011 -4.999772873244546E-05
1012 -6.437659031202231E-05
1013 -9.384999736761408E-05
1014 -1.683960441042046E-04
1015 -1.515724144828855E-04
1016 -1.633399851065831E-04
1017 -1.532590675075220E-04
1018 -7.598743968943367E-05
1019 -1.008893252199888E-04
1020 -8.645112267931636E-05
1021 -1.060721961268597E-04
1022 -9.360330289108312E-05
1023 -1.072486492342481E-04
1024 -9.364573756643368E-05
1025 -1.072649264585298E-04
1026 -2.034616273498302E-04
1027 -2.275041853459627E-04
1028 -2.410942441429593E-04
1029 -2.034631661941200E-04
1030 -1.590939624790615E-04
1031 -1.370339623939415E-04
1032 -1.794511538611027E-04
1033 -1.976446722425640E-04
1034 -1.123887786346261E-04
1035 -2.104819245191867E-04
1036 -1.123995164675987E-04
1037 -1.596702693634921E-04
1038 -1.370580661545793E-04
1039 -2.925556907582769E-04
1040 -2.104548808916930E-04
1041 -3.072585249269558E-04
1042 -1.798778096854933E-04
1043 -1.974604158136269E-04
1044 -1.508950141796773E-04
1045 -9.407118452232319E-05
1046 -2.651892032972200E-04
1047 -2.545954356276675E-04
1048 -2.347121373659189E-04
1049 -2.545734280193568E-04
1050 -2.651814568200591E-04
1051 -2.347041964229875E-04
1052 -5.067709361476942E-05
1053 -1.036879851229729E-04
1054 -1.005540462179441E-04
1055 -1.005551577486224E-04
1056 -1.036878156799079E-04
1057 -5.067411827093064E-05
1058 -2.802435244342199E-04
1059 -2.876389267280723E-04
1060 -2.876208661270654E-04
1061 -2.800789569149745E-04
1062 -2.650973248112243E-04
1063 -2.651473929042110E-04
1064 -3.016771554148778E-04
1065 -3.071809995081077E-04
1066 -3.073403296636751E-04
1067 -3.016435696373369E-04
1068 -2.921858972018057E-04
1069 -3.028851506656205E-04
1070 -3.202240996667419E-04
1071 -3.202187444264025E-04
1072 -3.028800583940122E-04
1073 -1.008889794010191E-04
1074 -2.923343271240908E-04
1075 -1.009208435255853E-04
1076 -9.013692938550713E-05
1077 -9.014835333049937E-05
1078 -4.467852759707624E-05
1079 -1.301493523782537E-04
1080 -1.300972975528342E-04
1081 -4.474104483744774E-05
1082 -8.412110384410412E-07
1083 2.448229421236411E-05
1084 -8.357484484683762E-07
1085 -8.044584046658047E-05
1086 -8.048422971819862E-05
1087 2.819733845331694E-05
1088 -4.390661258742677E-05
1089 -2.911689223082630E-05
1090 -2.911288274453094E-05
1091 -4.382440872672105E-05
1092 -3.171265534305062E-04
1093 -3.171371272233507E-04
1094 -1.760414112418533E-04
1095 -1.759799503370028E-04
1096 2.816403706260364E-05
1097 2.442510484717183E-05
1098 -2.484101032074858E-05
1099 -2.486795067947629E-05
1100 -2.182538163521391E-04
1101 -2.208784472081128E-04
1102 -1.327841388554801E-04
1103 -2.560930296420082E-05
1104 -2.564353588688402E-05
1105 1.180350635977129E-05
1106 1.180618783618922E-05
1107 -5.032200171156715E-05
1108 -2.389291234866892E-04
1109 -5.032180713734787E-05
1110 -1.265592634381481E-04
1111 -7.788756986817696E-05
1112 -7.790473416300066E-05
1113 -1.871183788060944E-04
1114 -1.872347882574835E-04
1115 -8.019447500526877E-05
1116 -8.019578628591419E-05
1117 -1.328869217787013E-04
1118 -3.331008320041024E-04
1119 -3.331217841398795E-04
1120 -1.264123255144319E-04
1121 -1.042339750020015E-05
1122 -5.768349815129054E-05
1123 -1.043068243013981E-05
1124 -5.767515245850409E-05
1125 -1.453238913072419E-05
1126 1.020508316240069E-05
1127 -4.029595685138351E-05
1128 1.018087111229338E-05
1129 -4.026836022646684E-05
1130 -1.499870444654641E-04
1131 -1.648322191358420E-04
1132 2.473633756478287E-05
1133 -2.793388930723515E-05
1134 2.473259433403898E-05
1135 -2.791198348203015E-05
1136 3.027818724424373E-05
1137 -2.228023151389265E-05
1138 3.024978443340610E-05
1139 -2.225318340993640E-05
1140 2.559928766157395E-05
1141 -2.463018698184005E-05
1142 -2.460470145700255E-05
1143 2.558013571391856E-05
1144 1.104930723455257E-05
1145 -3.546556104433440E-05
1146 -3.546554660810325E-05
1147 1.104924059055264E-05
1148 -1.152131601258827E-04
1149 -1.162752091706562E-04
1150 -1.162590589597907E-04
1151 -1.152044689475175E-04
1152 -1.219588169401887E-05
1153 -4.230114608939616E-05
1154 -1.235799900816290E-04
1155 -1.101598862967555E-04
1156 -1.219646633905467E-05
1157 -4.230164475876382E-05
1158 -1.273199502470309E-04
1159 -1.140831755285263E-04
1160 -1.082260741890910E-04
1161 -8.814998010622091E-05
1162 -1.082506559431870E-04
1163 -8.830531071904002E-05
1164 -3.515786672717968E-05
1165 -6.646433504594600E-05
1166 -6.646690063495751E-05
1167 -3.516553679816282E-05
1168 -6.180904147261215E-05
1169 -8.780801886015676E-05
1170 -6.183624265730282E-05
1171 -8.782006054372949E-05
1172 -2.148439167218775E-04
1173 -2.148415547832746E-04
1174 -2.660747416183496E-04
1175 -8.715706853328960E-05
1176 -9.567969680032053E-05
1177 -9.569282459751503E-05
1178 -8.716440635879498E-05
1179 -3.022165609213697E-04
1180 -2.645975094943372E-04
1181 -2.717107115332144E-04
1182 -2.645967626712352E-04
1183 -2.717144002696704E-04
1184 -2.516982891799839E-04
1185 -2.517203692499453E-04
1186 -1.547973275450528E-04
1187 -2.583355475031134E-04
1188 -2.295814529691567E-04
1189 -2.292829870060972E-04
1190 -2.581825851031506E-04
1191 -3.181915075418295E-04
1192 -2.591757081217197E-04
1193 -2.357413034765417E-04
1194 -2.394416709764339E-04
1195 -2.044279040734702E-04
1196 -3.034607553446069E-04
1197 -3.041828366079483E-04
1198 -2.047412110200407E-04
1199 -2.397322407093330E-04
1200 -2.665096486433025E-04
1201 -2.665143835820955E-04
1202 -2.177775106499209E-04
1203 -1.778440083269080E-04
1204 -1.778446785671304E-04
1205 -2.181914793543572E-04
1206 -6.904101066580593E-05
1207 -1.010219412726882E-04
1208 -1.010588464617006E-04
1209 -6.908284125258754E-05
1210 -1.475460851352083E-04
1211 -1.947856891544457E-04
1212 -1.947586770975365E-04
1213 -1.475250134524776E-04
1214 -1.682493993041503E-04
1215 -1.682688988528978E-04
1216 -3.202527360803123E-05
1217 -4.310701977067218E-05
1218 -4.309449318642729E-05
1219 -3.200987311495727E-05
1220 -2.984147194668534E-04
1221 -3.036933120085905E-04
1222 -3.415844892005480E-04
1223 -3.085159016386996E-04
1224 -1.963035881040196E-04
1225 -1.963047925376893E-04
1226 -1.497857342367222E-04
1227 -1.497743232770330E-04
1228 -3.046670085132151E-04
1229 -2.953353000750709E-04
1230 -3.071128342524979E-04
1231 -1.913120320590434E-04
1232 -1.361888059024105E-04
1233 -1.913126629671733E-04
1234 -1.361795181794066E-04
1235 -3.431255497612799E-05
1236 -3.431973004273026E-05
1237 -2.983948548770568E-04
1238 -7.834127642542528E-05
1239 -7.832881385114304E-05
1240 -2.365418627045332E-04
1241 -2.365711698850866E-04
1242 -1.313000086759705E-04
1243 -2.058247420523370E-04
1244 -3.096107754072781E-04
1245 -2.738540555313252E-04
1246 -2.465170555758479E-04
1247 -2.299340832848163E-04
1248 -2.299311940676211E-04
1249 -2.465143576578754E-04
1250 -3.408755903632570E-04
1251 -3.127720430399756E-04
1252 -2.734286929764533E-04
1253 -3.031570643540710E-04
1254 -3.116064730452053E-04
1255 -3.116135559178742E-04
1256 -2.555916033519710E-04
1257 -1.903363909330134E-04
1258 -2.555956207316302E-04
1259 -1.903595192570885E-04
1260 -3.190880623847727E-04
1261 -2.930508115247127E-04
1262 -2.930525405506209E-04
1263 -2.515115655957234E-04
1264 -2.515129108153047E-04
1265 -3.320670678318068E-04
1266 -2.910120861308348E-04
$EndNodeData
$NodeData
1
"S2"
1
0.0
3
0
1
1266
1 1.790171484023236E-02
2 -3.342688503024167E-02
3 1.772433482759282E-02
4 -3.342580797111573E-02
5 1.790205999943167E-02
6 -3.364038123604120E-02
7 1.772968026840466E-02
8 4.497717079658279E-03
9 -8.383978554520125E-03
10 -2.102320608675918E-02
11 1.115781350445639E-02
12 -1.948816750088702E-03
13 -1.470813138316974E-02
14 -2.725355772979242E-02
15 -3.358586721428448E-02
16 -3.318977322774618E-02
17 -3.257566037612931E-02
18 -3.176286911709847E-02
19 -3.074528489918396E-02
20 -2.952739904111805E-02
21 -2.811954264028257E-02
22 -2.653111324940034E-02
23 -2.477757022558472E-02
24 -2.287750701800837E-02
25 -2.085037768729572E-02
26 -1.871205095803040E-02
27 -1.648054361119439E-02
28 -1.417669051776938E-02
29 -1.181939215175785E-02
30 -9.430664492827569E-03
31 -7.029759055742165E-03
32 -4.638983605560194E-03
33 -2.277970630410646E-03
34 3.301243350771129E-05
35 2.273719169639648E-03
36 4.425268229190471E-03
37 6.468231172804827E-03
38 8.385886200803777E-03
39 1.016082150215812E-02
40 1.177843115056231E-02
41 1.322343631081008E-02
42 1.448445974712737E-02
43 1.554569553468820E-02
44 1.639998425981774E-02
45 1.705056371404362E-02
46 1.748309220161274E-02
47 -3.352087396241651E-02
48 -3.340952209230580E-02
49 -3.290435356017138E-02
50 -3.219001083603449E-02
51 -3.127300665855661E-02
52 -3.015389631937598E-02
53 -2.883747431745876E-02
54 -2.733787660445815E-02
55 -2.566691539707153E-02
56 -2.384304720531320E-02
57 -2.187803814792011E-02
58 -1.979314975296111E-02
59 -1.760609982550831E-02
60 -1.533595573454360E-02
61 -1.300311758546603E-02
62 -1.062761057504981E-02
63 -8.230290664643904E-03
64 -5.831789200257701E-03
65 -3.452905390947254E-03
66 -1.114224778367408E-03
67 1.164513111253384E-03
68 3.363332234154660E-03
69 5.463323214985506E-03
70 7.446457464957602E-03
71 9.295334497036614E-03
72 1.099434494507706E-02
73 1.252747549792466E-02
74 1.388292808425610E-02
75 1.504619372128085E-02
76 1.601251914421238E-02
77 1.676035862034157E-02
78 1.729775804522358E-02
79 1.761910803847139E-02
80 1.777595802783023E-02
81 1.746302108784882E-02
82 1.704803263107244E-02
83 1.640800395677409E-02
84 1.554905906847044E-02
85 1.448469673414273E-02
86 1.322353634821368E-02
87 1.177855391088834E-02
88 1.016097837385972E-02
89 8.385988502417218E-03
90 6.468259118054436E-03
91 4.425261636361655E-03
92 2.273708520867068E-03
93 3.300332532839250E-05
94 -2.277997080237416E-03
95 -4.639111150298274E-03
96 -7.029955178152257E-03
97 -9.430762726359834E-03
98 -1.181930971463265E-02
99 -1.417641357049274E-02
100 -1.648027334193086E-02
101 -1.871197161989285E-02
102 -2.085045735051018E-02
103 -2.287766219804802E-02
104 -2.477767580495409E-02
105 -2.653119699624818E-02
106 -2.811959329966765E-02
107 -2.952740887610644E-02
108 -3.074528227884120E-02
109 -3.176285921565231E-02
110 -3.257563014992126E-02
111 -3.318979505169633E-02
112 -3.358589995601679E-02
113 1.761621563581851E-02
114 1.729863888979920E-02
115 1.676344788702662E-02
116 1.601079067440370E-02
117 1.504720463941428E-02
118 1.388299817448093E-02
119 1.252755910801395E-02
120 1.099433982807141E-02
121 9.295302853475969E-03
122 7.446460003505995E-03
123 5.463324508846926E-03
124 3.363322987663703E-03
125 1.164503498645796E-03
126 -1.114238291384084E-03
127 -3.452939030387491E-03
128 -5.831771581927249E-03
129 -8.230286201772503E-03
130 -1.062761885555029E-02
131 -1.300312638044924E-02
132 -1.533602555314445E-02
133 -1.760610542592189E-02
134 -1.979315655538847E-02
135 -2.187803148154865E-02
136 -2.384303283931262E-02
137 -2.566695386975331E-02
138 -2.733786303801248E-02
139 -2.883749490494283E-02
140 -3.015390485692823E-02
141 -3.127301371280568E-02
142 -3.219001305269376E-02
143 -3.290435559856759E-02
144 -3.340955646821402E-02
145 -3.352055810379127E-02
146 -2.102216785946115E-02
147 -8.383479060982017E-03
148 4.498207349477834E-03
149 -2.725220005140259E-02
150 -1.470745847617907E-02
151 -1.948399467513135E-03
152 1.115835281224251E-02
153 1.753677555417356E-02
154 1.720531493897584E-02
155 1.667685601529047E-02
156 1.592585800788487E-02
157 1.496758597971912E-02
158 1.381498463753107E-02
159 1.248026857390777E-02
160 1.097316961197523E-02
161 9.303199679937120E-03
162 7.490545383880422E-03
163 5.547633244266975E-03
164 3.494622179858071E-03
165 1.342649995349620E-03
166 -8.845198052887469E-04
167 -3.174907936150087E-03
168 -5.502562210430966E-03
169 -7.855868218184415E-03
170 -1.020719985857396E-02
171 -1.254559013367134E-02
172 -1.484485161078264E-02
173 -1.707291347435745E-02
174 -1.922173801096047E-02
175 -2.130015060885036E-02
176 -2.325810041195253E-02
177 -2.509824234445925E-02
178 -2.678422801038207E-02
179 -2.832080032742360E-02
180 -2.967571907765973E-02
181 -3.085368732624249E-02
182 -3.182432218118456E-02
183 -3.259607946895952E-02
184 -3.316650635824873E-02
185 -3.352010902786672E-02
186 1.776398010711860E-02
187 1.739119962909869E-02
188 1.697629536958485E-02
189 1.633476472469806E-02
190 1.547846972011301E-02
191 1.442127776120415E-02
192 1.317534605298580E-02
193 1.175298631309347E-02
194 1.016522148826294E-02
195 8.426307572607927E-03
196 6.549001422963423E-03
197 4.551465089248132E-03
198 2.447537055412909E-03
199 2.584503547748072E-04
200 -2.002379615834587E-03
201 -4.310773074448636E-03
202 -6.653884328218920E-03
203 -9.005272367761996E-03
204 -1.135327777452264E-02
205 -1.367066570533722E-02
206 -1.594199585552080E-02
207 -1.815385145025952E-02
208 -2.027012031478004E-02
209 -2.229351940629429E-02
210 -2.419021673250457E-02
211 -2.595742918195956E-02
212 -2.756663895435671E-02
213 -2.901596722825185E-02
214 -3.028052102216255E-02
215 -3.136008885139855E-02
216 -3.223867468269623E-02
217 -3.291321351488512E-02
218 -3.336860420044472E-02
219 -3.360563227921096E-02
220 -3.352366886695564E-02
221 -3.317369356663703E-02
222 -3.260175960129691E-02
223 -3.182559141682221E-02
224 -3.085109881063119E-02
225 -2.967550117419069E-02
226 -2.832077032370530E-02
227 -2.678420002714794E-02
228 -2.509818663402726E-02
229 -2.325811151335573E-02
230 -2.130015792970208E-02
231 -1.922174735810849E-02
232 -1.707292440735620E-02
233 -1.484486351298540E-02
234 -1.254560227406001E-02
235 -1.020723275487999E-02
236 -7.855970100281681E-03
237 -5.502669901490485E-03
238 -3.174888210437179E-03
239 -8.843889775916883E-04
240 1.342785770771990E-03
241 3.494699671314465E-03
242 5.547596247334085E-03
243 7.490430474712382E-03
244 9.303144529743684E-03
245 1.097317323497067E-02
246 1.248032290079724E-02
247 1.381517751655565E-02
248 1.496777693809269E-02
249 1.592578053443829E-02
250 1.667684994142754E-02
251 1.720532251547383E-02
252 1.753680186938095E-02
253 -3.360647682118802E-02
254 -3.336859825203363E-02
255 -3.291487016451705E-02
256 -3.223807303811449E-02
257 -3.136336295684945E-02
258 -3.027950194301363E-02
259 -2.901593888994476E-02
260 -2.756660855416764E-02
261 -2.595748236251294E-02
262 -2.419020074323728E-02
263 -2.229352900052127E-02
264 -2.027012852169266E-02
265 -1.815386167227306E-02
266 -1.594200762690721E-02
267 -1.367067758289583E-02
268 -1.135329386630034E-02
269 -9.005295035127068E-03
270 -6.653868703568104E-03
271 -4.310761275165970E-03
272 -2.002418984629071E-03
273 2.584412585840445E-04
274 2.447515812755006E-03
275 4.551437308959673E-03
276 6.549019730806816E-03
277 8.426304010917469E-03
278 1.016520186596400E-02
279 1.175300661717650E-02
280 1.317529269715486E-02
281 1.442143109681924E-02
282 1.547845334453424E-02
283 1.633473598003497E-02
284 1.697629558814765E-02
285 1.739121931823452E-02
286 1.776390191136060E-02
287 7.655138924503846E-03
288 4.318355351289429E-03
289 4.318336675252200E-03
290 3.263429939727518E-03
291 3.263323204274726E-03
292 2.191240442185835E-03
293 2.191543208840987E-03
294 1.221600868293207E-03
295 1.221654454915458E-03
296 -6.194385899250624E-04
297 -6.179166808768704E-04
298 -2.699534260003434E-03
299 -2.701275491932874E-03
300 -4.980950826139491E-03
301 -4.981914196771020E-03
302 -7.387819716795078E-03
303 -7.386905385218027E-03
304 -9.837211489490011E-03
305 -9.837301466660325E-03
306 -1.991989784026208E-02
307 -1.916117362167842E-02
308 -1.224162489671201E-02
309 -2.061810080893095E-02
310 -1.224163160209406E-02
311 -1.872972873694752E-02
312 -1.396781199272939E-02
313 -1.902547626501712E-02
314 -1.396781725598643E-02
315 -1.902211559083063E-02
316 -1.593846373541793E-02
317 -1.764609216976022E-02
318 -1.764593552309257E-02
319 -1.593824258874401E-02
320 -2.037144240229646E-02
321 -2.037143853440160E-02
322 -1.995257668456742E-02
323 -1.995239217912071E-02
324 -1.889586705424690E-02
325 -1.889379959254540E-02
326 -1.746185246345195E-02
327 -1.746401813211662E-02
328 -1.579370363498355E-02
329 -1.579317209750834E-02
330 -2.283070486947589E-03
331 -2.283090363500621E-03
332 -1.376691009901063E-02
333 -1.376799158109958E-02
334 -1.155179834729022E-02
335 -1.155013421890729E-02
336 -9.223587775551921E-03
337 -9.223349322894227E-03
338 -6.868236891792373E-03
339 -6.869430351681595E-03
340 -4.569696732285700E-03
341 4.016118116141158E-03
342 -4.569701524978645E-03
343 2.210838551001225E-03
344 -2.396684029132838E-03
345 3.153422021676086E-03
346 -2.396684457277739E-03
347 3.151668630209912E-03
348 1.971164671668919E-03
349 -4.414313338654122E-04
350 -4.427275969625562E-04
351 1.968808778535507E-03
352 6.816715555657622E-03
353 -2.944461804068323E-03
354 -1.906769455134404E-03
355 -1.195528087706440E-02
356 -5.291196511965106E-03
357 -2.017280202520639E-02
358 -2.017280048617342E-02
359 -1.952886500610673E-02
360 -5.689619633619573E-03
361 -7.895633232810907E-03
362 -1.041546426267561E-02
363 -7.862028417750499E-03
364 2.703363021494936E-03
365 -8.912819650894620E-03
366 -1.485522783373938E-02
367 -7.921475331657934E-03
368 3.512565013440612E-03
369 -9.539367833511283E-03
370 -1.327929730008882E-03
371 -8.493135630119622E-03
372 -3.421389191025316E-03
373 -8.263192263537927E-03
374 -1.826628787952750E-02
375 -8.045841823842902E-03
376 -7.864651073550675E-03
377 3.716903693010561E-03
378 -9.070722646550582E-03
379 -1.271371429257288E-02
380 -7.883738894368431E-03
381 -1.663137982351461E-02
382 -7.806217771250046E-03
383 -8.046824725232689E-03
384 -7.864660380486646E-03
385 2.704287414004181E-03
386 -8.913430662820916E-03
387 -5.689821565439703E-03
388 -7.895610226945434E-03
389 -3.421393997615845E-03
390 -8.263191125378546E-03
391 -1.663116846744975E-02
392 -7.808099828815322E-03
393 -1.826445383745766E-02
394 -1.953129093531706E-02
395 -1.485565461523272E-02
396 -7.921239840016766E-03
397 -1.041622595324299E-02
398 -7.862079353049865E-03
399 -1.271370808003010E-02
400 -7.881990388332986E-03
401 -1.328100312840833E-03
402 -8.493171390155983E-03
403 4.771969333826876E-04
404 1.337726617513104E-03
405 -8.715254690074763E-03
406 4.744839568132438E-04
407 1.336328071263537E-03
408 -8.714624511727343E-03
409 3.454105568938723E-03
410 -8.777198873970406E-03
411 2.848567030906062E-03
412 3.750438195639111E-03
413 1.906837679261358E-03
414 1.905163880758797E-03
415 -2.036395967471092E-02
416 2.771003679297212E-03
417 3.750612200541089E-03
418 4.812143185767534E-03
419 -1.420965342924955E-02
420 -1.420959695706704E-02
421 4.084215429034056E-03
422 -8.096872869400824E-03
423 4.084218051255914E-03
424 -8.096858882116354E-03
425 -2.208206007391526E-02
426 -8.047893637276482E-03
427 -8.047742084998312E-03
428 -8.098201661905648E-03
429 -8.021095910946427E-03
430 -8.064806639761240E-03
431 -8.064925969751805E-03
432 -7.921304907761455E-03
433 -7.931359316108381E-03
434 8.102543513366122E-03
435 -7.903971530748469E-03
436 -7.901573909401027E-03
437 -7.835086324738311E-03
438 -7.835599958940226E-03
439 -7.900376806098270E-03
440 -1.083448126624571E-02
441 1.104130149429116E-04
442 1.129143726522072E-04
443 -7.880575791834661E-03
444 -7.879423242590701E-03
445 -1.844175110637599E-03
446 -1.842671966251304E-03
447 -7.869902802871235E-03
448 -7.868780585622756E-03
449 -2.038652068440462E-02
450 -3.975163020714458E-03
451 -3.977159808177581E-03
452 -7.849790088183815E-03
453 -7.849189482049169E-03
454 -6.257139448918491E-03
455 -6.256497233993204E-03
456 -7.853547577433416E-03
457 -7.853403514509499E-03
458 -8.612055980745310E-03
459 -8.612328543137262E-03
460 -7.884491594378323E-03
461 -7.884499931792535E-03
462 -1.032397485204621E-02
463 -1.096762218407106E-02
464 -1.096765995395823E-02
465 -7.794809595036149E-03
466 -8.182333999584729E-03
467 -7.794813802684548E-03
468 -6.895420241089997E-03
469 -6.895375776862556E-03
470 -6.270608842754462E-03
471 -6.364706465847278E-03
472 -6.423410522540399E-03
473 -6.422737768636698E-03
474 -1.415983255862798E-02
475 -2.229179695696876E-02
476 -1.415983923066207E-02
477 -2.201618829481548E-02
478 -6.640488334655701E-03
479 -6.640685331537876E-03
480 -2.073349156823585E-02
481 -2.073345397335210E-02
482 -1.659106397610014E-02
483 -1.659106788044890E-02
484 -1.884440410479455E-02
485 -1.884515097941537E-02
486 -2.201418527967876E-02
487 -2.040569519704959E-04
488 -7.283301435514979E-03
489 -2.453751566430114E-02
490 -2.453778895975606E-02
491 8.277037812299635E-03
492 8.277155911188628E-03
493 -1.193919922255461E-02
494 -8.201342606802815E-03
495 -8.201322213430248E-03
496 -6.644373853671230E-03
497 -1.156679402694716E-02
498 -1.005245269937713E-02
499 -9.412593050394203E-03
500 -1.156681721717472E-02
501 -9.412613610488382E-03
502 -1.005245781295352E-02
503 -9.445926387018650E-03
504 -7.831439553575747E-03
505 -9.445955716140588E-03
506 -7.831452076383666E-03
507 -2.052520839546410E-02
508 -1.427407359115366E-02
509 -1.438533923766317E-02
510 -1.457024790984554E-02
511 -8.478668326633264E-03
512 -1.701883731265788E-02
513 -1.698393081461183E-02
514 -2.206011965984369E-02
515 -9.191065008703168E-03
516 -8.257638245897481E-03
517 -8.872351351480488E-03
518 -9.190936468206881E-03
519 -8.872272196757687E-03
520 -8.257451884756566E-03
521 -8.250187055094726E-03
522 -7.850928162163555E-03
523 -8.250367472069848E-03
524 -7.850824868665954E-03
525 -1.096272944927380E-02
526 -1.412288552633390E-02
527 -1.119426983072329E-02
528 -1.412473258759990E-02
529 -2.064254449627404E-02
530 -1.569242755879440E-02
531 -1.096272673616802E-02
532 -1.119426635038837E-02
533 -1.412287900037093E-02
534 -1.434672199433180E-02
535 -1.578560105749661E-02
536 -2.050343051292751E-02
537 -7.643807905751606E-03
538 -1.042193037340512E-02
539 -1.042194893659855E-02
540 -7.643828330002756E-03
541 -7.633692719106565E-03
542 -1.264502149803231E-02
543 -1.268562182202418E-02
544 -7.912574328667538E-03
545 -2.785091569634605E-02
546 -2.781724862734502E-02
547 -7.070732620214076E-03
548 -7.836766656358582E-03
549 -7.064294819186899E-03
550 -6.788918330809732E-03
551 -7.631757379516525E-03
552 -1.337929115334127E-02
553 -1.203019488571087E-02
554 -7.621811701714176E-03
555 -1.337926980113157E-02
556 -7.621603620873173E-03
557 -1.203007054766547E-02
558 -6.788179849326894E-03
559 -7.631282592619056E-03
560 -7.063985595321816E-03
561 -7.070428298273809E-03
562 -7.836624222047834E-03
563 -1.916220867865248E-02
564 -1.482933549338804E-02
565 -1.482943368553925E-02
566 -1.916227075414498E-02
567 -1.208418157364146E-02
568 -1.128308781430987E-02
569 -7.619692827748678E-03
570 -1.208412482242107E-02
571 -7.619670516604593E-03
572 -1.128290469471711E-02
573 -1.632223935644644E-02
574 -1.254058503782706E-02
575 -1.254057869073569E-02
576 -1.632223123778822E-02
577 1.279987213022973E-02
578 8.603029895033480E-03
579 3.932004759445141E-03
580 -5.940656308233724E-03
581 -5.922096807140032E-03
582 -7.848578391553136E-03
583 -1.307136801805520E-02
584 -7.611442083112535E-03
585 -4.447091941893079E-03
586 -6.425993115103519E-03
587 -5.938736715572672E-03
588 -7.847553189279570E-03
589 -5.920787967767700E-03
590 -4.445742220423789E-03
591 -6.425221072088682E-03
592 -1.829525321381567E-02
593 -1.378171608432220E-02
594 -1.244516060203913E-02
595 -7.623960681054406E-03
596 -1.307215960542689E-02
597 -7.611312942846707E-03
598 -1.378283921021813E-02
599 -1.829569670769041E-02
600 -1.735559880366267E-02
601 -1.244428938946321E-02
602 -7.623844693078488E-03
603 -1.735511007985503E-02
604 -1.222345424604187E-02
605 -1.223534382982292E-02
606 -7.810415076235072E-03
607 -1.222427152397535E-02
608 -7.811124794876418E-03
609 -1.223495438589474E-02
610 -4.891904455789945E-03
611 -4.865218738648551E-03
612 -7.880658547787800E-03
613 -4.891073626002265E-03
614 -7.879932613639465E-03
615 -4.863970667897365E-03
616 -2.242124392479171E-03
617 -5.294705653433431E-03
618 -1.136324061726794E-02
619 -7.635248479829616E-03
620 -1.136324592682014E-02
621 -7.635227947846761E-03
622 -2.240556930838960E-03
623 -5.293295872944928E-03
624 -1.388643541909711E-02
625 -7.666122601060701E-03
626 -1.388676748726398E-02
627 -7.622080289438466E-03
628 -1.523691662942331E-02
629 -1.523692300244516E-02
630 -1.992119989405780E-02
631 -1.992076813432152E-02
632 1.042500612791745E-02
633 1.645029269319046E-03
634 1.225460205409094E-02
635 1.214183970584470E-02
636 -3.854605990068185E-03
637 -7.834823593473966E-03
638 -3.890988209738501E-03
639 3.516397782967493E-03
640 -1.540047699070925E-03
641 -2.828827352194975E-03
642 -3.852419819415181E-03
643 -3.889196399743070E-03
644 -7.833354193946217E-03
645 -1.033550079653670E-02
646 -7.997008819685597E-03
647 -1.480880355231486E-02
648 -8.630970818718876E-03
649 -1.033550452491307E-02
650 -7.997011948747270E-03
651 -2.274474864505136E-04
652 -4.257025688993689E-03
653 1.290760600411186E-02
654 -2.255041303257149E-04
655 -4.255729313409238E-03
656 -1.314043236549615E-02
657 -1.408515758004731E-02
658 -2.041598326190339E-02
659 -2.148993678995522E-02
660 -1.314043896129400E-02
661 -3.300006695200761E-03
662 -3.314345302556020E-03
663 -3.301023537361839E-03
664 -3.314145728148108E-03
665 -1.433675599347577E-02
666 -2.017407275593513E-02
667 -9.125638940117812E-03
668 -4.053600487515128E-03
669 -1.359396286998533E-02
670 -8.035426983981738E-03
671 -8.883506483394754E-03
672 -7.867926348087298E-03
673 -8.883590952134705E-03
674 -7.867908511899641E-03
675 1.267723289314296E-02
676 7.254276436027825E-03
677 -1.038867863662857E-02
678 -1.038874644967091E-02
679 7.593240190588407E-04
680 -2.398444464717483E-04
681 5.823902756621471E-03
682 1.113457739289852E-02
683 -7.644698359808527E-03
684 -7.839526174443518E-03
685 -8.100997148415012E-03
686 -1.266965037323431E-02
687 -7.644264588409081E-03
688 -7.839465160975594E-03
689 -7.987186501406103E-03
690 -7.986689815016788E-03
691 1.050824622164133E-02
692 3.755471407537645E-03
693 1.023365391722676E-02
694 -1.222220312079488E-02
695 -1.352214355821675E-02
696 -6.602356315537064E-03
697 2.354256530479001E-03
698 1.929782356284917E-03
699 -8.610364990199288E-03
700 -1.555896832135118E-02
701 -6.439085155246447E-03
702 -7.838909496849674E-03
703 -6.438654035923469E-03
704 -7.838710450319810E-03
705 2.869821438221891E-03
706 -2.419497271713216E-03
707 -5.605847777703557E-03
708 -5.605779184510945E-03
709 -2.386767585899361E-03
710 -2.667641867504696E-03
711 -5.308083989148880E-03
712 -7.862614855954141E-03
713 -1.705015500907311E-02
714 -1.265230422026191E-02
715 -1.704900375141687E-02
716 -1.265101006243648E-02
717 -5.306291225939086E-03
718 -7.861165301006152E-03
719 6.878168411181934E-03
720 1.669087256755920E-03
721 6.527984481606317E-03
722 2.348714574674225E-03
723 -3.114014044962284E-03
724 -3.467777208140527E-03
725 3.350096116534532E-03
726 -3.033451142513473E-03
727 -3.197144878419325E-03
728 -1.431085328754973E-02
729 -1.139456412292549E-02
730 -1.085003560327027E-02
731 -2.898643318193129E-03
732 -5.346220196418996E-03
733 -5.848472838650008E-03
734 3.450369802160344E-03
735 -2.956758869081793E-03
736 -2.680698793588197E-03
737 -1.621653448987880E-02
738 -1.180799013221881E-02
739 2.350358371556625E-03
740 -3.466886878153606E-03
741 -3.113602976093431E-03
742 -7.445431345947846E-03
743 -7.969226327124292E-03
744 -7.379827930079648E-03
745 -2.898646703293448E-03
746 -5.848474909006123E-03
747 -5.346219621855595E-03
748 -1.621676991865757E-02
749 -1.180925792247255E-02
750 -9.811273403446740E-03
751 -8.553222456085467E-03
752 -9.150327793557261E-03
753 -1.212811006453422E-02
754 -9.724753027871361E-03
755 -1.030652161042309E-02
756 -2.677449498006046E-02
757 -2.028678005429595E-02
758 -2.666301004714658E-02
759 -2.677448837894957E-02
760 -2.666299734860235E-02
761 -2.028678554833607E-02
762 -1.287718306497534E-02
763 -1.098005708186761E-02
764 -1.226836251752391E-02
765 -2.585581347677257E-02
766 -1.974901506463772E-02
767 -2.562809575022954E-02
768 -5.772046798146913E-03
769 -5.139920321702336E-03
770 -6.268622889421682E-03
771 -2.277122194290473E-02
772 -2.320075706194508E-02
773 -1.786742229194307E-02
774 7.569383673622799E-03
775 7.962170908276977E-03
776 -9.343656176806065E-03
777 -8.711807037681913E-03
778 -8.628180805348950E-03
779 -1.728125113645470E-02
780 -1.786194632958570E-02
781 9.324763350355746E-03
782 9.518629767964221E-03
783 9.827259185929351E-04
784 1.563431400698194E-03
785 -1.856859958993301E-03
786 -4.799843961037437E-05
787 -5.979997203860141E-04
788 -6.923317513893714E-03
789 -7.555419253901823E-03
790 6.879464647433374E-03
791 6.528786747712768E-03
792 1.670858889170070E-03
793 9.326662197949876E-03
794 9.626725748366257E-03
795 7.570678737767747E-03
796 7.962560242353769E-03
797 -2.025842093962345E-02
798 -2.071366743204705E-02
799 -1.625114320002771E-02
800 -1.324164632033794E-02
801 -1.568519889108228E-02
802 -5.772847880098885E-03
803 -6.269283051963358E-03
804 -5.140128474426697E-03
805 -4.800621033529960E-05
806 -5.980073954396233E-04
807 -2.025853062381481E-02
808 -2.071346853257888E-02
809 -2.421517395061788E-02
810 -2.387666866243349E-02
811 -1.858489083211345E-02
812 -2.480069713879001E-02
813 -1.921981328432967E-02
814 -2.513973864136250E-02
815 -1.934157437957201E-02
816 -1.883965371175517E-02
817 -1.532750445416341E-02
818 -1.049353649881113E-02
819 -1.113263595051484E-02
820 -1.398782082764810E-02
821 -1.460934932507789E-02
822 9.827226232923597E-04
823 -1.856940648051190E-03
824 1.563343177203299E-03
825 -1.308702038868010E-02
826 -1.268605091830360E-02
827 3.940287056232910E-03
828 2.768288653141434E-05
829 4.441836321503835E-03
830 9.164444821082877E-04
831 -3.701434229355548E-03
832 -4.115306027691657E-03
833 -9.810713851190872E-03
834 -9.150016119568175E-03
835 -8.553118573730163E-03
836 -5.113196529829203E-03
837 -6.242972614062576E-03
838 -6.807617499619742E-03
839 -8.733085997718506E-04
840 -4.481147803668126E-03
841 -4.905468154315671E-03
842 -7.444359220897653E-03
843 -7.379322880775696E-03
844 -7.968805985698494E-03
845 9.183024315290739E-04
846 -4.113786042803266E-03
847 -3.700555705865760E-03
848 -1.212736989935245E-02
849 -1.030745041175729E-02
850 -9.724961894993372E-03
851 -5.113296956647369E-03
852 -6.807706580971688E-03
853 -6.242958295936420E-03
854 -1.431045988668107E-02
855 -1.084941914147079E-02
856 -1.139473920758965E-02
857 -8.739993823000320E-04
858 -4.905602267352297E-03
859 -4.481809931616013E-03
860 -1.786543632817539E-02
861 -1.268382147868401E-02
862 -1.308492122631582E-02
863 -2.624650784706167E-02
864 -2.636949694826474E-02
865 -2.007376992217551E-02
866 -2.624667301475565E-02
867 -2.007383156661168E-02
868 -2.636951801514545E-02
869 5.290705528454542E-03
870 5.752190142913103E-03
871 -9.343634321250471E-03
872 -8.628512813510503E-03
873 -8.712439352538319E-03
874 -6.922454341572031E-03
875 -7.554678091572056E-03
876 -2.421416129978424E-02
877 -1.858481524917526E-02
878 -2.387758673973391E-02
879 -3.400944786477078E-03
880 -4.002448419097696E-03
881 9.295099689461144E-03
882 2.896003789623306E-03
883 9.928644782197652E-03
884 3.940848145993993E-03
885 4.440364045537474E-03
886 2.713880200270392E-05
887 3.022554848893772E-03
888 2.543588007412478E-03
889 -2.291461481129201E-03
890 -1.675905559475416E-03
891 -3.987228447488445E-03
892 8.817918436077134E-03
893 2.947252457807229E-03
894 8.567109077560371E-03
895 -2.479964160595399E-02
896 -2.513845494461332E-02
897 -1.921749783547959E-02
898 8.817766224950691E-03
899 8.567278702178927E-03
900 2.947432174498382E-03
901 -1.049334037542376E-02
902 -1.113208368808775E-02
903 1.020291962104551E-02
904 1.003939028874480E-02
905 3.884242343965985E-03
906 -1.934153694053087E-02
907 -1.532697840536508E-02
908 -1.883961357419535E-02
909 -2.200717088047865E-02
910 -2.155855116396631E-02
911 -3.400962420665350E-03
912 -4.002573701291967E-03
913 5.292225935229646E-03
914 5.752998989298010E-03
915 -2.585608546506350E-02
916 -2.562938063228477E-02
917 -1.975051283184440E-02
918 -2.291466723289629E-03
919 -3.987233737838176E-03
920 -1.675912325185800E-03
921 -1.398656592219800E-02
922 -1.460903866848163E-02
923 -2.277003880012218E-02
924 -2.319980210177290E-02
925 -2.200597014627259E-02
926 -2.155837412692993E-02
927 -1.625068433525349E-02
928 -1.568532326529142E-02
929 -1.324104840280891E-02
930 -1.287846684347643E-02
931 -1.226904557401122E-02
932 -1.098117990805088E-02
933 -1.728063977680278E-02
934 -1.786201532749490E-02
935 3.021971408825669E-03
936 2.543525443830843E-03
937 -2.694712360247221E-02
938 -2.694711719482838E-02
939 9.599603362329531E-03
940 -3.325392060675226E-03
941 -3.323602056669895E-03
942 -1.309534898218442E-02
943 -1.341124856236302E-02
944 -1.118197759268110E-02
945 -1.005099022302269E-02
946 -6.475170792484931E-03
947 -7.613230945044583E-03
948 7.975687732073510E-03
949 7.337506047668594E-03
950 -2.049128778423301E-02
951 -1.961602066941785E-02
952 -2.963069357444389E-03
953 -4.070389810181421E-03
954 -1.760763190060214E-02
955 -1.662072811813946E-02
956 -2.295707354071932E-02
957 -2.222600371599015E-02
958 8.882950192331571E-03
959 8.330567301735824E-03
960 3.673238976005121E-04
961 -6.724284341038525E-04
962 3.406117380605595E-03
963 2.467755046269858E-03
964 7.168410501226980E-03
965 6.442868850706690E-03
966 9.569854627209759E-03
967 9.111426780770922E-03
968 -1.463844865949993E-02
969 -1.357171785232745E-02
970 1.019097416884324E-02
971 9.831051555625404E-03
972 6.072732294616910E-03
973 5.265817074327704E-03
974 -7.612644358079515E-03
975 -6.474538099147100E-03
976 1.074425529299388E-02
977 1.048692728299978E-02
978 -2.491493707201819E-02
979 -2.435525634963361E-02
980 -2.670513219334702E-02
981 -2.653404545971572E-02
982 -4.070959348837829E-03
983 -2.963748186804564E-03
984 5.265857818220631E-03
985 6.072728377245941E-03
986 -2.658800323893267E-02
987 -2.621736076475305E-02
988 -6.734340768373204E-04
989 3.663292610322911E-04
990 2.468607543050791E-03
991 3.407055735437216E-03
992 -1.005104540689759E-02
993 -1.118202414949017E-02
994 7.337457807981378E-03
995 7.975634097864212E-03
996 -2.222593872296801E-02
997 -2.295707560748008E-02
998 -1.662073587866253E-02
999 -1.760763864914903E-02
1000 -1.357172701905399E-02
1001 -1.463845712476562E-02
1002 -2.435546102591281E-02
1003 -2.491354784447913E-02
1004 6.442031355112918E-03
1005 7.167528889889590E-03
1006 1.048692993454971E-02
1007 1.074425073747057E-02
1008 -2.616358332435104E-02
1009 -2.632641007867944E-02
1010 -1.961604066172898E-02
1011 -2.049120856841659E-02
1012 8.291753555798229E-03
1013 8.843504867108574E-03
1014 -2.527980881321068E-02
1015 -2.564281433023460E-02
1016 -2.647615266556917E-02
1017 -2.675336770365532E-02
1018 9.111235597496131E-03
1019 9.569808778726242E-03
1020 9.831135672018371E-03
1021 1.019098646508139E-02
1022 -4.283486855934788E-03
1023 -7.889948133487448E-03
1024 -4.282885848899251E-03
1025 -7.889538020787498E-03
1026 -7.859039095015865E-03
1027 -1.341522100854780E-02
1028 -1.310127238057599E-02
1029 -7.860504265313170E-03
1030 2.535135064376032E-03
1031 2.071513206128220E-03
1032 3.074492299297826E-03
1033 3.524448545241973E-03
1034 1.584036947626225E-03
1035 4.050578951529813E-03
1036 1.583235256804259E-03
1037 2.497488923463494E-03
1038 2.070723832248086E-03
1039 -1.955350404720609E-02
1040 4.050599335872572E-03
1041 -1.978193397772440E-02
1042 3.034729611266558E-03
1043 3.524363770248444E-03
1044 -2.779587394997177E-02
1045 1.092281820377437E-02
1046 -1.348188089470559E-02
1047 -1.379811195045690E-02
1048 -7.904548974979844E-03
1049 -1.379708326513611E-02
1050 -1.348092861416265E-02
1051 -7.910719129212183E-03
1052 -1.216730391429843E-03
1053 1.080178259703969E-02
1054 1.063724205149325E-02
1055 1.063724019800402E-02
1056 1.080177233833419E-02
1057 -1.216806593582416E-03
1058 -1.398610918277144E-02
1059 -1.377507386505049E-02
1060 -1.381400612839039E-02
1061 -1.402439089603723E-02
1062 -7.990353751479573E-03
1063 -7.985155947580622E-03
1064 -1.410836210746510E-02
1065 -1.399882957496420E-02
1066 -1.399877815430645E-02
1067 -1.410838704652785E-02
1068 -8.038407630788717E-03
1069 -1.422894843295584E-02
1070 -1.413071563327255E-02
1071 -1.413072285222267E-02
1072 -1.422896092088828E-02
1073 -1.184399068381743E-02
1074 -8.076201669065662E-03
1075 -1.184306515362738E-02
1076 6.806053995705829E-04
1077 6.793187421992948E-04
1078 -1.082697229331640E-02
1079 -1.137336965327135E-02
1080 -1.137428142454932E-02
1081 -1.082590190765187E-02
1082 -9.711229828357513E-03
1083 -8.552055934910339E-03
1084 -9.710917280777057E-03
1085 -1.029942884668258E-02
1086 -1.030002890898564E-02
1087 -7.392845426418272E-03
1088 -9.143592381642661E-03
1089 -4.657077836226859E-03
1090 -4.657101491777380E-03
1091 -9.143669677145073E-03
1092 -8.069141969533362E-03
1093 -8.029886851594299E-03
1094 -2.219759521363400E-03
1095 -2.218325272187831E-03
1096 -7.392360414403629E-03
1097 -8.551875501400737E-03
1098 -7.963721734087513E-03
1099 -7.963386417039850E-03
1100 -1.608718430530046E-03
1101 -1.554179077063399E-03
1102 -2.553172402770743E-03
1103 -6.803268828687174E-03
1104 -6.803356031991009E-03
1105 -6.193311636275472E-03
1106 -6.193315607893291E-03
1107 -5.604833305221360E-03
1108 -2.238737027662113E-03
1109 -5.604834079892392E-03
1110 -3.071572440473877E-03
1111 -3.552775551536894E-03
1112 -3.552166568401909E-03
1113 -1.791006863902956E-03
1114 -1.839494046073791E-03
1115 -4.099812170040189E-03
1116 -4.099932273768954E-03
1117 -2.552004490691869E-03
1118 -8.068250893758826E-03
1119 -8.068191125910930E-03
1120 -3.073158069194306E-03
1121 3.803596121870915E-03
1122 4.674367924779490E-03
1123 3.804951706045045E-03
1124 4.675709046421921E-03
1125 1.267951065453000E-02
1126 8.305322544412813E-04
1127 1.816076112136533E-03
1128 8.313620552548549E-04
1129 1.816842903705156E-03
1130 -2.675833034782477E-02
1131 -2.648005912972700E-02
1132 -2.422556634503013E-03
1133 -1.353130198735357E-03
1134 -2.423683659660566E-03
1135 -1.354307182961045E-03
1136 -5.871384947160930E-03
1137 -4.753485312099572E-03
1138 -5.870964278693429E-03
1139 -4.753134867872837E-03
1140 -9.400198257238351E-03
1141 -8.270920924638627E-03
1142 -8.271147143763135E-03
1143 -9.400359471193566E-03
1144 -1.289521299162971E-02
1145 -1.179008975185116E-02
1146 -1.179011294214534E-02
1147 -1.289523739750533E-02
1148 -1.761624099269508E-02
1149 -1.129957444355904E-02
1150 -1.129937180325837E-02
1151 -1.761585477464410E-02
1152 -1.667901735728843E-02
1153 -1.562002824434210E-02
1154 -2.656831924702324E-02
1155 -2.704728887416692E-02
1156 -1.667902542196194E-02
1157 -1.562003703901556E-02
1158 -2.642524914712392E-02
1159 -2.690542891709452E-02
1160 -2.452240568587925E-02
1161 -2.519560077119113E-02
1162 -2.452238364985773E-02
1163 -2.519535613027934E-02
1164 -1.991586164901556E-02
1165 -1.894302656602651E-02
1166 -1.894303252407146E-02
1167 -1.991586544965027E-02
1168 -2.280538080721906E-02
1169 -2.196756936146568E-02
1170 -2.280581211151601E-02
1171 -2.196802885666681E-02
1172 4.220834388113529E-03
1173 4.220831053438630E-03
1174 -2.086659494603557E-03
1175 1.100161570789222E-03
1176 -5.329437467310962E-03
1177 -5.329635220682793E-03
1178 1.099970941971113E-03
1179 -2.062514271434753E-02
1180 -1.894337270603937E-03
1181 -1.870460472295768E-03
1182 -1.894355214854259E-03
1183 -1.870513952569025E-03
1184 -2.153631145888808E-03
1185 -2.153443302452994E-03
1186 -2.775704075870028E-02
1187 -2.178342006723038E-03
1188 -2.422876613085973E-03
1189 -2.383816909867805E-03
1190 -2.138849160420637E-03
1191 -1.413053421952175E-02
1192 -2.231650886880756E-03
1193 -1.572808001685430E-03
1194 -2.405645467483083E-03
1195 -2.613780127515950E-03
1196 -6.932537856867399E-03
1197 -7.450720338150210E-03
1198 -2.652519262998044E-03
1199 -2.405236385316887E-03
1200 -2.017171181074658E-03
1201 -2.017162489237954E-03
1202 -2.540396375828731E-03
1203 -2.871894981334382E-03
1204 -2.876775873522331E-03
1205 -2.583752104528761E-03
1206 -2.898430987887320E-02
1207 -2.906159464085187E-02
1208 -2.906148448242317E-02
1209 -2.898462977547080E-02
1210 -3.007234712689612E-03
1211 -2.861683973390348E-03
1212 -2.860458352050338E-03
1213 -3.005169191969614E-03
1214 -2.974972033812675E-03
1215 -2.976043774212684E-03
1216 1.307622573143834E-02
1217 1.289625855071663E-02
1218 1.289621055066814E-02
1219 1.307631081558206E-02
1220 -4.114807146203330E-03
1221 -6.374165723659222E-03
1222 -1.139344228815705E-02
1223 -1.701235330214491E-02
1224 -8.246317138462501E-03
1225 -8.246342583657897E-03
1226 6.184636524746681E-03
1227 6.184631412693833E-03
1228 -1.454164749810960E-02
1229 -1.534695610235703E-02
1230 -8.460475997562399E-03
1231 9.150318943462581E-04
1232 3.007590551564740E-03
1233 9.150449086527139E-04
1234 3.007523131974055E-03
1235 6.398358074731509E-03
1236 6.398196881462022E-03
1237 -2.097626070971739E-02
1238 -2.277870844393837E-02
1239 -2.277836537408083E-02
1240 -2.245738639371634E-02
1241 -2.245737633524034E-02
1242 7.893314326498561E-03
1243 3.091698191171309E-03
1244 -1.642606592467399E-02
1245 -1.912723287454638E-03
1246 -2.063220950986904E-03
1247 -5.250736845162456E-03
1248 -5.250764907972902E-03
1249 -2.063231043279288E-03
1250 -1.194649814738132E-02
1251 -7.437522973161918E-03
1252 -1.040600520525968E-03
1253 -5.516618010126892E-03
1254 -8.146972442552868E-03
1255 -8.146957651128104E-03
1256 -1.729750649746634E-02
1257 -1.937211478551873E-02
1258 -1.729751524940427E-02
1259 -1.937195384887514E-02
1260 -1.538531148711148E-02
1261 -1.428032725689189E-02
1262 -1.428031674241036E-02
1263 -1.119960479939619E-02
1264 -1.119957548785955E-02
1265 -9.049440696230805E-03
1266 -3.746283658317751E-03
$EndNodeData
$NodeData
1
"S3"
1
0.0
3
0
1
1266
1 1.435028463942498E-04
2 -1.961105307270402E-04
3 2.269220515794778E-05
4 1.962624737783228E-04
5 -1.435385920022238E-04
6 1.401358119258193E-06
7 -2.427882489755613E-05
8 1.493294692446135E-04
9 2.823254022251731E-05
10 -1.324492958265643E-04
11 1.754153956399827E-04
12 9.596025290959535E-05
13 -5.326071642031274E-05
14 -1.889992574337236E-04
15 1.555610149115288E-05
16 2.379611952181405E-05
17 2.584963059597845E-05
18 3.206908073952793E-05
19 3.900196051441856E-05
20 4.668028601371430E-05
21 5.319317651997842E-05
22 5.947103056898272E-05
23 6.334979789425516E-05
24 6.717087363689062E-05
25 7.135392599597364E-05
26 7.513817307768651E-05
27 7.821741577895238E-05
28 8.062029007159002E-05
29 8.238088496469679E-05
30 8.337828407585704E-05
31 8.378294493695060E-05
32 8.334817103700723E-05
33 8.225147960721031E-05
34 8.047604371920316E-05
35 7.802500444954221E-05
36 7.479287896746600E-05
37 7.097907984741896E-05
38 6.668540069029330E-05
39 6.074649304609947E-05
40 5.542150205942886E-05
41 4.902079809572627E-05
42 4.228537815091446E-05
43 3.555755139656252E-05
44 3.304915004292466E-05
45 1.987001110521524E-05
46 3.537568163077977E-06
47 -5.241245653788686E-05
48 2.134546469012035E-05
49 2.886026591993414E-05
50 3.465380667725172E-05
51 4.300626838418487E-05
52 5.177760344195992E-05
53 6.020471546334946E-05
54 6.875777289089806E-05
55 7.602367143793272E-05
56 8.081543163898069E-05
57 8.523699030786004E-05
58 9.060795531702061E-05
59 9.470058602318714E-05
60 9.857504297716475E-05
61 1.010282617323246E-04
62 1.032386837877897E-04
63 1.039316486466806E-04
64 1.044218263384855E-04
65 1.031758352762474E-04
66 1.023390336215191E-04
67 9.909750686156112E-05
68 9.645957990159530E-05
69 9.140447676504584E-05
70 8.690483370476467E-05
71 8.029762739661591E-05
72 7.322951462660259E-05
73 6.617835797194006E-05
74 5.765232427592687E-05
75 4.877211430895096E-05
76 3.848652743489899E-05
77 3.479078865202205E-05
78 2.177229340318090E-05
79 1.048315642920800E-05
80 9.535166078733256E-07
81 -1.462834067641972E-05
82 -2.100697981778951E-05
83 -2.714631670178802E-05
84 -3.496316151929385E-05
85 -4.239330761810954E-05
86 -4.899199568824405E-05
87 -5.542722714718800E-05
88 -6.074957664336541E-05
89 -6.668110965230122E-05
90 -7.100000080591925E-05
91 -7.479640716879297E-05
92 -7.802490064572522E-05
93 -8.047642576756017E-05
94 -8.225275669121008E-05
95 -8.333282134140791E-05
96 -8.380327744470557E-05
97 -8.341822813231575E-05
98 -8.238462582859480E-05
99 -8.059976549155676E-05
100 -7.815483054867393E-05
101 -7.509432919849971E-05
102 -7.135573886254958E-05
103 -6.720852534894765E-05
104 -6.338129936969683E-05
105 -5.945800741393567E-05
106 -5.319042477020006E-05
107 -4.668442908071475E-05
108 -3.901884998691271E-05
109 -3.205589033780591E-05
110 -2.584528855374554E-05
111 -2.380057772843217E-05
112 -1.554547089120504E-05
113 -1.777491262797477E-05
114 -1.564214598385873E-05
115 -2.983037476335993E-05
116 -3.930840132354101E-05
117 -4.908182818951865E-05
118 -5.768361700646831E-05
119 -6.615373357962913E-05
120 -7.323255082829745E-05
121 -8.033249509917913E-05
122 -8.694958042993521E-05
123 -9.142128472713680E-05
124 -9.646128832039318E-05
125 -9.909725483554344E-05
126 -1.023421106169342E-04
127 -1.031951374720933E-04
128 -1.044383511039085E-04
129 -1.039383961512087E-04
130 -1.032215258999064E-04
131 -1.009627552403014E-04
132 -9.852891867496625E-05
133 -9.469356099055503E-05
134 -9.062135046157691E-05
135 -8.528434775504766E-05
136 -8.084166270440835E-05
137 -7.602142702859133E-05
138 -6.874101047302629E-05
139 -6.019178448071534E-05
140 -5.178948671042750E-05
141 -4.301708715173687E-05
142 -3.462474104640954E-05
143 -2.886776860677709E-05
144 -2.134973267700042E-05
145 5.259252165290890E-05
146 1.323531320014530E-04
147 -2.824069556655339E-05
148 -1.492658237755296E-04
149 1.889740227642885E-04
150 5.324954979652807E-05
151 -9.593546272088806E-05
152 -1.753788535663832E-04
153 3.353699340115016E-06
154 -1.082444974782101E-05
155 -2.256410158476582E-05
156 -3.228314904855184E-05
157 -4.023394808517860E-05
158 -4.730228623509158E-05
159 -5.213025554340470E-05
160 -5.412296938170280E-05
161 -5.899063955667640E-05
162 -6.439134162779669E-05
163 -6.737455609936868E-05
164 -7.228311241258450E-05
165 -7.343771183704295E-05
166 -7.738938970506295E-05
167 -7.705620205259764E-05
168 -7.993054261678373E-05
169 -7.818165165789304E-05
170 -7.996530346539836E-05
171 -7.692555671574051E-05
172 -7.678226678604032E-05
173 -6.156282853249697E-05
174 -6.147554902075487E-05
175 -5.594142483438027E-05
176 -5.563955802191170E-05
177 -4.776832092172345E-05
178 -4.776760659239285E-05
179 -3.806681652096760E-05
180 -3.837484200843635E-05
181 -2.683584863072320E-05
182 -2.559176793544001E-05
183 -1.962221309461698E-05
184 -1.399334367539417E-05
185 -4.357711409960398E-06
186 -4.351196455725792E-05
187 -1.125703797532907E-05
188 -2.171207536197752E-05
189 -3.469316680618330E-05
190 -4.544404644892560E-05
191 -5.466626462572258E-05
192 -6.264544296182279E-05
193 -6.717832860678974E-05
194 -7.198764363821087E-05
195 -7.791196013178238E-05
196 -8.169404297224564E-05
197 -8.685355534660330E-05
198 -8.963385457670443E-05
199 -9.336527092014764E-05
200 -9.443129280693632E-05
201 -9.657615923696368E-05
202 -9.605125403100261E-05
203 -9.652423764177220E-05
204 -9.443683576955083E-05
205 -9.352327961303920E-05
206 -8.244454806104425E-05
207 -6.634631026147967E-05
208 -8.283970522709342E-05
209 -6.253421415598869E-05
210 -7.300530673143612E-05
211 -5.342886661839803E-05
212 -6.046657653896583E-05
213 -4.272813081486435E-05
214 -4.566569696614415E-05
215 -2.818253195927260E-05
216 -2.627329788300531E-05
217 -2.032219830298867E-05
218 -1.326858907876861E-05
219 -2.412671725090828E-06
220 8.157421882156351E-06
221 2.023484862255997E-05
222 2.303946630103938E-05
223 3.360366486710358E-05
224 2.750859018717625E-05
225 3.852904818618639E-05
226 3.806660705388023E-05
227 4.774202058214502E-05
228 4.777549062126828E-05
229 5.564547616349855E-05
230 5.594140824187360E-05
231 6.147549878209530E-05
232 6.156283875392300E-05
233 7.678193326221635E-05
234 7.692127063055948E-05
235 7.997016534917224E-05
236 7.820868257457485E-05
237 7.995950230959389E-05
238 7.704880070376399E-05
239 7.735931845681341E-05
240 7.340938061398835E-05
241 7.225764113969136E-05
242 6.738471878095342E-05
243 6.441066469258223E-05
244 5.899284016688097E-05
245 5.411382810831280E-05
246 5.212282141475906E-05
247 4.690184512915461E-05
248 4.003204048262288E-05
249 3.227493961957926E-05
250 2.256544051516272E-05
251 1.082600056835557E-05
252 -3.358001697178043E-06
253 5.437261403450897E-06
254 1.728747915648017E-05
255 2.615666529710321E-05
256 3.610177353853044E-05
257 3.198879705701096E-05
258 4.560549588312161E-05
259 4.274528577448114E-05
260 6.046473303165620E-05
261 5.341731782193967E-05
262 7.299211738163597E-05
263 6.253577655405631E-05
264 8.283954436156267E-05
265 6.634630399380911E-05
266 8.244442535775396E-05
267 9.352154692701885E-05
268 9.443034889620860E-05
269 9.650991277203400E-05
270 9.605109438328792E-05
271 9.661349112728008E-05
272 9.446675892467584E-05
273 9.336286830127853E-05
274 8.961958176784876E-05
275 8.682176391620377E-05
276 8.166476965407243E-05
277 7.792537757938921E-05
278 7.199756739282390E-05
279 6.717249119550539E-05
280 6.251582434347604E-05
281 5.422863018199439E-05
282 4.534524857505683E-05
283 3.470418199159189E-05
284 2.171136408454154E-05
285 1.126023771898521E-05
286 4.345100255749637E-05
287 2.132118368765097E-06
288 3.649207005152163E-04
289 -3.649031425858194E-04
290 6.573393734865167E-04
291 -6.571907830021025E-04
292 9.136276243768842E-04
293 -9.136671667812893E-04
294 1.102925170247828E-03
295 -1.102917653354134E-03
296 1.282246509313221E-03
297 -1.282096995716771E-03
298 1.413740622991661E-03
299 -1.413963282244619E-03
300 1.496941628154078E-03
301 -1.497028225691745E-03
302 1.529493439507380E-03
303 -1.529311977816737E-03
304 -1.510939123314059E-03
305 1.510904897644639E-03
306 -2.494446164876307E-04
307 2.357369099889188E-04
308 -1.438075957871681E-03
309 -5.074705582394746E-04
310 1.438075028904455E-03
311 5.553578008456929E-04
312 -1.387942708261137E-03
313 -7.800841280101979E-04
314 1.387942294647294E-03
315 7.789794703597695E-04
316 -1.223724103542345E-03
317 -1.018925648554586E-03
318 1.018896602364133E-03
319 1.223730234891043E-03
320 2.252751928938020E-04
321 -2.252772752389030E-04
322 5.247487961060248E-04
323 -5.249712226699429E-04
324 7.921116468131480E-04
325 -7.921938962667793E-04
326 1.036778665191284E-03
327 -1.036592943227864E-03
328 1.238344175309363E-03
329 -1.238412857537706E-03
330 1.643583783193913E-04
331 -1.643458948459928E-04
332 1.398758290442855E-03
333 -1.398605751320611E-03
334 1.511309099076800E-03
335 -1.511214493642494E-03
336 1.571742082675387E-03
337 -1.571890922037909E-03
338 1.578230410754082E-03
339 -1.578247043939822E-03
340 1.527725355739065E-03
341 -4.321371008249356E-04
342 -1.527728074473831E-03
343 4.712263332050959E-04
344 1.425558611242348E-03
345 -7.113951003334102E-04
346 -1.425559640505157E-03
347 7.126566176991379E-04
348 -9.639399301683825E-04
349 1.274418362347401E-03
350 -1.274557560872868E-03
351 9.639867622233633E-04
352 1.269406372914106E-04
353 7.093290169725410E-05
354 -8.885464556338111E-05
355 -1.453925583779953E-05
356 2.446770820914716E-04
357 -3.918300855197643E-04
358 3.918353092024597E-04
359 -6.570714020251145E-04
360 1.552493756693501E-03
361 2.017838605765609E-03
362 -1.540286622156120E-03
363 -2.033910999738726E-03
364 8.374762066707938E-04
365 1.173602359376238E-03
366 -1.318256197966651E-03
367 -1.774382953219497E-03
368 5.844006536943323E-04
369 8.493797414132080E-04
370 1.348834835468390E-03
371 1.713817593743680E-03
372 1.478528382957378E-03
373 1.901353562606293E-03
374 -9.148383601099397E-04
375 1.573325919821439E-03
376 2.060644360452044E-03
377 -5.729116022302781E-04
378 -8.375367550733434E-04
379 -1.454241529081010E-03
380 -1.937485518001628E-03
381 -1.146908644278019E-03
382 -1.544094909351570E-03
383 -1.573513251410374E-03
384 -2.060641790530510E-03
385 -8.373908310435143E-04
386 -1.173633657738813E-03
387 -1.552505675656367E-03
388 -2.017844326561182E-03
389 -1.478528258838377E-03
390 -1.901354341980544E-03
391 1.146927129897782E-03
392 1.544145125773020E-03
393 9.149781453513913E-04
394 6.568774731039446E-04
395 1.318153250066681E-03
396 1.774423189814834E-03
397 1.540440169931869E-03
398 2.033885444796828E-03
399 1.454419235928057E-03
400 1.937422457637305E-03
401 -1.348872590658833E-03
402 -1.713810937840381E-03
403 -1.178298705416071E-03
404 -1.071319516158993E-03
405 -1.470068094460963E-03
406 1.178589317988639E-03
407 1.071374283876545E-03
408 1.470550907745017E-03
409 -3.110988902882750E-04
410 -4.634520559941342E-04
411 7.862202576191090E-04
412 5.148288161967545E-04
413 1.005355943395225E-03
414 -1.005476926335154E-03
415 3.759178860075747E-04
416 -7.895440349754181E-04
417 -5.147894395786274E-04
418 2.674328735060975E-04
419 -1.028115774190849E-04
420 1.027919188257446E-04
421 2.293829850225247E-04
422 4.005308364465663E-04
423 -2.293750699159694E-04
424 -4.005364746078550E-04
425 5.952569305575168E-05
426 5.842604403516864E-04
427 -5.842593981975548E-04
428 7.632366736171695E-04
429 -7.622583114511224E-04
430 9.366060543912908E-04
431 -9.363217227453974E-04
432 1.101172335623941E-03
433 -1.101014250206738E-03
434 -9.552762413682387E-05
435 -1.259152216808875E-03
436 1.259166027019325E-03
437 1.409272619828356E-03
438 -1.409223871928494E-03
439 4.173321764595961E-04
440 -1.860127833682020E-04
441 1.219351607606749E-03
442 -1.219105667569938E-03
443 1.669128115616385E-03
444 -1.669062000314457E-03
445 -1.383515937610166E-03
446 1.383317138864536E-03
447 -1.864516906209984E-03
448 1.864471901613657E-03
449 -3.926483311260929E-04
450 1.495273913962198E-03
451 -1.495588653342476E-03
452 -1.995154613373193E-03
453 1.995102996932399E-03
454 1.556415108443307E-03
455 -1.556220700924197E-03
456 2.057332515497880E-03
457 -2.057330411769538E-03
458 -1.564438292697406E-03
459 1.564496813405244E-03
460 2.049053789773760E-03
461 -2.049052017730797E-03
462 5.616691828198025E-04
463 -1.519708680984550E-03
464 1.519700400551035E-03
465 -1.969564464674169E-03
466 -6.437358128053869E-04
467 1.969563254930941E-03
468 -1.791944061711279E-03
469 1.791946285091160E-03
470 -9.997745687182757E-04
471 1.003113686227388E-03
472 1.314168598838820E-03
473 -1.313953985635888E-03
474 -1.200216287233890E-03
475 -5.369933552390305E-04
476 1.200215641674478E-03
477 5.496264580993600E-04
478 -1.581011361728342E-03
479 1.581097833637350E-03
480 -7.551961447559527E-04
481 7.549931258838315E-04
482 -1.099285335497616E-03
483 1.099279607704431E-03
484 9.432390999064944E-04
485 -9.431679846435093E-04
486 -7.700982101820329E-05
487 -2.212883827252823E-04
488 -3.194185411658015E-04
489 1.308180427622310E-05
490 -1.310711292236255E-05
491 -1.383794883549679E-04
492 1.383908015405846E-04
493 1.320890219331175E-04
494 2.540022892169419E-04
495 -2.540038700227638E-04
496 6.898331731763227E-04
497 -1.490780028181160E-03
498 -1.728548062077698E-03
499 -1.729871157835647E-03
500 1.490775513083797E-03
501 1.729867182024116E-03
502 1.728546809618996E-03
503 -1.770257933720491E-03
504 -2.004367088752497E-03
505 1.770253469555263E-03
506 2.004366798164928E-03
507 -4.545840500866322E-04
508 -5.139613298778306E-04
509 -5.815212507303060E-04
510 -4.274971629545429E-04
511 -5.570893491592774E-04
512 2.211302652964481E-05
513 -4.489691915846176E-05
514 -8.395048866413657E-06
515 1.549960366466454E-03
516 1.786283472693691E-03
517 1.789693337014230E-03
518 -1.549964759654562E-03
519 -1.789679971602306E-03
520 -1.786271673398064E-03
521 -1.813482440707301E-03
522 -2.067513066676126E-03
523 1.813564368248494E-03
524 2.067477128193955E-03
525 1.612992684869386E-03
526 1.284994086046624E-03
527 1.614721882895723E-03
528 -8.011180090308903E-04
529 -6.509106327621042E-04
530 -7.162780901265413E-04
531 -1.612992665896801E-03
532 -1.614722722233866E-03
533 -1.284994645601421E-03
534 8.044055436011493E-04
535 7.267125823691291E-04
536 6.584808724245381E-04
537 1.835991813275964E-03
538 1.660153855599946E-03
539 -1.660152902316326E-03
540 -1.835992552392951E-03
541 -9.130130636533405E-04
542 -9.288464052103476E-04
543 9.284965021710430E-04
544 9.233075908209817E-04
545 2.690295042829778E-05
546 -3.368991361426800E-05
547 1.795543912466432E-03
548 2.058633929944908E-03
549 1.786770038450299E-03
550 1.556240149249383E-03
551 1.802226379046831E-03
552 1.081384376069630E-03
553 1.218219426547413E-03
554 1.239986300400105E-03
555 -1.081301976069399E-03
556 -1.239776967655577E-03
557 -1.218028643752637E-03
558 -1.556052253401742E-03
559 -1.802140706932664E-03
560 -1.786694390937646E-03
561 -1.795507825222878E-03
562 -2.058609175314256E-03
563 -8.790355733659589E-04
564 -1.005869367685968E-03
565 1.005781312249019E-03
566 8.789658315562084E-04
567 -1.437009656948605E-03
568 -1.464331857012972E-03
569 -1.641902797847187E-03
570 1.437044515502692E-03
571 1.641926382208486E-03
572 1.464277131871341E-03
573 1.155478705890462E-03
574 1.466842704672978E-03
575 -1.466851059626936E-03
576 -1.155467848805065E-03
577 -5.423381887957700E-05
578 -1.335149930683662E-04
579 -1.586414705158990E-04
580 -1.716959321731739E-03
581 -1.725983074734378E-03
582 -1.979125354340962E-03
583 1.214859007660644E-03
584 1.389931602172988E-03
585 -1.509875058749227E-03
586 -1.754086779040790E-03
587 1.716716283825009E-03
588 1.979089128565007E-03
589 1.725853497800840E-03
590 1.509702272222990E-03
591 1.753974525281553E-03
592 9.782880663325986E-04
593 1.258520968557765E-03
594 -1.324420407857415E-03
595 -1.523063268866458E-03
596 -1.214564312591907E-03
597 -1.389666832256024E-03
598 -1.258245311448483E-03
599 -9.784647156453566E-04
600 -1.076818845880457E-03
601 1.324588378293971E-03
602 1.523438880844538E-03
603 1.077046459501383E-03
604 -1.343706602830167E-03
605 -1.267220604291155E-03
606 -1.487817128710017E-03
607 1.343714624744341E-03
608 1.487874014798515E-03
609 1.267258775227118E-03
610 -1.579835665080283E-03
611 -1.605629317228683E-03
612 -1.831442605284341E-03
613 1.579797812750485E-03
614 1.831409754347783E-03
615 1.605534589449158E-03
616 -1.411976609622267E-03
617 -1.646631705313824E-03
618 -1.521326691730586E-03
619 -1.752663413122774E-03
620 1.521328880853198E-03
621 1.752672922361077E-03
622 1.411765863219828E-03
623 1.646491679455933E-03
624 9.509936898694439E-04
625 1.087834901936581E-03
626 -9.503113721172511E-04
627 -1.086610348589672E-03
628 -1.239337217595550E-03
629 1.239335889384560E-03
630 7.681971657591345E-04
631 -7.681412105230689E-04
632 -1.524096410383253E-04
633 -2.633464280205914E-04
634 6.032702554235390E-05
635 6.997415642236155E-05
636 1.381270775617044E-03
637 1.618051848455651E-03
638 1.427451668438323E-03
639 3.727038749550009E-04
640 3.395177129339960E-04
641 4.399182953526836E-04
642 -1.381116015999814E-03
643 -1.427323758348776E-03
644 -1.617982006739616E-03
645 -1.643895125823600E-03
646 -1.940729750068239E-03
647 -6.596486691198978E-04
648 -7.425159237484874E-04
649 1.643894183941951E-03
650 1.940729130155532E-03
651 1.263428757483082E-03
652 1.482030277486179E-03
653 -4.860407868067112E-05
654 -1.263240671449660E-03
655 -1.481909565688033E-03
656 -1.326596991637312E-03
657 6.806763327549745E-04
658 5.548822120615845E-04
659 -5.296701799089730E-04
660 1.326596292466944E-03
661 -1.310720566751862E-03
662 -1.261485332894195E-03
663 1.310766729917284E-03
664 1.261513307710811E-03
665 -3.482591174882107E-04
666 -3.231447739145641E-04
667 4.975783561146409E-04
668 5.287927496094622E-04
669 -2.905853409663687E-04
670 -3.924188084192723E-04
671 -1.753439846221285E-03
672 -2.046136195015994E-03
673 1.753425448865544E-03
674 2.046119609093449E-03
675 2.522571568508998E-05
676 7.247095439121253E-05
677 -1.530231139823874E-03
678 1.530208508801177E-03
679 1.765292999667793E-04
680 2.562465418048255E-04
681 1.972051562341410E-04
682 1.245666870906566E-04
683 1.785731989748583E-03
684 2.073189799145500E-03
685 7.656320626904871E-04
686 6.401897908612961E-04
687 -1.785653150482644E-03
688 -2.073178983594267E-03
689 1.561790516506263E-03
690 -1.561684946212283E-03
691 -2.120324873733688E-04
692 -3.746435217071556E-04
693 -1.773418185646323E-04
694 2.429063792973161E-04
695 3.211707136784531E-04
696 3.367576021683409E-04
697 2.927524843647040E-05
698 1.058580384788946E-04
699 1.874767867571901E-04
700 1.833752619646810E-04
701 -1.755915822865880E-03
702 -2.028726442858812E-03
703 1.755879853361944E-03
704 2.028721833295335E-03
705 -3.860562983648372E-05
706 -8.601262742918813E-06
707 -1.541615091616830E-03
708 1.541686917371633E-03
709 -4.566313648343604E-04
710 -3.810142906524782E-04
711 -1.665891452259321E-03
712 -1.914619100442985E-03
713 -1.101981793945273E-03
714 -1.221160570846821E-03
715 1.102080790569939E-03
716 1.221271896907515E-03
717 1.665738697666293E-03
718 1.914539277977670E-03
719 5.145355310550998E-04
720 1.025564689344278E-03
721 5.490997945268071E-04
722 9.136546337517869E-04
723 1.006094915532349E-03
724 1.086558498971434E-03
725 6.559782447644563E-04
726 7.153869694988713E-04
727 8.024447994348476E-04
728 -1.371575306191242E-03
729 -1.543915506943329E-03
730 -1.573537728784752E-03
731 1.472267966100987E-03
732 1.672052261798798E-03
733 1.700179579469071E-03
734 -6.515049082321568E-04
735 -7.894817617318923E-04
736 -6.979912622380197E-04
737 -1.204278213419497E-03
738 -1.382380239212749E-03
739 -9.137106192797930E-04
740 -1.086506801683061E-03
741 -1.006342908274107E-03
742 -1.591561204554626E-03
743 -1.817524189204712E-03
744 -1.801361915657226E-03
745 -1.472267746963400E-03
746 -1.700179830241903E-03
747 -1.672053077003785E-03
748 1.204256866074265E-03
749 1.382371786373726E-03
750 1.571450270281831E-03
751 1.786358988122442E-03
752 1.786117094949767E-03
753 1.497352685540937E-03
754 1.709722522095586E-03
755 1.693982134489897E-03
756 -1.304893065583519E-04
757 -3.146816737449078E-04
758 -2.015973690600753E-04
759 1.304861677563091E-04
760 2.015947415182747E-04
761 3.146807519540542E-04
762 -7.893510111267137E-04
763 -1.540767413593802E-03
764 -8.001870486603535E-04
765 -2.786512116093393E-04
766 -5.962312518329593E-04
767 -3.389168602066098E-04
768 8.208567896738784E-04
769 8.101552546623675E-04
770 1.580839168567235E-03
771 -5.390695456809311E-04
772 -4.811541006260495E-04
773 -9.848179160030230E-04
774 4.924644234182592E-04
775 4.477720215299046E-04
776 8.192920443232885E-04
777 8.190509190632231E-04
778 1.588104037195106E-03
779 -7.259730534786056E-04
780 -6.892213186315309E-04
781 3.584593143240705E-04
782 3.182790851020705E-04
783 7.400215975632805E-04
784 7.091886850218881E-04
785 1.397360822679883E-03
786 7.494364007256954E-04
787 7.642780211043477E-04
788 -8.244013495456546E-04
789 -8.177690758392107E-04
790 -5.144507582164450E-04
791 -5.490936502635271E-04
792 -1.025457301604695E-03
793 -3.588590098937578E-04
794 -3.107650651771338E-04
795 -4.924374683851262E-04
796 -4.476623149710019E-04
797 -6.414847411743203E-04
798 -6.019664530082485E-04
799 -7.318667725378359E-04
800 -1.440344482212885E-03
801 -7.541180788860644E-04
802 -8.208157646932657E-04
803 -1.580863461669301E-03
804 -8.101743218128857E-04
805 -7.494353505456935E-04
806 -7.642778171467419E-04
807 6.413886424678195E-04
808 6.019917524060472E-04
809 4.178620248926938E-04
810 4.748144588662132E-04
811 8.612825297014953E-04
812 4.099738907273697E-04
813 7.310355500188719E-04
814 3.471644755169722E-04
815 6.483368627964391E-04
816 6.823786417695125E-04
817 1.290642049560780E-03
818 8.190604612798044E-04
819 8.022968887007658E-04
820 7.860249052585428E-04
821 7.589909171657749E-04
822 -7.400218545406845E-04
823 -1.397374609970430E-03
824 -7.092039785284495E-04
825 -1.086384402800674E-03
826 -1.137968567641589E-03
827 -6.588616937863376E-04
828 -1.235701636956674E-03
829 -6.234550730655475E-04
830 1.141050441008019E-03
831 1.276588346443423E-03
832 1.343114413762207E-03
833 -1.571448096842224E-03
834 -1.786125838258285E-03
835 -1.786423227367946E-03
836 1.556465726616711E-03
837 1.755273660099688E-03
838 1.787662639024867E-03
839 1.330220882245961E-03
840 1.502709830780908E-03
841 1.550552143803585E-03
842 1.591451225725408E-03
843 1.801311548492024E-03
844 1.817451759368210E-03
845 -1.140907503283897E-03
846 -1.342687034483138E-03
847 -1.276373156652282E-03
848 -1.497209008733063E-03
849 -1.693916101627939E-03
850 -1.709660752366005E-03
851 -1.556468438565965E-03
852 -1.787661096363866E-03
853 -1.755271212232239E-03
854 1.371595418008755E-03
855 1.573606539212991E-03
856 1.543944567389835E-03
857 -1.330314251568570E-03
858 -1.550566753637257E-03
859 -1.502731969149083E-03
860 9.849808801192031E-04
861 1.138057625411605E-03
862 1.086447728318975E-03
863 -2.698155720565072E-04
864 -2.098914009152450E-04
865 -4.622928317891294E-04
866 2.697466824826007E-04
867 4.622212490047363E-04
868 2.098976693416026E-04
869 6.057262027871553E-04
870 5.676172142185308E-04
871 -8.193958783974222E-04
872 -1.588276991551226E-03
873 -8.192106190635888E-04
874 8.243570300677438E-04
875 8.176833010787041E-04
876 -4.179335466969711E-04
877 -8.612563653701189E-04
878 -4.747454539448347E-04
879 8.010368662286756E-04
880 8.048319323188663E-04
881 2.691281395747736E-04
882 5.285809626848301E-04
883 2.913053697585335E-04
884 6.587349465040327E-04
885 6.236584910956439E-04
886 1.235738421596258E-03
887 6.728952914145598E-04
888 6.959099627163011E-04
889 7.943897250886115E-04
890 7.730629748432243E-04
891 1.519839040645715E-03
892 3.842971686841726E-04
893 7.805941282859937E-04
894 4.250918222551172E-04
895 -4.100386656847313E-04
896 -3.472341147952241E-04
897 -7.312044910941040E-04
898 -3.841921219121469E-04
899 -4.252374535346339E-04
900 -7.802277859887360E-04
901 -8.191626119418117E-04
902 -8.022299921523572E-04
903 -2.381513382132557E-04
904 -2.846528891732822E-04
905 -5.089352608825908E-04
906 -6.483710042928365E-04
907 -1.290733964640614E-03
908 -6.824959831074275E-04
909 -5.448254579704477E-04
910 -5.962383363366235E-04
911 -8.010403815631153E-04
912 -8.048243577837252E-04
913 -6.056270622489869E-04
914 -5.675205981118801E-04
915 2.786405306539042E-04
916 3.388608759743816E-04
917 5.960425043710477E-04
918 -7.943888973173279E-04
919 -1.519838190122401E-03
920 -7.730629840630775E-04
921 -7.858729421113574E-04
922 -7.589164295224188E-04
923 5.391529209579275E-04
924 4.812305938629419E-04
925 5.449434691570232E-04
926 5.962309257486858E-04
927 7.319672402979504E-04
928 7.542833044045158E-04
929 1.440513622426761E-03
930 7.893442196757857E-04
931 8.003452652886205E-04
932 1.540909440980931E-03
933 7.260763305153510E-04
934 6.891579680803881E-04
935 -6.729903575557899E-04
936 -6.959338367882538E-04
937 -1.119710392584601E-04
938 1.119732282888433E-04
939 2.359476119514797E-04
940 -1.469344072775404E-03
941 1.469085016664234E-03
942 1.000668942201210E-03
943 9.469939448616827E-04
944 -7.882036690716398E-04
945 -7.743845437067215E-04
946 7.828865871880397E-04
947 7.983961651355759E-04
948 4.672945933247950E-04
949 4.898538190921697E-04
950 -6.432839750498427E-04
951 -6.539717141807916E-04
952 7.650636998918684E-04
953 7.823013686361249E-04
954 -7.309119233635951E-04
955 -7.412101671982760E-04
956 -5.345966346422752E-04
957 -5.451677789085083E-04
958 3.985301742878875E-04
959 4.221479535709162E-04
960 7.211617164522030E-04
961 7.402550450773167E-04
962 6.524915413583952E-04
963 6.734773813354799E-04
964 5.117646133423722E-04
965 5.326595490185706E-04
966 3.309060070465044E-04
967 3.564349701756459E-04
968 -7.567044475117674E-04
969 -7.432377390581254E-04
970 2.549883988567827E-04
971 2.821085638260666E-04
972 5.604089987660475E-04
973 5.814813715301797E-04
974 -7.982438485923876E-04
975 -7.827860615142664E-04
976 1.741580586218539E-04
977 2.028074993474504E-04
978 -4.077953667972875E-04
979 -4.185840300118679E-04
980 -1.233870423394646E-04
981 -1.373968046303166E-04
982 -7.823828599702449E-04
983 -7.650988345788796E-04
984 -5.814737777811237E-04
985 -5.604133930997268E-04
986 -2.549482107127611E-04
987 -2.729056704783497E-04
988 -7.404245325780605E-04
989 -7.212655241293261E-04
990 -6.733627395103831E-04
991 -6.524158995018442E-04
992 7.743560265938948E-04
993 7.881793875509056E-04
994 -4.897688612567272E-04
995 -4.672580350746320E-04
996 5.452019652294330E-04
997 5.345935595620281E-04
998 7.412096401617197E-04
999 7.309115005564699E-04
1000 7.432375101370803E-04
1001 7.567041970843154E-04
1002 4.182749350572706E-04
1003 4.061607971129192E-04
1004 -5.327363648941737E-04
1005 -5.118408417201597E-04
1006 -2.028009120085344E-04
1007 -1.741512843613818E-04
1008 1.339894400173205E-04
1009 1.204854682929860E-04
1010 6.539763010826149E-04
1011 6.432291170180881E-04
1012 -4.245993508296121E-04
1013 -4.008430723351946E-04
1014 3.060835180377767E-04
1015 2.881263542756354E-04
1016 1.987725011859094E-04
1017 1.906862243600417E-04
1018 -3.562561534088023E-04
1019 -3.308570076036317E-04
1020 -2.821014931908253E-04
1021 -2.549839926549643E-04
1022 1.518087622758714E-03
1023 1.734062102966833E-03
1024 -1.518014426127876E-03
1025 -1.734023007452273E-03
1026 1.343782613707386E-03
1027 -9.469221521543880E-04
1028 -1.000500872977213E-03
1029 -1.343762852940636E-03
1030 8.590762993154007E-04
1031 9.701899344122585E-04
1032 7.297488542135356E-04
1033 5.927502467348439E-04
1034 1.065417382541759E-03
1035 4.445638689887597E-04
1036 -1.065477048873498E-03
1037 -8.607869483624846E-04
1038 -9.702611081280358E-04
1039 4.658905384915154E-04
1040 -4.445013753140136E-04
1041 3.099011175406076E-04
1042 -7.313650270420931E-04
1043 -5.926885403344557E-04
1044 3.575887211870393E-05
1045 1.505595020443084E-04
1046 8.566831642419770E-04
1047 7.967183065490146E-04
1048 1.188085476429626E-03
1049 -7.966764164939980E-04
1050 -8.565736817571826E-04
1051 -1.188008905584735E-03
1052 1.346302831408048E-03
1053 1.104288393259318E-04
1054 1.319804608525354E-04
1055 -1.319756787181827E-04
1056 -1.104248910876054E-04
1057 -1.346340596190715E-03
1058 -6.439777801289726E-04
1059 -7.042144909580165E-04
1060 7.041863332329955E-04
1061 6.438330411366888E-04
1062 -1.025517098233529E-03
1063 1.025814521946058E-03
1064 -4.872049148127617E-04
1065 -5.500722379679576E-04
1066 5.500612627670029E-04
1067 4.872370730807391E-04
1068 -8.554428080545496E-04
1069 -3.106668400250854E-04
1070 -3.935252115575356E-04
1071 3.935248754307635E-04
1072 3.106622917583203E-04
1073 1.451761318708081E-03
1074 8.559917889473922E-04
1075 -1.451733716260983E-03
1076 -1.173244351490274E-03
1077 1.173369833633661E-03
1078 -1.628824724422243E-03
1079 -1.483408927256392E-03
1080 1.483404273231291E-03
1081 1.628890989586088E-03
1082 1.751022055710122E-03
1083 1.813511274366656E-03
1084 -1.751051927687047E-03
1085 1.648028446891398E-03
1086 -1.647961461453451E-03
1087 -1.814305406242732E-03
1088 1.754783302452821E-03
1089 1.571971290883840E-03
1090 -1.571974346184341E-03
1091 -1.754745543294884E-03
1092 6.783882274535246E-04
1093 -6.778573928414809E-04
1094 1.104320861001382E-03
1095 -1.104226709137392E-03
1096 1.814317099861847E-03
1097 -1.813587829843287E-03
1098 -1.800870068132510E-03
1099 1.800776700453835E-03
1100 8.295594940661949E-04
1101 -8.257022685309288E-04
1102 1.172704857488087E-03
1103 1.784720490608826E-03
1104 -1.784722304101929E-03
1105 1.739152148052439E-03
1106 -1.739152875259305E-03
1107 1.699895549694965E-03
1108 -6.111566629674987E-04
1109 -1.699895457713799E-03
1110 -1.342725509976804E-03
1111 -1.398302994490212E-03
1112 1.398336584798895E-03
1113 -9.067661547902152E-04
1114 9.092092044022515E-04
1115 1.532528714512892E-03
1116 -1.532539480075711E-03
1117 -1.172534998965142E-03
1118 4.966291470290424E-04
1119 -4.966555757223582E-04
1120 1.342889316886609E-03
1121 6.470046112540177E-04
1122 6.245393384680136E-04
1123 -6.468222634052007E-04
1124 -6.244091539342250E-04
1125 -2.239573693129976E-05
1126 -7.326367702545603E-04
1127 -7.108076730648295E-04
1128 7.324877520797030E-04
1129 7.106914350096116E-04
1130 -1.957758146759211E-04
1131 -2.111717176837284E-04
1132 7.903796280201385E-04
1133 7.704170278662885E-04
1134 -7.906255389842570E-04
1135 -7.705796512201867E-04
1136 8.219292445181170E-04
1137 8.037315877981777E-04
1138 -8.217799998255806E-04
1139 -8.036127445753872E-04
1140 -8.257716977134305E-04
1141 -8.094127391317171E-04
1142 8.094372602117839E-04
1143 8.258211914701247E-04
1144 -8.025397181130509E-04
1145 -7.875832485954127E-04
1146 7.875779258828112E-04
1147 8.025356233313835E-04
1148 -1.350374473168511E-05
1149 6.217313331831318E-05
1150 -6.218892087307831E-05
1151 1.342666895819854E-05
1152 -5.941648641036958E-04
1153 -5.985513462993457E-04
1154 -2.668907246776928E-04
1155 -2.652939504627701E-04
1156 5.941645586789779E-04
1157 5.985510732531383E-04
1158 2.752884626570846E-04
1159 2.745165059710357E-04
1160 -3.750275047064589E-04
1161 -3.746604502958985E-04
1162 3.750041257720416E-04
1163 3.745886336810947E-04
1164 -5.432935748184458E-04
1165 -5.477352830962317E-04
1166 5.477348347718541E-04
1167 5.432920883394951E-04
1168 4.669070209115619E-04
1169 4.693378264294928E-04
1170 -4.669484638654363E-04
1171 -4.692342351518072E-04
1172 2.978562437062773E-04
1173 -2.978488731570539E-04
1174 -5.263698915153878E-04
1175 -1.541002736406008E-04
1176 -9.696793165171333E-05
1177 9.696515757552299E-05
1178 1.541443987824111E-04
1179 1.448457532400687E-04
1180 3.910629251479082E-04
1181 4.645519153611417E-04
1182 -3.910614025739440E-04
1183 -4.646193984401212E-04
1184 5.548457219764468E-04
1185 -5.548857316806963E-04
1186 -4.290255781071221E-05
1187 6.268885563444407E-04
1188 7.149132530560446E-04
1189 -7.138795137224353E-04
1190 -6.260056703343384E-04
1191 3.992317273099550E-04
1192 5.596099059481015E-04
1193 6.402665959496611E-04
1194 7.834958640665773E-04
1195 8.661047597186441E-04
1196 -5.591558382776946E-05
1197 3.120246120738884E-05
1198 -8.669606178793698E-04
1199 -7.835436498036395E-04
1200 3.052923385606930E-04
1201 -3.052908882688696E-04
1202 9.293592239644195E-04
1203 1.008398890211027E-03
1204 -1.008636647902281E-03
1205 -9.303915093350817E-04
1206 9.238114229053238E-05
1207 -1.692482627623820E-05
1208 1.689829055623981E-05
1209 -9.234911211492836E-05
1210 -1.137805859916618E-03
1211 -1.069834288658986E-03
1212 1.069737023022675E-03
1213 1.137770984572665E-03
1214 1.193174376693473E-03
1215 -1.193208827586975E-03
1216 1.353510399621932E-04
1217 7.268381476694958E-05
1218 -7.267191586360191E-05
1219 -1.353557359316273E-04
1220 1.594753787856286E-04
1221 -1.336158637949740E-04
1222 -1.000388509822489E-04
1223 9.876315834552376E-05
1224 1.373481619049594E-04
1225 -1.373451717006077E-04
1226 1.810199337546717E-04
1227 -1.810133494048492E-04
1228 5.467156706187226E-04
1229 4.656510298066750E-04
1230 6.188811771485885E-04
1231 1.952980732913280E-04
1232 1.563626312272302E-04
1233 -1.952835786822748E-04
1234 -1.563524639982114E-04
1235 -1.370560148823800E-04
1236 1.370929322984538E-04
1237 -1.621094131795029E-04
1238 -6.095507771881609E-05
1239 6.088846307899196E-05
1240 -1.192697073053254E-04
1241 1.192743683495079E-04
1242 -5.442487004402410E-05
1243 -1.016756149499978E-04
1244 -1.335409463764304E-04
1245 -3.196827210166050E-04
1246 -2.479761920216252E-04
1247 -2.057016090738991E-04
1248 2.057045449298073E-04
1249 2.479814064680375E-04
1250 6.007120893127728E-05
1251 9.830836730036659E-05
1252 -1.516865595587801E-04
1253 -2.071668168121619E-04
1254 3.265587750430328E-04
1255 -3.265614728379788E-04
1256 -1.605034100944676E-04
1257 -5.723950542435539E-05
1258 1.604835690122216E-04
1259 5.723661245990817E-05
1260 -2.153131394019863E-04
1261 2.373840348351549E-04
1262 -2.373890153811969E-04
1263 1.770951100604938E-04
1264 -1.771031509897278E-04
1265 -2.498106862860207E-04
1266 -2.570832250628328E-04
$EndNodeData
