$MeshFormat
2.2 0 8
$EndMeshFormat
$NodeData
1
"U1"
1
0.0
3
0
1
6398
1 0.000000000000000E+00
2 1.931158859821008E-01
3 5.000000000000000E-01
4 5.000000000000000E-01
5 1.931136685160901E-01
6 0.000000000000000E+00
7 5.989662749920186E-01
8 3.357753322771284E-01
9 6.810900664530437E-02
10 3.357633008910120E-01
11 3.175625538338221E-02
12 5.964641335051504E-02
13 8.428091086452283E-02
14 1.061459905134692E-01
15 1.256026337095179E-01
16 1.429306265827757E-01
17 1.583491695330349E-01
18 1.719658334302535E-01
19 1.838939663970550E-01
20 1.586030971548991E-02
21 4.566218748785793E-02
22 7.191246264372939E-02
23 9.516148398616162E-02
24 1.158254975334061E-01
25 1.342252976781557E-01
26 1.506097600046032E-01
27 1.651567049640972E-01
28 1.779679384771585E-01
29 1.889228527967494E-01
30 1.945703417028937E-01
31 1.966647094442338E-01
32 1.995175934527931E-01
33 2.032356053619788E-01
34 2.080980484861037E-01
35 2.145040279772124E-01
36 2.229852240391442E-01
37 2.342191991076930E-01
38 2.489779000641232E-01
39 2.680391943436973E-01
40 2.919416535485090E-01
41 3.206241242295146E-01
42 3.529187880062695E-01
43 3.865361779577257E-01
44 4.185635295132086E-01
45 4.462212731051632E-01
46 4.683611355718147E-01
47 4.854171192048187E-01
48 1.939089522395318E-01
49 1.955636027407300E-01
50 1.980323633510448E-01
51 2.012945344360891E-01
52 2.055522098420094E-01
53 2.111412237825261E-01
54 2.185293303686885E-01
55 2.283239993321694E-01
56 2.412529404938850E-01
57 2.581155327197168E-01
58 2.796034137745575E-01
59 3.059915963394017E-01
60 3.367310569717769E-01
61 3.700318508712636E-01
62 4.032190469661596E-01
63 4.332581394707520E-01
64 4.581547727410840E-01
65 4.775660607622496E-01
66 4.929934647546032E-01
67 5.000000000000000E-01
68 5.000000000000000E-01
69 5.000000000000000E-01
70 5.000000000000000E-01
71 5.000000000000000E-01
72 5.000000000000000E-01
73 5.000000000000000E-01
74 5.000000000000000E-01
75 5.000000000000000E-01
76 5.000000000000000E-01
77 5.000000000000000E-01
78 5.000000000000000E-01
79 5.000000000000000E-01
80 5.000000000000000E-01
81 5.000000000000000E-01
82 5.000000000000000E-01
83 5.000000000000000E-01
84 5.000000000000000E-01
85 5.000000000000000E-01
86 4.854169893298595E-01
87 4.683630775679147E-01
88 4.462258394805986E-01
89 4.185433291390075E-01
90 3.865546541536491E-01
91 3.529469142992015E-01
92 3.206092264452755E-01
93 2.919472550641152E-01
94 2.680371206079519E-01
95 2.489796870715935E-01
96 2.342182315395107E-01
97 2.229867762995220E-01
98 2.145067493367797E-01
99 2.080929969409838E-01
100 2.032365629140321E-01
101 1.995157724345014E-01
102 1.966680420744273E-01
103 1.945719925477094E-01
104 4.929933088197652E-01
105 4.775659832337013E-01
106 4.581559384033886E-01
107 4.332499122173784E-01
108 4.032102064248382E-01
109 3.700471754372786E-01
110 3.367193877437180E-01
111 3.059901736550873E-01
112 2.796018275969194E-01
113 2.581154588653409E-01
114 2.412524643818300E-01
115 2.283238749724195E-01
116 2.185317328972516E-01
117 2.111414034042411E-01
118 2.055494732979835E-01
119 2.012935608310813E-01
120 1.980303768135741E-01
121 1.955651257099812E-01
122 1.939088915491277E-01
123 1.839107161917041E-01
124 1.719694190377306E-01
125 1.583415347904725E-01
126 1.429311757691283E-01
127 1.256029665564215E-01
128 1.061465724625508E-01
129 8.428135669328529E-02
130 5.964208534155326E-02
131 3.176173762215987E-02
132 1.889243298634053E-01
133 1.779689739050017E-01
134 1.651508036351923E-01
135 1.506086851218012E-01
136 1.342255706683193E-01
137 1.158256819334838E-01
138 9.516206143392815E-02
139 7.191257887500987E-02
140 4.566129911510406E-02
141 1.586168321284271E-02
142 0.000000000000000E+00
143 0.000000000000000E+00
144 0.000000000000000E+00
145 0.000000000000000E+00
146 0.000000000000000E+00
147 0.000000000000000E+00
148 0.000000000000000E+00
149 0.000000000000000E+00
150 0.000000000000000E+00
151 0.000000000000000E+00
152 0.000000000000000E+00
153 0.000000000000000E+00
154 0.000000000000000E+00
155 0.000000000000000E+00
156 0.000000000000000E+00
157 0.000000000000000E+00
158 0.000000000000000E+00
159 0.000000000000000E+00
160 0.000000000000000E+00
161 1.869814023124354E-01
162 1.844297396000527E-01
163 1.828899552479728E-01
164 1.817311458545537E-01
165 1.806797667177860E-01
166 1.796014646656106E-01
167 1.784271794726302E-01
168 1.771292546569335E-01
169 1.757069849196673E-01
170 1.741796176253911E-01
171 1.725789911651510E-01
172 1.709468069659312E-01
173 1.693320377440079E-01
174 1.677863129571646E-01
175 1.663634056610127E-01
176 1.651152368197139E-01
177 1.640891092930650E-01
178 1.633247039229661E-01
179 1.628529345273968E-01
180 1.626940363304706E-01
181 1.628536282468615E-01
182 1.633246305617226E-01
183 1.640888402015512E-01
184 1.651153536526629E-01
185 1.663633930634975E-01
186 1.677864436047013E-01
187 1.693318060596265E-01
188 1.709466890534695E-01
189 1.725788485003914E-01
190 1.741796147055511E-01
191 1.757066966895388E-01
192 1.771291060004164E-01
193 1.784276945095349E-01
194 1.796021864662178E-01
195 1.806792699673954E-01
196 1.817293714158723E-01
197 1.828904697562692E-01
198 1.844275452953711E-01
199 1.869793105542573E-01
200 1.891912361822685E-01
201 1.855240657166494E-01
202 1.835913339649164E-01
203 1.822848111556405E-01
204 1.812019670649826E-01
205 1.801500124077888E-01
206 1.790292072468439E-01
207 1.777942229064733E-01
208 1.764328183797780E-01
209 1.749546818777876E-01
210 1.733858770622203E-01
211 1.717641853298823E-01
212 1.701343793974436E-01
213 1.685472731504130E-01
214 1.670569348810982E-01
215 1.657150604466337E-01
216 1.645723636392456E-01
217 1.636729517139469E-01
218 1.630518175774169E-01
219 1.627354353251093E-01
220 1.627349148996915E-01
221 1.630518899134858E-01
222 1.636729018954571E-01
223 1.645720229466985E-01
224 1.657154638545112E-01
225 1.670564671528217E-01
226 1.685474817281605E-01
227 1.701343300220284E-01
228 1.717640324039302E-01
229 1.733859878994673E-01
230 1.749546638333396E-01
231 1.764328049394564E-01
232 1.777939205058912E-01
233 1.790287292990379E-01
234 1.801497590111895E-01
235 1.812028644881209E-01
236 1.822852255441079E-01
237 1.835907360032095E-01
238 1.855257994649732E-01
239 1.891915490933910E-01
240 5.980681261209592E-01
241 5.953746518529612E-01
242 5.909052554726237E-01
243 5.846883721803945E-01
244 5.767736840624526E-01
245 5.672103559442920E-01
246 5.560674292007353E-01
247 5.434164353846199E-01
248 5.293368562145266E-01
249 5.139564721887847E-01
250 4.973690644010359E-01
251 4.796684959511632E-01
252 4.609944319583557E-01
253 4.414703384275712E-01
254 4.212215072337708E-01
255 4.003900494742303E-01
256 3.791286828914374E-01
257 3.575171722740784E-01
258 5.987589753357504E-01
259 5.969622237721877E-01
260 5.933770176908711E-01
261 5.880241424266478E-01
262 5.809536255781408E-01
263 5.722077516695564E-01
264 5.618473588218954E-01
265 5.499338747692932E-01
266 5.365610528255138E-01
267 5.218161547111377E-01
268 5.058193758765995E-01
269 4.886576999939258E-01
270 4.704538524796594E-01
271 4.513367120909017E-01
272 4.314333918224927E-01
273 4.108765757528066E-01
274 3.898066693063053E-01
275 3.683518237953515E-01
276 3.466604384292206E-01
277 3.139835195097356E-01
278 2.923080625313794E-01
279 2.708902868699340E-01
280 2.498734657884021E-01
281 2.293983913294401E-01
282 2.095968728917955E-01
283 1.906128846044577E-01
284 1.725763491566822E-01
285 1.556241870392958E-01
286 1.398658017918157E-01
287 1.254298469593838E-01
288 1.124259777713348E-01
289 1.009419366805511E-01
290 9.107052802854641E-02
291 8.289062165551424E-02
292 7.645989353538693E-02
293 7.182979033208296E-02
294 6.903782151201517E-02
295 3.248705080609401E-01
296 3.031203940564118E-01
297 2.815556516873711E-01
298 2.603183411603623E-01
299 2.395531173579079E-01
300 2.193957771217688E-01
301 1.999853850753447E-01
302 1.814587892258193E-01
303 1.639469681037489E-01
304 1.475759270204685E-01
305 1.324640262722862E-01
306 1.187312169722530E-01
307 1.064747593624984E-01
308 9.578718448687334E-02
309 8.675263820342508E-02
310 7.943981649981288E-02
311 7.390402860445063E-02
312 7.018964226972571E-02
313 6.832407540932685E-02
314 6.903586238433085E-02
315 7.182813058727276E-02
316 7.646307814880923E-02
317 8.289069823866471E-02
318 9.106917736617445E-02
319 1.009388047900310E-01
320 1.124252038748571E-01
321 1.254352695186267E-01
322 1.398747991397561E-01
323 1.556121768458611E-01
324 1.725685595521642E-01
325 1.906210460778996E-01
326 2.095892524511445E-01
327 2.293978084662690E-01
328 2.498702940213959E-01
329 2.708970142817827E-01
330 2.922991155858962E-01
331 3.139859243663115E-01
332 6.832283022430492E-02
333 7.019676043025785E-02
334 7.390259629930762E-02
335 7.943862227030987E-02
336 8.675159060027245E-02
337 9.578573763167454E-02
338 1.064760969329397E-01
339 1.187335591552145E-01
340 1.324695246281213E-01
341 1.475707466728460E-01
342 1.639454412524862E-01
343 1.814607040454072E-01
344 1.999843564527975E-01
345 2.193933841177818E-01
346 2.395589277926093E-01
347 2.603235344098147E-01
348 2.815561236106980E-01
349 3.031210354573955E-01
350 3.248680138458866E-01
351 3.575369313536093E-01
352 3.791101816515170E-01
353 4.003952685457285E-01
354 4.212259925984825E-01
355 4.414699551280901E-01
356 4.609929892796296E-01
357 4.796662685154418E-01
358 4.973630322814994E-01
359 5.139574301039400E-01
360 5.293391604855011E-01
361 5.434230212956563E-01
362 5.560551083896635E-01
363 5.672089877867638E-01
364 5.767765788159350E-01
365 5.846881928209147E-01
366 5.908981953930158E-01
367 5.953637357379846E-01
368 5.980616253152995E-01
369 3.466608493243294E-01
370 3.683534838400832E-01
371 3.898046747492880E-01
372 4.108796434367634E-01
373 4.314351476723119E-01
374 4.513366159874607E-01
375 4.704527011705718E-01
376 4.886544476299476E-01
377 5.058157808866832E-01
378 5.218183759295077E-01
379 5.365565989677841E-01
380 5.499416799818954E-01
381 5.618409969772523E-01
382 5.722007889950479E-01
383 5.809537303284948E-01
384 5.880257567852101E-01
385 5.933655863482912E-01
386 5.969493310600603E-01
387 5.987544827154595E-01
388 1.662498257504310E-01
389 1.623140594373458E-01
390 1.568424819608074E-01
391 1.564744848140406E-01
392 1.597962203237852E-01
393 1.652338827524850E-01
394 1.696400425610066E-01
395 1.694503295707139E-01
396 9.608410634480467E-02
397 9.511930733518080E-02
398 1.704539569043196E-01
399 1.321425964996427E-01
400 2.984048426472458E-02
401 2.834430547732332E-02
402 1.728473131316070E-01
403 1.335041609579978E-01
404 1.587714803600303E-01
405 1.621329528109357E-01
406 1.571133930377118E-01
407 1.577317213657758E-01
408 1.638197123748756E-01
409 2.739362057576798E-02
410 1.752410538963344E-01
411 1.621187852615428E-01
412 1.617733450537571E-01
413 2.819567559871514E-02
414 4.779658988149602E-02
415 1.773592526877394E-01
416 2.955840909279396E-02
417 5.346525298421226E-02
418 5.258879406107159E-02
419 7.782558888782766E-02
420 7.573295133210031E-02
421 9.493105514113138E-02
422 9.458826356198158E-02
423 1.132273233814622E-01
424 1.122816889172158E-01
425 1.113326864757234E-01
426 9.607867454018236E-02
427 1.118561439053801E-01
428 9.790520638492523E-02
429 1.156426631056989E-01
430 1.001031214333154E-01
431 1.155003221269867E-01
432 1.022471035028338E-01
433 1.196828887671438E-01
434 1.052898706641769E-01
435 1.202677300559880E-01
436 1.080700215312017E-01
437 1.248713986315081E-01
438 1.111621160042619E-01
439 1.261498521515774E-01
440 1.142193807806401E-01
441 9.811177409680302E-02
442 1.018324807422521E-01
443 1.205447738612274E-01
444 8.410301134082547E-02
445 1.068115286391075E-01
446 1.233587903740307E-01
447 8.903992001124690E-02
448 1.265954806425543E-01
449 1.269110332612814E-01
450 1.111721603900451E-01
451 1.279967777159068E-01
452 1.161771104387109E-01
453 1.348109464079751E-01
454 1.384299015605903E-01
455 1.253650264716832E-01
456 1.307019226205420E-01
457 1.284840536609690E-01
458 1.429023716271300E-01
459 8.667912372990280E-02
460 8.049506638562776E-02
461 1.282681985014125E-01
462 1.432436291831994E-01
463 1.445668908105442E-01
464 7.463069946698218E-02
465 1.321702248443727E-01
466 1.395083610056587E-01
467 1.393903046733169E-01
468 1.384830759927468E-01
469 1.401460282165682E-01
470 1.186669621979260E-01
471 1.477402467920187E-01
472 6.467399052820144E-02
473 6.945685303000629E-02
474 5.643593787626658E-02
475 1.344607635611594E-01
476 1.190527718796087E-01
477 1.482304351878946E-01
478 1.454807399151176E-01
479 1.556021668669683E-01
480 1.039893791790226E-01
481 1.547443335630594E-01
482 1.578050649065926E-01
483 1.484872187387069E-01
484 1.541164152093411E-01
485 4.778438836059450E-02
486 1.298039347582056E-01
487 1.395995373250739E-01
488 1.392619630138064E-01
489 1.400466689065183E-01
490 1.337775543600032E-01
491 1.469847585520095E-01
492 1.420793039881825E-01
493 1.512368283694704E-01
494 6.144477570931900E-02
495 1.268988973080492E-01
496 1.378011916584472E-01
497 1.375919377429557E-01
498 1.398751633806801E-01
499 1.520419547438535E-01
500 1.594702481007571E-01
501 1.524912484108506E-01
502 4.951902312987051E-02
503 1.258375412097206E-01
504 1.633588804053220E-01
505 1.505561513196395E-01
506 1.508994500185697E-01
507 2.702751486416094E-02
508 4.829114427914941E-02
509 1.298939476233928E-01
510 1.741475609630158E-01
511 1.612397905134707E-01
512 1.572283450809223E-01
513 1.528683162374035E-01
514 5.716418449054720E-02
515 2.868467725670255E-02
516 7.589877286265027E-02
517 1.154280978240049E-01
518 1.067182351304089E-01
519 8.624382527842615E-02
520 9.846955136891726E-02
521 7.339826923018632E-02
522 6.494483911254441E-02
523 1.145549579410003E-01
524 5.223213513916911E-02
525 1.487020651512800E-01
526 1.480728020089793E-01
527 1.489139884768742E-01
528 1.468022659976375E-01
529 1.636620536695597E-01
530 9.218029398582363E-02
531 1.341135232604991E-01
532 1.408102116722119E-01
533 1.600203807766931E-01
534 7.825331709733921E-02
535 6.212127120917450E-02
536 7.305819143744120E-02
537 7.870187223278681E-02
538 1.740666546523627E-01
539 1.544534341131344E-01
540 1.664679188552467E-01
541 1.737668046584043E-01
542 1.725027101323318E-01
543 1.485911700880839E-01
544 8.963178072599470E-02
545 7.792712415526930E-02
546 1.651983141176967E-01
547 1.676647420721930E-01
548 1.551497308570739E-01
549 1.637945544167013E-01
550 1.664334620680873E-01
551 1.616377893340658E-01
552 1.578238206068989E-01
553 1.580752074834343E-01
554 1.564734449209443E-01
555 1.562115405875884E-01
556 1.479110704762450E-01
557 1.491737958902565E-01
558 1.581401754532191E-01
559 1.577486029558952E-01
560 1.614915297945944E-01
561 1.620515684582176E-01
562 1.075824280259296E-01
563 1.122536384247338E-01
564 1.385758170731956E-01
565 5.569154434866941E-02
566 1.249160383634225E-01
567 1.403894196093257E-01
568 1.245460005837255E-01
569 6.880408304203083E-02
570 1.737015247632228E-01
571 9.539049594099645E-02
572 8.698742477156840E-02
573 8.243751820483562E-02
574 1.588464326309025E-01
575 1.705079392252149E-01
576 1.518979997481678E-01
577 1.486536118151783E-01
578 1.401693767050695E-01
579 4.542839977248431E-02
580 2.364669519675156E-02
581 1.782034670866021E-01
582 1.429168258235195E-01
583 1.493910248876180E-01
584 1.410326538299974E-01
585 1.496985228497088E-01
586 4.468148690097323E-02
587 1.731131165740971E-01
588 1.518277026632498E-01
589 1.717316583625017E-01
590 9.523122863139787E-02
591 2.189850025025705E-02
592 2.602560508344665E-02
593 1.649196285430323E-01
594 1.530975968993361E-01
595 1.639741963193623E-01
596 1.684768818415281E-01
597 1.290160549506006E-01
598 1.613645251764285E-01
599 1.571336488660331E-01
600 1.022256885264891E-01
601 1.437154394463478E-01
602 1.506517313586998E-01
603 1.815595564635537E-01
604 1.656605725468415E-01
605 1.814705627227165E-01
606 6.896443685302082E-02
607 1.325248457023242E-01
608 1.712491199529546E-01
609 1.541816056620826E-01
610 8.950828894740467E-02
611 1.499251176863139E-01
612 1.626503406704468E-01
613 1.299237382394781E-01
614 1.377503912820354E-01
615 1.584630498109530E-01
616 4.599043455836828E-02
617 1.344926967662756E-01
618 1.541874098950643E-01
619 9.757961421932372E-02
620 6.346549935551703E-02
621 4.809164630758355E-02
622 9.140018104598405E-02
623 1.604178369916402E-01
624 1.650715417110406E-01
625 1.639374617556503E-01
626 1.566274018111017E-01
627 1.564485809399889E-01
628 1.618889099058518E-01
629 1.531961683678522E-01
630 1.534006918591889E-01
631 1.488432711987478E-01
632 3.809812630013103E-02
633 2.585355223809034E-02
634 3.567057571065711E-02
635 1.026195782395864E-01
636 9.394610765634109E-02
637 9.819892700528625E-02
638 1.575128682910337E-01
639 1.520477490092933E-01
640 1.639984198286191E-01
641 1.617039342817757E-01
642 1.679504779569008E-01
643 1.671930690930460E-01
644 1.608006040522126E-01
645 4.561967186637826E-02
646 4.105260480542890E-02
647 5.678005162169455E-02
648 3.855710656924332E-02
649 5.255782549346654E-02
650 4.332880056270381E-02
651 6.542046658776393E-02
652 6.051112072502272E-02
653 7.367286382802891E-02
654 1.579158538309567E-01
655 1.536813720396831E-01
656 1.110059555479398E-01
657 1.157774839180133E-01
658 1.202554955207547E-01
659 1.129266335858241E-01
660 1.025002583246757E-01
661 1.086799993989050E-01
662 1.669027190387875E-01
663 1.732402402497273E-01
664 1.674446990670090E-01
665 1.415343654132556E-01
666 1.465497668536843E-01
667 1.448623884644140E-01
668 8.385463624438923E-02
669 7.889862847098165E-02
670 1.492051954201897E-01
671 1.476078043305027E-01
672 1.540006204594592E-01
673 1.355577717021016E-01
674 1.338904501623772E-01
675 2.847097425804800E-02
676 3.669501284209043E-02
677 3.648259963807012E-02
678 1.053653861681131E-01
679 1.155893838992623E-01
680 1.679358100865337E-01
681 1.710459468586470E-01
682 2.838819064003935E-02
683 3.959806906101392E-02
684 1.580241170460479E-01
685 1.595509144190748E-01
686 1.427660278899344E-01
687 1.500045579189389E-01
688 1.457898827859222E-01
689 7.007672201493562E-02
690 1.122437319485332E-01
691 1.195392721321670E-01
692 1.185429324348508E-01
693 1.486237415667322E-01
694 1.520101254120650E-01
695 5.166433043629136E-02
696 4.196472932574773E-02
697 1.400077582646946E-02
698 1.193253348463124E-02
699 1.520879351010459E-01
700 1.527903965765758E-01
701 1.485966382554611E-01
702 1.543443030942099E-01
703 1.587474587758531E-01
704 1.533726988508166E-01
705 2.580106817198888E-02
706 3.485196411504369E-02
707 1.601642539257284E-01
708 1.577136721913656E-01
709 1.556174754926473E-01
710 5.448616800010362E-02
711 4.256165356872604E-02
712 4.053616920997517E-02
713 1.219131538208756E-01
714 1.525413479729380E-01
715 1.722384530255839E-01
716 1.697899611771304E-01
717 1.210888806790823E-01
718 1.274032727084355E-01
719 1.419392146801682E-02
720 1.428007481752229E-02
721 1.447879676697254E-01
722 1.521799913535848E-01
723 8.680133322124513E-02
724 7.795230585488108E-02
725 7.781658584914318E-02
726 1.525911216947044E-01
727 1.489739293361655E-01
728 1.529118627658083E-01
729 1.638432016006582E-01
730 1.690857268274314E-01
731 1.652089744016081E-01
732 8.814991498741544E-02
733 8.379805891827706E-02
734 1.717425065597661E-01
735 1.704029782562578E-01
736 1.669161883854632E-01
737 7.788977948187578E-02
738 6.883944240518984E-02
739 1.637141508363175E-01
740 1.699884693877727E-01
741 1.680448530452462E-01
742 1.686440594633758E-01
743 1.642581430077752E-01
744 1.585415145356147E-01
745 1.617982557777574E-01
746 1.552583730954939E-01
747 1.487267328556317E-01
748 1.531431832925979E-01
749 1.449110408552006E-01
750 1.507383345470259E-01
751 1.451344611811662E-01
752 4.004096278597131E-02
753 2.800701014632298E-02
754 1.566305557728546E-01
755 1.532795345983013E-01
756 2.843149897785727E-02
757 4.162992247826670E-02
758 4.033326993818075E-02
759 1.486944529089448E-02
760 1.353482186080724E-02
761 1.554186708015286E-01
762 1.620230743168447E-01
763 1.494222773774085E-01
764 1.549221173336837E-01
765 1.556728688542870E-01
766 1.567330364538805E-01
767 1.094810888589173E-01
768 1.786046537191080E-01
769 1.731639876776342E-01
770 1.394475211239012E-01
771 1.450177631048628E-01
772 1.329430492727859E-01
773 1.371169045514798E-01
774 1.379488894504098E-01
775 1.225197302585592E-01
776 1.270055605692421E-01
777 1.293414274096805E-01
778 1.173400366818369E-01
779 1.220088727137101E-01
780 1.252062354688754E-01
781 1.567644525847696E-01
782 1.289956790526167E-01
783 1.339515725348738E-01
784 1.347054643834253E-01
785 5.297510176604313E-02
786 6.569774985368967E-02
787 6.512101560022109E-02
788 1.261114646268687E-01
789 1.316033138089504E-01
790 1.323117743714499E-01
791 1.629643735408618E-01
792 1.582728259411286E-01
793 1.455809224094620E-01
794 1.525640552849095E-01
795 1.472680511101573E-01
796 9.472203604455676E-02
797 1.040677517162018E-01
798 1.038426235024415E-01
799 1.540049556136941E-01
800 1.594790273880318E-01
801 1.175408108273324E-01
802 1.226635058113287E-01
803 1.247397647474412E-01
804 7.671882744027757E-02
805 8.638355790835499E-02
806 8.527879398302562E-02
807 1.392984096382665E-01
808 1.456983095311542E-01
809 2.765187114210611E-02
810 3.830460239622997E-02
811 3.765266807181887E-02
812 1.396855227663240E-01
813 1.459183738100404E-01
814 1.457042029050258E-01
815 1.127284370546921E-01
816 1.194178141233013E-01
817 1.198478281985723E-01
818 1.267361358922125E-01
819 1.331814579740130E-01
820 1.329897687505257E-01
821 1.137180691624167E-01
822 1.193928270219330E-01
823 1.212273797239972E-01
824 1.586254735717283E-01
825 1.623952118282376E-01
826 1.365936775721071E-01
827 1.412183834285091E-01
828 1.430399096677300E-01
829 1.438343926205861E-01
830 1.495727217990607E-01
831 1.489464125732140E-01
832 5.458074068790690E-02
833 6.142875534130847E-02
834 6.665175145571081E-02
835 1.464351977756142E-01
836 1.392991083476927E-01
837 1.412661980409718E-01
838 1.406176167031220E-01
839 1.453926920970113E-01
840 1.199295323018705E-01
841 1.258990981938777E-01
842 1.262382003197216E-01
843 1.500972156114264E-01
844 1.538114600417961E-01
845 1.562154293435312E-01
846 1.155210913465959E-01
847 1.219631892266803E-01
848 1.218812169472969E-01
849 1.115648885028576E-01
850 1.183608401913938E-01
851 1.185695173832121E-01
852 1.311383593430152E-01
853 1.261229016581020E-01
854 5.345103489671769E-02
855 3.757201155291031E-02
856 5.734004116937687E-02
857 6.913469655511917E-02
858 1.254852712140796E-01
859 1.316240626162067E-01
860 1.323298733542837E-01
861 1.397805003149374E-01
862 1.349346763384997E-01
863 1.219101748307801E-01
864 1.276214676870518E-01
865 1.290483508648995E-01
866 1.606897557168588E-01
867 1.568836852005289E-01
868 6.398115125978027E-02
869 7.619405115086383E-02
870 1.292859240328404E-01
871 1.368933977551038E-01
872 1.544155509202985E-01
873 1.589988269657932E-01
874 1.586975215318635E-01
875 1.330949472012662E-01
876 1.436148177255525E-01
877 1.504494402826895E-01
878 1.308421297784848E-01
879 9.716361949409714E-02
880 9.081939214832899E-02
881 9.588440444336098E-02
882 1.379496793861610E-02
883 1.463186308827448E-02
884 1.629529615254426E-01
885 1.589789607895956E-01
886 1.580600288836831E-01
887 7.883211236306750E-02
888 1.410876640261209E-01
889 1.372225111323179E-01
890 1.446327182548609E-01
891 1.617435501854134E-01
892 1.561917253267325E-01
893 1.606419090081838E-01
894 1.454878586001502E-01
895 1.518275726089571E-01
896 1.029610150269090E-01
897 1.052266293288958E-01
898 1.010117016135399E-01
899 1.274202805732859E-01
900 1.333395232459868E-01
901 8.516057966662666E-02
902 1.006038020558919E-01
903 1.109296091439154E-01
904 6.417761155200288E-02
905 1.375930033505516E-01
906 1.329778229955538E-01
907 1.381427374696574E-01
908 1.459675880422208E-01
909 1.035513721667832E-01
910 1.195371136871463E-01
911 1.658294020429605E-01
912 1.624179532074187E-01
913 1.511374390438951E-01
914 1.562240404747809E-01
915 1.513038879695566E-01
916 1.466057283924064E-01
917 1.512947734513614E-01
918 1.524607843837915E-01
919 1.439113455594401E-01
920 1.435501301947957E-01
921 1.357372217321588E-01
922 1.313160349903640E-01
923 1.337646599792503E-01
924 1.393914773456751E-01
925 1.314347851965840E-01
926 1.376786337059961E-01
927 1.583463369383981E-01
928 1.547001930632353E-01
929 1.323382201758219E-01
930 1.321730795441856E-01
931 1.274812369183161E-01
932 1.624832086639124E-01
933 1.650200758907509E-01
934 1.284004572681824E-01
935 1.227935489061264E-01
936 1.642419533093735E-01
937 1.698150452055575E-01
938 1.679104452133465E-01
939 1.476260175008437E-01
940 1.516000341128829E-01
941 1.602254623774088E-01
942 1.323273609515135E-01
943 1.669637475401626E-01
944 1.415536568433889E-02
945 1.350015407251291E-02
946 5.527057621174762E-02
947 1.436058153673584E-01
948 1.437562155817352E-01
949 5.021471145399953E-02
950 5.371390937817874E-02
951 6.645902673974442E-02
952 6.035322737003807E-02
953 1.464441809390096E-01
954 1.425480033666027E-02
955 1.359754227958545E-02
956 1.401174564996244E-01
957 1.381639565127109E-01
958 1.327600595513322E-01
959 1.282672158908547E-01
960 1.362281993112062E-01
961 1.323335639915425E-01
962 1.334076964439919E-01
963 1.356535673984788E-01
964 1.386292179346622E-01
965 1.413214658284432E-01
966 1.665907564582478E-01
967 1.499199316968436E-02
968 8.343116267445032E-02
969 8.492799805856928E-02
970 1.136519368424257E-01
971 1.150450954732650E-01
972 1.432805898589902E-01
973 1.433147890404642E-01
974 8.768037639332463E-02
975 9.622288062491804E-02
976 1.489878035347208E-02
977 1.180263451476214E-01
978 1.186113257388719E-01
979 1.141788700514591E-01
980 1.164324892852365E-01
981 1.530525643910251E-01
982 1.539505353184049E-01
983 1.585053057757509E-01
984 1.255780588672565E-01
985 1.611441156320366E-01
986 1.578047421274340E-01
987 1.618632514888509E-01
988 1.564493608066392E-01
989 1.573205265016865E-01
990 1.381083281614724E-01
991 1.423664405822238E-01
992 1.440204536672648E-02
993 1.190058164356763E-01
994 1.195247083712109E-01
995 1.220574538191533E-01
996 1.233969629113716E-01
997 9.241080630859289E-02
998 8.200391385755486E-02
999 1.278046368425978E-01
1000 1.554084312138028E-01
1001 1.581030106125972E-01
1002 1.124966223442773E-01
1003 1.127575934394253E-01
1004 1.088687684508504E-01
1005 1.109606267479774E-01
1006 1.290675715116601E-01
1007 1.577231608386644E-01
1008 1.036630398711912E-01
1009 1.039727995959339E-01
1010 1.078531162029644E-01
1011 1.078046187548126E-01
1012 1.048480706825273E-01
1013 1.067842593114667E-01
1014 1.080166142961163E-01
1015 1.111352830876195E-01
1016 1.593210116678796E-01
1017 1.297014921564534E-01
1018 1.010942416953008E-01
1019 9.031147589242997E-02
1020 1.398908130316305E-01
1021 6.596007118859469E-02
1022 6.647946945593187E-02
1023 7.523982523925925E-02
1024 1.374416786920135E-01
1025 1.290071837492718E-01
1026 8.983458623098595E-02
1027 1.718830789068956E-01
1028 1.753955548923867E-01
1029 1.104847930928926E-01
1030 1.052872336513979E-01
1031 1.603680822638247E-01
1032 1.668277985640180E-01
1033 1.602025349766606E-01
1034 1.456412943585926E-01
1035 1.400879899064134E-01
1036 1.293510369279521E-01
1037 1.370524657499987E-01
1038 2.714096690320476E-02
1039 3.701687895081787E-02
1040 3.609411997241248E-02
1041 1.233120519610486E-01
1042 1.200202657024963E-01
1043 1.244247701518028E-01
1044 1.291158160771171E-01
1045 1.445109327046530E-01
1046 1.110219692944707E-01
1047 1.019288723874398E-01
1048 1.825644770153265E-01
1049 1.778660504817165E-01
1050 8.201717584824550E-02
1051 1.549764663220405E-01
1052 1.530600599867156E-01
1053 1.088232059169900E-02
1054 1.421715411573328E-01
1055 1.478607523214550E-01
1056 1.522002799163458E-01
1057 1.484875258103138E-01
1058 1.528447284743860E-01
1059 1.442087052334626E-01
1060 3.991319564573417E-02
1061 4.074751424280650E-02
1062 1.201828079405104E-01
1063 1.279972351304924E-01
1064 9.486575593645079E-02
1065 1.258667154034648E-01
1066 1.444868578276565E-01
1067 1.512237606489614E-01
1068 1.346452280995291E-01
1069 8.452722475257812E-02
1070 9.372921875578293E-02
1071 8.234645033453843E-02
1072 1.578147632893611E-01
1073 1.541836129293601E-01
1074 1.578712856795572E-01
1075 3.773311318479574E-02
1076 4.775293989630542E-02
1077 1.503076458690708E-01
1078 1.313979380558379E-01
1079 1.350221150348686E-01
1080 1.754278596325019E-01
1081 1.629896192842790E-01
1082 1.688500948876527E-01
1083 1.729313786497317E-01
1084 1.538544998091793E-01
1085 1.539917623553659E-01
1086 1.042718890825013E-01
1087 8.421262861465791E-02
1088 1.203360658350596E-01
1089 1.177833022709878E-01
1090 1.126605437550088E-01
1091 1.116914033565635E-01
1092 1.095830024833908E-01
1093 1.204671762656732E-01
1094 1.533902837090341E-01
1095 1.375363076482724E-01
1096 1.246744799349315E-01
1097 1.263564566961803E-01
1098 5.566299793400969E-02
1099 6.028888947951114E-02
1100 1.294964467726705E-02
1101 1.544737845469535E-01
1102 7.865463451342899E-02
1103 1.173636937124015E-01
1104 1.136130217086792E-01
1105 1.515155384149685E-01
1106 1.570144387113391E-01
1107 9.530540731968233E-02
1108 1.066435876307651E-01
1109 7.955290029519198E-02
1110 8.699711462316310E-02
1111 8.794328523392152E-02
1112 1.440106538922006E-01
1113 1.016660934075840E-01
1114 1.043292431336421E-01
1115 3.821370672586132E-02
1116 4.817120863842755E-02
1117 6.602752600228097E-02
1118 1.066801159248535E-01
1119 1.604504779079673E-01
1120 1.428746459499372E-01
1121 1.387438120662694E-01
1122 6.822822013673067E-02
1123 1.619836832375650E-01
1124 1.037305546696686E-01
1125 1.011386451017879E-01
1126 1.666212791230393E-01
1127 1.713727582493735E-01
1128 1.683256435559859E-01
1129 1.317306287946858E-01
1130 1.447390518996010E-01
1131 9.897055072463487E-02
1132 1.745978699850504E-01
1133 5.052232474516524E-02
1134 9.696279493293279E-02
1135 1.415177263153323E-01
1136 1.363557555679812E-01
1137 1.577518965235107E-01
1138 9.643764744590727E-02
1139 1.237535067127744E-01
1140 5.852691213172791E-02
1141 2.674071963461803E-02
1142 1.176814573728630E-02
1143 1.443490958434332E-01
1144 7.361799185757512E-02
1145 6.679533920072023E-02
1146 6.261643979318322E-02
1147 6.734502541724122E-02
1148 7.014759660899028E-02
1149 5.926148995647609E-02
1150 1.789481373062594E-01
1151 1.797675095227767E-01
1152 1.572745543919510E-01
1153 7.555211244039577E-02
1154 7.149745778516842E-02
1155 6.025739534434128E-02
1156 1.728011087575484E-01
1157 7.696398725578936E-02
1158 7.453275882518560E-02
1159 8.360918324310228E-02
1160 1.778115813578820E-01
1161 1.784214501384794E-01
1162 1.820748744251654E-01
1163 1.806998515039198E-01
1164 1.790103557455469E-01
1165 1.781713910804576E-01
1166 1.777966764621332E-01
1167 1.771874428743710E-01
1168 1.754641332050031E-01
1169 1.759994903000864E-01
1170 1.770617679675421E-01
1171 1.765313998268999E-01
1172 8.637775561837185E-02
1173 1.196367878985852E-01
1174 8.716564679269766E-02
1175 2.681733910906778E-02
1176 1.104507298223335E-02
1177 1.314947555071986E-02
1178 2.890449832589060E-02
1179 1.745575671187241E-01
1180 1.740001970105959E-01
1181 1.342325070620325E-01
1182 1.432284679531515E-01
1183 7.093211754001955E-02
1184 1.330579160637929E-01
1185 1.389635356892671E-01
1186 1.732765474947024E-01
1187 1.738877550525976E-01
1188 1.784276246688415E-01
1189 1.709237916032242E-01
1190 1.702209062482665E-01
1191 1.723413175417714E-01
1192 1.716824527706767E-01
1193 1.443251544578317E-01
1194 1.689262784447808E-01
1195 1.682006315043888E-01
1196 1.704251670552365E-01
1197 1.710754448605551E-01
1198 1.366202631845285E-01
1199 1.415309175171353E-01
1200 9.572765333103193E-02
1201 1.672932645940332E-01
1202 1.665568253960746E-01
1203 1.658384568010776E-01
1204 1.703118316031713E-01
1205 1.710165215408682E-01
1206 1.662422950410146E-01
1207 1.655094002174860E-01
1208 1.061249563231654E-01
1209 9.993274890887131E-02
1210 5.545786445433772E-02
1211 1.657944991343990E-01
1212 1.650773882190319E-01
1213 1.647779713708521E-01
1214 1.700856157143016E-01
1215 1.629081657257519E-01
1216 1.622695920307450E-01
1217 1.625460783603354E-01
1218 1.619761209878988E-01
1219 1.614558938358573E-01
1220 1.609874787294956E-01
1221 1.604607989615867E-01
1222 1.601134940794011E-01
1223 1.599023424190123E-01
1224 1.596877942733937E-01
1225 1.599895955022515E-01
1226 1.599159871059963E-01
1227 1.594708856809698E-01
1228 1.595433872096028E-01
1229 1.596878793000556E-01
1230 1.599023264318718E-01
1231 1.607527743046609E-01
1232 1.611050425249921E-01
1233 1.609426770337578E-01
1234 1.614104029788581E-01
1235 1.614719756353900E-01
1236 1.620349145443448E-01
1237 1.631126687997707E-01
1238 1.637618248401785E-01
1239 1.646703098934420E-01
1240 1.653812162061361E-01
1241 1.665972259146456E-01
1242 1.673485235192320E-01
1243 1.665141305767384E-01
1244 1.672496265744156E-01
1245 1.689246667021817E-01
1246 1.696600073488105E-01
1247 1.509884673615974E-01
1248 9.063177001421482E-02
1249 8.696369140577993E-02
1250 9.528773720606429E-02
1251 1.504980554169689E-01
1252 7.435556642970777E-02
1253 7.679431176946701E-02
1254 6.701165913914871E-02
1255 1.267309710474946E-01
1256 1.867880497798204E-01
1257 1.840504566087062E-01
1258 1.825033637290903E-01
1259 8.798076333029205E-02
1260 1.057440734819900E-01
1261 9.774780143994713E-02
1262 9.946731016878034E-02
1263 1.840969435261806E-01
1264 1.868410679302698E-01
1265 1.636589966164312E-01
1266 1.625125356789195E-01
1267 1.654614605309579E-01
1268 1.630060729844846E-01
1269 1.583459755588614E-01
1270 1.500077799599461E-01
1271 1.328411861494757E-01
1272 1.744275742813142E-01
1273 1.738128475699627E-01
1274 8.453731604335289E-02
1275 7.565696258028194E-02
1276 1.726437639513639E-01
1277 8.275108496055467E-02
1278 5.861224873166553E-02
1279 1.386987080079882E-01
1280 1.596086500001453E-01
1281 1.100891920073536E-01
1282 1.113028935330732E-01
1283 1.765770770851744E-01
1284 1.811495094316346E-01
1285 8.032568371173884E-02
1286 7.227579341088758E-02
1287 8.680675884147250E-02
1288 7.951284067222990E-02
1289 1.046350539478077E-01
1290 1.160331598750908E-01
1291 1.626403140095508E-01
1292 9.715073572177493E-02
1293 9.563925965553879E-02
1294 7.991186591510704E-02
1295 9.338852072453775E-02
1296 9.227552161085563E-02
1297 1.131655764901507E-01
1298 9.110662126181639E-02
1299 8.225395240531033E-02
1300 8.926423760034093E-02
1301 1.673185219008732E-01
1302 9.672129840226600E-02
1303 9.042860207155927E-02
1304 7.259317831536015E-02
1305 6.301329586198107E-02
1306 1.215330256059081E-01
1307 1.501154930097120E-01
1308 1.825060769651490E-01
1309 1.564734419671391E-01
1310 1.607407584149081E-01
1311 1.049168558194203E-01
1312 9.293342387084121E-02
1313 5.858665148653520E-02
1314 5.625815827777463E-02
1315 6.551339900473517E-02
1316 1.388888719835043E-01
1317 3.457302954872536E-02
1318 1.030742111125943E-01
1319 1.584168904316280E-01
1320 1.582745385928218E-01
1321 1.573045947150108E-01
1322 1.566282052676033E-01
1323 1.563101325064479E-01
1324 1.606261132384834E-01
1325 1.636323790866690E-01
1326 1.297037786920521E-01
1327 9.210275755236386E-02
1328 1.346105044882803E-01
1329 1.768596315622330E-01
1330 1.763306086939002E-01
1331 1.761550035350912E-01
1332 1.710721765627621E-01
1333 1.032399795919579E-01
1334 1.017329721128907E-01
1335 1.477698173901716E-01
1336 1.472064278503125E-01
1337 1.512240098162950E-01
1338 1.640867706703154E-01
1339 1.441916337935866E-01
1340 1.399448521817627E-01
1341 9.017220117422858E-02
1342 8.922975511082730E-02
1343 9.461013209617325E-02
1344 9.353413246916807E-02
1345 1.527434461873731E-01
1346 1.489740120063903E-01
1347 1.703565903644418E-01
1348 1.748180813068604E-01
1349 1.478954478855060E-01
1350 1.347062906221937E-01
1351 9.671859195095461E-02
1352 1.756269419647087E-01
1353 1.341615122684572E-01
1354 1.091843880111338E-01
1355 1.543517242351679E-01
1356 1.460227002537799E-01
1357 1.362957961257842E-01
1358 1.660326931805989E-01
1359 1.669067973869266E-01
1360 5.340039545722700E-02
1361 4.657549458613895E-02
1362 1.016293384337531E-01
1363 1.002616068042708E-01
1364 5.502917140682171E-02
1365 1.453636985000204E-01
1366 1.459124985369885E-01
1367 1.463598011956402E-01
1368 1.448619006043345E-01
1369 1.491434844486641E-01
1370 1.405046805431431E-01
1371 1.753812642114972E-01
1372 1.553252216294825E-01
1373 6.971304038801231E-02
1374 1.714954810620305E-01
1375 1.678012312016131E-01
1376 1.537551423869921E-01
1377 1.532975085450665E-01
1378 1.792225234380582E-01
1379 1.732981836640885E-01
1380 5.088810414490653E-02
1381 1.776256223913754E-01
1382 1.675062774036608E-01
1383 1.760476420588997E-01
1384 1.796715933216489E-01
1385 1.672659634039210E-01
1386 1.547007728168642E-01
1387 1.542680649801791E-01
1388 1.501509349391150E-01
1389 1.453269025375623E-01
1390 1.407495378240613E-01
1391 1.367745395436643E-01
1392 5.508230094460815E-02
1393 4.637507743446268E-02
1394 5.852379572164533E-02
1395 1.587339686655548E-01
1396 1.558423698398094E-01
1397 1.080163964356594E-01
1398 1.083864452612912E-01
1399 2.058627237630507E-01
1400 2.058893955293225E-01
1401 8.722986395875090E-02
1402 8.766129299175431E-02
1403 1.774352861759792E-01
1404 1.776174840836551E-01
1405 2.631652768593405E-01
1406 2.651598680974345E-01
1407 3.249232350713590E-01
1408 3.252302884002163E-01
1409 3.877022653745986E-01
1410 3.835159173896289E-01
1411 4.461480374095068E-01
1412 4.461117409248530E-01
1413 4.969358301415107E-01
1414 4.980767734292855E-01
1415 5.387355467856417E-01
1416 5.367971110518297E-01
1417 5.673355374064141E-01
1418 5.675963045881334E-01
1419 5.812497310238808E-01
1420 5.824114677007644E-01
1421 1.703115410659271E-01
1422 1.702735769535486E-01
1423 1.648084901757295E-01
1424 1.646733686290015E-01
1425 2.325759934824327E-01
1426 2.329738044028462E-01
1427 1.824053705009178E-01
1428 1.823081080979124E-01
1429 2.855241308181677E-01
1430 2.843059795936340E-01
1431 2.064857215485178E-01
1432 2.074355490333399E-01
1433 4.256181794244852E-01
1434 4.259856849688615E-01
1435 3.647949648235820E-01
1436 3.665938102857946E-01
1437 1.301536551118826E-01
1438 1.286524308306893E-01
1439 8.397363052799529E-02
1440 1.855767978223856E-01
1441 1.860229768831582E-01
1442 1.636667595971299E-01
1443 1.669687789484046E-01
1444 1.740133950811287E-01
1445 1.669696539998854E-01
1446 1.739162995422732E-01
1447 4.953897737285244E-01
1448 4.951976067288115E-01
1449 1.969583148646056E-01
1450 1.968344243466498E-01
1451 4.834317608875700E-01
1452 4.834327632702311E-01
1453 1.887241268151154E-01
1454 1.886498262062524E-01
1455 4.864554496361602E-01
1456 4.840308402091800E-01
1457 4.704385585298230E-01
1458 4.667777101416429E-01
1459 4.625031622688807E-01
1460 4.512571402011913E-01
1461 4.864610680840435E-01
1462 4.838917038974884E-01
1463 4.705147066637986E-01
1464 4.671097450518318E-01
1465 4.627608333173972E-01
1466 4.512549734964366E-01
1467 3.963449479213144E-01
1468 3.805638179155714E-01
1469 3.560558917234792E-01
1470 3.678590930161139E-01
1471 3.458048312938901E-01
1472 3.572970491190691E-01
1473 3.351939100633405E-01
1474 3.787252819147444E-01
1475 3.449244037342779E-01
1476 3.223834716708072E-01
1477 3.142848833914800E-01
1478 3.017270140767103E-01
1479 2.959975293658494E-01
1480 2.815172165615358E-01
1481 2.793711895267713E-01
1482 2.660317825073772E-01
1483 2.650312968808830E-01
1484 2.528087107817226E-01
1485 2.518135682153195E-01
1486 2.399864191400129E-01
1487 2.415185481762941E-01
1488 2.300620654311971E-01
1489 2.319803484178070E-01
1490 2.217362438883290E-01
1491 2.237723328913537E-01
1492 2.147320860246161E-01
1493 2.116453944217191E-01
1494 2.061783830338318E-01
1495 2.022666171804274E-01
1496 1.982119068925935E-01
1497 1.939220685098936E-01
1498 1.911279654750033E-01
1499 1.865987818828015E-01
1500 1.849123397448221E-01
1501 1.803862343898604E-01
1502 2.089498144634796E-01
1503 1.795876621323046E-01
1504 1.751848724809510E-01
1505 1.751963167143961E-01
1506 1.710106744598855E-01
1507 1.892444166077805E-01
1508 1.716517097766817E-01
1509 1.678960305414665E-01
1510 1.663207624796675E-01
1511 1.637729641043610E-01
1512 1.656460448852438E-01
1513 1.621526348640746E-01
1514 1.641608219737783E-01
1515 1.613440079008704E-01
1516 1.586642169872700E-01
1517 1.585859463817660E-01
1518 1.612222404312442E-01
1519 1.590976045310853E-01
1520 1.558870608441227E-01
1521 1.573549398376240E-01
1522 1.601503062082999E-01
1523 1.592594613629188E-01
1524 1.560405183665484E-01
1525 1.587729763159205E-01
1526 1.615981524510700E-01
1527 1.617924739449345E-01
1528 1.585589448801956E-01
1529 1.624228081237601E-01
1530 1.649952240619813E-01
1531 1.664659822270126E-01
1532 1.637635865325790E-01
1533 1.686908037332269E-01
1534 1.705779302673384E-01
1535 1.734909781924981E-01
1536 1.718316800390454E-01
1537 1.772864677677232E-01
1538 1.760253345591941E-01
1539 1.821171192763236E-01
1540 1.827179833469292E-01
1541 1.877071979053655E-01
1542 1.881737774055216E-01
1543 1.940551336075974E-01
1544 1.955879536615122E-01
1545 1.924966207710296E-01
1546 2.011690987754691E-01
1547 2.040239815993372E-01
1548 2.094832200264482E-01
1549 2.136837533427305E-01
1550 2.188332057205866E-01
1551 2.237870503749210E-01
1552 2.139536012270610E-01
1553 1.809219960715001E-01
1554 1.749748533964140E-01
1555 2.232137038051522E-01
1556 2.177743849187272E-01
1557 2.183115875822432E-01
1558 2.296751933559449E-01
1559 2.375776434631012E-01
1560 2.243323255445403E-01
1561 2.369403181441195E-01
1562 2.419083240466307E-01
1563 2.504602066020382E-01
1564 2.267989262306886E-01
1565 2.207166515102067E-01
1566 2.490118962886193E-01
1567 2.454892149841476E-01
1568 2.599365887707406E-01
1569 2.642624580637135E-01
1570 2.757935456710880E-01
1571 2.341907074260799E-01
1572 2.326015155119744E-01
1573 2.127433193440712E-01
1574 2.151049183010878E-01
1575 2.080466983280374E-01
1576 2.098631271251343E-01
1577 2.035205491749274E-01
1578 2.048846167458688E-01
1579 1.991777208243252E-01
1580 2.109139977453593E-01
1581 2.055561830673107E-01
1582 2.785507239423425E-01
1583 2.926339916187218E-01
1584 2.930503505067953E-01
1585 3.091337421884280E-01
1586 1.976370448043061E-01
1587 2.122238636893472E-01
1588 2.451224912039238E-01
1589 1.970905576156473E-01
1590 2.542430915100862E-01
1591 2.392433495790085E-01
1592 2.289495575224056E-01
1593 2.364234962494370E-01
1594 1.695609400705796E-01
1595 3.113075409145056E-01
1596 3.270093549383850E-01
1597 1.875486609719095E-01
1598 3.065557968619885E-01
1599 3.309629479672413E-01
1600 3.470663703604674E-01
1601 2.245868391564295E-01
1602 3.078831352120884E-01
1603 1.612705694662494E-01
1604 1.938565931045158E-01
1605 1.922139991817234E-01
1606 2.292327256505159E-01
1607 1.718410367761893E-01
1608 1.744999494775999E-01
1609 1.716870635122100E-01
1610 1.737603649600988E-01
1611 1.768593668872921E-01
1612 1.711937056731229E-01
1613 2.198972013159725E-01
1614 2.113235033325743E-01
1615 2.055398579573305E-01
1616 1.948343966539846E-01
1617 1.755528325249373E-01
1618 1.788694846463727E-01
1619 2.325256098315351E-01
1620 2.244118565114826E-01
1621 2.133380003469431E-01
1622 2.061248204791574E-01
1623 1.745433557192892E-01
1624 1.717311815476086E-01
1625 1.750391392673532E-01
1626 1.723093121563434E-01
1627 1.750145288347787E-01
1628 1.724075403553207E-01
1629 1.747764178408407E-01
1630 1.701258678478380E-01
1631 1.702747161166706E-01
1632 1.684504976372815E-01
1633 1.779008678788571E-01
1634 3.551661393179161E-01
1635 3.685478530813314E-01
1636 3.794587901325984E-01
1637 3.903352705140261E-01
1638 4.054818338802332E-01
1639 4.117269844908088E-01
1640 4.317890252418180E-01
1641 3.968094831758432E-01
1642 1.890395365944719E-01
1643 2.378185281781803E-01
1644 2.465451671445233E-01
1645 2.409646597349543E-01
1646 2.485746286428045E-01
1647 1.873241168650680E-01
1648 2.318794443787249E-01
1649 1.982655075266725E-01
1650 1.932595279023513E-01
1651 1.842981976022955E-01
1652 1.814544240322233E-01
1653 1.685793603992165E-01
1654 1.671723957210713E-01
1655 1.770386889200265E-01
1656 1.804183304782054E-01
1657 2.468580832473453E-01
1658 1.694991304607930E-01
1659 1.705959903181880E-01
1660 1.595911215452637E-01
1661 1.616308575323109E-01
1662 1.511526798452126E-01
1663 1.541739725465632E-01
1664 1.436441374364955E-01
1665 1.482359708288729E-01
1666 1.380477481828283E-01
1667 1.439421145280335E-01
1668 1.342943258749239E-01
1669 1.412466995735052E-01
1670 1.331141303354990E-01
1671 1.401570145647767E-01
1672 1.334714103290863E-01
1673 1.570319223767192E-01
1674 1.404151136584810E-01
1675 1.345655689107315E-01
1676 1.265188496821646E-01
1677 1.288971058333519E-01
1678 1.367875831871579E-01
1679 1.329182339724249E-01
1680 3.092241383395570E-01
1681 3.419485422681390E-01
1682 1.703140994568121E-01
1683 3.078024849948474E-01
1684 1.246133739458414E-01
1685 1.299889279542338E-01
1686 1.376117712460823E-01
1687 1.356796018107235E-01
1688 1.277237587952937E-01
1689 1.350468428854685E-01
1690 1.422713201439910E-01
1691 1.428341838989994E-01
1692 1.356179280399003E-01
1693 1.445585697454756E-01
1694 1.379424114101541E-01
1695 1.479693654034222E-01
1696 1.410647792152419E-01
1697 1.529430664753523E-01
1698 2.120174596946032E-01
1699 1.487343810565820E-01
1700 1.601482243126235E-01
1701 1.573852347051687E-01
1702 1.687757327064070E-01
1703 1.680491820645682E-01
1704 1.789097966318063E-01
1705 1.801946835586355E-01
1706 1.622692871876988E-01
1707 1.708555421515780E-01
1708 1.739467679739588E-01
1709 2.571136030627189E-01
1710 2.418620651214013E-01
1711 1.694490833882762E-01
1712 1.691317725585375E-01
1713 1.677182854348598E-01
1714 1.675355392425998E-01
1715 1.664928022947044E-01
1716 1.847043394372981E-01
1717 1.830431824215428E-01
1718 1.663652866978094E-01
1719 1.657448698724064E-01
1720 2.312634269399358E-01
1721 2.232595198180815E-01
1722 2.168339498644624E-01
1723 2.157672930580700E-01
1724 2.099909801009472E-01
1725 2.089801535526108E-01
1726 2.037779728954538E-01
1727 2.408926028183766E-01
1728 2.027587215890941E-01
1729 1.981047275269329E-01
1730 1.985586547498611E-01
1731 1.935221010308548E-01
1732 1.935529949606115E-01
1733 2.135259521191245E-01
1734 1.970688954056195E-01
1735 2.012598318560078E-01
1736 1.900594058474547E-01
1737 4.308152621447381E-01
1738 4.499742224684843E-01
1739 1.893426492285456E-01
1740 1.640950190820989E-01
1741 1.982448776389397E-01
1742 1.672101273342663E-01
1743 1.662587008050344E-01
1744 1.658909276154546E-01
1745 2.109843190412798E-01
1746 2.049305695349564E-01
1747 1.999705189574175E-01
1748 2.174812925063511E-01
1749 2.045702717577472E-01
1750 1.782045870011557E-01
1751 1.790388021656630E-01
1752 1.992831889776941E-01
1753 2.762386130342978E-01
1754 1.931644543230572E-01
1755 1.903951994203937E-01
1756 1.859627144059959E-01
1757 1.685207548675531E-01
1758 1.826263994757841E-01
1759 1.955512729442351E-01
1760 1.889215872313567E-01
1761 1.993481343043681E-01
1762 2.575075622692498E-01
1763 2.541409919768489E-01
1764 2.251368018710107E-01
1765 1.270341044353853E-01
1766 1.276680521255667E-01
1767 1.889140381425442E-01
1768 1.661417974831588E-01
1769 1.503140116780659E-01
1770 1.816414408526322E-01
1771 2.597914464183307E-01
1772 2.163195366313415E-01
1773 1.654619644097521E-01
1774 2.349068857642891E-01
1775 2.559446311207100E-01
1776 1.462891629175328E-01
1777 2.232478578461861E-01
1778 1.464938390305475E-01
1779 2.374877140900892E-01
1780 1.807950893448326E-01
1781 1.792606157442242E-01
1782 2.664227000574965E-01
1783 2.799722407411144E-01
1784 3.650994193836006E-01
1785 1.947234415418580E-01
1786 1.972345649990022E-01
1787 1.656538404783937E-01
1788 1.656123032078027E-01
1789 1.653240372849397E-01
1790 2.053697394239412E-01
1791 1.489158967637930E-01
1792 4.536214124635620E-01
1793 4.713793784247635E-01
1794 4.649818521738254E-01
1795 4.826267965265273E-01
1796 2.281046996736538E-01
1797 1.737915243154163E-01
1798 2.720557762372365E-01
1799 2.728667939072859E-01
1800 1.810619751059295E-01
1801 2.541399964300806E-01
1802 1.772985128424137E-01
1803 1.759174606246476E-01
1804 2.893514374357236E-01
1805 2.928134500216034E-01
1806 3.074746271028423E-01
1807 3.139174512766262E-01
1808 3.270694610178804E-01
1809 3.366355930961650E-01
1810 3.488294591362385E-01
1811 3.610122351677142E-01
1812 3.697434436583674E-01
1813 3.857736942269071E-01
1814 3.898711122368936E-01
1815 4.071538515442436E-01
1816 4.084391677917407E-01
1817 4.281227787122567E-01
1818 4.250759572378635E-01
1819 4.442797026667891E-01
1820 4.383374063184505E-01
1821 4.606928597194069E-01
1822 4.515593370483778E-01
1823 4.699862271104174E-01
1824 4.321405776734217E-01
1825 4.831983880656377E-01
1826 4.872024560745544E-01
1827 5.010192874377108E-01
1828 5.042547589419824E-01
1829 4.888572194115559E-01
1830 5.005743004630866E-01
1831 5.158796631494708E-01
1832 5.087759697517100E-01
1833 5.230696952696243E-01
1834 5.124214364909141E-01
1835 5.224220211842333E-01
1836 5.117253105958547E-01
1837 5.202155573526914E-01
1838 5.070682039721078E-01
1839 5.081100307402960E-01
1840 3.918478870066621E-01
1841 5.224701136435517E-01
1842 5.033392549141811E-01
1843 1.792398526147199E-01
1844 2.729889046436715E-01
1845 4.941418532943429E-01
1846 5.003862551680497E-01
1847 4.897821172830036E-01
1848 1.951357114960226E-01
1849 1.484762827356543E-01
1850 1.929565038155603E-01
1851 1.669016264705127E-01
1852 1.652138657186755E-01
1853 1.645289806297052E-01
1854 2.444391885929397E-01
1855 4.979224771240489E-01
1856 1.678454709560174E-01
1857 2.626823974156171E-01
1858 2.727498450715181E-01
1859 2.237238275789232E-01
1860 1.741086151426501E-01
1861 1.826831706967295E-01
1862 1.918385466702130E-01
1863 1.903178962957570E-01
1864 2.101004145841489E-01
1865 1.665916675589477E-01
1866 2.725387863247832E-01
1867 4.462445999631722E-01
1868 4.274373665979156E-01
1869 3.395827852909110E-01
1870 2.678512007347891E-01
1871 1.449484188296660E-01
1872 3.338087208869569E-01
1873 1.850181173004338E-01
1874 1.846871872372451E-01
1875 1.759372064701600E-01
1876 1.513836553598863E-01
1877 1.920244737297468E-01
1878 1.956128370372135E-01
1879 4.505691360287238E-01
1880 1.824526400064408E-01
1881 1.940383531137592E-01
1882 1.983163095269846E-01
1883 1.898975399415503E-01
1884 2.766607315545078E-01
1885 1.658835049569134E-01
1886 2.052333160165645E-01
1887 2.982078175637580E-01
1888 1.644683673644708E-01
1889 1.798395746295916E-01
1890 4.984462852631411E-01
1891 5.336834075608511E-01
1892 1.520641242961512E-01
1893 2.212334078019385E-01
1894 5.164153343142517E-01
1895 1.626166607741200E-01
1896 1.899573636842811E-01
1897 1.668740409014070E-01
1898 2.028855627647641E-01
1899 1.971241834088297E-01
1900 2.084568790948471E-01
1901 1.514834102162014E-01
1902 1.466577376949284E-01
1903 5.000377048582223E-01
1904 5.005693961541426E-01
1905 4.951697501259300E-01
1906 1.786437120162485E-01
1907 2.696146017161295E-01
1908 2.885440575105379E-01
1909 2.483982249031710E-01
1910 2.884231359327283E-01
1911 3.066820543381021E-01
1912 4.435227714284320E-01
1913 4.276686043647985E-01
1914 2.874842407507213E-01
1915 1.933706977032168E-01
1916 1.971492910031872E-01
1917 1.871999925747272E-01
1918 2.598914875120446E-01
1919 2.678288354007911E-01
1920 2.552350864251887E-01
1921 2.611317988227884E-01
1922 5.153664516832294E-01
1923 4.069129792854017E-01
1924 1.648375919204649E-01
1925 1.638049532266675E-01
1926 2.674856146988445E-01
1927 2.806044222782239E-01
1928 2.951814520866267E-01
1929 2.924218395549738E-01
1930 3.102311729752232E-01
1931 3.082932484688128E-01
1932 3.262800853547637E-01
1933 3.303837785549205E-01
1934 3.516769068894648E-01
1935 2.016573450100152E-01
1936 1.727253995798164E-01
1937 2.018827149476941E-01
1938 1.984412326195963E-01
1939 1.652472925590735E-01
1940 2.649639094082006E-01
1941 2.516036420516223E-01
1942 5.062503932948326E-01
1943 4.855655335565697E-01
1944 1.650776752580527E-01
1945 1.852683906230012E-01
1946 1.647236357240376E-01
1947 1.646740843496560E-01
1948 4.779849142336509E-01
1949 2.030303443870727E-01
1950 2.240783651704362E-01
1951 5.166421306273927E-01
1952 5.355573701233488E-01
1953 2.004741638188983E-01
1954 1.741985468175087E-01
1955 1.729713023898775E-01
1956 1.742932761627873E-01
1957 1.716283927624078E-01
1958 1.704041121551503E-01
1959 1.693509920289828E-01
1960 2.493747685989112E-01
1961 3.472335466486600E-01
1962 3.526216930663739E-01
1963 3.697556734911280E-01
1964 3.876815816030779E-01
1965 3.915394408730897E-01
1966 4.056341105135943E-01
1967 4.117509699472395E-01
1968 1.991082996585479E-01
1969 3.412231305734318E-01
1970 3.511691597133919E-01
1971 3.768350234147054E-01
1972 3.595734669960995E-01
1973 3.383414759976431E-01
1974 5.059460921291357E-01
1975 2.102452135715800E-01
1976 2.142819741754650E-01
1977 3.264393089115464E-01
1978 5.232936313368824E-01
1979 1.654342035614608E-01
1980 3.898526228299677E-01
1981 4.008476463462956E-01
1982 2.499177473865650E-01
1983 4.252056109489188E-01
1984 4.548275824239703E-01
1985 3.736651274525153E-01
1986 5.374325148577653E-01
1987 5.435508707930514E-01
1988 5.422619404772078E-01
1989 3.196000147170336E-01
1990 4.275134221192720E-01
1991 1.726168436055865E-01
1992 1.948996602153498E-01
1993 2.753252973758317E-01
1994 2.571580870223504E-01
1995 2.355628610584387E-01
1996 2.262949877723057E-01
1997 2.328960127426211E-01
1998 2.434196332673615E-01
1999 3.306657638850925E-01
2000 3.536217420762317E-01
2001 3.688966989820387E-01
2002 1.914981455935041E-01
2003 1.712682311485172E-01
2004 5.568800754717055E-01
2005 2.634965089955020E-01
2006 1.891515657590831E-01
2007 1.947524661918377E-01
2008 1.790968546565417E-01
2009 1.867875151724691E-01
2010 2.040479960048074E-01
2011 1.640119966458778E-01
2012 1.597169391078273E-01
2013 1.475232041411557E-01
2014 5.421468520212234E-01
2015 5.554695076711499E-01
2016 1.915477473841219E-01
2017 1.687492633261817E-01
2018 1.565763134918907E-01
2019 1.540799243446073E-01
2020 2.228331546471096E-01
2021 2.286469317933746E-01
2022 2.205415677358381E-01
2023 2.150644185308470E-01
2024 3.345227305860683E-01
2025 3.073554472721658E-01
2026 4.983631874869272E-01
2027 4.080484941008112E-01
2028 4.144447016342093E-01
2029 4.276045320887781E-01
2030 4.362899845590145E-01
2031 2.075994121755267E-01
2032 2.003636421077485E-01
2033 1.974825898320170E-01
2034 1.897401620419359E-01
2035 1.913708191213963E-01
2036 1.803861620784048E-01
2037 4.936830857343126E-01
2038 5.170197435544176E-01
2039 3.393919706310743E-01
2040 1.581975781859540E-01
2041 1.974681349590634E-01
2042 2.026761969756311E-01
2043 1.921989219084224E-01
2044 1.735478810193131E-01
2045 1.002354240467288E-01
2046 1.157369495792695E-01
2047 1.093120783366576E-01
2048 1.223496014934958E-01
2049 1.293194823011117E-01
2050 9.983817889832507E-02
2051 1.149224676747561E-01
2052 1.075957916413985E-01
2053 1.234386306935836E-01
2054 1.276570961564454E-01
2055 2.213636275854453E-01
2056 2.190997828092768E-01
2057 2.285436631331484E-01
2058 8.437723102294174E-02
2059 9.840665982302135E-02
2060 9.657880180251310E-02
2061 1.083675510399384E-01
2062 1.078066654626408E-01
2063 1.109872830449997E-01
2064 1.171801403763848E-01
2065 9.691303788872736E-02
2066 1.087429566107376E-01
2067 9.991343261614240E-02
2068 1.119714219998879E-01
2069 1.053857532448492E-01
2070 9.234241993585002E-02
2071 1.186471046241944E-01
2072 9.297674835761570E-02
2073 1.025799462647901E-01
2074 1.420997677705799E-01
2075 1.338406261035314E-01
2076 2.954938474545097E-01
2077 4.498668371309017E-01
2078 4.501632762634446E-01
2079 3.076459637473167E-01
2080 1.650808198042898E-01
2081 1.661403476265328E-01
2082 1.663844506635823E-01
2083 1.678471040888894E-01
2084 2.172963895252378E-01
2085 3.174627365812123E-01
2086 2.880299779955237E-01
2087 4.256399402916700E-01
2088 4.471549985471243E-01
2089 1.884446817991005E-01
2090 1.817478441095504E-01
2091 1.747830946344949E-01
2092 1.740236914202956E-01
2093 1.820178608158512E-01
2094 1.674242728861387E-01
2095 1.695544437290566E-01
2096 1.636821744397067E-01
2097 2.242577756465640E-01
2098 1.880019605526881E-01
2099 1.898600226649921E-01
2100 2.002191263534933E-01
2101 1.647046319066065E-01
2102 1.634710024327716E-01
2103 1.649957876936541E-01
2104 1.411683333725535E-01
2105 2.397216509633844E-01
2106 1.266621910139358E-01
2107 3.062964350658318E-01
2108 2.585901359589587E-01
2109 1.869967980807640E-01
2110 1.858208575152319E-01
2111 1.838994351343934E-01
2112 1.928269909668207E-01
2113 4.284987048789960E-01
2114 4.067265418468472E-01
2115 2.170569656325252E-01
2116 2.258365462549617E-01
2117 2.144273263464931E-01
2118 2.864321047301662E-01
2119 2.833236531953776E-01
2120 2.439982243442581E-01
2121 2.314490143601189E-01
2122 9.273523756832867E-02
2123 1.653326011702030E-01
2124 1.885502277515851E-01
2125 1.897616196290801E-01
2126 1.667132148244741E-01
2127 8.317440031922355E-02
2128 1.660203385281600E-01
2129 1.599660607915433E-01
2130 1.587933795221558E-01
2131 1.542948888822543E-01
2132 1.542869821618463E-01
2133 1.481715413968038E-01
2134 1.504317800577828E-01
2135 5.341592570981230E-01
2136 3.463390355016202E-01
2137 3.481422639816923E-01
2138 3.041789872543372E-01
2139 1.595776943446238E-01
2140 2.538050800325510E-01
2141 1.180832071613847E-01
2142 2.170450952159154E-01
2143 2.088535566024786E-01
2144 2.014999023471978E-01
2145 1.986910404173221E-01
2146 2.020492188498405E-01
2147 1.955047033926420E-01
2148 1.925984037703765E-01
2149 1.873383893566068E-01
2150 1.890545914828334E-01
2151 1.842574845552816E-01
2152 1.850969187791223E-01
2153 1.828699247210420E-01
2154 1.949945747356363E-01
2155 1.637939922991218E-01
2156 1.882138540554449E-01
2157 1.809382432075859E-01
2158 4.971806492704345E-01
2159 5.180373416815948E-01
2160 1.236454882525284E-01
2161 3.645505155442018E-01
2162 4.078893026003417E-01
2163 4.071973494384626E-01
2164 3.664289390733743E-01
2165 1.632127314569245E-01
2166 2.002446343754231E-01
2167 1.952176068665238E-01
2168 1.906393438451857E-01
2169 1.904587809293333E-01
2170 1.864658335950777E-01
2171 1.864035621656511E-01
2172 1.828663011105043E-01
2173 1.829959416922003E-01
2174 1.806595933414180E-01
2175 1.698588004320508E-01
2176 4.646401371943504E-01
2177 4.505230414108563E-01
2178 4.326710443084222E-01
2179 4.678829449429564E-01
2180 4.641751382216722E-01
2181 4.275734691470600E-01
2182 1.579975147419739E-01
2183 4.816067860193524E-01
2184 4.669932031329460E-01
2185 5.124482435456730E-01
2186 1.661999154060700E-01
2187 2.928267546184557E-01
2188 2.783494691392610E-01
2189 1.830546643039452E-01
2190 1.798503027984201E-01
2191 2.247187538506141E-01
2192 1.948361586944450E-01
2193 2.059227650475587E-01
2194 4.274951557397063E-01
2195 2.094387240654244E-01
2196 1.695093783267661E-01
2197 1.668082897705015E-01
2198 1.811475024038564E-01
2199 1.758444856226082E-01
2200 3.940176621153117E-01
2201 2.012065611440854E-01
2202 1.657235505865253E-01
2203 1.661489005261048E-01
2204 1.686441059051867E-01
2205 1.692386629654407E-01
2206 1.709983987941885E-01
2207 1.719426513613467E-01
2208 1.696191601023991E-01
2209 1.688139849989647E-01
2210 4.969418581956186E-01
2211 1.165389774812823E-01
2212 1.721186842983302E-01
2213 1.749287906922344E-01
2214 1.719889503506967E-01
2215 1.757199610314286E-01
2216 1.788231279534563E-01
2217 1.852889352949524E-01
2218 1.784312653483934E-01
2219 1.773654642305955E-01
2220 1.888822139389676E-01
2221 4.819041656747003E-01
2222 1.811816637115190E-01
2223 2.393162538524919E-01
2224 4.766910408293546E-01
2225 1.718776601581008E-01
2226 1.904521503024293E-01
2227 2.524108256342150E-01
2228 1.627784350789221E-01
2229 2.015446138931026E-01
2230 1.729185678296013E-01
2231 2.068725682129582E-01
2232 2.039604128272750E-01
2233 2.163663290116650E-01
2234 1.423622143146221E-01
2235 1.538432014986193E-01
2236 1.447427434425164E-01
2237 1.473038135254648E-01
2238 1.020593922116719E-01
2239 1.865129397182976E-01
2240 5.492617093109641E-01
2241 5.509902098913581E-01
2242 1.300029168806550E-01
2243 2.000199778104754E-01
2244 1.900990263683345E-01
2245 1.740132159095267E-01
2246 1.750538779789916E-01
2247 1.168386931810732E-01
2248 5.507042298913595E-01
2249 1.871252915947156E-01
2250 1.633572605711215E-01
2251 2.058084736755391E-01
2252 4.913260058024203E-01
2253 5.736177144471394E-01
2254 5.570897764599109E-01
2255 5.596914907395945E-01
2256 5.720552183975349E-01
2257 5.593366012670303E-01
2258 5.432605793561982E-01
2259 5.760749229956077E-01
2260 5.827144399918723E-01
2261 5.680431817996975E-01
2262 1.795064187852319E-01
2263 1.936942200494202E-01
2264 1.805595810556309E-01
2265 1.850894420954546E-01
2266 1.822738982373617E-01
2267 1.887257972419071E-01
2268 1.853191116163354E-01
2269 1.408757535557804E-01
2270 1.460380865303176E-01
2271 1.694153081488145E-01
2272 1.821221927475895E-01
2273 1.929566683790989E-01
2274 1.750977975526574E-01
2275 1.653898782352333E-01
2276 2.562917568670247E-01
2277 2.400771320609285E-01
2278 2.333830090217053E-01
2279 2.446854608070865E-01
2280 1.177261536900746E-01
2281 1.869397777170622E-01
2282 2.224595297375997E-01
2283 1.683715322475952E-01
2284 4.466607786222179E-01
2285 4.606783606465757E-01
2286 1.779909822571003E-01
2287 1.412532238074071E-01
2288 1.727409917418989E-01
2289 1.704181047542140E-01
2290 1.689251849907760E-01
2291 3.040147316630891E-01
2292 2.248269127217829E-01
2293 1.670433502644728E-01
2294 1.788474749570752E-01
2295 1.656657983794236E-01
2296 1.680292778933545E-01
2297 1.782429325085381E-01
2298 4.481870496902758E-01
2299 1.675493365430790E-01
2300 1.860910925262541E-01
2301 2.220155997816177E-01
2302 2.415872374114446E-01
2303 2.164608906574229E-01
2304 1.488397973673964E-01
2305 1.780007763591319E-01
2306 5.829834566998626E-01
2307 5.672889160542526E-01
2308 5.781869777827882E-01
2309 2.071578385771020E-01
2310 2.098132989051026E-01
2311 1.823534858444324E-01
2312 2.923040422265864E-01
2313 1.469412479759136E-01
2314 1.523061485154180E-01
2315 2.038916318814072E-01
2316 2.194654085611017E-01
2317 2.001322709741799E-01
2318 2.586464443002823E-01
2319 1.551940078203409E-01
2320 1.632116851060076E-01
2321 1.152977482995285E-01
2322 1.793317972374367E-01
2323 1.685201357304452E-01
2324 4.592507467451459E-01
2325 1.639888316247707E-01
2326 2.542533415728325E-01
2327 2.033602379823513E-01
2328 2.290409721319154E-01
2329 2.397870682892344E-01
2330 1.512827924961763E-01
2331 2.129149623042909E-01
2332 1.551910314119050E-01
2333 4.979984772001269E-01
2334 2.790195890948216E-01
2335 1.640650324315095E-01
2336 1.714067859498518E-01
2337 1.841213826893586E-01
2338 2.918149247193790E-01
2339 3.257519274841426E-01
2340 1.328242269182451E-01
2341 1.637246148416641E-01
2342 1.699600829761529E-01
2343 3.193377969556850E-01
2344 2.301206509587343E-01
2345 2.170517840357786E-01
2346 2.797290886232682E-01
2347 1.554532546017416E-01
2348 2.090030632744745E-01
2349 2.448813011720836E-01
2350 1.657678514996056E-01
2351 4.163248776136846E-01
2352 3.935439718135869E-01
2353 1.622617639662002E-01
2354 1.562940057512340E-01
2355 5.291453972794748E-01
2356 2.173823925037651E-01
2357 1.617496199665251E-01
2358 1.556624181609660E-01
2359 1.932884526602940E-01
2360 1.932968353450285E-01
2361 1.674625437020582E-01
2362 2.911490580934604E-01
2363 4.724557364360307E-01
2364 2.435240879564992E-01
2365 2.595809468826518E-01
2366 3.767884923069013E-01
2367 3.616430540146204E-01
2368 4.535495978263036E-01
2369 2.386738737435659E-01
2370 3.591358824201872E-01
2371 1.639528697312271E-01
2372 3.744130746586821E-01
2373 1.717314374633488E-01
2374 4.003813794537531E-01
2375 2.641125431776504E-01
2376 1.399029499635518E-01
2377 4.380059703402447E-01
2378 2.810779347793201E-01
2379 2.924268075879858E-01
2380 1.171427014784724E-01
2381 1.838580149789146E-01
2382 2.683640290394130E-01
2383 1.876012426852278E-01
2384 2.285513015682182E-01
2385 1.565380422561618E-01
2386 4.895816007550724E-01
2387 4.749513011830553E-01
2388 4.889845704548030E-01
2389 1.769401933816518E-01
2390 2.078651560036313E-01
2391 3.048319120955397E-01
2392 1.686424574184819E-01
2393 1.521708681012227E-01
2394 1.769676633949537E-01
2395 2.206154992691883E-01
2396 1.714847343121288E-01
2397 4.752274545432997E-01
2398 4.835937680681446E-01
2399 1.872360590424574E-01
2400 4.824791381932690E-01
2401 5.140126522325570E-01
2402 4.087235469101853E-01
2403 2.220737230661615E-01
2404 4.061476963436531E-01
2405 1.679649595436114E-01
2406 5.273770343093640E-01
2407 4.813000728446903E-01
2408 4.813185405175922E-01
2409 5.430582381876220E-01
2410 1.843813993877806E-01
2411 1.984564274164912E-01
2412 1.953871143665961E-01
2413 3.237456604828342E-01
2414 3.361086295172856E-01
2415 1.702236533605528E-01
2416 4.137620793054481E-01
2417 2.349935625822417E-01
2418 2.235236861908483E-01
2419 1.720566349088740E-01
2420 2.054320014387556E-01
2421 4.330228770257368E-01
2422 4.765081153156924E-01
2423 2.578021510582159E-01
2424 1.934986828835903E-01
2425 1.529066517773799E-01
2426 1.603214617933837E-01
2427 1.805422200350346E-01
2428 1.207776935353124E-01
2429 4.836751743782298E-01
2430 1.360672907273727E-01
2431 3.773385080507389E-01
2432 5.322642320147211E-01
2433 2.045295494849618E-01
2434 1.654867396503137E-01
2435 1.754670624347522E-01
2436 1.530228190615630E-01
2437 3.765571273599692E-01
2438 3.945226459014075E-01
2439 3.335963996072859E-01
2440 4.783684380016064E-01
2441 4.149982678687902E-01
2442 4.609604103231872E-01
2443 5.241442647921332E-01
2444 2.657006414412537E-01
2445 9.940741525877254E-02
2446 1.218308823719315E-01
2447 2.189343012096872E-01
2448 3.134272071720122E-01
2449 3.174367335212032E-01
2450 1.867006061414524E-01
2451 1.733641172076234E-01
2452 4.086660891399821E-01
2453 1.888260516854169E-01
2454 2.191311494679174E-01
2455 4.970658462122547E-01
2456 4.605232957764647E-01
2457 5.579279766329587E-01
2458 2.396211114299305E-01
2459 1.877589552183155E-01
2460 3.875606793989370E-01
2461 1.773070984633436E-01
2462 4.712189362102523E-01
2463 4.811656901537829E-01
2464 1.557660888281720E-01
2465 5.043707721308446E-01
2466 2.019848934862809E-01
2467 1.801362737795968E-01
2468 1.198100481354479E-01
2469 1.827961997674431E-01
2470 1.654051569839628E-01
2471 2.747127681794501E-01
2472 1.649252282264130E-01
2473 2.110707969643731E-01
2474 5.658241576394343E-01
2475 1.802912287988231E-01
2476 2.108075401378234E-01
2477 2.103153971398355E-01
2478 4.200755718692796E-01
2479 1.554216621806266E-01
2480 3.230542521262858E-01
2481 1.644122366942158E-01
2482 2.780250996669230E-01
2483 1.425018009990087E-01
2484 5.036215626241253E-01
2485 4.993707119153553E-01
2486 1.893251645957886E-01
2487 1.855610132304736E-01
2488 5.535920796656867E-01
2489 4.416682976392265E-01
2490 3.027356725752078E-01
2491 1.470096746877206E-01
2492 1.417554279113212E-01
2493 3.030529934268069E-01
2494 3.593474633359565E-01
2495 4.419210125733716E-01
2496 1.649880725867279E-01
2497 3.205822337979218E-01
2498 1.654422833197057E-01
2499 1.685965817822951E-01
2500 1.501085755194197E-01
2501 4.154018622312167E-01
2502 2.025435300573556E-01
2503 1.087585605833164E-01
2504 4.688703811009525E-01
2505 2.723773060188809E-01
2506 1.811533553584074E-01
2507 3.771112695718833E-01
2508 1.396455818383096E-01
2509 1.851485744816325E-01
2510 2.500913555395824E-01
2511 5.623098827259995E-01
2512 2.334946035354107E-01
2513 2.958732881500098E-01
2514 5.035567399320782E-01
2515 5.003827508156928E-01
2516 1.797746571073786E-01
2517 5.287458988291861E-01
2518 1.702113659012520E-01
2519 1.694885539437065E-01
2520 3.267422288300031E-01
2521 3.826649688701423E-01
2522 4.950070880756893E-01
2523 2.747648564311322E-01
2524 1.725836571035888E-01
2525 1.861357760025419E-01
2526 1.811156340893128E-01
2527 1.614649038839693E-01
2528 2.159474697839826E-01
2529 1.262075117000739E-01
2530 2.941015968268789E-01
2531 5.715712690007529E-01
2532 5.518987915729517E-01
2533 1.343666404667199E-01
2534 1.906175598063015E-01
2535 1.906187249734100E-01
2536 1.823951206415069E-01
2537 2.048971117222428E-01
2538 5.534518036299085E-01
2539 4.542485867028919E-01
2540 4.913760502282444E-01
2541 4.436049912167565E-01
2542 2.046376271273342E-01
2543 3.962811576427646E-01
2544 2.124540795654307E-01
2545 1.422952329127581E-01
2546 2.720839015456188E-01
2547 2.541251134394140E-01
2548 4.690469019531011E-01
2549 4.691448508376950E-01
2550 1.760930567372775E-01
2551 1.906866760571191E-01
2552 2.432726848561495E-01
2553 4.595834836814027E-01
2554 1.791897524625536E-01
2555 2.300951300361141E-01
2556 4.769584300135092E-01
2557 4.746790887928003E-01
2558 5.335642852356787E-01
2559 1.208187531706362E-01
2560 3.908304258442576E-01
2561 2.141820668896462E-01
2562 5.286580844478354E-01
2563 5.417400183673640E-01
2564 2.670313102181875E-01
2565 1.769231621419909E-01
2566 5.154696216425205E-01
2567 1.612184896280805E-01
2568 1.113533851360834E-01
2569 2.357495485682889E-01
2570 3.451565513035513E-01
2571 3.125693619780216E-01
2572 5.344293030049090E-01
2573 1.775011049236609E-01
2574 1.802515547089600E-01
2575 2.081328024427889E-01
2576 4.969329321545995E-01
2577 1.167539080381854E-01
2578 3.212973591354502E-01
2579 1.842418290880957E-01
2580 1.782527770090903E-01
2581 8.003040957567335E-02
2582 5.694082269434754E-01
2583 4.620780126272336E-01
2584 2.177440344079248E-01
2585 2.080766292734778E-01
2586 2.168596290249412E-01
2587 1.979222385073698E-01
2588 5.146806875522288E-01
2589 4.423705228051564E-01
2590 1.628123626724878E-01
2591 1.568086723520992E-01
2592 1.861568723346286E-01
2593 2.456212982067859E-01
2594 1.652712366694536E-01
2595 2.485641253321677E-01
2596 1.673160119290417E-01
2597 4.160743127514783E-01
2598 1.300783889330475E-01
2599 3.644656709215787E-01
2600 1.644281409657721E-01
2601 4.626319358303221E-01
2602 4.888598957752425E-01
2603 4.886603362299544E-01
2604 3.417012790007159E-01
2605 5.165038895674366E-01
2606 5.252636757630865E-01
2607 5.233437800934878E-01
2608 3.801718762256585E-01
2609 3.839289937295820E-01
2610 3.898159899047885E-01
2611 3.305379393458003E-01
2612 3.299337114434188E-01
2613 3.208787178039881E-01
2614 1.840676217833909E-01
2615 1.823650941100479E-01
2616 1.814351723799546E-01
2617 3.356981499375302E-01
2618 3.321468717080990E-01
2619 3.272673605132070E-01
2620 1.830588190729885E-01
2621 1.805386764362130E-01
2622 1.302539079987509E-01
2623 1.339940800239327E-01
2624 1.361169691613321E-01
2625 1.843243749502085E-01
2626 1.846135912816187E-01
2627 1.826283936777679E-01
2628 4.200321522843153E-01
2629 4.166827845063943E-01
2630 4.087042043060158E-01
2631 3.205175873568010E-01
2632 3.158806991398369E-01
2633 2.071642441003949E-01
2634 2.116440201495138E-01
2635 2.148710899502387E-01
2636 3.568733517872801E-01
2637 3.677801342652885E-01
2638 3.585228308589622E-01
2639 4.827625516406302E-01
2640 4.916023468457808E-01
2641 4.915943351808615E-01
2642 4.827538899783838E-01
2643 5.300449584631313E-01
2644 5.403241166131233E-01
2645 5.312070914734157E-01
2646 5.071653857092958E-01
2647 5.070034169905350E-01
2648 1.653635132598576E-01
2649 1.653391020417891E-01
2650 1.653115867274201E-01
2651 1.654186797612716E-01
2652 1.654794411955785E-01
2653 4.954022418622832E-01
2654 5.049355737948386E-01
2655 5.024910860735315E-01
2656 1.653382824511281E-01
2657 1.573586706403826E-01
2658 1.638622865815572E-01
2659 3.457682063055982E-01
2660 3.983912773160966E-01
2661 4.069563024027882E-01
2662 3.992448445243390E-01
2663 1.605325336665719E-01
2664 1.567508127161418E-01
2665 1.591494909728242E-01
2666 1.453706942425394E-01
2667 1.483209933376612E-01
2668 1.455869943239368E-01
2669 3.960243863381960E-01
2670 4.011061234720820E-01
2671 1.659243855843097E-01
2672 1.658625130566536E-01
2673 1.656403493209401E-01
2674 1.612923923372892E-01
2675 1.619400501148461E-01
2676 1.608991383871094E-01
2677 1.729523038733570E-01
2678 1.745560902557369E-01
2679 1.734593004118591E-01
2680 1.384236179210105E-01
2681 1.417619178677527E-01
2682 1.514060388572375E-01
2683 1.556682703308760E-01
2684 1.491376567235412E-01
2685 1.459713866697064E-01
2686 1.426151087350252E-01
2687 1.442442177755121E-01
2688 1.355445309716711E-01
2689 1.294533883315429E-01
2690 1.355822057364987E-01
2691 5.274251510440467E-01
2692 5.355322756079743E-01
2693 3.264758079993064E-01
2694 3.378379001435865E-01
2695 3.304882794747589E-01
2696 1.648553769359984E-01
2697 1.639684086425225E-01
2698 1.644189998881623E-01
2699 1.886934364846612E-01
2700 1.872629944677866E-01
2701 1.900103285631350E-01
2702 2.085537279230970E-01
2703 2.154421817494402E-01
2704 2.977022905996813E-01
2705 2.974487536232287E-01
2706 2.874504016331081E-01
2707 3.848903654754439E-01
2708 3.853875963244025E-01
2709 3.767186709027326E-01
2710 3.809882034807720E-01
2711 3.724000114643188E-01
2712 3.881228582557266E-01
2713 1.765539154042726E-01
2714 1.751692404273367E-01
2715 1.768992966928786E-01
2716 1.542829446017251E-01
2717 1.531354160237509E-01
2718 4.906942135698019E-01
2719 4.906854399740949E-01
2720 2.769894418445628E-01
2721 2.724809953201069E-01
2722 2.716092926265020E-01
2723 1.628340797684057E-01
2724 1.626899299828802E-01
2725 3.284778806231900E-01
2726 3.263058069332608E-01
2727 3.352282845571431E-01
2728 1.402074968151554E-01
2729 1.345131299992444E-01
2730 1.885478414874917E-01
2731 1.849368081619293E-01
2732 1.841926971230621E-01
2733 1.658882618445688E-01
2734 1.653474607732616E-01
2735 3.925381254654101E-01
2736 3.842340385141319E-01
2737 1.984294410470497E-01
2738 2.003757204912423E-01
2739 1.966896476219348E-01
2740 1.923297022710470E-01
2741 1.937971237932923E-01
2742 2.080404243504883E-01
2743 2.110710169280154E-01
2744 2.116680786018477E-01
2745 4.017084678563652E-01
2746 4.038409980481206E-01
2747 4.070591015939352E-01
2748 4.174296673547227E-01
2749 4.167910158927768E-01
2750 1.761102689185092E-01
2751 1.691457984383389E-01
2752 1.714874653950578E-01
2753 4.276271942937474E-01
2754 4.355189214116054E-01
2755 4.392963801311304E-01
2756 1.655008817497000E-01
2757 1.662687224113063E-01
2758 1.655514904445083E-01
2759 3.437098951772781E-01
2760 3.428575842485776E-01
2761 1.779170893054565E-01
2762 1.759969190820831E-01
2763 1.814145815424828E-01
2764 1.843923406381489E-01
2765 1.503693890285869E-01
2766 1.498303271805493E-01
2767 5.681585513296503E-01
2768 5.591243248068066E-01
2769 5.597612528537298E-01
2770 5.051363865040388E-01
2771 5.121822778571206E-01
2772 4.997034505371200E-01
2773 1.830676763704011E-01
2774 1.856382209316341E-01
2775 1.846843435131752E-01
2776 5.222113152511627E-01
2777 5.277746336816759E-01
2778 1.649558002095045E-01
2779 1.655700569634724E-01
2780 1.787626737251093E-01
2781 1.767409267394439E-01
2782 1.778014829294164E-01
2783 3.889890120176429E-01
2784 3.977408512782111E-01
2785 1.653789533374906E-01
2786 1.413526301311187E-01
2787 1.391512090285479E-01
2788 3.347938097589588E-01
2789 3.470766696557625E-01
2790 3.421293715667460E-01
2791 1.814891984809036E-01
2792 1.812244439059144E-01
2793 2.352794407037322E-01
2794 2.387149324321562E-01
2795 2.412958922393290E-01
2796 3.062935382197711E-01
2797 2.954334520399817E-01
2798 1.652892271336182E-01
2799 1.655274842754126E-01
2800 1.647950919332826E-01
2801 1.683155934643175E-01
2802 1.690741891896353E-01
2803 1.693462302795737E-01
2804 3.006857687514513E-01
2805 3.005018987797694E-01
2806 2.920377052970113E-01
2807 2.047739632750582E-01
2808 2.019366729559209E-01
2809 2.037687659030499E-01
2810 5.219439173152375E-01
2811 5.333467124045282E-01
2812 1.920568492994580E-01
2813 1.944988945607864E-01
2814 1.972899592318129E-01
2815 4.979103964600471E-01
2816 4.970829613363513E-01
2817 4.987439394739979E-01
2818 4.400558908765579E-01
2819 4.439419876806055E-01
2820 4.313564528884993E-01
2821 3.747901893663043E-01
2822 3.910401797786632E-01
2823 4.633697959115474E-01
2824 4.671397203357313E-01
2825 4.701231812242730E-01
2826 1.938681578666505E-01
2827 1.954112017268473E-01
2828 2.272733296194302E-01
2829 2.312598128194091E-01
2830 2.257611582110317E-01
2831 3.432512923004401E-01
2832 3.531037945383446E-01
2833 1.662483939483279E-01
2834 1.658545277008532E-01
2835 1.793462252291886E-01
2836 1.854298111947842E-01
2837 1.798586720977613E-01
2838 1.857744276410236E-01
2839 3.171785829975168E-01
2840 3.218437675115490E-01
2841 3.128143035427862E-01
2842 2.486589997810847E-01
2843 2.500201507315393E-01
2844 2.413519936391086E-01
2845 3.926917113291880E-01
2846 4.004741881537120E-01
2847 4.004435525647613E-01
2848 2.414785612785544E-01
2849 2.374251889755755E-01
2850 2.312032975901450E-01
2851 9.055332659173342E-02
2852 9.812157677544152E-02
2853 9.235404664209410E-02
2854 2.840626226117204E-01
2855 2.859838128525701E-01
2856 4.109307043202241E-01
2857 4.220298713189258E-01
2858 4.955015643503711E-01
2859 4.977001433895797E-01
2860 2.577508755597531E-01
2861 2.487025051142066E-01
2862 1.841721695244853E-01
2863 1.862877859435371E-01
2864 5.632938208569327E-01
2865 5.744149400916222E-01
2866 5.651303949270854E-01
2867 2.882834785352254E-01
2868 2.956145091290276E-01
2869 3.002268442824870E-01
2870 5.132091477187105E-01
2871 5.090052585625251E-01
2872 5.194122990179756E-01
2873 3.846762242092438E-01
2874 3.828620331192508E-01
2875 1.477281739577648E-01
2876 1.430499832474040E-01
2877 1.512184696823519E-01
2878 1.517253537971025E-01
2879 1.860360951226076E-01
2880 1.836717798201741E-01
2881 1.878784140202951E-01
2882 4.923387170628961E-01
2883 4.901770863915609E-01
2884 5.001928653921398E-01
2885 3.078487025396461E-01
2886 2.983989693096258E-01
2887 1.946113871570563E-01
2888 1.925391793927161E-01
2889 1.950037497169586E-01
2890 2.164829644072695E-01
2891 2.210022236330108E-01
2892 5.108622837571830E-01
2893 5.194800678994124E-01
2894 5.358994441714463E-01
2895 5.420469332313417E-01
2896 5.442940266933558E-01
2897 1.682281843769116E-01
2898 1.674469922387243E-01
2899 1.677380849869564E-01
2900 2.152341645383213E-01
2901 4.272337620076982E-01
2902 4.177122139982627E-01
2903 2.804266502392407E-01
2904 2.909361491729170E-01
2905 2.827012934951168E-01
2906 2.860963365447833E-01
2907 2.851132465457523E-01
2908 2.791505444823724E-01
2909 1.665692718166158E-01
2910 1.662478488119481E-01
2911 1.658918571274536E-01
2912 3.269755510887108E-01
2913 3.381701615701320E-01
2914 1.764352544195903E-01
2915 1.762798869694977E-01
2916 1.722211008249453E-01
2917 2.845791797449212E-01
2918 2.772729835731879E-01
2919 2.801609240901818E-01
2920 4.118823691242279E-01
2921 4.003097020749359E-01
2922 4.155526545805529E-01
2923 3.149770861888810E-01
2924 3.101597490724342E-01
2925 3.182957492154155E-01
2926 9.605462060902047E-02
2927 8.792481585417476E-02
2928 2.514211982758318E-01
2929 2.449346077927551E-01
2930 1.169566743738131E-01
2931 1.219004146326876E-01
2932 1.216596275283272E-01
2933 4.826889938493309E-01
2934 4.904800121202941E-01
2935 4.778474673501013E-01
2936 1.624989113142492E-01
2937 1.614543121583690E-01
2938 5.076324489384418E-01
2939 3.934356771485837E-01
2940 3.836165359825725E-01
2941 3.968275910893883E-01
2942 1.903708742062692E-01
2943 1.910237898604562E-01
2944 4.721735302281032E-01
2945 4.686408825055426E-01
2946 4.810622492085669E-01
2947 5.462174662008692E-01
2948 5.497649866948946E-01
2949 3.208203186675418E-01
2950 3.135815351567091E-01
2951 5.240888966581225E-01
2952 5.291065586995751E-01
2953 1.660147931502229E-01
2954 1.741224371022176E-01
2955 1.863011143491544E-01
2956 1.882923341514390E-01
2957 1.880013903837542E-01
2958 2.003738388311380E-01
2959 2.032156131437411E-01
2960 2.381154921753660E-01
2961 2.313746519780009E-01
2962 2.277468896035823E-01
2963 1.220555627292075E-01
2964 1.261326203153524E-01
2965 1.633325911538097E-01
2966 1.632520251816300E-01
2967 3.302194240331516E-01
2968 3.245897301027716E-01
2969 2.903197775545397E-01
2970 3.015923109087720E-01
2971 1.864732873406671E-01
2972 1.882364935983901E-01
2973 4.755172667615024E-01
2974 4.687870967168072E-01
2975 4.687591227377733E-01
2976 3.602313832315262E-01
2977 3.685071865252750E-01
2978 5.202746789239465E-01
2979 5.282161760654527E-01
2980 1.804806741463733E-01
2981 1.760776993304319E-01
2982 1.014386536101693E-01
2983 9.786314035710571E-02
2984 1.055687227165813E-01
2985 1.921422516803251E-01
2986 1.901987784377865E-01
2987 5.056912490626275E-01
2988 5.153131859057045E-01
2989 2.219463235902497E-01
2990 2.250406684850129E-01
2991 1.334831351409343E-01
2992 1.286211959037685E-01
2993 1.290837614528212E-01
2994 4.978568692315655E-01
2995 5.051084640813583E-01
2996 5.063288254354835E-01
2997 5.533412087290369E-01
2998 5.604219376370381E-01
2999 3.751861651413319E-01
3000 3.737820912147804E-01
3001 3.654112544652559E-01
3002 4.657690715887776E-01
3003 4.625232422541575E-01
3004 4.725534909736132E-01
3005 3.782821312727783E-01
3006 3.692853110286645E-01
3007 1.624429369258613E-01
3008 1.670113832104101E-01
3009 1.671800136134800E-01
3010 4.885158429379582E-01
3011 4.894215721170013E-01
3012 1.742346705053522E-01
3013 1.726606401986810E-01
3014 1.598865149127781E-01
3015 1.619310147423128E-01
3016 2.095996602658584E-01
3017 2.106612280446960E-01
3018 2.072866610455832E-01
3019 1.871786551305433E-01
3020 1.955583250201589E-01
3021 1.943254811215158E-01
3022 2.335749538196424E-01
3023 2.360534122246247E-01
3024 2.726974163478469E-01
3025 2.677326899270160E-01
3026 2.631639133258418E-01
3027 2.554428468171147E-01
3028 2.653887311235431E-01
3029 1.392010951103358E-01
3030 1.358512545022950E-01
3031 1.448393787040902E-01
3032 2.096260300609408E-01
3033 2.067090345504606E-01
3034 2.060568389529664E-01
3035 3.337568758226170E-01
3036 3.283750966518907E-01
3037 1.850618741837638E-01
3038 1.862841056023103E-01
3039 4.388680344799667E-01
3040 4.279499986722005E-01
3041 4.397830837731633E-01
3042 3.637321770105962E-01
3043 3.687067509216743E-01
3044 3.550650468170224E-01
3045 1.793439123284442E-01
3046 1.864380466894940E-01
3047 2.138084196331096E-01
3048 2.110014571906889E-01
3049 1.950952938946268E-01
3050 1.926276038104374E-01
3051 1.928038917967612E-01
3052 3.530504550390416E-01
3053 3.586270550486587E-01
3054 3.458001923979347E-01
3055 3.598371881673842E-01
3056 4.370151843323746E-01
3057 4.466931929101703E-01
3058 1.604762014665984E-01
3059 1.607379649940351E-01
3060 1.585879065639524E-01
3061 1.847417132468858E-01
3062 1.843954830530725E-01
3063 1.827274148969419E-01
3064 4.056094017902495E-01
3065 3.972720566336322E-01
3066 1.905911678415846E-01
3067 1.878405807614225E-01
3068 5.426044252267438E-01
3069 5.460203471689693E-01
3070 5.545409784652702E-01
3071 3.616559562236574E-01
3072 3.742677694166925E-01
3073 2.202491923076526E-01
3074 2.272141807632062E-01
3075 1.545665944817362E-01
3076 1.590215048584597E-01
3077 1.571788515010876E-01
3078 5.589090113265791E-01
3079 5.628973241404783E-01
3080 5.647246480470778E-01
3081 1.970623078210870E-01
3082 1.989705445308582E-01
3083 1.994883595345171E-01
3084 2.010983888263706E-01
3085 2.029306132273234E-01
3086 2.033981824555662E-01
3087 4.301416052134834E-01
3088 4.243714914103774E-01
3089 2.000337005063207E-01
3090 3.740626367010312E-01
3091 3.811910467712102E-01
3092 3.854490420494358E-01
3093 4.175569559816792E-01
3094 4.265726902060721E-01
3095 1.813146190110500E-01
3096 1.816073747623131E-01
3097 2.051759796328812E-01
3098 2.025969934744724E-01
3099 4.582533205233877E-01
3100 4.496347224284108E-01
3101 4.578442888182648E-01
3102 1.713304751884000E-01
3103 1.648933408277883E-01
3104 1.667410524562201E-01
3105 2.489828775064904E-01
3106 2.939762820852345E-01
3107 3.039996753227999E-01
3108 3.030243317001131E-01
3109 2.606613765300677E-01
3110 2.516753036769767E-01
3111 2.534778773974118E-01
3112 1.669374014195806E-01
3113 1.666282700955846E-01
3114 1.913398695117817E-01
3115 1.898887436214023E-01
3116 1.887660921290269E-01
3117 1.592534062319813E-01
3118 1.571078805934701E-01
3119 1.566819460669181E-01
3120 1.828511311932497E-01
3121 1.747846519257890E-01
3122 1.835474612872609E-01
3123 4.878463489757380E-01
3124 4.863751927528646E-01
3125 4.894022985716611E-01
3126 1.462003692963402E-01
3127 1.490724476242714E-01
3128 1.487656272065443E-01
3129 1.914016945469732E-01
3130 1.896371876864792E-01
3131 1.919712323624629E-01
3132 1.717819158968955E-01
3133 1.686702265670250E-01
3134 1.706742370460273E-01
3135 4.846493692783174E-01
3136 4.790092270612079E-01
3137 4.767568563252449E-01
3138 4.846482822740539E-01
3139 4.767887912718810E-01
3140 4.790381353848918E-01
3141 4.607032048371777E-01
3142 4.694550679925754E-01
3143 2.386223125489572E-01
3144 2.424959239549833E-01
3145 2.366172842411222E-01
3146 1.578877162345862E-01
3147 1.594427731576583E-01
3148 1.542474008627724E-01
3149 2.155575549730724E-01
3150 2.170069604662538E-01
3151 2.190783281141157E-01
3152 4.374607727967099E-01
3153 2.173762589436967E-01
3154 2.141834453847248E-01
3155 2.221879490660575E-01
3156 8.310152892253143E-02
3157 9.030614417584548E-02
3158 1.086575897261332E-01
3159 1.145516096315015E-01
3160 1.117848086225911E-01
3161 1.666750634466409E-01
3162 1.671414981664182E-01
3163 1.674895137283546E-01
3164 2.992475030700143E-01
3165 2.453216048166314E-01
3166 2.404270182959424E-01
3167 2.446825888180949E-01
3168 1.717156883121629E-01
3169 1.726271940978057E-01
3170 1.917632275557015E-01
3171 1.964962189255030E-01
3172 2.090194345575468E-01
3173 2.126767950214204E-01
3174 2.124873789474977E-01
3175 2.365607948078177E-01
3176 2.425308169186051E-01
3177 1.435345772293855E-01
3178 1.465388954620500E-01
3179 5.320728700806160E-01
3180 5.379540549095265E-01
3181 4.659963212658304E-01
3182 4.613891066201207E-01
3183 4.565766022993327E-01
3184 4.661545419091314E-01
3185 4.567100599136810E-01
3186 4.614325383393685E-01
3187 1.511885170773721E-01
3188 1.534331705691995E-01
3189 1.532324599858765E-01
3190 2.722917556974810E-01
3191 2.822456852110384E-01
3192 1.490907413821539E-01
3193 1.895267928551877E-01
3194 1.877281787434224E-01
3195 5.202084902413185E-01
3196 5.149754846830612E-01
3197 1.679458416985853E-01
3198 1.927124540163613E-01
3199 1.941299334680159E-01
3200 1.619964024008926E-01
3201 1.612723864254978E-01
3202 4.766168375493754E-01
3203 4.728782513375853E-01
3204 1.665140389112247E-01
3205 1.667960969909309E-01
3206 1.661690204513781E-01
3207 1.659270885766585E-01
3208 1.948063294338991E-01
3209 3.569342753893062E-01
3210 3.512242183005711E-01
3211 3.627823455279754E-01
3212 2.850510096636280E-01
3213 2.775614427677492E-01
3214 2.852881588404130E-01
3215 2.868153789499968E-01
3216 2.935615399577581E-01
3217 3.771964365485874E-01
3218 3.788276563744573E-01
3219 3.430125821670365E-01
3220 3.486687770526652E-01
3221 1.693759401266552E-01
3222 1.703136360537605E-01
3223 2.044057643275979E-01
3224 2.065903785788090E-01
3225 1.597282954138627E-01
3226 1.588002606047507E-01
3227 1.570195686567388E-01
3228 1.556067030596413E-01
3229 1.594784091575629E-01
3230 2.996860174859549E-01
3231 3.053095643560166E-01
3232 2.975759224263674E-01
3233 3.169082517459483E-01
3234 3.064514009334179E-01
3235 3.160326975982813E-01
3236 5.143955056375137E-01
3237 5.142048788390996E-01
3238 4.311860242297248E-01
3239 4.292268471067789E-01
3240 4.229301250364166E-01
3241 4.181771751352357E-01
3242 1.719177252391653E-01
3243 1.683520298288178E-01
3244 2.484602952067243E-01
3245 2.455285689987323E-01
3246 3.588804478782395E-01
3247 3.432908698536924E-01
3248 3.498205698279194E-01
3249 5.269716690664927E-01
3250 5.365859947727198E-01
3251 1.818624971681737E-01
3252 1.856174743306809E-01
3253 3.673049597006834E-01
3254 3.728418706930947E-01
3255 3.597265281077278E-01
3256 4.192161169947696E-01
3257 4.289201189601275E-01
3258 4.147012289210633E-01
3259 1.741781417364463E-01
3260 1.750352290137037E-01
3261 1.857419468952719E-01
3262 1.880605186135918E-01
3263 1.865692111849973E-01
3264 2.378632930115432E-01
3265 2.358567962639967E-01
3266 2.413783220352353E-01
3267 3.510412893071116E-01
3268 2.165083768535623E-01
3269 2.074386551579666E-01
3270 4.416433978647443E-01
3271 4.515989384951420E-01
3272 4.422562120600969E-01
3273 2.276177979915039E-01
3274 2.252069573823270E-01
3275 1.550768200923925E-01
3276 1.542986064168297E-01
3277 1.602272607291432E-01
3278 1.557413477676020E-01
3279 1.565086708844889E-01
3280 1.565648147996173E-01
3281 1.642963604166555E-01
3282 1.645423955477833E-01
3283 1.640843240872152E-01
3284 1.171158632334320E-01
3285 1.196070472937834E-01
3286 1.403892430227269E-01
3287 1.319218521172172E-01
3288 3.462948716998834E-01
3289 3.397467602212850E-01
3290 3.514673105783970E-01
3291 5.264725761465298E-01
3292 5.354187665623862E-01
3293 5.247331790568611E-01
3294 3.893391093484967E-01
3295 1.725952654584183E-01
3296 1.746646118843675E-01
3297 4.462884958333829E-01
3298 4.527406339545539E-01
3299 1.647658128205101E-01
3300 1.630159872755114E-01
3301 2.271983585082952E-01
3302 2.502209958948570E-01
3303 2.454600293104864E-01
3304 1.505835072233434E-01
3305 1.481448936871993E-01
3306 3.489587663027178E-01
3307 3.617891500586631E-01
3308 3.569822666170800E-01
3309 1.946212018426767E-01
3310 1.978425160652665E-01
3311 2.016358110246254E-01
3312 2.057184193869878E-01
3313 2.023967656718367E-01
3314 2.009330292905313E-01
3315 1.975938108095275E-01
3316 1.973950457073283E-01
3317 1.631737428279827E-01
3318 1.636807760713530E-01
3319 3.244306059713523E-01
3320 1.743602963035219E-01
3321 1.755761166031023E-01
3322 1.282932078583649E-01
3323 1.207005250350301E-01
3324 1.262765823910671E-01
3325 1.884022708016340E-01
3326 1.882381210350168E-01
3327 2.118643736664357E-01
3328 2.075962165623056E-01
3329 2.098147543771417E-01
3330 4.597865421884323E-01
3331 1.653476408288782E-01
3332 1.655254066361463E-01
3333 1.275323283468125E-01
3334 1.240504492656377E-01
3335 1.225275317108253E-01
3336 1.307877105059171E-01
3337 1.249971247758162E-01
3338 2.242492409013246E-01
3339 2.137420969529261E-01
3340 1.904559206921385E-01
3341 1.854155011839913E-01
3342 4.212396508675691E-01
3343 4.063886165493226E-01
3344 1.796845997836714E-01
3345 1.797057220798387E-01
3346 1.775385901353769E-01
3347 1.783393936625073E-01
3348 1.766654704186971E-01
3349 1.629862075065106E-01
3350 1.754707023667455E-01
3351 1.739170889523529E-01
3352 1.743943897415399E-01
3353 2.129495820838462E-01
3354 2.168341896427499E-01
3355 2.739596359736293E-01
3356 2.659985097258163E-01
3357 3.704255540231612E-01
3358 1.819878966145763E-01
3359 1.805608741467834E-01
3360 1.797832956112226E-01
3361 4.883674489926972E-01
3362 1.697722478130762E-01
3363 1.629807728981581E-01
3364 3.207170248445724E-01
3365 3.103489845323484E-01
3366 1.633047776850319E-01
3367 1.580968877115616E-01
3368 1.418927000438752E-01
3369 1.450724115142732E-01
3370 1.885240593508284E-01
3371 1.861826938483467E-01
3372 1.874731839615852E-01
3373 1.852599080002184E-01
3374 1.891081652522378E-01
3375 4.901185050076522E-01
3376 4.818820854640593E-01
3377 4.876924691325473E-01
3378 1.924270989171094E-01
3379 1.903403178944781E-01
3380 4.778173423438822E-01
3381 4.877749273236883E-01
3382 2.305986970491811E-01
3383 2.343710977988863E-01
3384 2.276687239740533E-01
3385 1.854448040060840E-01
3386 1.860156370634120E-01
3387 1.876469069756190E-01
3388 4.979138530583611E-01
3389 5.075574009794110E-01
3390 3.250298843129683E-01
3391 3.165795775847206E-01
3392 4.923606804201565E-01
3393 4.870613600469322E-01
3394 2.424762147936182E-01
3395 2.468078522644588E-01
3396 2.929507107045538E-01
3397 1.848240780115921E-01
3398 1.838466226974441E-01
3399 4.773502913451852E-01
3400 4.704267007360303E-01
3401 4.951844864399683E-01
3402 4.890649437584279E-01
3403 2.188256853148702E-01
3404 2.188308703907025E-01
3405 3.138884571744549E-01
3406 1.048644300242147E-01
3407 9.621921567829141E-02
3408 5.388725429799215E-01
3409 5.319370026454265E-01
3410 5.170561773197411E-01
3411 5.252330890845701E-01
3412 2.314239730293827E-01
3413 2.254010988451210E-01
3414 2.313141544271916E-01
3415 1.266339394438137E-01
3416 1.215440857666221E-01
3417 1.846506171289128E-01
3418 1.864371086610788E-01
3419 1.840989204297738E-01
3420 1.213654038021440E-01
3421 1.177222254821237E-01
3422 1.239333830619212E-01
3423 1.670463925180345E-01
3424 1.674398694714273E-01
3425 1.988243868615881E-01
3426 1.948792966975805E-01
3427 1.579408102597893E-01
3428 1.548057855553792E-01
3429 3.407506710097350E-01
3430 3.487385581959955E-01
3431 3.451174825464317E-01
3432 2.172635912950650E-01
3433 2.199369520933285E-01
3434 2.153100175731247E-01
3435 1.659957325257932E-01
3436 1.675134555117433E-01
3437 1.666936711699470E-01
3438 2.505470402947477E-01
3439 2.564066976378145E-01
3440 2.574033752854075E-01
3441 1.841453127778261E-01
3442 1.912080315817431E-01
3443 1.938591736072622E-01
3444 1.296415332505218E-01
3445 1.247320668888211E-01
3446 4.905598258003960E-01
3447 4.908584828945188E-01
3448 1.831090126371077E-01
3449 1.841268436415652E-01
3450 1.757057979159330E-01
3451 1.746576002762482E-01
3452 1.761866711207107E-01
3453 4.957345542394792E-01
3454 1.893704158752265E-01
3455 1.900214832255460E-01
3456 2.488195395685017E-01
3457 2.533616465542358E-01
3458 2.439144797538248E-01
3459 2.347452724008947E-01
3460 2.255669759688334E-01
3461 1.848865941342565E-01
3462 1.870160382642717E-01
3463 2.052160686038413E-01
3464 3.490069447758666E-01
3465 3.566849198143454E-01
3466 4.542876169456325E-01
3467 4.609493254287524E-01
3468 1.069966298657899E-01
3469 1.102386650753077E-01
3470 1.633944605226644E-01
3471 1.638241124752632E-01
3472 2.092040979226954E-01
3473 2.129195151587056E-01
3474 2.170196867015947E-01
3475 1.696250126232398E-01
3476 1.701054684218464E-01
3477 1.709490838929231E-01
3478 1.772440695493113E-01
3479 1.755807165869008E-01
3480 2.476044168864102E-01
3481 2.388796698846713E-01
3482 3.357207859854458E-01
3483 3.357175920842076E-01
3484 3.457202626438891E-01
3485 4.852021518782562E-01
3486 4.966749203405441E-01
3487 4.165718085928842E-01
3488 4.255025381824951E-01
3489 4.180237381534196E-01
3490 1.736882713454210E-01
3491 1.733545281682106E-01
3492 1.723798971760877E-01
3493 3.031509672213262E-01
3494 2.952457659320827E-01
3495 3.065202560885562E-01
3496 2.389187727092268E-01
3497 2.330450864525886E-01
3498 3.522045553447636E-01
3499 3.388544326670088E-01
3500 3.486567907461837E-01
3501 4.558643728849793E-01
3502 4.453580566095721E-01
3503 1.845492672727864E-01
3504 1.813032826774321E-01
3505 2.825322991069577E-01
3506 2.844510288183615E-01
3507 2.489495517721381E-01
3508 2.468407620818149E-01
3509 2.424368184946402E-01
3510 4.979852330365014E-01
3511 4.967189893206143E-01
3512 4.966260426988360E-01
3513 2.640385552646504E-01
3514 2.719446046368618E-01
3515 2.662132387490309E-01
3516 3.969593846857764E-01
3517 2.209818660208081E-01
3518 2.227893424125447E-01
3519 2.882499142838733E-01
3520 2.849018214885685E-01
3521 2.780974286765472E-01
3522 5.588165209605136E-01
3523 5.489226450673689E-01
3524 5.506075955237714E-01
3525 5.273692144710802E-01
3526 5.331139817360105E-01
3527 5.231151518002812E-01
3528 1.948699283067150E-01
3529 1.966557220868398E-01
3530 4.993314332392998E-01
3531 1.669729669275898E-01
3532 1.676907700860961E-01
3533 2.286873898564758E-01
3534 2.209137856672914E-01
3535 2.245919986341946E-01
3536 3.118897592523405E-01
3537 3.045683887137421E-01
3538 3.156147611413490E-01
3539 3.279865871120771E-01
3540 2.041609727134929E-01
3541 1.839029019940174E-01
3542 1.874819422932259E-01
3543 1.981468753202333E-01
3544 2.003295103525259E-01
3545 1.912198170464127E-01
3546 1.939642422354484E-01
3547 1.686700837927604E-01
3548 1.698158809845401E-01
3549 1.891880359165440E-01
3550 1.798892624016113E-01
3551 3.493541360593470E-01
3552 3.561755859009294E-01
3553 1.977077302908964E-01
3554 2.002057943251980E-01
3555 1.843345275469307E-01
3556 1.824067520557200E-01
3557 1.827862266548091E-01
3558 2.142306343200414E-01
3559 2.094271866961657E-01
3560 2.118721229396856E-01
3561 1.258738986040774E-01
3562 1.315181275771490E-01
3563 1.285350243060087E-01
3564 2.089112447199561E-01
3565 2.127593652060357E-01
3566 1.751233317061243E-01
3567 1.757764578742735E-01
3568 2.315918244481506E-01
3569 2.350684718773657E-01
3570 2.299991978314515E-01
3571 1.874950342775619E-01
3572 5.503108363052307E-01
3573 3.678973096223880E-01
3574 2.087522665154312E-01
3575 2.108291256034918E-01
3576 2.836192471189168E-01
3577 1.739860391985667E-01
3578 1.643519675888215E-01
3579 1.645430797757482E-01
3580 1.733183303832460E-01
3581 1.749315301948322E-01
3582 2.116422401170416E-01
3583 2.077576333931840E-01
3584 2.613539389862899E-01
3585 2.591463218210122E-01
3586 1.758642959046475E-01
3587 3.291386895179663E-01
3588 3.335961778462482E-01
3589 4.609261818736815E-01
3590 4.728220588740404E-01
3591 3.088762436617923E-01
3592 1.996879476211731E-01
3593 3.262329819976229E-01
3594 3.382477871860057E-01
3595 1.489379580654579E-01
3596 1.511578626269435E-01
3597 2.914456211539743E-01
3598 2.952401756864730E-01
3599 4.517405376961929E-01
3600 4.452769986865492E-01
3601 1.864401350012812E-01
3602 2.233308907733451E-01
3603 4.804351785836895E-01
3604 4.834996818071399E-01
3605 4.792887517608729E-01
3606 4.861652886450388E-01
3607 4.824539451538901E-01
3608 4.483366766416104E-01
3609 4.366250791772524E-01
3610 1.637022794560813E-01
3611 1.630320304403646E-01
3612 1.863377286365704E-01
3613 1.876053502586019E-01
3614 3.673226651867083E-01
3615 3.681303038437601E-01
3616 3.756728710734994E-01
3617 1.879167487535710E-01
3618 1.841698478787994E-01
3619 1.847781007528434E-01
3620 1.004185371562411E-01
3621 1.044828249367311E-01
3622 9.746953580235761E-02
3623 3.123626479444847E-01
3624 3.056238950216973E-01
3625 3.103031278521132E-01
3626 1.931953690443090E-01
3627 1.923128466437652E-01
3628 2.393564460541666E-01
3629 2.318810425405566E-01
3630 2.373043911402061E-01
3631 1.779417890105987E-01
3632 1.764245940575672E-01
3633 2.183714173865421E-01
3634 2.140106366531043E-01
3635 4.734252881544098E-01
3636 4.735409013095466E-01
3637 1.370549993831859E-01
3638 3.018515131323620E-01
3639 3.024604972935115E-01
3640 1.714337409788560E-01
3641 1.713728148467863E-01
3642 2.436119748936078E-01
3643 2.402846245980359E-01
3644 2.357901437115287E-01
3645 1.790100790786381E-01
3646 1.777186119586930E-01
3647 1.795786854120898E-01
3648 3.003819113027038E-01
3649 2.974874069529572E-01
3650 2.430068425268388E-01
3651 2.360294774655159E-01
3652 2.417332504004187E-01
3653 3.734511498949446E-01
3654 3.669431436201049E-01
3655 2.970800585708850E-01
3656 3.042709958089138E-01
3657 3.049771893424686E-01
3658 4.856425113255653E-01
3659 4.934653707530527E-01
3660 4.403412095636230E-01
3661 4.345587174744592E-01
3662 4.464765917085360E-01
3663 4.921210325231826E-01
3664 4.928090807201408E-01
3665 4.921209795533585E-01
3666 4.928116183703957E-01
3667 1.640570808812143E-01
3668 2.471142994665265E-01
3669 2.446271852584551E-01
3670 4.367831522521616E-01
3671 4.471813647349642E-01
3672 1.611197086158126E-01
3673 2.442616510161798E-01
3674 2.325902366046158E-01
3675 5.495356000084333E-01
3676 5.497399778202569E-01
3677 5.570873689121156E-01
3678 2.365286278449497E-01
3679 2.335187262611129E-01
3680 2.635554415090758E-01
3681 2.543639580717774E-01
3682 2.468302248494897E-01
3683 2.438870640276825E-01
3684 2.803595814059285E-01
3685 2.818258113801929E-01
3686 1.910736608578222E-01
3687 1.925922066168496E-01
3688 2.280597051210703E-01
3689 2.275274681902907E-01
3690 1.734657344414713E-01
3691 1.675822143557283E-01
3692 2.454152096292690E-01
3693 1.708501385711940E-01
3694 5.301290978004941E-01
3695 5.295383109275560E-01
3696 1.682275331979374E-01
3697 1.612629452397734E-01
3698 4.741327374168271E-01
3699 4.721257809747377E-01
3700 4.782086202551030E-01
3701 4.348080163307164E-01
3702 4.348150146695007E-01
3703 4.211935055798781E-01
3704 2.496277624506283E-01
3705 2.468078577877391E-01
3706 2.425730699968265E-01
3707 3.757169034532789E-01
3708 3.627652758908363E-01
3709 2.052395412021683E-01
3710 2.036279375914851E-01
3711 2.786367193361194E-01
3712 2.515910129456067E-01
3713 2.251517639325248E-01
3714 2.282414111093380E-01
3715 2.299480272678047E-01
3716 5.437328458571040E-01
3717 2.431724783440202E-01
3718 1.810805009370486E-01
3719 1.828927073904494E-01
3720 2.472113947009826E-01
3721 1.681681330579316E-01
3722 1.690188020459270E-01
3723 1.840429683772025E-01
3724 1.818997922302961E-01
3725 1.831169763266350E-01
3726 4.172180533862176E-01
3727 4.925633533937098E-01
3728 4.942360910545214E-01
3729 4.941806338235607E-01
3730 4.923614985690121E-01
3731 2.166800744495658E-01
3732 2.196289480231265E-01
3733 1.863857739961508E-01
3734 1.852511309120424E-01
3735 5.589718507454677E-01
3736 5.622254693921932E-01
3737 1.837592540689372E-01
3738 1.861580135161474E-01
3739 2.560949197258756E-01
3740 2.512875173501157E-01
3741 2.577021886679476E-01
3742 5.708434283916015E-01
3743 5.608144300653827E-01
3744 5.221821124589539E-01
3745 5.280984891594276E-01
3746 1.807663084498683E-01
3747 1.788076366404468E-01
3748 4.131131456540094E-01
3749 4.206328686558381E-01
3750 4.070675575927301E-01
3751 1.850271151250365E-01
3752 1.908898407467743E-01
3753 1.938122977171050E-01
3754 1.919129710381614E-01
3755 2.747512792999123E-01
3756 2.704736068244095E-01
3757 2.796095183174803E-01
3758 1.916768155219549E-01
3759 1.869273301381202E-01
3760 2.011504544617776E-01
3761 1.968681485113704E-01
3762 1.942773218347146E-01
3763 1.954232444613231E-01
3764 2.806867796340927E-01
3765 2.900408327121221E-01
3766 2.863604627587026E-01
3767 2.673541765784805E-01
3768 2.456310222774360E-01
3769 2.448193677123408E-01
3770 1.956550786322322E-01
3771 2.032554123511215E-01
3772 9.642262745706121E-02
3773 9.006023801372107E-02
3774 1.824709320802391E-01
3775 1.909627138392360E-01
3776 1.024157688509542E-01
3777 9.914959436250244E-02
3778 1.930219540742008E-01
3779 1.895916972227822E-01
3780 1.661481693119376E-01
3781 1.656524186406379E-01
3782 2.889551174600085E-01
3783 2.773445661140673E-01
3784 2.766924940898024E-01
3785 2.159999728362393E-01
3786 2.135443379653325E-01
3787 1.999247540002516E-01
3788 1.711545089643861E-01
3789 1.722158416404138E-01
3790 1.735370448842150E-01
3791 1.753301425560648E-01
3792 3.192156331531247E-01
3793 1.944169145202656E-01
3794 2.211956515904841E-01
3795 2.158672177353443E-01
3796 2.200901407432330E-01
3797 4.339475994270819E-01
3798 1.961144563934560E-01
3799 2.242712599440963E-01
3800 2.168277372149953E-01
3801 2.213656142758681E-01
3802 1.796950021591423E-01
3803 2.058116092983416E-01
3804 2.062032378369511E-01
3805 2.150410928126905E-01
3806 2.259224470920454E-01
3807 2.308693061202370E-01
3808 2.540477608303885E-01
3809 2.616905433703282E-01
3810 3.162568394306122E-01
3811 1.313649202297551E-01
3812 1.310564520045534E-01
3813 1.269842041910153E-01
3814 1.671378283629983E-01
3815 1.831855544661838E-01
3816 2.179657198756854E-01
3817 2.112589931111887E-01
3818 2.896733994797882E-01
3819 2.950607673693016E-01
3820 2.074646153146387E-01
3821 2.127237917523542E-01
3822 2.342520435602782E-01
3823 3.396228980895389E-01
3824 3.299397119921446E-01
3825 3.358129367196368E-01
3826 1.846804539137148E-01
3827 1.791239273432718E-01
3828 5.024322824766468E-01
3829 4.909570014144698E-01
3830 1.175998750037072E-01
3831 1.128320815578649E-01
3832 1.195502738180175E-01
3833 5.138475263926272E-01
3834 5.075250302550127E-01
3835 1.884609746917922E-01
3836 3.556347862556574E-01
3837 3.544874870227552E-01
3838 2.282616537153607E-01
3839 2.228269287561195E-01
3840 2.235764312910993E-01
3841 2.318942752902317E-01
3842 1.238163379871920E-01
3843 1.642135803316497E-01
3844 1.644366252468421E-01
3845 1.635124594952362E-01
3846 1.481690633859825E-01
3847 1.486230896459277E-01
3848 1.408175622279080E-01
3849 3.387449615235209E-01
3850 3.343647910804354E-01
3851 2.134878569541776E-01
3852 1.905425380146355E-01
3853 1.924487465334619E-01
3854 1.995554236445010E-01
3855 1.984422003205110E-01
3856 2.409770013013309E-01
3857 2.384557445696179E-01
3858 2.976466968724283E-01
3859 1.779524872182779E-01
3860 1.615778685446888E-01
3861 1.569088970875198E-01
3862 1.551750983452513E-01
3863 1.571575297561629E-01
3864 2.094670053093565E-01
3865 2.024262911144822E-01
3866 4.994391349519883E-01
3867 4.968499390724151E-01
3868 5.004813133627684E-01
3869 4.932620007865891E-01
3870 4.482487481677733E-01
3871 2.340337159069454E-01
3872 2.338157281894524E-01
3873 3.774484949306235E-01
3874 4.814139074065863E-01
3875 4.732383630538436E-01
3876 4.720991022380743E-01
3877 4.804165330630771E-01
3878 1.779974265730326E-01
3879 1.768003856514006E-01
3880 2.591716962808162E-01
3881 2.524194319577110E-01
3882 2.590931868131115E-01
3883 2.528029035471874E-01
3884 1.901624816556201E-01
3885 1.913388251820420E-01
3886 2.672242020738101E-01
3887 4.659671789222830E-01
3888 4.759375724324013E-01
3889 1.626092508426048E-01
3890 1.617019627337600E-01
3891 1.602912140573829E-01
3892 1.801819255166476E-01
3893 1.791504371254295E-01
3894 1.768157257932509E-01
3895 2.011639368703265E-01
3896 2.012115262161473E-01
3897 2.039545630686361E-01
3898 1.963260205296936E-01
3899 3.891092677619482E-01
3900 3.806584589929443E-01
3901 1.534677279041495E-01
3902 2.219648171278721E-01
3903 2.244932047148696E-01
3904 2.134813395313941E-01
3905 2.170596446867397E-01
3906 3.532830644793181E-01
3907 1.928633108048516E-01
3908 1.905978898276517E-01
3909 1.927645820880469E-01
3910 4.322134211013602E-01
3911 4.270293266245876E-01
3912 4.202439810675901E-01
3913 2.413435534539051E-01
3914 1.662626931545340E-01
3915 1.674631232803475E-01
3916 2.734516573675781E-01
3917 2.649148402683479E-01
3918 2.770018514795813E-01
3919 2.889510012809542E-01
3920 5.215020576511887E-01
3921 1.779955581313686E-01
3922 1.781168674554092E-01
3923 1.976600980463112E-01
3924 1.952390218364049E-01
3925 2.215371646657220E-01
3926 2.207201916601821E-01
3927 1.812351807907670E-01
3928 1.747572027138256E-01
3929 1.831619437944573E-01
3930 2.707899846585735E-01
3931 2.652494222072139E-01
3932 1.640547672059454E-01
3933 1.636658983021931E-01
3934 9.187368230171827E-02
3935 8.799692857388686E-02
3936 3.626926753553111E-01
3937 1.644306554457257E-01
3938 2.052945550310599E-01
3939 2.026634392416650E-01
3940 4.700927324373525E-01
3941 4.615869709958308E-01
3942 2.395858709557102E-01
3943 2.383655450043422E-01
3944 1.486051456864836E-01
3945 1.416603904768281E-01
3946 4.601175283933120E-01
3947 4.632179826477237E-01
3948 1.833724935971631E-01
3949 1.802503521359404E-01
3950 2.794066978500961E-01
3951 2.884406148899809E-01
3952 2.048846903079828E-01
3953 2.025000746192022E-01
3954 1.950566373245646E-01
3955 1.975808882585554E-01
3956 1.891015455584139E-01
3957 1.627003029840482E-01
3958 1.539572225891211E-01
3959 1.557948149972433E-01
3960 2.272124195167615E-01
3961 2.204559441407997E-01
3962 2.211515523745411E-01
3963 2.181856440450414E-01
3964 2.154371805432946E-01
3965 2.005333409032374E-01
3966 2.026055657592699E-01
3967 3.260208182105213E-01
3968 3.358597413307094E-01
3969 3.240046462578478E-01
3970 3.137823534314245E-01
3971 3.181025700488426E-01
3972 3.083234041599885E-01
3973 1.739712677511587E-01
3974 1.955338163756830E-01
3975 1.890242631807878E-01
3976 2.979181816374659E-01
3977 3.070922303970759E-01
3978 2.088064722680909E-01
3979 2.043695946861147E-01
3980 2.069034815183996E-01
3981 4.942023964435303E-01
3982 4.942018265973754E-01
3983 4.193104250431058E-01
3984 4.076894977203414E-01
3985 1.695362140590233E-01
3986 1.708988115774856E-01
3987 1.975393551305301E-01
3988 2.001731150433084E-01
3989 1.984834851345666E-01
3990 2.010832970496366E-01
3991 2.465138797186985E-01
3992 1.202699391354643E-01
3993 4.530490413531826E-01
3994 4.593570762983527E-01
3995 4.140735086970305E-01
3996 1.985690519735465E-01
3997 2.037398078786120E-01
3998 2.019010684530810E-01
3999 1.944080636522499E-01
4000 1.950133436167329E-01
4001 1.898332303013494E-01
4002 1.924083942354575E-01
4003 1.884952387114192E-01
4004 1.677611445983268E-01
4005 1.675784314217645E-01
4006 1.670148758390058E-01
4007 1.682179176312540E-01
4008 1.672252054469441E-01
4009 3.640223821623265E-01
4010 3.714166711513922E-01
4011 1.551944042370645E-01
4012 1.497875592838745E-01
4013 1.542434344400304E-01
4014 1.882154527651780E-01
4015 1.744057667157990E-01
4016 1.780693670885826E-01
4017 3.681127286175410E-01
4018 4.225976183120310E-01
4019 2.312187405168449E-01
4020 2.350764557652126E-01
4021 1.779171295501619E-01
4022 1.795844710046585E-01
4023 2.227254736478341E-01
4024 2.268341414696122E-01
4025 4.047707470893974E-01
4026 4.127546664643919E-01
4027 2.637450441562356E-01
4028 2.713795389326831E-01
4029 1.661475516173919E-01
4030 1.676383495831764E-01
4031 1.527930162694350E-01
4032 1.468114450992262E-01
4033 2.509263454175916E-01
4034 2.571234786235208E-01
4035 1.623505186805289E-01
4036 1.656163162877067E-01
4037 1.643416960302261E-01
4038 2.524767816593500E-01
4039 2.466324510518637E-01
4040 2.491792891581673E-01
4041 2.987349788555116E-01
4042 2.891462505186304E-01
4043 2.271377970497761E-01
4044 4.872811712989417E-01
4045 4.871935707787105E-01
4046 1.734946630417714E-01
4047 1.725473971412663E-01
4048 1.954324826252029E-01
4049 1.926591501850008E-01
4050 2.001619823890287E-01
4051 1.962056709781739E-01
4052 1.980199401366106E-01
4053 4.915060396073164E-01
4054 4.915061952096089E-01
4055 2.236104312999763E-01
4056 2.281827996596815E-01
4057 4.824999505888526E-01
4058 2.111580592893290E-01
4059 1.638427032342465E-01
4060 1.647587972415220E-01
4061 1.650178317547875E-01
4062 1.541758290375845E-01
4063 1.818367709811728E-01
4064 9.066487088810825E-02
4065 8.339218694487548E-02
4066 1.826935325913980E-01
4067 1.758290863129018E-01
4068 1.720809530510874E-01
4069 1.743482493349550E-01
4070 1.937182441999958E-01
4071 1.550050537787375E-01
4072 1.494867260010101E-01
4073 2.181015478898550E-01
4074 2.133436758281796E-01
4075 2.218732986985852E-01
4076 2.403162838207611E-01
4077 2.388926935589929E-01
4078 1.773137486259892E-01
4079 2.207125191243431E-01
4080 2.205022594987778E-01
4081 1.998463085906847E-01
4082 2.044628645911057E-01
4083 2.257223605370410E-01
4084 4.348717730818183E-01
4085 4.827373737025388E-01
4086 4.830881375660506E-01
4087 1.218418889889803E-01
4088 1.168395118535275E-01
4089 1.221792394286449E-01
4090 2.152083304128709E-01
4091 2.112138148278029E-01
4092 1.712382902101793E-01
4093 1.705160120099235E-01
4094 3.728934757570753E-01
4095 1.833815319317386E-01
4096 1.806549253516951E-01
4097 4.536403562348606E-01
4098 4.470801158652478E-01
4099 1.365488175933619E-01
4100 1.328843613656843E-01
4101 1.318171747200290E-01
4102 3.013885730355572E-01
4103 3.101502258683522E-01
4104 1.701372782820851E-01
4105 1.689820629942109E-01
4106 1.864684920940299E-01
4107 1.880770679049168E-01
4108 1.716915783340288E-01
4109 1.704591732316109E-01
4110 1.681691601240758E-01
4111 1.160544887730512E-01
4112 1.127262247547958E-01
4113 2.239436875330695E-01
4114 2.271730313569050E-01
4115 2.134291994673422E-01
4116 1.665237758534049E-01
4117 1.114904480261217E-01
4118 1.089078402243162E-01
4119 1.037448336677085E-01
4120 9.592284507163817E-02
4121 2.347996605230726E-01
4122 4.257213435412381E-01
4123 4.311271932354747E-01
4124 2.104431540601816E-01
4125 2.459503198233912E-01
4126 2.468321508337923E-01
4127 1.641408273061377E-01
4128 1.634706124880420E-01
4129 1.639564116331338E-01
4130 2.366237412739947E-01
4131 2.342409641940340E-01
4132 2.311159372960574E-01
4133 3.948891587366028E-01
4134 3.876657161778436E-01
4135 2.158863362167649E-01
4136 2.128756229142805E-01
4137 1.644158114198672E-01
4138 1.624293939125226E-01
4139 4.561517168988320E-01
4140 4.463593705445654E-01
4141 1.959070032253219E-01
4142 1.940938043682740E-01
4143 1.973602467100982E-01
4144 1.737925339336843E-01
4145 1.728737597902243E-01
4146 1.707841966066366E-01
4147 1.651610138018711E-01
4148 1.659651817937358E-01
4149 1.654101200720293E-01
4150 2.130601041605447E-01
4151 2.804595078673239E-01
4152 2.729193373902591E-01
4153 1.694728948702088E-01
4154 1.687215456677053E-01
4155 1.391986748774800E-01
4156 1.341433718116158E-01
4157 3.578326698215217E-01
4158 5.359559083813316E-01
4159 5.259186750306485E-01
4160 1.695025984941640E-01
4161 1.647870971004939E-01
4162 1.797393121389318E-01
4163 1.514420060096324E-01
4164 2.527872169693757E-01
4165 2.572817509380596E-01
4166 1.649233439978151E-01
4167 1.638507260758610E-01
4168 5.017063845396934E-01
4169 4.997365057982231E-01
4170 1.066103374775505E-01
4171 1.351293792639597E-01
4172 1.311677526397278E-01
4173 1.924762632605335E-01
4174 1.889929674874549E-01
4175 1.699788484785607E-01
4176 1.653341147390244E-01
4177 1.643146737934723E-01
4178 2.388444856050688E-01
4179 1.767333862974060E-01
4180 1.761914397302267E-01
4181 3.839795344541335E-01
4182 3.949525903344161E-01
4183 1.677758684304969E-01
4184 1.680697463592285E-01
4185 1.689710912342725E-01
4186 1.359390307014250E-01
4187 1.327257074688729E-01
4188 5.024172016933027E-01
4189 5.009977037899547E-01
4190 5.021113788698996E-01
4191 2.814686493071252E-01
4192 2.909199086055128E-01
4193 2.205336223806816E-01
4194 2.207679540589951E-01
4195 1.652821935683952E-01
4196 1.670544953803680E-01
4197 1.679698234201304E-01
4198 1.654513614207924E-01
4199 1.662235947745887E-01
4200 4.992720560167229E-01
4201 4.993119737606966E-01
4202 4.988381026150018E-01
4203 4.684796931770363E-01
4204 4.767082559989004E-01
4205 1.776662934538859E-01
4206 1.773491146941828E-01
4207 1.144146656715620E-01
4208 1.996766716508812E-01
4209 3.159196601259123E-01
4210 3.150722257171729E-01
4211 2.097738314936610E-01
4212 2.061632414737054E-01
4213 1.625532440079402E-01
4214 1.610902421314090E-01
4215 3.005149680376553E-01
4216 3.104296586281284E-01
4217 1.650659774376733E-01
4218 1.657621742620458E-01
4219 1.693426450046611E-01
4220 1.671780555650834E-01
4221 1.687373055829666E-01
4222 4.661634411008766E-01
4223 4.565285614160915E-01
4224 1.643943496673937E-01
4225 1.648896708478521E-01
4226 2.021487675125254E-01
4227 3.525971513353418E-01
4228 3.415777260323052E-01
4229 1.666932885363681E-01
4230 1.674768757128111E-01
4231 2.186699342921473E-01
4232 2.212222182076305E-01
4233 1.689995815730784E-01
4234 1.683297511092202E-01
4235 2.157307242269192E-01
4236 2.225442332650759E-01
4237 2.185319478160868E-01
4238 1.959748844122093E-01
4239 1.820956452511641E-01
4240 1.841819127452256E-01
4241 3.195013027573260E-01
4242 3.287888198172592E-01
4243 2.292487893495095E-01
4244 1.566378917833865E-01
4245 1.548818260887059E-01
4246 1.557095386322333E-01
4247 2.614216199788096E-01
4248 2.550346967025013E-01
4249 2.335175426692011E-01
4250 2.598833357306479E-01
4251 2.604548515854215E-01
4252 2.541093696960214E-01
4253 2.494297181938210E-01
4254 2.559226022151913E-01
4255 1.724462384094820E-01
4256 1.715573159856074E-01
4257 1.730635474981851E-01
4258 1.723995963072494E-01
4259 1.729480752407082E-01
4260 1.714899850012499E-01
4261 4.818522364675114E-01
4262 4.818428112978751E-01
4263 1.917386704249236E-01
4264 1.929025358120555E-01
4265 1.720861564312843E-01
4266 1.705400685783045E-01
4267 1.709206361904169E-01
4268 3.450327452654297E-01
4269 1.745012927394278E-01
4270 1.229764474382713E-01
4271 4.680742237792826E-01
4272 4.776015820883721E-01
4273 4.775598780163915E-01
4274 4.680276327195406E-01
4275 1.667632477266813E-01
4276 1.677777953672243E-01
4277 1.657242170809259E-01
4278 1.857353149973371E-01
4279 1.827632789549569E-01
4280 2.634617898518076E-01
4281 2.723946507165562E-01
4282 1.757763978647772E-01
4283 1.765873674021795E-01
4284 1.749692180604615E-01
4285 3.208929408810243E-01
4286 3.314187510491545E-01
4287 2.068266781472607E-01
4288 2.069748160707884E-01
4289 4.914456056378605E-01
4290 1.934356396381834E-01
4291 1.911853229457747E-01
4292 1.909907852427330E-01
4293 4.336632938019837E-01
4294 1.865692105084271E-01
4295 1.858418155465936E-01
4296 2.178866700332788E-01
4297 5.031505307064510E-01
4298 5.078840571642216E-01
4299 2.003558254129000E-01
4300 1.969505873503771E-01
4301 2.242328659831878E-01
4302 2.294349665466220E-01
4303 1.949797158576237E-01
4304 1.925681521445027E-01
4305 5.195258576672299E-01
4306 5.102181681926825E-01
4307 1.937928241422472E-01
4308 1.910794327312043E-01
4309 1.927309689821193E-01
4310 1.982431661064637E-01
4311 1.964807898118587E-01
4312 2.027198808114431E-01
4313 2.028856119512362E-01
4314 3.568186206271920E-01
4315 3.446369070218761E-01
4316 1.658855441535139E-01
4317 2.022961357338186E-01
4318 2.034165616096563E-01
4319 2.019638695297214E-01
4320 2.001935362540372E-01
4321 2.376803692869870E-01
4322 2.316485097034547E-01
4323 1.616519322542237E-01
4324 1.601027197059053E-01
4325 1.604196873732218E-01
4326 1.338460923623946E-01
4327 1.307376798574073E-01
4328 1.299772303287299E-01
4329 5.024020871629095E-01
4330 5.075482528943386E-01
4331 1.628508306675204E-01
4332 1.609554392270664E-01
4333 1.700977080340838E-01
4334 1.697952167338613E-01
4335 1.705523837207830E-01
4336 1.715089835738424E-01
4337 1.799906863060194E-01
4338 1.774802214148167E-01
4339 1.587656463268070E-01
4340 1.576038998906120E-01
4341 1.572188405135929E-01
4342 1.644412906705309E-01
4343 1.637867099855108E-01
4344 2.133409709825524E-01
4345 2.101478953854322E-01
4346 1.690031583929356E-01
4347 1.686431772077889E-01
4348 1.734481291022169E-01
4349 1.729750626373827E-01
4350 1.704862234050533E-01
4351 1.565487586822502E-01
4352 1.548024279807845E-01
4353 2.503841284895856E-01
4354 2.552713331284662E-01
4355 2.656045178454505E-01
4356 2.590902271845336E-01
4357 1.307985303895094E-01
4358 1.289694727389797E-01
4359 1.849032140328906E-01
4360 1.681875647208589E-01
4361 1.684050222026738E-01
4362 1.672793593330128E-01
4363 1.269091963610935E-01
4364 1.605804442257986E-01
4365 1.566134891568015E-01
4366 1.686073573117395E-01
4367 1.674054246088935E-01
4368 1.906042545433152E-01
4369 1.781524138161260E-01
4370 1.772421246535575E-01
4371 1.751376613104297E-01
4372 1.590041036385651E-01
4373 2.076030190694894E-01
4374 2.057582880789202E-01
4375 2.047237716869980E-01
4376 1.990929358531821E-01
4377 1.745178474876524E-01
4378 1.734891427322546E-01
4379 1.970944192654413E-01
4380 1.955629220181244E-01
4381 1.936068561972663E-01
4382 1.914128190572953E-01
4383 1.914196981191857E-01
4384 1.666746767819985E-01
4385 2.103603503138337E-01
4386 2.090012607970006E-01
4387 2.068168770062340E-01
4388 1.580355464931682E-01
4389 1.685387910815819E-01
4390 1.654333083356820E-01
4391 1.984049942947228E-01
4392 1.958049500420103E-01
4393 1.959973390714242E-01
4394 1.945980641153505E-01
4395 1.712053809581635E-01
4396 1.715866847020194E-01
4397 1.642194870608559E-01
4398 1.641653372919414E-01
4399 1.635821967103555E-01
4400 1.960352108397753E-01
4401 1.872892600060265E-01
4402 2.069676463274893E-01
4403 2.037593496205011E-01
4404 1.957389137836942E-01
4405 1.931079581487870E-01
4406 4.568085965382155E-01
4407 4.664536928613590E-01
4408 2.087642042393242E-01
4409 2.060604955738330E-01
4410 1.700689878283626E-01
4411 1.973130778840566E-01
4412 1.851281503920484E-01
4413 1.863631635540293E-01
4414 2.670942907463734E-01
4415 2.607675671405495E-01
4416 2.038912429884758E-01
4417 2.020473562739487E-01
4418 1.582543298427507E-01
4419 1.577590994631290E-01
4420 2.239451622566654E-01
4421 2.200959451877228E-01
4422 1.646395398923194E-01
4423 1.643978010503339E-01
4424 1.871451227352135E-01
4425 1.847235807613544E-01
4426 2.348477215091136E-01
4427 2.254092948161513E-01
4428 2.310545252428859E-01
4429 1.649801391645628E-01
4430 1.998202316103501E-01
4431 1.341389651296267E-01
4432 2.095721639374637E-01
4433 2.063984208828629E-01
4434 1.913750161663748E-01
4435 1.943191148476993E-01
4436 4.412070816604178E-01
4437 1.652868554914576E-01
4438 1.649423758802294E-01
4439 1.948255479800539E-01
4440 1.660625196138164E-01
4441 1.963554574800468E-01
4442 1.936977573244300E-01
4443 2.437211351804781E-01
4444 2.481529829198519E-01
4445 2.013297804174737E-01
4446 1.984889809091759E-01
4447 2.408829129962147E-01
4448 2.358610819150990E-01
4449 1.891794643705501E-01
4450 1.988602480033332E-01
4451 1.976848680370660E-01
4452 1.221903119752579E-01
4453 1.951693918377699E-01
4454 1.926784791229554E-01
4455 1.945949762948092E-01
4456 2.008920985709358E-01
4457 3.121309667900584E-01
4458 3.122952452977907E-01
4459 2.038251692461514E-01
4460 1.659714118709093E-01
4461 1.664109380581359E-01
4462 1.526550943890812E-01
4463 1.491065736796433E-01
4464 1.471600913919677E-01
4465 2.028694047058358E-01
4466 2.027666476906913E-01
4467 1.752198633685073E-01
4468 1.731802054640171E-01
4469 1.973341768948116E-01
4470 8.956217210409147E-02
4471 8.340189127787601E-02
4472 8.642935841497490E-02
4473 2.872359106642685E-01
4474 1.906278369199113E-01
4475 1.897104740986502E-01
4476 1.882414752255995E-01
4477 1.911144702335704E-01
4478 1.886521219433692E-01
4479 1.602573121188660E-01
4480 1.602941802887295E-01
4481 1.585922064583383E-01
4482 2.033411076387546E-01
4483 2.004393578186411E-01
4484 2.163987500324475E-01
4485 2.129118505056915E-01
4486 1.599590352952603E-01
4487 1.585238600593805E-01
4488 1.958604948616201E-01
4489 1.956773469588623E-01
4490 1.944108468720435E-01
4491 1.922748224564181E-01
4492 1.919494240075326E-01
4493 1.049001179199331E-01
4494 9.989350100468546E-02
4495 1.631130134385928E-01
4496 1.850083938333287E-01
4497 1.817031592774034E-01
4498 1.984216119451426E-01
4499 1.966133460090271E-01
4500 1.966907563956507E-01
4501 1.984471293182840E-01
4502 1.891788555000394E-01
4503 1.869474996668399E-01
4504 1.871393492584832E-01
4505 1.711492384503970E-01
4506 1.698854997505177E-01
4507 2.053054554011380E-01
4508 2.024616956541528E-01
4509 1.949752707891242E-01
4510 1.977146390248304E-01
4511 1.964732794511173E-01
4512 2.246235948008606E-01
4513 1.814182377265955E-01
4514 1.793339888122648E-01
4515 1.800540041178115E-01
4516 1.996745417270353E-01
4517 1.969997126909574E-01
4518 1.887015755212160E-01
4519 9.570703423787995E-02
4520 3.619064030825074E-01
4521 1.581854498540261E-01
4522 1.884412409462049E-01
4523 1.885237721431642E-01
4524 1.880245197820737E-01
4525 1.692299305218933E-01
4526 1.689846679234193E-01
4527 2.700515368395573E-01
4528 2.714367968810033E-01
4529 1.285715215926859E-01
4530 1.685156972927150E-01
4531 1.685273611700384E-01
4532 1.694612147093299E-01
4533 1.706836999522146E-01
4534 1.759173451916118E-01
4535 1.401566222635989E-01
4536 1.413940804466466E-01
4537 1.879343172185295E-01
4538 4.890907762782006E-01
4539 4.839564099448316E-01
4540 4.274126397216514E-01
4541 4.349655514998156E-01
4542 2.056291606503992E-01
4543 4.362634247185719E-01
4544 1.660236639027431E-01
4545 1.663171449418266E-01
4546 1.654375119426061E-01
4547 1.459914459923000E-01
4548 1.432983637357659E-01
4549 1.405882620881090E-01
4550 1.316857930571128E-01
4551 1.666878033998945E-01
4552 1.675618089744106E-01
4553 1.678554739184745E-01
4554 1.965181743730164E-01
4555 1.690199379569466E-01
4556 1.682389473629992E-01
4557 1.670428892414177E-01
4558 2.340058246706230E-01
4559 2.322344371325588E-01
4560 1.713814685267165E-01
4561 1.698344855744672E-01
4562 4.986448798381951E-01
4563 1.698465052058691E-01
4564 1.706941347686074E-01
4565 1.698238950591639E-01
4566 1.706309346471360E-01
4567 1.711228794058189E-01
4568 4.990471027321567E-01
4569 1.678132875356562E-01
4570 1.692274464213742E-01
4571 1.660659218535064E-01
4572 1.656645243964625E-01
4573 9.315772568941552E-02
4574 9.509361418695331E-02
4575 1.732695250245944E-01
4576 1.741172184779500E-01
4577 1.748234431082114E-01
4578 1.846475750440579E-01
4579 1.847088230430032E-01
4580 1.829761665307277E-01
4581 1.928877753447323E-01
4582 1.492430699097534E-01
4583 1.523097035058518E-01
4584 1.694618088545313E-01
4585 1.707365049564957E-01
4586 1.810991483014052E-01
4587 2.528215431862306E-01
4588 1.546819218028874E-01
4589 1.568398619723063E-01
4590 2.118130272900756E-01
4591 2.061459675952927E-01
4592 1.430651072242174E-01
4593 1.446638900468061E-01
4594 3.050002936478458E-01
4595 1.812313470659039E-01
4596 1.811652877913890E-01
4597 1.729125819516158E-01
4598 1.734706750936061E-01
4599 1.721608949472602E-01
4600 3.395450061591705E-01
4601 3.508023893476485E-01
4602 5.016390788525739E-01
4603 4.990825874117016E-01
4604 2.714434413197917E-01
4605 2.685857350283195E-01
4606 2.844736214221325E-01
4607 2.928550082168236E-01
4608 1.644662868186464E-01
4609 1.632678647251107E-01
4610 1.639867022184718E-01
4611 1.860204659572087E-01
4612 1.839190647767049E-01
4613 2.471759015334110E-01
4614 2.398379216537798E-01
4615 1.660291141982801E-01
4616 1.966256836465672E-01
4617 2.058164790002593E-01
4618 1.821559581882288E-01
4619 2.229015910773297E-01
4620 2.192650427700684E-01
4621 2.985235235999179E-01
4622 1.589500412477912E-01
4623 1.573644787999857E-01
4624 1.666740730759189E-01
4625 1.998670237537770E-01
4626 1.976481826635945E-01
4627 1.819302353043394E-01
4628 1.800646833886316E-01
4629 2.155957305291132E-01
4630 1.472427928443162E-01
4631 1.508804495170290E-01
4632 1.446930615642298E-01
4633 1.902109635691637E-01
4634 2.123107910282222E-01
4635 2.538506798399296E-01
4636 2.311649703072838E-01
4637 2.268941311430388E-01
4638 1.865452974484080E-01
4639 1.766821534416003E-01
4640 1.765897476457157E-01
4641 1.647379884865276E-01
4642 1.911784447632945E-01
4643 2.874982331337768E-01
4644 1.835939491174161E-01
4645 4.069289858037731E-01
4646 4.040190775640268E-01
4647 3.246689652054367E-01
4648 1.457238602266894E-01
4649 1.327642691847106E-01
4650 1.318938127064792E-01
4651 1.286892677478598E-01
4652 2.265986147434625E-01
4653 1.893251314230742E-01
4654 1.875605200685993E-01
4655 1.870000360396074E-01
4656 2.079123859638889E-01
4657 2.074220780888661E-01
4658 2.104787116537198E-01
4659 1.705498605038220E-01
4660 1.704357295591119E-01
4661 4.968778770152795E-01
4662 1.647908505876171E-01
4663 1.639297326835017E-01
4664 2.918609522776421E-01
4665 2.843351067767242E-01
4666 1.650046954995716E-01
4667 1.829360044817222E-01
4668 1.824316071382455E-01
4669 1.847802474477378E-01
4670 3.623039057977724E-01
4671 3.735749455030534E-01
4672 1.389703128334051E-01
4673 1.394022555757105E-01
4674 1.733949039258370E-01
4675 1.737942263997657E-01
4676 1.155740419106518E-01
4677 1.195733228405232E-01
4678 1.122475704888994E-01
4679 1.867643658841837E-01
4680 1.654650725706793E-01
4681 1.354611390795976E-01
4682 1.743970883768726E-01
4683 1.736570082578557E-01
4684 1.868257952780639E-01
4685 4.042319038148253E-01
4686 3.884748974107347E-01
4687 5.120887897412463E-01
4688 5.153891414959468E-01
4689 2.020686353916707E-01
4690 1.411020798329184E-01
4691 1.392477471252368E-01
4692 1.978260156869791E-01
4693 1.760748102948976E-01
4694 2.068000985935964E-01
4695 2.067453664944795E-01
4696 4.348409936928992E-01
4697 2.090584795730003E-01
4698 2.066575693070082E-01
4699 2.719845739999359E-01
4700 2.042916730321155E-01
4701 2.019985923971162E-01
4702 2.972934013536373E-01
4703 1.954864227598700E-01
4704 1.864846019489376E-01
4705 3.432257375920405E-01
4706 3.545225600255874E-01
4707 1.782975244089416E-01
4708 1.766368826396353E-01
4709 1.937052968080984E-01
4710 1.913336952752868E-01
4711 1.910186850486314E-01
4712 1.772920865454174E-01
4713 2.073731849796778E-01
4714 1.642063037205989E-01
4715 1.643332937521495E-01
4716 1.954501661568555E-01
4717 1.927149096780458E-01
4718 4.386767225100736E-01
4719 4.472519876536178E-01
4720 4.471118287718373E-01
4721 4.383785082539180E-01
4722 1.632440227824095E-01
4723 1.627653510712480E-01
4724 1.463218700219082E-01
4725 1.477399331751023E-01
4726 2.215949043413319E-01
4727 2.194355610741580E-01
4728 1.827025521447904E-01
4729 1.644625106371937E-01
4730 2.193779527244419E-01
4731 2.166913350061016E-01
4732 1.719445892188522E-01
4733 1.723077260895778E-01
4734 1.514909784277149E-01
4735 4.585751780241462E-01
4736 4.586957321648876E-01
4737 1.659535216325594E-01
4738 1.546505031347909E-01
4739 1.587491023480609E-01
4740 1.664450985122325E-01
4741 1.698018342874171E-01
4742 4.112554312386442E-01
4743 3.986387133225475E-01
4744 2.140426192173295E-01
4745 2.115408371230302E-01
4746 1.313261735702286E-01
4747 1.272141085931766E-01
4748 3.999166248746979E-01
4749 4.106207855575666E-01
4750 4.031909787431461E-01
4751 1.840464512118785E-01
4752 1.817295685681277E-01
4753 2.992180443765707E-01
4754 1.600059781593250E-01
4755 1.601525289585943E-01
4756 5.117739854352286E-01
4757 5.076674868804625E-01
4758 1.933004680747665E-01
4759 1.909246473580462E-01
4760 1.895376081244440E-01
4761 2.145604447320036E-01
4762 2.112933842964135E-01
4763 1.693341296818479E-01
4764 1.684408364916022E-01
4765 1.790011251318235E-01
4766 1.379250317466529E-01
4767 1.372427271028498E-01
4768 3.985204629952715E-01
4769 4.061485829597818E-01
4770 1.870772268403290E-01
4771 1.889379410004808E-01
4772 1.961852952310097E-01
4773 1.958129189157367E-01
4774 1.827599491921823E-01
4775 2.179691732403225E-01
4776 2.142146515500813E-01
4777 2.042436851960982E-01
4778 1.367994400378231E-01
4779 1.368271529156716E-01
4780 1.330994817099065E-01
4781 1.724125135269406E-01
4782 1.712721943933432E-01
4783 1.746226012492032E-01
4784 1.767216342694889E-01
4785 1.886159925159022E-01
4786 1.733253751081879E-01
4787 2.265498843331410E-01
4788 2.370406557410399E-01
4789 2.172489189660998E-01
4790 1.296155741268173E-01
4791 1.269920783811656E-01
4792 1.714781567777830E-01
4793 1.703491859440801E-01
4794 1.704979067783617E-01
4795 1.633292037237748E-01
4796 1.683248226262306E-01
4797 1.879698770704482E-01
4798 1.542204547754098E-01
4799 1.529437814930024E-01
4800 1.986412980075386E-01
4801 2.005280035030493E-01
4802 1.030670326864488E-01
4803 1.043572165206499E-01
4804 1.985953689284950E-01
4805 2.004943445329889E-01
4806 2.331207283292639E-01
4807 2.415016287291487E-01
4808 2.456705954534389E-01
4809 1.176529216423480E-01
4810 2.469514482269823E-01
4811 1.840771209875039E-01
4812 1.824217126544695E-01
4813 1.694827496302302E-01
4814 1.705911100652150E-01
4815 2.004597102493770E-01
4816 1.775673974473405E-01
4817 1.784813899421274E-01
4818 8.564659555307422E-02
4819 9.161258882015624E-02
4820 3.657096957014831E-01
4821 3.771968614516420E-01
4822 1.705045092591751E-01
4823 3.390302217040206E-01
4824 3.497397647902610E-01
4825 3.413761151589297E-01
4826 2.803990596820221E-01
4827 1.582081557219500E-01
4828 2.243104784539905E-01
4829 2.199498483941357E-01
4830 1.371115286996677E-01
4831 1.374804318979144E-01
4832 1.991783134862725E-01
4833 1.983610543025558E-01
4834 1.969892062406002E-01
4835 9.986753590893163E-02
4836 1.035948481872025E-01
4837 9.548553760761372E-02
4838 2.003135473606703E-01
4839 1.023919360469939E-01
4840 1.024744407271442E-01
4841 1.665748458766619E-01
4842 2.660449397139588E-01
4843 1.907230390656678E-01
4844 1.880932848662010E-01
4845 1.676754437767547E-01
4846 1.670170216772728E-01
4847 2.277343731058540E-01
4848 1.588518239656826E-01
4849 1.596423509697031E-01
4850 2.098671159921591E-01
4851 2.175726913026161E-01
4852 1.577246817181841E-01
4853 8.000007024523970E-02
4854 7.824617972093545E-02
4855 1.702568194184052E-01
4856 1.693580002367888E-01
4857 1.114804508265921E-01
4858 1.076553957233624E-01
4859 1.750741597822651E-01
4860 1.736009224658724E-01
4861 1.522564908420510E-01
4862 2.392160063809601E-01
4863 2.465100351510483E-01
4864 8.187101238267766E-02
4865 8.963419210664771E-02
4866 8.500097709514939E-02
4867 3.593851992703747E-01
4868 3.640903051772745E-01
4869 3.543751749412385E-01
4870 1.656429825565658E-01
4871 1.675130986759360E-01
4872 1.046618900243922E-01
4873 1.091549009408738E-01
4874 1.352010154946004E-01
4875 1.996805789363416E-01
4876 1.651006407604700E-01
4877 1.853803368526253E-01
4878 5.594052238346650E-01
4879 5.551923539328891E-01
4880 2.512800383039969E-01
4881 1.330436107518639E-01
4882 1.347689611034109E-01
4883 2.207247953522227E-01
4884 2.205809110167823E-01
4885 2.173817725001672E-01
4886 2.011661757361722E-01
4887 1.999769267630641E-01
4888 1.737411970557941E-01
4889 1.794137132105413E-01
4890 2.073441036605919E-01
4891 2.105802676225401E-01
4892 1.666686984177760E-01
4893 1.894514150972834E-01
4894 1.871807086470029E-01
4895 9.513630218256131E-02
4896 2.589360562146825E-01
4897 2.607564782201824E-01
4898 2.656677029654869E-01
4899 1.491277734194025E-01
4900 1.464397572647302E-01
4901 2.056751381921307E-01
4902 8.215489106548289E-02
4903 8.486985045715022E-02
4904 8.981863481093447E-02
4905 1.510083262356881E-01
4906 1.570024277231656E-01
4907 1.711314821528612E-01
4908 1.727431181294489E-01
4909 2.365751561329292E-01
4910 1.710410281643045E-01
4911 1.704478475802718E-01
4912 1.698782012461885E-01
4913 4.788081850950860E-01
4914 1.571005423971653E-01
4915 1.555424077897637E-01
4916 1.440830528910510E-01
4917 1.438876975911473E-01
4918 1.909730786018111E-01
4919 1.602895074525590E-01
4920 1.616296891728192E-01
4921 5.085895587571816E-01
4922 1.208302359975485E-01
4923 1.145542500609490E-01
4924 1.224475877924320E-01
4925 1.664793747172116E-01
4926 1.660482753747468E-01
4927 1.062024981768270E-01
4928 3.886288710345466E-01
4929 3.919466579359735E-01
4930 3.795147870623297E-01
4931 1.663167084070343E-01
4932 1.653187439974763E-01
4933 1.044538749432531E-01
4934 1.098587536607056E-01
4935 2.117505688631998E-01
4936 2.077061124753879E-01
4937 1.779150683108901E-01
4938 1.786418355492172E-01
4939 1.797251022498801E-01
4940 1.912301490395824E-01
4941 1.948140635291964E-01
4942 1.570582751772338E-01
4943 1.649414681694114E-01
4944 2.510140665007951E-01
4945 2.024280254533988E-01
4946 1.644563032649263E-01
4947 1.652265346691876E-01
4948 1.814234929735759E-01
4949 1.798891800600244E-01
4950 1.701017717192456E-01
4951 7.693738709555016E-02
4952 7.630693591698944E-02
4953 1.497823904013576E-01
4954 1.409858928837066E-01
4955 1.685732669646909E-01
4956 1.678626753417432E-01
4957 1.648105444631296E-01
4958 2.124457490701316E-01
4959 1.458857124685054E-01
4960 2.639340431726527E-01
4961 2.585166824358082E-01
4962 1.787630464654478E-01
4963 1.775456505826710E-01
4964 1.770780462424131E-01
4965 2.383441624243249E-01
4966 2.347490941966094E-01
4967 4.752535652672743E-01
4968 4.751961244496679E-01
4969 7.626142420060582E-02
4970 7.586131820978063E-02
4971 5.380704020432596E-01
4972 5.355762687423309E-01
4973 5.307511755783931E-01
4974 1.725928827922950E-01
4975 1.712310628882647E-01
4976 1.730500595742133E-01
4977 2.875206835110198E-01
4978 2.773932348632075E-01
4979 1.651815167413144E-01
4980 1.216760333875465E-01
4981 1.151888227495335E-01
4982 2.016635471212986E-01
4983 3.184001660465378E-01
4984 3.283201337164658E-01
4985 3.201052332400371E-01
4986 1.783268162147801E-01
4987 1.648390590041482E-01
4988 1.682769573659157E-01
4989 1.988209763379852E-01
4990 1.443619601889604E-01
4991 1.754381321545063E-01
4992 1.760757813200761E-01
4993 1.435107175266808E-01
4994 1.797282832139239E-01
4995 9.166902263586101E-02
4996 8.786949269559546E-02
4997 1.850062383086614E-01
4998 1.879646719004207E-01
4999 1.612014513974565E-01
5000 1.487685697857524E-01
5001 1.796966683398397E-01
5002 1.806952464541751E-01
5003 1.815210040425649E-01
5004 2.786660943638225E-01
5005 1.816609918621928E-01
5006 2.028887340019360E-01
5007 2.420631484205713E-01
5008 2.460756932591441E-01
5009 1.985224817026593E-01
5010 2.025500092906140E-01
5011 2.484019839680252E-01
5012 1.776645761367065E-01
5013 1.766071465434050E-01
5014 1.733757576137069E-01
5015 1.733233090540909E-01
5016 1.717918848749031E-01
5017 1.269351595285952E-01
5018 1.352527847681515E-01
5019 1.342461213413865E-01
5020 4.466833612917031E-01
5021 4.404749515862847E-01
5022 1.672480471402144E-01
5023 1.667178558747440E-01
5024 1.712833541081204E-01
5025 1.685445944730407E-01
5026 1.693843166632026E-01
5027 1.620259065073454E-01
5028 1.716450681161258E-01
5029 1.529580696234253E-01
5030 3.778284230036716E-01
5031 2.082831278499533E-01
5032 1.849754096367739E-01
5033 5.163924296030641E-01
5034 2.393128509517815E-01
5035 1.655137380256251E-01
5036 1.660164196799719E-01
5037 1.684735237085956E-01
5038 1.673269875214961E-01
5039 3.853207447034060E-01
5040 3.972231628488399E-01
5041 1.655464129244139E-01
5042 1.652566570589512E-01
5043 2.279057222330902E-01
5044 2.271724369739263E-01
5045 1.662580446043495E-01
5046 1.658813057713342E-01
5047 5.382183315667525E-01
5048 5.284389516937325E-01
5049 1.763384820428339E-01
5050 1.747640120771612E-01
5051 1.595726130753258E-01
5052 1.978750957771125E-01
5053 1.834132590236322E-01
5054 1.840051530489232E-01
5055 2.178595414655407E-01
5056 1.255224859777593E-01
5057 1.299303836250540E-01
5058 1.315830325774023E-01
5059 2.069136675465081E-01
5060 2.115016571324704E-01
5061 1.460592199912428E-01
5062 1.784418197649557E-01
5063 1.806399347159521E-01
5064 1.855471692533854E-01
5065 1.915155135439408E-01
5066 1.555566627143655E-01
5067 1.640912820193291E-01
5068 1.636352528119850E-01
5069 1.901777601040338E-01
5070 1.871883627692891E-01
5071 1.238820760526261E-01
5072 1.179060725466893E-01
5073 1.994047664613258E-01
5074 3.525453991871563E-01
5075 3.423533195650149E-01
5076 1.760095401839209E-01
5077 1.778072510265551E-01
5078 2.053075401890871E-01
5079 1.668988788322755E-01
5080 1.732199427377124E-01
5081 1.730199380704965E-01
5082 1.718071838425484E-01
5083 2.206596101407638E-01
5084 2.240461437025622E-01
5085 1.786800313116642E-01
5086 1.793131796000328E-01
5087 1.814923635216960E-01
5088 1.805519592374039E-01
5089 1.795483212864116E-01
5090 1.423998596097432E-01
5091 2.337246006034495E-01
5092 2.316464394014869E-01
5093 1.951800855745059E-01
5094 1.951823152413394E-01
5095 1.951095468354414E-01
5096 3.612853220769172E-01
5097 3.714090280130975E-01
5098 1.974661877383718E-01
5099 1.946492472367839E-01
5100 1.668100410833576E-01
5101 1.659460217764983E-01
5102 1.657249032676260E-01
5103 2.549785706061354E-01
5104 1.755604080140468E-01
5105 1.734101721543927E-01
5106 1.735980866836316E-01
5107 1.803442096397654E-01
5108 1.652419914831687E-01
5109 1.651585174221898E-01
5110 2.583932675988960E-01
5111 2.551080285670799E-01
5112 3.880465147133472E-01
5113 3.981131378589743E-01
5114 1.808179913960226E-01
5115 1.811381253782887E-01
5116 1.795803512019012E-01
5117 4.348646826158846E-01
5118 4.247479057309347E-01
5119 1.693790433486378E-01
5120 4.089070073067513E-01
5121 4.210185536436210E-01
5122 1.405235708112678E-01
5123 1.809517873864358E-01
5124 1.803293351034497E-01
5125 1.803773959249263E-01
5126 1.809914403976786E-01
5127 1.642709792173871E-01
5128 1.636467407481306E-01
5129 1.727625666202600E-01
5130 1.724129007211714E-01
5131 1.603917178540909E-01
5132 2.518852227668930E-01
5133 2.568974575564881E-01
5134 2.156877459395288E-01
5135 1.779637056854954E-01
5136 1.753962308626665E-01
5137 2.084378427208455E-01
5138 2.083932631690216E-01
5139 1.502357331035519E-01
5140 3.843977472938308E-01
5141 3.729455163157364E-01
5142 2.286123660239820E-01
5143 2.283668734655806E-01
5144 1.401301916974675E-01
5145 1.355522395490914E-01
5146 1.798821220397181E-01
5147 1.804382190137041E-01
5148 2.020649603044448E-01
5149 1.663286244006602E-01
5150 1.683776513039866E-01
5151 1.678526313310812E-01
5152 1.747700284744256E-01
5153 1.000560991162210E-01
5154 1.736784540058828E-01
5155 1.736465796055569E-01
5156 2.164207148250050E-01
5157 2.212178264055253E-01
5158 1.648713992613139E-01
5159 1.636766424532349E-01
5160 1.828005561723803E-01
5161 2.188878849764220E-01
5162 2.154039847224017E-01
5163 2.176756367654377E-01
5164 4.293544501802067E-01
5165 4.216477394401457E-01
5166 1.810806944496329E-01
5167 1.751181867081283E-01
5168 8.171978943472580E-02
5169 2.147253532793559E-01
5170 2.113053243828454E-01
5171 1.080142912287492E-01
5172 1.741611492523530E-01
5173 1.624395657540414E-01
5174 3.004417479251289E-01
5175 3.011404616790158E-01
5176 2.003391768677847E-01
5177 7.981144829172859E-02
5178 1.771525012291429E-01
5179 1.258884005990286E-01
5180 1.236505011174601E-01
5181 4.138765857037291E-01
5182 4.040689963635845E-01
5183 1.688637003995849E-01
5184 1.680378742234914E-01
5185 1.784679660246813E-01
5186 1.777416411266707E-01
5187 1.634148651143546E-01
5188 1.650333850782577E-01
5189 1.649987005541658E-01
5190 1.911441929049039E-01
5191 1.922484703645921E-01
5192 1.246894158231977E-01
5193 1.890959083850732E-01
5194 1.916131207237743E-01
5195 1.910612054088927E-01
5196 1.748535973428822E-01
5197 1.657039707225053E-01
5198 1.666409729932494E-01
5199 1.277063208785978E-01
5200 1.348592256943864E-01
5201 1.664168712519729E-01
5202 2.612479267142702E-01
5203 2.568431439572414E-01
5204 1.757298022164809E-01
5205 1.752439674529134E-01
5206 1.762256608358885E-01
5207 1.537453248920075E-01
5208 1.554508200955852E-01
5209 1.655407085459266E-01
5210 3.955258807884864E-01
5211 1.661653261029136E-01
5212 1.657441497995376E-01
5213 2.137138341300260E-01
5214 2.130058534134103E-01
5215 1.820970718789661E-01
5216 1.834284220746578E-01
5217 1.838454008528770E-01
5218 1.736098737784131E-01
5219 1.749508964254777E-01
5220 1.701977158841992E-01
5221 1.646720799095810E-01
5222 1.650359556441234E-01
5223 3.500330639019102E-01
5224 3.565683935767647E-01
5225 1.654387739332180E-01
5226 1.653837768938047E-01
5227 1.664999496527495E-01
5228 1.671038232937360E-01
5229 2.282331045970301E-01
5230 2.284788117434235E-01
5231 3.488058600051620E-01
5232 1.654831354974474E-01
5233 1.655250131557129E-01
5234 1.750769112465973E-01
5235 3.438463253963170E-01
5236 1.650704601523977E-01
5237 2.078816484621278E-01
5238 2.082024513075465E-01
5239 1.694265507383437E-01
5240 1.703415695766009E-01
5241 1.388424008523513E-01
5242 1.423868576977274E-01
5243 3.006036981520054E-01
5244 1.920060375865065E-01
5245 1.299911422584455E-01
5246 1.774445244007020E-01
5247 1.746977692545674E-01
5248 1.676675490123294E-01
5249 3.320130807222900E-01
5250 1.101140292072954E-01
5251 7.677298643667475E-02
5252 1.563490754750529E-01
5253 5.431756088535168E-01
5254 5.358367160206962E-01
5255 1.752753989823583E-01
5256 1.653595412529899E-01
5257 1.339881709159983E-01
5258 1.365357807038023E-01
5259 1.765451562742877E-01
5260 1.761686397467011E-01
5261 3.256295921768132E-01
5262 3.214897777043978E-01
5263 1.733798609330993E-01
5264 1.740895089514247E-01
5265 4.959632366501131E-01
5266 4.211187540485890E-01
5267 2.982175279850502E-01
5268 2.007559570741560E-01
5269 1.864584223624852E-01
5270 1.876291417137450E-01
5271 1.876930516358400E-01
5272 1.864909381857862E-01
5273 1.791591480722788E-01
5274 1.941324831736124E-01
5275 1.763955833346990E-01
5276 1.764989872434684E-01
5277 1.857227109790308E-01
5278 1.674730801099303E-01
5279 1.389810458845304E-01
5280 1.855949064767589E-01
5281 1.848541564057660E-01
5282 5.171973746831174E-01
5283 5.234776883972865E-01
5284 5.172331420361825E-01
5285 1.351592058284420E-01
5286 9.717175303060241E-02
5287 4.311937043429326E-01
5288 4.399338216580008E-01
5289 1.622867326080037E-01
5290 2.644615525726099E-01
5291 1.907695777877262E-01
5292 1.387472685073122E-01
5293 1.371256202973527E-01
5294 1.795790782792550E-01
5295 1.407021551396600E-01
5296 1.380735590475053E-01
5297 2.985035326423706E-01
5298 2.936512985205505E-01
5299 4.162122648380503E-01
5300 1.489737029912478E-01
5301 1.491991979172899E-01
5302 1.515927715262029E-01
5303 1.841815668186585E-01
5304 1.836090491864744E-01
5305 1.838204886347264E-01
5306 1.843898745013377E-01
5307 9.576683185721052E-02
5308 9.356197880829024E-02
5309 2.946179248359803E-01
5310 2.548819581191500E-01
5311 1.039747390272837E-01
5312 4.997529312877660E-01
5313 4.997422477361830E-01
5314 2.149018076471331E-01
5315 2.173185880840854E-01
5316 1.732767463693060E-01
5317 1.719978491725398E-01
5318 1.642746182582205E-01
5319 2.222388833397774E-01
5320 2.236888521910399E-01
5321 1.708344587142952E-01
5322 1.697907729026662E-01
5323 1.719333867505114E-01
5324 1.740890240911443E-01
5325 2.527181583921116E-01
5326 1.778870433205756E-01
5327 1.763516921796127E-01
5328 3.571525450027833E-01
5329 4.715728741946174E-01
5330 4.628221832587260E-01
5331 1.729550045034074E-01
5332 2.640421641439334E-01
5333 2.613798564171135E-01
5334 2.577298575294154E-01
5335 2.092490283532121E-01
5336 5.648213759925292E-01
5337 4.531136536545176E-01
5338 4.521087644318093E-01
5339 3.178231000184557E-01
5340 1.764358293240873E-01
5341 1.783953808503555E-01
5342 2.161014810540507E-01
5343 1.901993050666089E-01
5344 1.932802658444793E-01
5345 1.189320665897176E-01
5346 2.081323980110219E-01
5347 2.049876757987306E-01
5348 1.765631389165519E-01
5349 1.764333623590505E-01
5350 1.736845029674304E-01
5351 1.109470840980291E-01
5352 2.265219918972629E-01
5353 2.242861966205637E-01
5354 2.185136506834953E-01
5355 2.204229285299407E-01
5356 2.324150248601006E-01
5357 2.187658923235390E-01
5358 2.217124490131901E-01
5359 1.975178370186591E-01
5360 2.282036506009489E-01
5361 2.284764670245114E-01
5362 1.991411233928226E-01
5363 2.514506843987197E-01
5364 1.694180857349047E-01
5365 1.433660666240536E-01
5366 1.462592618192375E-01
5367 1.436152630132660E-01
5368 1.489448941737165E-01
5369 1.513139154495111E-01
5370 2.724429465386335E-01
5371 1.908938858319902E-01
5372 1.853914395564672E-01
5373 3.980313133192280E-01
5374 1.673343586475457E-01
5375 1.667050164679084E-01
5376 2.010658590853936E-01
5377 2.016220285358226E-01
5378 1.801116910519752E-01
5379 1.824924118198872E-01
5380 2.002563172519338E-01
5381 2.605724407481425E-01
5382 2.540303916063725E-01
5383 2.581194351886963E-01
5384 5.275824346944722E-01
5385 1.525033516512155E-01
5386 1.389795930848461E-01
5387 5.390637609012161E-01
5388 1.709227584008416E-01
5389 1.845393163622220E-01
5390 4.677768817910959E-01
5391 4.735636842015047E-01
5392 5.424625339107437E-01
5393 1.715252946962363E-01
5394 2.102916469936385E-01
5395 1.806132484193381E-01
5396 1.720286733281647E-01
5397 1.928513367033297E-01
5398 1.898722257756276E-01
5399 1.026402239620626E-01
5400 1.078241411335201E-01
5401 5.578407488225704E-01
5402 5.526996657810508E-01
5403 2.140801747417537E-01
5404 2.163160329637185E-01
5405 2.104862251230987E-01
5406 5.205035476780004E-01
5407 5.133849428592941E-01
5408 2.022526891541103E-01
5409 2.040824081283540E-01
5410 2.044610888084086E-01
5411 1.985637203698427E-01
5412 1.967428710342859E-01
5413 1.890762359841565E-01
5414 1.822910648406772E-01
5415 1.626845422830691E-01
5416 2.032849894923034E-01
5417 4.136935733941932E-01
5418 2.708176171925014E-01
5419 2.692792886657679E-01
5420 2.112478197371483E-01
5421 1.433792657916840E-01
5422 1.697256354583879E-01
5423 1.633912882991397E-01
5424 1.638164697536036E-01
5425 1.850955811842467E-01
5426 1.035236789281818E-01
5427 1.093996478063629E-01
5428 1.792350176156743E-01
5429 1.770983303076537E-01
5430 2.054680246172411E-01
5431 2.034351058263154E-01
5432 2.121553667076367E-01
5433 1.651428098724906E-01
5434 1.654702119105021E-01
5435 2.297762589415183E-01
5436 2.257715583841167E-01
5437 1.706616877122629E-01
5438 1.664433825643022E-01
5439 1.781768993864413E-01
5440 1.761783470987184E-01
5441 1.465253405357909E-01
5442 1.451607980876111E-01
5443 1.677731118560389E-01
5444 1.637917786759938E-01
5445 2.320129357592072E-01
5446 1.899681715698237E-01
5447 4.554133802230193E-01
5448 4.542086197658997E-01
5449 4.624193416425921E-01
5450 2.074816031338440E-01
5451 1.986272965653410E-01
5452 2.074420939070482E-01
5453 3.072155035190560E-01
5454 1.768242374680152E-01
5455 1.556192980053228E-01
5456 1.527773854615201E-01
5457 2.112136092021918E-01
5458 2.636404575114775E-01
5459 2.677679944747794E-01
5460 2.423956758224020E-01
5461 2.378236116364496E-01
5462 1.659445841632868E-01
5463 2.041654720701265E-01
5464 1.134487369163522E-01
5465 1.138343921949562E-01
5466 2.678944564748986E-01
5467 2.661609870737284E-01
5468 4.867200918931683E-01
5469 4.800287914106866E-01
5470 1.678403440643719E-01
5471 1.121056902698399E-01
5472 1.187228108047393E-01
5473 1.465971693754717E-01
5474 1.475720146795245E-01
5475 2.326873762854782E-01
5476 1.781112366368308E-01
5477 1.141207981718804E-01
5478 1.685977730705672E-01
5479 2.553115803844655E-01
5480 2.069233338522755E-01
5481 2.056394974101944E-01
5482 3.172551804249731E-01
5483 2.514988957202337E-01
5484 2.502794354487712E-01
5485 2.068035679015348E-01
5486 4.065420981292870E-01
5487 2.471059390121576E-01
5488 4.078820690672628E-01
5489 4.179022203165306E-01
5490 1.606014679861982E-01
5491 1.721528117660877E-01
5492 1.082550281306202E-01
5493 1.121881034900818E-01
5494 2.057853054581419E-01
5495 1.459905494910405E-01
5496 2.487340477572233E-01
5497 2.522091667221972E-01
5498 1.775381614512558E-01
5499 2.211662172192302E-01
5500 2.617157419875584E-01
5501 2.191286996641332E-01
5502 1.620852217585607E-01
5503 1.639721080624951E-01
5504 1.814857570091028E-01
5505 1.821950473320631E-01
5506 1.757938936676656E-01
5507 5.032926465971572E-01
5508 4.983439211291059E-01
5509 1.878172495863062E-01
5510 3.622100019526409E-01
5511 1.647484476134972E-01
5512 5.164719666570221E-01
5513 5.159112292362665E-01
5514 2.005747456076989E-01
5515 1.652875462564328E-01
5516 1.260932600788403E-01
5517 1.230459738093382E-01
5518 1.823682500321327E-01
5519 1.828982716248473E-01
5520 1.864311749805157E-01
5521 5.485962572776361E-01
5522 5.475980277412208E-01
5523 2.131444375865013E-01
5524 2.158913118590986E-01
5525 5.125491633039745E-01
5526 5.080428331400459E-01
5527 1.125970820123812E-01
5528 1.133992815335672E-01
5529 1.464756586484075E-01
5530 1.496368734584463E-01
5531 2.564935969357949E-01
5532 2.280197872840418E-01
5533 2.325927098121291E-01
5534 2.103216331277548E-01
5535 1.783840440881204E-01
5536 1.904083102280082E-01
5537 1.630192082529278E-01
5538 1.128601360530242E-01
5539 2.141798837406715E-01
5540 2.144222334721035E-01
5541 2.248194823264081E-01
5542 3.378924474237857E-01
5543 1.799119364583711E-01
5544 1.628101479453111E-01
5545 1.873037064660616E-01
5546 1.879080192511841E-01
5547 1.960684543098509E-01
5548 1.976460261038742E-01
5549 3.367079470539951E-01
5550 4.032636862671226E-01
5551 1.723053846575146E-01
5552 1.379552871387220E-01
5553 1.862218351833885E-01
5554 3.302474546974223E-01
5555 1.686902976061206E-01
5556 1.687803334139525E-01
5557 1.679319465753049E-01
5558 5.810575401049477E-01
5559 5.782037111915662E-01
5560 1.777020027103618E-01
5561 1.802684967326656E-01
5562 1.577689265100936E-01
5563 1.611957047658159E-01
5564 2.466534353857721E-01
5565 3.516818334476330E-01
5566 1.835710464958894E-01
5567 2.372856059815509E-01
5568 2.420720691444094E-01
5569 2.667139811429508E-01
5570 2.568385923241159E-01
5571 2.578458660399970E-01
5572 2.678095358485167E-01
5573 2.416768517282363E-01
5574 2.368816255749491E-01
5575 2.062444690454019E-01
5576 2.170194327516771E-01
5577 2.498171151359980E-01
5578 2.498688196346926E-01
5579 3.847873362360358E-01
5580 2.395889083896048E-01
5581 2.460000856115221E-01
5582 1.871170770133809E-01
5583 1.849029776332029E-01
5584 2.965142620994735E-01
5585 1.722437031742539E-01
5586 1.728017255189346E-01
5587 5.036802542706178E-01
5588 4.998789049644725E-01
5589 1.860367435308737E-01
5590 5.424598183275251E-01
5591 2.367913768128104E-01
5592 2.359545289636135E-01
5593 2.199442971014578E-01
5594 2.226307328153066E-01
5595 1.843988958044229E-01
5596 1.741341960955285E-01
5597 1.789108595954361E-01
5598 2.256389091935430E-01
5599 5.511786315627066E-01
5600 2.031341201438661E-01
5601 1.442241147058525E-01
5602 1.435933159163957E-01
5603 3.149931157686003E-01
5604 3.245819045666695E-01
5605 1.214988708595074E-01
5606 2.778344750539773E-01
5607 3.368444671861031E-01
5608 1.953134524034865E-01
5609 1.957008908424968E-01
5610 1.973616546245686E-01
5611 2.149033827632847E-01
5612 3.614547359305494E-01
5613 3.647374543092011E-01
5614 1.227889531178592E-01
5615 1.788217838686073E-01
5616 2.333993405641703E-01
5617 2.790812855618534E-01
5618 2.891278717197704E-01
5619 1.503309901420382E-01
5620 1.482381109310546E-01
5621 1.520720656690425E-01
5622 1.156089408876056E-01
5623 1.139607404431729E-01
5624 3.050768727094720E-01
5625 3.028767132257431E-01
5626 3.118699178094592E-01
5627 1.946224645273133E-01
5628 2.000042320602256E-01
5629 2.715226760658274E-01
5630 2.654806659893342E-01
5631 2.722571030009612E-01
5632 1.877319710564880E-01
5633 1.875260835038306E-01
5634 3.198851202544578E-01
5635 3.302094786236774E-01
5636 3.300567601050123E-01
5637 3.197141810035339E-01
5638 1.676806621896708E-01
5639 4.677691714249229E-01
5640 4.663881171679416E-01
5641 4.728192115740258E-01
5642 1.685851880289468E-01
5643 1.651433399562255E-01
5644 1.493944482230809E-01
5645 1.936568479824330E-01
5646 1.936543386541308E-01
5647 1.672394593635520E-01
5648 1.623975853344531E-01
5649 1.588630291978449E-01
5650 1.439685333020226E-01
5651 7.593589915778695E-02
5652 2.040219594168230E-01
5653 2.733198360622014E-01
5654 2.735310412966284E-01
5655 1.823551278838454E-01
5656 3.109338416483171E-01
5657 3.021798372230363E-01
5658 1.786102989503479E-01
5659 1.798535749266213E-01
5660 2.033112461904127E-01
5661 2.646818242848586E-01
5662 1.575300077805681E-01
5663 2.413421381904055E-01
5664 2.362512612367622E-01
5665 3.088088735284794E-01
5666 1.208404408851321E-01
5667 1.175082129227982E-01
5668 2.586073179430751E-01
5669 2.525053425773301E-01
5670 4.438961774016965E-01
5671 2.015084513309659E-01
5672 4.246648269333284E-01
5673 4.174660714505706E-01
5674 2.062578165250899E-01
5675 2.468918598048922E-01
5676 1.321821170389365E-01
5677 7.460850565283829E-02
5678 1.932448178961882E-01
5679 1.629913309019686E-01
5680 1.964476711718716E-01
5681 1.802666376681937E-01
5682 1.751729284365552E-01
5683 1.023812646908250E-01
5684 3.331290149292422E-01
5685 2.357641225125428E-01
5686 1.720878919087630E-01
5687 1.709368777265685E-01
5688 2.136492779262160E-01
5689 2.194090161730068E-01
5690 1.477726874633467E-01
5691 5.905548468600397E-01
5692 5.901414229047841E-01
5693 2.369648946757980E-01
5694 1.832604510064471E-01
5695 1.695789528296877E-01
5696 4.798667326103395E-01
5697 4.772759028998608E-01
5698 2.029037549154850E-01
5699 1.968994342407171E-01
5700 2.758341667732062E-01
5701 2.338849741551351E-01
5702 2.338807231633697E-01
5703 3.836845582019522E-01
5704 3.937560170293589E-01
5705 3.914708710792399E-01
5706 3.815083915100098E-01
5707 2.032326700741631E-01
5708 2.071139237299074E-01
5709 2.088692401403985E-01
5710 1.504458688856272E-01
5711 1.798781785061727E-01
5712 2.220300669185772E-01
5713 3.413029533666013E-01
5714 3.221881143769851E-01
5715 1.829971754218851E-01
5716 1.545028539949861E-01
5717 1.432517192591225E-01
5718 1.396081004959956E-01
5719 2.518598157468680E-01
5720 3.405363188235143E-01
5721 3.577669465150004E-01
5722 4.265069261715959E-01
5723 4.344380078854190E-01
5724 1.933764967074776E-01
5725 2.622634142326389E-01
5726 2.697293921276877E-01
5727 2.678692265065027E-01
5728 2.621731850713093E-01
5729 1.840846191055618E-01
5730 1.722633140891759E-01
5731 4.440609890725212E-01
5732 4.532402915175414E-01
5733 4.532206730363858E-01
5734 4.440394252893595E-01
5735 3.724960894598069E-01
5736 1.794845776746343E-01
5737 2.258026058358736E-01
5738 1.769631871747412E-01
5739 5.052144216960395E-01
5740 1.871062945434060E-01
5741 1.599663011319934E-01
5742 1.669045453472641E-01
5743 1.869760908309172E-01
5744 1.852488729380369E-01
5745 4.410245345511381E-01
5746 4.491616559835266E-01
5747 2.491307527565040E-01
5748 2.704310581762837E-01
5749 1.523857312317049E-01
5750 1.535335544284298E-01
5751 1.616111587358990E-01
5752 2.745815942633134E-01
5753 2.018635925622029E-01
5754 3.800231449040379E-01
5755 2.574423155289911E-01
5756 4.979154709142103E-01
5757 5.056844696229685E-01
5758 5.050263246815876E-01
5759 4.973431712847193E-01
5760 1.536266390490424E-01
5761 1.759466322419847E-01
5762 1.754631169108726E-01
5763 1.510789763979708E-01
5764 2.731145900177248E-01
5765 2.098039902768331E-01
5766 2.127581403409017E-01
5767 2.112908517826656E-01
5768 1.748970610628617E-01
5769 1.765522826284069E-01
5770 1.818228341378535E-01
5771 1.812607527038292E-01
5772 1.627522860902965E-01
5773 1.538550121157877E-01
5774 1.997875830848522E-01
5775 1.749826166043216E-01
5776 2.122453827453596E-01
5777 1.830413114282507E-01
5778 1.827431442547816E-01
5779 2.312149069968917E-01
5780 1.711579608414275E-01
5781 1.884456860902700E-01
5782 1.651879535407129E-01
5783 1.654102895527201E-01
5784 4.817326647760741E-01
5785 4.342187020746754E-01
5786 2.265220100390608E-01
5787 3.145452603032405E-01
5788 2.625952417852843E-01
5789 2.624127146791423E-01
5790 2.182689162708678E-01
5791 2.820741478570279E-01
5792 2.799611205414604E-01
5793 2.427646838099138E-01
5794 3.695650103734669E-01
5795 1.792880039943422E-01
5796 4.599232750383032E-01
5797 4.650692297999496E-01
5798 4.652507814110660E-01
5799 4.601083901790888E-01
5800 4.246322422950554E-01
5801 4.341711239807143E-01
5802 4.044155156275931E-01
5803 4.142588949196862E-01
5804 1.886900584254961E-01
5805 2.666620531487903E-01
5806 2.721860457352699E-01
5807 2.738768169771987E-01
5808 1.125689814632052E-01
5809 1.911210710720846E-01
5810 1.926512470263916E-01
5811 1.926502529678976E-01
5812 1.911214054302606E-01
5813 2.567527270449013E-01
5814 2.617618948202252E-01
5815 2.625789524185941E-01
5816 1.783745194553759E-01
5817 1.625150691320131E-01
5818 1.554823404088103E-01
5819 1.887244940967577E-01
5820 1.887239674361737E-01
5821 2.804319008417845E-01
5822 2.877125252676868E-01
5823 2.877392754098583E-01
5824 4.758783181928805E-01
5825 2.977167965987398E-01
5826 3.366862434041997E-01
5827 2.481431933018788E-01
5828 2.525149106908784E-01
5829 4.859332969897040E-01
5830 4.812345417257579E-01
5831 2.308963699343967E-01
5832 2.290025651913212E-01
5833 2.684077761528449E-01
5834 2.749266826026603E-01
5835 4.808681556690416E-01
5836 4.731047833923773E-01
5837 3.127970389770536E-01
5838 3.099690601790810E-01
5839 1.414441470059626E-01
5840 1.442039885772541E-01
5841 4.390766066871480E-01
5842 4.369725602162193E-01
5843 4.303510325222277E-01
5844 4.444996039734790E-01
5845 4.532887096753431E-01
5846 4.513814984381621E-01
5847 4.957487468190621E-01
5848 4.947582296307945E-01
5849 5.844042672684239E-01
5850 5.864378775432723E-01
5851 4.891300438166341E-01
5852 2.773322765690400E-01
5853 2.853292657124676E-01
5854 2.059636064084953E-01
5855 4.810198378549417E-01
5856 4.892968628228475E-01
5857 2.988331701797773E-01
5858 3.091659706791827E-01
5859 2.129725127021437E-01
5860 2.141496004398068E-01
5861 2.221741749532017E-01
5862 2.741542387913122E-01
5863 5.478230850486016E-01
5864 5.483467517041241E-01
5865 2.088954350976018E-01
5866 1.761676214449425E-01
5867 3.795854085934211E-01
5868 1.603704017512368E-01
5869 1.607687337240247E-01
5870 2.939794940821782E-01
5871 3.011195722316253E-01
5872 1.829608769841502E-01
5873 4.630715097079472E-01
5874 4.718198344914882E-01
5875 3.760705107048080E-01
5876 1.816217221322898E-01
5877 1.793687389489990E-01
5878 4.223445716171634E-01
5879 4.217756333352541E-01
5880 1.731664306921809E-01
5881 1.746228816622213E-01
5882 1.699717814215282E-01
5883 2.590641501651696E-01
5884 4.555763465911563E-01
5885 4.607495030533162E-01
5886 1.557518380564473E-01
5887 2.938917635621734E-01
5888 2.858698750122734E-01
5889 2.652238766029662E-01
5890 1.512491534867214E-01
5891 5.225520961297668E-01
5892 1.652376961510278E-01
5893 1.693319102457836E-01
5894 1.588930200383702E-01
5895 2.680971060604405E-01
5896 5.232192566387457E-01
5897 5.324956314213742E-01
5898 1.892817625280731E-01
5899 1.653560011841113E-01
5900 1.652253751353900E-01
5901 1.191683977665818E-01
5902 1.877690519783852E-01
5903 3.094313482926739E-01
5904 3.171850434297482E-01
5905 2.793906643188874E-01
5906 3.953697039984967E-01
5907 2.810108424765160E-01
5908 2.898090291742610E-01
5909 1.821992335780885E-01
5910 2.867677437588257E-01
5911 1.809808766294606E-01
5912 2.262980045484641E-01
5913 2.296698913384752E-01
5914 1.128959167496052E-01
5915 2.109345815613100E-01
5916 2.175602040417099E-01
5917 2.095295465393228E-01
5918 2.139821588113857E-01
5919 4.536287705276472E-01
5920 1.659364156859244E-01
5921 1.099337547890360E-01
5922 1.056556357038728E-01
5923 1.913179869845842E-01
5924 1.915823652974617E-01
5925 2.657969815208356E-01
5926 4.114788748259679E-01
5927 1.963860589584892E-01
5928 2.318499628763636E-01
5929 1.388489442658620E-01
5930 2.236354027391842E-01
5931 4.581664758592452E-01
5932 2.222995392485810E-01
5933 1.837877247326825E-01
5934 2.263219295885059E-01
5935 3.202920423597948E-01
5936 4.106422641944468E-01
5937 4.172476881169189E-01
5938 3.995316339869348E-01
5939 5.260524760656304E-01
5940 1.888799036301104E-01
5941 1.445036948235418E-01
5942 2.997495568803970E-01
5943 3.077894418924779E-01
5944 2.069481656586886E-01
5945 2.042514818144662E-01
5946 1.890128939978499E-01
5947 5.350770539306494E-01
5948 5.284971269258327E-01
5949 2.239226439805839E-01
5950 2.202329538185216E-01
5951 3.328716746672632E-01
5952 4.013211372166187E-01
5953 5.142040874684531E-01
5954 5.213630446130051E-01
5955 1.874131341403026E-01
5956 4.217644424986602E-01
5957 1.416764243225136E-01
5958 5.470482779481046E-01
5959 5.411448635678481E-01
5960 5.401143902321984E-01
5961 5.459647106865283E-01
5962 4.166796356121150E-01
5963 3.978899647840166E-01
5964 3.690848748981281E-01
5965 3.722764163654483E-01
5966 3.801058336952226E-01
5967 2.168602250858469E-01
5968 4.370034943876948E-01
5969 4.553308195794957E-01
5970 1.856748753889223E-01
5971 1.533109913820216E-01
5972 1.470446841159591E-01
5973 5.005813727253350E-01
5974 1.834258430007411E-01
5975 1.488380337795400E-01
5976 1.909613776154327E-01
5977 5.200860456863418E-01
5978 4.503691760661761E-01
5979 1.852122951293439E-01
5980 5.111593605484135E-01
5981 4.359841936851414E-01
5982 4.354254893714697E-01
5983 4.665262985993808E-01
5984 4.745599969100031E-01
5985 4.734708693935767E-01
5986 2.577406500094659E-01
5987 1.498675887354999E-01
5988 5.490436989160578E-01
5989 1.844713086580533E-01
5990 1.618186508009152E-01
5991 2.070854784847697E-01
5992 1.811724055000909E-01
5993 1.810579680951416E-01
5994 1.793163076227134E-01
5995 2.838819295073572E-01
5996 2.081135744191446E-01
5997 1.967694778265976E-01
5998 4.895393230281234E-01
5999 1.809435737286133E-01
6000 4.051325111835927E-01
6001 4.106865008006959E-01
6002 4.901381843278186E-01
6003 4.933095433791869E-01
6004 4.935786543643678E-01
6005 5.676930644497956E-01
6006 5.632824465005194E-01
6007 5.756649324107886E-01
6008 5.720065879607580E-01
6009 5.721171196950688E-01
6010 5.758545762806530E-01
6011 4.901928667338482E-01
6012 1.811800978293480E-01
6013 5.536837294164004E-01
6014 5.587301270108371E-01
6015 1.988612970874799E-01
6016 4.555833698946332E-01
6017 4.178243507411611E-01
6018 2.633296482324637E-01
6019 4.479908454134468E-01
6020 4.954137852697245E-01
6021 3.167025006410023E-01
6022 4.756519038851588E-01
6023 4.829878363748019E-01
6024 5.893614826134015E-01
6025 5.880958642271950E-01
6026 2.141838262454917E-01
6027 2.158415158208083E-01
6028 4.721407521844978E-01
6029 4.720106942817540E-01
6030 5.036213979558897E-01
6031 1.815314328879894E-01
6032 2.111203784442749E-01
6033 2.147185142685616E-01
6034 1.627086580124010E-01
6035 1.421206076101420E-01
6036 1.398024112029655E-01
6037 4.486293903019538E-01
6038 4.418136096382955E-01
6039 4.534553527944755E-01
6040 2.293289303266949E-01
6041 2.324897218504130E-01
6042 2.359934651812262E-01
6043 5.125542547937227E-01
6044 2.312126218691790E-01
6045 4.956794475712633E-01
6046 4.951394981995776E-01
6047 1.543749432232876E-01
6048 1.396582992588153E-01
6049 1.644589526116894E-01
6050 2.823549203595958E-01
6051 2.899099008061192E-01
6052 5.790242571790019E-01
6053 5.732264665866063E-01
6054 5.853070825458631E-01
6055 5.832249318567763E-01
6056 3.348337933762058E-01
6057 3.443179763542310E-01
6058 5.097296104450263E-01
6059 2.231062858997633E-01
6060 2.267618675601304E-01
6061 2.383144734687903E-01
6062 4.986863713337359E-01
6063 4.990363532900536E-01
6064 4.974496548260076E-01
6065 2.620903104157397E-01
6066 4.172013952424501E-01
6067 2.683092518772301E-01
6068 3.708640865599394E-01
6069 2.041399924077546E-01
6070 5.790738052711472E-01
6071 5.819103040731488E-01
6072 1.128625354263472E-01
6073 1.407061563831276E-01
6074 1.413637996475085E-01
6075 5.443697654946480E-01
6076 1.825748801335840E-01
6077 1.358354830716398E-01
6078 1.292498249592679E-01
6079 1.361080662018179E-01
6080 1.704081246211667E-01
6081 1.545164575161745E-01
6082 1.528225546179050E-01
6083 3.911093606736114E-01
6084 4.005804586042597E-01
6085 2.406601714224162E-01
6086 4.397226283328069E-01
6087 4.366559620571859E-01
6088 5.482113119386801E-01
6089 4.572169761041889E-01
6090 3.064425579920516E-01
6091 3.144743136904788E-01
6092 1.624130529246790E-01
6093 1.621104359382618E-01
6094 4.893038972737099E-01
6095 4.812214821271210E-01
6096 3.997145717956004E-01
6097 3.909345582168955E-01
6098 1.239236763831095E-01
6099 1.178455760173764E-01
6100 4.706747312106763E-01
6101 1.807549769534258E-01
6102 3.937501998230977E-01
6103 4.037681007423389E-01
6104 4.455073381142777E-01
6105 1.649712174473536E-01
6106 1.651155739533992E-01
6107 1.068976440851291E-01
6108 1.845799246223340E-01
6109 1.856139769107389E-01
6110 2.743274031849798E-01
6111 4.416825473450959E-01
6112 1.699672327725505E-01
6113 4.783866030141241E-01
6114 5.546217454066972E-01
6115 1.656163294457879E-01
6116 3.787840910283252E-01
6117 1.844181782161329E-01
6118 2.860072309031064E-01
6119 4.560128011946116E-01
6120 2.002250741553546E-01
6121 4.739420832381327E-01
6122 4.658458896253540E-01
6123 5.652568079375135E-01
6124 5.562428486943631E-01
6125 1.602086670034745E-01
6126 5.567850909577616E-01
6127 3.298272603291618E-01
6128 2.361784212570396E-01
6129 4.867546155029955E-01
6130 4.944787353477409E-01
6131 2.660868970341612E-01
6132 2.270465754016318E-01
6133 1.648049740862303E-01
6134 1.646894973325971E-01
6135 2.123554576073347E-01
6136 2.091779720834344E-01
6137 4.772182509788491E-01
6138 2.040101508238313E-01
6139 3.605065882767792E-01
6140 3.504745768489416E-01
6141 1.249366069012641E-01
6142 5.152393861916835E-01
6143 4.882570297884379E-01
6144 4.479497402765434E-01
6145 4.520268903908872E-01
6146 3.968679851566000E-01
6147 4.557826112292538E-01
6148 1.506026919871326E-01
6149 1.509888889760909E-01
6150 2.770867714530367E-01
6151 5.902811551250060E-01
6152 5.907032711532000E-01
6153 2.199896521002226E-01
6154 4.356955379794825E-01
6155 1.249234888647051E-01
6156 1.256041822364327E-01
6157 1.007802340662841E-01
6158 2.743161642764816E-01
6159 5.700542154205015E-01
6160 2.856462591504391E-01
6161 2.925769294588825E-01
6162 1.151529320507026E-01
6163 1.182930886146877E-01
6164 1.422659055144950E-01
6165 2.597690927317636E-01
6166 1.375477859095185E-01
6167 3.235089635106767E-01
6168 2.076164052113631E-01
6169 5.383313826837752E-01
6170 5.389629881763998E-01
6171 5.344261653326461E-01
6172 4.484861136308965E-01
6173 1.525394296258104E-01
6174 1.425181243773400E-01
6175 1.476687637882696E-01
6176 4.748450326389126E-01
6177 2.335929510463710E-01
6178 5.832406589336305E-01
6179 5.747504495371666E-01
6180 5.747368649472808E-01
6181 1.826104866147233E-01
6182 5.887361115029310E-01
6183 5.899720392018387E-01
6184 4.989447178768373E-01
6185 1.796108516847473E-01
6186 1.487069124459602E-01
6187 1.499712078536681E-01
6188 2.728481406750723E-01
6189 3.147831871155621E-01
6190 1.900761027052080E-01
6191 1.783310587833000E-01
6192 4.005548277874267E-01
6193 4.115597877385612E-01
6194 4.049730458109627E-01
6195 1.358200669605574E-01
6196 5.006793814199639E-01
6197 5.030201672211816E-01
6198 1.587349405164150E-01
6199 1.564289755729861E-01
6200 4.473186953027286E-01
6201 3.166965851852154E-01
6202 3.252753080666922E-01
6203 3.111606537112961E-01
6204 4.661011186363092E-01
6205 1.650918784112771E-01
6206 5.823845185033961E-01
6207 5.447818813539713E-01
6208 5.550356184087073E-01
6209 1.776273291412536E-01
6210 1.714032562753658E-01
6211 5.028394016186449E-01
6212 4.991466061106304E-01
6213 5.074636693144885E-01
6214 5.070909863891397E-01
6215 4.823103648984595E-01
6216 2.991311205587073E-01
6217 4.879247481532787E-01
6218 4.945061599372151E-01
6219 1.720392677361488E-01
6220 4.758244167913931E-01
6221 4.709307656766007E-01
6222 1.627331573064778E-01
6223 2.195276399494236E-01
6224 1.519177833081786E-01
6225 4.585226101275018E-01
6226 1.772618760837530E-01
6227 5.636587465523493E-01
6228 2.402707420675377E-01
6229 2.438765853149574E-01
6230 3.327268332499384E-01
6231 4.822032614366982E-01
6232 4.932683040213234E-01
6233 4.944721212093737E-01
6234 5.463139685537669E-01
6235 5.403538203175349E-01
6236 3.894645982599059E-01
6237 4.861884237522338E-01
6238 1.613425754321274E-01
6239 2.039581678362716E-01
6240 2.071041036350291E-01
6241 4.829827229318680E-01
6242 4.111002029780975E-01
6243 4.202714203981971E-01
6244 2.686670041089158E-01
6245 2.761837629668634E-01
6246 2.900344140968005E-01
6247 5.650231343539962E-01
6248 5.663889130494543E-01
6249 5.624186364486835E-01
6250 1.143155292813744E-01
6251 1.582884580382251E-01
6252 5.648350919164717E-01
6253 5.693197216775411E-01
6254 4.233395951535391E-01
6255 4.259779574093229E-01
6256 5.696828844173559E-01
6257 5.638610708003117E-01
6258 4.392818548409068E-01
6259 4.305389505169096E-01
6260 3.185115964513226E-01
6261 1.689922243781392E-01
6262 3.832716002092419E-01
6263 1.998131809711170E-01
6264 1.991491102867685E-01
6265 2.268187876990324E-01
6266 2.302036436947897E-01
6267 1.640432138107204E-01
6268 1.642145316231495E-01
6269 3.684912706313502E-01
6270 2.109871949915792E-01
6271 2.145632504108757E-01
6272 5.214697233877064E-01
6273 5.291394979917404E-01
6274 5.710709593365390E-01
6275 3.731983405425968E-01
6276 3.834132023113508E-01
6277 5.744194821765749E-01
6278 5.672595611380831E-01
6279 2.732802835796829E-01
6280 2.794188724041082E-01
6281 5.358012291621590E-01
6282 3.295063319168726E-01
6283 2.714627041643294E-01
6284 1.841045724620615E-01
6285 5.762780525032980E-01
6286 1.648060519307287E-01
6287 1.792273067208033E-01
6288 5.509179304321838E-01
6289 1.791261308012443E-01
6290 1.794612408979482E-01
6291 1.612963480218372E-01
6292 3.818272825347424E-01
6293 2.998206020825656E-01
6294 2.094826049793413E-01
6295 2.078347732368525E-01
6296 5.751393249487212E-01
6297 1.643342599346934E-01
6298 4.829718919594235E-01
6299 4.813449523531940E-01
6300 4.736207799900550E-01
6301 4.561988743849948E-01
6302 4.491508896909482E-01
6303 3.873115435568331E-01
6304 1.786568088349282E-01
6305 4.649546349624852E-01
6306 4.566616009618861E-01
6307 1.796253523045975E-01
6308 4.608077334463929E-01
6309 1.647237546847020E-01
6310 1.647764333702966E-01
6311 1.797284565801293E-01
6312 2.012088135370288E-01
6313 1.894380887095820E-01
6314 1.895092113394929E-01
6315 3.831942553974031E-01
6316 5.806462212879885E-01
6317 5.684199161395413E-01
6318 5.624995820833215E-01
6319 1.147878803981134E-01
6320 1.201703916392551E-01
6321 4.421838296916539E-01
6322 4.941522133672502E-01
6323 4.928983887655714E-01
6324 4.212295765151375E-01
6325 1.787500021993594E-01
6326 1.620700905107295E-01
6327 3.888083623469712E-01
6328 1.042224136687760E-01
6329 3.534869275287975E-01
6330 2.829736986796318E-01
6331 1.680117997909547E-01
6332 1.521128532483730E-01
6333 3.636694795050108E-01
6334 4.134306754345131E-01
6335 4.408110053368466E-01
6336 2.701533320942519E-01
6337 5.350641415759627E-01
6338 2.160687095645392E-01
6339 1.919568684742677E-01
6340 1.919582028829013E-01
6341 2.577882639124084E-01
6342 2.519280575194979E-01
6343 1.704859126225873E-01
6344 1.668026985264353E-01
6345 3.736849626928395E-01
6346 4.579103568343179E-01
6347 1.740143341705341E-01
6348 5.830537856452517E-01
6349 3.915877754382386E-01
6350 5.217968075651638E-01
6351 3.231721199818314E-01
6352 3.184173492441270E-01
6353 3.085648415020604E-01
6354 4.085754198848869E-01
6355 5.059302166560848E-01
6356 5.023849914290153E-01
6357 5.094561651414830E-01
6358 4.965907018541698E-01
6359 4.927774234723993E-01
6360 4.988261054665336E-01
6361 3.238991690106215E-01
6362 4.981031090375886E-01
6363 1.643985762453097E-01
6364 1.780051174976656E-01
6365 5.075081744875973E-01
6366 5.078923561048972E-01
6367 4.562571353676049E-01
6368 4.536965975380668E-01
6369 1.647308825825531E-01
6370 5.602252290363829E-01
6371 5.564902851006219E-01
6372 5.059369726396162E-01
6373 4.599120118979072E-01
6374 5.044645258879791E-01
6375 3.327875044632962E-01
6376 5.051411226536764E-01
6377 5.010560305408098E-01
6378 4.653869603119636E-01
6379 4.973747153661071E-01
6380 5.771850996733110E-01
6381 4.640567780994441E-01
6382 4.699303557680674E-01
6383 1.811977182075366E-01
6384 5.559815472577989E-01
6385 5.162667744485719E-01
6386 4.603913302851256E-01
6387 5.095165273376778E-01
6388 4.895288173684262E-01
6389 4.633435179515092E-01
6390 4.689059095846353E-01
6391 4.643687421423782E-01
6392 5.768359650592195E-01
6393 5.438008939706646E-01
6394 5.707067919335587E-01
6395 5.213620369366468E-01
6396 5.737671460962825E-01
6397 5.756880818935072E-01
6398 5.423932219268468E-01
$EndNodeData
$NodeData
1
"U2"
1
0.0
3
0
1
6398
1 0.000000000000000E+00
2 3.534209002267404E-02
3 5.819736565907749E-02
4 3.928874526005810E-01
5 4.157418480123383E-01
6 4.510836620829186E-01
7 2.255491598284359E-01
8 5.370046917811727E-01
9 2.255409329328012E-01
10 -8.592332017296914E-02
11 2.277544016409466E-04
12 8.851777082070042E-04
13 1.990049037677693E-03
14 3.619451567464617E-03
15 5.866701497808294E-03
16 8.843012142257680E-03
17 1.269389048586030E-02
18 1.766774123383025E-02
19 2.431960431915457E-02
20 4.932245185597847E-05
21 4.846883465160657E-04
22 1.353586423437286E-03
23 2.702392631594844E-03
24 4.619653475595672E-03
25 7.206233693180941E-03
26 1.058841106287061E-02
27 1.495490907415874E-02
28 2.062233327910085E-02
29 2.856005130358228E-02
30 4.264521752659386E-02
31 4.558621563655536E-02
32 4.647696881834418E-02
33 4.561395887687292E-02
34 4.301727982026853E-02
35 3.865335929405896E-02
36 3.253360133222587E-02
37 2.481941649958489E-02
38 1.593429704546753E-02
39 6.727426955613877E-03
40 -1.431079919384828E-03
41 -6.698056390388511E-03
42 -7.070253348904868E-03
43 -1.259769849994439E-03
44 1.049700288886030E-02
45 2.599292550732280E-02
46 4.167792123594679E-02
47 5.354067464402789E-02
48 4.003504038954426E-02
49 4.443339968133958E-02
50 4.625843050579845E-02
51 4.624734011240368E-02
52 4.450474424231930E-02
53 4.101004583821039E-02
54 3.574481728645949E-02
55 2.878070218120199E-02
56 2.040173097106351E-02
57 1.122623935013259E-02
58 2.351553427522083E-03
59 -4.569243135512250E-03
60 -7.540270607838462E-03
61 -4.842348361803177E-03
62 4.090008090263322E-03
63 1.811537191320575E-02
64 3.416221417095325E-02
65 4.841605725530696E-02
66 5.697694057041908E-02
67 8.075485302500354E-02
68 1.060207549578228E-01
69 1.384403228393518E-01
70 1.791721462812554E-01
71 2.255427599866305E-01
72 2.719264011676996E-01
73 3.126416168338928E-01
74 3.450646822959615E-01
75 3.703306016686708E-01
76 6.942869656398103E-02
77 9.266670039200633E-02
78 1.211851584037429E-01
79 1.578310739300156E-01
80 2.019206200982766E-01
81 2.491576937409558E-01
82 2.932548076124071E-01
83 3.298982094485268E-01
84 3.584187992562415E-01
85 3.816563155331853E-01
86 3.975438981955134E-01
87 4.094067070290889E-01
88 4.250982328571747E-01
89 4.406014690030357E-01
90 4.523598740777768E-01
91 4.581682809540030E-01
92 4.577868535594289E-01
93 4.525243740504016E-01
94 4.443541455511563E-01
95 4.351456107119186E-01
96 4.262646832566296E-01
97 4.185487828228653E-01
98 4.124307152930272E-01
99 4.080653179212796E-01
100 4.054673804581420E-01
101 4.046069918198899E-01
102 4.054963304745688E-01
103 4.084386240841585E-01
104 3.941079788787876E-01
105 4.026680847316750E-01
106 4.169222942520584E-01
107 4.329760623869420E-01
108 4.469664240720062E-01
109 4.559184925992889E-01
110 4.586295077213116E-01
111 4.556459915899030E-01
112 4.487311262087735E-01
113 4.398615783241158E-01
114 4.306815258372197E-01
115 4.223020664211361E-01
116 4.153402431758835E-01
117 4.100771636841861E-01
118 4.065797247563133E-01
119 4.048371569277514E-01
120 4.048236054114839E-01
121 4.066501286142683E-01
122 4.110498370598411E-01
123 4.267655711837098E-01
124 4.334165544065780E-01
125 4.383840647137349E-01
126 4.422392274284898E-01
127 4.452161064212014E-01
128 4.474638966963304E-01
129 4.490939713785141E-01
130 4.501996374386038E-01
131 4.508566266875361E-01
132 4.225175808344134E-01
133 4.304671117174953E-01
134 4.361342272763781E-01
135 4.404951433607323E-01
136 4.438779964967538E-01
137 4.464644087447603E-01
138 4.483815293458181E-01
139 4.497313522273411E-01
140 4.505970015260554E-01
141 4.510357156426917E-01
142 4.071640469023062E-01
143 3.625385100530356E-01
144 3.172312900156303E-01
145 2.714865030976206E-01
146 2.255422053452895E-01
147 1.795981408898668E-01
148 1.338540573378202E-01
149 8.854776446352697E-02
150 4.391896448596497E-02
151 4.292027138706568E-01
152 3.849470099193109E-01
153 3.399535795216879E-01
154 2.943963812156732E-01
155 2.485254758375768E-01
156 2.025582117410717E-01
157 1.566870377715411E-01
158 1.111292045990791E-01
159 6.613678198415635E-02
160 2.188311895531905E-02
161 4.344359003518249E-02
162 5.125129481510152E-02
163 5.892985258822580E-02
164 6.659484098683927E-02
165 7.433738959600804E-02
166 8.223528644521949E-02
167 9.034758894081919E-02
168 9.872776332723197E-02
169 1.074220565430316E-01
170 1.164605954610534E-01
171 1.258693722241654E-01
172 1.356615816846710E-01
173 1.458389503822817E-01
174 1.563925388903752E-01
175 1.672987406754901E-01
176 1.785250862067358E-01
177 1.900240796292100E-01
178 2.017388238278540E-01
179 2.136031393394818E-01
180 2.255408303314068E-01
181 2.374817804424783E-01
182 2.493456178029509E-01
183 2.610589398694362E-01
184 2.725596275898103E-01
185 2.837850636291428E-01
186 2.946913980459059E-01
187 3.052450694802825E-01
188 3.154224681062737E-01
189 3.252145576681541E-01
190 3.346231947640997E-01
191 3.436622820090487E-01
192 3.523562945883808E-01
193 3.607361663058204E-01
194 3.688497707414464E-01
195 3.767449676749076E-01
196 3.844886454181157E-01
197 3.921534910712834E-01
198 3.998358048091264E-01
199 4.076416603143160E-01
200 3.940364977472251E-02
201 4.736449300539900E-02
202 5.509574898211281E-02
203 6.275660790880017E-02
204 7.045242264435428E-02
205 7.826311556261910E-02
206 8.626025489258148E-02
207 9.450145220417910E-02
208 1.030339243905597E-01
209 1.118963713175604E-01
210 1.211178712531687E-01
211 1.307175847923261E-01
212 1.407023716480919E-01
213 1.510698934761688E-01
214 1.618033605132411E-01
215 1.728750977331223E-01
216 1.842441094000038E-01
217 1.958586019720968E-01
218 2.076565475350862E-01
219 2.195673079954878E-01
220 2.315164878755815E-01
221 2.434277210381814E-01
222 2.552251712938307E-01
223 2.668396924165581E-01
224 2.782092676302903E-01
225 2.892802579410720E-01
226 3.000142672931735E-01
227 3.103813444779174E-01
228 3.203663733196694E-01
229 3.299658462159660E-01
230 3.391876003187818E-01
231 3.480500147468910E-01
232 3.565825093318982E-01
233 3.648234911027691E-01
234 3.728205983560800E-01
235 3.806324893125655E-01
236 3.883273819441845E-01
237 3.959846180481050E-01
238 4.037203011069928E-01
239 4.116796625507975E-01
240 2.510399066610560E-01
241 2.763734575596022E-01
242 3.013590570176947E-01
243 3.258631070921831E-01
244 3.497212749761859E-01
245 3.727582332531954E-01
246 3.948171141124520E-01
247 4.157719767182141E-01
248 4.354697895869764E-01
249 4.537753884364035E-01
250 4.705425087315666E-01
251 4.856598468087492E-01
252 4.990090998597387E-01
253 5.104873344598474E-01
254 5.199971904818437E-01
255 5.274553677351499E-01
256 5.328120282445875E-01
257 5.360065492065043E-01
258 2.383058339334778E-01
259 2.637397005178972E-01
260 2.889202644343792E-01
261 3.136891882550417E-01
262 3.378896718031124E-01
263 3.613543892897198E-01
264 3.839249863305526E-01
265 4.054497276707759E-01
266 4.257911832831614E-01
267 4.448098394926495E-01
268 4.623670513600259E-01
269 4.783236063414010E-01
270 4.925704720798467E-01
271 5.049971857005319E-01
272 5.155014494305087E-01
273 5.239979972425778E-01
274 5.304117974928877E-01
275 5.346812165715968E-01
276 5.367902367365254E-01
277 5.358234046352051E-01
278 5.324578915322865E-01
279 5.269452420749203E-01
280 5.193400342620171E-01
281 5.097016611862935E-01
282 4.981211875125280E-01
283 4.846890884592660E-01
284 4.695149795483226E-01
285 4.527183235977517E-01
286 4.344170652207343E-01
287 4.147584359486052E-01
288 3.938629940382091E-01
289 3.718772396555348E-01
290 3.489493872925958E-01
291 3.252291131492286E-01
292 3.008692766755952E-01
293 2.760289723273323E-01
294 2.508643220385500E-01
295 5.366970029677390E-01
296 5.344197617936464E-01
297 5.299761805194825E-01
298 5.234092036443448E-01
299 5.147781113285718E-01
300 5.041566346186421E-01
301 4.916380598563662E-01
302 4.773197485657256E-01
303 4.613196271664309E-01
304 4.437544092104380E-01
305 4.247572688662926E-01
306 4.044604402134195E-01
307 3.830013538062064E-01
308 3.605257272295376E-01
309 3.371825896496716E-01
310 3.131224152591164E-01
311 2.885019890227451E-01
312 2.634793942181929E-01
313 2.382147087927828E-01
314 2.002312613425884E-01
315 1.750432180259431E-01
316 1.502132918793171E-01
317 1.258555346358433E-01
318 1.021358068311820E-01
319 7.921273706501918E-02
320 5.722213699803442E-02
321 3.632514298035287E-02
322 1.665526535487100E-02
323 -1.623696743325329E-03
324 -1.843094206612171E-02
325 -3.360956884979948E-02
326 -4.703598052922069E-02
327 -5.861816374203174E-02
328 -6.826164378131663E-02
329 -7.586509396171583E-02
330 -8.137530063341532E-02
331 -8.474154985415293E-02
332 2.128720102141620E-01
333 1.876052274603065E-01
334 1.625801553586626E-01
335 1.379607201661487E-01
336 1.139009544977136E-01
337 9.055898994772837E-02
338 6.808458704358561E-02
339 4.662392039801524E-02
340 2.632379951305113E-02
341 7.322957367856615E-03
342 -1.023410982876218E-02
343 -2.623240399883746E-02
344 -4.055539002764531E-02
345 -5.306699464110741E-02
346 -6.369145095046534E-02
347 -7.232569120817457E-02
348 -7.889629301720674E-02
349 -8.333397040077052E-02
350 -8.561760904407431E-02
351 -8.491882797324100E-02
352 -8.172173538134637E-02
353 -7.637301425938732E-02
354 -6.891267251747664E-02
355 -5.940518885063481E-02
356 -4.792769239560365E-02
357 -3.457856107611223E-02
358 -1.946087874232272E-02
359 -2.687136967315876E-03
360 1.560881701112217E-02
361 3.532445751101167E-02
362 5.625968019146743E-02
363 7.831754395676217E-02
364 1.013705972669556E-01
365 1.252173719939480E-01
366 1.497128534056303E-01
367 1.747117115357507E-01
368 2.000549812702287E-01
369 -8.569943394761403E-02
370 -8.360310919497971E-02
371 -7.932393833882101E-02
372 -7.291111806996800E-02
373 -6.441829930691229E-02
374 -5.391519125635318E-02
375 -4.148896662655541E-02
376 -2.724030614068264E-02
377 -1.127971110065494E-02
378 6.273924864088559E-03
379 2.529529262413634E-02
380 4.563137891818895E-02
381 6.716121414955316E-02
382 8.973291383700675E-02
383 1.131952453051074E-01
384 1.373867828695589E-01
385 1.621599815191892E-01
386 1.873515898895999E-01
387 2.127902708811214E-01
388 3.392393921755478E-01
389 2.995633658780948E-01
390 2.546860618856969E-01
391 2.079878719872003E-01
392 1.626886066684582E-01
393 1.209647043217205E-01
394 3.661644541409598E-01
395 9.389680311912617E-02
396 2.136093045137934E-02
397 4.285720312667923E-01
398 6.600067657215163E-02
399 2.152795320731191E-02
400 2.922186366822923E-01
401 2.022763648701267E-01
402 3.919032771055611E-01
403 4.294952085627330E-01
404 2.774013156829038E-01
405 3.188789389275023E-01
406 2.314484395310428E-01
407 1.849380550070889E-01
408 1.416658975300709E-01
409 1.095723425780786E-01
410 5.100079470595159E-02
411 4.248395719406474E-01
412 2.901410305782889E-02
413 3.802075980311559E-01
414 3.082133982811314E-02
415 4.099509348440842E-01
416 6.365888862955492E-02
417 8.986156385549519E-02
418 1.256457470531183E-01
419 1.070038076215372E-01
420 1.383233740468190E-01
421 1.249107880185464E-01
422 1.501425761716019E-01
423 1.371615802913711E-01
424 1.146239124599208E-01
425 1.607854869608263E-01
426 1.738724988222536E-01
427 1.827659869309580E-01
428 1.968730045942823E-01
429 2.050589790808693E-01
430 2.198806270717635E-01
431 2.282237037596725E-01
432 2.423725425479974E-01
433 2.501585356549070E-01
434 2.644037077877138E-01
435 2.724867709154225E-01
436 2.859723137721381E-01
437 2.932200589367906E-01
438 3.066988250338143E-01
439 3.133289892979923E-01
440 3.268526692352048E-01
441 3.199577870836733E-01
442 3.416723751361326E-01
443 3.465596089123638E-01
444 3.350391928864317E-01
445 3.628565833505523E-01
446 3.666628364169654E-01
447 2.572033311261377E-01
448 1.230673809357002E-01
449 1.041373092347975E-01
450 9.291949468063795E-02
451 8.471984997457574E-02
452 7.232003667326506E-02
453 3.546107595419437E-01
454 3.707086567298095E-01
455 1.703954285494073E-01
456 6.563924991049418E-02
457 3.841105483688654E-01
458 3.862876410542774E-01
459 2.097278568854437E-01
460 3.100186455663544E-01
461 2.166857872147834E-01
462 8.003116686716329E-02
463 6.153336538759904E-02
464 7.563998489971500E-02
465 2.621855114868365E-01
466 1.135981420219793E-01
467 1.297991231537376E-01
468 3.024181178260636E-01
469 3.186412837299414E-01
470 5.348796040402144E-02
471 3.581648265845093E-01
472 3.264026232393840E-01
473 3.534804290955648E-01
474 1.574743997621429E-01
475 3.999636467663595E-01
476 3.977606668603456E-01
477 4.006041711385304E-01
478 3.450176511346661E-01
479 3.878775150007937E-01
480 5.742871223033342E-02
481 7.297716055934522E-02
482 5.894188558090920E-02
483 4.679010079811367E-02
484 8.566696764565571E-02
485 3.448994485494127E-01
486 2.344904367510941E-01
487 2.237483641979604E-01
488 2.078196376592438E-01
489 2.401000478230201E-01
490 2.778202486016649E-01
491 2.903093399514353E-01
492 2.676974489167669E-01
493 3.122033904465384E-01
494 2.974581729390954E-01
495 1.882195779011401E-01
496 1.762677943556852E-01
497 1.603939649935424E-01
498 9.716613090424915E-02
499 1.055919603206034E-01
500 4.429962935513206E-02
501 3.724862610500536E-01
502 4.251978842187468E-01
503 1.519790494225580E-01
504 8.008898640576617E-02
505 1.204598179232416E-01
506 1.335335997562676E-01
507 2.466451238715669E-01
508 2.281446345349742E-01
509 3.297069151146650E-01
510 3.085483462467182E-02
511 4.003302418761058E-01
512 3.480493935907933E-01
513 3.244264635809564E-01
514 5.872868099460032E-02
515 1.543602811183164E-01
516 4.856839639847248E-02
517 4.295908348882928E-01
518 4.111481380368120E-01
519 4.068649195851433E-01
520 3.874949815226866E-01
521 4.262634678033928E-01
522 4.011403873046712E-01
523 2.127801392346816E-02
524 2.652260001104742E-01
525 4.275608279520428E-01
526 2.336739028817452E-02
527 1.664302035632756E-01
528 1.547072584155548E-01
529 3.772416497958381E-01
530 8.680437832530018E-02
531 4.963362871870189E-02
532 4.146890801599299E-01
533 3.596763677986051E-01
534 1.648430868201480E-01
535 1.834645078341036E-01
536 2.247382544921576E-02
537 2.813926613983848E-01
538 5.927072677760646E-02
539 4.133213344162679E-01
540 4.116702980040290E-01
541 4.011481733840416E-01
542 3.825032052770682E-01
543 1.816356612734513E-01
544 3.601230123915992E-01
545 3.793783676104389E-01
546 1.040566958257752E-01
547 3.486504115071534E-01
548 3.361777297588470E-01
549 3.296982352952571E-01
550 1.121091690167475E-01
551 3.087997437115344E-01
552 2.661529260050909E-01
553 2.896766022092238E-01
554 2.430969567424624E-01
555 2.196791126817936E-01
556 2.149577490094407E-01
557 1.984187049438388E-01
558 1.966321333322907E-01
559 1.736230953317658E-01
560 1.513146824740052E-01
561 1.325813483992522E-01
562 3.867086609764557E-02
563 3.811976700675245E-01
564 1.924174501215675E-01
565 3.766761699382905E-01
566 4.140976095328824E-01
567 1.445206556979354E-01
568 3.642154606066402E-02
569 2.450488395117053E-01
570 4.219256563072024E-01
571 2.982970298336611E-01
572 2.337837869105751E-01
573 1.876965382795718E-01
574 9.601047006520765E-02
575 3.574619048863971E-01
576 3.545390301487870E-02
577 2.474287628512022E-01
578 3.549500794031932E-02
579 3.190178696074599E-01
580 3.336255628696661E-01
581 4.183445482647977E-02
582 3.325850511455346E-01
583 2.314955365989004E-01
584 2.548859171416139E-01
585 2.603387941764571E-01
586 1.798187931005162E-01
587 3.742708467165696E-01
588 2.818358701623391E-01
589 7.665970471947046E-02
590 2.774702810904080E-01
591 2.753628255240487E-02
592 4.192735484479351E-01
593 3.891473656865809E-01
594 3.004215384620924E-01
595 7.117442584416062E-02
596 4.167137733617466E-02
597 1.373362038483363E-01
598 3.688619067755860E-01
599 1.267536130422624E-01
600 7.410551241028723E-02
601 2.798139251388941E-01
602 2.721880132845564E-01
603 3.419473169584643E-02
604 5.397537281971104E-02
605 4.168801931990916E-01
606 2.127934941179092E-01
607 2.483574631743443E-01
608 8.533102835263244E-02
609 1.563151336031993E-01
610 6.299965380106204E-02
611 9.446156931421497E-02
612 8.827762311625650E-02
613 2.020576038995272E-01
614 2.900918491578138E-01
615 1.139810200909433E-01
616 3.998559800109869E-01
617 3.418038909203114E-01
618 1.445339583990323E-01
619 1.051593982038972E-01
620 3.989494778475430E-02
621 2.017321046769824E-01
622 4.116526464607500E-02
623 3.673076740152774E-02
624 3.524208080772109E-02
625 4.283631069870526E-02
626 3.155270599673888E-01
627 3.104258699182507E-01
628 3.138728926107184E-01
629 1.833128472643238E-01
630 1.917138411067072E-01
631 1.899823513192758E-01
632 3.626246007817163E-01
633 3.570034207586261E-01
634 3.393090866874580E-01
635 3.751615226488425E-01
636 3.738518778596510E-01
637 3.615557150979063E-01
638 3.215783229629578E-01
639 3.183551309193773E-01
640 6.248643605378261E-02
641 5.634767010074623E-02
642 6.015338169909656E-02
643 6.850224021135845E-02
644 6.521058731263309E-02
645 2.948888957256293E-01
646 2.787205625250018E-01
647 2.813763832871383E-01
648 4.715940480171009E-02
649 4.472579254909161E-02
650 6.113191446872772E-02
651 2.733610564435919E-01
652 2.551209993858755E-01
653 2.632652411458577E-01
654 1.907557594931917E-01
655 1.975549370899539E-01
656 4.204171859763778E-01
657 4.127554080473113E-01
658 4.219125224080780E-01
659 4.045159235682845E-01
660 3.993619974103965E-01
661 3.927856480525315E-01
662 3.961252345754360E-01
663 3.964667463819104E-01
664 4.010365209131951E-01
665 8.857566206788703E-02
666 8.735963022003888E-02
667 9.578536503722966E-02
668 2.692826162714244E-01
669 2.511480796634262E-01
670 3.872215332761362E-01
671 3.792685931659559E-01
672 3.801737087830067E-01
673 8.225041992188264E-02
674 9.102267412209898E-02
675 1.782926319064135E-01
676 1.670873383987541E-01
677 1.910237821326355E-01
678 3.843958471555837E-01
679 3.895006790765183E-01
680 2.962295078487486E-02
681 3.630887052847046E-02
682 2.694570326133277E-01
683 2.559704625101182E-01
684 3.749904622414558E-01
685 3.824364766604624E-01
686 2.963344518125312E-01
687 2.953843742426974E-01
688 3.013250140561325E-01
689 2.894139042114216E-01
690 1.489390512493308E-01
691 1.446284026189751E-01
692 1.563755254909708E-01
693 8.288352474463265E-02
694 9.002437604248859E-02
695 3.608336935380933E-01
696 3.784988219218677E-01
697 3.714280468681706E-01
698 3.481382572868622E-01
699 2.173048408293466E-01
700 2.256311326292867E-01
701 2.232131488881712E-01
702 1.646160861845397E-01
703 1.681264907090105E-01
704 1.700509238845141E-01
705 4.553249903528751E-02
706 2.913865857099066E-02
707 2.946446902190468E-01
708 2.999415980761759E-01
709 2.950575528182788E-01
710 1.415500942555850E-01
711 1.558880903309014E-01
712 1.399332737532165E-01
713 4.059459716941652E-01
714 2.899294686958265E-01
715 6.258936949054347E-02
716 5.661790839012319E-02
717 1.372697071056193E-01
718 1.446255834321193E-01
719 1.909274934272187E-01
720 1.669342239898335E-01
721 3.073127825449252E-01
722 3.063338779331404E-01
723 2.217544705757619E-01
724 2.233154222817120E-01
725 2.112556002723223E-01
726 2.452666957325922E-01
727 2.394838198663753E-01
728 2.372555348581956E-01
729 3.540344299210865E-01
730 3.531040744824398E-01
731 3.585152080798922E-01
732 3.835311667972417E-01
733 3.697663982713865E-01
734 4.637780137269829E-02
735 5.227643278426886E-02
736 4.790433034120384E-02
737 2.394013261950464E-01
738 2.289219715300937E-01
739 4.059822733859058E-01
740 4.063830153790088E-01
741 3.800022834307694E-01
742 3.857474625518036E-01
743 3.831625722976458E-01
744 1.048506510890350E-01
745 1.089427082815153E-01
746 1.098487965489860E-01
747 1.739891397050928E-01
748 1.776659710032115E-01
749 1.250855999427020E-01
750 1.269716269148362E-01
751 1.317342706664711E-01
752 1.175724847619439E-01
753 1.319174311482371E-01
754 2.255573786534626E-01
755 2.314683144775453E-01
756 8.652787411344076E-02
757 7.668998128928137E-02
758 9.964855958869900E-02
759 2.818944694178963E-01
760 2.590743734445677E-01
761 1.007269457401783E-01
762 1.001066992112703E-01
763 2.860739898286082E-01
764 2.857531924179726E-01
765 3.981229776761059E-02
766 3.214655044152260E-02
767 3.720460043705970E-01
768 2.747182894807274E-02
769 2.409035962738063E-02
770 1.216766244699399E-01
771 1.171095624993243E-01
772 2.700275133085582E-01
773 2.649176494160602E-01
774 2.727527986390495E-01
775 2.828967872316228E-01
776 2.751282779594285E-01
777 2.855066399170545E-01
778 3.367576947258833E-01
779 3.282918001635119E-01
780 3.380602703944492E-01
781 2.372867987251241E-01
782 2.255852476374912E-01
783 2.202059672650110E-01
784 2.291398102580996E-01
785 1.077187857678282E-01
786 9.838308745056146E-02
787 1.162326401608751E-01
788 1.792842615012998E-01
789 1.733697994132234E-01
790 1.822536036973081E-01
791 3.243340858147102E-01
792 3.270542477810866E-01
793 1.389947061804405E-01
794 1.390297097857088E-01
795 1.446064908035547E-01
796 1.375143220556236E-01
797 1.310788543318642E-01
798 1.435963301728949E-01
799 3.303454386184925E-01
800 3.328579887351866E-01
801 2.391992906542993E-01
802 2.313476131258617E-01
803 2.423366583387897E-01
804 1.226436789824112E-01
805 1.159680597217580E-01
806 1.315537921366818E-01
807 3.105744476581338E-01
808 3.153452691868042E-01
809 2.244590310963372E-01
810 2.152288160847916E-01
811 2.373819870072688E-01
812 1.053758162467234E-01
813 1.014825242785482E-01
814 1.095272450223474E-01
815 1.258897765116327E-01
816 1.188898060720104E-01
817 1.300445958939664E-01
818 1.135945215449237E-01
819 1.089421838917422E-01
820 1.182711752929032E-01
821 1.938984458156776E-01
822 1.855232170285301E-01
823 1.966376202895110E-01
824 3.539085251126250E-01
825 3.483217878899547E-01
826 3.626816951223674E-01
827 3.564450631770186E-01
828 3.643348434673209E-01
829 7.083568060080789E-02
830 6.732723994185114E-02
831 7.636717008381882E-02
832 4.377425907596807E-01
833 4.257902964294293E-01
834 4.382729763544784E-01
835 5.418529057827563E-02
836 5.556571801348013E-02
837 4.803567787998320E-02
838 3.785121276246208E-01
839 3.716970117138150E-01
840 2.613503836212068E-01
841 2.561566747052421E-01
842 2.673157417746728E-01
843 3.653822011183873E-01
844 3.589463486146746E-01
845 3.659398163598754E-01
846 2.166347135803335E-01
847 2.108700970214053E-01
848 2.224650110101335E-01
849 1.717540327972647E-01
850 1.656317970991406E-01
851 1.765768298295932E-01
852 2.414267133775181E-01
853 2.492422708229137E-01
854 3.082401021761056E-01
855 3.056576242320213E-01
856 4.132212146841933E-01
857 4.137492786944068E-01
858 3.033137832552224E-01
859 2.978180928201510E-01
860 3.078027115449568E-01
861 2.319286151341555E-01
862 2.372790175708819E-01
863 3.566199691035222E-01
864 3.506733524382322E-01
865 3.605798522533418E-01
866 3.642807213013582E-01
867 3.706508596371116E-01
868 8.268553227760757E-02
869 9.130532020329944E-02
870 7.519366826941393E-02
871 7.290256462715104E-02
872 7.934147360416131E-02
873 7.660760675975320E-02
874 8.278644907862179E-02
875 3.159820166701612E-01
876 1.496338970276500E-01
877 1.495982836661034E-01
878 3.687933279961547E-01
879 8.041723798337970E-02
880 7.489677711689914E-02
881 6.852088794508368E-02
882 9.900601091998218E-02
883 7.602814580425202E-02
884 1.371071396381683E-01
885 1.431412457983920E-01
886 1.385059379168972E-01
887 4.377377022397915E-01
888 4.286944157684382E-01
889 4.221667271527326E-01
890 4.211625409344470E-01
891 3.435296869104438E-01
892 3.421549336700939E-01
893 3.376912940284232E-01
894 3.934521629186750E-01
895 3.941711078904954E-01
896 1.554998235687648E-01
897 4.291967749752063E-01
898 4.199209854921753E-01
899 9.443562855115892E-02
900 1.005768648430793E-01
901 1.442463882126185E-01
902 4.380854273888937E-01
903 4.385838977277982E-01
904 1.319665437028665E-01
905 6.344361461944656E-02
906 1.264981157325361E-01
907 4.359384595418393E-01
908 4.349914822476821E-01
909 1.197007627090835E-01
910 1.092967275166671E-01
911 1.080821767592303E-01
912 1.130578113117195E-01
913 6.005490112851362E-02
914 6.597473896276190E-02
915 1.129841665806164E-01
916 3.516182238943263E-01
917 3.465489559027976E-01
918 3.529912528653091E-01
919 1.954266694781593E-01
920 1.870545333443093E-01
921 2.839775356734265E-01
922 2.916107939778165E-01
923 2.122751729759965E-01
924 2.157741500240304E-01
925 1.654008448447623E-01
926 1.682969516429566E-01
927 3.941278683549099E-01
928 4.006766387444614E-01
929 5.764812262589160E-02
930 3.357922361049217E-01
931 3.441606772744621E-01
932 4.917550100731818E-02
933 3.345128306005097E-01
934 1.951248767752277E-01
935 2.035746382075982E-01
936 4.183117467451293E-01
937 4.167949941026492E-01
938 4.236546922418908E-01
939 4.142007812763343E-01
940 4.205171096964129E-01
941 3.886060982051411E-01
942 2.552857888128497E-01
943 3.439794199276539E-01
944 2.138920345802270E-01
945 2.361078337030676E-01
946 7.425152229089492E-02
947 2.113760043369407E-01
948 2.193790488945707E-01
949 2.466999315422002E-01
950 1.578877676581565E-02
951 1.164527624097703E-02
952 2.657622524610122E-02
953 3.215281344817734E-01
954 3.937634307274143E-01
955 1.216552680332292E-01
956 3.497337226083093E-01
957 1.843110682084257E-01
958 1.903399046274797E-01
959 2.893562911667437E-02
960 2.843105129222489E-02
961 3.580499631058827E-02
962 3.773603934604687E-01
963 3.853323324258451E-01
964 3.931019183807929E-01
965 4.004462495431241E-01
966 2.324457585513542E-02
967 3.047649827275737E-01
968 8.117945901226020E-02
969 9.684107142214571E-02
970 3.546625309577523E-01
971 3.648482785704390E-01
972 1.634632599757498E-01
973 1.713731009181374E-01
974 1.060294563962393E-01
975 1.150226757250032E-01
976 5.372428868521984E-02
977 2.999059957283109E-01
978 3.100274747808594E-01
979 2.792020283614939E-01
980 2.895905473252821E-01
981 5.289391185638480E-02
982 4.539428714779017E-02
983 5.171333294966862E-02
984 1.611565901832394E-01
985 1.238474985760127E-01
986 1.203202657233028E-01
987 1.175319651797344E-01
988 1.331179628274921E-01
989 3.046128487613013E-01
990 2.962780076248709E-01
991 2.901686970675480E-01
992 1.440705481304175E-01
993 9.856292443918335E-02
994 8.870066545629643E-02
995 7.853730762160277E-02
996 6.886638025814733E-02
997 3.972259855087750E-01
998 3.931679588635252E-01
999 1.302048346380587E-01
1000 4.264134597107025E-01
1001 4.191056658204314E-01
1002 2.572646198270192E-01
1003 2.684396357120798E-01
1004 2.352921629604504E-01
1005 2.462554093330363E-01
1006 2.093655267146265E-01
1007 1.792498922454306E-01
1008 1.673037603684444E-01
1009 1.783449977385144E-01
1010 2.124657814481882E-01
1011 2.240553518726587E-01
1012 1.898068375042122E-01
1013 2.009841648230576E-01
1014 3.342226290506138E-01
1015 3.441900181286676E-01
1016 7.200619884420623E-02
1017 4.374287074514493E-01
1018 1.243232937059227E-02
1019 1.162967588567377E-02
1020 1.371394802105674E-01
1021 6.713656094189957E-02
1022 5.359783767691543E-02
1023 6.207259663839519E-02
1024 1.510089261892906E-02
1025 1.363566943261163E-02
1026 4.388779069498876E-01
1027 4.111321253378613E-01
1028 4.159552430195383E-01
1029 1.239784359264326E-02
1030 2.122388145341805E-02
1031 4.317255215923489E-01
1032 4.292215889090784E-01
1033 2.071970749274519E-02
1034 1.602169040715424E-02
1035 2.226726460105269E-02
1036 4.297262676289415E-02
1037 4.255261241563123E-02
1038 3.998158418005711E-01
1039 3.900728232439227E-01
1040 4.096072718189863E-01
1041 2.126797315500202E-02
1042 1.349623267864331E-02
1043 4.296883202596938E-01
1044 4.218427227017885E-01
1045 2.275935091193669E-01
1046 2.993679111526050E-02
1047 2.995383406767485E-02
1048 2.918680836690367E-02
1049 3.230006849344184E-02
1050 6.927040907383618E-02
1051 2.593215525858072E-02
1052 1.793970479251698E-02
1053 3.569149584492205E-02
1054 1.575660003731199E-01
1055 1.605478358006315E-01
1056 2.115094202733250E-01
1057 2.066730940951945E-01
1058 2.031736987505029E-01
1059 2.031557308414776E-01
1060 1.547807174903440E-02
1061 4.380644754791281E-01
1062 3.200306225868629E-01
1063 3.215590993840681E-01
1064 9.599406143261115E-02
1065 3.754034142356528E-01
1066 4.076703973581233E-01
1067 4.069686329196924E-01
1068 3.482078984834489E-01
1069 2.182471319358574E-02
1070 3.123088522005581E-02
1071 3.174126340275660E-02
1072 1.538327815852425E-01
1073 1.503884551498538E-01
1074 1.479589699551098E-01
1075 4.222739227706019E-01
1076 4.125612161183067E-01
1077 3.405037064444689E-01
1078 3.920515188144846E-01
1079 3.241045383802946E-01
1080 4.055137709174697E-01
1081 3.946201887850047E-01
1082 3.906441997763915E-01
1083 4.278034004021757E-01
1084 1.236497583184685E-01
1085 1.301256625154266E-01
1086 3.522882208312357E-01
1087 4.275001292887431E-01
1088 3.827710063686710E-01
1089 3.739129976749088E-01
1090 3.168063541765509E-01
1091 1.037869070781638E-01
1092 2.963665584482319E-01
1093 4.374740118860397E-01
1094 4.330550596538046E-01
1095 4.073392656115358E-01
1096 5.952841794378844E-02
1097 5.142562343937785E-02
1098 3.533111784340142E-02
1099 4.928680478919536E-02
1100 4.132608173634256E-01
1101 1.171920962770399E-01
1102 1.217874355370290E-02
1103 6.290954730516939E-02
1104 8.260301139713136E-02
1105 1.613569475070774E-01
1106 1.595105574207635E-01
1107 1.619983632211814E-01
1108 2.752131547196370E-01
1109 2.957239392277102E-01
1110 2.898890741398651E-01
1111 3.041419446349393E-01
1112 2.939123996347678E-02
1113 8.981081054695778E-02
1114 9.897240268052354E-02
1115 2.019988501428279E-01
1116 2.149363064428587E-01
1117 1.478442000673131E-01
1118 8.353248340914887E-02
1119 4.127380016130914E-01
1120 2.737768678908065E-01
1121 2.787895832466617E-01
1122 3.115546769589444E-02
1123 3.042075323284679E-01
1124 2.534037085526376E-01
1125 2.311307774542148E-01
1126 3.715644087348467E-01
1127 3.702726020219520E-01
1128 3.757288971682729E-01
1129 1.562364512214672E-01
1130 2.358214447338431E-01
1131 2.083723883192256E-01
1132 5.517327726613000E-02
1133 1.686211740501448E-01
1134 1.853640194468544E-01
1135 3.256557927363527E-01
1136 3.311466019778952E-01
1137 4.068105697587785E-01
1138 4.091115236744624E-01
1139 3.909428008986971E-01
1140 2.366218038733598E-01
1141 3.129594346759521E-01
1142 3.254645442824663E-01
1143 2.437385071447394E-01
1144 3.664658468113636E-01
1145 3.780906968789129E-01
1146 3.651085426918925E-01
1147 1.611548245258436E-01
1148 1.741176973670712E-01
1149 1.704715717316814E-01
1150 5.510592334228423E-02
1151 5.092524982979234E-02
1152 2.023026651136725E-01
1153 4.040733774931213E-01
1154 3.903013026091622E-01
1155 3.889464075987450E-01
1156 3.783588218322438E-01
1157 1.515802023745809E-01
1158 3.547832960795060E-02
1159 4.482111259851992E-02
1160 6.307168516986583E-02
1161 5.898386627650144E-02
1162 4.091542429724501E-01
1163 4.047188575592001E-01
1164 4.007301560018590E-01
1165 3.964853605875489E-01
1166 3.921773559343145E-01
1167 3.880545046227740E-01
1168 7.036321977398291E-02
1169 6.622522532253937E-02
1170 3.835996894848669E-01
1171 3.795172763772863E-01
1172 1.574521396966530E-01
1173 2.877811145423492E-02
1174 1.693738256375789E-01
1175 1.384796550906716E-02
1176 1.372241626097047E-02
1177 4.352447146613903E-01
1178 4.351051482495889E-01
1179 3.675524228015760E-01
1180 3.633386519643868E-01
1181 1.972504946401085E-01
1182 1.789822854553419E-01
1183 3.037813642639817E-01
1184 1.482606807069693E-01
1185 1.524122938271324E-01
1186 9.639676726385828E-02
1187 9.208879424852309E-02
1188 4.244914207959170E-01
1189 3.414556269433241E-01
1190 3.368550042779584E-01
1191 3.505162435804303E-01
1192 3.460688938509058E-01
1193 4.108875403019270E-02
1194 3.321468131024693E-01
1195 3.273740235845694E-01
1196 1.058454283392480E-01
1197 1.013593182149095E-01
1198 2.585305590263501E-01
1199 2.613091843146016E-01
1200 3.508825499324052E-01
1201 3.220301388542580E-01
1202 3.170789398850213E-01
1203 1.165053388524472E-01
1204 1.143564018588721E-01
1205 1.097551695933045E-01
1206 3.120921684614277E-01
1207 3.069729439326136E-01
1208 3.234442526951126E-01
1209 3.308377841703444E-01
1210 4.005321989469109E-01
1211 3.023895803062566E-01
1212 2.971120797410307E-01
1213 3.630185171132537E-01
1214 3.618037911253079E-01
1215 2.921301141746924E-01
1216 2.866997393360015E-01
1217 2.805597957306522E-01
1218 2.749727582026941E-01
1219 2.693202663459141E-01
1220 2.636086342412118E-01
1221 2.578344616616738E-01
1222 2.520268005869945E-01
1223 2.461851340112317E-01
1224 2.403087106374845E-01
1225 2.344375196123012E-01
1226 2.285194888244129E-01
1227 2.225840757368138E-01
1228 2.166734134821633E-01
1229 2.107751954799194E-01
1230 2.048984648726058E-01
1231 1.991730812073733E-01
1232 1.933558688757479E-01
1233 1.874796546429062E-01
1234 1.817688423790493E-01
1235 1.760891984805083E-01
1236 1.705058047661645E-01
1237 1.650120183024288E-01
1238 1.595701860094240E-01
1239 1.538776059922057E-01
1240 1.486009641756306E-01
1241 1.437767157845246E-01
1242 1.386672648936465E-01
1243 1.341928210732836E-01
1244 1.292385455770463E-01
1245 1.234790036718348E-01
1246 1.187197235098009E-01
1247 1.000517394896662E-01
1248 4.177666752897275E-01
1249 2.794251255248990E-01
1250 2.878946771494553E-01
1251 1.555392624484588E-01
1252 3.307719110947951E-01
1253 3.442659092190442E-01
1254 3.399661587894222E-01
1255 3.989976078483684E-01
1256 4.170874278787626E-01
1257 4.122173499176424E-01
1258 4.218820520250472E-01
1259 2.455023321267604E-01
1260 4.803379975091264E-02
1261 4.924631741860801E-02
1262 3.984862884981170E-02
1263 3.886478646417706E-02
1264 3.399862470837074E-02
1265 7.564226449196747E-02
1266 3.730716268613304E-01
1267 3.674747339116526E-01
1268 8.417973410859447E-02
1269 8.699615156244210E-02
1270 2.936115607459338E-02
1271 4.145562849053052E-01
1272 3.591284355758166E-01
1273 3.548368320945979E-01
1274 1.987145665834730E-01
1275 2.002119144956781E-01
1276 3.871661894029801E-01
1277 5.574262892808522E-02
1278 2.204470592870138E-01
1279 3.371382873934054E-01
1280 1.296911820723068E-01
1281 6.484942299595614E-02
1282 5.537653339189933E-02
1283 4.647322501404129E-02
1284 4.671176232865076E-02
1285 1.762716335007243E-01
1286 1.855825264678639E-01
1287 3.476069382006083E-01
1288 3.568698031905997E-01
1289 3.132936270207128E-01
1290 3.743022427035453E-02
1291 1.464554274279314E-01
1292 2.608080861831918E-01
1293 2.497732863946528E-01
1294 4.166138050294028E-01
1295 2.148129162981551E-01
1296 2.032886397125972E-01
1297 4.602562652248784E-02
1298 3.274812425244443E-01
1299 3.225492704923171E-01
1300 3.150335748361880E-01
1301 9.890309710335458E-02
1302 6.015761858975057E-02
1303 5.206170285863461E-02
1304 3.182073457577260E-01
1305 3.119510351338753E-01
1306 4.493713392911618E-02
1307 4.113767071912008E-02
1308 4.232794656506587E-02
1309 9.090778522938879E-02
1310 9.210138045946700E-02
1311 1.099067143698489E-01
1312 3.384122454636967E-01
1313 3.492434778305666E-01
1314 3.356684136136489E-01
1315 1.981373180620278E-01
1316 2.000964993854328E-01
1317 3.263472788872052E-01
1318 6.576423415786659E-02
1319 2.835824990006653E-01
1320 2.718053741782696E-01
1321 2.604404024312031E-01
1322 2.489073839350999E-01
1323 2.138259191823817E-01
1324 1.569601651926492E-01
1325 1.267099500557091E-01
1326 4.070821186654995E-01
1327 2.673575770491360E-01
1328 2.049376419414785E-01
1329 3.755655221064955E-01
1330 3.714760205394687E-01
1331 7.543162172728414E-02
1332 7.139422369281194E-02
1333 3.025224774923950E-01
1334 2.921086131989073E-01
1335 2.807995029179865E-01
1336 2.759958513813823E-01
1337 2.770304096503380E-01
1338 9.494146879120414E-02
1339 3.388360831121802E-01
1340 3.434344065242089E-01
1341 1.922986224161517E-01
1342 1.807623649670531E-01
1343 2.380837172661684E-01
1344 2.268205045897763E-01
1345 2.510211618498182E-01
1346 3.343780545428668E-01
1347 8.958176006535669E-02
1348 8.792258468469179E-02
1349 3.284239909711300E-01
1350 1.409844779262728E-01
1351 3.091478434820904E-01
1352 7.954984598253152E-02
1353 1.335451492224864E-01
1354 7.314817373622332E-02
1355 9.525777025359021E-02
1356 3.534312957899611E-02
1357 2.442378451037671E-01
1358 9.115528908300233E-02
1359 8.676211269593366E-02
1360 1.816382369795904E-01
1361 3.319777416413917E-01
1362 2.817322081768298E-01
1363 2.709247786677894E-01
1364 3.227439827089881E-01
1365 2.575853567870354E-01
1366 2.640177161915435E-01
1367 2.699160926640331E-01
1368 2.511655543247004E-01
1369 2.539006938359062E-01
1370 2.475066289860401E-01
1371 8.373547002397705E-02
1372 2.796032850321195E-01
1373 4.420586330987015E-02
1374 8.099175924635686E-02
1375 7.398907406205049E-02
1376 2.632119132764510E-01
1377 2.575154616698366E-01
1378 4.133672495120985E-01
1379 4.148056652133748E-02
1380 3.882982298088598E-01
1381 4.196659653559054E-01
1382 7.830361801458328E-02
1383 3.633157601308068E-02
1384 3.809734464490525E-02
1385 8.278530495880455E-02
1386 2.747629419333025E-01
1387 2.691662591147295E-01
1388 2.662855766113236E-01
1389 2.850806893563801E-01
1390 2.849507933079550E-01
1391 2.516040692125521E-01
1392 1.925765039899035E-01
1393 1.907758353875667E-01
1394 2.072735360123569E-01
1395 1.972049221062578E-02
1396 4.333974655469250E-01
1397 3.531730541862083E-01
1398 9.726700833673331E-02
1399 4.792176597273544E-01
1400 -2.577391895958792E-02
1401 1.686882280348313E-01
1402 2.851832429207758E-01
1403 1.125948296622787E-01
1404 3.382951763621651E-01
1405 5.091103965812318E-01
1406 -6.035747281222885E-02
1407 5.238696129832781E-01
1408 -7.236234283104716E-02
1409 -6.618345148707784E-02
1410 5.150614319113466E-01
1411 -4.090789215409538E-02
1412 4.920528799416743E-01
1413 4.490711177657738E-01
1414 2.221922050638972E-04
1415 3.967196658685844E-01
1416 5.543345031818889E-02
1417 3.317783015165277E-01
1418 1.172473977521037E-01
1419 2.623474581397202E-01
1420 1.897642843820631E-01
1421 3.000658685032993E-01
1422 1.506232005123405E-01
1423 2.554944565512503E-01
1424 1.957530704356741E-01
1425 4.158246937489297E-01
1426 3.510856286140365E-02
1427 3.645103447369628E-01
1428 8.816208901465110E-02
1429 5.935633006369863E-03
1430 4.449123337062045E-01
1431 5.120078751016686E-02
1432 4.004841147804109E-01
1433 2.707598259712340E-02
1434 4.229486383033816E-01
1435 4.516215526964953E-01
1436 -1.858739706786626E-04
1437 3.945194817292977E-01
1438 5.499415527065159E-02
1439 2.113814513524425E-01
1440 6.442132497382608E-02
1441 3.862059732685341E-01
1442 2.327570819935689E-01
1443 2.768804577650792E-01
1444 3.203752890654551E-01
1445 1.732066261322955E-01
1446 1.307738034928780E-01
1447 1.622238187285164E-01
1448 2.898952044309433E-01
1449 3.995648398425683E-01
1450 5.236230132078330E-02
1451 3.614719036963568E-01
1452 8.961264350657827E-02
1453 5.145405607452427E-02
1454 3.989503199409838E-01
1455 1.110961939366832E-01
1456 1.241676981496354E-01
1457 8.629477345948439E-02
1458 8.841681437057017E-02
1459 6.588107296366343E-02
1460 6.253654458151485E-02
1461 3.399950414897934E-01
1462 3.272854666091879E-01
1463 3.646636279466355E-01
1464 3.623875337370976E-01
1465 3.849877490438975E-01
1466 3.885419376621597E-01
1467 4.412377457805601E-01
1468 4.433591396959074E-01
1469 4.498672270320571E-01
1470 4.464977604219967E-01
1471 4.503225783981404E-01
1472 4.504053744267336E-01
1473 4.521156239854737E-01
1474 4.446784234303506E-01
1475 4.556754734881495E-01
1476 4.546509020575289E-01
1477 4.495898660273372E-01
1478 4.496469198181256E-01
1479 4.439820318156809E-01
1480 4.415009862972112E-01
1481 4.359952231589476E-01
1482 4.306797717517930E-01
1483 4.265339469518167E-01
1484 4.196492417233330E-01
1485 4.239545844141826E-01
1486 4.114885756757504E-01
1487 4.084887941409263E-01
1488 3.992851075468218E-01
1489 3.977094275539793E-01
1490 3.877648178129334E-01
1491 3.875173552134769E-01
1492 3.772587234300216E-01
1493 3.766311550237926E-01
1494 3.665242943554917E-01
1495 3.646857890644241E-01
1496 3.551191803601068E-01
1497 3.523846328663364E-01
1498 3.433311663377824E-01
1499 3.395871214711710E-01
1500 3.312455605476355E-01
1501 3.265470659423726E-01
1502 3.682779858164869E-01
1503 3.189872042051045E-01
1504 3.132465649073034E-01
1505 3.066344808735554E-01
1506 2.998535732865182E-01
1507 3.367910841210548E-01
1508 2.943219584088473E-01
1509 2.869705208313221E-01
1510 2.923131341273510E-01
1511 2.787804723431804E-01
1512 2.743580236596173E-01
1513 2.655846450625534E-01
1514 2.620533606808506E-01
1515 2.529442872704970E-01
1516 2.560322030307806E-01
1517 2.429469339803194E-01
1518 2.408390910964379E-01
1519 2.311661035318400E-01
1520 2.322710758684873E-01
1521 2.201061868617195E-01
1522 2.206193609872444E-01
1523 2.087601543392871E-01
1524 2.083343214868931E-01
1525 1.971497534924975E-01
1526 1.978619109718723E-01
1527 1.866983593026572E-01
1528 1.851771957817832E-01
1529 1.747720505679430E-01
1530 1.773054069185916E-01
1531 1.654108474183225E-01
1532 1.618332886824884E-01
1533 1.528791418251827E-01
1534 1.563395883082565E-01
1535 1.442781543708394E-01
1536 1.397356751593861E-01
1537 1.318380566983691E-01
1538 1.263179073554000E-01
1539 1.191074970150068E-01
1540 1.246347551428866E-01
1541 1.124973727074429E-01
1542 1.058591827495464E-01
1543 1.002646375234478E-01
1544 9.235819216489266E-02
1545 1.068484831694205E-01
1546 8.868832939562238E-02
1547 7.966961522789343E-02
1548 7.706254172812863E-02
1549 6.739384683584594E-02
1550 6.562939296173673E-02
1551 5.647102024129000E-02
1552 7.437407229876358E-02
1553 3.351109934428774E-01
1554 3.011119628876437E-01
1555 6.327469912978008E-02
1556 7.120414414629317E-02
1557 5.684116516883978E-02
1558 4.627824182927198E-02
1559 4.160436086437004E-01
1560 4.488094937144466E-02
1561 3.489026735633809E-02
1562 3.644714430288155E-02
1563 2.625366543889427E-02
1564 6.064938762621586E-02
1565 6.793426803958925E-02
1566 4.290664219925585E-01
1567 2.275009384394781E-02
1568 1.587966114572370E-02
1569 1.920744316357485E-02
1570 8.577031753376154E-03
1571 4.220369705136058E-01
1572 3.967243276996473E-01
1573 7.808252490412790E-02
1574 7.422937031124281E-02
1575 8.388091129370803E-02
1576 7.951238871243264E-02
1577 8.868046900753537E-02
1578 8.377504540855778E-02
1579 9.240338715281764E-02
1580 7.522275318128094E-02
1581 7.889470851906988E-02
1582 1.315465528478534E-02
1583 4.826859731028268E-03
1584 -1.681723644499879E-03
1585 -2.209287336689726E-03
1586 9.795225666598248E-02
1587 5.665380355059158E-02
1588 4.356030478780660E-01
1589 3.626963517462120E-01
1590 1.123486433799962E-02
1591 1.799314216206446E-02
1592 5.832062313031613E-02
1593 5.052171440011315E-02
1594 1.340952186027020E-01
1595 -9.512850147723037E-03
1596 -6.952112503791462E-03
1597 9.805040909861384E-02
1598 2.326557018073166E-03
1599 -1.634813520731903E-02
1600 -8.759379993975195E-03
1601 3.876893700463073E-01
1602 4.584322204654304E-01
1603 2.837178503228250E-01
1604 1.010390418821904E-01
1605 1.072862759708416E-01
1606 4.287997071063258E-01
1607 2.894195253205231E-01
1608 2.965049758105778E-01
1609 2.853147466156455E-01
1610 2.926307889138143E-01
1611 3.034068558377291E-01
1612 2.818471503664904E-01
1613 4.140487588477106E-01
1614 7.081620305656895E-02
1615 7.401017120234898E-02
1616 9.506497200510941E-02
1617 2.996745529932920E-01
1618 3.100676472722052E-01
1619 3.967207667670036E-01
1620 3.884195412426834E-01
1621 4.201203301199946E-01
1622 4.047936633321935E-01
1623 1.479174691907672E-01
1624 1.593465150719373E-01
1625 1.508880394523313E-01
1626 1.617829879322364E-01
1627 1.533572629145853E-01
1628 1.636016425621914E-01
1629 1.546153080335851E-01
1630 1.724906956254609E-01
1631 1.736554411396735E-01
1632 1.828679332155097E-01
1633 1.436641960890992E-01
1634 -1.615004571561254E-02
1635 -6.276643499235592E-03
1636 -1.213791195991078E-02
1637 1.053492031317982E-03
1638 -3.416265484736241E-03
1639 1.293472363998548E-02
1640 1.492289666918978E-02
1641 1.113343264711360E-02
1642 1.096980156561837E-01
1643 4.865981783286260E-02
1644 4.081433356235566E-02
1645 4.438993303101268E-01
1646 4.403070551712750E-03
1647 1.166188039558793E-01
1648 1.175209838382603E-02
1649 4.096113017281712E-01
1650 3.939472087583550E-01
1651 3.972043545607558E-01
1652 3.816269193345769E-01
1653 1.833545433429968E-01
1654 1.930922232520028E-01
1655 3.065234497886932E-01
1656 3.163343685463489E-01
1657 3.923670468844384E-02
1658 3.825864441156346E-01
1659 3.678869759510054E-01
1660 3.658715620454986E-01
1661 3.530340068018070E-01
1662 3.505455380870754E-01
1663 3.375943585087907E-01
1664 3.328161927537833E-01
1665 3.214277959239517E-01
1666 3.142761226368556E-01
1667 3.049507537240597E-01
1668 2.964471097064295E-01
1669 2.886356391432767E-01
1670 2.786954775470479E-01
1671 2.726564178987986E-01
1672 2.615935862561759E-01
1673 3.269387476866871E-01
1674 2.572067826228633E-01
1675 2.452476112098221E-01
1676 2.484552649758542E-01
1677 2.316362109792264E-01
1678 2.306523744739964E-01
1679 2.166450219546155E-01
1680 -1.952743715713744E-02
1681 -3.473434130907429E-03
1682 1.729014044288239E-01
1683 4.463666612499479E-01
1684 2.158435992090642E-01
1685 2.011548846255215E-01
1686 2.014209365608322E-01
1687 1.873687024891556E-01
1688 1.841707647409422E-01
1689 1.714899267631562E-01
1690 1.761444628256292E-01
1691 1.605314486667446E-01
1692 1.542622946598115E-01
1693 1.443640503294678E-01
1694 1.364820747375240E-01
1695 1.278310622074660E-01
1696 1.162337318002578E-01
1697 1.109770733435070E-01
1698 4.004671948012367E-01
1699 9.960661198759212E-02
1700 9.506555928835873E-02
1701 8.139094945698593E-02
1702 7.961854568351480E-02
1703 6.463762617798305E-02
1704 6.517903204009140E-02
1705 5.011050343464624E-02
1706 1.067841715588324E-01
1707 3.551824230313537E-01
1708 2.961627131903309E-01
1709 3.141598393200199E-02
1710 -3.521260097902097E-03
1711 2.741634648203611E-01
1712 2.711045918343762E-01
1713 2.628684369349872E-01
1714 2.604205442890475E-01
1715 2.516132582146824E-01
1716 1.184564942974258E-01
1717 1.257889474234036E-01
1718 2.498256838638842E-01
1719 2.407885782439867E-01
1720 3.970540905630914E-01
1721 3.895395234414414E-01
1722 3.806525062676707E-01
1723 3.826393516608089E-01
1724 3.739590187918774E-01
1725 3.768797319685975E-01
1726 3.684517244857521E-01
1727 4.059483398915089E-01
1728 3.722205215119231E-01
1729 3.641025217960107E-01
1730 3.596778096023777E-01
1731 3.556495733819347E-01
1732 3.506553112283085E-01
1733 3.845886939732370E-01
1734 3.687472970222381E-01
1735 3.762620872375895E-01
1736 1.136511747450189E-01
1737 2.942356275003258E-02
1738 3.777129930546187E-02
1739 3.475000672977386E-01
1740 2.973019697734230E-01
1741 3.552935772452937E-01
1742 1.929799182991276E-01
1743 2.028877272565277E-01
1744 2.027564799441832E-01
1745 6.626925987835944E-02
1746 6.903197044312390E-02
1747 7.608041447304141E-02
1748 6.245524654725983E-02
1749 4.257687081233649E-01
1750 3.132408051345270E-01
1751 7.788645718160078E-02
1752 7.057385170244376E-02
1753 4.325791452531754E-01
1754 3.460370182333353E-01
1755 5.215904596633569E-02
1756 1.114512144702067E-01
1757 2.687609923090592E-01
1758 3.202841933203100E-01
1759 3.736403976461262E-01
1760 3.789795710907306E-01
1761 3.806118920426928E-01
1762 4.481495855755314E-01
1763 4.599167083668723E-01
1764 4.234611476039961E-03
1765 3.074550799402619E-01
1766 1.467559908918812E-01
1767 3.525982284745463E-01
1768 2.023758922925299E-01
1769 1.498505861233000E-01
1770 3.226399716469809E-01
1771 -9.098667713111278E-03
1772 5.828192508402864E-02
1773 2.423060121953826E-01
1774 4.534468763611824E-01
1775 2.992921879735687E-02
1776 2.679273092926432E-01
1777 2.816800657516660E-02
1778 2.535366910719229E-01
1779 4.680640187697489E-02
1780 1.271097092384918E-01
1781 1.349502534120268E-01
1782 2.212336160058315E-02
1783 1.546854868283455E-02
1784 -2.594703997222790E-02
1785 7.687481979665156E-02
1786 3.510177432408606E-01
1787 2.121634282955260E-01
1788 2.397968265521039E-01
1789 2.115850126370838E-01
1790 8.846269242471323E-02
1791 2.970753456392453E-01
1792 2.203605101777885E-02
1793 4.719941150544230E-02
1794 6.174492575703239E-02
1795 7.595207751012842E-02
1796 3.969154739126710E-01
1797 4.024271347638068E-01
1798 4.598889083135336E-01
1799 4.723739096631294E-01
1800 1.333934351760444E-01
1801 -1.901569454277718E-02
1802 1.355835868644921E-01
1803 1.439802782123192E-01
1804 4.696218320978170E-01
1805 4.824809577105573E-01
1806 4.762574326978857E-01
1807 4.891032297229356E-01
1808 4.795632896981047E-01
1809 4.942843033214378E-01
1810 4.803309790358694E-01
1811 4.903997994253492E-01
1812 4.767070193266470E-01
1813 4.857014494030669E-01
1814 4.693176389248896E-01
1815 4.719125946190941E-01
1816 4.574254052368046E-01
1817 4.554948072077161E-01
1818 4.428435341756908E-01
1819 4.363346687078429E-01
1820 4.252363930941351E-01
1821 4.141548528972404E-01
1822 4.052002465569224E-01
1823 3.891562672340620E-01
1824 4.184291462204360E-01
1825 3.928514146971838E-01
1826 3.682518405255515E-01
1827 3.718096174424894E-01
1828 3.445061917913107E-01
1829 3.472789867534545E-01
1830 3.215188358876113E-01
1831 3.116850572664915E-01
1832 2.928197032299709E-01
1833 2.777155077625745E-01
1834 2.626715802455460E-01
1835 2.435089203165771E-01
1836 2.322828766533407E-01
1837 2.062430878413236E-01
1838 2.027347993095214E-01
1839 1.724340922261862E-01
1840 4.564403060057965E-01
1841 1.665011904331594E-01
1842 2.602979092416012E-01
1843 3.203059799990984E-01
1844 -2.177684649026064E-02
1845 6.607994790111046E-02
1846 9.452030657752103E-02
1847 1.013218964768219E-01
1848 8.304894663868551E-02
1849 3.634394260867677E-01
1850 3.746000153292593E-02
1851 1.919772984318409E-01
1852 2.314327326536876E-01
1853 2.326154031064410E-01
1854 4.220370138405695E-02
1855 3.040620356205901E-01
1856 1.818276744363201E-01
1857 4.234921823634025E-01
1858 4.306294266319359E-01
1859 5.372289337465341E-02
1860 1.204284067436296E-01
1861 3.314260045507404E-02
1862 3.663109628751440E-01
1863 3.721153726010414E-01
1864 3.711353286216847E-01
1865 1.276938638518504E-01
1866 4.505747022480592E-01
1867 3.994018378376279E-01
1868 4.145451770598668E-01
1869 4.698688307272506E-01
1870 2.237895543263858E-02
1871 8.428772857735954E-02
1872 4.507956397331557E-01
1873 3.439956716543463E-01
1874 3.505904057640004E-01
1875 3.113480526763757E-01
1876 2.639297225168979E-01
1877 3.413372754608806E-01
1878 3.469160246869412E-01
1879 4.526205554149660E-01
1880 3.288641435059559E-01
1881 7.070795356177785E-02
1882 6.504887952964933E-02
1883 7.633822411241623E-02
1884 -1.153165191845216E-02
1885 2.485062953698481E-01
1886 3.833876982993347E-01
1887 4.984368299098355E-01
1888 2.446552689228141E-01
1889 3.270312672485149E-01
1890 3.981854433300339E-01
1891 3.023126448140907E-01
1892 2.780143923100826E-01
1893 5.002074977590553E-02
1894 8.543705903805340E-02
1895 1.433485904658090E-01
1896 3.361520626875716E-01
1897 2.704862271405177E-01
1898 3.874026520200231E-01
1899 3.855468419719508E-01
1900 3.902599994543915E-01
1901 2.500929362359939E-01
1902 2.392099545713097E-01
1903 1.759453985910027E-01
1904 2.056863208536684E-01
1905 1.413638063445122E-01
1906 1.273766088763639E-01
1907 -3.587359087519812E-02
1908 -3.360867867426632E-02
1909 -3.201199399600305E-02
1910 -4.819679654097934E-02
1911 -4.294748315776287E-02
1912 3.961293720590223E-01
1913 4.113721170332276E-01
1914 4.386935478236492E-01
1915 6.447068993682757E-02
1916 2.117231413919217E-02
1917 1.545056589539969E-02
1918 4.220045511201408E-01
1919 4.294875133736358E-01
1920 4.210902886127328E-01
1921 4.289747863782531E-01
1922 3.771619134981369E-01
1923 4.859534317337957E-01
1924 2.220478251955935E-01
1925 2.227339975767673E-01
1926 2.376729861396048E-02
1927 1.615426954580428E-02
1928 9.110866965548348E-03
1929 9.608561204384617E-03
1930 4.039206458295749E-03
1931 2.614853788619336E-03
1932 9.888558677581269E-06
1933 8.311776977614428E-04
1934 5.051860996442235E-01
1935 3.571315871321090E-01
1936 1.130796200870491E-01
1937 4.127349485790849E-02
1938 5.478977801014048E-02
1939 2.222841431239090E-01
1940 2.079459854820186E-02
1941 2.869080887600771E-02
1942 5.311840900586565E-02
1943 3.969690884239560E-02
1944 2.381589182696297E-01
1945 3.320413063948722E-01
1946 2.207637519713164E-01
1947 2.104495458091365E-01
1948 4.167216255460359E-01
1949 4.352692468772828E-03
1950 5.788295941168710E-02
1951 1.158256184537356E-01
1952 1.152481115037712E-01
1953 3.920060539475659E-01
1954 1.444188460495083E-01
1955 1.529994480204940E-01
1956 1.525682910457004E-01
1957 1.617211180422729E-01
1958 1.617116152282718E-01
1959 1.705180997433978E-01
1960 4.208217590582314E-01
1961 2.884123610150742E-05
1962 1.429580538820229E-03
1963 4.564190192887839E-03
1964 9.092702392670238E-03
1965 1.377840665462814E-02
1966 4.303087852956994E-01
1967 4.294893952914547E-01
1968 3.529683960590821E-01
1969 -2.636634815330762E-02
1970 -3.893254359640911E-02
1971 -4.005877459527245E-02
1972 -5.325162864003402E-02
1973 -4.977300325676520E-02
1974 1.433671346201311E-01
1975 4.300636500928861E-02
1976 5.412053430278520E-02
1977 -3.815413344684287E-02
1978 3.319845885653735E-01
1979 2.578649659021122E-01
1980 -2.152225249320081E-02
1981 -3.273665625344415E-02
1982 4.132427934172581E-01
1983 -5.096603732826402E-03
1984 1.662801764921624E-03
1985 5.013022548775414E-01
1986 1.970148008974862E-01
1987 2.460053759995539E-01
1988 1.655582393920673E-01
1989 5.015176685592729E-01
1990 4.747669403127471E-01
1991 1.613665371924786E-01
1992 3.907483743298802E-01
1993 4.868833927215070E-01
1994 4.764956727219597E-01
1995 -1.323215581400105E-02
1996 -2.500902402142634E-02
1997 4.768772641963679E-02
1998 4.116781518079879E-01
1999 4.615791648516699E-01
2000 4.610493157740380E-01
2001 4.518753685600191E-01
2002 3.850325049131825E-01
2003 2.888041980964594E-02
2004 1.935641338107456E-01
2005 4.349147900689349E-01
2006 4.153701005725134E-01
2007 4.325404138073471E-01
2008 4.223248098053320E-01
2009 4.453350579192849E-01
2010 4.489944055093665E-01
2011 4.094966155045136E-01
2012 3.904503072257824E-01
2013 3.972134517544241E-01
2014 3.266451083723866E-01
2015 2.930027349815183E-01
2016 -3.105594986481960E-03
2017 4.721435964625169E-02
2018 4.137571664129919E-02
2019 6.320329994381262E-02
2020 4.089353748415847E-01
2021 4.061412484439002E-01
2022 4.001004848177379E-01
2023 4.029358573168049E-01
2024 4.550397308856067E-01
2025 4.516843554507303E-01
2026 2.552089886467217E-01
2027 2.142234680407664E-02
2028 2.849130718781696E-02
2029 3.778956940981507E-02
2030 4.825448927538159E-02
2031 6.850670853163833E-02
2032 7.030438421276558E-02
2033 8.222512241925750E-02
2034 8.531194845050113E-02
2035 7.163700352139617E-02
2036 9.940854119299451E-02
2037 4.271205419161063E-01
2038 4.037676991413303E-01
2039 -3.541095510173289E-03
2040 1.388846243002437E-01
2041 5.892509260298103E-02
2042 5.852808474878876E-02
2043 5.742359152834599E-02
2044 -1.212248290318136E-03
2045 1.189705089272727E-01
2046 1.123817265237009E-01
2047 1.340233434330335E-01
2048 9.175961211909979E-02
2049 1.084250476164663E-01
2050 3.315482023298497E-01
2051 3.368549528452624E-01
2052 3.158483532242136E-01
2053 3.556006594028355E-01
2054 3.417270954168513E-01
2055 4.369794740096200E-01
2056 4.504209487407430E-01
2057 4.641723789119060E-01
2058 2.617787787819200E-01
2059 2.715673753578351E-01
2060 2.499262970200078E-01
2061 2.599608281376388E-01
2062 2.404382405581724E-01
2063 2.799785160044668E-01
2064 2.689338664182935E-01
2065 2.280296313981138E-01
2066 2.209899835562736E-01
2067 2.069610883783428E-01
2068 2.016242658543404E-01
2069 1.875097768323392E-01
2070 1.899003751275491E-01
2071 2.318189391725256E-01
2072 1.424977903314398E-01
2073 1.575209293708845E-01
2074 4.131615977087993E-01
2075 3.770889965288594E-01
2076 4.445051206621230E-01
2077 4.403855032532103E-02
2078 4.066969854325364E-01
2079 -5.816598814916241E-02
2080 2.472991796899015E-01
2081 2.574115548899994E-01
2082 2.661665832955906E-01
2083 2.688621452267670E-01
2084 2.007164890148235E-02
2085 4.670910294598240E-01
2086 4.501286234307196E-01
2087 3.519548179480236E-02
2088 5.797350155477274E-02
2089 3.492528852357255E-01
2090 3.454081688871636E-01
2091 3.310587955179198E-01
2092 3.414432927448682E-01
2093 3.544367792909459E-01
2094 3.250946106635038E-01
2095 3.194244672176627E-01
2096 3.125413401368970E-01
2097 4.910147866428030E-01
2098 4.654120470605585E-01
2099 3.606002337508813E-01
2100 3.734364710942194E-01
2101 2.123353289206641E-01
2102 2.112362538718167E-01
2103 2.014228951872123E-01
2104 7.108861463971838E-02
2105 -4.235231270623697E-02
2106 1.659912598724208E-01
2107 -3.070653415582766E-02
2108 4.924267493948303E-01
2109 3.649347010397583E-01
2110 3.717296419561358E-01
2111 3.572190133279944E-01
2112 3.419925399258184E-01
2113 4.134587170737570E-01
2114 4.283864603376123E-01
2115 3.875836086260755E-01
2116 4.017971680032381E-01
2117 3.909993242702204E-01
2118 -6.408556563950192E-02
2119 5.166865722008592E-01
2120 5.009505372306140E-01
2121 3.186545741409971E-02
2122 3.086679761320222E-01
2123 2.216135666187818E-01
2124 3.786236508737317E-01
2125 3.914316495617791E-01
2126 1.921100385349798E-01
2127 2.379328897639355E-01
2128 1.484030206331711E-01
2129 1.587781647636856E-01
2130 1.727213760762150E-01
2131 1.843876410687923E-01
2132 1.704071575037460E-01
2133 1.828863372512231E-01
2134 1.963347285568592E-01
2135 8.553339331687208E-02
2136 -7.409657030596575E-02
2137 5.207727763971763E-01
2138 5.221329723694847E-01
2139 2.696155977502805E-01
2140 3.258779338743004E-02
2141 3.742990710346261E-01
2142 3.789541289772777E-01
2143 3.677744080897637E-01
2144 9.368458997628419E-02
2145 9.896969665994437E-02
2146 9.294625257225260E-02
2147 1.036245221451654E-01
2148 1.097766793223435E-01
2149 1.203725774048847E-01
2150 1.165300625660776E-01
2151 1.273122931424192E-01
2152 1.236270261980932E-01
2153 1.305489631820981E-01
2154 1.047797871205392E-01
2155 2.203504250074146E-01
2156 3.586190663909545E-01
2157 3.504472265374567E-01
2158 2.388941923781303E-02
2159 4.091429800992327E-02
2160 2.855992746943291E-01
2161 -6.808019227290941E-02
2162 -5.978254968313673E-02
2163 5.101362421144208E-01
2164 5.229696885481177E-01
2165 2.328205334403555E-01
2166 8.158637306111184E-02
2167 8.910650206174744E-02
2168 9.007361048079873E-02
2169 9.663399120621893E-02
2170 9.719654985632298E-02
2171 8.969166957656838E-02
2172 9.639530443008751E-02
2173 1.040981518403756E-01
2174 8.853497367755651E-02
2175 3.054655740899769E-01
2176 -2.841979822208523E-02
2177 -2.082557935631723E-02
2178 -3.309190618318888E-02
2179 -8.760779399378159E-03
2180 4.796539707747620E-01
2181 5.026098149389400E-01
2182 2.873500830862826E-01
2183 4.654851387486315E-01
2184 4.595716109537875E-01
2185 4.324060807094559E-01
2186 2.542737486166495E-01
2187 -1.075715499910592E-02
2188 -1.245420386863794E-03
2189 3.353864141089257E-01
2190 3.337503139855080E-01
2191 3.981935751655393E-01
2192 3.758669117936000E-01
2193 3.867391510391326E-01
2194 -5.117901924259957E-02
2195 8.209496980254898E-02
2196 1.707110555272559E-01
2197 1.794509942274838E-01
2198 3.431824973078160E-01
2199 3.293789522091480E-01
2200 -4.971070653412068E-02
2201 5.269022456986652E-02
2202 1.841862718949260E-01
2203 1.907387493397971E-01
2204 2.895326379053170E-01
2205 2.845922823006530E-01
2206 2.953116761423358E-01
2207 2.924900045793055E-01
2208 2.805867982700730E-01
2209 1.617703705959765E-01
2210 2.747557108110368E-01
2211 1.582184579261558E-01
2212 3.103375320468905E-01
2213 3.153033795640228E-01
2214 1.406306434588760E-01
2215 1.213193555049685E-01
2216 1.172308277386307E-01
2217 1.234941624233330E-01
2218 1.423850849534578E-01
2219 1.432036680290866E-01
2220 3.415198088135435E-01
2221 -1.463950000571515E-02
2222 1.131828897448007E-01
2223 4.804677608129481E-01
2224 1.475967266836068E-02
2225 4.498646497312864E-01
2226 8.313808383815488E-02
2227 4.162849150517537E-01
2228 1.205524544460699E-01
2229 3.983072030607837E-01
2230 3.055530263285979E-01
2231 3.754388982533413E-01
2232 3.647266941503449E-01
2233 3.778211588752974E-01
2234 3.634296720325893E-02
2235 2.199855820641999E-01
2236 1.978464854792994E-01
2237 2.101056548833770E-01
2238 2.936806531467974E-01
2239 1.041833412921825E-01
2240 3.748151414061202E-01
2241 7.937596975703923E-02
2242 1.276099508545790E-01
2243 8.694542134522891E-02
2244 1.029353640364369E-01
2245 3.198094859646774E-01
2246 1.357377210828598E-01
2247 7.515142798670373E-02
2248 1.038828676000462E-01
2249 3.309883226923923E-01
2250 2.501612719077274E-01
2251 8.528457930432563E-02
2252 1.475385440159685E-01
2253 1.430431244825154E-01
2254 1.345021044687609E-01
2255 1.603745922948825E-01
2256 3.087198722300263E-01
2257 3.534809449083824E-01
2258 3.552892375428382E-01
2259 2.860544369052529E-01
2260 2.376197232861185E-01
2261 2.498307610987790E-01
2262 1.035675821933861E-01
2263 3.790376957226682E-01
2264 3.142586346372849E-01
2265 3.255846039008898E-01
2266 3.194748352771148E-01
2267 6.925295646272321E-02
2268 7.535307702736434E-02
2269 2.161656902971517E-01
2270 2.244970159128282E-01
2271 2.779971987724947E-01
2272 1.196662235153116E-01
2273 3.608496164776491E-01
2274 3.036189041876632E-01
2275 2.305228807852942E-01
2276 3.244655978436010E-02
2277 4.411396174086712E-02
2278 5.248111199781528E-02
2279 2.695947690145559E-02
2280 1.797652626905623E-01
2281 5.791791276343022E-02
2282 6.491571818949141E-02
2283 1.681396822501116E-01
2284 4.911428614904823E-02
2285 7.036035617524325E-02
2286 3.078656474368837E-01
2287 2.428771491668776E-01
2288 2.892782222776159E-01
2289 2.789163397763654E-01
2290 2.823649661598933E-01
2291 1.342879267345583E-04
2292 4.085113245640368E-01
2293 2.589436039616455E-01
2294 3.128856372832671E-01
2295 2.014683096967918E-01
2296 1.808544514913982E-01
2297 1.402072498669621E-01
2298 4.740885428327732E-01
2299 2.663695878995840E-01
2300 8.202374898864241E-02
2301 4.165408090496361E-02
2302 4.061217558006888E-01
2303 7.061734376946972E-02
2304 1.661303010790157E-01
2305 1.364032143977077E-01
2306 2.133322717525221E-01
2307 2.225032074244490E-01
2308 1.665198551541428E-01
2309 3.797881433275855E-01
2310 6.179734699916970E-02
2311 1.126170862951330E-01
2312 4.590379770395079E-01
2313 2.823418018706561E-01
2314 3.120353003486522E-01
2315 6.398333677351774E-02
2316 4.730670203799964E-01
2317 3.900533423751241E-01
2318 1.890565178873107E-02
2319 1.960932660319203E-01
2320 3.414506462960975E-01
2321 3.008955132239218E-01
2322 3.681241939597663E-01
2323 1.820642227843352E-01
2324 3.782806261373706E-01
2325 2.433749805201831E-01
2326 2.862078939644898E-02
2327 3.610514237210992E-01
2328 4.469475543444028E-02
2329 3.686770614973205E-02
2330 2.328608506033906E-01
2331 4.750498587573408E-02
2332 2.447299060260352E-01
2333 1.896633627497654E-01
2334 5.023122728871279E-01
2335 1.880621487285641E-01
2336 2.858448661666383E-01
2337 3.782071570038438E-01
2338 4.405853270417766E-01
2339 4.499303779442533E-01
2340 3.280879968805443E-01
2341 1.982961818656354E-01
2342 9.169026747789584E-02
2343 4.506474091389884E-01
2344 5.574680788212863E-02
2345 6.694954848223186E-02
2346 1.328914149832609E-02
2347 2.601092259237694E-01
2348 -1.074385100171722E-02
2349 3.770763616597135E-02
2350 1.903994265463377E-01
2351 4.352112281938790E-01
2352 4.444332278932320E-01
2353 2.211909248470775E-01
2354 2.737884705739607E-01
2355 1.406530906065508E-01
2356 3.922211430350091E-01
2357 2.092442004784699E-01
2358 1.545869987703827E-01
2359 4.948792993350676E-02
2360 4.015930860459555E-01
2361 1.779780551473796E-01
2362 -2.128060969889038E-02
2363 4.390248919964143E-01
2364 4.238806147704680E-01
2365 4.401936721365588E-01
2366 7.250519242107051E-03
2367 1.207345870604123E-03
2368 6.872947080618752E-02
2369 4.136577511058663E-01
2370 4.687144577601043E-01
2371 2.074832941415879E-01
2372 4.576667125715762E-01
2373 1.022110018138263E-01
2374 1.801036798989786E-02
2375 3.964896618102129E-04
2376 3.462559724468404E-01
2377 -1.229511962872436E-02
2378 4.368953577021817E-01
2379 8.555083416217362E-03
2380 2.512018192749682E-01
2381 3.253356494069834E-01
2382 2.355242428860459E-02
2383 6.434877528645713E-02
2384 5.519177677792130E-02
2385 3.051153405775596E-01
2386 3.289410466314051E-01
2387 3.574549536230054E-01
2388 3.164300133655741E-01
2389 1.255146447246420E-01
2390 5.736941331229849E-02
2391 -7.183828974404231E-02
2392 4.294986817141687E-01
2393 2.079329844345133E-01
2394 3.243438825200747E-01
2395 3.905276151204586E-01
2396 1.530622820443575E-01
2397 8.550939111888892E-02
2398 1.084215077740981E-01
2399 3.308732576919464E-01
2400 4.479648574180317E-01
2401 1.812482802712456E-02
2402 -1.667520380236054E-02
2403 -3.963771856112733E-02
2404 1.456175416093568E-02
2405 2.752992213754781E-01
2406 4.160586774412274E-01
2407 6.952075893572965E-02
2408 3.815534270746752E-01
2409 2.734537700457397E-01
2410 3.266400687873123E-01
2411 9.660476914000848E-02
2412 3.480314475402458E-01
2413 -1.886837582108064E-03
2414 -3.151699666889448E-04
2415 1.706189009426309E-01
2416 -4.202389032179225E-02
2417 4.576841831957096E-02
2418 6.164396627869952E-02
2419 1.652538562032092E-01
2420 3.938740724273400E-01
2421 4.860339950626379E-01
2422 3.683638132288751E-01
2423 -4.653066071109110E-02
2424 3.956651650968759E-01
2425 2.902965493813005E-01
2426 3.189038492248958E-01
2427 3.569796673764357E-01
2428 3.217612726838331E-01
2429 2.976158294537444E-03
2430 3.610395148777622E-01
2431 2.079721758211737E-03
2432 3.760844977904453E-01
2433 5.751846887673802E-02
2434 2.122924937098649E-01
2435 1.508814358139974E-01
2436 1.342771747405486E-01
2437 -5.538441697257095E-02
2438 5.011091981388270E-01
2439 5.107610469124442E-01
2440 3.418783989817645E-01
2441 2.276655357497499E-02
2442 3.863988602595276E-01
2443 6.389922450536013E-02
2444 4.365486842602180E-01
2445 1.750935438759544E-01
2446 1.985336849462656E-01
2447 -4.108014813805320E-03
2448 2.783839469274535E-03
2449 4.487035884412690E-01
2450 -1.654491469743575E-02
2451 3.016381127087910E-01
2452 4.469291522422012E-01
2453 3.370033244095244E-01
2454 4.241565192509159E-02
2455 1.784972419501908E-01
2456 4.322030363441225E-01
2457 3.194536583387444E-01
2458 4.037152810248382E-01
2459 1.159490264183377E-01
2460 4.391726963136618E-01
2461 1.462611885063770E-01
2462 9.086294526612233E-02
2463 1.151582845839622E-01
2464 1.200783266293227E-01
2465 2.271488146476795E-01
2466 3.585504597454116E-01
2467 9.496043728207047E-02
2468 1.388674257551653E-01
2469 8.031468502183213E-02
2470 3.331437791339334E-01
2471 4.366589548474270E-01
2472 2.289493158418401E-01
2473 3.870821799210467E-01
2474 2.717987190560751E-01
2475 1.375300364567695E-01
2476 1.222810125690190E-02
2477 3.962138766494718E-01
2478 -2.329908891814458E-02
2479 4.165584524202158E-01
2480 -2.613314012374552E-02
2481 2.300832833666150E-01
2482 1.689091279612520E-02
2483 5.439153882961440E-02
2484 2.819187438248466E-01
2485 2.230414786589442E-01
2486 6.286344452819705E-02
2487 3.661573430589625E-01
2488 3.371373658850428E-01
2489 3.971262499537023E-01
2490 4.451198370707614E-01
2491 3.774552146065841E-01
2492 1.890875905244871E-01
2493 4.658030231026254E-01
2494 -3.246945514758354E-03
2495 4.721329129359077E-02
2496 2.011926413827973E-01
2497 -2.018856748204162E-03
2498 2.668923710276001E-01
2499 1.691635039183745E-01
2500 2.191042607049346E-01
2501 4.956438304059680E-01
2502 4.629325627439369E-01
2503 1.717046070171964E-01
2504 2.547907780617007E-02
2505 4.438685873786271E-01
2506 1.340625668945623E-01
2507 4.657055808339765E-01
2508 9.892332347227810E-02
2509 3.357459384626383E-01
2510 4.147226404664879E-01
2511 9.609608078403478E-02
2512 4.048868318331481E-01
2513 5.108193127791193E-01
2514 1.188444584713738E-01
2515 2.410492626041190E-01
2516 1.205195248405769E-01
2517 3.513447030684900E-01
2518 3.458550774754395E-01
2519 2.762384292807156E-01
2520 -5.834894282430589E-02
2521 7.552718608272831E-03
2522 1.232018184565570E-01
2523 -5.272964517163749E-02
2524 1.449231415826597E-01
2525 3.935963187406397E-01
2526 1.315501259191384E-01
2527 2.313777215026141E-01
2528 4.596548974234481E-01
2529 2.667602963418934E-01
2530 6.094833069619288E-03
2531 1.999750130545102E-01
2532 2.270557317044147E-01
2533 8.773545558367066E-02
2534 4.051020561923516E-01
2535 4.598415730264181E-02
2536 3.720181649247698E-01
2537 2.730239968892895E-02
2538 2.588762622512524E-01
2539 3.814302414794581E-01
2540 3.029132303969401E-01
2541 4.024845106100516E-01
2542 3.615471866166138E-01
2543 4.365289015791795E-01
2544 3.214367140581978E-02
2545 2.307326711003557E-01
2546 1.292017387232298E-02
2547 4.288155765647687E-01
2548 5.618119661608855E-02
2549 3.948046119451442E-01
2550 1.322068413995308E-02
2551 1.121046612496287E-01
2552 4.663534629616182E-01
2553 7.518727986791474E-02
2554 1.089456048222030E-01
2555 5.365053626749802E-02
2556 1.056287279757129E-01
2557 3.497741853164378E-01
2558 2.534124075933933E-01
2559 1.241973539661896E-01
2560 5.403337435577539E-03
2561 3.946688911293770E-01
2562 3.308250598685059E-02
2563 1.388639886080273E-01
2564 7.640320162137317E-03
2565 3.551535848213183E-01
2566 1.370550095224115E-01
2567 3.008890623839603E-01
2568 1.479353046265457E-01
2569 4.033416895106343E-01
2570 -6.058502270037240E-02
2571 5.114770097048407E-01
2572 2.284861142675935E-01
2573 3.198225930354857E-01
2574 1.101397415833504E-01
2575 4.383890313938859E-01
2576 2.893961826408433E-01
2577 2.144604706577799E-01
2578 -4.953786042509884E-02
2579 6.977379347596041E-02
2580 3.451435308425277E-01
2581 1.889931399439336E-01
2582 1.819311817858919E-01
2583 7.965599493455802E-02
2584 4.850542840149923E-02
2585 3.816210796304060E-01
2586 3.985147002126377E-01
2587 3.947727647308705E-01
2588 3.557764721925818E-01
2589 6.091871161760771E-03
2590 2.408180838454265E-01
2591 3.757480346923294E-01
2592 3.409729998098336E-01
2593 3.689445411146736E-02
2594 2.312598548368537E-01
2595 -5.530295163048202E-02
2596 3.085951810655967E-01
2597 4.215471391917295E-01
2598 7.122853940515093E-02
2599 5.122342479721615E-01
2600 2.383241217815348E-01
2601 3.705761029673653E-01
2602 1.326152488042640E-01
2603 3.192411919976603E-01
2604 4.524674924257898E-01
2605 3.896627046851419E-01
2606 3.903133887075505E-01
2607 3.767452133566516E-01
2608 4.933073173925591E-01
2609 5.016310507012032E-01
2610 4.928675744666596E-01
2611 -5.407827730470030E-03
2612 -3.129842282290380E-03
2613 -4.376791358510947E-03
2614 3.397490307718060E-01
2615 3.388987234798886E-01
2616 3.344712268073719E-01
2617 -2.107633219362172E-02
2618 -2.662417582106096E-02
2619 -2.087437903392289E-02
2620 3.434554711135996E-01
2621 3.385123275590922E-01
2622 3.346057815993841E-01
2623 3.441526191269779E-01
2624 3.372843085831690E-01
2625 8.905778277652347E-02
2626 9.300590013195977E-02
2627 9.230072059374636E-02
2628 4.220465467860631E-01
2629 4.220291957571377E-01
2630 4.285199559783220E-01
2631 -1.832915910567906E-02
2632 -2.294047529863284E-02
2633 5.044278529908161E-02
2634 4.967178387486537E-02
2635 4.269760471124739E-02
2636 -2.084579859893764E-04
2637 2.418835896814480E-03
2638 1.723831938270653E-03
2639 3.894472658778896E-01
2640 3.857794197446398E-01
2641 6.530281877371942E-02
2642 6.163231502381569E-02
2643 1.805440147273064E-01
2644 1.820329913669289E-01
2645 1.661275437541336E-01
2646 3.882079336029047E-01
2647 4.008200666185476E-01
2648 2.219604031908418E-01
2649 2.261108449363880E-01
2650 2.263556490354475E-01
2651 2.172693445849411E-01
2652 2.168314419034310E-01
2653 4.374285232196247E-01
2654 4.410799389614427E-01
2655 4.297074535423268E-01
2656 2.454049876342584E-02
2657 3.092089356696765E-02
2658 3.480831761525036E-02
2659 -5.482128398988325E-03
2660 -1.223792987478787E-02
2661 -9.424209020444999E-03
2662 -1.948895531150555E-02
2663 1.412376015363339E-01
2664 1.468139733555517E-01
2665 1.487705381385423E-01
2666 1.796925786458946E-01
2667 1.746280430705252E-01
2668 1.709539825872184E-01
2669 4.862247962714805E-01
2670 4.934528745657531E-01
2671 2.075651607562570E-01
2672 2.075279329357855E-01
2673 2.122420251607566E-01
2674 2.209160835044643E-01
2675 2.153050093308367E-01
2676 2.148378353428741E-01
2677 2.942263520353662E-01
2678 2.999211424324983E-01
2679 2.980682685264631E-01
2680 3.305988432743022E-01
2681 3.392516747369906E-01
2682 8.271688080478164E-02
2683 7.279594709170292E-02
2684 7.366333579559071E-02
2685 2.041408303143920E-01
2686 2.068044776136741E-01
2687 2.129878287609218E-01
2688 1.125924181637785E-01
2689 1.182891704689130E-01
2690 1.216414770048758E-01
2691 4.007273133788662E-01
2692 3.858111398305110E-01
2693 4.508212112144198E-01
2694 4.515584515841632E-01
2695 4.520947283047446E-01
2696 2.512275615575993E-01
2697 2.473160868068405E-01
2698 2.540955961752955E-01
2699 3.854422227020147E-01
2700 3.822594982187287E-01
2701 3.819015071734969E-01
2702 5.708162998667413E-02
2703 4.970457792899163E-02
2704 -5.348108392807112E-02
2705 -6.141744827278330E-02
2706 -5.569443591459504E-02
2707 -4.485160140877949E-02
2708 -5.285936390974801E-02
2709 -4.725617287577454E-02
2710 4.472891863947641E-01
2711 4.477431832528822E-01
2712 4.421884311681050E-01
2713 1.484183083948565E-01
2714 1.527497166947367E-01
2715 1.466926213798075E-01
2716 1.441538143803701E-01
2717 1.523487633282876E-01
2718 3.747237626530635E-01
2719 7.635834760697144E-02
2720 4.096137470084755E-03
2721 3.120215596947147E-03
2722 8.150396421954750E-03
2723 2.161381788914468E-01
2724 2.102786521421870E-01
2725 4.980601999524552E-01
2726 5.061954115200669E-01
2727 5.019645312943131E-01
2728 1.078922446960525E-01
2729 1.034717402000842E-01
2730 9.193975466288964E-02
2731 9.218842246211363E-02
2732 9.873076570743031E-02
2733 2.559932033375495E-01
2734 2.495648960958239E-01
2735 -8.596207598526300E-03
2736 -1.645515706513695E-02
2737 9.880896148657950E-02
2738 9.475223906518213E-02
2739 1.008901263299326E-01
2740 8.998532579825448E-02
2741 8.371271045728959E-02
2742 4.042323924854792E-01
2743 4.014585065245532E-01
2744 4.052928562676058E-01
2745 4.322864038925993E-01
2746 4.333069566116267E-01
2747 4.785295941063862E-01
2748 4.808242416811973E-01
2749 4.735602513187960E-01
2750 4.121360496029815E-01
2751 4.057720737883680E-01
2752 4.162451942547938E-01
2753 3.296518206367679E-02
2754 4.149131457057986E-02
2755 3.924747086051170E-02
2756 2.563963233206173E-01
2757 2.618101785205972E-01
2758 2.608277580479157E-01
2759 4.997010310135956E-01
2760 5.082598306754453E-01
2761 1.443185386070598E-01
2762 1.504988853859566E-01
2763 4.092579381765575E-01
2764 4.186595916711733E-01
2765 2.764625253067497E-02
2766 3.894608380588128E-02
2767 2.360695655794303E-01
2768 2.249289884740277E-01
2769 2.374409233425371E-01
2770 7.483705357622168E-02
2771 6.944896465186640E-02
2772 6.019931378351938E-02
2773 3.222846204132297E-01
2774 3.281574633964291E-01
2775 3.252304476268660E-01
2776 1.872942521765721E-01
2777 2.021670780583100E-01
2778 2.514057737743104E-01
2779 2.523550916204931E-01
2780 3.359098556237564E-01
2781 3.338855933842722E-01
2782 3.314775792747350E-01
2783 -3.702916751722673E-02
2784 -4.085209805163591E-02
2785 2.169974184753391E-01
2786 1.995502140641281E-01
2787 2.090046755366253E-01
2788 4.654375122610180E-01
2789 4.653229685822580E-01
2790 4.619328157516496E-01
2791 9.574584203285130E-02
2792 9.152057341042566E-02
2793 4.733480119689589E-02
2794 4.277689407868886E-02
2795 4.218348656020365E-02
2796 -6.468131872915617E-02
2797 -6.825018247323451E-02
2798 2.074668524795569E-01
2799 2.021307101930577E-01
2800 2.069378260068357E-01
2801 1.814949897869770E-01
2802 1.757701062652668E-01
2803 1.762793467270766E-01
2804 -1.532664527496762E-02
2805 -2.065772010324450E-02
2806 -1.558762517984470E-02
2807 5.493664671912174E-02
2808 5.567143878027057E-02
2809 5.214921663781204E-02
2810 4.095521873270475E-01
2811 4.065960416109873E-01
2812 3.773117463763103E-01
2813 3.847376214086251E-01
2814 3.828080648259027E-01
2815 2.801792674737205E-01
2816 2.729874198397254E-01
2817 2.634118499114548E-01
2818 5.008774505132035E-02
2819 5.603272423695126E-02
2820 4.284380970183068E-02
2821 4.521161729185342E-01
2822 4.471779738694173E-01
2823 3.698193766392280E-01
2824 3.685037450798658E-01
2825 3.599445177624246E-01
2826 1.058378589001994E-01
2827 1.016729621986944E-01
2828 3.855526742115487E-02
2829 3.986419824818290E-02
2830 4.330190222349252E-02
2831 -1.650503007883510E-03
2832 -2.615824538790097E-03
2833 1.974835730067870E-01
2834 1.966831618600977E-01
2835 3.407124509447767E-01
2836 7.454893582208534E-02
2837 8.346320096668763E-02
2838 7.991472611579031E-02
2839 4.783316604091643E-01
2840 4.729112899405488E-01
2841 4.713449558858737E-01
2842 4.785926158927219E-01
2843 4.716193978202272E-01
2844 4.729770108001132E-01
2845 4.496610944714344E-01
2846 4.520042602177618E-01
2847 4.455231131191140E-01
2848 -2.251537019401370E-02
2849 -2.902664568966158E-02
2850 -1.876595187818930E-02
2851 2.202141578975672E-01
2852 2.173550398474449E-01
2853 2.089910719113730E-01
2854 3.219872581622830E-03
2855 -1.599832878745980E-03
2856 4.905961424799765E-01
2857 4.849344362327939E-01
2858 2.825130051443310E-01
2859 2.643496165652862E-01
2860 4.840319768184159E-01
2861 4.868221055341924E-01
2862 8.505358074355128E-02
2863 8.586533725408879E-02
2864 3.001993360382124E-01
2865 2.974471322487456E-01
2866 2.898912750406153E-01
2867 4.489373694847820E-01
2868 4.486915104367765E-01
2869 4.521650789841528E-01
2870 3.389263451703465E-01
2871 3.496370930918435E-01
2872 3.440302638435438E-01
2873 4.510916277502535E-01
2874 4.573269037701054E-01
2875 6.690288505729246E-02
2876 7.794682019119895E-02
2877 1.764318048566208E-01
2878 1.683905707673546E-01
2879 3.576445181445308E-01
2880 3.602116470741661E-01
2881 3.631765534971341E-01
2882 3.829483664263665E-01
2883 3.953028610785119E-01
2884 3.843292182321341E-01
2885 -2.467967351614967E-02
2886 -2.612813717348209E-02
2887 5.498470633257731E-02
2888 5.350472628243572E-02
2889 5.118600712113289E-02
2890 3.541529962187870E-02
2891 3.562527337377067E-02
2892 3.284230608468462E-01
2893 3.210296615367033E-01
2894 7.135171746966201E-02
2895 8.265752980619619E-02
2896 6.702261510466322E-02
2897 2.687622635421734E-01
2898 2.639504006641893E-01
2899 2.638362733706172E-01
2900 4.076609631183859E-01
2901 4.126326238317961E-01
2902 4.201490643044779E-01
2903 4.650274028521700E-01
2904 4.638325275697040E-01
2905 4.597216790881485E-01
2906 1.149605116440747E-02
2907 1.305374677271469E-02
2908 1.515548876963620E-02
2909 1.913967249481666E-01
2910 1.967485954697809E-01
2911 1.960648158875093E-01
2912 4.530310125603413E-01
2913 4.537433473943390E-01
2914 1.061156533096903E-01
2915 1.007462254555206E-01
2916 1.078827141296691E-01
2917 4.455373837512368E-01
2918 4.424739636046614E-01
2919 4.472932695286827E-01
2920 4.326092316484452E-01
2921 4.359182089714859E-01
2922 4.263618670653995E-01
2923 -1.113090132957697E-04
2924 2.683740588052278E-03
2925 6.749332752447164E-04
2926 1.987732115977274E-01
2927 2.002838437885057E-01
2928 -2.510322524282484E-02
2929 -1.650623641755338E-02
2930 2.600000616897474E-01
2931 2.677987733896460E-01
2932 2.593398253173421E-01
2933 5.574748005489196E-02
2934 5.321470926860626E-02
2935 4.380545633985271E-02
2936 7.281972573106557E-02
2937 6.390922762546497E-02
2938 3.742624822646518E-01
2939 4.374406961824175E-01
2940 4.411225125169421E-01
2941 4.345491343464662E-01
2942 5.475957706455893E-02
2943 5.055880498230721E-02
2944 4.043411038692895E-01
2945 4.153971052971628E-01
2946 4.042605806990336E-01
2947 1.954368064097109E-01
2948 1.786450016225704E-01
2949 4.540433695318478E-01
2950 4.511406023694397E-01
2951 3.075060221076029E-01
2952 3.175334973553975E-01
2953 4.192566237919328E-01
2954 4.257430408625764E-01
2955 1.078055843412684E-01
2956 1.036762609131639E-01
2957 1.071510511535393E-01
2958 3.815251814037148E-01
2959 3.882636034414557E-01
2960 4.483394167335839E-01
2961 4.408725467214854E-01
2962 4.452835741637508E-01
2963 2.497527787446082E-01
2964 2.575108446195110E-01
2965 2.169774647055863E-01
2966 2.229558364644108E-01
2967 -1.068785228868998E-03
2968 6.575736125257502E-04
2969 4.446288384032372E-01
2970 4.482708581876226E-01
2971 3.311199916558306E-01
2972 3.337046285809325E-01
2973 3.624245604233358E-01
2974 3.715951314932506E-01
2975 3.778744585209100E-01
2976 4.505561011734184E-01
2977 4.472362661297158E-01
2978 2.948661498224937E-01
2979 2.888508117226965E-01
2980 9.418260865551442E-02
2981 9.520265612241990E-02
2982 1.379230928474045E-01
2983 1.504034882419972E-01
2984 1.456111514830383E-01
2985 3.680265472025724E-01
2986 3.711814753210887E-01
2987 4.163040651081419E-01
2988 4.175743254133507E-01
2989 4.582274982695909E-02
2990 4.746898902493929E-02
2991 2.874806135786054E-01
2992 2.819355294329455E-01
2993 2.913128772075895E-01
2994 1.270325401860951E-02
2995 2.110802742110768E-02
2996 8.820703360711456E-03
2997 2.427296751180817E-01
2998 2.547110320303219E-01
2999 5.192606563854308E-01
3000 5.139673136911329E-01
3001 5.174135861812258E-01
3002 7.579901405162979E-03
3003 1.357720032690406E-02
3004 2.045597675321677E-02
3005 5.078705283347834E-01
3006 5.067004683294970E-01
3007 1.139263417676195E-01
3008 1.112053032896337E-01
3009 1.043753345767013E-01
3010 4.375511580551890E-01
3011 4.486032950480099E-01
3012 3.025644502736095E-01
3013 2.971064063306157E-01
3014 4.128713015631413E-01
3015 4.232705222676649E-01
3016 4.954794843552524E-02
3017 5.252204269244290E-02
3018 5.432299151000076E-02
3019 4.549399993089819E-01
3020 4.642344720916204E-01
3021 4.543851342614307E-01
3022 4.722575441147726E-01
3023 4.654672694963041E-01
3024 4.385514715240330E-01
3025 4.393343156180892E-01
3026 4.664766828730439E-01
3027 4.677076955125101E-01
3028 4.744953976623684E-01
3029 3.960779718973320E-01
3030 4.040634204208755E-01
3031 4.047989985305832E-01
3032 3.694383817461173E-01
3033 3.661679254030860E-01
3034 3.642252766424266E-01
3035 4.745083381876397E-01
3036 4.690304598083586E-01
3037 3.822735507511077E-01
3038 3.783445465587303E-01
3039 4.545064746641300E-01
3040 4.643913689178932E-01
3041 4.641807801594470E-01
3042 -4.017007305846901E-02
3043 -4.673092916728960E-02
3044 -4.568300073674397E-02
3045 3.996616590571970E-01
3046 4.060396685852186E-01
3047 5.082883795797655E-02
3048 5.590025323807631E-02
3049 9.207430443429672E-02
3050 9.600296681702715E-02
3051 9.284764858536629E-02
3052 -2.679171339868920E-02
3053 -3.228433854106354E-02
3054 -3.226825301524888E-02
3055 -3.959931107280883E-03
3056 4.618589656446809E-02
3057 5.406099589077267E-02
3058 1.798479912420463E-01
3059 1.738125517040970E-01
3060 1.790574440912304E-01
3061 1.042633359645627E-01
3062 1.083685175858874E-01
3063 1.083361097450499E-01
3064 4.290268973143382E-01
3065 4.341920083467443E-01
3066 3.881354344128982E-01
3067 3.889050941802605E-01
3068 1.100179464433575E-01
3069 1.239324071372915E-01
3070 1.191837118494063E-01
3071 4.481684927319814E-01
3072 4.447515917486007E-01
3073 4.432995542082829E-01
3074 4.521624762127825E-01
3075 2.977312792390465E-01
3076 3.028828538120289E-01
3077 2.958471885081433E-01
3078 1.774677454748972E-01
3079 1.881080269203961E-01
3080 1.707449778880354E-01
3081 5.571154372694818E-02
3082 5.273741227562358E-02
3083 5.588076079284510E-02
3084 3.951417577603688E-01
3085 3.927996150567850E-01
3086 3.959311952521476E-01
3087 4.801057462392904E-01
3088 4.911642085987787E-01
3089 5.892045598851807E-02
3090 4.480011003768352E-01
3091 4.489024840820576E-01
3092 4.443984710789182E-01
3093 4.221373202654255E-01
3094 4.182832033970810E-01
3095 1.114584953909800E-01
3096 1.070980160345897E-01
3097 3.624792860747553E-01
3098 3.591031921610355E-01
3099 4.559738497117973E-01
3100 4.627504809803752E-01
3101 4.672652850319676E-01
3102 3.922376534116877E-01
3103 3.862719309060395E-01
3104 3.967556935131710E-01
3105 4.629871232832012E-01
3106 9.044779523266258E-03
3107 5.695809759472233E-03
3108 5.189168072382768E-03
3109 5.004373225365657E-01
3110 4.966069769641469E-01
3111 5.054113806718521E-01
3112 2.631304100344071E-01
3113 2.581272873769064E-01
3114 1.118509910758668E-01
3115 1.150647023030654E-01
3116 1.169550450613160E-01
3117 1.658533950492395E-01
3118 1.644188481773821E-01
3119 1.716346821716638E-01
3120 -2.403614797238146E-03
3121 6.306864091276330E-03
3122 4.772089697902182E-03
3123 1.354180658512542E-01
3124 1.288588582403097E-01
3125 1.397833077802226E-01
3126 2.318747145897119E-01
3127 2.359025886584835E-01
3128 2.288636227423475E-01
3129 1.053471648726925E-01
3130 1.062921475205794E-01
3131 1.021285026748674E-01
3132 3.126178907241114E-01
3133 3.069522496998514E-01
3134 3.143851913282646E-01
3135 9.977662299604839E-02
3136 9.919265131719543E-02
3137 8.874066366527131E-02
3138 3.513096640938220E-01
3139 3.622859166187835E-01
3140 3.518262549891354E-01
3141 4.225718339662259E-01
3142 4.249355800155359E-01
3143 3.110139484600493E-02
3144 3.184131552575205E-02
3145 3.607130162700310E-02
3146 1.271274811687155E-01
3147 1.203391406182693E-01
3148 1.272439520149322E-01
3149 3.884530923209853E-01
3150 3.874454312560564E-01
3151 3.913068724860081E-01
3152 4.747677789696655E-01
3153 -1.819434105103648E-02
3154 -7.288288465837937E-03
3155 -1.416762751381321E-02
3156 2.246161857464283E-01
3157 2.326645676604390E-01
3158 1.948438534008618E-01
3159 1.904534214876872E-01
3160 1.833878088149820E-01
3161 2.715519512545573E-01
3162 2.707356941670155E-01
3163 2.760441628376963E-01
3164 5.316050757669043E-03
3165 4.094343964520089E-01
3166 4.047977883793619E-01
3167 4.085417831662628E-01
3168 2.891760960803906E-01
3169 2.910240069155883E-01
3170 9.508780820913157E-02
3171 8.752674005699468E-02
3172 3.679209848570442E-01
3173 3.731644178475880E-01
3174 3.726503743307583E-01
3175 4.219755095656199E-02
3176 3.736167677463164E-02
3177 2.205043899494386E-01
3178 2.172449967612476E-01
3179 3.296489934234361E-01
3180 3.135959592560991E-01
3181 7.564859898777179E-02
3182 7.485494721502992E-02
3183 6.465545081885775E-02
3184 3.752690374306210E-01
3185 3.863004031726960E-01
3186 3.761686316730347E-01
3187 2.414276558381321E-01
3188 2.473012358621580E-01
3189 2.389869629091938E-01
3190 4.548987047919263E-01
3191 4.552531441087252E-01
3192 2.448462333215345E-01
3193 5.779204424375249E-02
3194 5.464636785933247E-02
3195 7.545914605960753E-02
3196 5.804100321819547E-02
3197 1.166147099176802E-01
3198 1.086231768042277E-01
3199 1.066462285398366E-01
3200 1.603991346964232E-01
3201 1.671227509867574E-01
3202 3.488867818220068E-01
3203 3.524874953093395E-01
3204 2.622038442214020E-01
3205 2.602891443411667E-01
3206 2.719048558568092E-01
3207 2.664962528245822E-01
3208 5.844808623835666E-02
3209 4.489700570332666E-01
3210 4.502622080420483E-01
3211 4.482245204394847E-01
3212 -1.132146390880992E-02
3213 -5.940861765924985E-03
3214 -6.136643324514886E-03
3215 9.489661033099039E-03
3216 7.941381951662045E-03
3217 3.938029600606861E-03
3218 6.735647542004792E-03
3219 -1.691880405073100E-02
3220 -2.111747462719950E-02
3221 1.775194159040777E-01
3222 1.717853454701261E-01
3223 3.991555574478928E-01
3224 3.971531758417113E-01
3225 2.854463344518081E-01
3226 2.789047892189838E-01
3227 2.805268440720691E-01
3228 2.887322252084282E-01
3229 2.941358640530732E-01
3230 4.437432331198271E-01
3231 4.455142888974690E-01
3232 4.428579517303794E-01
3233 -4.084692478115543E-02
3234 -3.646028120825358E-02
3235 -3.479577580635376E-02
3236 1.880668328575365E-01
3237 1.699646034981815E-01
3238 -8.516452138892903E-03
3239 -1.817244525196248E-02
3240 -1.370033549447846E-02
3241 4.640976062611009E-01
3242 3.195932435830744E-01
3243 3.139522533888093E-01
3244 2.789154626812768E-02
3245 3.282371878549060E-02
3246 4.551618981030150E-01
3247 4.569080296420738E-01
3248 4.542540918919625E-01
3249 2.162735964062786E-01
3250 2.131123122543316E-01
3251 3.497636470267302E-01
3252 3.530903875753331E-01
3253 -1.483425766411419E-02
3254 -1.884065911786645E-02
3255 -2.068696862902137E-02
3256 4.960463006638349E-03
3257 5.556931029760755E-03
3258 -4.436352649955871E-03
3259 3.272436115176530E-01
3260 3.319273060870535E-01
3261 3.287121337421690E-01
3262 3.340209652783478E-01
3263 3.318900286018180E-01
3264 4.197960043960030E-01
3265 4.146718893592789E-01
3266 4.188419342133847E-01
3267 4.499262825190489E-01
3268 -2.565204154848338E-02
3269 -1.788082268430178E-02
3270 2.622432575912223E-02
3271 3.070862897521299E-02
3272 1.795682981913918E-02
3273 3.017335044528896E-02
3274 3.694378533483359E-02
3275 2.828476489267084E-01
3276 2.757962348868468E-01
3277 1.297698138051007E-01
3278 1.366986079387615E-01
3279 1.784052416057518E-01
3280 1.848141018340887E-01
3281 2.205626003554113E-01
3282 2.254412121048120E-01
3283 2.251925391968040E-01
3284 1.999888922943722E-01
3285 1.894474625979169E-01
3286 3.874764667643609E-01
3287 3.854359718888713E-01
3288 4.518312761857709E-01
3289 4.536887581767106E-01
3290 4.528444123353908E-01
3291 9.944187013527703E-02
3292 1.009360005340469E-01
3293 8.541041689569163E-02
3294 5.079925170600145E-01
3295 3.094791946460634E-01
3296 3.163491556356099E-01
3297 5.463103696100172E-02
3298 5.704249229656902E-02
3299 1.551860056682785E-01
3300 1.534190056549297E-01
3301 -8.993653738838864E-03
3302 4.139137050849071E-01
3303 4.103942101819121E-01
3304 2.260537471572991E-01
3305 2.217052457335675E-01
3306 4.580966847734599E-01
3307 4.563305581168111E-01
3308 4.544637920663308E-01
3309 6.334633483725155E-02
3310 6.428294562236928E-02
3311 5.624168592553729E-02
3312 7.431702131316462E-02
3313 7.522379640074181E-02
3314 8.092115504363298E-02
3315 8.817594915182993E-02
3316 9.097798401414091E-02
3317 2.291415249404170E-01
3318 2.265591790166153E-01
3319 4.642782181044334E-01
3320 8.463140071269681E-02
3321 9.001459024962308E-02
3322 3.665477666278131E-01
3323 3.645121789188458E-01
3324 3.758679438912349E-01
3325 8.637781656600149E-02
3326 8.271958367935832E-02
3327 7.570896139618584E-02
3328 8.133697271223232E-02
3329 7.974053827467559E-02
3330 3.818240757948864E-01
3331 2.013488296406037E-01
3332 1.959612374063266E-01
3333 2.398882999947128E-01
3334 2.317219430874893E-01
3335 2.404947819303088E-01
3336 3.016554543058332E-01
3337 2.965114522490848E-01
3338 -3.194217837786618E-02
3339 -3.296241342189531E-02
3340 7.878753488632392E-02
3341 8.684867928035599E-02
3342 4.322200414075641E-01
3343 4.408465341784608E-01
3344 4.475733554943475E-01
3345 4.579528810193681E-01
3346 1.394684413449434E-01
3347 1.390256621545399E-01
3348 1.436714940399571E-01
3349 1.683898149720554E-01
3350 3.132631342540825E-01
3351 3.104789507180029E-01
3352 3.083859338115378E-01
3353 3.734875309250664E-01
3354 3.783342169681199E-01
3355 4.792144161482779E-01
3356 4.820222183639062E-01
3357 -3.247853925155396E-02
3358 1.320841807109655E-01
3359 1.364654833502218E-01
3360 1.378140570805137E-01
3361 4.081501423902749E-01
3362 3.832907982577398E-02
3363 4.443263496581733E-02
3364 -1.324967166582645E-02
3365 -1.400187106937350E-02
3366 3.793977728267539E-01
3367 3.829882404791933E-01
3368 1.826614770694784E-01
3369 1.858595914148564E-01
3370 3.334673425833420E-01
3371 3.283152960262370E-01
3372 3.309310534053117E-01
3373 3.473932837519213E-01
3374 3.546533451185638E-01
3375 1.247244498855677E-01
3376 1.123311013503966E-01
3377 1.271323641100934E-01
3378 9.898197065623095E-02
3379 9.977758766845553E-02
3380 6.190425024262777E-02
3381 7.155833880361899E-02
3382 3.966951387326559E-02
3383 3.351366572810337E-02
3384 3.853334206841066E-02
3385 3.611404197587888E-01
3386 3.578166099074873E-01
3387 3.617302039943924E-01
3388 8.078286083529819E-02
3389 9.048053022047674E-02
3390 4.922139821255599E-01
3391 4.950365133606853E-01
3392 1.452435345751041E-01
3393 1.317977126766147E-01
3394 4.088323845819664E-01
3395 4.130932303916751E-01
3396 -5.769693797251394E-03
3397 3.256922071350604E-01
3398 3.228265821284230E-01
3399 3.214181002279986E-02
3400 3.697538253552811E-02
3401 1.328705186915071E-01
3402 1.153270377038369E-01
3403 4.105152430450461E-01
3404 4.057868598816710E-01
3405 4.550384979366785E-01
3406 1.268890808721635E-01
3407 1.305765779029797E-01
3408 2.883284311150529E-01
3409 2.758116963148124E-01
3410 1.014513042313667E-01
3411 1.155187571694142E-01
3412 4.089435731338021E-01
3413 4.049267911145606E-01
3414 4.124921513907929E-01
3415 2.239541515903143E-01
3416 2.235561024127516E-01
3417 3.646137021467967E-01
3418 3.682872118013220E-01
3419 3.681852196188485E-01
3420 3.043811047513815E-01
3421 3.114128407098058E-01
3422 3.142689859510684E-01
3423 1.858354480968590E-01
3424 1.863680099961895E-01
3425 7.649464844795054E-02
3426 7.763546316421568E-02
3427 1.567957216502793E-01
3428 1.626113630349179E-01
3429 4.510295837944827E-01
3430 -5.194663653284478E-02
3431 -4.428813697987132E-02
3432 4.480788664463174E-02
3433 4.511275561377994E-02
3434 4.809008389059789E-02
3435 1.784448096623674E-01
3436 1.738531640334883E-01
3437 1.726171254993359E-01
3438 4.262594111557922E-01
3439 4.322188687083446E-01
3440 4.294603309933363E-01
3441 1.121734983703750E-01
3442 1.104250222775645E-01
3443 1.055996159941363E-01
3444 2.729324271664625E-01
3445 2.759189907637963E-01
3446 1.561962912429770E-03
3447 1.328770907197986E-02
3448 1.284461507275217E-01
3449 1.269671150961195E-01
3450 1.399929782534605E-01
3451 1.400540151203245E-01
3452 1.357617222437283E-01
3453 4.577420153470085E-02
3454 3.655032160303587E-01
3455 3.625286892391724E-01
3456 -4.477099972737952E-02
3457 -5.078302329954653E-02
3458 -4.877905370916142E-02
3459 4.363518703965227E-01
3460 4.325715097385663E-01
3461 3.293460056724711E-01
3462 3.344289982517862E-01
3463 5.809583319176294E-02
3464 4.929678858849840E-01
3465 4.974763991748364E-01
3466 1.270248349283262E-02
3467 2.353397500316551E-02
3468 1.525510114826564E-01
3469 1.411318719742233E-01
3470 2.105559579251651E-01
3471 2.139000455557444E-01
3472 4.227668637444103E-01
3473 4.317422603633093E-01
3474 4.283646380995251E-01
3475 1.618146751327279E-01
3476 1.574314484377485E-01
3477 1.573553189122004E-01
3478 3.108518818940339E-02
3479 3.988100679419788E-02
3480 -1.123667918225827E-02
3481 -8.089200267511349E-03
3482 -7.364691198738021E-02
3483 -6.663002527672229E-02
3484 -6.703586005189398E-02
3485 4.215001689932537E-01
3486 4.119906383680424E-01
3487 2.445036198950988E-02
3488 3.236115391461572E-02
3489 2.927490622860053E-02
3490 1.581161503110021E-01
3491 1.599257876838249E-01
3492 1.633132076986338E-01
3493 4.862494766785677E-01
3494 4.899947113886061E-01
3495 4.937293638012967E-01
3496 4.135429765817322E-01
3497 4.069206351777128E-01
3498 -1.413721478050938E-03
3499 -1.606908184666291E-03
3500 -2.999798706845830E-04
3501 5.483066058595377E-02
3502 4.572604560520458E-02
3503 3.422908522311937E-01
3504 3.400488678437192E-01
3505 4.778120556257120E-01
3506 4.848315713752012E-01
3507 3.751945461774354E-02
3508 3.815774726114305E-02
3509 4.319473962426650E-02
3510 1.713995779883439E-01
3511 1.504928262553683E-01
3512 3.010473148323584E-01
3513 -4.097479567506712E-02
3514 -4.391792694507374E-02
3515 -4.993459671843026E-02
3516 4.792043979922462E-01
3517 3.951024238732437E-01
3518 3.944089215975217E-01
3519 4.409124027920067E-01
3520 4.408207014618840E-01
3521 4.367019502845090E-01
3522 1.475275203713067E-01
3523 1.368348113290198E-01
3524 1.487720963124770E-01
3525 4.763930961964599E-02
3526 4.426875469891366E-02
3527 3.718063209056097E-02
3528 1.025977258327915E-01
3529 1.007507612325438E-01
3530 2.399322143501169E-01
3531 2.586433664236267E-01
3532 2.645408370792151E-01
3533 8.219514535699197E-03
3534 1.231040080300844E-02
3535 1.564169852293232E-02
3536 4.526283936319013E-01
3537 4.535762988329420E-01
3538 4.564253556586723E-01
3539 4.565714563545824E-01
3540 6.938518492919464E-02
3541 3.374153549907311E-01
3542 3.442309850102347E-01
3543 -1.446869722534326E-02
3544 -7.280727921509850E-03
3545 4.037154648056109E-01
3546 4.123213277911596E-01
3547 1.756431157507883E-01
3548 1.706176437247216E-01
3549 -9.517832578146132E-03
3550 -9.056007358691796E-03
3551 4.697245481651536E-01
3552 4.645397267650115E-01
3553 8.532180607322681E-02
3554 8.425522315165014E-02
3555 3.538732338936169E-01
3556 3.538709702342582E-01
3557 3.504097239058526E-01
3558 3.819113904000120E-01
3559 3.760076337030159E-01
3560 3.816576619257765E-01
3561 1.005389035102984E-01
3562 9.813649401901627E-02
3563 8.960423916990511E-02
3564 3.982848467510359E-01
3565 3.995078372035915E-01
3566 1.482273436632177E-01
3567 1.478963415835075E-01
3568 5.548162732539857E-02
3569 5.153094562507769E-02
3570 5.669247344778644E-02
3571 1.106803089472593E-01
3572 1.632053419500477E-01
3573 -5.456579293885657E-02
3574 7.340193666346775E-02
3575 6.796718282306254E-02
3576 -1.655113745315125E-02
3577 1.561120733094328E-01
3578 2.494528599958885E-01
3579 2.453063593163382E-01
3580 3.227282678506914E-01
3581 3.249235640453645E-01
3582 7.838794940275236E-02
3583 8.367592320377586E-02
3584 -2.745778621961339E-02
3585 -3.439168096536598E-02
3586 3.364078467888856E-01
3587 4.532905452588560E-01
3588 4.557587340634510E-01
3589 -3.215089604413879E-03
3590 3.318053659156067E-03
3591 5.004559013724404E-01
3592 8.591922165029668E-02
3593 4.578047753248443E-01
3594 4.585127519566597E-01
3595 4.150162692472972E-01
3596 4.068672949919392E-01
3597 4.460289171080813E-01
3598 4.498997399576348E-01
3599 6.561933334344668E-02
3600 5.826529090951482E-02
3601 3.546636792766388E-01
3602 4.137517850791683E-01
3603 1.145169898186642E-01
3604 1.194147359630364E-01
3605 3.390272724927406E-01
3606 3.227510687838918E-01
3607 3.341143500412019E-01
3608 1.408598974687105E-02
3609 1.094880765236991E-02
3610 2.427767507528947E-01
3611 2.454818761814708E-01
3612 1.220660256622132E-01
3613 1.185708441453891E-01
3614 4.630874167332208E-01
3615 4.675682797171277E-01
3616 4.613066777706164E-01
3617 1.021914129433695E-01
3618 1.056361593154719E-01
3619 1.093872027688229E-01
3620 3.125222906648641E-01
3621 3.048673592419698E-01
3622 3.007940980643746E-01
3623 4.625874025578189E-01
3624 4.617628291489205E-01
3625 4.666774715221416E-01
3626 3.879286465207841E-01
3627 3.908876172422107E-01
3628 4.288073285586244E-01
3629 4.251555505821523E-01
3630 4.325044221954785E-01
3631 1.428864289735192E-01
3632 1.469969535300142E-01
3633 4.028980457646675E-02
3634 4.311228788274382E-02
3635 7.862187408665927E-02
3636 3.723751081180373E-01
3637 9.357672351507890E-02
3638 -5.899959804164032E-03
3639 -1.037731782500182E-02
3640 1.670657038387026E-01
3641 1.660376884916364E-01
3642 1.130032909811356E-02
3643 7.740483955405377E-03
3644 1.510041833282053E-02
3645 3.512714783335850E-01
3646 3.487075188182105E-01
3647 3.478084666183502E-01
3648 4.589033897171199E-01
3649 4.624644559589779E-01
3650 4.225536046853716E-01
3651 4.187809475826173E-01
3652 4.258159848609798E-01
3653 4.887247174203727E-01
3654 4.956836636789011E-01
3655 5.043277655401490E-01
3656 5.114152325545971E-01
3657 5.049445719529861E-01
3658 3.798946045586676E-01
3659 3.698259295597262E-01
3660 4.012355648053055E-01
3661 4.056910031402193E-01
3662 3.925475810707381E-01
3663 9.878557342262487E-02
3664 1.096725488980344E-01
3665 3.523004185111007E-01
3666 3.414143075126337E-01
3667 2.314218912449677E-01
3668 4.518892124315141E-01
3669 4.570887691361794E-01
3670 4.460100137831566E-01
3671 4.437250859810906E-01
3672 1.511365539550962E-01
3673 -3.694981323038269E-02
3674 -3.369106335661200E-02
3675 3.104767896055494E-01
3676 3.233450256413233E-01
3677 3.057648738500458E-01
3678 4.213208950967144E-03
3679 2.025101084809345E-05
3680 1.253387042931128E-02
3681 1.746652951498151E-02
3682 4.222989574524229E-01
3683 4.171871116705629E-01
3684 -5.843546144213270E-02
3685 -5.054163093497614E-02
3686 3.786920492137157E-01
3687 3.819446767047191E-01
3688 4.170517026121215E-01
3689 4.122503901513280E-01
3690 2.117072505543486E-02
3691 1.615228120723614E-02
3692 7.050799248062415E-04
3693 9.718361974184800E-02
3694 5.987553608538765E-02
3695 7.452877001425440E-02
3696 5.625397514296339E-02
3697 5.484402355080965E-02
3698 1.010848514082078E-01
3699 9.766216844408240E-02
3700 1.102714483176364E-01
3701 4.237685277295715E-01
3702 2.678792101282332E-02
3703 1.838980432857299E-02
3704 1.707572831383423E-02
3705 1.433903258452379E-02
3706 2.057115019585082E-02
3707 -8.407785251372642E-04
3708 5.037578500312339E-01
3709 8.277949579774216E-02
3710 8.695840771446930E-02
3711 -4.230496769388183E-02
3712 8.083362024345980E-03
3713 6.196424728753290E-02
3714 5.776382104428240E-02
3715 -4.371649597463835E-03
3716 2.982171782980199E-01
3717 4.394464064779631E-01
3718 3.468057992831643E-01
3719 3.469187677562480E-01
3720 4.320542743042232E-01
3721 1.749944699712432E-01
3722 1.695039279193013E-01
3723 1.241802211829870E-01
3724 1.281945875406416E-01
3725 1.275108441772713E-01
3726 -1.116389682357811E-02
3727 1.471768694457127E-01
3728 1.372618030132965E-01
3729 3.141919232953760E-01
3730 3.048372067186438E-01
3731 3.823666980424947E-01
3732 3.875920218989202E-01
3733 1.198817926166895E-01
3734 1.201901783025795E-01
3735 1.100647844666488E-01
3736 1.263861554451756E-01
3737 3.225812962571713E-01
3738 3.281173348043736E-01
3739 4.183904925098291E-01
3740 4.145710017857272E-01
3741 4.200074943534374E-01
3742 2.785377245092619E-01
3743 2.828399368422291E-01
3744 2.245930303704467E-01
3745 2.366402414108485E-01
3746 3.537019931069958E-01
3747 3.546636512206793E-01
3748 2.579604690185764E-02
3749 2.919894929554066E-02
3750 2.032014032261849E-02
3751 1.254784725167085E-01
3752 1.130830870755951E-01
3753 1.074443849588062E-01
3754 1.106738195860000E-01
3755 4.409186817035774E-01
3756 4.365552376178470E-01
3757 4.409467133263125E-01
3758 4.237684409795542E-01
3759 4.277689218059152E-01
3760 4.175242712931290E-01
3761 4.209004428441555E-01
3762 3.851023164010041E-01
3763 3.823398857750238E-01
3764 4.504335567676826E-01
3765 4.542818271550451E-01
3766 4.931439223740733E-01
3767 4.897293022463698E-01
3768 4.177350760966548E-01
3769 4.202484516322922E-01
3770 4.474315960627371E-01
3771 4.556463706750588E-01
3772 2.389277624394289E-01
3773 2.443010339001682E-01
3774 4.335659759230944E-01
3775 4.385441635839150E-01
3776 1.970235747813604E-01
3777 1.886200192594454E-01
3778 5.937698636723802E-02
3779 6.819390651101220E-02
3780 2.028480938570247E-01
3781 2.075725307896967E-01
3782 2.048899497265548E-03
3783 6.340791508983599E-03
3784 4.446179799381559E-01
3785 7.277464943262321E-02
3786 7.656990988314556E-02
3787 4.289656130111362E-01
3788 1.691159783672042E-01
3789 3.435401560581852E-01
3790 3.506104666366449E-01
3791 3.481492708821343E-01
3792 4.606089202876104E-01
3793 9.803024122426861E-02
3794 3.945439394177308E-01
3795 3.891494461395954E-01
3796 3.965813131142664E-01
3797 1.222460669172304E-04
3798 7.094759369351222E-02
3799 4.213549809628087E-01
3800 4.168648357746926E-01
3801 4.247903391827913E-01
3802 3.440607794572575E-01
3803 4.151905957494678E-01
3804 4.319216313714146E-01
3805 4.377231810914481E-01
3806 4.074482617176624E-01
3807 4.110194261320623E-01
3808 4.346277550711777E-01
3809 4.372884742626955E-01
3810 5.063336545486229E-01
3811 1.775993487404943E-01
3812 1.688932041046907E-01
3813 1.752602735763312E-01
3814 2.674418255342772E-01
3815 3.608004193370073E-01
3816 3.002309380952128E-02
3817 3.774708155844978E-02
3818 4.395066541409653E-01
3819 4.421569194337591E-01
3820 3.784215699151540E-01
3821 3.847302625570621E-01
3822 4.089105917026536E-02
3823 4.505770898425596E-01
3824 4.502364201445800E-01
3825 4.505839629034958E-01
3826 2.452571781640622E-02
3827 2.181523219611665E-02
3828 3.881109031351215E-02
3829 3.249832833957019E-02
3830 2.829782322139761E-01
3831 2.905092858772410E-01
3832 2.928170760810140E-01
3833 1.538870312114013E-01
3834 1.584092841418301E-01
3835 1.003731966249797E-01
3836 -7.137170008093995E-02
3837 -6.457337550707587E-02
3838 3.396703911275872E-02
3839 3.708810141663554E-02
3840 4.572875661743769E-01
3841 4.584796323381155E-01
3842 3.846718741007372E-01
3843 2.062475160345797E-01
3844 1.999238637257750E-01
3845 2.048461376524531E-01
3846 4.340053805106758E-01
3847 4.235230157017293E-01
3848 4.233304858951727E-01
3849 -3.920635284301729E-02
3850 -3.206230590962584E-02
3851 3.748967164405448E-01
3852 3.596148946327228E-01
3853 3.635420068517938E-01
3854 9.595867622432154E-02
3855 9.862139224013236E-02
3856 2.892715056455077E-02
3857 2.705191176304452E-02
3858 4.546812352555782E-01
3859 3.417371384306823E-01
3860 3.997764230853259E-01
3861 2.505308835830758E-01
3862 2.523379530390426E-01
3863 2.579808534308379E-01
3864 4.123252778903705E-01
3865 4.070444702721274E-01
3866 2.679853018888501E-01
3867 2.815028234911282E-01
3868 2.753411866489565E-01
3869 1.559026559139084E-01
3870 3.955862930632062E-03
3871 2.990779464841854E-02
3872 4.211014660446179E-01
3873 -2.442880934134850E-02
3874 1.093084899495330E-01
3875 9.538178241057525E-02
3876 3.576237946040954E-01
3877 3.436465563816480E-01
3878 1.314428330531963E-01
3879 1.315651397628207E-01
3880 4.252532339299506E-01
3881 4.215764599560372E-01
3882 4.275394343288620E-01
3883 -3.916297809282200E-02
3884 3.460905788383163E-01
3885 3.508514454349523E-01
3886 4.405736613180280E-01
3887 4.011594361302953E-01
3888 3.907925082254950E-01
3889 2.811310184992988E-01
3890 2.743288775949371E-01
3891 2.766152003702514E-01
3892 1.342690478693705E-01
3893 1.383093258026945E-01
3894 3.902750957126782E-01
3895 3.641280658447187E-01
3896 3.620674041035141E-01
3897 3.665712146322045E-01
3898 -2.155793977895551E-02
3899 1.159410105402984E-02
3900 8.637687588097210E-03
3901 2.552410471233137E-01
3902 4.045333577706309E-01
3903 4.030044343033591E-01
3904 3.759754871164462E-01
3905 3.797575130294595E-01
3906 4.524861023218770E-01
3907 8.653031117175772E-02
3908 8.660481950249081E-02
3909 8.324292216812078E-02
3910 4.339593062588759E-01
3911 4.308310610032696E-01
3912 4.385328099500095E-01
3913 4.902211890890401E-01
3914 1.572236033331041E-01
3915 1.507710519100521E-01
3916 4.362384353263628E-01
3917 4.325324111276408E-01
3918 4.942336085971039E-01
3919 5.006279258818076E-01
3920 5.253470701130139E-02
3921 3.331502470915577E-01
3922 3.383249423982591E-01
3923 8.247576386531076E-02
3924 8.607331451738832E-02
3925 4.002230242523232E-01
3926 4.035610896797882E-01
3927 4.191075841368898E-02
3928 4.871031445894867E-02
3929 7.101660049763406E-02
3930 9.786573627827259E-03
3931 1.587866419617116E-02
3932 2.523906693488879E-01
3933 2.463486636417666E-01
3934 1.221124400516161E-01
3935 1.346049094971029E-01
3936 4.509971786764401E-01
3937 1.460152440663929E-01
3938 4.028210507395103E-01
3939 4.018157476733703E-01
3940 4.489385708714363E-01
3941 4.464611801815344E-01
3942 4.075454768655788E-01
3943 4.045356105966006E-01
3944 5.905363398407927E-02
3945 6.292789917346157E-02
3946 4.190460190870401E-02
3947 3.437251194214192E-02
3948 1.033148740165234E-01
3949 1.111606707933926E-01
3950 -3.500304324784710E-02
3951 -4.045672021888645E-02
3952 4.852083216141642E-02
3953 4.923502244032169E-02
3954 9.578546175343686E-03
3955 7.835903690938125E-04
3956 6.448899800462309E-03
3957 2.036740433882740E-01
3958 3.936527138964074E-01
3959 4.037525075679484E-01
3960 2.015884482833699E-02
3961 2.440898792196395E-02
3962 5.102180068827122E-02
3963 5.056136892065067E-02
3964 5.678960762626366E-02
3965 9.328237476653840E-02
3966 9.115197787984483E-02
3967 -6.502960244923861E-02
3968 -5.981578694668029E-02
3969 -4.355461814842679E-02
3970 -4.639755700966472E-02
3971 4.518707420900943E-01
3972 4.495983187496461E-01
3973 5.712873261834883E-02
3974 4.015868359561955E-01
3975 3.954806515684787E-01
3976 -4.576573991331712E-02
3977 -5.010147762877086E-02
3978 3.714402023266654E-01
3979 3.655924109386835E-01
3980 3.708131794529270E-01
3981 1.255571223019652E-01
3982 3.255283763955461E-01
3983 3.181359225694196E-02
3984 2.339584454320173E-02
3985 1.561479157393571E-01
3986 1.519015518115295E-01
3987 7.954245968297800E-02
3988 7.882905067847781E-02
3989 3.574773693490996E-01
3990 3.600759541549555E-01
3991 4.157769152582373E-01
3992 2.774763445878290E-01
3993 -8.986778843664792E-03
3994 -1.516084979286058E-02
3995 -1.985755360649002E-02
3996 3.678854383545564E-01
3997 3.744504779315995E-01
3998 3.692372107307164E-01
3999 3.674001511694072E-01
4000 3.648616436717922E-01
4001 2.686145932015044E-02
4002 1.843507134797320E-02
4003 9.002011278389546E-02
4004 1.880280611478030E-01
4005 1.874170408498069E-01
4006 1.926449895431209E-01
4007 1.823969233827763E-01
4008 1.870186804997510E-01
4009 4.598703414392109E-01
4010 4.543820049224321E-01
4011 3.583523728139840E-01
4012 3.567408840295737E-01
4013 3.647537415440225E-01
4014 1.185685333440990E-01
4015 3.360103784546387E-01
4016 3.435097195099259E-01
4017 4.480764710930285E-01
4018 2.581582953225627E-02
4019 2.274462057802054E-02
4020 2.510879584902558E-02
4021 3.480900409757983E-01
4022 3.547685360725413E-01
4023 3.990743369479359E-01
4024 4.022004886773490E-01
4025 4.404413299927336E-01
4026 4.408375318939606E-01
4027 -2.075749351735362E-02
4028 -2.833440841906806E-02
4029 1.385499142215746E-01
4030 1.412885891151472E-01
4031 9.037400149620115E-02
4032 9.230950777046047E-02
4033 -6.672000665301673E-03
4034 -1.374139309888212E-02
4035 3.066853084126866E-01
4036 3.104574271030173E-01
4037 3.048796520469743E-01
4038 4.208798434167607E-01
4039 4.163302417873092E-01
4040 4.163889964441546E-01
4041 4.465340966003010E-01
4042 4.427993116520915E-01
4043 4.183124839457298E-01
4044 1.212907644343076E-01
4045 3.301450615069449E-01
4046 3.127755535664828E-01
4047 3.078996713921185E-01
4048 3.573613723853785E-01
4049 3.561142039358753E-01
4050 3.597548955839318E-01
4051 3.537649521816317E-01
4052 3.586683205445365E-01
4053 3.649318525643612E-01
4054 8.615328678463642E-02
4055 3.937037159060021E-01
4056 4.003538158858501E-01
4057 1.201539442093352E-01
4058 3.863213103026196E-01
4059 1.932482750842610E-01
4060 1.942701181572130E-01
4061 1.892991588711720E-01
4062 1.775312110778232E-01
4063 1.433260234215129E-02
4064 2.555091722192684E-01
4065 2.498628810125350E-01
4066 3.891786549707755E-01
4067 3.820965483174010E-01
4068 3.253113469797120E-01
4069 3.252260731322444E-01
4070 3.616624579558570E-01
4071 5.264626205552538E-02
4072 4.757777701045408E-02
4073 3.823918699760310E-01
4074 3.768927554815208E-01
4075 4.374419291375750E-02
4076 4.645662361702058E-02
4077 4.720227433698815E-02
4078 3.275723631906780E-01
4079 3.832111971637795E-01
4080 3.828739222173966E-01
4081 3.636918689867603E-01
4082 3.698985960213256E-01
4083 3.934332713706513E-01
4084 4.277445032888716E-02
4085 3.437634255806071E-01
4086 3.358844149920633E-01
4087 1.623372277011721E-01
4088 1.692144019165271E-01
4089 1.725912290352933E-01
4090 7.478019390510246E-02
4091 8.006072591720287E-02
4092 3.281971742142130E-01
4093 3.333303688095331E-01
4094 4.454762189721942E-01
4095 3.331409104616669E-01
4096 3.306441467961462E-01
4097 3.932841023556412E-01
4098 3.957348117948163E-01
4099 1.454424823067661E-01
4100 1.413646530741666E-01
4101 1.507113773776944E-01
4102 -2.131546849935839E-03
4103 -5.471163286730979E-03
4104 1.463524363571238E-01
4105 1.439264234202145E-01
4106 4.353503127232813E-02
4107 3.539809159218778E-02
4108 1.272640167724653E-01
4109 1.239131740667930E-01
4110 1.310667121763114E-01
4111 3.545333907523514E-01
4112 3.639412097599490E-01
4113 5.137742614207293E-02
4114 4.566736421939079E-02
4115 4.445254057806098E-01
4116 1.978529675200967E-01
4117 3.080049115635418E-01
4118 2.975305049725484E-01
4119 3.233264704705807E-01
4120 3.202586671494067E-01
4121 4.053383110326346E-01
4122 3.793755551380106E-02
4123 4.225931382256001E-02
4124 3.720308069123238E-01
4125 4.097787902859591E-01
4126 4.112208218067150E-01
4127 2.277508176994100E-01
4128 2.277100232744295E-01
4129 2.327101032430697E-01
4130 4.840846034888577E-02
4131 4.950370711814581E-02
4132 5.383194761898889E-02
4133 4.398685395004796E-01
4134 4.409488293103976E-01
4135 6.229492014018967E-02
4136 6.250392818632212E-02
4137 1.355585788564180E-01
4138 1.330616077421973E-01
4139 3.959582273637166E-01
4140 4.045308322061787E-01
4141 3.475524371751827E-01
4142 3.448852872623319E-01
4143 3.505474685427759E-01
4144 1.330455783148528E-01
4145 1.300682510761870E-01
4146 1.370694674512273E-01
4147 1.899423114113138E-01
4148 1.874768140620894E-01
4149 1.932931788161165E-01
4150 4.096962119399566E-01
4151 4.383941615867232E-01
4152 4.334954748516923E-01
4153 1.654374129801729E-01
4154 1.654628767206499E-01
4155 1.264712522694103E-01
4156 1.322819695709915E-01
4157 5.087622615610486E-01
4158 1.524618378394769E-01
4159 1.545711634464868E-01
4160 1.203165729642020E-01
4161 1.243182611946631E-01
4162 1.043078620712365E-01
4163 1.836923458008331E-01
4164 1.906511170807386E-02
4165 1.377741040567583E-02
4166 2.855266607185510E-01
4167 2.881537525803980E-01
4168 1.557949165478805E-01
4169 1.424226060397496E-01
4170 2.864741458944795E-01
4171 1.629958980504671E-01
4172 1.598749821742249E-01
4173 3.476951370870964E-01
4174 3.414964317108202E-01
4175 3.749024294225102E-01
4176 3.669572579436556E-01
4177 3.743925238262559E-01
4178 4.598199953331091E-01
4179 3.156269368599438E-01
4180 3.175296003517359E-01
4181 -3.037807618322873E-02
4182 -2.675087595996539E-02
4183 2.832614692719926E-01
4184 2.806983439631035E-01
4185 2.870252806491670E-01
4186 3.053689566229684E-01
4187 3.110674654964529E-01
4188 2.158346094871464E-01
4189 2.235134513719318E-01
4190 2.344588555466650E-01
4191 4.711299091376626E-01
4192 4.756511397057864E-01
4193 3.844226564982236E-01
4194 3.837858555406098E-01
4195 2.946913821179553E-01
4196 3.015271564897509E-01
4197 2.989044684261410E-01
4198 1.836621789246444E-01
4199 1.849880310051630E-01
4200 2.080771975711594E-01
4201 2.243462721124737E-01
4202 2.060570552023035E-01
4203 8.972439430744916E-02
4204 1.034971985152497E-01
4205 3.199437729333582E-01
4206 3.233019816043013E-01
4207 3.190126179003971E-01
4208 3.996323145952124E-01
4209 -6.530535676036972E-02
4210 -7.249190855447686E-02
4211 6.275765030683571E-02
4212 6.326899534129421E-02
4213 2.905033683102915E-01
4214 2.925018358029913E-01
4215 4.793703327797923E-01
4216 4.823189790225643E-01
4217 2.434229691786194E-01
4218 2.482381144950521E-01
4219 2.934100750934408E-01
4220 2.895150747619561E-01
4221 2.961977572666739E-01
4222 8.338983887104652E-02
4223 7.081570380094228E-02
4224 1.929081064345371E-01
4225 1.871354738735126E-01
4226 3.609477254474082E-01
4227 -5.705506352318451E-02
4228 -5.500248084090112E-02
4229 2.802924639084502E-01
4230 2.866152042521843E-01
4231 6.179049599939180E-02
4232 5.669758033329090E-02
4233 1.535447214049616E-01
4234 1.591468405602712E-01
4235 4.071954410064100E-01
4236 4.110581889196979E-01
4237 4.047285242720205E-01
4238 3.880608036076943E-01
4239 1.295418249987532E-01
4240 1.247580920892644E-01
4241 -8.357616509337371E-03
4242 -1.108929450981888E-02
4243 4.152191529853039E-01
4244 2.143337849823029E-01
4245 2.140553209671046E-01
4246 2.200507344053744E-01
4247 4.226069683192438E-01
4248 4.177505709499687E-01
4249 4.098016246253052E-01
4250 2.730611329586369E-02
4251 2.520870537359621E-02
4252 3.079732290468860E-02
4253 4.463105822374951E-01
4254 4.535510475049744E-01
4255 3.178514653089607E-01
4256 3.128192073243599E-01
4257 3.154088495414348E-01
4258 1.332605575950690E-01
4259 1.356514983082902E-01
4260 1.381971632539212E-01
4261 3.718627184784507E-01
4262 7.921634729368761E-02
4263 9.905145582740202E-02
4264 8.973748116384353E-02
4265 1.606452803146123E-01
4266 1.650745783578281E-01
4267 1.661612642922374E-01
4268 4.508536959670629E-01
4269 3.177901905758002E-01
4270 1.820939143586861E-01
4271 4.020855329082708E-01
4272 3.954915638385801E-01
4273 5.555059799310132E-02
4274 4.894752643895258E-02
4275 1.843115366168926E-01
4276 1.794460938578686E-01
4277 9.027596926631456E-03
4278 3.352515110542805E-01
4279 3.289538243218073E-01
4280 4.601236253407653E-01
4281 4.657080443594519E-01
4282 1.145677317682040E-01
4283 1.169112263462535E-01
4284 1.189527216099737E-01
4285 4.841995793935009E-01
4286 4.864524453111804E-01
4287 3.710669360750378E-01
4288 3.694102170605083E-01
4289 8.452396941646688E-02
4290 3.483352191834994E-01
4291 3.461379564274242E-01
4292 3.436350446232329E-01
4293 3.685904457833643E-02
4294 1.219309620011597E-01
4295 1.237783189632809E-01
4296 4.014026114330105E-01
4297 3.575395598532565E-01
4298 3.641995199782747E-01
4299 9.611566679136532E-02
4300 1.018148272166545E-01
4301 4.684107218773828E-01
4302 4.771930707415080E-01
4303 7.996268929437607E-02
4304 7.997657611183485E-02
4305 1.516085632232929E-01
4306 1.405199581904729E-01
4307 3.440002992625714E-01
4308 3.387698794692684E-01
4309 3.416005339252108E-01
4310 3.830123784644017E-01
4311 3.796646729343487E-01
4312 7.520367214921579E-02
4313 7.777740723953064E-02
4314 1.519182576041309E-03
4315 3.862672763778240E-04
4316 2.829923139671542E-01
4317 6.409273790165390E-02
4318 9.121399692167756E-02
4319 9.367005840865499E-02
4320 9.628461993073451E-02
4321 4.495707227090906E-02
4322 5.060145760918369E-02
4323 2.592106845627118E-01
4324 2.544181349389138E-01
4325 2.609347210992340E-01
4326 2.532964899921523E-01
4327 2.467652158848838E-01
4328 2.552722917614737E-01
4329 3.319668442442060E-01
4330 3.170520799432927E-01
4331 2.721424420211992E-01
4332 2.675082135829092E-01
4333 2.899994877592399E-01
4334 2.923775795980735E-01
4335 2.884748268654647E-01
4336 2.938388568405816E-01
4337 3.226107207199118E-01
4338 3.161923931193169E-01
4339 2.369873256359372E-01
4340 2.316948840310677E-01
4341 2.377426805155699E-01
4342 2.385448400145017E-01
4343 2.388192629062516E-01
4344 3.771757211520297E-01
4345 3.725212093591179E-01
4346 2.725301318805785E-01
4347 2.725119977454988E-01
4348 1.169052005946478E-01
4349 3.065702446073451E-01
4350 3.025346147619838E-01
4351 2.260889542301064E-01
4352 2.262563504552182E-01
4353 3.716537250746155E-02
4354 3.264945686211326E-02
4355 4.283706083743640E-01
4356 4.232532278720951E-01
4357 2.239480171761608E-01
4358 2.162670098510808E-01
4359 3.472750173555694E-01
4360 2.743222608729646E-01
4361 2.721627726071024E-01
4362 2.683324741731631E-01
4363 1.564960358410619E-01
4364 3.591846577575727E-01
4365 3.518759937760572E-01
4366 1.763219473401014E-01
4367 1.807090339388643E-01
4368 9.334529757754374E-02
4369 1.149694341969723E-01
4370 1.193137337676748E-01
4371 1.235242779190212E-01
4372 2.627666812644583E-01
4373 4.717228491129078E-02
4374 8.641772450906729E-02
4375 8.873867136322912E-02
4376 4.407414923388201E-01
4377 1.333187544930897E-01
4378 1.382480863022303E-01
4379 1.014404928911278E-01
4380 1.043508654673725E-01
4381 3.531388179128870E-01
4382 3.516230732164793E-01
4383 3.489499688737838E-01
4384 3.160916756632577E-01
4385 8.111719308596251E-02
4386 8.321333517365026E-02
4387 8.613947279557552E-02
4388 2.716048576102157E-01
4389 3.221395988301466E-01
4390 3.188161175785166E-01
4391 3.618679123367787E-01
4392 3.599378410850384E-01
4393 3.575309840219972E-01
4394 3.493258559237407E-01
4395 3.052508556564862E-01
4396 3.027650477241547E-01
4397 2.174621468810827E-01
4398 2.118110058630461E-01
4399 2.170640867150139E-01
4400 3.552263636316794E-01
4401 3.880266827531184E-01
4402 3.677820949643954E-01
4403 3.628780246621650E-01
4404 9.963538073537297E-02
4405 1.041277270315575E-01
4406 3.798631775854800E-01
4407 3.672324659452958E-01
4408 3.934527250174205E-01
4409 3.954884954551909E-01
4410 1.636457961957677E-01
4411 7.664084478659759E-02
4412 1.211958128456863E-01
4413 1.200113002317656E-01
4414 2.312125274242764E-02
4415 2.796237263528940E-02
4416 8.929000739637898E-02
4417 9.087822775910598E-02
4418 2.143343464997378E-01
4419 2.085621697496230E-01
4420 3.889284096629233E-01
4421 3.851713888781738E-01
4422 2.272728834180491E-01
4423 2.223842667570513E-01
4424 1.199960182575137E-01
4425 1.256009141713801E-01
4426 -5.001393758492314E-02
4427 -4.887950709881050E-02
4428 -4.127415414555147E-02
4429 2.375368938126007E-01
4430 1.295069062122575E-02
4431 4.140337468059496E-01
4432 3.753851008144695E-01
4433 3.727273400907642E-01
4434 3.389476321947760E-01
4435 3.444886315497766E-01
4436 5.287890611814221E-02
4437 2.368226637700470E-01
4438 2.320039796954877E-01
4439 2.954854261131634E-02
4440 2.641364261071390E-01
4441 3.711496287724269E-01
4442 3.700383948440237E-01
4443 3.033597726856272E-02
4444 2.467871688662415E-02
4445 9.067660669645579E-02
4446 9.514807740278185E-02
4447 4.098184155079455E-01
4448 4.040748525113972E-01
4449 3.445109491126965E-01
4450 3.887841060861768E-01
4451 3.911728112843464E-01
4452 1.521861750496699E-01
4453 3.484029278692912E-01
4454 3.436903328175698E-01
4455 3.462396037322696E-01
4456 3.661393850716180E-01
4457 -3.702774448800146E-03
4458 -1.142407461107843E-03
4459 9.066877711881309E-02
4460 2.470278933528290E-01
4461 2.528842059474014E-01
4462 3.437838619683891E-01
4463 3.353495468180676E-01
4464 3.417985110070725E-01
4465 8.039112733761912E-02
4466 8.289504141656098E-02
4467 3.097934732760658E-01
4468 3.033354656320466E-01
4469 3.498140995804116E-01
4470 1.796302682645159E-01
4471 1.785979679021426E-01
4472 1.894637518999743E-01
4473 5.068031357087293E-01
4474 1.086214450839188E-01
4475 1.119395502517826E-01
4476 1.131182933404407E-01
4477 3.691601930852847E-01
4478 3.685908442881879E-01
4479 1.918129159473958E-01
4480 1.859858218123183E-01
4481 1.912691563272549E-01
4482 3.703043140034962E-01
4483 3.682215978254137E-01
4484 3.816049315631588E-01
4485 3.783655050515312E-01
4486 2.480661763124808E-01
4487 2.494167410151271E-01
4488 3.528411811638459E-01
4489 3.507241546452561E-01
4490 7.380078533720076E-02
4491 7.676297286172828E-02
4492 7.349277190733672E-02
4493 2.760315480381429E-01
4494 2.826811449515452E-01
4495 2.219871290372171E-01
4496 1.124572490581061E-01
4497 1.162972166674998E-01
4498 4.951982908502043E-02
4499 4.910773264892597E-02
4500 4.024152164552575E-01
4501 4.019930802193416E-01
4502 3.500261278229444E-01
4503 3.483540320366731E-01
4504 3.456376958898504E-01
4505 1.671754479496921E-01
4506 1.716658824668854E-01
4507 7.152120253627893E-02
4508 7.254424963951984E-02
4509 3.672361850922153E-01
4510 3.745408648456286E-01
4511 9.669818940956866E-02
4512 3.879947824725988E-01
4513 3.167604847942910E-01
4514 3.111153780368250E-01
4515 3.137072129209616E-01
4516 7.333107421383048E-02
4517 7.370869484416082E-02
4518 1.152694884807539E-01
4519 1.109767803353980E-01
4520 -6.027876206461635E-02
4521 2.257501542912910E-01
4522 9.704331015913353E-02
4523 9.360328138756110E-02
4524 3.718202906626072E-01
4525 1.777245442520930E-01
4526 1.770793224722507E-01
4527 -5.584139995348863E-03
4528 -6.001196861552870E-04
4529 1.372682493312681E-01
4530 2.684960225523758E-01
4531 2.703352213534722E-01
4532 2.948444637697422E-01
4533 2.976473689856738E-01
4534 3.749785750094493E-01
4535 1.490911300634042E-01
4536 1.406310456976128E-01
4537 3.373677848330125E-01
4538 3.220250720136875E-01
4539 3.295774716093209E-01
4540 4.122061230844389E-01
4541 4.042091330565464E-01
4542 7.644392270768499E-02
4543 4.077685687213286E-01
4544 1.759023994277076E-01
4545 1.786631341701929E-01
4546 1.813848959696953E-01
4547 3.268506517159396E-01
4548 3.180467821010854E-01
4549 3.236008670458970E-01
4550 2.386729684587968E-01
4551 1.702884635402374E-01
4552 1.645961464517949E-01
4553 1.674474884968152E-01
4554 3.489728694616239E-01
4555 2.973324440008283E-01
4556 2.920621129191715E-01
4557 2.572114062198280E-01
4558 4.963978516305338E-01
4559 4.855183219349950E-01
4560 2.969598145937073E-01
4561 2.907418312905526E-01
4562 1.847226542806144E-01
4563 3.026002942035977E-01
4564 3.077432392553778E-01
4565 1.482804061117821E-01
4566 1.432727461651671E-01
4567 1.455808125828369E-01
4568 2.393590523296324E-01
4569 2.764103090036245E-01
4570 2.800793344629440E-01
4571 2.461667539879924E-01
4572 2.415155284956701E-01
4573 2.780090290837305E-01
4574 2.897206863490074E-01
4575 1.283824335715990E-01
4576 1.236341594019239E-01
4577 1.259962819478089E-01
4578 9.690983898477588E-02
4579 1.006165255467228E-01
4580 1.002519763816651E-01
4581 3.727453629659349E-01
4582 1.898195917349994E-01
4583 1.902250877496372E-01
4584 2.825633024572480E-01
4585 2.865879545664269E-01
4586 1.303645317232336E-01
4587 4.179536198469480E-01
4588 1.903658130050167E-01
4589 1.905182121799348E-01
4590 4.498790825570224E-01
4591 4.434302860593454E-01
4592 1.319386336274156E-01
4593 1.223865177458744E-01
4594 4.471523261623397E-01
4595 1.039435919580415E-01
4596 9.994630837919090E-02
4597 1.571625889760964E-01
4598 1.569158096754393E-01
4599 1.616162488821838E-01
4600 -1.248193766694932E-02
4601 -1.211900618822818E-02
4602 2.498652404042295E-01
4603 2.582184529716577E-01
4604 5.057609480879849E-01
4605 4.977869034614401E-01
4606 6.442795017442217E-03
4607 1.948921121555102E-03
4608 2.582511114904112E-01
4609 2.351151161866839E-01
4610 1.987678769627964E-01
4611 1.176477261726001E-01
4612 1.220819034261648E-01
4613 2.131731323725805E-02
4614 2.598779806265409E-02
4615 2.746708219585915E-01
4616 7.081256009756844E-02
4617 3.744131420240046E-01
4618 3.251743313920984E-01
4619 3.875613681685717E-01
4620 3.825289840763724E-01
4621 -6.948500559512465E-04
4622 2.030500828639978E-01
4623 2.026277154430086E-01
4624 1.980326951323728E-01
4625 3.703467102845551E-01
4626 3.663924818581512E-01
4627 1.265493636801908E-01
4628 1.309898172010659E-01
4629 3.946505472280881E-01
4630 1.134259694832500E-01
4631 1.055536275248250E-01
4632 1.077829970531252E-01
4633 7.974978439019964E-02
4634 3.796293313333207E-01
4635 -2.310857613934809E-03
4636 3.983780288829865E-01
4637 3.929027780576390E-01
4638 1.006948455429436E-01
4639 3.409007530325989E-01
4640 1.100741703913983E-01
4641 2.172522904497235E-01
4642 3.540039290653693E-01
4643 4.402634267241948E-01
4644 1.290459047163236E-01
4645 -3.722105159516702E-02
4646 -4.628907669562080E-02
4647 4.513574802042944E-01
4648 3.485433157517344E-01
4649 1.940564686009116E-01
4650 1.858538788770590E-01
4651 1.928554830026260E-01
4652 5.150910707554047E-02
4653 7.284322950149191E-02
4654 7.597453219522239E-02
4655 7.223179522919909E-02
4656 6.780527369451156E-02
4657 6.541685174590854E-02
4658 6.404410435168416E-02
4659 2.837006876695992E-01
4660 2.859695979767435E-01
4661 1.756555797786598E-01
4662 2.764638792162850E-01
4663 2.700871968575088E-01
4664 4.415720100241462E-01
4665 4.376949889141109E-01
4666 2.268030088871335E-01
4667 7.493228095978688E-02
4668 7.200496154303627E-02
4669 7.260569319458339E-02
4670 -1.105363751725395E-02
4671 -8.964915411680111E-03
4672 1.657907394423351E-01
4673 1.575693203036360E-01
4674 1.447246373001780E-01
4675 1.402942116470743E-01
4676 9.430480639286030E-02
4677 8.382045634328808E-02
4678 8.609322355001617E-02
4679 3.514837036587199E-01
4680 2.361709295378897E-01
4681 3.208510734451768E-01
4682 1.484958943950561E-01
4683 1.528560778812812E-01
4684 1.140566326213620E-01
4685 7.852042042957462E-03
4686 1.907012940955409E-03
4687 3.013667930671835E-01
4688 2.859424698764857E-01
4689 6.996741447210970E-02
4690 3.093796701800637E-01
4691 3.009163697620210E-01
4692 3.531569165376401E-01
4693 1.109379183103327E-01
4694 3.647288636315444E-01
4695 3.648268853677505E-01
4696 4.129617638772088E-01
4697 8.167402630654487E-02
4698 8.405725663102399E-02
4699 4.314159297275976E-01
4700 8.620362798485322E-02
4701 8.805799604106465E-02
4702 -3.854760822152221E-02
4703 3.623482204902733E-01
4704 9.344337627670829E-02
4705 4.869572266908500E-01
4706 4.851845622881698E-01
4707 1.353632380302289E-01
4708 1.397426210789792E-01
4709 6.760410631824448E-02
4710 7.018553060912537E-02
4711 6.684750700577839E-02
4712 3.128407127029257E-01
4713 8.542377084076504E-02
4714 2.154223984961044E-01
4715 2.089748591600564E-01
4716 6.171022858345598E-02
4717 6.101893165550786E-02
4718 4.145898626462562E-01
4719 4.160915689592907E-01
4720 3.482212335877104E-02
4721 3.574624103449300E-02
4722 2.637368568676988E-01
4723 2.576085163024237E-01
4724 1.902571241964233E-01
4725 1.970629326306010E-01
4726 4.817280390418484E-01
4727 3.859758963537674E-01
4728 1.227727476022583E-01
4729 1.827394046434976E-01
4730 6.955872500723241E-02
4731 7.293844070478568E-02
4732 3.004817922365541E-01
4733 1.573198754584943E-01
4734 1.421215189092301E-01
4735 4.325733572013846E-02
4736 4.076625856741358E-01
4737 3.606190376081237E-01
4738 9.718465626064646E-02
4739 8.854688024607324E-02
4740 3.289566478419959E-01
4741 3.374749156361722E-01
4742 1.255605805272196E-02
4743 9.737621486432998E-03
4744 7.613713556503351E-02
4745 7.900235301323556E-02
4746 2.090818793025450E-01
4747 2.082831830686771E-01
4748 1.770369824164597E-02
4749 2.498413526185742E-02
4750 2.057683935972672E-02
4751 7.779551094130921E-02
4752 7.740643323719895E-02
4753 4.447206433179821E-01
4754 2.418470798103134E-01
4755 2.361140121362351E-01
4756 4.743830140784069E-02
4757 3.175938835737464E-02
4758 3.582261063519875E-01
4759 3.567857001029775E-01
4760 3.362343550424739E-01
4761 3.994252206289041E-01
4762 3.928062043116007E-01
4763 2.725605825379495E-01
4764 2.670456772673482E-01
4765 1.313454762460507E-01
4766 2.923290935222091E-01
4767 2.838790726312304E-01
4768 1.509830176191260E-02
4769 1.657968891740706E-02
4770 3.368598691919420E-01
4771 3.392257733415565E-01
4772 6.787379156023475E-02
4773 6.493809629468150E-02
4774 3.199757146554677E-01
4775 7.974441927977001E-03
4776 1.637470646001368E-02
4777 4.869316562471961E-02
4778 2.755160651330935E-01
4779 2.673277641531545E-01
4780 2.700179290076051E-01
4781 1.627610486813003E-01
4782 1.679743838246938E-01
4783 1.356647938550513E-01
4784 1.292252447340392E-01
4785 3.555801202987734E-01
4786 3.004889970400203E-01
4787 5.000505453326973E-01
4788 5.052513338933226E-01
4789 4.945249430760482E-01
4790 3.178456112982618E-01
4791 3.251269080441204E-01
4792 2.834963821151747E-01
4793 2.780636451870545E-01
4794 2.797296377723725E-01
4795 8.042629922070739E-02
4796 7.244119946341862E-02
4797 7.914140436030231E-02
4798 2.081461173277750E-01
4799 2.140817646152021E-01
4800 3.533803527745546E-01
4801 3.556577494609724E-01
4802 2.242937324542201E-01
4803 2.142984150048322E-01
4804 3.520969342079801E-01
4805 3.550705392669563E-01
4806 4.070658685356698E-02
4807 4.555064390245460E-02
4808 4.156735945049366E-02
4809 2.413882488796885E-01
4810 4.140874087616863E-01
4811 3.718176037813188E-01
4812 3.682617849339125E-01
4813 2.759911199152570E-01
4814 2.817233478280930E-01
4815 4.013163553556707E-01
4816 1.055398487125163E-01
4817 1.080263001431630E-01
4818 2.735418656070467E-01
4819 2.669910356719147E-01
4820 4.832127300035426E-01
4821 4.810823082309117E-01
4822 2.831515809388768E-01
4823 2.877849068490171E-04
4824 9.991192963117947E-04
4825 5.754762785111359E-04
4826 -2.782606797106114E-02
4827 3.706366855302882E-01
4828 3.875333375521257E-01
4829 3.825578890457978E-01
4830 2.592881485052556E-01
4831 2.514351871086584E-01
4832 3.725592843104854E-01
4833 3.748066857204975E-01
4834 9.387924021037716E-02
4835 3.512809431965980E-01
4836 3.425179094033821E-01
4837 3.398171365028635E-01
4838 4.970250429270680E-02
4839 2.449103075561811E-01
4840 2.345711052149864E-01
4841 1.811188437979247E-01
4842 -1.548520426423763E-02
4843 6.008132809127152E-02
4844 6.052442921211598E-02
4845 2.615860464542991E-01
4846 2.560749676038967E-01
4847 3.925335336538566E-01
4848 2.203737816059277E-01
4849 2.147913454768056E-01
4850 4.544785117832137E-01
4851 4.548494033813396E-01
4852 3.454313336729045E-01
4853 2.809283801782780E-01
4854 2.685048009335859E-01
4855 1.731289531463948E-01
4856 1.781965858169774E-01
4857 3.446270486795495E-01
4858 3.344206037910342E-01
4859 1.442800360383882E-01
4860 1.486732315004509E-01
4861 1.601543369286259E-01
4862 4.249954649869071E-01
4863 4.296462792919374E-01
4864 1.599440544610868E-01
4865 1.554600654800931E-01
4866 1.460567298414064E-01
4867 4.789984869629030E-01
4868 4.724947340834292E-01
4869 4.742090078598394E-01
4870 1.714254967144564E-01
4871 1.668589893451919E-01
4872 8.866811790560904E-02
4873 7.697434470341076E-02
4874 1.795611072344808E-01
4875 8.965520892661116E-02
4876 2.612210540959320E-01
4877 1.149230426677033E-01
4878 2.649354752273012E-01
4879 2.754507432114865E-01
4880 3.668048994693651E-02
4881 2.311167949012308E-01
4882 2.238360069708550E-01
4883 6.028628248348988E-02
4884 6.238777109811779E-02
4885 6.468589499115106E-02
4886 3.840361884840824E-01
4887 3.863007892643129E-01
4888 6.489621683593444E-02
4889 5.791300468385902E-02
4890 8.177514086401765E-02
4891 4.536714866395355E-02
4892 2.806441361186828E-01
4893 3.752965091937664E-01
4894 3.752473512327573E-01
4895 1.627193711364509E-01
4896 5.835189987862836E-03
4897 9.263726763262127E-03
4898 4.303399509084000E-03
4899 2.517332268446105E-01
4900 2.463143429066466E-01
4901 8.745430599105777E-02
4902 2.926102465176932E-01
4903 3.050653343142920E-01
4904 2.970241839986913E-01
4905 3.295817666458129E-01
4906 2.437964128525934E-01
4907 1.484570478223131E-01
4908 1.421346726764408E-01
4909 4.030612544637474E-01
4910 1.617804245250581E-01
4911 1.661404659416656E-01
4912 1.660811053016289E-01
4913 3.793077753005848E-01
4914 1.966528111846776E-01
4915 2.023249189161540E-01
4916 2.409627256389883E-01
4917 2.483926076709380E-01
4918 3.415795803409856E-01
4919 1.975318347055881E-01
4920 1.923607857306455E-01
4921 1.044627057076571E-01
4922 5.593915261567894E-02
4923 6.654226888402931E-02
4924 6.482813775679194E-02
4925 2.506780686859877E-01
4926 2.453601184812166E-01
4927 2.041199805539833E-01
4928 1.196087247084172E-02
4929 1.263756772685052E-02
4930 7.555991121972096E-03
4931 1.913053635928617E-01
4932 1.959596062974606E-01
4933 3.620797420974375E-01
4934 3.732674289039043E-01
4935 3.726514911163201E-01
4936 3.673746625126753E-01
4937 3.067821557298406E-01
4938 3.088544499184866E-01
4939 3.120592181685132E-01
4940 1.029759552523350E-01
4941 9.649482926255505E-02
4942 9.582142462160334E-03
4943 -1.586629185939161E-03
4944 4.419364479894174E-01
4945 8.550374134648675E-02
4946 1.699708014297071E-01
4947 1.637272477949724E-01
4948 3.312473932185839E-01
4949 3.303800053014633E-01
4950 2.764672648633938E-01
4951 2.566838235778447E-01
4952 2.440054848485597E-01
4953 1.812728747443209E-02
4954 2.692236321540782E-02
4955 1.831544402906757E-01
4956 1.881623087558573E-01
4957 2.681714014852500E-01
4958 7.699871517380988E-02
4959 3.132099660111636E-01
4960 4.248325430696516E-01
4961 4.214791097590918E-01
4962 3.167958432183491E-01
4963 3.158402433328035E-01
4964 3.121927928319071E-01
4965 4.081721708363135E-01
4966 4.040762065601112E-01
4967 3.877634846532115E-01
4968 6.327097262222521E-02
4969 2.179786774635883E-01
4970 2.321396239863431E-01
4971 3.659454004121538E-01
4972 3.532051883435496E-01
4973 3.630309071743708E-01
4974 1.520255307335685E-01
4975 1.579341739275959E-01
4976 1.536674958535488E-01
4977 5.243811747736705E-01
4978 5.217184652000489E-01
4979 2.123270887788756E-01
4980 3.943357242138639E-01
4981 3.836255994161782E-01
4982 3.896333372553857E-01
4983 1.799740341876025E-03
4984 6.499065214019961E-04
4985 2.028604520010300E-03
4986 1.012362477492416E-01
4987 1.984745532828438E-01
4988 2.657463551980744E-01
4989 6.782652817911300E-02
4990 9.926960795244530E-02
4991 3.013606592463191E-01
4992 3.049810881721025E-01
4993 1.525302980581118E-01
4994 1.273299332596381E-01
4995 3.286622832789833E-01
4996 3.165298177781661E-01
4997 1.157008179415746E-01
4998 1.093440512981536E-01
4999 2.468275270236325E-01
5000 2.030906327999850E-01
5001 3.132305841856490E-01
5002 3.152107386035615E-01
5003 3.182134026828979E-01
5004 9.284369829018327E-03
5005 3.173083264262820E-01
5006 3.799515240668668E-01
5007 4.308900483975404E-02
5008 3.853008112942988E-02
5009 9.047927693513726E-02
5010 8.436766293793029E-02
5011 3.312292499268713E-02
5012 3.099064270068981E-01
5013 3.084523626343358E-01
5014 2.977941071629647E-01
5015 2.952713255870731E-01
5016 2.917583129203030E-01
5017 4.603149894717758E-02
5018 4.537321454483343E-02
5019 3.621012506610706E-02
5020 -5.649519879447268E-03
5021 -2.615743646913836E-03
5022 1.930663739289591E-01
5023 1.978783678975017E-01
5024 1.686621700981206E-01
5025 1.607589399680690E-01
5026 1.622910216570737E-01
5027 1.808233299285464E-01
5028 1.573678341554498E-01
5029 1.962171403776824E-01
5030 4.432839025387937E-01
5031 7.012543444633416E-02
5032 3.748939787310306E-01
5033 2.982838794524509E-02
5034 -5.716355177443285E-02
5035 2.478702267251469E-01
5036 2.529925037103416E-01
5037 2.845599413396215E-01
5038 2.784600806369439E-01
5039 -5.172020488159109E-03
5040 -9.791523003599564E-04
5041 2.118876218537325E-01
5042 2.168904573457222E-01
5043 3.928194579061284E-01
5044 3.932105108462373E-01
5045 2.026528497805875E-01
5046 2.072208615701092E-01
5047 2.627202785244741E-01
5048 2.662705475379830E-01
5049 3.031338936901248E-01
5050 2.978261990708351E-01
5051 2.258199485502486E-01
5052 6.201440125361642E-02
5053 1.191543710804382E-01
5054 1.155355367993082E-01
5055 7.120759297445005E-02
5056 3.484037970574967E-01
5057 3.585054309379943E-01
5058 3.515289347989608E-01
5059 7.834992560500181E-02
5060 7.240857126953833E-02
5061 1.361317722880996E-01
5062 3.102603092170143E-01
5063 3.162504299041049E-01
5064 5.117393719243045E-02
5065 4.505295358885846E-02
5066 4.426979395686378E-01
5067 4.513489291905883E-01
5068 4.419640498417156E-01
5069 3.399299246008344E-01
5070 3.340850437512504E-01
5071 1.429969562720119E-01
5072 1.485414080290553E-01
5073 3.539462242060030E-01
5074 5.281088640518493E-01
5075 5.286738888144102E-01
5076 1.305670349525726E-01
5077 1.265157428673413E-01
5078 8.131809314646267E-02
5079 2.551010303451739E-01
5080 2.930306315119398E-01
5081 2.909112751157325E-01
5082 2.872698917848820E-01
5083 5.807332711397328E-02
5084 5.579943158959851E-02
5085 3.114538450911223E-01
5086 3.146942553747172E-01
5087 1.233542048901504E-01
5088 1.149679499522482E-01
5089 1.136523541318830E-01
5090 2.967680831226767E-01
5091 5.026203318861106E-02
5092 5.062697575492511E-02
5093 4.765993290587155E-02
5094 4.034248051640950E-01
5095 4.003249686878643E-01
5096 -7.617301188084460E-02
5097 -7.475514993205630E-02
5098 3.771760740080156E-01
5099 3.762798386151623E-01
5100 1.860377735454597E-01
5101 2.447901078178679E-01
5102 2.402709190191657E-01
5103 2.110986412005732E-02
5104 3.075015100733059E-01
5105 1.550274204527706E-01
5106 1.563671069727931E-01
5107 1.235162013678086E-01
5108 2.264715061938268E-01
5109 2.218288413249829E-01
5110 4.251034547210687E-01
5111 4.249252073599787E-01
5112 4.769092999127693E-01
5113 4.707780948702595E-01
5114 3.246187784521793E-01
5115 3.278672813856848E-01
5116 3.236772045094126E-01
5117 4.213921712112675E-01
5118 4.268654799328441E-01
5119 1.785446352361711E-01
5120 5.520830473752856E-03
5121 1.372357758731913E-02
5122 2.805741581844481E-01
5123 8.530089295281811E-02
5124 8.929314289039229E-02
5125 3.626113328617475E-01
5126 3.665928490310289E-01
5127 2.015995072355348E-01
5128 2.046212203789691E-01
5129 2.890312773650494E-01
5130 2.872400863740922E-01
5131 2.032069621900738E-01
5132 3.598724944797251E-02
5133 3.201674007222265E-02
5134 3.774782706287953E-01
5135 3.081985777793310E-01
5136 1.281750514434130E-01
5137 7.483101506361563E-02
5138 7.255794320955070E-02
5139 1.194015391719751E-01
5140 1.050470241104765E-02
5141 6.099351772877896E-03
5142 3.923092233447305E-01
5143 3.924846342500607E-01
5144 2.648262616293355E-01
5145 2.378134081865008E-01
5146 3.179702970401242E-01
5147 3.213871046677581E-01
5148 3.742037315831678E-01
5149 2.723340229432494E-01
5150 1.742767806707961E-01
5151 1.882063835519435E-01
5152 2.987015735172469E-01
5153 9.945282571519311E-02
5154 1.574948534323757E-01
5155 1.585073468813041E-01
5156 6.651962398133356E-02
5157 6.119753678099295E-02
5158 2.598705448649726E-01
5159 2.560626119436055E-01
5160 3.321346228710106E-01
5161 5.415047959450626E-02
5162 5.622632061700596E-02
5163 5.220126762630012E-02
5164 4.160954984497027E-01
5165 4.245072461600077E-01
5166 3.195089942770245E-01
5167 3.037488785102994E-01
5168 2.004377540493854E-01
5169 3.835568778921022E-01
5170 3.807880845907397E-01
5171 2.306540303733881E-01
5172 2.944728568856709E-01
5173 2.514916579134784E-01
5174 5.840693072652098E-03
5175 4.206138792833044E-03
5176 3.783887220213427E-01
5177 1.716452941106874E-01
5178 3.048894507346688E-01
5179 8.142590617358440E-02
5180 7.302932798274124E-02
5181 5.149806815308835E-01
5182 5.185227260848473E-01
5183 2.698708878197698E-01
5184 2.646377070801594E-01
5185 1.197394252042824E-01
5186 1.166676903108904E-01
5187 2.404126191814113E-01
5188 2.215175671789694E-01
5189 2.162024240011657E-01
5190 3.394408171067062E-01
5191 3.424869495158057E-01
5192 1.911475769636559E-01
5193 3.950451636638328E-01
5194 3.935554290599026E-01
5195 3.969690008976816E-01
5196 1.494958239939879E-01
5197 2.070147806875872E-01
5198 1.977158652408698E-01
5199 4.041584378907148E-01
5200 3.687751040760925E-01
5201 2.537133039071200E-01
5202 -5.330225134020120E-02
5203 -5.810721073033625E-02
5204 3.000130461964048E-01
5205 2.980297733976364E-01
5206 3.014454364128604E-01
5207 2.325490012516904E-01
5208 2.384208590265391E-01
5209 2.663653693165692E-01
5210 1.596161100915480E-02
5211 2.491316476770380E-01
5212 2.441919308202955E-01
5213 6.226821683008830E-02
5214 6.018413793725885E-02
5215 3.257631538136562E-01
5216 3.273934751344195E-01
5217 3.303783373756765E-01
5218 1.590340685970637E-01
5219 1.540619685515617E-01
5220 2.883403241368541E-01
5221 2.155805897059599E-01
5222 2.110290627584603E-01
5223 5.125833187293650E-01
5224 5.166937898021771E-01
5225 2.433174707386670E-01
5226 2.389529979088177E-01
5227 1.971312703957201E-01
5228 1.925053955653678E-01
5229 3.922475543699137E-01
5230 3.921281007566754E-01
5231 4.513439836041823E-01
5232 2.352055461549327E-01
5233 2.356201824933691E-01
5234 1.522041693811505E-01
5235 4.747515224053222E-01
5236 2.427580462721555E-01
5237 7.946496768128494E-02
5238 7.719271545807059E-02
5239 1.780660406058139E-01
5240 1.733107520783139E-01
5241 1.739424344993592E-01
5242 1.684401111857001E-01
5243 1.071956874828882E-03
5244 3.756437647594120E-01
5245 2.640552830577267E-01
5246 3.055329740673468E-01
5247 2.961990454680178E-01
5248 1.870578646500376E-01
5249 -4.382767896931754E-02
5250 2.111662289503904E-01
5251 2.061534624859318E-01
5252 1.029266037772126E-01
5253 3.403814136696768E-01
5254 3.395087566193002E-01
5255 1.380810580831488E-01
5256 2.309627712486373E-01
5257 2.012976216699062E-01
5258 1.945450981365990E-01
5259 3.045567018934502E-01
5260 3.022023010637558E-01
5261 4.500403558648516E-01
5262 4.492357405385421E-01
5263 2.927519086264609E-01
5264 2.944870539185007E-01
5265 3.571103040722076E-01
5266 3.340345917591506E-02
5267 4.732732662549838E-01
5268 3.580271492216275E-01
5269 3.994094991072512E-01
5270 4.028926132108010E-01
5271 4.781211232641690E-02
5272 5.129938363238338E-02
5273 1.225914465733060E-01
5274 3.931334234765652E-01
5275 1.485355166671012E-01
5276 1.472099214295059E-01
5277 7.871743416745186E-02
5278 1.592041830136436E-01
5279 1.815531827640877E-01
5280 5.478489110076716E-02
5281 5.837545001793430E-02
5282 2.693789215808582E-01
5283 2.601821505804051E-01
5284 2.537714187989437E-01
5285 2.088263132674085E-01
5286 2.607612581818813E-01
5287 2.305411685770424E-02
5288 3.315609109222716E-02
5289 2.456012072530021E-01
5290 4.541614511909831E-01
5291 1.063429140487924E-01
5292 2.231970398701862E-01
5293 2.163928874686497E-01
5294 1.254696226513250E-01
5295 2.499478246818444E-01
5296 2.440036042514635E-01
5297 5.272203892625211E-01
5298 5.198323674106333E-01
5299 2.063689122741702E-02
5300 2.658284937929494E-01
5301 2.731429588917202E-01
5302 2.708962413077960E-01
5303 6.179715255278659E-02
5304 6.546847495446591E-02
5305 3.853749335250437E-01
5306 3.890264698338726E-01
5307 1.822944311708418E-01
5308 1.720726222322407E-01
5309 2.761608099611482E-03
5310 4.183605928762250E-01
5311 1.079620221181310E-01
5312 2.149023922681635E-01
5313 2.316095858622191E-01
5314 3.988124259678915E-01
5315 3.972903690712291E-01
5316 2.908690097288361E-01
5317 2.856098289563196E-01
5318 8.721046438961851E-02
5319 6.583808873055019E-02
5320 6.441949853503073E-02
5321 2.803118257065396E-01
5322 2.750567665988687E-01
5323 1.503487231636945E-01
5324 1.462043086417933E-01
5325 4.177698931421120E-01
5326 1.213285096287257E-01
5327 1.234686736002864E-01
5328 5.221710339054622E-01
5329 4.826440909280298E-01
5330 4.889830575541209E-01
5331 -9.490038149058305E-03
5332 4.258276296727854E-01
5333 4.253359213987174E-01
5334 4.214397860815733E-01
5335 4.024817654313663E-01
5336 3.144318584066000E-01
5337 4.253788051281150E-01
5338 4.345382040407698E-01
5339 -4.897773659143156E-03
5340 3.268066306031701E-01
5341 3.291019939396324E-01
5342 -4.326089752631101E-02
5343 1.096009464420273E-01
5344 1.037147547216041E-01
5345 3.464007705976968E-01
5346 3.782887200368469E-01
5347 3.760543224689241E-01
5348 1.455707029346267E-01
5349 1.439745524285003E-01
5350 7.222046467022956E-02
5351 3.265005258955261E-01
5352 3.974888831523392E-01
5353 3.936258586728838E-01
5354 6.872505989957063E-02
5355 6.738215799398241E-02
5356 3.971194963869554E-01
5357 6.951588461830423E-02
5358 6.642398052146033E-02
5359 9.441097357262820E-02
5360 5.086566636142530E-02
5361 5.278058680882538E-02
5362 3.986774019393891E-01
5363 2.293543685225064E-02
5364 2.738265090596342E-01
5365 2.627543820697940E-01
5366 2.606368642828047E-01
5367 2.552787963980118E-01
5368 2.588970916683317E-01
5369 2.569236941148426E-01
5370 4.469992863684382E-01
5371 3.862749008609985E-01
5372 3.802200908501627E-01
5373 1.484297812135394E-02
5374 2.596334307505277E-01
5375 2.544334096752673E-01
5376 6.469211618988649E-02
5377 6.728191609371031E-02
5378 1.281227631914166E-01
5379 1.220468508168951E-01
5380 3.560948486008026E-01
5381 2.525237229795781E-02
5382 2.937892228910201E-02
5383 2.473274160833079E-02
5384 2.481010998793943E-01
5385 2.262657514411624E-01
5386 2.369444513809269E-01
5387 1.269953596543870E-01
5388 1.661273319524325E-01
5389 5.845100139379437E-02
5390 5.534982119987992E-02
5391 6.825052996833292E-02
5392 1.525182948263397E-01
5393 2.841042276131381E-01
5394 3.820678102097440E-01
5395 4.674911563148892E-01
5396 4.593149734288824E-01
5397 1.083732316869531E-01
5398 1.143989474699630E-01
5399 2.552337851011557E-01
5400 2.501754828730112E-01
5401 3.739659904947584E-01
5402 3.843105041199263E-01
5403 7.123042894460609E-02
5404 7.015693776643026E-02
5405 7.735116818816359E-02
5406 4.339681128495552E-01
5407 4.426046404480364E-01
5408 3.818504452910477E-01
5409 3.853400070538776E-01
5410 6.651845269641211E-02
5411 4.819518853154601E-01
5412 4.726820526937648E-01
5413 4.747198970470563E-01
5414 1.161452301344263E-01
5415 2.270954412467250E-01
5416 3.798643011655239E-01
5417 4.318750255227378E-01
5418 4.296705335551291E-01
5419 4.281518006557227E-01
5420 6.853790279885670E-02
5421 2.701687099694439E-01
5422 1.547120694070218E-01
5423 1.818966967242733E-01
5424 1.761133040706516E-01
5425 1.185917852639412E-01
5426 2.654559194202802E-01
5427 2.700035250589058E-01
5428 3.158033020952305E-01
5429 3.098322606485088E-01
5430 3.635274519192050E-01
5431 3.600504673587394E-01
5432 5.797028095827559E-02
5433 2.059838886104953E-01
5434 2.064935879597421E-01
5435 3.969066794523907E-01
5436 3.932848537723228E-01
5437 3.612957925512684E-01
5438 3.541695088048469E-01
5439 1.384153690945973E-01
5440 1.421856501956134E-01
5441 3.008259826958499E-01
5442 2.930322997714986E-01
5443 1.712204696778113E-01
5444 2.380744181130904E-01
5445 3.968233785987827E-01
5446 3.365002700699050E-01
5447 5.486470507866512E-02
5448 5.976739483220125E-02
5449 6.662152841108500E-02
5450 4.883489597346702E-01
5451 -2.959043137419108E-02
5452 -3.597917449454800E-02
5453 4.481302066760782E-01
5454 3.070201702002825E-01
5455 3.320428658524285E-01
5456 3.243183441326350E-01
5457 7.300651239311712E-02
5458 4.328380037305342E-01
5459 4.329018260503785E-01
5460 4.385132721893074E-02
5461 4.777337689175388E-02
5462 2.019413968329774E-01
5463 3.778905760116691E-01
5464 2.358709680878640E-01
5465 2.266949381143284E-01
5466 4.271649492031851E-01
5467 4.263967038867497E-01
5468 1.882646234958011E-02
5469 9.206574446074318E-03
5470 1.874647669192774E-01
5471 1.051811714552393E-01
5472 1.020093125410465E-01
5473 1.549898082338103E-01
5474 1.472462444887444E-01
5475 3.966497580601957E-01
5476 1.420309076412368E-01
5477 2.742340501285535E-01
5478 1.827352040805876E-01
5479 2.368939230820242E-02
5480 3.868495538528047E-01
5481 3.886992459220583E-01
5482 -5.863230585095262E-02
5483 3.448101900563211E-02
5484 3.385213692964992E-02
5485 6.304855268714346E-02
5486 1.799195104299126E-02
5487 4.125386922234059E-01
5488 4.641430144053869E-01
5489 4.568050469138411E-01
5490 2.090185905735361E-01
5491 2.984461127084781E-01
5492 1.154100235707959E-01
5493 1.231119697875669E-01
5494 -3.058348685730249E-03
5495 1.634794587685478E-01
5496 4.263119505172379E-01
5497 4.319938423558852E-01
5498 4.378489645999135E-01
5499 6.445128368255652E-02
5500 2.809607701133706E-02
5501 3.961930876634540E-01
5502 3.155722631560131E-01
5503 3.221210217813213E-01
5504 3.607906350326493E-01
5505 3.570304724203172E-01
5506 1.402368280844634E-01
5507 1.745342094935718E-01
5508 1.592034544385684E-01
5509 1.178003747555900E-01
5510 5.293500469991290E-01
5511 2.639630634804058E-01
5512 2.373583230552020E-01
5513 2.202723469465585E-01
5514 6.181879910357538E-02
5515 2.697117432688569E-01
5516 1.999076450010107E-01
5517 2.073695053960725E-01
5518 3.774729902467933E-01
5519 3.812424739653956E-01
5520 6.957523062179265E-02
5521 3.464776328216918E-01
5522 3.315635616116741E-01
5523 7.502327286883648E-02
5524 7.241323172614077E-02
5525 2.043107443030701E-01
5526 1.882678329795965E-01
5527 1.647413893139144E-01
5528 1.759264311051612E-01
5529 2.750568406827714E-01
5530 2.800689014815577E-01
5531 2.141929633732293E-03
5532 5.950137691806001E-02
5533 5.452971330709196E-02
5534 3.889558677849082E-01
5535 3.256159317377458E-01
5536 3.390649246747890E-01
5537 1.874216706875539E-01
5538 2.646482334307603E-01
5539 6.450728055975187E-02
5540 6.661907374700632E-02
5541 6.305083594855639E-02
5542 4.804666393508578E-01
5543 1.068847602196178E-01
5544 1.928706041228143E-01
5545 3.963555260073928E-01
5546 3.924040195039509E-01
5547 4.651358869394553E-02
5548 3.946650984079465E-02
5549 -4.707878590786093E-04
5550 4.369985206689508E-01
5551 1.428057967263297E-01
5552 3.533327473984367E-01
5553 6.113479988806936E-02
5554 4.508690749162806E-01
5555 2.747676818463800E-01
5556 2.779016712167111E-01
5557 2.720860731080321E-01
5558 3.053953825495910E-01
5559 3.167713344533861E-01
5560 1.342457531278587E-01
5561 1.304814503321039E-01
5562 1.087701546108585E-01
5563 1.011679960514681E-01
5564 5.098357744991014E-01
5565 -7.943229893960004E-02
5566 3.234942818249463E-01
5567 4.962740812175476E-02
5568 4.481311971877115E-02
5569 5.177570140597662E-01
5570 5.141064000904335E-01
5571 -6.430743044683394E-02
5572 -6.787883189193915E-02
5573 4.071550480093386E-01
5574 4.020552707597973E-01
5575 3.815477096154652E-01
5576 6.037810187076521E-02
5577 3.272899250321842E-02
5578 3.468064118056016E-02
5579 4.611964332525422E-01
5580 3.576973024265438E-02
5581 3.140189407840557E-02
5582 6.697961528212394E-02
5583 6.706646853261994E-02
5584 4.677347404753674E-01
5585 1.530977413379480E-01
5586 1.487378709972701E-01
5587 2.706449978401901E-01
5588 2.858020742587772E-01
5589 3.898670097290760E-01
5590 9.414816885550858E-02
5591 4.014351745395163E-01
5592 4.014393001172293E-01
5593 5.614513313521649E-02
5594 5.190197809708135E-02
5595 3.281577305939950E-01
5596 7.868897190832067E-02
5597 7.178096095982119E-02
5598 6.172444385673178E-02
5599 9.201610761934133E-02
5600 3.592557014818658E-01
5601 2.853310363162755E-01
5602 2.776833901239357E-01
5603 -2.860011935614514E-02
5604 -3.174365281370704E-02
5605 3.394659673837889E-01
5606 4.340836540649437E-01
5607 -8.295340155209694E-03
5608 3.975416834609086E-01
5609 3.950121475916945E-01
5610 3.971040346431366E-01
5611 4.854857026886243E-01
5612 2.955300770994828E-03
5613 3.660414034042709E-03
5614 1.102446461756471E-01
5615 1.114069065359219E-01
5616 5.340007193121230E-02
5617 -6.986957739983640E-02
5618 -7.239450379669203E-02
5619 3.165188452654238E-01
5620 3.086549589859477E-01
5621 2.195618379397938E-01
5622 1.432316761746191E-01
5623 1.532489421781152E-01
5624 4.706924986187832E-01
5625 6.368757911616278E-03
5626 3.742808091032187E-03
5627 5.355351630880732E-02
5628 4.823879566904152E-02
5629 1.595728568527805E-02
5630 2.087238909518469E-02
5631 1.759771490173818E-02
5632 3.442607805018186E-01
5633 3.411409382107577E-01
5634 -7.842486927821112E-02
5635 -7.899778647739125E-02
5636 5.303143873799542E-01
5637 5.297303233014714E-01
5638 3.395151682653010E-01
5639 7.742989923792282E-02
5640 8.081468614718784E-02
5641 8.857087638678568E-02
5642 2.799772165342830E-01
5643 2.171005700508747E-01
5644 1.580951721975638E-01
5645 4.048495859958828E-01
5646 4.623261202851501E-02
5647 1.756168761889081E-01
5648 3.470174258363058E-01
5649 3.396243269768666E-01
5650 3.550004966942974E-01
5651 1.822944165795734E-01
5652 3.624249120318490E-01
5653 1.860202860167968E-02
5654 1.955418557197314E-02
5655 3.215363257383198E-01
5656 4.477624625765924E-01
5657 4.451815303924336E-01
5658 9.685210766557643E-02
5659 9.924025209532625E-02
5660 6.128063655790877E-02
5661 4.291465025337836E-01
5662 2.649979291999717E-01
5663 4.125878704623355E-01
5664 4.093232716974851E-01
5665 5.288467775718872E-01
5666 2.151820073670304E-01
5667 2.232353625039073E-01
5668 4.438743827044109E-01
5669 4.381217724493582E-01
5670 -1.636403263341530E-02
5671 4.356826079238941E-01
5672 5.110532908248598E-01
5673 5.068097639804744E-01
5674 4.218258707928272E-02
5675 4.008225417419485E-02
5676 7.984805954893974E-02
5677 1.943497602332535E-01
5678 3.985437725902245E-01
5679 2.367666196987079E-01
5680 3.927351748411776E-01
5681 3.746810103974207E-01
5682 3.680138475776302E-01
5683 1.815182667323701E-01
5684 4.817572360100813E-04
5685 4.116414127195303E-02
5686 2.874866023341979E-01
5687 2.824104295678083E-01
5688 7.304351844879199E-02
5689 6.788115541053444E-02
5690 2.896681330940762E-01
5691 2.320130809223907E-01
5692 2.438805178906319E-01
5693 4.013999069014049E-01
5694 3.751522988925955E-01
5695 2.784100429323972E-01
5696 9.724343659485740E-02
5697 9.913472475520151E-02
5698 3.972715471480480E-01
5699 3.918671119241370E-01
5700 -6.266631175260766E-02
5701 5.228352682033714E-02
5702 5.119838401946175E-02
5703 -7.375868975125041E-02
5704 -7.119356427218040E-02
5705 5.211696361638434E-01
5706 5.235483689938840E-01
5707 3.452095698292333E-02
5708 3.654487547270494E-02
5709 2.985058047699089E-02
5710 3.045560528111014E-01
5711 -1.756218298956203E-02
5712 3.899658177104842E-01
5713 -7.991950249365450E-02
5714 1.616894283379448E-03
5715 3.245526094899081E-01
5716 3.195243872971127E-01
5717 1.935947287980395E-01
5718 1.951207398407168E-01
5719 3.536264845362154E-02
5720 5.157951181435516E-01
5721 -8.052357527056332E-03
5722 4.486399906237730E-01
5723 4.400180672702884E-01
5724 3.457317103895529E-01
5725 1.774080935555869E-02
5726 1.394793423444407E-02
5727 1.193587104652260E-02
5728 1.990770100119281E-02
5729 3.737292005066450E-01
5730 1.644798320204345E-01
5731 -4.985134691682365E-02
5732 -4.438732324234099E-02
5733 4.955031604051091E-01
5734 5.009673606801912E-01
5735 5.278447490998400E-01
5736 3.588012617878966E-01
5737 5.935724525532951E-02
5738 3.443681698884138E-01
5739 3.073621617743796E-01
5740 3.724203742113626E-01
5741 3.342765774043139E-01
5742 3.484447625115986E-01
5743 3.385970591966543E-01
5744 3.338741373279903E-01
5745 4.302220400794839E-01
5746 4.203617921379330E-01
5747 -6.157396719737208E-02
5748 4.299444117717220E-01
5749 2.840879419313210E-01
5750 2.619297919118209E-01
5751 2.036363019307800E-01
5752 4.314524845191456E-01
5753 3.573333056203951E-01
5754 4.734444136487793E-01
5755 2.250515315970800E-02
5756 -9.254638824684665E-03
5757 -1.288773593494075E-03
5758 4.514272998807175E-01
5759 4.593303423221207E-01
5760 2.018916633505993E-01
5761 3.198718035294031E-01
5762 3.223076764158754E-01
5763 2.134336852004075E-01
5764 5.133017100502315E-01
5765 3.886195097401465E-01
5766 3.909075095457670E-01
5767 3.923643182322069E-01
5768 1.517834389839399E-01
5769 1.146490728380348E-01
5770 3.222418234919683E-01
5771 3.191658158237435E-01
5772 1.981006731286701E-01
5773 2.690123499585044E-01
5774 9.282787776016550E-02
5775 3.617951278546568E-01
5776 3.953672011778682E-01
5777 1.288916262880658E-01
5778 1.306242334232260E-01
5779 4.625330423912608E-02
5780 1.694058223142834E-01
5781 -2.485580579136856E-02
5782 2.347429771364019E-01
5783 2.355213569731976E-01
5784 2.755153581552604E-02
5785 5.065024297165456E-01
5786 4.917960352089267E-02
5787 5.234191115143747E-01
5788 2.746868658400270E-02
5789 2.783376389360783E-02
5790 3.866435046304970E-01
5791 4.357342443405458E-01
5792 4.348384262060366E-01
5793 4.059129291932667E-02
5794 4.259173735158891E-03
5795 9.270195629177425E-02
5796 5.065484113286649E-02
5797 6.105860932931256E-02
5798 3.898738524344385E-01
5799 4.002062824080512E-01
5800 -5.978072608201974E-02
5801 -5.523468340405930E-02
5802 -6.785391479100800E-02
5803 -6.428000707808620E-02
5804 3.335498758686330E-01
5805 2.165724466311424E-02
5806 1.695256328233906E-02
5807 1.767076406015135E-02
5808 2.460848920040702E-01
5809 4.096491624458813E-01
5810 4.066519356208897E-01
5811 4.443281119166016E-02
5812 4.143634380485901E-02
5813 3.074445531012650E-02
5814 2.613944653822914E-02
5815 2.676428747178037E-02
5816 3.200079471933540E-01
5817 4.314107043489201E-01
5818 4.247044571906479E-01
5819 4.063149399162959E-01
5820 4.477019684525776E-02
5821 1.597828556026942E-02
5822 1.246491511862603E-02
5823 1.205943685855432E-02
5824 -3.198758833731113E-03
5825 -3.239530129468576E-02
5826 5.228339024362231E-01
5827 3.233995168413971E-02
5828 2.758964641564809E-02
5829 3.221059816539510E-01
5830 3.340779969553169E-01
5831 4.009471439601436E-01
5832 4.014270518777459E-01
5833 -1.059819177931230E-02
5834 -1.630015012908105E-02
5835 4.751868057050359E-01
5836 4.729339736270211E-01
5837 4.475283787838438E-01
5838 4.471008039215200E-01
5839 2.235320388654640E-01
5840 2.275238143427273E-01
5841 -3.690818597333172E-02
5842 -4.642189889912660E-02
5843 -4.179542614584519E-02
5844 3.974543520391710E-01
5845 3.885585315065546E-01
5846 3.876978193863668E-01
5847 1.701434991710576E-01
5848 1.629581878679226E-01
5849 1.586284792727045E-01
5850 1.702969518019169E-01
5851 4.680124614823479E-01
5852 1.119461570375454E-02
5853 8.863922080564713E-03
5854 6.069443513901446E-02
5855 -2.424343025804727E-02
5856 -1.705264016908977E-02
5857 -7.656323194651582E-02
5858 -7.816594503401091E-02
5859 4.760820950362034E-01
5860 6.900565330901244E-02
5861 2.784075559413944E-04
5862 1.977397660840929E-02
5863 2.369378209486060E-01
5864 2.520549670486895E-01
5865 5.961653897158280E-02
5866 1.497606591294061E-01
5867 -3.162795208848441E-03
5868 2.312716381998038E-01
5869 2.260965272125295E-01
5870 9.611030917455923E-03
5871 6.584080846509334E-03
5872 6.824167571281346E-02
5873 -3.783348381771920E-02
5874 -3.147346897424759E-02
5875 -6.765962881373790E-02
5876 1.339818802936472E-01
5877 1.400773762100353E-01
5878 4.173366133952113E-01
5879 4.166698877667309E-01
5880 3.035677377657903E-01
5881 3.065340525422294E-01
5882 4.393536804502460E-01
5883 2.392022581435531E-02
5884 4.091205900788803E-01
5885 3.977858165600252E-01
5886 2.668854363911374E-01
5887 4.420442469964090E-01
5888 4.383699726318611E-01
5889 4.495705459975557E-01
5890 2.022684982531763E-01
5891 3.646386098813897E-01
5892 9.327882161840234E-02
5893 8.589766143359838E-02
5894 1.133315172845247E-01
5895 2.378223336025953E-02
5896 1.276938378779369E-01
5897 1.288447785780842E-01
5898 1.139969550144568E-01
5899 2.308930030868373E-01
5900 2.267759138947504E-01
5901 2.062926212583749E-01
5902 1.143133413542970E-01
5903 3.524020033336681E-03
5904 1.006018352654190E-03
5905 1.453332301820290E-02
5906 5.131717372121941E-01
5907 5.092315993313932E-01
5908 5.137901475811676E-01
5909 1.324386174328584E-01
5910 1.277466228341123E-02
5911 3.704443460097295E-01
5912 6.026852819976939E-02
5913 5.704442208147930E-02
5914 2.553651122098686E-01
5915 4.683281923426398E-01
5916 4.661777889468293E-01
5917 4.613085130863543E-01
5918 7.105602725489356E-02
5919 6.376563096938705E-02
5920 9.912659971089458E-02
5921 1.578646549552687E-01
5922 1.648854998344549E-01
5923 6.380394148213375E-02
5924 1.095608099959869E-01
5925 4.454904603787219E-01
5926 4.247816276852320E-01
5927 9.840337791619842E-02
5928 4.000558509465570E-01
5929 1.882699501579980E-01
5930 6.029089698037127E-02
5931 4.976782222733005E-02
5932 4.620854259368099E-01
5933 3.323352298338510E-01
5934 5.585521415721369E-02
5935 4.496961314117451E-01
5936 -2.842960105127166E-02
5937 -3.223598520706837E-02
5938 4.636836886497608E-01
5939 3.411046571215876E-01
5940 5.839833694940363E-02
5941 2.351084684150408E-01
5942 3.396527195939753E-03
5943 2.979460445354602E-04
5944 3.919932934326503E-01
5945 3.906435776835932E-01
5946 6.603768016923060E-02
5947 4.160397903594031E-01
5948 4.253760394491655E-01
5949 5.975398697170069E-02
5950 6.441404712895413E-02
5951 -1.835915221774826E-03
5952 6.485669617062264E-03
5953 8.116965201539631E-03
5954 1.683365587085663E-02
5955 6.364812428377820E-02
5956 2.087159790213959E-02
5957 2.367410812878698E-01
5958 3.959536986490829E-01
5959 4.058237532578317E-01
5960 4.590861682483527E-02
5961 5.566839996127831E-02
5962 4.451903018015920E-01
5963 -6.339767453735183E-02
5964 1.523964960849614E-03
5965 3.862374024775147E-03
5966 5.042158076136450E-03
5967 6.877646234717670E-02
5968 4.977024486382484E-01
5969 4.862232779019592E-01
5970 3.383787434120734E-01
5971 3.842438496791996E-01
5972 3.869977581535623E-01
5973 1.327893660606361E-01
5974 6.472943753839526E-02
5975 1.391121525250435E-01
5976 4.002115666934764E-01
5977 4.245576627621981E-01
5978 6.381061401503797E-02
5979 3.965677161710635E-01
5980 2.776382128526338E-01
5981 4.052971354771243E-01
5982 4.041884023927275E-01
5983 -1.819766656829019E-02
5984 -1.162983959753200E-02
5985 -2.188657806093101E-02
5986 4.357475186035737E-01
5987 2.089760405916866E-01
5988 2.823981913795666E-01
5989 3.929254817348855E-01
5990 2.262185096694068E-01
5991 3.840186985539218E-01
5992 8.128618532465852E-02
5993 1.165245093722411E-01
5994 1.189093020968484E-01
5995 4.368164499208880E-01
5996 3.851163136241793E-01
5997 3.514504212173239E-01
5998 4.575682432895199E-01
5999 1.201609588224997E-01
6000 -2.435823927322894E-02
6001 4.260713681797257E-01
6002 3.090817764146170E-01
6003 3.032888693160887E-01
6004 2.965001786616343E-01
6005 3.518144322292644E-01
6006 3.626250906093231E-01
6007 3.290976157004844E-01
6008 3.402749295201177E-01
6009 1.096950956820022E-01
6010 1.208957755396462E-01
6011 -7.547224855309584E-03
6012 1.328845376005352E-01
6013 6.839165029810336E-02
6014 7.880991034329259E-02
6015 3.217547672675230E-02
6016 -3.505220311662165E-02
6017 -5.588485230311589E-02
6018 1.182258273711169E-02
6019 4.415734773240648E-02
6020 1.607220405243104E-01
6021 4.485081977727846E-01
6022 4.274498063064913E-01
6023 4.336649072320102E-01
6024 2.571131992454314E-01
6025 2.689138429765796E-01
6026 3.895535179456229E-01
6027 3.933884496598740E-01
6028 3.822762116340483E-01
6029 6.871693218985933E-02
6030 1.886025251779932E-01
6031 3.743320653777845E-01
6032 2.348148068670592E-02
6033 2.622745364404119E-02
6034 3.260638523064068E-01
6035 9.158234871610485E-02
6036 8.590119140583145E-02
6037 -3.045243891840152E-02
6038 -2.731746513170475E-02
6039 3.932931296940424E-01
6040 5.095935469830616E-02
6041 4.606140696427000E-02
6042 4.001611542354421E-01
6043 2.471170451378140E-01
6044 4.054379703880820E-01
6045 3.460073561646609E-01
6046 3.347841892838404E-01
6047 1.157033642566834E-01
6048 2.306926530752012E-01
6049 2.043561919816807E-01
6050 -2.180494154082001E-02
6051 -2.700332208083917E-02
6052 2.743682860998333E-01
6053 2.674310519553120E-01
6054 2.816346952982497E-01
6055 2.931833345257130E-01
6056 -5.272149774922677E-03
6057 -5.774029371906035E-03
6058 2.168624404802681E-01
6059 6.327475934759359E-02
6060 5.878429949329513E-02
6061 4.118773110394092E-02
6062 1.973524626699284E-01
6063 1.916777042144794E-01
6064 1.844969759930716E-01
6065 -3.985642326982765E-03
6066 4.503401172329156E-01
6067 2.305759863535534E-02
6068 -6.167478978855236E-02
6069 3.776487917914450E-01
6070 1.346242289660629E-01
6071 1.460883008271145E-01
6072 2.175742790238578E-01
6073 3.773383244371908E-01
6074 3.694881868639982E-01
6075 3.859666458895535E-01
6076 8.422301994656979E-02
6077 5.460323872070445E-02
6078 6.336140246837571E-02
6079 6.253873141454791E-02
6080 2.810603413699832E-01
6081 3.084109381237809E-01
6082 3.012669910578431E-01
6083 -5.762943421210329E-02
6084 -5.463607591058633E-02
6085 4.048173083238587E-01
6086 4.087878513422072E-01
6087 4.075271742318463E-01
6088 2.665359646109567E-01
6089 -2.451327240992118E-02
6090 1.453504810933337E-03
6091 1.493496292491050E-04
6092 2.321154534040845E-01
6093 2.361696385999476E-01
6094 3.374566626454664E-01
6095 3.528041692145109E-01
6096 4.570766056298833E-01
6097 4.623242863436685E-01
6098 3.318565173694217E-01
6099 3.289784142340421E-01
6100 7.392826770951642E-02
6101 1.358990243284035E-01
6102 6.520478048805696E-03
6103 1.197201488488845E-02
6104 4.151061189615964E-01
6105 2.335648636843597E-01
6106 2.300910765622337E-01
6107 1.795312156931579E-01
6108 3.381762913849492E-01
6109 3.424388205779819E-01
6110 1.978266932640016E-02
6111 4.123864720472664E-01
6112 2.775286742038107E-01
6113 8.133633342990153E-02
6114 3.643738662286495E-01
6115 3.029662077005189E-01
6116 2.183422105296554E-03
6117 8.124985930984915E-02
6118 1.193218737516700E-02
6119 4.422404743356507E-01
6120 3.568565111385364E-01
6121 4.624623364053518E-01
6122 4.691907303859926E-01
6123 1.066366091837553E-01
6124 1.001815240763544E-01
6125 3.089789758432788E-01
6126 8.746423497411732E-02
6127 -4.996273111341563E-02
6128 4.002999790109398E-01
6129 8.901156290106030E-02
6130 9.831133639033714E-02
6131 4.422042536715571E-01
6132 5.585425000839153E-02
6133 2.248389266985494E-01
6134 2.295171799082338E-01
6135 3.857854486129875E-01
6136 3.834760006161070E-01
6137 4.432451783536885E-01
6138 4.708236531221355E-01
6139 -6.868374911204661E-04
6140 -3.665702547544929E-03
6141 1.329875399723323E-01
6142 3.659757003013984E-01
6143 3.571360232596289E-01
6144 3.895706414531675E-01
6145 3.850579780249063E-01
6146 1.177848943333303E-02
6147 4.768777783037590E-01
6148 1.312062332043318E-01
6149 2.935373486544350E-01
6150 4.338275214051314E-01
6151 2.071249918849205E-01
6152 2.190089528543280E-01
6153 6.608857701331275E-02
6154 -2.217021608542498E-02
6155 1.161225793245608E-01
6156 1.259738997643462E-01
6157 1.662670418544619E-01
6158 4.332934404305478E-01
6159 3.202928506271800E-01
6160 1.067045834846448E-02
6161 6.961427158850530E-03
6162 1.288628429887491E-01
6163 1.185164368397865E-01
6164 4.566302224238696E-02
6165 4.327457241243843E-01
6166 7.935821139288547E-02
6167 -8.985360230240339E-04
6168 1.992081006191773E-02
6169 2.499301274852225E-01
6170 2.367184721739689E-01
6171 2.409689061230813E-01
6172 4.018891378803124E-01
6173 3.697353390529594E-01
6174 3.623526715842487E-01
6175 3.702160284668661E-01
6176 4.540705326273512E-01
6177 4.002448363374064E-01
6178 2.254891801977125E-01
6179 2.182435498712731E-01
6180 2.294937539777964E-01
6181 3.670769925592394E-01
6182 1.826846296862341E-01
6183 1.945518723938787E-01
6184 2.483713481154633E-01
6185 1.339306691889115E-01
6186 2.147246082895229E-01
6187 2.864536787851783E-01
6188 1.961571099409108E-02
6189 -5.384450500494069E-02
6190 1.113606998323735E-01
6191 1.230363160076055E-01
6192 5.055318006846505E-01
6193 5.027481313837325E-01
6194 4.988331159614034E-01
6195 7.110791932825579E-02
6196 1.914875361851335E-01
6197 2.044588578400470E-01
6198 3.227453352502677E-01
6199 3.156217239478024E-01
6200 4.826828476084439E-01
6201 -2.190525181981076E-03
6202 -4.118118454595004E-03
6203 4.481472400729568E-01
6204 4.354289555807845E-01
6205 2.256498261821732E-01
6206 2.500077699757735E-01
6207 2.107937119401716E-01
6208 2.108255364622705E-01
6209 1.450272807309595E-01
6210 1.477939509837566E-01
6211 2.988379428365763E-01
6212 3.120406747570990E-01
6213 2.473321081977999E-01
6214 2.612596672205932E-01
6215 9.285658362131669E-02
6216 2.973547716744636E-03
6217 3.153324007648411E-01
6218 3.254783369809879E-01
6219 1.489641142508408E-01
6220 3.459101718407122E-01
6221 3.554865161235639E-01
6222 2.990158248678284E-01
6223 4.930498661441732E-02
6224 1.238113613913441E-01
6225 3.756542177320252E-01
6226 3.220535074533180E-01
6227 3.427952059142589E-01
6228 4.119062289862186E-02
6229 3.672641585702557E-02
6230 -3.064004206646328E-03
6231 4.563750079152854E-01
6232 2.957073797609150E-01
6233 2.891716230939065E-01
6234 3.645430952159577E-01
6235 3.755871651970217E-01
6236 9.187742604992151E-03
6237 1.053118955529037E-01
6238 3.301837812851535E-01
6239 1.645265698289534E-02
6240 8.488620923643254E-03
6241 3.581677665654277E-01
6242 -5.055576760387421E-02
6243 -4.648741882224445E-02
6244 1.676048251487997E-02
6245 1.317669722227321E-02
6246 6.039881894128023E-03
6247 1.384150445497418E-01
6248 1.523449252727239E-01
6249 2.073165137343250E-01
6250 2.082285944505840E-01
6251 3.120188660490527E-01
6252 8.755374089037100E-02
6253 9.852584783678212E-02
6254 -3.795611243909068E-02
6255 -2.796941340180928E-02
6256 2.115143185463164E-01
6257 1.965269484883703E-01
6258 4.890122323816219E-01
6259 4.940550796272780E-01
6260 4.495101115795911E-01
6261 1.698727591590712E-01
6262 4.416603743461679E-01
6263 3.964485877842136E-01
6264 3.933079338555875E-01
6265 5.761333558329734E-02
6266 5.470928420069522E-02
6267 2.355268868419239E-01
6268 2.408519422390525E-01
6269 -9.332123120083396E-04
6270 -1.804093544875371E-04
6271 4.190206744358997E-03
6272 2.528998027647938E-02
6273 2.462808378995349E-02
6274 1.300405906011102E-01
6275 -1.820019324870898E-03
6276 1.606398839429176E-03
6277 2.556904532559700E-01
6278 2.608620450344097E-01
6279 2.011793875274135E-02
6280 1.664366814580982E-02
6281 3.404526604416686E-02
6282 5.170884855428859E-01
6283 4.331486404873108E-01
6284 3.355042270537262E-01
6285 1.546923362796996E-01
6286 2.058047800028159E-01
6287 1.239217718911874E-01
6288 3.545090087438021E-01
6289 1.405497699052536E-01
6290 1.388929700713659E-01
6291 2.360671553001975E-01
6292 -6.062803815774102E-02
6293 5.163772803654900E-01
6294 3.932453979552547E-01
6295 3.949350545487493E-01
6296 2.441476062954409E-01
6297 3.371389392814122E-01
6298 -5.514381830687174E-03
6299 3.682750637982288E-01
6300 3.783572578375559E-01
6301 3.798112432619344E-01
6302 3.885116169826655E-01
6303 6.201694197858377E-03
6304 3.234555180447898E-01
6305 3.875649885495902E-01
6306 3.955396074766699E-01
6307 1.359057116197517E-01
6308 3.722203525773546E-01
6309 2.428101598985195E-01
6310 2.382308943257920E-01
6311 1.370800572221097E-01
6312 2.438948582027192E-02
6313 4.020222718744184E-01
6314 4.871878483686287E-02
6315 4.675255504122667E-01
6316 1.780260281337404E-01
6317 1.631564109595609E-01
6318 3.252927781185291E-01
6319 1.365603638114026E-01
6320 1.316132206678209E-01
6321 3.965070441674500E-01
6322 3.166944540563432E-01
6323 3.106316662998674E-01
6324 4.990798438675551E-01
6325 1.418935955924801E-01
6326 2.408217886512509E-01
6327 7.310060429717715E-03
6328 1.733148416544983E-01
6329 -5.983908857283413E-03
6330 9.535323743709124E-03
6331 1.735441359509436E-01
6332 3.765908049243716E-01
6333 -4.641511010014475E-03
6334 1.830623666082885E-02
6335 4.802896410524505E-01
6336 -5.646785578980754E-02
6337 1.398463988424352E-01
6338 5.133146104085171E-02
6339 4.798541793127677E-02
6340 4.030992154697992E-01
6341 4.288471462591218E-01
6342 4.248836234250055E-01
6343 3.504133038853150E-01
6344 3.437382267483012E-01
6345 4.709318992407081E-01
6346 7.453592924651785E-02
6347 3.551589850839033E-01
6348 2.015665065176072E-01
6349 4.377756773189284E-01
6350 1.386801961488884E-01
6351 5.115534646308546E-01
6352 5.176082170512292E-01
6353 5.166489083195163E-01
6354 4.517934102123283E-01
6355 2.154197905277911E-01
6356 1.071241276288629E-01
6357 1.174930274295449E-01
6358 1.095176856945635E-01
6359 1.125025926197982E-01
6360 1.212669553495471E-01
6361 -5.383376010825987E-02
6362 1.775342960794211E-01
6363 2.342136654832916E-01
6364 3.614781249358946E-01
6365 2.294550909615139E-01
6366 2.728565841345863E-01
6367 7.185091504628090E-02
6368 6.650753192373730E-02
6369 2.340943601526485E-01
6370 3.346588772279433E-01
6371 3.449566559730523E-01
6372 2.868838828996335E-01
6373 7.305378120206578E-02
6374 2.435779832193913E-01
6375 -5.405543940670283E-02
6376 1.315540198329934E-01
6377 2.931508371916147E-01
6378 8.265814798459223E-02
6379 2.961751881986959E-01
6380 2.063037949139645E-01
6381 8.385287084241758E-02
6382 9.249578974566529E-02
6383 3.608180763743767E-01
6384 3.283269579033717E-01
6385 1.269004563299959E-01
6386 7.833217116470614E-02
6387 1.274576590477905E-01
6388 3.114406230745584E-01
6389 8.212809064370440E-02
6390 3.603040163225187E-01
6391 3.666473724284395E-01
6392 1.951435035090981E-01
6393 2.595827961384564E-01
6394 1.909078608062597E-01
6395 3.537674095570645E-01
6396 1.745916605666012E-01
6397 1.855993176489442E-01
6398 2.278360970942015E-01
$EndNodeData
$NodeData
1
"S1"
1
0.0
3
0
1
6398
1 9.335919963248762E-01
2 7.654647085700926E-01
3 8.418428972031886E-01
4 8.418568953940461E-01
5 7.657012892294481E-01
6 9.337049100439637E-01
7 -1.994372200509530E+00
8 3.971565897794765E+00
9 -1.995711468664280E+00
10 3.972525365547011E+00
11 9.358704694485430E-01
12 9.420072579229485E-01
13 9.510041662603160E-01
14 9.619563153634991E-01
15 9.740494734395465E-01
16 9.862947647038734E-01
17 9.967849650487323E-01
18 1.002864701856176E+00
19 1.000762353186466E+00
20 9.339321582316746E-01
21 9.383533124490366E-01
22 9.458490018622718E-01
23 9.560088278381930E-01
24 9.677547036648456E-01
25 9.802731308453425E-01
26 9.927666578359809E-01
27 1.001791567959738E+00
28 1.006115614752924E+00
29 9.344869000150662E-01
30 6.028323966883352E-01
31 6.709323026536022E-01
32 7.242006387159302E-01
33 7.865069164151604E-01
34 8.647607390467466E-01
35 9.644661074090976E-01
36 1.089239622883579E+00
37 1.239194756453749E+00
38 1.410891160327086E+00
39 1.592336157059447E+00
40 1.760862216567667E+00
41 1.866551972487298E+00
42 1.884641130917491E+00
43 1.781762023597305E+00
44 1.570082884558274E+00
45 1.306469289638387E+00
46 1.063744618622130E+00
47 8.944368174698246E-01
48 5.918983307354863E-01
49 6.388741251008025E-01
50 6.959910634464180E-01
51 7.530222667554508E-01
52 8.232890396868316E-01
53 9.121794748907361E-01
54 1.024076923305016E+00
55 1.162030912628610E+00
56 1.324863834226402E+00
57 1.505305785050377E+00
58 1.684645536830125E+00
59 1.830355027640513E+00
60 1.898143638884768E+00
61 1.850698609302540E+00
62 1.685867042352944E+00
63 1.436480641923285E+00
64 1.176932328347330E+00
65 9.644809959856397E-01
66 8.533434217207946E-01
67 1.007106845428335E+00
68 1.001345179092455E+00
69 9.047456036608568E-01
70 7.927177187951573E-01
71 7.468308287582802E-01
72 7.929499841725994E-01
73 9.047756194683311E-01
74 1.001282088803856E+00
75 1.007111138195119E+00
76 9.298262189812334E-01
77 1.007017892013688E+00
78 9.521152188606657E-01
79 8.512437204147538E-01
80 7.681164864102971E-01
81 7.705444014746707E-01
82 8.523408452355694E-01
83 9.522312491559972E-01
84 1.006994897745568E+00
85 9.298463973574710E-01
86 8.944806885764686E-01
87 1.063648628275595E+00
88 1.306271079047973E+00
89 1.567660274989154E+00
90 1.779626468483726E+00
91 1.887553687868096E+00
92 1.873181841588045E+00
93 1.761227974955892E+00
94 1.595064073446244E+00
95 1.411821318144135E+00
96 1.238970547483698E+00
97 1.089586557063727E+00
98 9.659425495293167E-01
99 8.658928370526960E-01
100 7.867417294674383E-01
101 7.239522442931507E-01
102 6.704789970694646E-01
103 6.027857319496186E-01
104 8.533474390785684E-01
105 9.644427074134165E-01
106 1.176928558117611E+00
107 1.437440967387780E+00
108 1.685779406912882E+00
109 1.851129975198429E+00
110 1.899586571635744E+00
111 1.830248009026783E+00
112 1.685246232494564E+00
113 1.505217209841624E+00
114 1.325020501865987E+00
115 1.161821800443873E+00
116 1.023707115775847E+00
117 9.123836683777014E-01
118 8.227279890919508E-01
119 7.532777571004126E-01
120 6.958715563072665E-01
121 6.388967630648605E-01
122 5.923614183802643E-01
123 1.001957440313632E+00
124 1.003472507627851E+00
125 9.971370172063380E-01
126 9.865040991972355E-01
127 9.741800599979759E-01
128 9.619698700518521E-01
129 9.510086664678291E-01
130 9.420559701081360E-01
131 9.358826668514343E-01
132 9.335432334112000E-01
133 1.006262427593667E+00
134 1.001771242486507E+00
135 9.924104511551304E-01
136 9.802875311275534E-01
137 9.677420699282641E-01
138 9.559990704020630E-01
139 9.459429088198651E-01
140 9.382086158193493E-01
141 9.339820100407339E-01
142 9.205687207647618E-01
143 9.047871267013671E-01
144 8.925853202457730E-01
145 8.854034706081353E-01
146 8.831120173091550E-01
147 8.853886967777317E-01
148 8.925681026047437E-01
149 9.048423754860200E-01
150 9.206386010900006E-01
151 9.275138868289159E-01
152 9.128175902382557E-01
153 8.986152049785667E-01
154 8.889243791917907E-01
155 8.841603935584067E-01
156 8.841849139141010E-01
157 8.889466842672951E-01
158 8.986955393245747E-01
159 9.127273988598078E-01
160 9.274614291677559E-01
161 8.946692545783757E-01
162 9.207249043969572E-01
163 9.365985407422324E-01
164 9.460310130948554E-01
165 9.505946000430875E-01
166 9.513245650587061E-01
167 9.487487556688522E-01
168 9.434577986549635E-01
169 9.359895929190979E-01
170 9.268207509782526E-01
171 9.163357853729837E-01
172 9.051323552351609E-01
173 8.935514635206290E-01
174 8.822550455027051E-01
175 8.715710953521819E-01
176 8.620411565556467E-01
177 8.540424135486893E-01
178 8.480972139571682E-01
179 8.444430875266250E-01
180 8.431688057890415E-01
181 8.443752635163446E-01
182 8.481408302179916E-01
183 8.540403686304855E-01
184 8.619456198677525E-01
185 8.716245567302175E-01
186 8.822089234995413E-01
187 8.935906226643415E-01
188 9.051227645989064E-01
189 9.163560520366681E-01
190 9.268059610214320E-01
191 9.360674667400742E-01
192 9.434779608245718E-01
193 9.487392164139895E-01
194 9.513511131423910E-01
195 9.506901717956899E-01
196 9.460542635402015E-01
197 9.363438761098265E-01
198 9.202067874979712E-01
199 8.950494991728819E-01
200 8.515613845372794E-01
201 9.071983913966901E-01
202 9.285196559664040E-01
203 9.413610983797189E-01
204 9.481752210561863E-01
205 9.508605994634887E-01
206 9.499685446498616E-01
207 9.460986978104333E-01
208 9.394809900695924E-01
209 9.313928676008147E-01
210 9.216123282983331E-01
211 9.106726907398266E-01
212 8.993927318219883E-01
213 8.880152244002566E-01
214 8.771562730610195E-01
215 8.670519912798926E-01
216 8.582968505906750E-01
217 8.513028345546458E-01
218 8.465475975056584E-01
219 8.443026281539272E-01
220 8.440060760060870E-01
221 8.465544108718368E-01
222 8.514435699896891E-01
223 8.580581966444301E-01
224 8.670813009940601E-01
225 8.771900187880822E-01
226 8.880005043455662E-01
227 8.993673638960460E-01
228 9.107118808531950E-01
229 9.216220392495187E-01
230 9.313873494206251E-01
231 9.398557733166872E-01
232 9.461126017624275E-01
233 9.498151180747739E-01
234 9.510589302789476E-01
235 9.482773408051289E-01
236 9.408225273733686E-01
237 9.276186332574257E-01
238 9.067871256110818E-01
239 8.519914148828525E-01
240 -1.947579615815083E+00
241 -1.808078014716887E+00
242 -1.587525641640273E+00
243 -1.287945638085669E+00
244 -9.190418094798845E-01
245 -4.950377257085927E-01
246 -3.049270046088219E-02
247 4.576562523447938E-01
248 9.631095966355362E-01
249 1.455765479807049E+00
250 1.929838382821817E+00
251 2.376012866112520E+00
252 2.777526148979621E+00
253 3.127913565326545E+00
254 3.422400808843546E+00
255 3.655560683674802E+00
256 3.825288480458087E+00
257 3.931163350836304E+00
258 -1.963464819127480E+00
259 -1.871724572667044E+00
260 -1.688161998558965E+00
261 -1.429353509593999E+00
262 -1.096810658782186E+00
263 -6.984074165890531E-01
264 -2.527161125066670E-01
265 2.240662082548735E-01
266 7.186644879681706E-01
267 1.221674226128383E+00
268 1.705854821256805E+00
269 2.166760034491679E+00
270 2.589607647482146E+00
271 2.964897109253378E+00
272 3.287536956234064E+00
273 3.551706932848182E+00
274 3.748906483487083E+00
275 3.891030688142739E+00
276 3.958835916574386E+00
277 3.946624554596601E+00
278 3.854505662962467E+00
279 3.695178651241882E+00
280 3.469210103771355E+00
281 3.180643890913565E+00
282 2.829543863896272E+00
283 2.424541476197750E+00
284 1.973578318362556E+00
285 1.490250426463575E+00
286 9.831445662188285E-01
287 4.744347850714263E-01
288 -2.077020310947953E-02
289 -4.919141963139486E-01
290 -9.195256136108547E-01
291 -1.289575014154456E+00
292 -1.591506151187055E+00
293 -1.814166778050247E+00
294 -1.950483938007390E+00
295 3.970259855411412E+00
296 3.910890279765962E+00
297 3.786097677627069E+00
298 3.594672538725853E+00
299 3.337997677900742E+00
300 3.018286367901767E+00
301 2.639567958878035E+00
302 2.211090680803667E+00
303 1.743326781068684E+00
304 1.247414437406769E+00
305 7.391096026579015E-01
306 2.376795634798183E-01
307 -2.477546701265194E-01
308 -6.984869330858722E-01
309 -1.097886972993976E+00
310 -1.434879211325053E+00
311 -1.697650550472453E+00
312 -1.877497646350571E+00
313 -1.967335870961799E+00
314 -1.954763614323928E+00
315 -1.817400317000751E+00
316 -1.591770619744998E+00
317 -1.289257971247411E+00
318 -9.192131465489998E-01
319 -4.934995279174764E-01
320 -2.195205160724402E-02
321 4.766912509171672E-01
322 9.870198494650709E-01
323 1.488920016071948E+00
324 1.971931749518082E+00
325 2.427595885078117E+00
326 2.826715618252073E+00
327 3.180935672017692E+00
328 3.472984331854820E+00
329 3.696542727281836E+00
330 3.854380503849970E+00
331 3.946633952729199E+00
332 -1.968860874055260E+00
333 -1.890182859768811E+00
334 -1.699957048858540E+00
335 -1.433536544034394E+00
336 -1.097075585676144E+00
337 -6.989960270563234E-01
338 -2.514068253060383E-01
339 2.350963195797235E-01
340 7.426093545578288E-01
341 1.249377319786509E+00
342 1.741763599901120E+00
343 2.208833468156436E+00
344 2.636535608541778E+00
345 3.013389630265619E+00
346 3.337192257316882E+00
347 3.596597472094749E+00
348 3.783985840989425E+00
349 3.911773954432946E+00
350 3.966692973559387E+00
351 3.930902393715311E+00
352 3.825765305833088E+00
353 3.655077065669578E+00
354 3.421731411589390E+00
355 3.127758157990446E+00
356 2.777563390433327E+00
357 2.376064758220885E+00
358 1.932088429871278E+00
359 1.456265938443564E+00
360 9.624614466655065E-01
361 4.559663356714885E-01
362 -3.117126982472479E-02
363 -4.965251892727240E-01
364 -9.228114041594399E-01
365 -1.287854192145285E+00
366 -1.589539013912902E+00
367 -1.811316736642052E+00
368 -1.949045036598233E+00
369 3.962435510679887E+00
370 3.886230621519077E+00
371 3.752371368234495E+00
372 3.549679587967744E+00
373 3.286610746621807E+00
374 2.965007959895948E+00
375 2.589168162227515E+00
376 2.166411665620260E+00
377 1.705623283366880E+00
378 1.218387843733798E+00
379 7.151986501419902E-01
380 2.234654689654437E-01
381 -2.563060972954048E-01
382 -7.078999938286935E-01
383 -1.098703538144058E+00
384 -1.430584923823250E+00
385 -1.692549711677470E+00
386 -1.876210951857868E+00
387 -1.965078059523611E+00
388 9.240931605996366E-01
389 8.889943908705801E-01
390 8.587028831647903E-01
391 8.545912025779857E-01
392 8.797589349542965E-01
393 9.168652889234480E-01
394 9.368606389066161E-01
395 9.356998146404800E-01
396 9.412031618098441E-01
397 9.398720985860759E-01
398 9.291256151683758E-01
399 9.513229824653321E-01
400 8.876301714633821E-01
401 8.834712119417033E-01
402 9.246205688046319E-01
403 9.516383632290893E-01
404 8.714004154778557E-01
405 9.062593553472439E-01
406 8.513967105126665E-01
407 8.642617083061337E-01
408 8.981880493077588E-01
409 8.980418669768296E-01
410 9.139503298253223E-01
411 9.435834819589578E-01
412 9.331719873945469E-01
413 9.106285121448741E-01
414 9.273893742515774E-01
415 8.940782802620967E-01
416 9.133199118009081E-01
417 9.028437010955518E-01
418 8.929182000718831E-01
419 8.961302976461406E-01
420 8.895160293131116E-01
421 8.919206391874132E-01
422 8.874570908493657E-01
423 8.909346935480408E-01
424 8.954751893264903E-01
425 8.858453657971380E-01
426 8.839326039903530E-01
427 8.816938402836949E-01
428 8.812848452242186E-01
429 8.780868450477757E-01
430 8.798192924099455E-01
431 8.770934611244243E-01
432 8.799891147628355E-01
433 8.776758264074955E-01
434 8.817166968398893E-01
435 8.815612277589744E-01
436 8.849997222879277E-01
437 8.867982203912028E-01
438 8.892448794729232E-01
439 8.928384937756609E-01
440 8.938317321677157E-01
441 8.909310273768156E-01
442 8.954337692497888E-01
443 8.989157057226782E-01
444 8.938049762711743E-01
445 9.006024962338254E-01
446 9.030700685028953E-01
447 8.821398212324639E-01
448 8.968302982618356E-01
449 9.008332942839102E-01
450 8.996709638799978E-01
451 9.040019960755491E-01
452 9.056224777382081E-01
453 9.051141189442110E-01
454 9.078725262326245E-01
455 8.831122259495210E-01
456 9.078808125447210E-01
457 9.075206191581408E-01
458 9.096010048812714E-01
459 8.813853307332444E-01
460 8.889711008546261E-01
461 8.733789245546130E-01
462 9.101640609200190E-01
463 9.101395667254395E-01
464 9.068084796174842E-01
465 8.765972165388648E-01
466 9.043646383258275E-01
467 8.990726816776188E-01
468 8.909671407552244E-01
469 8.982468946650816E-01
470 9.144821008664240E-01
471 9.133814318340953E-01
472 8.926332093926446E-01
473 8.993453281720698E-01
474 8.871258740237055E-01
475 9.138564521661835E-01
476 9.145582025655438E-01
477 9.119039148394968E-01
478 9.097960516653848E-01
479 9.142402009118059E-01
480 9.135145623011477E-01
481 9.169913753952347E-01
482 9.132046922179075E-01
483 9.136012128340285E-01
484 9.189431974609817E-01
485 8.981247837340728E-01
486 8.727616831783953E-01
487 8.672503365746981E-01
488 8.690310505044052E-01
489 8.680150843536234E-01
490 8.811336206992030E-01
491 8.847164403843523E-01
492 8.748568081266767E-01
493 8.982606946718551E-01
494 8.874923107217924E-01
495 8.782207120799201E-01
496 8.791071051169328E-01
497 8.857667909959908E-01
498 9.077596185987579E-01
499 9.146807280121109E-01
500 9.109250066384380E-01
501 9.164841568975371E-01
502 9.297976725417083E-01
503 8.885647072933466E-01
504 9.278054543078293E-01
505 9.081772128279134E-01
506 9.014344215630635E-01
507 8.833926949182445E-01
508 8.825696551591569E-01
509 8.982934481315988E-01
510 9.153224765114509E-01
511 9.103797838508013E-01
512 9.199424053114337E-01
513 9.061746041014862E-01
514 9.150288522391952E-01
515 8.883312716355146E-01
516 9.199664913341309E-01
517 9.462958805542891E-01
518 9.259566333342928E-01
519 9.226219880744098E-01
520 9.103986026998478E-01
521 9.338011063291761E-01
522 9.192085516787790E-01
523 9.463455534993209E-01
524 8.840350729641782E-01
525 9.513903171318807E-01
526 9.520525609578456E-01
527 8.809530881148641E-01
528 8.881427689867269E-01
529 9.261440199471908E-01
530 9.014070918786025E-01
531 9.148641660221722E-01
532 9.264356201844666E-01
533 9.250029146153934E-01
534 8.855194283846471E-01
535 8.840452672627439E-01
536 9.350735952917113E-01
537 8.848678784407648E-01
538 9.260657938125622E-01
539 9.191088599297723E-01
540 9.080516895192163E-01
541 9.112644773455121E-01
542 9.342271453743475E-01
543 8.725055351832759E-01
544 9.002121708050241E-01
545 9.082386761065071E-01
546 9.272396185960705E-01
547 9.306828210163368E-01
548 9.136411276665445E-01
549 9.156259746668393E-01
550 9.240425021768580E-01
551 8.974913746068616E-01
552 8.642023914893300E-01
553 8.816215805552041E-01
554 8.545740241111738E-01
555 8.525370068216599E-01
556 8.616374282112517E-01
557 8.647539045776478E-01
558 8.571827939943921E-01
559 8.721580050592413E-01
560 8.893276089037614E-01
561 9.058605153416137E-01
562 9.271004681255572E-01
563 9.067468368682828E-01
564 8.731438717951847E-01
565 9.084892852463060E-01
566 9.281664088019417E-01
567 8.930202131033507E-01
568 9.289074123635191E-01
569 8.823496976157442E-01
570 9.247439642666735E-01
571 8.870476071851261E-01
572 8.811084739144804E-01
573 8.829764722302511E-01
574 9.231089702279930E-01
575 9.370966023107398E-01
576 9.238742612486543E-01
577 8.634791586790370E-01
578 9.280516515492829E-01
579 8.919480838421758E-01
580 8.960996988355708E-01
581 8.945492339048365E-01
582 9.046850448730223E-01
583 8.598199266832574E-01
584 8.707924664612037E-01
585 8.674740541167250E-01
586 8.848050293530700E-01
587 9.399494853592950E-01
588 8.782255657214166E-01
589 9.379969294970815E-01
590 8.840155367302197E-01
591 9.268538650938301E-01
592 9.255724665769874E-01
593 9.202615149103226E-01
594 8.906777925477497E-01
595 9.252410821834524E-01
596 9.054773362048537E-01
597 8.935436440789891E-01
598 9.258567348489213E-01
599 9.081945118156243E-01
600 9.055718053360383E-01
601 8.797327676063551E-01
602 8.729121254528672E-01
603 8.799426573602759E-01
604 9.136737884374334E-01
605 8.808022185610517E-01
606 8.821342446579862E-01
607 8.733306604595453E-01
608 9.390736001968999E-01
609 8.864758971763080E-01
610 9.115905144469437E-01
611 9.150772982607590E-01
612 9.280038733150973E-01
613 8.744543870396526E-01
614 8.855469621172704E-01
615 9.165326726732362E-01
616 9.184267153616190E-01
617 9.029569728693856E-01
618 8.949915910789402E-01
619 8.963105596728885E-01
620 9.245473616317030E-01
621 8.832721820074652E-01
622 9.249343405103039E-01
623 9.197149067967993E-01
624 9.163464064073992E-01
625 9.105970161174368E-01
626 9.019685348234119E-01
627 8.982177208329929E-01
628 9.017739603443095E-01
629 8.686998400894690E-01
630 8.642102979984494E-01
631 8.685828289231211E-01
632 9.042166465536516E-01
633 9.031551873406219E-01
634 8.972518520225135E-01
635 9.052657354121089E-01
636 9.050025003416091E-01
637 9.006571297610728E-01
638 9.065779409083224E-01
639 9.021962292311427E-01
640 9.201431528748333E-01
641 9.151422586105120E-01
642 9.210498772874107E-01
643 9.277587478696848E-01
644 9.188998901318867E-01
645 8.877825815608646E-01
646 8.857718721735524E-01
647 8.857114769012930E-01
648 9.202438962033210E-01
649 9.212469099111276E-01
650 9.142214739188373E-01
651 8.845209926912712E-01
652 8.831673747010360E-01
653 8.835259879433333E-01
654 8.605412380968175E-01
655 8.611268562543511E-01
656 9.359054119620904E-01
657 9.274709479044850E-01
658 9.371014273537546E-01
659 9.201630820165475E-01
660 9.178648426665870E-01
661 9.127266409090974E-01
662 9.170460608716440E-01
663 9.169797144833287E-01
664 9.126575979993865E-01
665 9.088275950946832E-01
666 9.127082637754153E-01
667 9.114614530659046E-01
668 8.834218976401410E-01
669 8.822770074633266E-01
670 9.124271135261086E-01
671 9.131180589041940E-01
672 9.150537450244689E-01
673 9.074792637468138E-01
674 9.059990717842299E-01
675 8.857513267928853E-01
676 8.865219983372941E-01
677 8.841474535386801E-01
678 9.088582717543353E-01
679 9.104143103539925E-01
680 9.294356375066358E-01
681 9.078789476851608E-01
682 8.854064128110131E-01
683 8.837910769950461E-01
684 9.215274069547572E-01
685 9.201671127002735E-01
686 8.878171189209320E-01
687 8.878283417247779E-01
688 8.910265078725064E-01
689 8.861761512894649E-01
690 8.883304995919266E-01
691 8.899153675987241E-01
692 8.869812599197890E-01
693 9.143476204702230E-01
694 9.174871404735354E-01
695 9.030724477922549E-01
696 9.098286583514900E-01
697 9.077574742203804E-01
698 9.003429258158950E-01
699 8.571687240527170E-01
700 8.559951605310605E-01
701 8.607989398096699E-01
702 8.801566844769440E-01
703 8.762172555644652E-01
704 8.767443889499351E-01
705 9.200228502606596E-01
706 9.269390658015704E-01
707 8.853646958686092E-01
708 8.899855544460267E-01
709 8.860581100025495E-01
710 8.899261681489568E-01
711 8.879240003776045E-01
712 8.906044265432211E-01
713 9.209002140025212E-01
714 8.832806458184845E-01
715 9.281944262477362E-01
716 9.194108278693647E-01
717 8.922167212217471E-01
718 8.911900556239597E-01
719 8.844354559386584E-01
720 8.868734298629121E-01
721 8.943773529191230E-01
722 8.942109985551459E-01
723 8.812589181134034E-01
724 8.815738881316151E-01
725 8.818593931453074E-01
726 8.591410420477930E-01
727 8.617193367478496E-01
728 8.569935384483136E-01
729 9.280384759554381E-01
730 9.342307713048816E-01
731 9.307394570869387E-01
732 9.096124500215432E-01
733 9.041004904821436E-01
734 9.086219909916973E-01
735 9.155689001901697E-01
736 9.089324450732954E-01
737 8.817538002737170E-01
738 8.822260399515113E-01
739 9.078531819276070E-01
740 9.090519575785623E-01
741 9.306994583484054E-01
742 9.269612425903082E-01
743 9.227543557050597E-01
744 9.206190595185568E-01
745 9.219836977598272E-01
746 9.158190429859281E-01
747 8.767506329760235E-01
748 8.719726337342948E-01
749 9.034936825108215E-01
750 9.046504945887173E-01
751 9.004547435744001E-01
752 8.955221594706452E-01
753 8.930971129958873E-01
754 8.519686748085638E-01
755 8.557622088177488E-01
756 9.055829626501548E-01
757 9.081088056414728E-01
758 9.004472124278964E-01
759 8.865926620543774E-01
760 8.843659991357132E-01
761 9.191751015097545E-01
762 9.252886868386772E-01
763 8.812807696011782E-01
764 8.798222134812703E-01
765 9.168238546639681E-01
766 9.285789687287671E-01
767 9.032767647212998E-01
768 9.412530906471659E-01
769 9.557748169434823E-01
770 9.014759884303198E-01
771 9.065988412779412E-01
772 8.790835840171547E-01
773 8.755431027191947E-01
774 8.779989544869389E-01
775 8.842427045814172E-01
776 8.811722611404031E-01
777 8.840311328695387E-01
778 8.963461580602449E-01
779 8.958221732660940E-01
780 8.987169922193441E-01
781 8.529636680463993E-01
782 8.732520459253853E-01
783 8.703371268709711E-01
784 8.698401769170092E-01
785 8.978291607878814E-01
786 8.994851854902705E-01
787 8.946325520423051E-01
788 8.805996316185160E-01
789 8.814531726431176E-01
790 8.783788543073681E-01
791 9.109527602648025E-01
792 9.105230340134918E-01
793 8.971930992705486E-01
794 8.979688258834952E-01
795 8.941136476096394E-01
796 8.895162499616449E-01
797 8.915779580069469E-01
798 8.891322415090102E-01
799 9.099646817825389E-01
800 9.149745858980980E-01
801 8.774576162090535E-01
802 8.750104487013660E-01
803 8.751072736529761E-01
804 8.926992531058170E-01
805 8.940402320304868E-01
806 8.908028166034884E-01
807 8.946098467818799E-01
808 8.985888642182344E-01
809 8.833445611370200E-01
810 8.829963956540765E-01
811 8.830038305354022E-01
812 9.057492857390370E-01
813 9.114604183223030E-01
814 9.094638887704614E-01
815 8.929997079134737E-01
816 8.962483811072162E-01
817 8.939550408448865E-01
818 8.985556243417621E-01
819 9.028636910306860E-01
820 9.006281487108629E-01
821 8.798508204380115E-01
822 8.802514531390628E-01
823 8.779858864376413E-01
824 9.226461982532848E-01
825 9.249089650623400E-01
826 9.062665015386584E-01
827 9.091038060112611E-01
828 9.110110074565625E-01
829 9.095844290772456E-01
830 9.131777105721808E-01
831 9.142156422799199E-01
832 9.361473387777791E-01
833 9.314813715118915E-01
834 9.383661439113899E-01
835 9.108438771953962E-01
836 9.120281166046422E-01
837 9.154522500379237E-01
838 9.082468050759774E-01
839 9.120949843379083E-01
840 8.796852704337893E-01
841 8.769716248850132E-01
842 8.791885434968967E-01
843 9.148463882619684E-01
844 9.187762853951111E-01
845 9.209343234839118E-01
846 8.776252932647997E-01
847 8.757340389496560E-01
848 8.750789854571492E-01
849 8.837166213450163E-01
850 8.847769461423850E-01
851 8.821500221417239E-01
852 8.730982991427653E-01
853 8.756446261451933E-01
854 8.896750128421897E-01
855 8.897261191848465E-01
856 9.246658955929588E-01
857 9.265243530384164E-01
858 8.898856023498747E-01
859 8.886330654603388E-01
860 8.921972180170776E-01
861 8.678380423902744E-01
862 8.703587397068198E-01
863 9.007448851951263E-01
864 9.021431921711883E-01
865 9.042218069949647E-01
866 9.256387060812770E-01
867 9.211896398451509E-01
868 9.048332331582869E-01
869 9.013569297081649E-01
870 9.053414362113390E-01
871 9.086740261594942E-01
872 9.177713553956719E-01
873 9.225860474544266E-01
874 9.235507286674547E-01
875 8.951903270558015E-01
876 8.906155680231509E-01
877 8.916655581970071E-01
878 9.056780687318976E-01
879 9.034803526461979E-01
880 9.064129349427794E-01
881 9.085501193103934E-01
882 9.014829198872645E-01
883 9.090085614320432E-01
884 9.019800346988562E-01
885 8.964892936339403E-01
886 9.003847650854969E-01
887 9.425105406460470E-01
888 9.526116143400016E-01
889 9.385344637622330E-01
890 9.376514605906057E-01
891 9.223506711578651E-01
892 9.169015526391423E-01
893 9.184614961935316E-01
894 9.099823349679612E-01
895 9.130257820898415E-01
896 8.868566350665908E-01
897 9.429955877170406E-01
898 9.329561754917028E-01
899 9.020305851079984E-01
900 9.044012592692471E-01
901 8.885802046205902E-01
902 9.509055866970673E-01
903 9.545297612863191E-01
904 8.912497508975524E-01
905 9.099051682031929E-01
906 8.982444146450814E-01
907 9.686001026488147E-01
908 9.692007324350410E-01
909 8.938481209807820E-01
910 8.983459631767388E-01
911 9.256400831212517E-01
912 9.200998057563021E-01
913 9.129445446967210E-01
914 9.148388425869285E-01
915 9.113330698246678E-01
916 9.115021489331715E-01
917 9.144558374003722E-01
918 9.170716173338114E-01
919 8.692501339451357E-01
920 8.724353249981850E-01
921 8.834696858432810E-01
922 8.862656012239004E-01
923 8.710173295780650E-01
924 8.683398295861714E-01
925 8.841166906286093E-01
926 8.823939964186216E-01
927 9.120677211907795E-01
928 9.126564452209740E-01
929 9.107342138254231E-01
930 9.008391551220958E-01
931 9.008905117279721E-01
932 9.106162070532091E-01
933 9.199008839561461E-01
934 8.761909671909780E-01
935 8.763976712771993E-01
936 9.231611677214829E-01
937 9.127020335394653E-01
938 9.393243954516015E-01
939 9.248042363491010E-01
940 9.340538641204026E-01
941 9.177352390829998E-01
942 8.749740308888772E-01
943 9.275645636726033E-01
944 8.833090739718068E-01
945 8.832882979876979E-01
946 9.089518296908694E-01
947 8.654183494500413E-01
948 8.642269000468696E-01
949 8.832955208664316E-01
950 9.348619731464414E-01
951 9.389772833771637E-01
952 9.307338938572408E-01
953 9.018123271317808E-01
954 9.157488687227826E-01
955 8.952873251957985E-01
956 9.077744297341575E-01
957 8.760693991380595E-01
958 8.759897851772931E-01
959 9.397319183974659E-01
960 9.393779614329523E-01
961 9.292959274951849E-01
962 9.077412350680434E-01
963 9.091465702181578E-01
964 9.115763024747043E-01
965 9.140212094849949E-01
966 9.636136948035242E-01
967 8.900825389844180E-01
968 9.041512010470736E-01
969 8.987258659242678E-01
970 8.998466403523693E-01
971 9.021473803928062E-01
972 8.836761761557120E-01
973 8.796787054345263E-01
974 8.963746349415270E-01
975 8.938837045758961E-01
976 9.171033881304176E-01
977 8.882225444638756E-01
978 8.907986553159060E-01
979 8.833698994882906E-01
980 8.856491604723684E-01
981 9.124470860347076E-01
982 9.138920001949168E-01
983 9.112893098216660E-01
984 8.858409249631296E-01
985 9.122843832424955E-01
986 9.123493907552709E-01
987 9.169598496034899E-01
988 9.036497110408254E-01
989 8.939453273941739E-01
990 8.882353947147892E-01
991 8.850930580015905E-01
992 8.904757370028735E-01
993 9.002496365389838E-01
994 9.022516058598884E-01
995 9.046645947680569E-01
996 9.073894873091761E-01
997 9.164375704894920E-01
998 9.151954140026266E-01
999 8.949483477530096E-01
1000 9.499948287484047E-01
1001 9.289176588764620E-01
1002 8.797085711933871E-01
1003 8.814867922409974E-01
1004 8.784012607912798E-01
1005 8.788225738199434E-01
1006 8.741238463391565E-01
1007 8.683353786814729E-01
1008 8.847290809876105E-01
1009 8.830300193247221E-01
1010 8.788076423822653E-01
1011 8.785204619754606E-01
1012 8.813081934496418E-01
1013 8.798902693122577E-01
1014 8.948192683940241E-01
1015 8.971504147744871E-01
1016 9.214718362683558E-01
1017 9.632835267921505E-01
1018 9.515647906956672E-01
1019 9.464602112864784E-01
1020 8.959141452839257E-01
1021 9.110064110289382E-01
1022 9.173602826009737E-01
1023 9.133287825967737E-01
1024 9.681595359663508E-01
1025 9.628999127597179E-01
1026 9.458544179570760E-01
1027 9.054252284173314E-01
1028 9.060679453946334E-01
1029 9.544647883743890E-01
1030 9.437250370155494E-01
1031 9.702707901662849E-01
1032 9.702498253494690E-01
1033 9.646367965119952E-01
1034 9.689611572316388E-01
1035 9.525534348266766E-01
1036 9.215771826912011E-01
1037 9.208347526546168E-01
1038 9.180898485104910E-01
1039 9.143487050976903E-01
1040 9.221840067326998E-01
1041 9.490714764146250E-01
1042 9.599230951930434E-01
1043 9.492099137847348E-01
1044 9.393179094819321E-01
1045 8.635162192411230E-01
1046 9.366080156678857E-01
1047 9.342259143178178E-01
1048 9.383842683286561E-01
1049 9.099529079737381E-01
1050 9.091306167788917E-01
1051 9.459488801065631E-01
1052 9.725639787616696E-01
1053 9.236329240313130E-01
1054 8.867865247419343E-01
1055 8.845965329606390E-01
1056 8.579649992777263E-01
1057 8.632719567498297E-01
1058 8.596626030298140E-01
1059 8.666384656372039E-01
1060 9.321050685942649E-01
1061 9.332584974682161E-01
1062 8.935784353867671E-01
1063 8.956416413806046E-01
1064 8.988925355729739E-01
1065 9.048326737439014E-01
1066 9.185494802490877E-01
1067 9.141127498844708E-01
1068 9.038009881987086E-01
1069 9.378605090706089E-01
1070 9.331413968100442E-01
1071 9.304200868533277E-01
1072 8.877069631035976E-01
1073 8.907357906232627E-01
1074 8.922895188527837E-01
1075 9.272318561645181E-01
1076 9.241736467317937E-01
1077 9.120957662989762E-01
1078 9.100624915825928E-01
1079 8.985529450925616E-01
1080 9.019447733330043E-01
1081 9.147015586758080E-01
1082 9.231545948938802E-01
1083 9.617954244068259E-01
1084 9.084854758765598E-01
1085 9.048601131427088E-01
1086 8.977831285312956E-01
1087 9.365531428659076E-01
1088 9.075146328947388E-01
1089 9.048500091834264E-01
1090 8.915251970381561E-01
1091 8.973284760792799E-01
1092 8.871907751539572E-01
1093 9.600642597669979E-01
1094 9.730112345820312E-01
1095 9.192122800106239E-01
1096 9.109838693722982E-01
1097 9.154237707893261E-01
1098 9.260243649192585E-01
1099 9.197196443591114E-01
1100 9.228874764017252E-01
1101 9.121779542965784E-01
1102 9.431812061986784E-01
1103 9.096405671941010E-01
1104 9.023307175961816E-01
1105 8.837441048607911E-01
1106 8.831700829389575E-01
1107 8.856068229662810E-01
1108 8.834313448491409E-01
1109 8.868599934732144E-01
1110 8.859486528650682E-01
1111 8.880926447287880E-01
1112 9.391824479820495E-01
1113 9.005662356125470E-01
1114 8.981526486306278E-01
1115 8.835275735793442E-01
1116 8.829006031525710E-01
1117 8.883364590026457E-01
1118 9.024935600333444E-01
1119 9.167192608545501E-01
1120 8.775050866489709E-01
1121 8.803020306418456E-01
1122 9.294651647069407E-01
1123 8.931044497033170E-01
1124 8.810068531794706E-01
1125 8.799899135929030E-01
1126 9.314773743979217E-01
1127 9.386518840883493E-01
1128 9.329150365033669E-01
1129 8.874193338973921E-01
1130 8.639102431477614E-01
1131 8.805892938117331E-01
1132 9.198199249993912E-01
1133 8.859382737256019E-01
1134 8.825590350881556E-01
1135 9.015575798102264E-01
1136 9.011401960695635E-01
1137 9.140066374828277E-01
1138 9.244113193912150E-01
1139 9.109678892581459E-01
1140 8.825003676945302E-01
1141 8.917808902214526E-01
1142 8.944131694291944E-01
1143 8.655984615617496E-01
1144 9.035859332830337E-01
1145 9.086139897602973E-01
1146 9.037754463078179E-01
1147 8.863911184953444E-01
1148 8.847699147459573E-01
1149 8.854979302765067E-01
1150 9.256012547739672E-01
1151 9.174742565986976E-01
1152 8.560663968011368E-01
1153 9.208920450369861E-01
1154 9.136701311392939E-01
1155 9.137156821829567E-01
1156 9.368435600193039E-01
1157 8.874046425710870E-01
1158 9.276653762258855E-01
1159 9.223011028325577E-01
1160 9.365261774607426E-01
1161 9.311267381298286E-01
1162 8.949462614891123E-01
1163 9.078973707895199E-01
1164 9.159369751262552E-01
1165 9.244244569190807E-01
1166 9.307749190801144E-01
1167 9.355948097349462E-01
1168 9.400683151209643E-01
1169 9.373306795878814E-01
1170 9.402402332688042E-01
1171 9.427009086755866E-01
1172 8.864856756268269E-01
1173 9.375625785310204E-01
1174 8.848508196903293E-01
1175 9.315953797744085E-01
1176 9.304385164515898E-01
1177 9.299146673428416E-01
1178 9.309905206186645E-01
1179 9.438737063830294E-01
1180 9.429929977034155E-01
1181 8.735484428944442E-01
1182 8.762032839379170E-01
1183 8.882779165936845E-01
1184 8.905181002664837E-01
1185 8.894135581475302E-01
1186 9.399159470018119E-01
1187 9.419696799376261E-01
1188 9.472860214130620E-01
1189 9.296984577398748E-01
1190 9.257350068897214E-01
1191 9.367058702268916E-01
1192 9.335835664011709E-01
1193 9.204494497237160E-01
1194 9.208465250339601E-01
1195 9.163390485125460E-01
1196 9.318704011910870E-01
1197 9.350640951679668E-01
1198 8.737260029933143E-01
1199 8.730079803950015E-01
1200 8.978413868230580E-01
1201 9.109524217186884E-01
1202 9.060364633120577E-01
1203 9.206018215922606E-01
1204 9.257291526726084E-01
1205 9.298413521339829E-01
1206 9.009981713733928E-01
1207 8.958275040830656E-01
1208 8.922889584022784E-01
1209 8.930853484363148E-01
1210 9.188236502747067E-01
1211 8.910298797313941E-01
1212 8.856987727301302E-01
1213 9.310995577659946E-01
1214 9.368324524147336E-01
1215 8.815955748634081E-01
1216 8.767910547865025E-01
1217 8.711349469718189E-01
1218 8.668649378230338E-01
1219 8.627625079699190E-01
1220 8.591766514274846E-01
1221 8.560821902087501E-01
1222 8.534085650891599E-01
1223 8.510868265166678E-01
1224 8.494466442483364E-01
1225 8.476931112421208E-01
1226 8.471233468702897E-01
1227 8.477148299552124E-01
1228 8.482616788609294E-01
1229 8.493827181267508E-01
1230 8.510830326885163E-01
1231 8.526451432391476E-01
1232 8.552911943093445E-01
1233 8.592941017808500E-01
1234 8.628390367742038E-01
1235 8.672323596657194E-01
1236 8.714779735247395E-01
1237 8.758127256568056E-01
1238 8.806466033721393E-01
1239 8.859606021149383E-01
1240 8.911085670614773E-01
1241 8.960755527211858E-01
1242 9.014263607312377E-01
1243 9.058347831837941E-01
1244 9.108128875981228E-01
1245 9.168794139282143E-01
1246 9.215317907305176E-01
1247 9.147075400737159E-01
1248 9.312193478675337E-01
1249 8.845568901938082E-01
1250 8.854956826588611E-01
1251 8.873678278104180E-01
1252 8.933483382689562E-01
1253 8.965496743072884E-01
1254 8.958692653036384E-01
1255 9.149720273575327E-01
1256 8.504325990749972E-01
1257 8.810804440122593E-01
1258 9.402351466673249E-01
1259 8.817230527800960E-01
1260 9.201205562885459E-01
1261 9.191739509596726E-01
1262 9.260754891680663E-01
1263 8.805880315253596E-01
1264 8.499778709675208E-01
1265 9.260175268215987E-01
1266 9.260830174310324E-01
1267 9.312369915448760E-01
1268 9.276647340715521E-01
1269 9.233279717806601E-01
1270 9.377778877491603E-01
1271 9.283636182219106E-01
1272 9.427815278181872E-01
1273 9.406362936486055E-01
1274 8.821049718283553E-01
1275 8.824993441014337E-01
1276 9.291891440797814E-01
1277 9.158885040051038E-01
1278 8.824004227925780E-01
1279 9.041103514824693E-01
1280 9.070509166340677E-01
1281 9.094206772219133E-01
1282 9.143974825737222E-01
1283 9.039791026311663E-01
1284 9.078453508449169E-01
1285 8.841761239164286E-01
1286 8.836069659615493E-01
1287 8.968312851546506E-01
1288 9.000269430925922E-01
1289 8.902480455611939E-01
1290 9.283625540563933E-01
1291 8.939478903144742E-01
1292 8.818909412229577E-01
1293 8.810177593823623E-01
1294 9.283298721390992E-01
1295 8.806437068336999E-01
1296 8.812267013160245E-01
1297 9.206112522704086E-01
1298 8.924364121089118E-01
1299 8.912772204962138E-01
1300 8.899656735937009E-01
1301 9.315311171194403E-01
1302 9.127353721168553E-01
1303 9.181608162252062E-01
1304 8.907968127369510E-01
1305 8.899562382971644E-01
1306 9.212656494127079E-01
1307 9.184486601165449E-01
1308 8.956845064255722E-01
1309 9.210930192717637E-01
1310 9.258332257438446E-01
1311 8.958571633671901E-01
1312 8.947244194783820E-01
1313 8.989582798419963E-01
1314 8.953716307599853E-01
1315 8.829958840761550E-01
1316 8.712114745439609E-01
1317 8.940528139401915E-01
1318 9.093293238091670E-01
1319 8.765959412541497E-01
1320 8.679563322977280E-01
1321 8.616266447042267E-01
1322 8.568578063771679E-01
1323 8.538577022621092E-01
1324 8.846041719785636E-01
1325 9.113028193965289E-01
1326 9.206873435990625E-01
1327 8.831063685665461E-01
1328 8.718398535184814E-01
1329 9.452183769030836E-01
1330 9.459635634095662E-01
1331 9.443343937664412E-01
1332 9.336734941787204E-01
1333 8.880366490135274E-01
1334 8.861602512043680E-01
1335 8.788773424817798E-01
1336 8.763384186462312E-01
1337 8.757570967385451E-01
1338 9.290500794156789E-01
1339 9.072881193786038E-01
1340 9.061634163045282E-01
1341 8.822611604290245E-01
1342 8.834028831851347E-01
1343 8.805568925803352E-01
1344 8.803931417897328E-01
1345 8.608400384458880E-01
1346 9.087566794682636E-01
1347 9.373589329875467E-01
1348 9.442203680127421E-01
1349 9.057766701855972E-01
1350 8.935271266790032E-01
1351 8.889378487188966E-01
1352 9.449028351221175E-01
1353 8.962258773728247E-01
1354 9.059207538862671E-01
1355 9.187975948393865E-01
1356 9.272283331643911E-01
1357 8.706003861942608E-01
1358 9.321317910180841E-01
1359 9.333878219167342E-01
1360 8.845348273820761E-01
1361 8.950625404554180E-01
1362 8.843999165168992E-01
1363 8.828665288804272E-01
1364 8.924148089766133E-01
1365 8.689615324974556E-01
1366 8.711838233548831E-01
1367 8.736780117208494E-01
1368 8.671653872722414E-01
1369 8.656378801650408E-01
1370 8.694958567313393E-01
1371 9.450657153030144E-01
1372 8.749659650916175E-01
1373 9.223931971884685E-01
1374 9.383599534964551E-01
1375 9.314797139334396E-01
1376 8.655950296374144E-01
1377 8.631419907107625E-01
1378 8.835463236369691E-01
1379 9.044189721987825E-01
1380 9.133847262042485E-01
1381 9.145095700299199E-01
1382 9.331077742126455E-01
1383 9.009022731845790E-01
1384 8.842366788210481E-01
1385 9.336956535094869E-01
1386 8.718883607422314E-01
1387 8.686455729382005E-01
1388 8.703693149508094E-01
1389 8.823597684649225E-01
1390 8.825493084882603E-01
1391 8.719360763155367E-01
1392 8.836113213487493E-01
1393 8.840329240314575E-01
1394 8.827421368285489E-01
1395 1.194561766550214E+00
1396 1.187307340824276E+00
1397 -4.858005529667404E-01
1398 -4.733617391620260E-01
1399 2.412725579395536E+00
1400 2.364848256893997E+00
1401 -1.356718191287492E+00
1402 -1.335980962492344E+00
1403 9.390537018513460E-01
1404 9.395126625777336E-01
1405 3.258167386670773E+00
1406 3.316949912225020E+00
1407 3.657416282734312E+00
1408 3.647549744308701E+00
1409 3.442926787624530E+00
1410 3.398743039537675E+00
1411 2.707469735323348E+00
1412 2.709096354707526E+00
1413 1.568215188381550E+00
1414 1.584323561303109E+00
1415 3.161127332881358E-01
1416 3.352389000193999E-01
1417 -8.109138264405752E-01
1418 -8.047829879480908E-01
1419 -1.438699886685336E+00
1420 -1.475235362164310E+00
1421 8.856287273216795E-01
1422 8.863286596731444E-01
1423 8.394783667677934E-01
1424 8.407996042484273E-01
1425 1.197112219821347E+00
1426 1.201593675833556E+00
1427 9.663732551695761E-01
1428 9.662175008636902E-01
1429 1.616361983985575E+00
1430 1.613622569552702E+00
1431 9.150284926851734E-01
1432 9.231422796680206E-01
1433 1.405386886657366E+00
1434 1.398807617673864E+00
1435 1.708981453761025E+00
1436 1.704005402548935E+00
1437 3.209160481219774E-01
1438 3.108129219933065E-01
1439 -1.522067633082494E+00
1440 9.600738637930039E-01
1441 9.633509629183715E-01
1442 8.313437614556549E-01
1443 8.574938412642316E-01
1444 9.140681866996276E-01
1445 8.593451121539322E-01
1446 9.138459522959650E-01
1447 8.054313261945832E-01
1448 8.068567318477503E-01
1449 8.189500687326521E-01
1450 8.381566554772383E-01
1451 1.040965427297008E+00
1452 1.040883161535188E+00
1453 9.231748136891754E-01
1454 9.263118242788451E-01
1455 9.823045487826839E-01
1456 8.787399592842089E-01
1457 1.072301733701426E+00
1458 1.041417759598747E+00
1459 1.135988853048725E+00
1460 1.195303428920549E+00
1461 9.819674042468365E-01
1462 8.777392198149114E-01
1463 1.071706505576835E+00
1464 1.036907897252830E+00
1465 1.134726720872726E+00
1466 1.196609349490934E+00
1467 1.589838315493835E+00
1468 1.634777911059367E+00
1469 1.705887628792173E+00
1470 1.719830304205497E+00
1471 1.764687589701948E+00
1472 1.836662764923347E+00
1473 1.860998021057693E+00
1474 1.768611627905530E+00
1475 1.987514954307969E+00
1476 1.970352416610247E+00
1477 1.828536420956963E+00
1478 1.894356464273289E+00
1479 1.756845072820596E+00
1480 1.787206249399843E+00
1481 1.660097173023457E+00
1482 1.636785120990730E+00
1483 1.550390184834114E+00
1484 1.506125607416738E+00
1485 1.581122595311125E+00
1486 1.435595736448355E+00
1487 1.390319909387133E+00
1488 1.313190104705480E+00
1489 1.292568064064165E+00
1490 1.215308828566843E+00
1491 1.212193275932146E+00
1492 1.140484251963157E+00
1493 1.124748135160128E+00
1494 1.063180701244895E+00
1495 1.028311599114178E+00
1496 9.825237041184357E-01
1497 9.329695979849694E-01
1498 9.048130821076632E-01
1499 8.425669385418875E-01
1500 8.328742616465225E-01
1501 7.621903830610833E-01
1502 1.086799780556822E+00
1503 7.693681394549796E-01
1504 6.935372444666772E-01
1505 7.178827937060298E-01
1506 6.397282148065798E-01
1507 8.957003250625698E-01
1508 6.783772264044243E-01
1509 6.023787037095796E-01
1510 5.485913616762500E-01
1511 5.162953330027341E-01
1512 5.795564678243399E-01
1513 5.015098306476117E-01
1514 5.700250866817475E-01
1515 5.019492954642210E-01
1516 4.212807276934565E-01
1517 4.334960954671997E-01
1518 5.151593875033799E-01
1519 4.557179518381270E-01
1520 3.637811852806272E-01
1521 4.049332594742189E-01
1522 4.881284143877462E-01
1523 4.534509613481832E-01
1524 3.629175614873337E-01
1525 4.269334513341221E-01
1526 5.091361126690491E-01
1527 4.939092945856258E-01
1528 4.055388544280026E-01
1529 4.869564232956855E-01
1530 5.623106643452205E-01
1531 5.686402283662129E-01
1532 4.951798661659803E-01
1533 5.899616328578544E-01
1534 6.466338128809882E-01
1535 6.758137405010031E-01
1536 6.291325350219187E-01
1537 7.206995131668071E-01
1538 6.882339306056865E-01
1539 7.822372488828964E-01
1540 8.069319275909901E-01
1541 8.613981543113202E-01
1542 8.611119371984787E-01
1543 9.348264837869028E-01
1544 9.565756410236231E-01
1545 9.242867577115925E-01
1546 1.015076401419901E+00
1547 1.059532946536480E+00
1548 1.103440886830986E+00
1549 1.168354257867729E+00
1550 1.195234853322136E+00
1551 1.269902995968428E+00
1552 1.135215007388286E+00
1553 7.602942091555073E-01
1554 7.436312179548338E-01
1555 1.215803526043154E+00
1556 1.159738707344861E+00
1557 1.255506432383258E+00
1558 1.368581666636965E+00
1559 1.496083011793848E+00
1560 1.376570934315547E+00
1561 1.498395071407694E+00
1562 1.472611289716214E+00
1563 1.598838009129356E+00
1564 1.229139768322006E+00
1565 1.175629233375856E+00
1566 1.667415037455318E+00
1567 1.660167416135431E+00
1568 1.746223131670092E+00
1569 1.669806878549200E+00
1570 1.835543037880505E+00
1571 1.572928925142998E+00
1572 1.272438073764101E+00
1573 1.117079667888147E+00
1574 1.133345870207303E+00
1575 1.084388415217975E+00
1576 1.099464208284538E+00
1577 1.058409323618566E+00
1578 1.071665463704488E+00
1579 1.037313725412779E+00
1580 1.105554486298985E+00
1581 1.076148984788142E+00
1582 1.718687179142268E+00
1583 1.846803805051687E+00
1584 2.005381109338401E+00
1585 1.967936780285343E+00
1586 1.018617343252517E+00
1587 1.235183186052746E+00
1588 1.772198775122699E+00
1589 9.787994238077830E-01
1590 1.836870114802423E+00
1591 1.731480611397995E+00
1592 1.231765759588853E+00
1593 1.296426704927118E+00
1594 5.793180913734681E-01
1595 2.152505429329526E+00
1596 2.060611833006314E+00
1597 8.603039914096389E-01
1598 1.844544367605595E+00
1599 2.302964946106820E+00
1600 2.107262433108001E+00
1601 1.205122910575245E+00
1602 2.104294636201243E+00
1603 4.460542269812711E-01
1604 1.004097489841999E+00
1605 9.816116004104307E-01
1606 1.657309737100378E+00
1607 7.138378896229859E-01
1608 7.687972665271360E-01
1609 7.465669476582811E-01
1610 7.923553327105343E-01
1611 8.162755544365240E-01
1612 7.754267564935752E-01
1613 1.450175173055701E+00
1614 1.102389752510511E+00
1615 1.070616388372087E+00
1616 1.018680482903552E+00
1617 8.317628849056434E-01
1618 8.563383905712302E-01
1619 1.255046419379966E+00
1620 1.194319706381892E+00
1621 1.497227192318320E+00
1622 1.297056430719519E+00
1623 7.173171709385390E-01
1624 6.945232010275105E-01
1625 7.535126929334908E-01
1626 7.356277520413054E-01
1627 7.835428503650261E-01
1628 7.699376665089895E-01
1629 8.128651721538082E-01
1630 7.266346519391327E-01
1631 7.635842270494798E-01
1632 7.261586896521912E-01
1633 8.023113982529235E-01
1634 2.300918318815447E+00
1635 2.074989413885568E+00
1636 2.229837308760778E+00
1637 1.957244171426606E+00
1638 2.068963390486765E+00
1639 1.775936000157133E+00
1640 1.748604231148493E+00
1641 1.760026395840381E+00
1642 9.734558149671894E-01
1643 1.287698594140284E+00
1644 1.359570270254977E+00
1645 1.903832128100194E+00
1646 1.955814947291352E+00
1647 9.488330783377000E-01
1648 1.815885058496443E+00
1649 1.298574315227730E+00
1650 1.117248256119778E+00
1651 1.069845588486400E+00
1652 9.211699044919208E-01
1653 7.644710754699133E-01
1654 7.320401646347966E-01
1655 8.649438490679541E-01
1656 8.890554774584251E-01
1657 1.340966054436169E+00
1658 7.967336446101942E-01
1659 7.144337292298867E-01
1660 5.551752597806188E-01
1661 5.194962864836948E-01
1662 3.434794235134203E-01
1663 3.431954852839618E-01
1664 1.382211731024835E-01
1665 1.925313604846835E-01
1666 -2.701528773455253E-02
1667 7.679192306851496E-02
1668 -1.436800122610917E-01
1669 2.757162500765127E-04
1670 -1.942724431212086E-01
1671 -3.412156353035255E-02
1672 -1.978504638906324E-01
1673 3.655035990797382E-01
1674 -3.129140901555686E-02
1675 -1.758140580557545E-01
1676 -3.745022736598391E-01
1677 -3.187565263346329E-01
1678 -1.219891202374662E-01
1679 -2.180369960658868E-01
1680 2.395021543417746E+00
1681 1.949446593970902E+00
1682 7.948699371701435E-01
1683 1.726517858370221E+00
1684 -4.267746873174018E-01
1685 -2.879746665899223E-01
1686 -1.001596303969416E-01
1687 -1.433230099512515E-01
1688 -3.335509655189570E-01
1689 -1.482462866982177E-01
1690 1.593915748343817E-02
1691 3.686119079419924E-02
1692 -1.142324411052612E-01
1693 9.196450179441089E-02
1694 -2.840873626519578E-02
1695 1.911185478692551E-01
1696 9.722367951570476E-02
1697 3.309197538144019E-01
1698 1.285660519025928E+00
1699 3.062873388306723E-01
1700 5.108319277261785E-01
1701 5.454131885369685E-01
1702 7.121129830759255E-01
1703 8.077822715197240E-01
1704 9.253265475971407E-01
1705 1.066235205511471E+00
1706 4.964412435674184E-01
1707 6.588800008089558E-01
1708 8.450643288625934E-01
1709 1.419101774047861E+00
1710 2.087310452424614E+00
1711 7.325420856084627E-01
1712 7.655428142495390E-01
1713 7.262869918756674E-01
1714 7.621224622232260E-01
1715 7.276519216730767E-01
1716 9.459272926939303E-01
1717 9.212743667929896E-01
1718 7.643998535214657E-01
1719 7.352748836685010E-01
1720 1.233297352286364E+00
1721 1.178030541887393E+00
1722 1.142485270462769E+00
1723 1.130678746343749E+00
1724 1.100722421250613E+00
1725 1.092308410304354E+00
1726 1.067173528940447E+00
1727 1.303306868357355E+00
1728 1.061173647725896E+00
1729 1.039557877063668E+00
1730 1.037025191890083E+00
1731 1.013580162660366E+00
1732 1.004969336591381E+00
1733 1.107908665817405E+00
1734 1.035164163918622E+00
1735 1.047784881570923E+00
1736 9.518469388314387E-01
1737 1.543209865991530E+00
1738 1.417826567702284E+00
1739 9.877933500469905E-01
1740 4.906014616844267E-01
1741 1.026679840880291E+00
1742 7.698759671920717E-01
1743 7.416081043157519E-01
1744 6.944902115551500E-01
1745 1.086578708812779E+00
1746 1.052866409521263E+00
1747 1.043325144769716E+00
1748 1.127929860658406E+00
1749 1.524735114529089E+00
1750 8.920462175764120E-01
1751 8.441936189554887E-01
1752 1.026222714074285E+00
1753 1.577970555381022E+00
1754 9.904228952127653E-01
1755 1.137441648471765E+00
1756 9.648847934429376E-01
1757 7.936602051622271E-01
1758 8.872883517774693E-01
1759 1.024173926811585E+00
1760 9.756327694329608E-01
1761 1.026232447524064E+00
1762 1.980595444499553E+00
1763 2.197895846573568E+00
1764 1.916339387697927E+00
1765 -2.826173143953121E-01
1766 -2.758088353651403E-01
1767 9.930020661973159E-01
1768 7.792243137788960E-01
1769 2.040772794454389E-01
1770 9.154460028343462E-01
1771 2.206359430748804E+00
1772 1.097996515853959E+00
1773 6.913917637015127E-01
1774 2.052702040816979E+00
1775 1.395129545120463E+00
1776 1.085043290198831E-01
1777 1.564870739998656E+00
1778 1.160758797299371E-01
1779 1.270312224954961E+00
1780 9.227480740020378E-01
1781 8.985075953042437E-01
1782 1.596426985059528E+00
1783 1.640459391753877E+00
1784 2.536202257865531E+00
1785 1.019660436014504E+00
1786 1.008850738264357E+00
1787 7.545273981749140E-01
1788 7.701184607570934E-01
1789 7.909200870847983E-01
1790 1.059560937782572E+00
1791 1.722626571951787E-01
1792 1.591326764778790E+00
1793 1.213788552303489E+00
1794 1.139635027375341E+00
1795 9.088141097407122E-01
1796 1.200120577366070E+00
1797 1.015447782726230E+00
1798 2.199012695107504E+00
1799 2.456121482231608E+00
1800 8.908625521716175E-01
1801 2.396436685777097E+00
1802 9.043327190752183E-01
1803 8.811777367793480E-01
1804 2.389831044883254E+00
1805 2.677100916697297E+00
1806 2.529483495592978E+00
1807 2.828830469396835E+00
1808 2.597224831812093E+00
1809 2.943481283810529E+00
1810 2.611688079373422E+00
1811 2.847367886636743E+00
1812 2.529290552012596E+00
1813 2.724986938308550E+00
1814 2.366699682537023E+00
1815 2.415516409841839E+00
1816 2.129540710691507E+00
1817 2.073065427879462E+00
1818 1.860680459384409E+00
1819 1.724937981163281E+00
1820 1.588795533408166E+00
1821 1.383795476164891E+00
1822 1.331653404776804E+00
1823 1.103976020011477E+00
1824 1.504102262151686E+00
1825 1.022599323094764E+00
1826 8.244540321755663E-01
1827 6.750324578929092E-01
1828 5.053310734380461E-01
1829 7.361612822573673E-01
1830 5.190515609772474E-01
1831 2.235163963730157E-01
1832 3.518268739613162E-01
1833 4.024235448227975E-02
1834 2.775941825149401E-01
1835 4.073816189764479E-02
1836 3.015903627270460E-01
1837 9.561089460075764E-02
1838 4.155259582082623E-01
1839 3.729358747230358E-01
1840 2.095933167872742E+00
1841 5.934786969234042E-02
1842 5.048225710362301E-01
1843 9.142971270429049E-01
1844 2.466144552538928E+00
1845 8.499529764423518E-01
1846 6.066238884439571E-01
1847 7.287634007611793E-01
1848 1.026463145912561E+00
1849 3.707072371475084E-01
1850 1.304314856139017E+00
1851 8.013124009141096E-01
1852 7.057373293929756E-01
1853 6.549252413431379E-01
1854 1.373358244723895E+00
1855 5.767838953635464E-01
1856 6.799626823403839E-01
1857 1.483799834671521E+00
1858 1.519784380556102E+00
1859 1.153723346812943E+00
1860 6.550392066900792E-01
1861 1.270726994682980E+00
1862 1.011774916138611E+00
1863 1.002043446438434E+00
1864 1.100307640568970E+00
1865 5.269348038882417E-01
1866 2.011365961734580E+00
1867 1.293961340520025E+00
1868 1.442895189065617E+00
1869 2.360634127259772E+00
1870 1.476716928142292E+00
1871 3.334635031647101E-01
1872 1.725165620829724E+00
1873 9.693609668025051E-01
1874 9.744543993770246E-01
1875 8.961951937926829E-01
1876 2.306044541622339E-01
1877 9.675870558028880E-01
1878 9.835176884689359E-01
1879 1.954743587807068E+00
1880 9.357206098827396E-01
1881 1.004652983827512E+00
1882 9.957446780351368E-01
1883 9.977051172995308E-01
1884 2.250074915881136E+00
1885 7.945993695438410E-01
1886 1.049403604687022E+00
1887 3.045197523963222E+00
1888 6.285827100432722E-01
1889 9.306985023743041E-01
1890 9.097172945989623E-01
1891 -1.568763109508532E-01
1892 2.400358808243061E-01
1893 1.108371968204222E+00
1894 4.159132911393704E-01
1895 4.517108647554349E-01
1896 9.343826639178466E-01
1897 6.336023239793837E-01
1898 1.010600752316330E+00
1899 9.942667144290125E-01
1900 1.034912570024191E+00
1901 2.401673349752288E-01
1902 1.226690379310262E-01
1903 5.745878261717624E-01
1904 6.086785972496545E-01
1905 6.270958332788891E-01
1906 9.232436017974157E-01
1907 2.767050943636364E+00
1908 2.726719097100391E+00
1909 2.651058150177101E+00
1910 3.058632522995008E+00
1911 2.942860605156651E+00
1912 1.270062663296369E+00
1913 1.385188229693111E+00
1914 1.601888660284393E+00
1915 9.800060956405702E-01
1916 1.533006308200648E+00
1917 1.539974488786725E+00
1918 1.434482674407751E+00
1919 1.474428412306825E+00
1920 1.389024304004044E+00
1921 1.433321423407310E+00
1922 5.109763210635596E-01
1923 2.705261687157495E+00
1924 6.776045250816848E-01
1925 6.217750885582197E-01
1926 1.538692041764879E+00
1927 1.587052037139327E+00
1928 1.673394581062392E+00
1929 1.613141023953802E+00
1930 1.691616187733060E+00
1931 1.668153523332520E+00
1932 1.706593963573173E+00
1933 1.747754463109495E+00
1934 3.199114303552719E+00
1935 1.033680943068892E+00
1936 6.399821302881117E-01
1937 1.323110065458796E+00
1938 1.173767912138944E+00
1939 7.713106502492446E-01
1940 1.457133772358146E+00
1941 1.361735856373270E+00
1942 8.149571772554536E-01
1943 1.170008889413490E+00
1944 7.994622363361080E-01
1945 9.432804365220200E-01
1946 8.034079472334242E-01
1947 8.171453329519346E-01
1948 1.295880583178681E+00
1949 1.814886283484747E+00
1950 1.173404733813602E+00
1951 2.690958642924901E-01
1952 -8.308923946366373E-02
1953 9.528670052549049E-01
1954 8.889098624782247E-01
1955 8.684114891673218E-01
1956 8.549208115117138E-01
1957 8.458308527244744E-01
1958 8.606249035738074E-01
1959 8.417186257879550E-01
1960 1.344340413135441E+00
1961 1.713244977210575E+00
1962 1.760707359305644E+00
1963 1.677045046456705E+00
1964 1.606884791856640E+00
1965 1.603769028806485E+00
1966 1.510816832385250E+00
1967 1.618221602523832E+00
1968 1.003356965621109E+00
1969 2.545041945586749E+00
1970 2.841926960386411E+00
1971 2.854130911818729E+00
1972 3.171144871115180E+00
1973 3.103768764041115E+00
1974 4.131497441412625E-01
1975 1.349576490244776E+00
1976 1.048476428563361E+00
1977 2.829312007714677E+00
1978 1.364974955245597E-01
1979 6.289362150046637E-01
1980 2.436573226179612E+00
1981 2.668816258717865E+00
1982 1.384411282952307E+00
1983 2.090009783182389E+00
1984 1.877955516650714E+00
1985 3.093074224670024E+00
1986 -3.046168975766447E-01
1987 -4.656836471920988E-01
1988 -3.863010789778087E-01
1989 3.119631711155368E+00
1990 2.430138025582953E+00
1991 8.246769149844911E-01
1992 9.524709985569793E-01
1993 2.771512791527236E+00
1994 2.529777224612914E+00
1995 2.248641474144808E+00
1996 2.445631969374426E+00
1997 1.225626769191504E+00
1998 1.304534988970138E+00
1999 2.154274430266961E+00
2000 2.145232768054315E+00
2001 1.933689635335168E+00
2002 9.826951682029784E-01
2003 1.213416964407075E+00
2004 -7.904505181383208E-01
2005 1.729822065345091E+00
2006 1.295246550968862E+00
2007 1.552230309379834E+00
2008 1.290778893737077E+00
2009 1.680176610830965E+00
2010 1.858336020701230E+00
2011 9.801429041476736E-01
2012 7.373349401916135E-01
2013 6.314599714954181E-01
2014 -2.641014663933269E-01
2015 -6.832344047418564E-01
2016 1.861218411601099E+00
2017 9.747126220262867E-01
2018 8.902309553636415E-01
2019 6.367090819773930E-01
2020 1.095259627331145E+00
2021 1.172491050462129E+00
2022 1.105548274828443E+00
2023 1.017941915603235E+00
2024 1.755316185900295E+00
2025 1.708045473274328E+00
2026 7.297150551424593E-01
2027 1.497076969645337E+00
2028 1.477308726232602E+00
2029 1.368526425423209E+00
2030 1.315257743962222E+00
2031 1.132904888522790E+00
2032 1.077716746447743E+00
2033 1.000135875018513E+00
2034 9.185767018957370E-01
2035 1.000310849651092E+00
2036 7.713702642489150E-01
2037 1.283415657701369E+00
2038 7.307356038682542E-01
2039 1.743143299712495E+00
2040 3.675454199660933E-01
2041 9.404110125951423E-01
2042 9.621832119787631E-01
2043 9.371687311580212E-01
2044 1.679336332349933E+00
2045 -8.044986912759645E-01
2046 -4.050065966210393E-01
2047 -6.586977338730122E-01
2048 -1.355359497704522E-01
2049 -9.683070522885258E-02
2050 -8.177614397353818E-01
2051 -4.333052727683631E-01
2052 -7.056621549803133E-01
2053 -1.381909153199179E-01
2054 -1.350064855380783E-01
2055 1.753772701974215E+00
2056 1.955169162964991E+00
2057 2.225114564475455E+00
2058 -1.483801077578115E+00
2059 -1.075173187459539E+00
2060 -1.156836701273867E+00
2061 -8.296201993062420E-01
2062 -8.599856371661433E-01
2063 -7.301488436552567E-01
2064 -5.910776229032129E-01
2065 -1.159372000255149E+00
2066 -8.394380449084752E-01
2067 -1.070299182937423E+00
2068 -7.456919223988941E-01
2069 -9.034773340058017E-01
2070 -1.259480344067663E+00
2071 -5.789884210527381E-01
2072 -1.107849236639285E+00
2073 -9.093262272770557E-01
2074 7.274337028788086E-01
2075 2.212660065039840E-01
2076 1.623051436876686E+00
2077 1.226417456735134E+00
2078 1.224284114167790E+00
2079 3.303105278016460E+00
2080 8.189038041973949E-01
2081 8.191424406146844E-01
2082 8.395788776677984E-01
2083 8.206894033924683E-01
2084 1.652601090454062E+00
2085 2.303350865658440E+00
2086 1.962039804585535E+00
2087 1.454976431295323E+00
2088 1.245337144853995E+00
2089 8.658825174061332E-01
2090 7.768682345624424E-01
2091 6.653976237580409E-01
2092 6.642717557784340E-01
2093 7.980485581218704E-01
2094 5.421035436986448E-01
2095 5.781270635522520E-01
2096 4.720081710820103E-01
2097 2.744120904046405E+00
2098 2.030624407746901E+00
2099 9.028004403219639E-01
2100 1.039915703264016E+00
2101 6.541784174503509E-01
2102 5.957928687113442E-01
2103 6.384956506230971E-01
2104 3.708815928595862E-01
2105 2.847991656650326E+00
2106 -3.374841886272739E-01
2107 2.658427764845053E+00
2108 2.871990594221623E+00
2109 9.890690756469368E-01
2110 9.804717518304700E-01
2111 9.738068174466584E-01
2112 9.455980300629375E-01
2113 1.363103076169536E+00
2114 1.548616315170892E+00
2115 1.204595815322814E+00
2116 1.336096733672771E+00
2117 1.218991287153632E+00
2118 3.431973198578436E+00
2119 3.466061027524345E+00
2120 3.027811943248312E+00
2121 1.533744391684956E+00
2122 -1.113398727603878E+00
2123 7.271036960127090E-01
2124 9.869285510584564E-01
2125 9.561093130524783E-01
2126 6.850491000826935E-01
2127 -1.547037762346966E+00
2128 5.239694898833345E-01
2129 4.064569058857710E-01
2130 3.949542002374098E-01
2131 2.990834771807702E-01
2132 2.888210145777182E-01
2133 1.523924155715493E-01
2134 2.120710730093605E-01
2135 1.112842882414127E-01
2136 3.679479304557871E+00
2137 3.572650426442836E+00
2138 3.612403963560039E+00
2139 4.259782437927292E-01
2140 1.477759871341045E+00
2141 -1.023967382584981E-01
2142 1.147277912247693E+00
2143 1.088148332798402E+00
2144 1.036706529813762E+00
2145 1.005256802239543E+00
2146 1.025780098200877E+00
2147 9.918561798556343E-01
2148 9.556978167273735E-01
2149 9.139333017230179E-01
2150 9.109620682033199E-01
2151 8.715586684643809E-01
2152 8.565644094717316E-01
2153 8.824732070614077E-01
2154 9.614435660325616E-01
2155 8.283307173783043E-01
2156 9.940783854440144E-01
2157 9.585788871766657E-01
2158 1.247412501224513E+00
2159 7.880937986670205E-01
2160 -4.077883329339958E-01
2161 3.520494630451075E+00
2162 3.252039202393471E+00
2163 3.238193703598677E+00
2164 3.607991424561776E+00
2165 5.938185427072322E-01
2166 1.049948847722008E+00
2167 1.026052396015096E+00
2168 1.005792154699658E+00
2169 1.000803096432196E+00
2170 9.840937379263712E-01
2171 9.863193676096377E-01
2172 9.685062217197807E-01
2173 9.652282590383240E-01
2174 8.101206717664087E-01
2175 5.998153164468292E-01
2176 2.358396402017644E+00
2177 2.289716851309734E+00
2178 2.600354997807008E+00
2179 1.977765668733579E+00
2180 2.364815063707256E+00
2181 3.009318228193876E+00
2182 3.679303542153230E-01
2183 1.979613877674161E+00
2184 1.981132275263334E+00
2185 1.140304236321437E+00
2186 6.818997096574827E-01
2187 2.213850266807262E+00
2188 2.032796572218603E+00
2189 9.511351760553285E-01
2190 9.415875703563668E-01
2191 1.160669252224784E+00
2192 1.009142444637628E+00
2193 1.149238600781508E+00
2194 3.001549856938531E+00
2195 1.090760619097524E+00
2196 6.823635895020351E-01
2197 6.264844493939755E-01
2198 9.552921174323261E-01
2199 9.270938355878231E-01
2200 3.052784722711558E+00
2201 8.663019477786530E-01
2202 8.490289413687370E-01
2203 8.279063105464751E-01
2204 8.721296948514593E-01
2205 8.568471926786754E-01
2206 8.733081469498750E-01
2207 8.562654113658592E-01
2208 8.371967417955717E-01
2209 8.709916493547095E-01
2210 6.893213458252689E-01
2211 -5.630432162537435E-01
2212 8.997200754868664E-01
2213 9.070243182735362E-01
2214 8.998583222479165E-01
2215 9.271736989962079E-01
2216 9.390918260313849E-01
2217 9.184791903118640E-01
2218 8.512516422370743E-01
2219 8.698077157062080E-01
2220 9.737781897269129E-01
2221 1.981978552952903E+00
2222 7.642277456268401E-01
2223 2.574272444788313E+00
2224 1.553253943919893E+00
2225 1.619859441399732E+00
2226 1.004929994347778E+00
2227 1.443314896575737E+00
2228 4.702499923666413E-01
2229 8.716025824414491E-01
2230 8.901257545009077E-01
2231 1.093996628644770E+00
2232 1.064601697021848E+00
2233 1.146286568409876E+00
2234 7.512669119516965E-01
2235 3.087280990721444E-01
2236 7.310333455795447E-02
2237 1.386536625205586E-01
2238 -9.243200205076439E-01
2239 9.780501646861554E-01
2240 -9.612716907420177E-02
2241 -1.615602619894663E-01
2242 -1.663962494329093E-01
2243 1.047781874158177E+00
2244 9.911051446235364E-01
2245 6.579212609892063E-01
2246 9.070296617687913E-01
2247 -1.137585380995538E-01
2248 -3.317719717476673E-01
2249 9.257223457119549E-01
2250 5.723106654514442E-01
2251 1.059162694663980E+00
2252 7.656844576762409E-01
2253 -1.091387361627153E+00
2254 -6.391029510809817E-01
2255 -7.944598763875350E-01
2256 -1.044371719642162E+00
2257 -4.816753708340104E-01
2258 -1.296894336969998E-01
2259 -1.234460492138856E+00
2260 -1.511308960686365E+00
2261 -1.092441130100661E+00
2262 9.515293322651317E-01
2263 1.006734614783731E+00
2264 8.474015352066959E-01
2265 8.894644846187414E-01
2266 8.421556935146898E-01
2267 9.824430405542792E-01
2268 9.747088870233003E-01
2269 -2.065483335104444E-02
2270 1.080696360690466E-01
2271 6.942539698754872E-01
2272 9.418384561897860E-01
2273 1.015850516986652E+00
2274 8.725410889986405E-01
2275 7.473216685854109E-01
2276 1.443714481942940E+00
2277 1.375952234661667E+00
2278 1.296719287741808E+00
2279 1.316243488702367E+00
2280 -5.755616359926623E-01
2281 9.485012571269850E-01
2282 1.181421409038377E+00
2283 6.306672077720076E-01
2284 1.317013304828847E+00
2285 1.119238122498345E+00
2286 8.004521161374312E-01
2287 -1.108445911891487E-02
2288 8.130065346103278E-01
2289 7.990933095366021E-01
2290 6.507317775957892E-01
2291 1.695973986454453E+00
2292 1.402245546608825E+00
2293 7.933962614761985E-01
2294 7.836555082621777E-01
2295 8.076496407080653E-01
2296 8.225170945859772E-01
2297 7.796793077123860E-01
2298 2.345574932364940E+00
2299 6.837874713667981E-01
2300 9.833686878390941E-01
2301 1.082984427271925E+00
2302 1.350119176932424E+00
2303 1.139794325713856E+00
2304 1.661573171600999E-01
2305 7.510468181716448E-01
2306 -1.521034201373364E+00
2307 -1.081765689850746E+00
2308 -1.301679908813416E+00
2309 1.074841604472877E+00
2310 1.054082902119017E+00
2311 9.543373413984222E-01
2312 2.152102179944543E+00
2313 1.236576677325907E-01
2314 2.545677936654774E-01
2315 1.019522134634938E+00
2316 2.358152079442081E+00
2317 1.136482933845586E+00
2318 1.434655805993805E+00
2319 3.313703264705541E-01
2320 5.023171427435303E-01
2321 -5.729422984975252E-01
2322 8.195722940845727E-01
2323 7.963907629948409E-01
2324 1.118519861550671E+00
2325 8.344098780288028E-01
2326 1.547043043051672E+00
2327 1.053820853193290E+00
2328 1.176229494729337E+00
2329 1.266958347003498E+00
2330 2.413497348902644E-01
2331 9.800417835327548E-01
2332 3.389177494902292E-01
2333 7.402011480723331E-01
2334 3.122950987001345E+00
2335 5.643915499957554E-01
2336 8.286457946683584E-01
2337 9.660842830760434E-01
2338 1.661021985743347E+00
2339 1.767515523221385E+00
2340 -9.171598216267340E-02
2341 5.792031020896323E-01
2342 6.649798482440968E-01
2343 1.696105547655757E+00
2344 1.228650296357944E+00
2345 1.137618390602076E+00
2346 1.545743228619487E+00
2347 3.330433866876141E-01
2348 2.102251938849876E+00
2349 1.313643099088419E+00
2350 6.319136170250564E-01
2351 1.732785874731219E+00
2352 1.844006086648045E+00
2353 5.590219732502203E-01
2354 3.406372802306270E-01
2355 -4.770650361712261E-02
2356 1.111872847890278E+00
2357 5.311010299369583E-01
2358 3.130637998920731E-01
2359 8.216930322983352E-01
2360 8.207805900312652E-01
2361 8.433444341071169E-01
2362 2.450638023696449E+00
2363 1.622708745809122E+00
2364 1.306538773272355E+00
2365 1.835319011881329E+00
2366 1.710246311751371E+00
2367 1.839920126300980E+00
2368 1.168141261313085E+00
2369 1.257388807747014E+00
2370 2.338132464558961E+00
2371 8.351829898895572E-01
2372 2.091721821738115E+00
2373 6.496407542225366E-01
2374 1.614532785220851E+00
2375 2.022690907106401E+00
2376 1.258274248456696E-01
2377 2.184026602400246E+00
2378 1.552393632028892E+00
2379 1.739204803579983E+00
2380 -6.093711386198775E-01
2381 8.383791830210635E-01
2382 1.501850057787151E+00
2383 1.015970326878531E+00
2384 1.281809747415765E+00
2385 3.326366019302133E-01
2386 7.152124725472767E-01
2387 9.313944258793259E-01
2388 7.574779593096373E-01
2389 9.248158713651128E-01
2390 1.000148966263898E+00
2391 3.629973008745021E+00
2392 1.279439562112300E+00
2393 2.612107073506802E-01
2394 9.230404809790467E-01
2395 1.150029412430838E+00
2396 8.776693211387250E-01
2397 9.432119014477601E-01
2398 8.080728397060430E-01
2399 8.914919916511246E-01
2400 1.680775444370563E+00
2401 1.130568134701561E+00
2402 2.327270535436367E+00
2403 2.728365841991701E+00
2404 1.537020570425822E+00
2405 8.431206444722473E-01
2406 7.275017705169317E-01
2407 1.027890632952456E+00
2408 1.027823025333958E+00
2409 -4.259447723260357E-01
2410 9.204889376336641E-01
2411 9.860878575474330E-01
2412 9.591883338243162E-01
2413 1.914355324634296E+00
2414 1.829058029103087E+00
2415 8.228377020063528E-01
2416 2.842294625551929E+00
2417 1.370844875002619E+00
2418 1.180845402155034E+00
2419 7.940634906484209E-01
2420 9.729538022243099E-01
2421 2.639378159490441E+00
2422 9.419687187579958E-01
2423 2.985401301127847E+00
2424 9.065841547261918E-01
2425 2.557348905467743E-01
2426 4.125395116903332E-01
2427 9.581521204759127E-01
2428 -3.741146236339470E-01
2429 1.674638274069208E+00
2430 1.413350160946173E-01
2431 1.888851579078345E+00
2432 2.302845756972934E-01
2433 1.189906756137480E+00
2434 7.096561840436134E-01
2435 8.425919573449177E-01
2436 2.750832732477592E-01
2437 3.207637141454170E+00
2438 3.059051912198733E+00
2439 3.338354063355554E+00
2440 9.052188621152228E-01
2441 1.611810701698625E+00
2442 1.144819949315036E+00
2443 4.645205253050847E-01
2444 1.494130991532560E+00
2445 -1.038659486074396E+00
2446 -4.902751688915497E-01
2447 2.030949504849645E+00
2448 1.777543242077905E+00
2449 1.709732100201633E+00
2450 2.061714820715938E+00
2451 8.779419079632873E-01
2452 1.931472235148143E+00
2453 9.566915974956803E-01
2454 1.389039081831758E+00
2455 6.939204081214532E-01
2456 1.604841002416057E+00
2457 -6.480499963531876E-01
2458 1.312843273265212E+00
2459 8.729267109603267E-01
2460 1.646256229148133E+00
2461 8.191351944363687E-01
2462 9.768652000323387E-01
2463 8.679337656752152E-01
2464 3.518099413199431E-01
2465 4.931856201232260E-01
2466 1.023851230570598E+00
2467 9.563069232727910E-01
2468 -4.297115326443980E-01
2469 9.656111180553697E-01
2470 5.186699501175922E-01
2471 1.523386056370888E+00
2472 7.936023688199951E-01
2473 1.077645834138790E+00
2474 -9.973014939667717E-01
2475 8.421283706831845E-01
2476 1.736353938081491E+00
2477 1.005880933748375E+00
2478 2.440049795057845E+00
2479 9.569754433858053E-01
2480 2.544513377857965E+00
2481 8.135252450743774E-01
2482 1.543356561683401E+00
2483 5.485523144000340E-01
2484 4.724652799533067E-01
2485 6.951669096288292E-01
2486 9.668820066876533E-01
2487 8.781269146007413E-01
2488 -4.547488084603681E-01
2489 1.269836418762792E+00
2490 1.658089902963841E+00
2491 4.449635279485447E-01
2492 7.414409619357606E-04
2493 2.288834152768400E+00
2494 1.972651298963691E+00
2495 1.269853182040001E+00
2496 8.261954072179283E-01
2497 1.723001764510138E+00
2498 8.516474728220963E-01
2499 8.552948645698910E-01
2500 2.115061627812260E-01
2501 2.893430444301369E+00
2502 2.085383829347722E+00
2503 -7.867192352039174E-01
2504 1.467940318720547E+00
2505 1.875578642236929E+00
2506 8.257018670882786E-01
2507 2.281785702502097E+00
2508 1.514508214781652E-01
2509 9.547969079517902E-01
2510 1.362867686484093E+00
2511 -5.355311586891821E-01
2512 1.226884571416838E+00
2513 3.334408360655882E+00
2514 4.839236175468433E-01
2515 6.193457630090818E-01
2516 9.368282577093952E-01
2517 1.206046777881602E-01
2518 6.198099087867959E-01
2519 8.154740937133965E-01
2520 3.310068665902937E+00
2521 1.762865497248882E+00
2522 6.180067348370899E-01
2523 3.152302158387053E+00
2524 8.921465751874667E-01
2525 9.446546652647244E-01
2526 8.034338270237752E-01
2527 5.306048064338339E-01
2528 2.097665395608153E+00
2529 -3.705632942251917E-01
2530 1.622417201406735E+00
2531 -1.187395120444014E+00
2532 -6.797730431950998E-01
2533 1.249375346140156E-01
2534 8.728433335546868E-01
2535 8.731678251204480E-01
2536 9.628065401605422E-01
2537 1.500634266572013E+00
2538 -7.046798498784973E-01
2539 1.162661151145547E+00
2540 7.816066872399113E-01
2541 1.257803048896605E+00
2542 1.052245852862358E+00
2543 1.672845192615412E+00
2544 1.478825350144787E+00
2545 1.496603362591353E-02
2546 1.525193496302018E+00
2547 1.395218072290198E+00
2548 1.079955401208227E+00
2549 1.079411738771610E+00
2550 1.474886770125057E+00
2551 9.142367955844131E-01
2552 2.306393189317846E+00
2553 1.110902061830524E+00
2554 7.384868134062591E-01
2555 1.218609025616087E+00
2556 9.783582744265980E-01
2557 9.959326252296720E-01
2558 -2.159570188904129E-01
2559 -3.510446243706872E-01
2560 1.646565970427197E+00
2561 1.063890244566928E+00
2562 7.297991013091166E-01
2563 -3.022361835176681E-01
2564 1.881057247879809E+00
2565 7.375980632468542E-01
2566 2.378824147175701E-01
2567 4.276214036979689E-01
2568 -6.633373950980057E-01
2569 1.255085225447854E+00
2570 3.356254945076786E+00
2571 3.358003356945008E+00
2572 -2.463785583595292E-01
2573 9.150288996890710E-01
2574 9.503094319509231E-01
2575 1.717017171957004E+00
2576 6.285793189587813E-01
2577 -6.269383034592166E-01
2578 3.098661967397611E+00
2579 9.628495759559088E-01
2580 9.456319161614409E-01
2581 -1.607584430795815E+00
2582 -1.097893368325096E+00
2583 1.106157896619539E+00
2584 1.056840782397350E+00
2585 1.131056577886987E+00
2586 1.287208514232849E+00
2587 9.056642316165920E-01
2588 3.905433344540871E-01
2589 1.860554428086718E+00
2590 5.692804224369717E-01
2591 5.799688737911007E-01
2592 9.678595560178200E-01
2593 1.454921041412300E+00
2594 7.730356121524520E-01
2595 3.162861469648737E+00
2596 5.440535519328552E-01
2597 1.454936591339155E+00
2598 1.765329994424567E-01
2599 3.356908235685618E+00
2600 8.201633342220129E-01
2601 1.102147879510813E+00
2602 8.890927596087782E-01
2603 8.915721035988877E-01
2604 1.717573004952247E+00
2605 6.003501384283719E-01
2606 4.904013009464401E-01
2607 3.746376426699548E-01
2608 2.898584501693325E+00
2609 3.084189006786918E+00
2610 2.889662203959116E+00
2611 1.798744145373840E+00
2612 1.740966417334131E+00
2613 1.785862410881289E+00
2614 9.601019726503948E-01
2615 9.554296398663199E-01
2616 9.461961012840878E-01
2617 2.420401654944150E+00
2618 2.551492801180085E+00
2619 2.422283307864565E+00
2620 9.622371133876806E-01
2621 9.483486871905068E-01
2622 -1.176298133714571E-01
2623 -5.039876003206414E-03
2624 2.260041876039864E-02
2625 9.760847920902311E-01
2626 9.778198151744446E-01
2627 9.672569723597003E-01
2628 1.525782790124084E+00
2629 1.497082156985277E+00
2630 1.585016115414952E+00
2631 2.348784820376340E+00
2632 2.467880868576565E+00
2633 1.264012139803812E+00
2634 1.292345699188754E+00
2635 1.369606287461673E+00
2636 1.702606089510861E+00
2637 1.686958933842432E+00
2638 1.701587258634291E+00
2639 9.670680638476739E-01
2640 9.402391480797712E-01
2641 9.402678574238623E-01
2642 9.670797150345544E-01
2643 -1.385672315053230E-01
2644 -3.625554872383087E-01
2645 -1.381114947525527E-01
2646 7.221896273055348E-01
2647 8.302545387859401E-01
2648 7.502933753305581E-01
2649 7.368315960456466E-01
2650 7.590126373044770E-01
2651 7.624511038767195E-01
2652 7.402428349192408E-01
2653 1.414635681544211E+00
2654 1.370057327691715E+00
2655 1.223025925929645E+00
2656 1.208780337102972E+00
2657 1.027917194281740E+00
2658 1.057590499353800E+00
2659 1.804403514642212E+00
2660 2.242380031187246E+00
2661 2.195901653789806E+00
2662 2.392345182882391E+00
2663 4.130335066321267E-01
2664 3.395154044211615E-01
2665 3.797290206801459E-01
2666 8.650302653275906E-02
2667 1.581698552252474E-01
2668 8.749430981962192E-02
2669 2.715995678016121E+00
2670 2.874593126621323E+00
2671 7.475315845572283E-01
2672 7.250667036938601E-01
2673 7.332206317204044E-01
2674 5.255387908665141E-01
2675 5.442174315350230E-01
2676 5.084784728820102E-01
2677 8.505929285626377E-01
2678 8.584163672636016E-01
2679 8.644364621634346E-01
2680 2.196816035077526E-02
2681 1.277040054268870E-01
2682 4.373609456908910E-01
2683 5.835195069312908E-01
2684 4.881118085456349E-01
2685 1.019724486695088E-01
2686 2.491016968196564E-02
2687 6.174830012624059E-02
2688 6.467501591440831E-03
2689 -1.366005862109442E-01
2690 -3.760068510177903E-02
2691 5.296985228316478E-01
2692 2.634932654770559E-01
2693 1.708531133835298E+00
2694 1.721662481155232E+00
2695 1.713637829801992E+00
2696 6.287414705172052E-01
2697 6.008059427493617E-01
2698 5.994931919662804E-01
2699 9.729005429950657E-01
2700 9.747491301414823E-01
2701 9.855716466624380E-01
2702 1.215033970427446E+00
2703 1.307120509158714E+00
2704 3.183469877360330E+00
2705 3.364320233182103E+00
2706 3.245990796254973E+00
2707 2.951494246315264E+00
2708 3.138398725136784E+00
2709 3.027948105248676E+00
2710 1.661713944182591E+00
2711 1.667127764818250E+00
2712 1.609802951509818E+00
2713 8.319100425512184E-01
2714 8.280387375922564E-01
2715 8.464271750310771E-01
2716 2.830508047952177E-01
2717 2.624265256053323E-01
2718 1.011044718170591E+00
2719 1.011067399489455E+00
2720 1.934924112599723E+00
2721 1.956253027711851E+00
2722 1.856828348246077E+00
2723 5.761340614553296E-01
2724 5.652440459723083E-01
2725 3.028908164520676E+00
2726 3.224865571286753E+00
2727 3.137240605978236E+00
2728 1.197317671861105E-01
2729 2.578488356161856E-02
2730 8.853732743317049E-01
2731 8.483295445975387E-01
2732 8.171992644081335E-01
2733 6.563245069712941E-01
2734 6.543127834374869E-01
2735 2.165083234502798E+00
2736 2.334808268186182E+00
2737 9.945634520273710E-01
2738 1.005996468313292E+00
2739 9.723643111400140E-01
2740 9.325923595569938E-01
2741 9.601090976538817E-01
2742 8.958896716404245E-01
2743 9.687203691160513E-01
2744 9.450291532309869E-01
2745 1.605260553090471E+00
2746 1.645798607143379E+00
2747 2.563678109143935E+00
2748 2.576670468176143E+00
2749 2.418662116231836E+00
2750 1.142440370133330E+00
2751 1.006227921399678E+00
2752 1.138471826917028E+00
2753 1.501375161191296E+00
2754 1.385045794936561E+00
2755 1.429119865997041E+00
2756 8.297609098415304E-01
2757 8.288408723596903E-01
2758 8.393502912689069E-01
2759 3.063083029863460E+00
2760 3.273851487946234E+00
2761 8.354157744419478E-01
2762 8.155131769559780E-01
2763 1.158822774288243E+00
2764 1.300617758712776E+00
2765 9.820537618195613E-01
2766 8.274920242680505E-01
2767 -1.080165370792082E+00
2768 -8.725228519856696E-01
2769 -8.912134472522236E-01
2770 6.339574024454150E-01
2771 6.042434106079877E-01
2772 8.486575813328803E-01
2773 8.394573189937813E-01
2774 8.648384610433162E-01
2775 8.677235179090697E-01
2776 6.504486638100124E-02
2777 -8.568114552201093E-02
2778 8.289205266212851E-01
2779 8.191851057218459E-01
2780 9.409833679160426E-01
2781 9.333233334822348E-01
2782 9.338707328373614E-01
2783 2.777657583194382E+00
2784 2.851707183451547E+00
2785 7.177341884208515E-01
2786 -9.212606418329994E-03
2787 -6.442821256705816E-02
2788 2.255431426177471E+00
2789 2.246075299666343E+00
2790 2.161173995195081E+00
2791 9.622931483487387E-01
2792 9.614419688912954E-01
2793 1.248955189438000E+00
2794 1.268126940537732E+00
2795 1.291756369913547E+00
2796 3.469362167731420E+00
2797 3.536031656139691E+00
2798 6.736052100138672E-01
2799 6.678252942620737E-01
2800 6.457803248622089E-01
2801 8.103101272143397E-01
2802 8.220185353171496E-01
2803 8.094328441873424E-01
2804 2.303204053245733E+00
2805 2.420424105326129E+00
2806 2.337184621272129E+00
2807 9.404767784957729E-01
2808 9.165650299199889E-01
2809 8.873800557005742E-01
2810 7.313373106833616E-01
2811 5.276686238727465E-01
2812 9.961041011773402E-01
2813 1.057324539267268E+00
2814 1.068099644322836E+00
2815 7.976907035095492E-01
2816 7.738797303182536E-01
2817 7.620407733828396E-01
2818 1.282926955304077E+00
2819 1.253857321742587E+00
2820 1.339065355915537E+00
2821 1.737769536228264E+00
2822 1.676074726085411E+00
2823 1.070453207748137E+00
2824 1.027266650593797E+00
2825 9.866916481097274E-01
2826 9.430689490789640E-01
2827 9.564899411478709E-01
2828 1.140868077168960E+00
2829 1.189605744267371E+00
2830 1.131377558562684E+00
2831 1.725192779421960E+00
2832 1.737771357119835E+00
2833 6.893389133366660E-01
2834 6.609454037669973E-01
2835 9.472595315286008E-01
2836 9.233236094497164E-01
2837 8.235882778403792E-01
2838 9.085000816936855E-01
2839 2.575062014655936E+00
2840 2.445507625969016E+00
2841 2.409214513068063E+00
2842 2.548926435549029E+00
2843 2.422176255626769E+00
2844 2.439473671179231E+00
2845 1.966445678487929E+00
2846 2.016228974777658E+00
2847 1.887596577435340E+00
2848 2.440034351946715E+00
2849 2.553230603762916E+00
2850 2.349706280021675E+00
2851 -1.348175875667759E+00
2852 -1.110589651994677E+00
2853 -1.286622200524125E+00
2854 1.921165313810259E+00
2855 2.014564722525241E+00
2856 2.798367774032975E+00
2857 2.655069168022948E+00
2858 7.482509251516425E-01
2859 7.034988737555233E-01
2860 2.698866865051980E+00
2861 2.734215155248457E+00
2862 9.751929215883695E-01
2863 9.846187547972007E-01
2864 -8.613082859297234E-01
2865 -1.127367732730324E+00
2866 -9.534241582152909E-01
2867 1.681600829418028E+00
2868 1.668572642815484E+00
2869 1.730739716191496E+00
2870 3.236375662467247E-01
2871 4.514012895265571E-01
2872 2.691150852269375E-01
2873 1.962664476468150E+00
2874 2.093929766002896E+00
2875 5.046142163869424E-01
2876 3.498898790614952E-01
2877 2.187732644742401E-01
2878 2.312644256092858E-01
2879 8.504003785828609E-01
2880 8.355495037659679E-01
2881 8.925534493527776E-01
2882 8.585028220837856E-01
2883 9.775408662489755E-01
2884 7.722587937319073E-01
2885 2.529684424009719E+00
2886 2.552318758167345E+00
2887 8.928743872409672E-01
2888 8.864637236627113E-01
2889 8.230572826634804E-01
2890 1.460533195255308E+00
2891 1.471357196277344E+00
2892 3.718804164385338E-01
2893 1.707310938648612E-01
2894 2.030896336098884E-01
2895 -1.354829712481327E-02
2896 9.368581692894148E-02
2897 8.078764365966563E-01
2898 8.066365269774651E-01
2899 7.933609444954982E-01
2900 9.933577436446624E-01
2901 1.418930612015248E+00
2902 1.466734617321373E+00
2903 2.297957287954525E+00
2904 2.270930456595559E+00
2905 2.173211168421123E+00
2906 1.578942746484507E+00
2907 1.579683227585960E+00
2908 1.543814716712818E+00
2909 8.154309442188081E-01
2910 8.039297327024983E-01
2911 8.176504017096359E-01
2912 1.721525130298193E+00
2913 1.736728232350707E+00
2914 7.084499005523706E-01
2915 7.111189338823263E-01
2916 6.419954389076510E-01
2917 1.870347946101182E+00
2918 1.830599678565813E+00
2919 1.922477472949840E+00
2920 1.498190898700993E+00
2921 1.547122207470140E+00
2922 1.455609063305306E+00
2923 1.882649536508142E+00
2924 1.809280338911705E+00
2925 1.845004753570169E+00
2926 -1.174197294779419E+00
2927 -1.392126746406741E+00
2928 2.529390844516496E+00
2929 2.325455438440438E+00
2930 -6.006478492458793E-01
2931 -4.758799140679525E-01
2932 -4.934278694982319E-01
2933 1.031164072425595E+00
2934 9.985639790868587E-01
2935 1.203282049129360E+00
2936 6.839982586867093E-01
2937 7.250066201174732E-01
2938 6.023430640548506E-01
2939 1.580050667082951E+00
2940 1.636154875859889E+00
2941 1.574744638390892E+00
2942 9.225872068836498E-01
2943 8.788277676135395E-01
2944 1.210731123504954E+00
2945 1.348230020840734E+00
2946 1.141898197884206E+00
2947 -5.199317593612278E-01
2948 -6.024772942056040E-01
2949 1.742544243356064E+00
2950 1.699338398046932E+00
2951 3.242131222747956E-02
2952 2.662336847798752E-03
2953 1.118732958133138E+00
2954 1.293360851227772E+00
2955 9.713516356860123E-01
2956 9.843700600339995E-01
2957 9.783455602488751E-01
2958 1.080554817069971E+00
2959 1.146189988637506E+00
2960 1.985443011949141E+00
2961 1.829731140352136E+00
2962 1.900069672116077E+00
2963 -4.865971140860719E-01
2964 -3.738341352139006E-01
2965 8.363945057048230E-01
2966 8.357467798530970E-01
2967 1.865167131073511E+00
2968 1.808508607210704E+00
2969 1.616319868739807E+00
2970 1.660003011419244E+00
2971 8.681984204055844E-01
2972 8.925226107343782E-01
2973 9.357443200038702E-01
2974 1.028991653428031E+00
2975 1.039839154062340E+00
2976 1.704022389465094E+00
2977 1.678568119638406E+00
2978 1.383791856930446E-01
2979 -7.089022465955598E-02
2980 7.866931803070156E-01
2981 7.345237873291162E-01
2982 -8.836099592042981E-01
2983 -1.013410689848639E+00
2984 -7.833895145512115E-01
2985 9.514167605199024E-01
2986 9.436871934543922E-01
2987 1.017269560832898E+00
2988 9.180005439403263E-01
2989 1.096992509043891E+00
2990 1.140894200111906E+00
2991 -1.677834376379604E-01
2992 -2.958993302574828E-01
2993 -2.793350185953999E-01
2994 1.405518845876241E+00
2995 1.196668446228630E+00
2996 1.369645836198812E+00
2997 -6.928579175892828E-01
2998 -9.003750830873345E-01
2999 3.504750127601324E+00
3000 3.381179981931000E+00
3001 3.491923445198370E+00
3002 1.720893630553694E+00
3003 1.669409473819446E+00
3004 1.523895293425420E+00
3005 3.246089878872668E+00
3006 3.218952532017417E+00
3007 4.794110142223266E-01
3008 5.617049420930501E-01
3009 5.734897451578322E-01
3010 1.478854074335022E+00
3011 1.614586987766193E+00
3012 8.752392660290114E-01
3013 8.670182901218447E-01
3014 9.757888991866641E-01
3015 1.123722405555873E+00
3016 9.451233373360655E-01
3017 9.905231994641019E-01
3018 9.588145161194462E-01
3019 1.846645881035129E+00
3020 2.053424429970693E+00
3021 1.889943713988183E+00
3022 2.394625654580748E+00
3023 2.265897165853461E+00
3024 1.759966394914453E+00
3025 1.800052153487091E+00
3026 2.332700370391891E+00
3027 2.361726336159037E+00
3028 2.484791544843882E+00
3029 4.786794403722680E-01
3030 5.342248673113716E-01
3031 6.761273699155868E-01
3032 1.095182921251205E+00
3033 1.077845752409786E+00
3034 1.069647078456827E+00
3035 2.469635263941624E+00
3036 2.344791940214950E+00
3037 9.650238059860873E-01
3038 9.762630650214256E-01
3039 2.007450927019501E+00
3040 2.254208348583578E+00
3041 2.199799784225998E+00
3042 2.861610308835645E+00
3043 3.004102341684171E+00
3044 3.010770767356076E+00
3045 1.050215961146537E+00
3046 1.171976393325116E+00
3047 1.015689474369264E+00
3048 1.022541805663292E+00
3049 1.022400811876868E+00
3050 1.009458058079004E+00
3051 1.013735458029449E+00
3052 2.555939814908433E+00
3053 2.674359310972850E+00
3054 2.689404147234740E+00
3055 1.784498402461826E+00
3056 1.353291482010597E+00
3057 1.284369776814695E+00
3058 4.447853035949503E-01
3059 4.437928045642723E-01
3060 3.987242492654696E-01
3061 9.715049866007213E-01
3062 9.664315722348576E-01
3063 9.597889590602108E-01
3064 1.526326571181817E+00
3065 1.601746829589880E+00
3066 9.694785255339586E-01
3067 9.608170581236098E-01
3068 -1.950312932498125E-01
3069 -3.580541162208674E-01
3070 -4.891435518907365E-01
3071 1.707330720684440E+00
3072 1.673766652434178E+00
3073 1.855081730811834E+00
3074 2.000878801461993E+00
3075 2.949509867237574E-01
3076 3.816237627970171E-01
3077 3.411159880663507E-01
3078 -8.069568354439984E-01
3079 -9.372238387447558E-01
3080 -9.567683895130005E-01
3081 8.936348582404122E-01
3082 8.473762754398804E-01
3083 9.064308846680551E-01
3084 9.138071004622901E-01
3085 9.600988915706865E-01
3086 9.244152702779025E-01
3087 2.533472592860031E+00
3088 2.774215054670035E+00
3089 9.470384187822336E-01
3090 1.844269365102599E+00
3091 1.897869271270278E+00
3092 1.805097677831189E+00
3093 1.439117631069705E+00
3094 1.378524986340731E+00
3095 9.524434911965540E-01
3096 9.579657340526753E-01
3097 1.061188779207476E+00
3098 1.043846853321467E+00
3099 1.970137674504880E+00
3100 2.144631704938153E+00
3101 2.174833251168979E+00
3102 8.960576344330593E-01
3103 7.722506646819758E-01
3104 8.763398948813095E-01
3105 2.250511069529779E+00
3106 1.709695513895580E+00
3107 1.725427677028808E+00
3108 1.759761519968400E+00
3109 3.058908739224812E+00
3110 2.941309485359147E+00
3111 3.155408977806084E+00
3112 8.198260874524690E-01
3113 8.068525072600465E-01
3114 9.537310255329656E-01
3115 9.352513681172925E-01
3116 9.324942960983089E-01
3117 3.992959201233818E-01
3118 3.451475934612497E-01
3119 3.454902105248404E-01
3120 1.771072432343515E+00
3121 1.574713464304896E+00
3122 1.674617051224127E+00
3123 8.192965733437241E-01
3124 8.835801794121296E-01
3125 8.277361033966639E-01
3126 1.166985784132652E-01
3127 1.829501314318584E-01
3128 1.741861702844360E-01
3129 9.891180781795024E-01
3130 9.821919559065428E-01
3131 9.974035417774276E-01
3132 6.290107325963616E-01
3133 5.726487386335982E-01
3134 6.003785000676457E-01
3135 1.009200162739817E+00
3136 1.026558792006162E+00
3137 1.060064376175669E+00
3138 1.009411509303873E+00
3139 1.059715393311434E+00
3140 1.026744316178823E+00
3141 1.488081512876629E+00
3142 1.460470358435196E+00
3143 1.257727028206248E+00
3144 1.291496759928754E+00
3145 1.234967052370503E+00
3146 3.715669655891120E-01
3147 4.138006602260412E-01
3148 3.117527922419389E-01
3149 1.110269161755302E+00
3150 1.127374956979280E+00
3151 1.132289878092019E+00
3152 2.381132353929481E+00
3153 2.279521131800494E+00
3154 2.066733982131474E+00
3155 2.227229074253213E+00
3156 -1.531920732439012E+00
3157 -1.351625290190394E+00
3158 -8.313402983981357E-01
3159 -6.626241998227387E-01
3160 -7.352300637581577E-01
3161 8.485285374654534E-01
3162 8.414229865071434E-01
3163 8.506287822320087E-01
3164 1.789807414808310E+00
3165 1.343109035447553E+00
3166 1.308244394219463E+00
3167 1.348946961857719E+00
3168 8.424474420062535E-01
3169 8.373508091655868E-01
3170 9.084086010087637E-01
3171 9.758262835174536E-01
3172 1.088379782601015E+00
3173 1.116734587725832E+00
3174 1.115286839445915E+00
3175 1.246399646632250E+00
3176 1.291373938459766E+00
3177 4.268842719422875E-02
3178 1.250893300682701E-01
3179 -5.699984219866680E-02
3180 -2.276521088341371E-01
3181 1.101434613061648E+00
3182 1.130852581755126E+00
3183 1.170686431031961E+00
3184 1.100463246528616E+00
3185 1.169886612862439E+00
3186 1.130484450984043E+00
3187 2.404952397009311E-01
3188 2.913929110325032E-01
3189 2.882186714247682E-01
3190 2.107198155310441E+00
3191 2.086596929212041E+00
3192 1.792279386850492E-01
3193 9.438899606466485E-01
3194 9.363210983834953E-01
3195 4.376486978747203E-01
3196 6.276676858828163E-01
3197 5.555168721287138E-01
3198 9.723150228774644E-01
3199 9.734640146385929E-01
3200 4.537906322139218E-01
3201 4.432960099310455E-01
3202 9.097212246211709E-01
3203 9.780912665381521E-01
3204 6.551833038391358E-01
3205 6.830514755928185E-01
3206 8.545468492079400E-01
3207 8.458125828819882E-01
3208 9.322754070404855E-01
3209 1.750944230833456E+00
3210 1.795715369975121E+00
3211 1.774166809479782E+00
3212 2.228235426950794E+00
3213 2.144422705970354E+00
3214 2.123178781320499E+00
3215 1.585720395026650E+00
3216 1.618096877674059E+00
3217 1.656249843753318E+00
3218 1.638427377083496E+00
3219 2.313894367728478E+00
3220 2.413414384638450E+00
3221 7.947941941437242E-01
3222 8.097457138078488E-01
3223 8.937125309679786E-01
3224 9.490913844139841E-01
3225 4.086537972999231E-01
3226 3.912546172943031E-01
3227 3.543189352289446E-01
3228 3.141511359333833E-01
3229 3.979491683262327E-01
3230 1.697537634448048E+00
3231 1.691119335694100E+00
3232 1.657039268725487E+00
3233 2.883701038247843E+00
3234 2.808232681026867E+00
3235 2.746298701236340E+00
3236 2.258966988810694E-01
3237 2.375931292682970E-01
3238 2.133551946689597E+00
3239 2.325958571162611E+00
3240 2.256928625369783E+00
3241 2.248852551858139E+00
3242 6.194169543899508E-01
3243 5.602361311709116E-01
3244 1.339398337628909E+00
3245 1.313827155852028E+00
3246 1.787772608790454E+00
3247 1.812474912196705E+00
3248 1.743316291934266E+00
3249 -8.017432236893948E-02
3250 -2.755261170473611E-01
3251 7.856176936019427E-01
3252 8.414434813246137E-01
3253 2.279413031614582E+00
3254 2.370740592027980E+00
3255 2.416695104424732E+00
3256 1.924324567917775E+00
3257 1.911982624009226E+00
3258 2.076906865697294E+00
3259 9.213123041362012E-01
3260 9.273389120993111E-01
3261 9.224628600431913E-01
3262 9.414354182490727E-01
3263 9.391249605200407E-01
3264 1.250610982426505E+00
3265 1.228015666859232E+00
3266 1.281899961418168E+00
3267 1.732938570634465E+00
3268 2.408663176064929E+00
3269 2.234431194316074E+00
3270 1.584777547132730E+00
3271 1.510598665143820E+00
3272 1.667563771336086E+00
3273 1.550978945013933E+00
3274 1.465185331216859E+00
3275 3.018315047546303E-01
3276 2.924061482556066E-01
3277 4.178989881549102E-01
3278 3.245293752556603E-01
3279 3.451904118769955E-01
3280 3.554614304478392E-01
3281 8.165361558935400E-01
3282 8.082141644837564E-01
3283 8.206314806472983E-01
3284 -6.111915270317378E-01
3285 -5.382256888642987E-01
3286 4.325714629352746E-01
3287 2.622537819876937E-01
3288 1.858250990671238E+00
3289 1.919959636603806E+00
3290 1.906796521319702E+00
3291 1.669997527126200E-01
3292 2.004206181019375E-04
3293 2.768319373947505E-01
3294 3.218647120739791E+00
3295 6.451714150979520E-01
3296 6.757206887661351E-01
3297 1.231745851115361E+00
3298 1.198271917841523E+00
3299 5.090594555891377E-01
3300 4.631738295509383E-01
3301 2.144777520462981E+00
3302 1.373898810081102E+00
3303 1.333183025014459E+00
3304 2.264480519711788E-01
3305 1.601622543458437E-01
3306 2.062674548771612E+00
3307 2.032352842901767E+00
3308 1.971356405921668E+00
3309 1.082415905348307E+00
3310 1.097568792873501E+00
3311 1.185074599220994E+00
3312 1.092712645287579E+00
3313 1.069503939878960E+00
3314 1.029834445026247E+00
3315 1.036363633599916E+00
3316 1.033643012617198E+00
3317 8.369936360696020E-01
3318 8.300439256188967E-01
3319 2.223793381987583E+00
3320 7.597356478640127E-01
3321 7.380302803287910E-01
3322 4.732512314366717E-02
3323 -1.298697672428500E-01
3324 6.035380172239860E-02
3325 9.959920462401197E-01
3326 9.938753137621845E-01
3327 1.119802021696242E+00
3328 1.079287232010655E+00
3329 1.098856626507339E+00
3330 1.137679703529493E+00
3331 8.173206189642326E-01
3332 8.269792901355915E-01
3333 -3.489299552353179E-01
3334 -4.416160581262374E-01
3335 -4.808090555192643E-01
3336 -2.130733230269221E-01
3337 -3.428287395975400E-01
3338 2.589697451073435E+00
3339 2.553197019537277E+00
3340 9.544442888568829E-01
3341 8.644480167730459E-01
3342 1.478336575101095E+00
3343 1.577415702440975E+00
3344 1.651840576802881E+00
3345 1.836318216858702E+00
3346 8.897536334146210E-01
3347 8.836999443763258E-01
3348 8.760200605843381E-01
3349 4.901632081978128E-01
3350 9.020192235538971E-01
3351 8.987437976117170E-01
3352 8.925961884956740E-01
3353 1.118165645436518E+00
3354 1.148303477640851E+00
3355 2.613061912074402E+00
3356 2.658811215006672E+00
3357 2.693271924979028E+00
3358 8.870205949091303E-01
3359 8.668214614571083E-01
3360 8.707898205385830E-01
3361 1.114711748463928E+00
3362 1.081828837685704E+00
3363 9.394166541346601E-01
3364 2.228763002384478E+00
3365 2.279078371273445E+00
3366 6.893344289423053E-01
3367 6.530180551365674E-01
3368 9.009000907484094E-03
3369 7.682906270280546E-02
3370 9.291417148244283E-01
3371 9.076706015925861E-01
3372 9.127566115491905E-01
3373 8.211483505458135E-01
3374 8.811355242876515E-01
3375 7.128513878646916E-01
3376 8.431720456503611E-01
3377 7.476580478482828E-01
3378 1.005204540335917E+00
3379 9.958296637599839E-01
3380 1.049874454033979E+00
3381 8.958075956888897E-01
3382 1.440028421339199E+00
3383 1.518600132754961E+00
3384 1.449770656690274E+00
3385 9.819755209424551E-01
3386 9.834652085516173E-01
3387 9.916122514856649E-01
3388 7.120318651117372E-01
3389 5.307174934869219E-01
3390 2.896894755337188E+00
3391 2.974463038699919E+00
3392 7.073789815910833E-01
3393 8.127483850302173E-01
3394 1.304368223314599E+00
3395 1.334062842195113E+00
3396 2.113129249221338E+00
3397 9.071207441317533E-01
3398 8.876573927792770E-01
3399 1.325465526007134E+00
3400 1.333723510030451E+00
3401 6.187594362469964E-01
3402 7.088688249829069E-01
3403 1.033216961836090E+00
3404 1.052864264295604E+00
3405 1.782612427895930E+00
3406 -7.360325205458521E-01
3407 -9.483359087047719E-01
3408 -2.737268187753189E-01
3409 -1.794131434575414E-01
3410 3.206277685178271E-01
3411 1.093463070959677E-01
3412 1.414051569136606E+00
3413 1.371143322238491E+00
3414 1.447038366509080E+00
3415 -3.758849532421285E-01
3416 -5.059398278004343E-01
3417 9.772975752689275E-01
3418 9.846412734999116E-01
3419 9.739046506145647E-01
3420 -4.299670089647851E-01
3421 -4.676382076267931E-01
3422 -3.320143789008907E-01
3423 8.245373517255197E-01
3424 8.116693493986600E-01
3425 1.034783143719249E+00
3426 1.001814059610120E+00
3427 3.630778550344679E-01
3428 2.996374789617864E-01
3429 1.809076761629678E+00
3430 3.144858425514907E+00
3431 2.963545336943086E+00
3432 1.029020318449406E+00
3433 1.068293729849456E+00
3434 1.018655691412605E+00
3435 5.960013360846382E-01
3436 6.281925538625868E-01
3437 5.952681625913141E-01
3438 1.628114793015023E+00
3439 1.698126043772776E+00
3440 1.652806682902645E+00
3441 9.595100864673693E-01
3442 9.664308976440987E-01
3443 9.864851362308262E-01
3444 -2.880962359231932E-01
3445 -3.913493763392104E-01
3446 1.622304750047411E+00
3447 1.463324174415725E+00
3448 9.048319810354452E-01
3449 8.998893972978921E-01
3450 8.966243302584919E-01
3451 8.978994475658479E-01
3452 9.060065474469636E-01
3453 9.901484293390604E-01
3454 9.999014513146192E-01
3455 1.003391486627917E+00
3456 2.923860526685284E+00
3457 3.077781963066459E+00
3458 3.000080466871483E+00
3459 1.775288861183838E+00
3460 1.710357506314099E+00
3461 9.321261828007050E-01
3462 9.492878934687172E-01
3463 9.785976098062255E-01
3464 2.911037857778469E+00
3465 3.018974146473062E+00
3466 1.734137724804439E+00
3467 1.517236634670444E+00
3468 -7.811654604557614E-01
3469 -6.641488908921119E-01
3470 8.395340242470567E-01
3471 8.319214170407194E-01
3472 1.516264244285586E+00
3473 1.642945636073724E+00
3474 1.616677882002791E+00
3475 8.661811933928381E-01
3476 8.739725473614146E-01
3477 8.688088912966399E-01
3478 1.247065664680298E+00
3479 1.128471464445922E+00
3480 2.233713846625827E+00
3481 2.173792199909841E+00
3482 3.670351468184476E+00
3483 3.498017298849285E+00
3484 3.521788190564948E+00
3485 1.297606235172652E+00
3486 1.072616611635741E+00
3487 1.451685582892481E+00
3488 1.386783798680857E+00
3489 1.435283904804020E+00
3490 8.182437600599932E-01
3491 8.035926598730554E-01
3492 8.097642888860331E-01
3493 2.762958807803341E+00
3494 2.860345008804538E+00
3495 2.931248674992340E+00
3496 1.469632027360201E+00
3497 1.386251531219003E+00
3498 1.891276229340914E+00
3499 1.891088552825069E+00
3500 1.840289493304172E+00
3501 1.181086044801050E+00
3502 1.250324289232865E+00
3503 8.151375268463426E-01
3504 7.659274585876972E-01
3505 2.575064263175188E+00
3506 2.715528576490200E+00
3507 1.422758997358673E+00
3508 1.428456816849954E+00
3509 1.375170614794529E+00
3510 7.972689654476549E-01
3511 8.542243571131423E-01
3512 8.552472843060650E-01
3513 2.876926208797405E+00
3514 2.956283188922346E+00
3515 3.074450695881106E+00
3516 2.575114507207814E+00
3517 1.134369699582800E+00
3518 1.155776185676014E+00
3519 1.587723861168946E+00
3520 1.576626720409400E+00
3521 1.539937867535810E+00
3522 -7.170723968748914E-01
3523 -4.592764511348869E-01
3524 -5.549691934037961E-01
3525 5.634892681611472E-01
3526 5.308232262971683E-01
3527 7.694592027308178E-01
3528 1.000571625328166E+00
3529 1.005117254808525E+00
3530 7.357227601024399E-01
3531 7.031114739894365E-01
3532 7.057403219836222E-01
3533 1.871128418974921E+00
3534 1.777044703169427E+00
3535 1.736395627883669E+00
3536 1.940806908028186E+00
3537 1.996332751987783E+00
3538 2.031670924135614E+00
3539 1.806757932983496E+00
3540 1.106311485589443E+00
3541 8.016830822803203E-01
3542 8.517912756173690E-01
3543 2.108289956343391E+00
3544 1.981681884403321E+00
3545 1.186781426119328E+00
3546 1.302809991780130E+00
3547 8.319768419374458E-01
3548 8.329508457870403E-01
3549 1.964015927631765E+00
3550 1.875717942734623E+00
3551 2.359840969481216E+00
3552 2.240091324122282E+00
3553 1.038405394006894E+00
3554 1.049080175734450E+00
3555 9.740852801696314E-01
3556 9.665923578030498E-01
3557 9.662673117806186E-01
3558 1.160870894354126E+00
3559 1.110410627533773E+00
3560 1.150792766509423E+00
3561 -1.190711933223974E-01
3562 1.590963185044924E-02
3563 -9.431413564387769E-03
3564 9.646013656615167E-01
3565 1.010414340565537E+00
3566 8.676956574352516E-01
3567 8.622149365717906E-01
3568 1.263942806296804E+00
3569 1.297452784115916E+00
3570 1.260818239422695E+00
3571 9.690510241783161E-01
3572 -5.717360211077378E-01
3573 3.193542448718637E+00
3574 1.116461842928589E+00
3575 1.151349743941379E+00
3576 2.348536981383647E+00
3577 8.338179118605684E-01
3578 8.372416070199008E-01
3579 8.266632542273149E-01
3580 9.155743179874669E-01
3581 9.206793827526231E-01
3582 1.111201917140498E+00
3583 1.075209708666332E+00
3584 2.574087962374235E+00
3585 2.712850198215835E+00
3586 9.327727392058911E-01
3587 1.910651468377520E+00
3588 1.989496294991826E+00
3589 1.931983088127283E+00
3590 1.754017785437212E+00
3591 3.091540346040254E+00
3592 1.010650722678046E+00
3593 2.057458972525970E+00
3594 2.063688551696451E+00
3595 8.370087623153021E-01
3596 7.924125183837154E-01
3597 1.848204994608170E+00
3598 1.921604722301182E+00
3599 1.181748249219068E+00
3600 1.245201522278865E+00
3601 9.847175950993393E-01
3602 1.093459777904908E+00
3603 9.302537921326512E-01
3604 9.329117798178393E-01
3605 9.367703755262087E-01
3606 8.842244637019733E-01
3607 9.422926786342851E-01
3608 1.732020579557710E+00
3609 1.805336788117868E+00
3610 5.993518888002720E-01
3611 5.712519268140233E-01
3612 9.164851326433419E-01
3613 9.354704753913041E-01
3614 2.208879466993577E+00
3615 2.318519986134369E+00
3616 2.189336447658054E+00
3617 8.601680973416281E-01
3618 8.122905908139478E-01
3619 8.108750086165167E-01
3620 -9.101075040292573E-01
3621 -8.081330570539280E-01
3622 -1.024327025006763E+00
3623 2.200530985392479E+00
3624 2.195906926554759E+00
3625 2.302480725545926E+00
3626 9.682962258035172E-01
3627 9.528534673467961E-01
3628 1.668703114359316E+00
3629 1.619939958397898E+00
3630 1.714000228519097E+00
3631 8.613386070579676E-01
3632 8.556742807036449E-01
3633 1.025454107533433E+00
3634 9.725668001835837E-01
3635 1.083817995023389E+00
3636 1.083224268537477E+00
3637 1.384328057475466E-01
3638 2.080063284357176E+00
3639 2.179889527927366E+00
3640 8.097059895932961E-01
3641 8.231838788197545E-01
3642 1.836640793100314E+00
3643 1.889227280679647E+00
3644 1.778203098159197E+00
3645 9.508214360395570E-01
3646 9.446159370265139E-01
3647 9.523874957839372E-01
3648 2.124435103207752E+00
3649 2.221964098294709E+00
3650 1.578807754407354E+00
3651 1.538185570666687E+00
3652 1.619261349535265E+00
3653 2.802108827651568E+00
3654 2.964674993346942E+00
3655 3.190478280495785E+00
3656 3.351263919909908E+00
3657 3.197642611528758E+00
3658 9.041361360425505E-01
3659 7.626287814003894E-01
3660 1.280453980550776E+00
3661 1.314558967080041E+00
3662 1.232175452796010E+00
3663 1.020312676309094E+00
3664 9.933438056068810E-01
3665 1.020370272854783E+00
3666 9.931643863001893E-01
3667 8.226680884941628E-01
3668 2.045738403846836E+00
3669 2.128080702571462E+00
3670 1.898277976457035E+00
3671 1.841279130593195E+00
3672 4.283373563383677E-01
3673 2.757562994324150E+00
3674 2.640560623183163E+00
3675 -4.696365615863560E-01
3676 -4.462222058947203E-01
3677 -6.748974036346920E-01
3678 1.943815204254409E+00
3679 2.004715633822245E+00
3680 1.508666919961888E+00
3681 1.422398080734204E+00
3682 1.326177400153252E+00
3683 1.300672010550633E+00
3684 3.289896961643711E+00
3685 3.098851428019366E+00
3686 9.961764245269480E-01
3687 9.950867743890173E-01
3688 1.145464250225687E+00
3689 1.143774832516833E+00
3690 1.337477462525485E+00
3691 1.336217441580764E+00
3692 2.027128853524632E+00
3693 6.536571912800664E-01
3694 4.072814707759558E-01
3695 2.969644931705621E-01
3696 8.816797960843377E-01
3697 8.116811092076168E-01
3698 9.569143023133302E-01
3699 1.004952917391803E+00
3700 9.271832437569805E-01
3701 1.356703953129923E+00
3702 1.360211328808820E+00
3703 1.481946938538294E+00
3704 1.743199465346287E+00
3705 1.786964524933772E+00
3706 1.698532156339222E+00
3707 1.736973925805885E+00
3708 3.155857070716871E+00
3709 1.061279104592774E+00
3710 1.037326105734780E+00
3711 2.915754864453790E+00
3712 1.900154782798198E+00
3713 1.223020449800817E+00
3714 1.257815408534804E+00
3715 2.073514056612818E+00
3716 -4.133722942354147E-01
3717 1.843419307932893E+00
3718 9.568722155920433E-01
3719 9.652096520639279E-01
3720 1.723584055066679E+00
3721 6.533147418162870E-01
3722 6.579219465026447E-01
3723 8.326408000158161E-01
3724 8.045262981677396E-01
3725 8.301928412231047E-01
3726 2.217620224081136E+00
3727 8.500401553594448E-01
3728 8.968593167255063E-01
3729 8.979814093623856E-01
3730 8.522354689396905E-01
3731 1.171652339770189E+00
3732 1.212291659348887E+00
3733 8.638009337811443E-01
3734 8.397351111331296E-01
3735 -5.741557355137170E-01
3736 -7.217122357907055E-01
3737 8.657642361019275E-01
3738 8.896578039812659E-01
3739 1.433906847114084E+00
3740 1.415045226132576E+00
3741 1.461750151503294E+00
3742 -1.124491022726857E+00
3743 -8.446273066434455E-01
3744 6.590489553978537E-02
3745 -1.056183312578863E-01
3746 9.581885493273246E-01
3747 9.507877799438100E-01
3748 1.542787007850442E+00
3749 1.528628893170759E+00
3750 1.614805460132806E+00
3751 8.983876250270002E-01
3752 9.327128595399918E-01
3753 9.583814217962082E-01
3754 9.363666546161168E-01
3755 1.557461909396498E+00
3756 1.508042552819201E+00
3757 1.565176449234431E+00
3758 1.415264780786643E+00
3759 1.423253897673112E+00
3760 1.403209126309777E+00
3761 1.412734015901642E+00
3762 9.870352885834537E-01
3763 1.000914538678407E+00
3764 1.984813559288370E+00
3765 2.058519456495921E+00
3766 2.917314077099918E+00
3767 2.814275573973483E+00
3768 1.505594350572448E+00
3769 1.537906605704990E+00
3770 1.768552966080510E+00
3771 1.969210368515726E+00
3772 -1.151971082874117E+00
3773 -1.357222979798851E+00
3774 1.473424760909441E+00
3775 1.619842701584550E+00
3776 -9.868843967097245E-01
3777 -1.072851115737306E+00
3778 1.094980256601826E+00
3779 1.008701607070812E+00
3780 7.192625040357481E-01
3781 7.015346088295629E-01
3782 1.683685707183672E+00
3783 1.605267263546392E+00
3784 1.603485728509120E+00
3785 1.147873643725311E+00
3786 1.126507457537070E+00
3787 1.542826505702817E+00
3788 7.938402734559655E-01
3789 6.430806066875114E-01
3790 6.789428938693731E-01
3791 6.977872214435157E-01
3792 2.140516618915843E+00
3793 1.011306211646918E+00
3794 1.266047154932941E+00
3795 1.213265314163579E+00
3796 1.278076773042216E+00
3797 1.987164584371254E+00
3798 1.040409975855073E+00
3799 1.548238280799302E+00
3800 1.479026356617803E+00
3801 1.578997886967907E+00
3802 9.505192801611626E-01
3803 1.400279729922314E+00
3804 1.615634335785335E+00
3805 1.736470397108486E+00
3806 1.135264456941790E+00
3807 1.185488964752881E+00
3808 1.748807393070251E+00
3809 1.784968354729121E+00
3810 3.240074821959479E+00
3811 -2.453022598421059E-01
3812 -2.368637670170888E-01
3813 -3.376162172259636E-01
3814 8.304956402822523E-01
3815 9.701081700457742E-01
3816 1.522765335945198E+00
3817 1.410991730426157E+00
3818 1.630259222516963E+00
3819 1.632946875019492E+00
3820 1.110908161652871E+00
3821 1.168566460681080E+00
3822 1.219985419767288E+00
3823 1.740566048212546E+00
3824 1.744411103699721E+00
3825 1.773263026346224E+00
3826 1.394944241982373E+00
3827 1.381131355898602E+00
3828 1.019412611932891E+00
3829 1.218543496298398E+00
3830 -5.675894471482972E-01
3831 -6.449932122029380E-01
3832 -4.940640513528131E-01
3833 2.331435623015946E-01
3834 3.831697600861791E-01
3835 9.897816373892883E-01
3836 3.603129622633991E+00
3837 3.438248642708078E+00
3838 1.147297256664066E+00
3839 1.086777964228556E+00
3840 2.087320863133888E+00
3841 2.141118067818304E+00
3842 1.196811827120680E-01
3843 6.159446409046685E-01
3844 6.102298410865649E-01
3845 5.869045748363160E-01
3846 1.083415982946915E+00
3847 9.637955010673307E-01
3848 8.467111262571763E-01
3849 2.847503435063489E+00
3850 2.679392740519706E+00
3851 1.122169468942143E+00
3852 1.004407476996222E+00
3853 1.014016506881136E+00
3854 1.027077327224265E+00
3855 1.014960196539893E+00
3856 1.573939091677354E+00
3857 1.600253884989470E+00
3858 2.039123922657601E+00
3859 9.424082660331577E-01
3860 8.498334609538525E-01
3861 3.779959255501842E-01
3862 3.358146402658137E-01
3863 3.791371449085490E-01
3864 1.390272100540611E+00
3865 1.302990278580854E+00
3866 5.989590558236477E-01
3867 6.532991154800858E-01
3868 5.702084786917034E-01
3869 7.844924988060638E-01
3870 1.861399721149511E+00
3871 1.220247324613082E+00
3872 1.217918142200685E+00
3873 2.502196824927557E+00
3874 9.814914754930592E-01
3875 1.024442914188654E+00
3876 1.032679963321302E+00
3877 9.888459812924189E-01
3878 9.134382110214219E-01
3879 9.149149004230970E-01
3880 1.570474033596087E+00
3881 1.546771707163864E+00
3882 1.608019146059962E+00
3883 2.809865418017314E+00
3884 8.895782506412733E-01
3885 9.004471692716873E-01
3886 1.542153052310996E+00
3887 1.225877412194681E+00
3888 1.073554496302205E+00
3889 4.824835396393589E-01
3890 4.692829041341555E-01
3891 4.361372368063793E-01
3892 8.951029420906509E-01
3893 8.801988719174749E-01
3894 9.367319238046568E-01
3895 1.052534781219608E+00
3896 1.049810789755425E+00
3897 1.066549307381422E+00
3898 2.215350275033682E+00
3899 1.604813037084714E+00
3900 1.645651398435145E+00
3901 2.838282493218880E-01
3902 1.101557805807331E+00
3903 1.136717471966687E+00
3904 1.121857580167769E+00
3905 1.146077029743837E+00
3906 1.714638275768523E+00
3907 1.016480796233242E+00
3908 1.005348378745114E+00
3909 1.015196523630536E+00
3910 1.717667952458994E+00
3911 1.662272005096606E+00
3912 1.800647329938929E+00
3913 2.790647657761855E+00
3914 5.408647159869220E-01
3915 5.589028989801401E-01
3916 1.711511815886572E+00
3917 1.687377317649398E+00
3918 2.948293935718593E+00
3919 3.078670888087231E+00
3920 6.162823741720913E-01
3921 7.133183638248163E-01
3922 7.238009538420546E-01
3923 1.037488105437004E+00
3924 1.026391955532598E+00
3925 1.311339772762401E+00
3926 1.343468273377999E+00
3927 1.158664950148496E+00
3928 1.023952647418979E+00
3929 9.323890409880848E-01
3930 1.556424566152597E+00
3931 1.482449916798531E+00
3932 8.435191408474483E-01
3933 8.412841440236078E-01
3934 -1.048249611333809E+00
3935 -1.205274016730311E+00
3936 1.880444810656350E+00
3937 4.902220494756446E-01
3938 8.569887682205974E-01
3939 8.297456146352851E-01
3940 1.789248422921596E+00
3941 1.796154446612107E+00
3942 1.279674764144955E+00
3943 1.279839601345553E+00
3944 5.981664310401920E-01
3945 4.527153973547490E-01
3946 1.312209865870897E+00
3947 1.403378042312385E+00
3948 8.001924601962961E-01
3949 7.518250614143447E-01
3950 2.743312682739460E+00
3951 2.897925465985288E+00
3952 8.524495417039506E-01
3953 8.269806804089085E-01
3954 1.683248098477657E+00
3955 1.841345771841292E+00
3956 1.690875041686343E+00
3957 5.539252051974439E-01
3958 6.906619284017501E-01
3959 8.082737309666431E-01
3960 1.682583576528529E+00
3961 1.610632698407568E+00
3962 1.311805214175121E+00
3963 1.308283038723261E+00
3964 1.246924411123163E+00
3965 1.039097882779996E+00
3966 1.047631183972224E+00
3967 3.478405086855632E+00
3968 3.337098517136567E+00
3969 2.963563292099988E+00
3970 3.021277004801227E+00
3971 1.896848676140796E+00
3972 1.856029815647157E+00
3973 9.433386957148202E-01
3974 1.200263395796945E+00
3975 1.098599236578040E+00
3976 2.995108035124582E+00
3977 3.124305445462808E+00
3978 1.091093858251501E+00
3979 1.047192353050312E+00
3980 1.077807491067042E+00
3981 9.441921810197087E-01
3982 9.441230486610326E-01
3983 1.464868141504416E+00
3984 1.540448233020765E+00
3985 8.787226210645258E-01
3986 8.824329171890660E-01
3987 1.035347893228797E+00
3988 1.047030702430631E+00
3989 1.032272626617039E+00
3990 1.046185045139786E+00
3991 1.469628696758775E+00
3992 -4.991051697974147E-01
3993 2.071690507914554E+00
3994 2.147729893053246E+00
3995 2.375197662145152E+00
3996 1.006185570697331E+00
3997 1.068239776017722E+00
3998 1.038203676089295E+00
3999 1.022772218702087E+00
4000 1.025900903068199E+00
4001 1.407224985672733E+00
4002 1.541775268065081E+00
4003 9.958253899441187E-01
4004 7.286073444942349E-01
4005 7.048577291926164E-01
4006 7.097470731312547E-01
4007 7.042885814260232E-01
4008 6.821314460136128E-01
4009 2.126388920452781E+00
4010 2.014163433247637E+00
4011 4.543129834207023E-01
4012 3.518272361026558E-01
4013 4.632168247300522E-01
4014 9.126095433278415E-01
4015 6.628008632746183E-01
4016 7.210690954159211E-01
4017 1.812522952251036E+00
4018 1.576633091561872E+00
4019 1.652207513300003E+00
4020 1.626006792416969E+00
4021 7.329919279793322E-01
4022 7.706168433064702E-01
4023 1.134437778850844E+00
4024 1.167259398815769E+00
4025 1.795564410907518E+00
4026 1.824468285117272E+00
4027 2.431344690677949E+00
4028 2.620332452948259E+00
4029 5.131812490416603E-01
4030 5.517035111611652E-01
4031 4.305169466553603E-01
4032 3.157340113868121E-01
4033 2.149112234705604E+00
4034 2.308027725488875E+00
4035 4.504650678461349E-01
4036 5.095741291795406E-01
4037 4.844501408566586E-01
4038 1.367457946286272E+00
4039 1.324361316008834E+00
4040 1.346360125172732E+00
4041 1.824210811188161E+00
4042 1.768761279931887E+00
4043 1.511196780949958E+00
4044 9.336314151238970E-01
4045 9.340729998824103E-01
4046 9.028432052220672E-01
4047 8.953460626708687E-01
4048 9.526073997188459E-01
4049 9.248932798785293E-01
4050 1.002707144233940E+00
4051 9.587254709116837E-01
4052 9.823444142733453E-01
4053 1.029441255954418E+00
4054 1.029437806870547E+00
4055 1.260026220795210E+00
4056 1.327640464289336E+00
4057 8.732761233716569E-01
4058 1.174472918635944E+00
4059 5.713813599754503E-01
4060 6.045082474984458E-01
4061 5.997738065153055E-01
4062 2.920212030895339E-01
4063 1.512060872370599E+00
4064 -1.322030188883352E+00
4065 -1.509227812314506E+00
4066 9.878784607168811E-01
4067 8.629104889049682E-01
4068 6.235882301943868E-01
4069 6.590515638642780E-01
4070 9.423692779077205E-01
4071 7.508237845420389E-01
4072 7.246907326959238E-01
4073 1.175004328734102E+00
4074 1.134673636856046E+00
4075 1.384884683615136E+00
4076 1.332788214711504E+00
4077 1.336566924083445E+00
4078 7.104904758405205E-01
4079 1.174381573289896E+00
4080 1.176071911529538E+00
4081 1.004870142403522E+00
4082 1.057839895094011E+00
4083 1.261243990476118E+00
4084 1.320782476187305E+00
4085 8.305983722538828E-01
4086 8.121721921569629E-01
4087 -4.443909446076463E-01
4088 -5.720121191771590E-01
4089 -4.615120794345728E-01
4090 1.136926080804867E+00
4091 1.104211016312112E+00
4092 6.032631187223403E-01
4093 6.044927537345217E-01
4094 1.740543300342200E+00
4095 8.041956268990107E-01
4096 7.595637181558057E-01
4097 1.192240951624892E+00
4098 1.226680652268942E+00
4099 -7.068275968867234E-02
4100 -1.567986018089544E-01
4101 -1.903553519221858E-01
4102 1.982776285006741E+00
4103 2.062751953418513E+00
4104 6.096177626784716E-01
4105 5.747799423848436E-01
4106 1.190991262996916E+00
4107 1.291016606169272E+00
4108 6.181294581082546E-01
4109 5.899278759742496E-01
4110 5.544978303662629E-01
4111 -3.111392903641443E-01
4112 -2.852523563602439E-01
4113 1.314444346865286E+00
4114 1.374505674969717E+00
4115 1.836449862286745E+00
4116 7.126051043691959E-01
4117 -6.448727904632237E-01
4118 -7.496894033596472E-01
4119 -7.684917177295765E-01
4120 -9.584701316978769E-01
4121 1.371414120230899E+00
4122 1.402237473433460E+00
4123 1.381636815337654E+00
4124 1.102765869738187E+00
4125 1.366664221180034E+00
4126 1.396082326354215E+00
4127 6.375401107795859E-01
4128 6.068130234325999E-01
4129 6.258444121131218E-01
4130 1.334016499539901E+00
4131 1.330690816679686E+00
4132 1.289896292193589E+00
4133 1.756219523221528E+00
4134 1.725739002782444E+00
4135 1.208343889474856E+00
4136 1.197072839828770E+00
4137 4.888500161247945E-01
4138 4.440781350367866E-01
4139 1.179345461567855E+00
4140 1.242705397565271E+00
4141 9.753719675780561E-01
4142 9.510965401497452E-01
4143 9.816370368741940E-01
4144 6.593130629162616E-01
4145 6.322380254688666E-01
4146 6.054843714577608E-01
4147 8.454620488488676E-01
4148 8.386991373670205E-01
4149 8.341227484564018E-01
4150 1.374640122707275E+00
4151 1.723457629626282E+00
4152 1.645285374991613E+00
4153 8.577967571864363E-01
4154 8.631396937359910E-01
4155 3.431479076929676E-02
4156 -9.324934026498885E-02
4157 3.272504812260815E+00
4158 -2.145827933184661E-01
4159 -5.081263636736479E-03
4160 5.856662743082435E-01
4161 4.999368730293449E-01
4162 7.525193760979071E-01
4163 2.300815719404289E-01
4164 1.705620651719586E+00
4165 1.793383398984939E+00
4166 5.330526883292712E-01
4167 4.957681208644091E-01
4168 4.936305051838413E-01
4169 5.324797931859808E-01
4170 -8.314660825436635E-01
4171 -1.319877314261247E-01
4172 -2.307403821692279E-01
4173 9.165381788175463E-01
4174 8.741216414959281E-01
4175 7.486025192983249E-01
4176 6.347504922303422E-01
4177 6.793202719390941E-01
4178 2.175913546624336E+00
4179 9.055908739805125E-01
4180 9.106135100243181E-01
4181 2.631721069856850E+00
4182 2.548101012772733E+00
4183 8.649989871072756E-01
4184 8.566085528031355E-01
4185 8.648780653183161E-01
4186 -8.133801592928108E-02
4187 -1.572740141038860E-01
4188 5.464087555560573E-01
4189 6.135074726399591E-01
4190 5.562597405609617E-01
4191 2.415878458340473E+00
4192 2.533759399073181E+00
4193 1.166872562306304E+00
4194 1.171078839868054E+00
4195 5.202466710221736E-01
4196 5.442751015763911E-01
4197 5.751658356186050E-01
4198 5.944408830736487E-01
4199 6.289528489955344E-01
4200 7.402442615352047E-01
4201 7.270834882365055E-01
4202 7.174429055034839E-01
4203 1.015401864862331E+00
4204 9.159386455313516E-01
4205 7.294794466490323E-01
4206 7.101902655630238E-01
4207 -5.404331052176311E-01
4208 1.209186728310328E+00
4209 3.471238075954492E+00
4210 3.645232743374225E+00
4211 1.179936476193411E+00
4212 1.159808142919992E+00
4213 4.686050333776280E-01
4214 4.276154803013504E-01
4215 2.595349334188770E+00
4216 2.674554700467194E+00
4217 6.615505211944861E-01
4218 6.866134054707976E-01
4219 6.219190334364655E-01
4220 5.760552262597565E-01
4221 5.930030601070664E-01
4222 1.091313161914741E+00
4223 1.150045918748658E+00
4224 8.475483853152719E-01
4225 8.511496987197342E-01
4226 1.024020570306145E+00
4227 3.257442409297278E+00
4228 3.235346643900130E+00
4229 8.648146055362025E-01
4230 8.713958927061619E-01
4231 1.221548268967666E+00
4232 1.263886831465978E+00
4233 8.838576790249920E-01
4234 8.769748334563485E-01
4235 1.363576850068713E+00
4236 1.429992711155718E+00
4237 1.344499054574722E+00
4238 9.750931000978487E-01
4239 9.056677983286144E-01
4240 9.201210653747085E-01
4241 2.100346544695720E+00
4242 2.180752845958869E+00
4243 1.483802886182731E+00
4244 3.824510599242685E-01
4245 3.345665953546102E-01
4246 3.595517184825067E-01
4247 1.460357964089894E+00
4248 1.408616051010353E+00
4249 1.213309795556976E+00
4250 1.535379696580291E+00
4251 1.571093636422551E+00
4252 1.513598041425284E+00
4253 1.940203806768499E+00
4254 2.091888894924190E+00
4255 9.091579777653069E-01
4256 9.027959835951969E-01
4257 9.069863157146223E-01
4258 9.090716585225689E-01
4259 9.069802385256025E-01
4260 9.028629649505844E-01
4261 1.031046459970279E+00
4262 1.031040470001594E+00
4263 9.108221052908834E-01
4264 1.015547753595667E+00
4265 7.162163744486216E-01
4266 6.881669675087205E-01
4267 7.081013651492513E-01
4268 1.722223023603171E+00
4269 9.109294533025383E-01
4270 -4.458639076017359E-01
4271 1.075312818917640E+00
4272 9.939170446744165E-01
4273 9.941836114442082E-01
4274 1.075617988880254E+00
4275 8.356838405255136E-01
4276 8.335386911093025E-01
4277 1.443204886870456E+00
4278 8.358839848968465E-01
4279 7.974172641415648E-01
4280 2.194226855318815E+00
4281 2.329796689348820E+00
4282 9.325307746618345E-01
4283 9.331102814906487E-01
4284 9.273682818287131E-01
4285 2.702690685196774E+00
4286 2.765438404005465E+00
4287 1.082722671089223E+00
4288 1.083127140817427E+00
4289 7.547448531748220E-01
4290 9.978757117385617E-01
4291 9.897410479097555E-01
4292 9.813118478757390E-01
4293 1.337947321702392E+00
4294 8.915548001650595E-01
4295 8.920586262386370E-01
4296 1.063912927234408E+00
4297 5.758707157433458E-01
4298 5.325937062121667E-01
4299 1.014648133024346E+00
4300 9.832452664112448E-01
4301 2.296709929199797E+00
4302 2.475133690856443E+00
4303 1.023319477755154E+00
4304 1.012675730053138E+00
4305 1.450587050394597E-01
4306 3.332418008734229E-01
4307 9.745201533932841E-01
4308 9.512470613938525E-01
4309 9.597221790567956E-01
4310 1.011434601406910E+00
4311 1.015242526178205E+00
4312 1.055795540734819E+00
4313 1.060827371534338E+00
4314 1.801240553731115E+00
4315 1.789297440959404E+00
4316 5.579810038668211E-01
4317 1.129210477334802E+00
4318 1.047281930421932E+00
4319 1.033365001303708E+00
4320 1.020922130122557E+00
4321 1.373925760797733E+00
4322 1.323491804383976E+00
4323 5.017786963052235E-01
4324 4.634641872013374E-01
4325 4.596580268379674E-01
4326 -1.877795178798090E-01
4327 -2.690493190066477E-01
4328 -2.909327835493050E-01
4329 4.992656475019033E-01
4330 3.692202541619186E-01
4331 5.091757498356624E-01
4332 4.653277236910912E-01
4333 8.652772831962386E-01
4334 8.721094575835131E-01
4335 8.559094771238667E-01
4336 8.653270321581340E-01
4337 7.644324656565107E-01
4338 7.309793132224962E-01
4339 4.441855493422429E-01
4340 4.121053606429417E-01
4341 3.969658024462711E-01
4342 6.413491153286086E-01
4343 6.105420792189775E-01
4344 1.120173081332358E+00
4345 1.101405544394232E+00
4346 8.041282413539383E-01
4347 8.177328587789161E-01
4348 6.463164157247254E-01
4349 6.674751059826338E-01
4350 6.200251513097941E-01
4351 3.832188412671004E-01
4352 3.346222903411495E-01
4353 1.409643047622536E+00
4354 1.461790982853026E+00
4355 1.595224697817623E+00
4356 1.526363280066701E+00
4357 -2.714023855667861E-01
4358 -3.153056347680231E-01
4359 9.718818498870840E-01
4360 6.629673947353503E-01
4361 6.894678629561262E-01
4362 6.594554329623965E-01
4363 -3.065624036760835E-01
4364 5.323795369516561E-01
4365 4.314420465992448E-01
4366 6.807954986593070E-01
4367 6.545602422041473E-01
4368 1.003198802285735E+00
4369 9.394320646818313E-01
4370 9.327552493205891E-01
4371 6.720598342192183E-01
4372 4.237758133216671E-01
4373 8.907224283887432E-01
4374 1.070532660817681E+00
4375 1.061324454022529E+00
4376 1.702102414980960E+00
4377 9.108927606154247E-01
4378 9.029989301137583E-01
4379 9.980764163065891E-01
4380 9.811822573220673E-01
4381 1.009485349844695E+00
4382 1.001113192735232E+00
4383 9.958667766899068E-01
4384 5.231992736197195E-01
4385 1.099591773933417E+00
4386 1.089323837778959E+00
4387 1.072135059262270E+00
4388 3.852364643199279E-01
4389 5.601621551939315E-01
4390 5.083383822989427E-01
4391 1.038731014273695E+00
4392 1.026982339527711E+00
4393 1.024543236725778E+00
4394 9.450547757578952E-01
4395 8.928255761740462E-01
4396 8.873324711126540E-01
4397 6.371064052082154E-01
4398 6.265174128362601E-01
4399 6.081752947885524E-01
4400 1.021445613378981E+00
4401 1.021919155800757E+00
4402 1.081086201833661E+00
4403 1.059897572306733E+00
4404 1.011020038515068E+00
4405 9.927022624179733E-01
4406 1.148505169477032E+00
4407 1.088598562761526E+00
4408 1.212366043086880E+00
4409 1.212257274899247E+00
4410 6.614569768879524E-01
4411 1.030470982888627E+00
4412 9.352525685467374E-01
4413 9.332675308379899E-01
4414 1.570009210176268E+00
4415 1.508293170637181E+00
4416 1.040871909064736E+00
4417 1.024137455123089E+00
4418 4.279600210420418E-01
4419 4.108361357215211E-01
4420 1.187375556328118E+00
4421 1.160510141957099E+00
4422 6.657613447201904E-01
4423 6.511086618719066E-01
4424 8.835803210673751E-01
4425 8.644488200076252E-01
4426 3.010998266968136E+00
4427 2.946870507778586E+00
4428 2.790062031238032E+00
4429 6.721302153595352E-01
4430 1.664403077520945E+00
4431 5.998797007142942E-01
4432 1.097419356640909E+00
4433 1.080133425644745E+00
4434 9.389075258338286E-01
4435 9.648005939145734E-01
4436 1.275798140815370E+00
4437 6.981964119631613E-01
4438 6.816157385555000E-01
4439 1.409991328525642E+00
4440 6.315143686661692E-01
4441 1.030101022387240E+00
4442 1.018374651078220E+00
4443 1.550608786098236E+00
4444 1.632215447121967E+00
4445 1.047235270146038E+00
4446 1.027963397671939E+00
4447 1.415960135111509E+00
4448 1.351162870075913E+00
4449 9.809331378711894E-01
4450 9.744943694460544E-01
4451 9.497177374961088E-01
4452 -4.240491545080862E-01
4453 9.987652010003070E-01
4454 9.792612212384784E-01
4455 9.888961195533127E-01
4456 1.052390225885338E+00
4457 1.776790032973597E+00
4458 1.713596276399439E+00
4459 1.042745664556359E+00
4460 7.085446328593037E-01
4461 7.057524544158456E-01
4462 3.391216149999048E-01
4463 2.399751702292862E-01
4464 2.452018038724284E-01
4465 1.062176776544519E+00
4466 1.062456448250138E+00
4467 7.053077536101340E-01
4468 6.779571082198790E-01
4469 9.921963546230785E-01
4470 -1.313947725776510E+00
4471 -1.482617072682202E+00
4472 -1.426658008289788E+00
4473 3.234003663865074E+00
4474 9.774326773398355E-01
4475 9.655459091702392E-01
4476 9.608875680803188E-01
4477 1.006985051636522E+00
4478 9.960648380907151E-01
4479 4.592337109921704E-01
4480 4.521706425997192E-01
4481 4.149879216628155E-01
4482 1.064865171460408E+00
4483 1.050752361334896E+00
4484 1.137675638019324E+00
4485 1.116059396066231E+00
4486 4.660109298274002E-01
4487 4.269339719997681E-01
4488 1.015015822725024E+00
4489 1.009078751503779E+00
4490 1.012626285358757E+00
4491 1.007944140245994E+00
4492 1.001585180483628E+00
4493 -9.047414191881112E-01
4494 -9.932626083660113E-01
4495 5.920915120880683E-01
4496 8.227277437563298E-01
4497 7.736013650819344E-01
4498 7.812897944812268E-01
4499 7.577832791873507E-01
4500 7.481031243879857E-01
4501 7.717720393547804E-01
4502 9.904995080467690E-01
4503 9.815189276031679E-01
4504 9.781640524635569E-01
4505 7.308110405981668E-01
4506 7.057127422677061E-01
4507 1.062401752327280E+00
4508 1.048794171465720E+00
4509 9.732800872340264E-01
4510 1.027770217223043E+00
4511 1.021118226284430E+00
4512 1.201122949467472E+00
4513 8.442186263603912E-01
4514 8.235711807929265E-01
4515 8.220496088533047E-01
4516 1.035428615561666E+00
4517 1.023505212329458E+00
4518 9.503738090967445E-01
4519 -8.681083467117284E-01
4520 3.346298627829546E+00
4521 4.288553160636350E-01
4522 9.922295794240896E-01
4523 9.952491491701803E-01
4524 9.908392434463555E-01
4525 7.259338121171210E-01
4526 7.024689733535558E-01
4527 2.132560548195034E+00
4528 2.025724005572640E+00
4529 -2.215767424863346E-01
4530 7.296594300957158E-01
4531 7.072512682549067E-01
4532 8.791174973186699E-01
4533 8.798595156368824E-01
4534 8.229241592530507E-01
4535 -1.504741556817914E-02
4536 3.521225484538928E-02
4537 8.702721238838420E-01
4538 7.314332871288571E-01
4539 8.370800099694142E-01
4540 1.375394194325180E+00
4541 1.324935559616461E+00
4542 1.073802486110401E+00
4543 1.311103172789388E+00
4544 8.603231738780954E-01
4545 8.544982563149512E-01
4546 8.556441534103258E-01
4547 1.633006277284663E-01
4548 8.057843976834222E-02
4549 5.950515881359736E-02
4550 -2.514775867066588E-01
4551 8.656346565846404E-01
4552 8.708966626174171E-01
4553 8.652939878430499E-01
4554 9.965289571789673E-01
4555 8.834689021250349E-01
4556 8.774965492658036E-01
4557 7.270224117946280E-01
4558 2.898675397221635E+00
4559 2.656365178972135E+00
4560 6.591506521078965E-01
4561 6.393730658070291E-01
4562 7.684236228392132E-01
4563 8.899326727355712E-01
4564 8.962100085993390E-01
4565 8.903142714674978E-01
4566 8.963084988146539E-01
4567 8.931729746488088E-01
4568 7.148647765725697E-01
4569 6.426815045683634E-01
4570 6.729141641353683E-01
4571 7.312902622870665E-01
4572 7.144000377290868E-01
4573 -1.209469679391834E+00
4574 -1.131917123169142E+00
4575 9.154581329583527E-01
4576 9.213760341249599E-01
4577 9.204942242101442E-01
4578 9.761087155871097E-01
4579 9.749945432795601E-01
4580 9.666672899691109E-01
4581 1.012441858313587E+00
4582 1.797668931362523E-01
4583 2.546154259402860E-01
4584 8.473554620931723E-01
4585 8.469048518218051E-01
4586 9.099610921945386E-01
4587 1.375139062838642E+00
4588 3.132993947714527E-01
4589 3.671442993607651E-01
4590 1.906620353861389E+00
4591 1.790844812123471E+00
4592 7.687976045904824E-02
4593 1.455760219078888E-01
4594 1.798925122836469E+00
4595 9.581875333483224E-01
4596 9.602752799927627E-01
4597 8.501558513215884E-01
4598 8.396228025455668E-01
4599 8.360034397395963E-01
4600 2.197044383480423E+00
4601 2.201280340427688E+00
4602 5.577311096781514E-01
4603 6.603131074272406E-01
4604 3.183886321847683E+00
4605 3.008317614256323E+00
4606 1.839573395005540E+00
4607 1.929255639744338E+00
4608 8.469555604553854E-01
4609 8.379495207126688E-01
4610 8.441610130081885E-01
4611 9.474738901442932E-01
4612 9.332749973976623E-01
4613 1.361729909089208E+00
4614 1.278817674401993E+00
4615 8.594913432888600E-01
4616 1.013858954968629E+00
4617 1.075519549975153E+00
4618 8.025270479505110E-01
4619 1.215672683196717E+00
4620 1.176796167768858E+00
4621 1.724918776147956E+00
4622 4.389040918327606E-01
4623 3.936316886402229E-01
4624 7.362564632232125E-01
4625 1.047204779550137E+00
4626 1.037813054931237E+00
4627 9.222609461720388E-01
4628 9.103027015915549E-01
4629 1.251700781942923E+00
4630 2.128614857025957E-01
4631 3.168604818334422E-01
4632 2.044368484538869E-01
4633 1.001286108795058E+00
4634 1.110106240825414E+00
4635 2.074566118911356E+00
4636 1.305412642045674E+00
4637 1.254123593863381E+00
4638 9.809349475392801E-01
4639 9.380733404698055E-01
4640 9.378819755788972E-01
4641 6.651487617626712E-01
4642 1.002713910221285E+00
4643 1.711972991764396E+00
4644 8.775108632951458E-01
4645 2.749250779337387E+00
4646 2.962073616560400E+00
4647 1.853248049964824E+00
4648 2.346617647432274E-01
4649 -2.188344385707941E-01
4650 -2.323805265450471E-01
4651 -3.137320177564987E-01
4652 1.315716349771493E+00
4653 9.901288735674952E-01
4654 9.859012217994314E-01
4655 9.791313314920511E-01
4656 1.068115697166152E+00
4657 1.054474352752701E+00
4658 1.071164439979636E+00
4659 7.046099764523374E-01
4660 6.814208789521445E-01
4661 7.794309248407643E-01
4662 5.489478737656887E-01
4663 5.390984771762060E-01
4664 1.610470056608091E+00
4665 1.576292722119852E+00
4666 6.909119700769011E-01
4667 9.622461077044575E-01
4668 9.569508329285425E-01
4669 9.683865091416481E-01
4670 2.178880236080087E+00
4671 2.147297493286787E+00
4672 -5.941386283341071E-02
4673 -3.428903843970983E-02
4674 8.906878323255496E-01
4675 8.996247271189384E-01
4676 -3.076079957328665E-01
4677 -1.292137086811076E-01
4678 -2.875312021758140E-01
4679 9.833280952930396E-01
4680 7.197346573664996E-01
4681 -6.252919963456327E-02
4682 8.746509282970109E-01
4683 8.622321654308003E-01
4684 9.599242669955776E-01
4685 1.611527915233497E+00
4686 1.708107148948985E+00
4687 2.830244485503495E-01
4688 1.894629838048730E-01
4689 1.037850907529361E+00
4690 2.477842462988503E-02
4691 -3.631386378881915E-02
4692 1.018090678724547E+00
4693 6.894404909531211E-01
4694 1.070425747434165E+00
4695 1.068250365815972E+00
4696 1.328984596853790E+00
4697 1.092194804229164E+00
4698 1.079587092604293E+00
4699 1.606667051243802E+00
4700 1.065218833930416E+00
4701 1.055011760577572E+00
4702 2.836235650287958E+00
4703 1.026972709166147E+00
4704 9.850412721324813E-01
4705 2.770231950796306E+00
4706 2.719774930224207E+00
4707 9.018328595379157E-01
4708 8.924527997667917E-01
4709 9.931184151054893E-01
4710 9.924441734362136E-01
4711 9.820247777897639E-01
4712 7.447790080564226E-01
4713 1.073922835082473E+00
4714 8.222626880912614E-01
4715 8.265181121247600E-01
4716 9.618259668235004E-01
4717 9.593717779687914E-01
4718 1.310150081440807E+00
4719 1.265645554606844E+00
4720 1.266874523058270E+00
4721 1.313262294154571E+00
4722 5.370418601910796E-01
4723 5.345863487249312E-01
4724 1.122477598005990E-01
4725 1.461802325122010E-01
4726 2.540197933967718E+00
4727 1.152928640758764E+00
4728 9.344434658267740E-01
4729 5.627759260074630E-01
4730 1.168180503947786E+00
4731 1.147363552776514E+00
4732 8.818273554985111E-01
4733 8.567821626170564E-01
4734 2.386112609992575E-01
4735 1.151349321451704E+00
4736 1.150010821998120E+00
4737 6.210943392023907E-01
4738 4.080516412560438E-01
4739 5.237650773063525E-01
4740 5.296127392532266E-01
4741 5.911758994269627E-01
4742 1.552698104909716E+00
4743 1.590339232524288E+00
4744 1.125598298499306E+00
4745 1.109690098978068E+00
4746 -2.566899206999732E-01
4747 -3.613883027431404E-01
4748 1.546736863236450E+00
4749 1.485457409788254E+00
4750 1.546483223262791E+00
4751 9.707309216135005E-01
4752 9.580027903229560E-01
4753 1.640602344942102E+00
4754 4.762562011457665E-01
4755 4.842932505385305E-01
4756 8.161739117709977E-01
4757 1.017585820157811E+00
4758 1.014962647571338E+00
4759 1.004845051074030E+00
4760 9.473701840242308E-01
4761 1.288850241540051E+00
4762 1.219402469147103E+00
4763 7.495698673561675E-01
4764 7.451407610700926E-01
4765 9.135034656446658E-01
4766 -6.964114851512138E-02
4767 -1.008946924326709E-01
4768 1.684357099124462E+00
4769 1.690304712387042E+00
4770 9.588840413680035E-01
4771 9.655270955400908E-01
4772 1.000989583768476E+00
4773 9.849681721486310E-01
4774 8.691195695308314E-01
4775 1.828580800198505E+00
4776 1.698062795757866E+00
4777 1.265107597430645E+00
4778 -1.102641450343539E-01
4779 -1.200370785054149E-01
4780 -1.965832022437345E-01
4781 7.537833138695451E-01
4782 7.476088016975646E-01
4783 6.734157001904022E-01
4784 7.050822334152422E-01
4785 9.936343697958325E-01
4786 6.990126827435542E-01
4787 2.952308193312063E+00
4788 3.100441114422549E+00
4789 2.783534973920904E+00
4790 -1.829110413009600E-01
4791 -2.342436351059921E-01
4792 7.613313337829076E-01
4793 7.532659004413618E-01
4794 7.399419748968508E-01
4795 6.292974040479546E-01
4796 7.526670798738985E-01
4797 9.909947506752084E-01
4798 3.147146534052128E-01
4799 2.835387343260077E-01
4800 9.926863241911731E-01
4801 1.012088873977584E+00
4802 -9.961013650082733E-01
4803 -9.622910619696609E-01
4804 1.009411041126474E+00
4805 1.018999725876112E+00
4806 1.429010747912081E+00
4807 1.328882760000426E+00
4808 1.367771440455534E+00
4809 -5.940613405295873E-01
4810 1.446781392058366E+00
4811 9.713406953542499E-01
4812 9.644758340817950E-01
4813 7.138767181050307E-01
4814 7.196036123649967E-01
4815 8.000130445167040E-01
4816 9.434224607560937E-01
4817 9.452821906817711E-01
4818 -1.403328636410817E+00
4819 -1.282533420561244E+00
4820 2.679325704417767E+00
4821 2.621709129919925E+00
4822 8.325428623630206E-01
4823 1.725286195615385E+00
4824 1.736527895856506E+00
4825 1.759445444390482E+00
4826 2.594171955173546E+00
4827 5.639465542092386E-01
4828 1.210271567040182E+00
4829 1.177188732082285E+00
4830 -1.101586622951804E-01
4831 -1.071919461141853E-01
4832 1.041818179742343E+00
4833 1.034930779229393E+00
4834 1.027558685124257E+00
4835 -7.035050068690742E-01
4836 -6.437863359130807E-01
4837 -8.758740459149496E-01
4838 7.971692657192551E-01
4839 -1.008144080153589E+00
4840 -1.015794063491414E+00
4841 8.456911329480952E-01
4842 2.330756602243737E+00
4843 9.542545879167856E-01
4844 9.566148355955388E-01
4845 7.449182354792874E-01
4846 7.440917839077592E-01
4847 1.250223662846414E+00
4848 4.489297896683705E-01
4849 4.695431833221111E-01
4850 1.981351595689558E+00
4851 2.029246090207255E+00
4852 4.354387605560494E-01
4853 -1.577369907299746E+00
4854 -1.653204289609435E+00
4855 7.461663894595179E-01
4856 7.442182780725886E-01
4857 -4.672923656014609E-01
4858 -6.254632411114969E-01
4859 8.854500859712877E-01
4860 8.783652631691730E-01
4861 2.365978202017104E-01
4862 1.273513922698018E+00
4863 1.356093569275376E+00
4864 -1.481137919712741E+00
4865 -1.229001258932783E+00
4866 -1.350890846963689E+00
4867 2.584542149950105E+00
4868 2.428746615717267E+00
4869 2.467158772085558E+00
4870 5.649382626378356E-01
4871 6.013178760376542E-01
4872 -4.891264752694338E-01
4873 -3.050851295171449E-01
4874 -1.472849284392826E-01
4875 1.042671848639105E+00
4876 8.455071919047468E-01
4877 9.551524428215667E-01
4878 -8.496303371795775E-01
4879 -6.976981243314438E-01
4880 1.399730878571356E+00
4881 -2.140514450127328E-01
4882 -1.732205720824489E-01
4883 1.149700457886158E+00
4884 1.156136120645555E+00
4885 1.133218185448988E+00
4886 1.018931468512676E+00
4887 1.000049417525664E+00
4888 8.682440675937225E-01
4889 9.885496838400499E-01
4890 1.084694908917834E+00
4891 9.239693806224394E-01
4892 5.915134153434857E-01
4893 9.943609000359344E-01
4894 9.843921566125526E-01
4895 -1.133511912878903E+00
4896 1.925218590953864E+00
4897 1.860511958038393E+00
4898 1.955347005409337E+00
4899 1.809353790451503E-01
4900 1.193734601460281E-01
4901 1.059538553236012E+00
4902 -1.469163233214531E+00
4903 -1.354101727393868E+00
4904 -1.218129308418233E+00
4905 2.716596712841066E-01
4906 3.885633080534582E-01
4907 6.314486769000828E-01
4908 6.536946482776239E-01
4909 1.339523598274054E+00
4910 8.538023974230096E-01
4911 8.433997195603561E-01
4912 8.510213844514314E-01
4913 9.703332200366350E-01
4914 3.817894370975715E-01
4915 3.454961047528786E-01
4916 5.805814290864086E-02
4917 4.976846164419221E-02
4918 9.742053833402550E-01
4919 4.703388836430263E-01
4920 5.005891145482546E-01
4921 4.378130255277414E-01
4922 1.441434583597928E-01
4923 -7.437760242565607E-02
4924 1.051241496429344E-01
4925 7.468661168515827E-01
4926 7.491122368225831E-01
4927 -9.009497844863825E-01
4928 1.666916805377411E+00
4929 1.686200148078759E+00
4930 1.737770404046493E+00
4931 6.596959365144958E-01
4932 6.350183849821753E-01
4933 -4.973043946499439E-01
4934 -2.977552282491417E-01
4935 1.111462904137897E+00
4936 1.076453177590408E+00
4937 8.359239252213387E-01
4938 8.323991760434425E-01
4939 8.515874718557311E-01
4940 8.973007277213347E-01
4941 9.442069920596843E-01
4942 1.332993316987516E+00
4943 1.579521157258194E+00
4944 1.874117915032901E+00
4945 1.059022052435652E+00
4946 5.262179155952779E-01
4947 5.340492051057883E-01
4948 9.412476598746183E-01
4949 9.361930442230564E-01
4950 7.707115399562381E-01
4951 -1.720563488991906E+00
4952 -1.751690959844237E+00
4953 1.090068812204861E+00
4954 8.586517559448534E-01
4955 7.464437693573280E-01
4956 7.477005337941156E-01
4957 5.750290178907229E-01
4958 1.115324613462609E+00
4959 1.375152450262581E-01
4960 1.518441933818652E+00
4961 1.496862337778041E+00
4962 9.029267039036203E-01
4963 9.052975254325237E-01
4964 8.941132356719119E-01
4965 1.265126280769131E+00
4966 1.241448796057123E+00
4967 1.049093906936709E+00
4968 1.049466819886674E+00
4969 -1.761702168293675E+00
4970 -1.775169467776680E+00
4971 6.201967117994641E-02
4972 4.151314554428161E-03
4973 1.595767214363043E-01
4974 6.808133066933177E-01
4975 6.718989077173138E-01
4976 7.058057583437136E-01
4977 3.655475020666977E+00
4978 3.574608511681280E+00
4979 6.833311631827133E-01
4980 1.492880975668833E-01
4981 -7.153760334716064E-02
4982 9.840275194562219E-01
4983 1.695782068512052E+00
4984 1.727703802707259E+00
4985 1.722644125391307E+00
4986 9.478091086430543E-01
4987 8.334097225028126E-01
4988 7.638993813835576E-01
4989 1.012030472634843E+00
4990 2.289321010890909E-01
4991 8.553270637738917E-01
4992 8.687328907193578E-01
4993 6.410414448882795E-02
4994 9.232874806827761E-01
4995 -1.054731634611276E+00
4996 -1.207932858177734E+00
4997 8.205518511500597E-01
4998 8.609691498689201E-01
4999 5.084154420738363E-01
5000 1.746174418363867E-01
5001 8.724758525368559E-01
5002 8.724221718334617E-01
5003 8.877686594759489E-01
5004 1.571922518740353E+00
5005 8.672570352124600E-01
5006 1.090898586390085E+00
5007 1.304569832607286E+00
5008 1.328267431093754E+00
5009 9.856345414444040E-01
5010 1.035073629490544E+00
5011 1.337562645098455E+00
5012 8.782173786072374E-01
5013 8.826509223907308E-01
5014 7.102550625023489E-01
5015 7.293944192288323E-01
5016 6.962353666134040E-01
5017 3.848309897065308E-01
5018 5.388834438927433E-01
5019 6.140854719497479E-01
5020 2.045914519034074E+00
5021 2.012620835951747E+00
5022 7.520565738478235E-01
5023 7.552766548823906E-01
5024 7.664227862027944E-01
5025 6.063086269081535E-01
5026 6.383462467606158E-01
5027 4.895686379206275E-01
5028 8.642443616600184E-01
5029 2.751289297471188E-01
5030 1.690512644941553E+00
5031 1.079334329203573E+00
5032 9.731349356118009E-01
5033 9.477789713497256E-01
5034 3.174019623145746E+00
5035 8.072109862209098E-01
5036 8.063270221810226E-01
5037 6.270374788405357E-01
5038 6.140008563722114E-01
5039 2.083128356331889E+00
5040 2.007824811693287E+00
5041 7.736980606491421E-01
5042 7.807925517416490E-01
5043 1.213993924218806E+00
5044 1.204441014752951E+00
5045 7.614548073129802E-01
5046 7.664843150459172E-01
5047 -3.296371395369661E-01
5048 -8.908560930581555E-02
5049 8.479931272469838E-01
5050 8.384064597643237E-01
5051 4.709149187304620E-01
5052 9.702077662771104E-01
5053 9.439465206175567E-01
5054 9.536099848093800E-01
5055 1.153157927256262E+00
5056 -1.424971724570367E-01
5057 1.890170944182145E-03
5058 8.344902379374491E-03
5059 1.081935200636016E+00
5060 1.133094920674051E+00
5061 1.420958173096653E-01
5062 7.917567213533399E-01
5063 8.126670001492013E-01
5064 1.104198495365204E+00
5065 1.213504504562452E+00
5066 1.329666904036856E+00
5067 1.554041362013863E+00
5068 1.413792844779322E+00
5069 8.988689045764702E-01
5070 8.643116632518130E-01
5071 -3.492719417327127E-01
5072 -4.984788849634668E-01
5073 1.020175837531042E+00
5074 3.746930303300341E+00
5075 3.769162583383951E+00
5076 9.158918541717854E-01
5077 9.243885227462266E-01
5078 1.074190807896914E+00
5079 7.631765949451890E-01
5080 7.406188617251090E-01
5081 7.581625919348168E-01
5082 7.304650627562801E-01
5083 1.141443795213350E+00
5084 1.163676184420498E+00
5085 8.774294879846157E-01
5086 8.903794601053403E-01
5087 9.319935209980885E-01
5088 9.463727240807159E-01
5089 9.446934865357803E-01
5090 4.056477089494433E-02
5091 1.243457138488469E+00
5092 1.222130552315310E+00
5093 7.480668499146692E-01
5094 7.464217346092590E-01
5095 8.122985309080006E-01
5096 3.721250731647859E+00
5097 3.670451633579035E+00
5098 1.025548349597011E+00
5099 1.015872310184879E+00
5100 6.548934866321300E-01
5101 7.671150342002089E-01
5102 7.534935050429055E-01
5103 1.668464900954213E+00
5104 8.842749536603827E-01
5105 7.231054583316634E-01
5106 7.443793575410534E-01
5107 9.325471989107534E-01
5108 7.159829477341453E-01
5109 7.035494605210654E-01
5110 1.410350491413694E+00
5111 1.388871265640474E+00
5112 2.543064369370698E+00
5113 2.381437006595160E+00
5114 9.253512995444078E-01
5115 9.329556387020033E-01
5116 9.224716483587476E-01
5117 1.556426589756442E+00
5118 1.611345279866795E+00
5119 7.634288978086676E-01
5120 1.916059512057761E+00
5121 1.756703361460574E+00
5122 -1.640071617604276E-02
5123 9.589615109714849E-01
5124 9.571104099533958E-01
5125 9.573251149676709E-01
5126 9.589039854057835E-01
5127 8.382154967712466E-01
5128 8.417522521134178E-01
5129 7.688214927979631E-01
5130 7.842522264107827E-01
5131 4.801221435775472E-01
5132 1.389650332683690E+00
5133 1.432711471863968E+00
5134 1.144990690757872E+00
5135 8.605204286116790E-01
5136 9.189085302994664E-01
5137 1.089874860603382E+00
5138 1.085329459234420E+00
5139 2.635105917433562E-01
5140 1.651912117303330E+00
5141 1.693157789060484E+00
5142 1.230129684218277E+00
5143 1.223135203001728E+00
5144 -3.298889170975583E-02
5145 -1.504303133730699E-01
5146 9.040848293687440E-01
5147 9.146717013872867E-01
5148 1.055204095098889E+00
5149 6.074041711336240E-01
5150 8.419276627959641E-01
5151 7.664791894622529E-01
5152 7.562144241785007E-01
5153 -6.974401803227654E-01
5154 7.588453146706959E-01
5155 7.764962983736190E-01
5156 1.182496895455193E+00
5157 1.229726212012758E+00
5158 6.004886628619839E-01
5159 5.713569682944386E-01
5160 9.434972488414131E-01
5161 1.103782542205929E+00
5162 1.074335246675641E+00
5163 1.076790048515402E+00
5164 1.480907698538294E+00
5165 1.562410982593318E+00
5166 9.021548488219897E-01
5167 7.305385453697706E-01
5168 -1.569088394476042E+00
5169 1.120382954768695E+00
5170 1.100404411738569E+00
5171 -8.441424868344509E-01
5172 7.807084501527697E-01
5173 5.383929851738609E-01
5174 1.638707297880619E+00
5175 1.647580032197022E+00
5176 1.037864162865790E+00
5177 -1.583917364624361E+00
5178 8.444844336826943E-01
5179 2.594654128122580E-02
5180 3.124788800898546E-02
5181 3.325592908371725E+00
5182 3.438090227010194E+00
5183 7.801590823598636E-01
5184 7.772519305543704E-01
5185 7.272221030630895E-01
5186 7.088319754992575E-01
5187 8.391675982053362E-01
5188 7.880967311836597E-01
5189 7.965204976097524E-01
5190 9.208036344089374E-01
5191 9.286650020983219E-01
5192 -4.171308519442840E-01
5193 9.403895032876151E-01
5194 9.319028009359566E-01
5195 9.107058730633334E-01
5196 7.363911215841631E-01
5197 7.844982801996490E-01
5198 7.739227253761412E-01
5199 3.873158556247659E-01
5200 1.726447054984908E-01
5201 7.939560150566902E-01
5202 3.143332386198679E+00
5203 3.246858887576823E+00
5204 7.920210073847047E-01
5205 8.047830787819312E-01
5206 8.239985896528336E-01
5207 3.056805385704915E-01
5208 3.507953659933609E-01
5209 6.004918744718988E-01
5210 1.608743122638486E+00
5211 7.801965336018124E-01
5212 7.817273562310199E-01
5213 1.093163108341537E+00
5214 1.074287651872314E+00
5215 9.256053319434456E-01
5216 9.298031579440019E-01
5217 9.390068727995506E-01
5218 7.911814102118172E-01
5219 7.990954836414464E-01
5220 6.652639317944218E-01
5221 8.099738188805823E-01
5222 8.047736756001120E-01
5223 3.385201784983948E+00
5224 3.464327432791678E+00
5225 7.970083023799566E-01
5226 7.853186233136158E-01
5227 7.899515307371230E-01
5228 7.865747859056251E-01
5229 1.242461467480446E+00
5230 1.237238222920753E+00
5231 1.707858870600232E+00
5232 7.582465843068836E-01
5233 7.410235085177544E-01
5234 7.693804624709402E-01
5235 2.480683311479643E+00
5236 8.087851401566929E-01
5237 1.089206692116787E+00
5238 1.089917076881684E+00
5239 7.793373363206064E-01
5240 7.802225692717211E-01
5241 -6.181565147060645E-02
5242 2.564304028178638E-02
5243 1.908063130007920E+00
5244 1.004916437136877E+00
5245 -2.791609169761536E-01
5246 8.082244966266758E-01
5247 8.115826811331549E-01
5248 7.981224452703239E-01
5249 2.963423407687556E+00
5250 -7.917074779467592E-01
5251 -1.735974939491700E+00
5252 4.253019610931518E-01
5253 -2.133885078715442E-01
5254 -6.161103240152495E-02
5255 6.986113854680425E-01
5256 7.275506130036700E-01
5257 -1.882466397356734E-01
5258 -1.244850022515768E-01
5259 7.715027008554014E-01
5260 7.852305744205772E-01
5261 1.720833005211782E+00
5262 1.735665351359503E+00
5263 8.286819311873629E-01
5264 8.227894531433171E-01
5265 6.733975181967448E-01
5266 1.420052650063252E+00
5267 2.469509931157628E+00
5268 1.039216866698760E+00
5269 9.225653092555275E-01
5270 9.030997363698381E-01
5271 9.010541140523627E-01
5272 9.211883421535287E-01
5273 7.338587543821919E-01
5274 9.313527423744241E-01
5275 7.928728596781115E-01
5276 7.772071776575753E-01
5277 9.788142933221180E-01
5278 5.790298583570956E-01
5279 -6.618340292016145E-02
5280 9.331916764554311E-01
5281 9.420911109445742E-01
5282 1.634883286822440E-01
5283 3.949807583550381E-02
5284 1.463057684639583E-01
5285 -1.620491577466489E-01
5286 -1.109733223797511E+00
5287 1.648165363390734E+00
5288 1.472263839544359E+00
5289 5.427284689532036E-01
5290 2.089477859335508E+00
5291 8.993297128939317E-01
5292 -7.293176577488367E-02
5293 -1.130598827556303E-01
5294 7.523591527132489E-01
5295 -2.187178960378036E-02
5296 -8.918938591701567E-02
5297 3.728885865466126E+00
5298 3.549389819892187E+00
5299 1.472291325615591E+00
5300 1.724193590719438E-01
5301 1.715966056348835E-01
5302 2.350274978673361E-01
5303 9.481424406375631E-01
5304 9.528301707401272E-01
5305 9.544572450014323E-01
5306 9.494805927642759E-01
5307 -1.151496738114162E+00
5308 -1.192616866598792E+00
5309 1.662840998476372E+00
5310 1.398647055397096E+00
5311 -6.307817230931210E-01
5312 6.501424446577766E-01
5313 6.531567000163780E-01
5314 1.041958970641596E+00
5315 1.082245219362266E+00
5316 8.028338924572318E-01
5317 7.936847063907378E-01
5318 6.166699615637001E-01
5319 1.195686992623705E+00
5320 1.200718578986920E+00
5321 7.875727566471142E-01
5322 7.816976157386802E-01
5323 6.611640494754389E-01
5324 6.976649737198075E-01
5325 1.476752165826940E+00
5326 9.319728462852694E-01
5327 9.264216284816508E-01
5328 3.593990610660680E+00
5329 2.367021097296752E+00
5330 2.562500144473372E+00
5331 1.820731580490772E+00
5332 1.452924594912195E+00
5333 1.432343868000980E+00
5334 1.412383943919892E+00
5335 1.295834458447855E+00
5336 -8.570180909054200E-01
5337 1.552475754887822E+00
5338 1.655564349082557E+00
5339 2.017504467861730E+00
5340 9.254178174385140E-01
5341 9.324478573160692E-01
5342 2.773107135554801E+00
5343 8.926367738855809E-01
5344 9.285467792091935E-01
5345 -2.771936472951759E-01
5346 1.084496541843250E+00
5347 1.068340240248970E+00
5348 7.665895349040684E-01
5349 7.476955930471716E-01
5350 8.241566982526611E-01
5351 -5.624486628466345E-01
5352 1.181464762851568E+00
5353 1.173666150531707E+00
5354 1.177039563003205E+00
5355 1.185834606533540E+00
5356 1.284243774087997E+00
5357 1.158152977010654E+00
5358 1.179085804717010E+00
5359 9.768189204161710E-01
5360 1.188733618916141E+00
5361 1.199391365465752E+00
5362 8.430158028600443E-01
5363 1.377025866264252E+00
5364 7.964109363634975E-01
5365 3.543467282466461E-02
5366 1.119798304095956E-01
5367 4.594609318094434E-02
5368 1.704965779720289E-01
5369 2.353932429236131E-01
5370 1.943011972141066E+00
5371 1.040170353326164E+00
5372 9.518213727983487E-01
5373 1.554914934229815E+00
5374 7.784946943716220E-01
5375 7.782730793109897E-01
5376 1.004992954146890E+00
5377 1.023867109695600E+00
5378 7.632666779059449E-01
5379 7.949268491843424E-01
5380 1.031862466795292E+00
5381 1.425229327636436E+00
5382 1.379157992652061E+00
5383 1.410252965586778E+00
5384 -8.344197876442382E-02
5385 2.739768157241884E-01
5386 -6.924354923370053E-02
5387 -1.938846851362286E-01
5388 8.339989225392317E-01
5389 1.035556019438680E+00
5390 1.185550592733087E+00
5391 1.017700127867164E+00
5392 -3.558947681096853E-01
5393 8.063840791722523E-01
5394 1.089821490947765E+00
5395 2.000011254611044E+00
5396 1.786792160179321E+00
5397 9.380448755107371E-01
5398 9.125492800952055E-01
5399 -9.968444053462897E-01
5400 -8.403014296789346E-01
5401 -2.966872367962101E-01
5402 -7.295807095494941E-02
5403 1.151294565003106E+00
5404 1.162930343887126E+00
5405 1.102849884847420E+00
5406 1.050959369132377E+00
5407 1.286106176805417E+00
5408 1.036086171323474E+00
5409 1.031425477585857E+00
5410 1.037165591624122E+00
5411 2.415682355472744E+00
5412 2.233376697314124E+00
5413 2.219127685412787E+00
5414 9.480489543912300E-01
5415 5.757960349688342E-01
5416 1.048980684236688E+00
5417 1.683362752575356E+00
5418 1.561611039746108E+00
5419 1.531953217742227E+00
5420 1.095038657334557E+00
5421 4.059266709323754E-02
5422 6.198671031223590E-01
5423 5.268483757816221E-01
5424 5.266864903034545E-01
5425 8.343784966571717E-01
5426 -9.543871930710421E-01
5427 -7.765292311802861E-01
5428 7.758638162837146E-01
5429 7.501952307360014E-01
5430 1.056251573452788E+00
5431 1.039042517013837E+00
5432 1.052602797328015E+00
5433 8.119200608131010E-01
5434 7.990521272439719E-01
5435 1.217662505903641E+00
5436 1.189205369997024E+00
5437 6.816005622009894E-01
5438 5.902307896274002E-01
5439 7.660376398326864E-01
5440 7.342580596019479E-01
5441 1.251225465990432E-01
5442 8.346139699881865E-02
5443 8.570254903024970E-01
5444 8.332166686133664E-01
5445 1.245408682968082E+00
5446 9.195301849474460E-01
5447 1.223583807493050E+00
5448 1.215064447037987E+00
5449 1.137419873534226E+00
5450 2.611770223107154E+00
5451 2.393480080717489E+00
5452 2.589062084311180E+00
5453 1.666448929907458E+00
5454 7.644908732486986E-01
5455 3.518193217765448E-01
5456 2.775956709247088E-01
5457 1.104368027666292E+00
5458 1.462487024103798E+00
5459 1.479185778402198E+00
5460 1.314685720554163E+00
5461 1.279979436021396E+00
5462 7.942869250735444E-01
5463 1.059965562465168E+00
5464 -7.171260293974830E-01
5465 -7.116750112746901E-01
5466 1.500082181587299E+00
5467 1.477837093724913E+00
5468 1.403632369949028E+00
5469 1.620916285866502E+00
5470 7.828132646173682E-01
5471 -4.434713260347003E-01
5472 -2.636504117522189E-01
5473 1.168469569322865E-01
5474 1.517949137311974E-01
5475 1.264967219465080E+00
5476 7.915209216050971E-01
5477 -6.634138830453846E-01
5478 7.814896841437295E-01
5479 1.397448742823178E+00
5480 1.042950674001034E+00
5481 1.020400267457800E+00
5482 3.311962643497332E+00
5483 1.367857483950374E+00
5484 1.354047666606594E+00
5485 1.034600587269213E+00
5486 1.517737422742773E+00
5487 1.415630776412600E+00
5488 2.274907786236959E+00
5489 2.095275959126647E+00
5490 4.945372210633884E-01
5491 8.751001989131844E-01
5492 -6.070772765608721E-01
5493 -5.277877191316616E-01
5494 1.951886734625317E+00
5495 1.055283680640669E-01
5496 1.352305514531062E+00
5497 1.403243097125613E+00
5498 1.486189311676052E+00
5499 1.206052327145665E+00
5500 1.489558583192625E+00
5501 1.109257267606717E+00
5502 4.426576712490671E-01
5503 4.755546483190654E-01
5504 9.624351109094615E-01
5505 9.656903724795463E-01
5506 7.122351534135423E-01
5507 4.892405834461419E-01
5508 5.934252350662008E-01
5509 8.856065479661110E-01
5510 3.763326353679431E+00
5511 8.525319299121601E-01
5512 1.813149569934854E-01
5513 1.875562508761329E-01
5514 9.807167504333660E-01
5515 8.568683230920704E-01
5516 -3.822886316570738E-01
5517 -4.618740819365366E-01
5518 9.579931508783728E-01
5519 9.561997499555468E-01
5520 9.723355058563472E-01
5521 -2.940653782070666E-01
5522 -3.593455644035566E-01
5523 1.120315388025375E+00
5524 1.136996880582708E+00
5525 2.755754929533624E-01
5526 3.802941798966202E-01
5527 -6.779284267797431E-01
5528 -6.795117783927453E-01
5529 1.160627030927955E-01
5530 1.844044220484302E-01
5531 1.990189829915198E+00
5532 1.231176240105844E+00
5533 1.262312924265564E+00
5534 1.184611542329133E+00
5535 9.265046988964158E-01
5536 9.613160628080468E-01
5537 5.308954463073159E-01
5538 -7.131675677754588E-01
5539 1.105892444736449E+00
5540 1.115850101825727E+00
5541 1.204627755239504E+00
5542 2.618891377548563E+00
5543 9.509987974802190E-01
5544 5.356866912962227E-01
5545 9.361300204532423E-01
5546 9.499236233983654E-01
5547 1.234410443677093E+00
5548 1.315631513652545E+00
5549 1.717257560141884E+00
5550 1.725059542577593E+00
5551 8.962805136108883E-01
5552 1.270543272004538E-01
5553 9.546218777230395E-01
5554 1.810108029570043E+00
5555 8.289010205313265E-01
5556 8.397818583121179E-01
5557 8.318409832311908E-01
5558 -1.319178611335068E+00
5559 -1.171337189962482E+00
5560 7.363945642873561E-01
5561 7.794394763142880E-01
5562 4.131161252358462E-01
5563 4.998376765908377E-01
5564 3.241079001633917E+00
5565 3.799404039838241E+00
5566 9.038979803795910E-01
5567 1.293027069202339E+00
5568 1.322032624473357E+00
5569 3.470765098612297E+00
5570 3.358093789339976E+00
5571 3.391704423771019E+00
5572 3.499481907390549E+00
5573 1.372044189716028E+00
5574 1.320900384693091E+00
5575 1.063220847754709E+00
5576 1.113574120950535E+00
5577 1.499506503727627E+00
5578 1.466201264769177E+00
5579 2.191875231045866E+00
5580 1.487846014902636E+00
5581 1.532051401383379E+00
5582 9.702905601132024E-01
5583 9.616052122295151E-01
5584 2.334148699235960E+00
5585 8.734801366862719E-01
5586 8.831348843344748E-01
5587 4.832894959081668E-01
5588 5.538132032939798E-01
5589 9.538414135160975E-01
5590 -1.142269441672206E-01
5591 1.279314385081359E+00
5592 1.267312445312312E+00
5593 1.124468649095673E+00
5594 1.131763263284734E+00
5595 8.346671711384070E-01
5596 7.788193181815145E-01
5597 8.795808901952755E-01
5598 1.205178844395829E+00
5599 -2.573818536895467E-01
5600 1.042165512946658E+00
5601 6.427325827506758E-02
5602 4.160708365240842E-02
5603 2.597578932532199E+00
5604 2.683715291221667E+00
5605 -2.842249094288888E-01
5606 1.619611079548136E+00
5607 2.089801987022228E+00
5608 8.649992924848253E-01
5609 9.020220422456515E-01
5610 8.637949453845375E-01
5611 2.591343325729941E+00
5612 1.712317411122578E+00
5613 1.742222849221457E+00
5614 -2.512785905870334E-01
5615 9.444120786649266E-01
5616 1.260427741693436E+00
5617 3.560666035547509E+00
5618 3.639131381646815E+00
5619 2.226130904317767E-01
5620 1.633057870138248E-01
5621 2.621097022180443E-01
5622 -5.476905213763262E-01
5623 -6.126827507711837E-01
5624 2.404029862031751E+00
5625 1.679797721708570E+00
5626 1.734966521486575E+00
5627 1.157925053287113E+00
5628 1.243206251442383E+00
5629 1.694684991476263E+00
5630 1.635620358641910E+00
5631 1.655303201552489E+00
5632 9.780927136448778E-01
5633 9.707834077358968E-01
5634 3.794451102423789E+00
5635 3.807478138955552E+00
5636 3.807717195526935E+00
5637 3.797978057815116E+00
5638 5.701724879374058E-01
5639 1.028008447155649E+00
5640 1.043802994325906E+00
5641 9.670041308784760E-01
5642 8.501593184276985E-01
5643 6.930601042444140E-01
5644 1.841744093940287E-01
5645 7.340517396510020E-01
5646 7.334673910030645E-01
5647 8.515975250197527E-01
5648 5.073171635247857E-01
5649 4.226653053400014E-01
5650 2.537299000318026E-01
5651 -1.715691399546106E+00
5652 1.041437010556919E+00
5653 1.618099330228371E+00
5654 1.587856938815631E+00
5655 9.052484992026233E-01
5656 1.775614534416017E+00
5657 1.737701740412034E+00
5658 9.497152016871377E-01
5659 9.538252093905765E-01
5660 9.923716469110131E-01
5661 1.454260444601318E+00
5662 3.773673285407534E-01
5663 1.281871728157711E+00
5664 1.242501492689588E+00
5665 3.773931422560638E+00
5666 -5.221330056177911E-01
5667 -6.032849574501904E-01
5668 1.911552933190468E+00
5669 1.802584380602711E+00
5670 2.230602555922739E+00
5671 1.635659386242892E+00
5672 3.208596932841344E+00
5673 3.134982520206049E+00
5674 1.337934728138036E+00
5675 1.351354109829350E+00
5676 1.459986272696319E-01
5677 -1.784268524234789E+00
5678 8.692359428031187E-01
5679 5.805298049065344E-01
5680 9.287956643401114E-01
5681 8.642333921895329E-01
5682 7.698321179472671E-01
5683 -9.779085386609960E-01
5684 1.790092401291976E+00
5685 1.422522314269530E+00
5686 8.208061993490549E-01
5687 8.135372186330000E-01
5688 1.121651169923092E+00
5689 1.159420054159061E+00
5690 1.490649830588003E-01
5691 -1.757093283919839E+00
5692 -1.734678201161040E+00
5693 1.310201936320141E+00
5694 9.647588145508381E-01
5695 8.265449714068042E-01
5696 8.711950409929319E-01
5697 8.874830113864636E-01
5698 1.210737785024683E+00
5699 1.131106671083725E+00
5700 3.382613563073522E+00
5701 1.256845596430101E+00
5702 1.249758791638513E+00
5703 3.627998344783894E+00
5704 3.544434642955448E+00
5705 3.524880043460227E+00
5706 3.605329389998681E+00
5707 1.405074876785213E+00
5708 1.405193973551903E+00
5709 1.492445269763366E+00
5710 2.152672341215653E-01
5711 2.013744095536471E+00
5712 1.165138593841041E+00
5713 3.820392086630450E+00
5714 1.758495239099001E+00
5715 9.174482478972507E-01
5716 3.125793742764460E-01
5717 3.427696555534998E-02
5718 -5.031082796292989E-02
5719 1.378981559560380E+00
5720 3.447570616492117E+00
5721 2.101100150402097E+00
5722 1.974057918222412E+00
5723 1.790858064750035E+00
5724 9.323972483376589E-01
5725 1.710370014251746E+00
5726 1.748774530952531E+00
5727 1.793496185863760E+00
5728 1.446166226009304E+00
5729 8.996964018175833E-01
5730 7.825520765569726E-01
5731 2.910079506257918E+00
5732 2.739595377625683E+00
5733 2.739836599051396E+00
5734 2.911866355445276E+00
5735 3.710755989246386E+00
5736 9.536448130568578E-01
5737 1.246598690814702E+00
5738 9.406424573323963E-01
5739 4.450516938129225E-01
5740 9.224441914673074E-01
5741 4.367847216671383E-01
5742 5.830435498497435E-01
5743 9.639394226882363E-01
5744 9.493163115448293E-01
5745 1.665891555331522E+00
5746 1.487728007020821E+00
5747 3.312829670208613E+00
5748 1.497617914499942E+00
5749 2.482472317271887E-01
5750 2.843786715826074E-01
5751 5.190230965024010E-01
5752 1.549477439978789E+00
5753 1.029041231591649E+00
5754 2.459340361116355E+00
5755 1.635369573970551E+00
5756 1.749947642878822E+00
5757 1.520457395816428E+00
5758 1.510891170137389E+00
5759 1.740098489666619E+00
5760 2.950811398315443E-01
5761 9.151587601852980E-01
5762 9.181010277281085E-01
5763 2.356563199207040E-01
5764 3.372605839632321E+00
5765 1.057909513669733E+00
5766 1.071385297438047E+00
5767 1.046749276926497E+00
5768 8.491000903098278E-01
5769 6.982344017409385E-01
5770 8.037186301827466E-01
5771 8.119746405922039E-01
5772 5.460858193470843E-01
5773 2.832685306031189E-01
5774 9.989176727540823E-01
5775 7.416192076078690E-01
5776 1.036744949564175E+00
5777 8.408968431998447E-01
5778 8.478798016980612E-01
5779 1.201871746135061E+00
5780 7.782798820804420E-01
5781 2.239255934247454E+00
5782 7.859615066233778E-01
5783 7.714717388759431E-01
5784 1.350136293747217E+00
5785 3.064387078661693E+00
5786 1.165799726357147E+00
5787 3.644116909912644E+00
5788 1.459643165549078E+00
5789 1.472888010283885E+00
5790 1.140580386680112E+00
5791 1.587902004080263E+00
5792 1.563151508478369E+00
5793 1.413370590392292E+00
5794 1.769584793372579E+00
5795 9.528163064316177E-01
5796 1.147832055767206E+00
5797 1.108264320050091E+00
5798 1.107165221226715E+00
5799 1.146557681198106E+00
5800 3.204654893644859E+00
5801 3.061056993476948E+00
5802 3.447614171992405E+00
5803 3.332972067928051E+00
5804 9.130795150243141E-01
5805 1.467595259780762E+00
5806 1.503438708548894E+00
5807 1.510495706708284E+00
5808 -7.394861580147328E-01
5809 8.015307967797076E-01
5810 7.425027957172049E-01
5811 7.425587651799608E-01
5812 8.016553189521930E-01
5813 1.408056356032267E+00
5814 1.435929380183299E+00
5815 1.447479530551239E+00
5816 9.146219160921314E-01
5817 1.236252598859457E+00
5818 1.064979153031649E+00
5819 8.900944742300123E-01
5820 8.900463009772678E-01
5821 1.616204543159850E+00
5822 1.630083808828133E+00
5823 1.656180778563641E+00
5824 1.834172318634744E+00
5825 2.688614354941268E+00
5826 3.626113600820535E+00
5827 1.510664983736240E+00
5828 1.575406784832539E+00
5829 8.193903797082129E-01
5830 8.856223096197980E-01
5831 1.213640423621718E+00
5832 1.192194104015969E+00
5833 2.227658054309696E+00
5834 2.364220914985819E+00
5835 2.167962872738531E+00
5836 2.185098031781050E+00
5837 1.714684270792393E+00
5838 1.686555087106521E+00
5839 -3.978827718517882E-03
5840 6.099131826243653E-02
5841 2.649470815810776E+00
5842 2.867523430734564E+00
5843 2.790896886473367E+00
5844 1.289171236276982E+00
5845 1.197534709201294E+00
5846 1.196035143718414E+00
5847 7.468632921087641E-01
5848 7.291705842392784E-01
5849 -1.452495283686221E+00
5850 -1.557759491483329E+00
5851 1.950653526560185E+00
5852 1.778728024141409E+00
5853 1.781567431109581E+00
5854 1.011466745607336E+00
5855 2.169290067019183E+00
5856 1.954800911638798E+00
5857 3.736047792207255E+00
5858 3.782555976146485E+00
5859 2.384029173517274E+00
5860 1.118975932816102E+00
5861 1.979461335527459E+00
5862 1.562269233340929E+00
5863 -5.749146454123575E-01
5864 -5.810503669509126E-01
5865 1.028156017434519E+00
5866 8.007116345532990E-01
5867 2.027974297293697E+00
5868 4.950328840864261E-01
5869 5.083409710094984E-01
5870 1.643929111477106E+00
5871 1.653873215187010E+00
5872 9.543023770428373E-01
5873 2.558904463613218E+00
5874 2.364464538198555E+00
5875 3.493516015105458E+00
5876 8.617261067254203E-01
5877 8.466669971541659E-01
5878 1.408918872098632E+00
5879 1.418709082714545E+00
5880 8.843919375175822E-01
5881 8.872464496126029E-01
5882 1.438591646384721E+00
5883 1.605772955096635E+00
5884 1.365311493351036E+00
5885 1.220992190959026E+00
5886 3.369573374021694E-01
5887 1.708169714003558E+00
5888 1.657473218010586E+00
5889 1.992146689860269E+00
5890 2.341869680993225E-01
5891 3.211292616428694E-01
5892 5.874453583483766E-01
5893 6.836326649917754E-01
5894 4.276271399744120E-01
5895 1.522018934143321E+00
5896 1.187229587461181E-01
5897 -8.265995820428720E-02
5898 8.940429776115240E-01
5899 7.605536173663376E-01
5900 7.720267894568560E-01
5901 -5.610585348475000E-01
5902 8.672513501463686E-01
5903 1.681221469184083E+00
5904 1.691865987608808E+00
5905 1.681717666301935E+00
5906 3.331755955242064E+00
5907 3.292054508907431E+00
5908 3.394650843191767E+00
5909 8.569477597439195E-01
5910 1.598400721679440E+00
5911 9.570108912804518E-01
5912 1.205648904249140E+00
5913 1.231010035331517E+00
5914 -7.179293065219281E-01
5915 2.231652343365926E+00
5916 2.221452979736192E+00
5917 2.090939934228067E+00
5918 1.122255181972320E+00
5919 1.178636503288590E+00
5920 5.848127839123097E-01
5921 -7.297177978200724E-01
5922 -8.546051080184861E-01
5923 9.716719973839407E-01
5924 9.185444723599228E-01
5925 1.922873260617028E+00
5926 1.502719288268165E+00
5927 9.603858847393407E-01
5928 1.226691397540363E+00
5929 -6.777963790066138E-02
5930 1.240502819288203E+00
5931 1.276309625099055E+00
5932 2.163811743239765E+00
5933 9.456311950929636E-01
5934 1.276608780469484E+00
5935 1.793942257658265E+00
5936 2.570446562082401E+00
5937 2.631012807776704E+00
5938 2.253371433055645E+00
5939 1.172919504575789E-01
5940 1.072316832140377E+00
5941 6.735098072757034E-02
5942 1.843366020846772E+00
5943 1.908632522774093E+00
5944 1.005538808218293E+00
5945 9.928357960944503E-01
5946 9.757761148812705E-01
5947 5.901005957589336E-01
5948 8.366175002686026E-01
5949 1.177554344619696E+00
5950 1.158178181856338E+00
5951 1.719382878918987E+00
5952 1.877120056228166E+00
5953 1.282705137986925E+00
5954 1.046878140922514E+00
5955 9.641211398854368E-01
5956 1.665599893820237E+00
5957 1.382325113367560E-03
5958 1.403055421479463E-01
5959 3.784102661787593E-01
5960 3.937671339282593E-01
5961 1.564657827484601E-01
5962 1.898033002115532E+00
5963 3.359095320319867E+00
5964 1.862934506657872E+00
5965 1.807062315658055E+00
5966 1.825047473553791E+00
5967 1.139134263295702E+00
5968 2.870371991762880E+00
5969 2.549044268276644E+00
5970 9.609514687523054E-01
5971 5.940827868157474E-01
5972 5.263950400466970E-01
5973 5.197244558717764E-01
5974 9.716301971221922E-01
5975 1.805882392653718E-01
5976 8.795036993591285E-01
5977 9.369574016988866E-01
5978 1.205010724805191E+00
5979 9.320519426460263E-01
5980 3.193435788953167E-01
5981 1.349560583197655E+00
5982 1.327416807009159E+00
5983 2.155846355105107E+00
5984 1.979300475953169E+00
5985 2.182271382378710E+00
5986 1.455469936187764E+00
5987 2.026175145849165E-01
5988 -5.616571466500765E-01
5989 9.407749964639498E-01
5990 5.437029237397126E-01
5991 1.141491016114669E+00
5992 9.583179748810612E-01
5993 9.457300013991539E-01
5994 9.382595604603940E-01
5995 1.622566720870256E+00
5996 1.061578315058150E+00
5997 9.690552898420418E-01
5998 1.785643902199993E+00
5999 9.393537646137459E-01
6000 2.487292808008017E+00
6001 1.482285242506785E+00
6002 7.645959754706128E-01
6003 6.977250130324157E-01
6004 7.067231030631762E-01
6005 -7.015646887401570E-01
6006 -4.978514080608916E-01
6007 -1.052444889988375E+00
6008 -8.714400151251726E-01
6009 -8.665438494395910E-01
6010 -1.048307504906243E+00
6011 1.795038545918799E+00
6012 8.151999977987308E-01
6013 -1.072390065751221E-01
6014 -3.257818923761509E-01
6015 1.406698719168276E+00
6016 2.545588712115783E+00
6017 3.139185706150623E+00
6018 1.809867402601005E+00
6019 1.374821487788985E+00
6020 6.661990546887855E-01
6021 1.753281884777868E+00
6022 1.441791608176450E+00
6023 1.463223050458028E+00
6024 -1.697164372705479E+00
6025 -1.629849360643232E+00
6026 1.092708152284227E+00
6027 1.089827855205038E+00
6028 1.084859627117050E+00
6029 1.085561188231813E+00
6030 4.865422863349190E-01
6031 9.569436700673976E-01
6032 1.579374049359989E+00
6033 1.561714346862477E+00
6034 4.676401637976005E-01
6035 2.477711818694892E-01
6036 2.264181541776089E-01
6037 2.487735607143105E+00
6038 2.459875773203714E+00
6039 1.219263645488477E+00
6040 1.322510470304163E+00
6041 1.371261272847997E+00
6042 1.283122471316929E+00
6043 2.896179596880829E-01
6044 1.200688153348616E+00
6045 6.248222972494863E-01
6046 6.389843610181702E-01
6047 3.404541323065100E-01
6048 -5.068866770244319E-02
6049 8.302698630967214E-01
6050 2.455757017463789E+00
6051 2.593639397215728E+00
6052 -1.329172017699690E+00
6053 -1.217719717898810E+00
6054 -1.524684358203138E+00
6055 -1.417822465922261E+00
6056 1.998570963669103E+00
6057 2.029388953192927E+00
6058 3.581276621009702E-01
6059 1.181721480446846E+00
6060 1.203524347530521E+00
6061 1.418391635782625E+00
6062 6.759664431517636E-01
6063 6.511313748007782E-01
6064 7.138216295683601E-01
6065 2.118755905488307E+00
6066 1.994242525769691E+00
6067 1.490080412659990E+00
6068 3.356428683285573E+00
6069 1.086291086340337E+00
6070 -1.196080111581571E+00
6071 -1.342519740754226E+00
6072 -7.312910650242703E-01
6073 3.378063997718792E-01
6074 3.000024464683151E-01
6075 1.215927901094901E-01
6076 9.657661951597476E-01
6077 4.344278367451252E-01
6078 2.362105007455905E-01
6079 3.677983128735079E-01
6080 8.224269784914788E-01
6081 2.941580883367447E-01
6082 2.504410855196089E-01
6083 3.240329466511321E+00
6084 3.146925356769420E+00
6085 1.332198749785503E+00
6086 1.390970207961931E+00
6087 1.368853623560688E+00
6088 -5.765424334539881E-01
6089 2.322568275361641E+00
6090 1.682333951247246E+00
6091 1.690538213987993E+00
6092 5.638181395031154E-01
6093 5.492037045501235E-01
6094 7.155432336656347E-01
6095 8.381546583739339E-01
6096 2.106468040286628E+00
6097 2.231936357022683E+00
6098 -2.489945708972373E-01
6099 -4.100441432894296E-01
6100 1.035144867446555E+00
6101 8.343424660979982E-01
6102 1.855365872566215E+00
6103 1.762810324806680E+00
6104 1.450370128259537E+00
6105 7.965647902064523E-01
6106 7.834075158627121E-01
6107 -8.402550977119418E-01
6108 9.593816248632751E-01
6109 9.687989232281774E-01
6110 1.543878101322889E+00
6111 1.417612999203606E+00
6112 8.074435847552321E-01
6113 9.364665723050170E-01
6114 -2.789264374205138E-01
6115 5.178644331149774E-01
6116 1.682840832776479E+00
6117 9.742808726202328E-01
6118 1.688334642877183E+00
6119 1.770214688998607E+00
6120 1.004095963857883E+00
6121 1.978489407166443E+00
6122 2.160589094189461E+00
6123 -6.699412662257178E-01
6124 -4.231537955670484E-01
6125 4.005231561116362E-01
6126 -3.494269529043179E-01
6127 3.105512248532036E+00
6128 1.292298070319050E+00
6129 8.093218928683880E-01
6130 6.809080415769454E-01
6131 1.854719468319705E+00
6132 1.195587850470497E+00
6133 7.983507564354220E-01
6134 8.038487922043271E-01
6135 1.094076449805634E+00
6136 1.076636893865373E+00
6137 1.660841377241699E+00
6138 2.240459149538850E+00
6139 1.906698361754390E+00
6140 1.964135467018052E+00
6141 -3.016060778028895E-01
6142 4.385287599565145E-01
6143 7.657398670189273E-01
6144 1.218745369497070E+00
6145 1.181384737266233E+00
6146 1.572083388116279E+00
6147 2.351929222764037E+00
6148 2.363704160521447E-01
6149 2.146671429767416E-01
6150 1.534072040844003E+00
6151 -1.738059978552138E+00
6152 -1.761197449023486E+00
6153 1.160985841820509E+00
6154 2.380110662301290E+00
6155 -2.224862040474666E-01
6156 -2.524888248295813E-01
6157 -9.717742218689258E-01
6158 1.515042452704654E+00
6159 -9.228909593319261E-01
6160 1.727827430369962E+00
6161 1.794801687259345E+00
6162 -5.063571053319844E-01
6163 -3.803460324996155E-01
6164 6.385544125924569E-01
6165 1.444209688236446E+00
6166 2.538388537193407E-01
6167 1.710430495960740E+00
6168 1.611773942155631E+00
6169 -3.384480143500744E-01
6170 -3.632738535234648E-01
6171 -2.253069796349335E-01
6172 1.320074731442643E+00
6173 4.809471189876844E-01
6174 2.580788173535244E-01
6175 4.000168425181263E-01
6176 1.843731890345845E+00
6177 1.243940360920688E+00
6178 -1.506632431248549E+00
6179 -1.295836856695144E+00
6180 -1.297125071092094E+00
6181 8.519367803826676E-01
6182 -1.648700135566986E+00
6183 -1.715025768035991E+00
6184 6.757168301252480E-01
6185 7.768956197666397E-01
6186 1.731919841225423E-01
6187 1.867731133226834E-01
6188 1.510143995401141E+00
6189 3.198155612692267E+00
6190 8.993997529232942E-01
6191 9.305075207337925E-01
6192 3.150917571266149E+00
6193 3.057699351581138E+00
6194 2.987404461817420E+00
6195 2.760157658430259E-01
6196 5.861588787218995E-01
6197 5.231260375117810E-01
6198 3.884533512614803E-01
6199 3.318819712864553E-01
6200 2.520638607403916E+00
6201 1.936577059075424E+00
6202 1.989542263311933E+00
6203 1.675245924565102E+00
6204 1.623802047450264E+00
6205 7.821194282600299E-01
6206 -1.466739357026762E+00
6207 -5.029125633257843E-01
6208 -7.454049656256612E-01
6209 8.110997619547724E-01
6210 8.888322262012418E-01
6211 4.624479872133284E-01
6212 5.404356711907429E-01
6213 3.968866762116757E-01
6214 4.006802372088932E-01
6215 8.316149208903200E-01
6216 1.656902663537883E+00
6217 8.333080703252520E-01
6218 6.164340874950456E-01
6219 8.847318108439453E-01
6220 9.532082043573236E-01
6221 1.011357498128770E+00
6222 4.598121343701724E-01
6223 1.083309535465510E+00
6224 2.680081837067514E-01
6225 1.128748898729515E+00
6226 9.193018474135930E-01
6227 -6.392029929432717E-01
6228 1.414777594628101E+00
6229 1.465745896383655E+00
6230 1.936933779492439E+00
6231 1.820700610651616E+00
6232 7.901414883922482E-01
6233 7.410843043420297E-01
6234 -1.221152822768722E-01
6235 6.631184895730555E-02
6236 1.757955162185976E+00
6237 7.776584849196857E-01
6238 4.412408681246305E-01
6239 1.638173279938180E+00
6240 1.779836548489739E+00
6241 8.460744667266422E-01
6242 3.038093609088530E+00
6243 2.917517591300538E+00
6244 1.489114909393216E+00
6245 1.534363492114060E+00
6246 1.618047948301715E+00
6247 -8.740036152057845E-01
6248 -9.414312224939690E-01
6249 -9.529515264204700E-01
6250 -6.927803898488214E-01
6251 3.741519435681184E-01
6252 -5.225438519807059E-01
6253 -7.307672802351103E-01
6254 2.736382667580676E+00
6255 2.514828014808907E+00
6256 -1.144671873213930E+00
6257 -9.801279249714303E-01
6258 2.666648869335342E+00
6259 2.816103131428382E+00
6260 1.702286540324529E+00
6261 8.489363061584951E-01
6262 1.703451174647788E+00
6263 8.882119295844283E-01
6264 9.310325174206748E-01
6265 1.200350139461328E+00
6266 1.224402102423191E+00
6267 8.253842637351718E-01
6268 8.270907276143704E-01
6269 1.935791970371840E+00
6270 1.927380181871551E+00
6271 1.876669143335648E+00
6272 9.361705407984795E-01
6273 8.399805870241521E-01
6274 -9.407017843347149E-01
6275 1.977456801529351E+00
6276 1.918164628173116E+00
6277 -1.270422440319908E+00
6278 -1.031153302249879E+00
6279 1.521645001351895E+00
6280 1.564908759923010E+00
6281 5.879861087327991E-01
6282 3.498608915333913E+00
6283 1.497111804648135E+00
6284 9.529291426085805E-01
6285 -1.185065593124185E+00
6286 8.216245156705707E-01
6287 9.298163103851860E-01
6288 -3.025354723892836E-01
6289 8.216979150420101E-01
6290 8.141682881703054E-01
6291 5.222648726430248E-01
6292 3.321090925737691E+00
6293 3.468239161631771E+00
6294 1.021335649265630E+00
6295 9.869749330050759E-01
6296 -1.307053693076615E+00
6297 5.091426878019645E-01
6298 1.819158225474859E+00
6299 8.906117187304444E-01
6300 1.010815549109613E+00
6301 1.144294631020720E+00
6302 1.209797476689244E+00
6303 1.831843857734825E+00
6304 9.231568284530833E-01
6305 1.133564542914508E+00
6306 1.230423681824574E+00
6307 7.918053791317962E-01
6308 1.104051439190342E+00
6309 8.196061929321088E-01
6310 8.101561418051377E-01
6311 8.020149659288023E-01
6312 1.520253228025521E+00
6313 9.021719681001628E-01
6314 9.007504887171405E-01
6315 2.316976913755073E+00
6316 -1.383371082169552E+00
6317 -1.042062842120318E+00
6318 -7.318865746572203E-01
6319 -5.382117575521272E-01
6320 -3.927519986757927E-01
6321 1.274100630496785E+00
6322 6.537428458915335E-01
6323 6.671147642870530E-01
6324 2.950084364602983E+00
6325 8.311665930672361E-01
6326 5.432430114408651E-01
6327 1.628952499880900E+00
6328 -9.091886704746036E-01
6329 2.034463406850127E+00
6330 1.579612380504626E+00
6331 8.494650266124674E-01
6332 5.171309051205240E-01
6333 2.021011198620044E+00
6334 1.694670295725656E+00
6335 2.500089228153012E+00
6336 3.237365881265221E+00
6337 -1.668762848256476E-01
6338 1.052607836179919E+00
6339 8.239593073221561E-01
6340 8.254882314147531E-01
6341 1.414187721286784E+00
6342 1.368993338675997E+00
6343 6.368038302431671E-01
6344 5.610200344959404E-01
6345 2.400285814664274E+00
6346 1.135400951888813E+00
6347 7.003241751008709E-01
6348 -1.494399344540142E+00
6349 1.656668751676954E+00
6350 1.047596236481027E-01
6351 3.357338000877280E+00
6352 3.500611555344563E+00
6353 3.482997241034447E+00
6354 2.034132462227224E+00
6355 4.476017335532018E-01
6356 5.331125831407224E-01
6357 3.897393170392058E-01
6358 6.047449115700664E-01
6359 6.666160510563046E-01
6360 5.607666165908980E-01
6361 3.199372628488525E+00
6362 6.407613149267393E-01
6363 8.169321962037034E-01
6364 7.743248477440037E-01
6365 4.049178513439310E-01
6366 3.691858405916941E-01
6367 1.137662283738615E+00
6368 1.179265418383272E+00
6369 8.062416942198873E-01
6370 -6.334913877389430E-01
6371 -4.760259412019171E-01
6372 4.112341650178263E-01
6373 1.119420093224304E+00
6374 4.998705753689994E-01
6375 3.201100428286466E+00
6376 4.406024857975278E-01
6377 5.327324548446395E-01
6378 1.045525297095216E+00
6379 5.963040966698891E-01
6380 -1.364525076872173E+00
6381 1.074369084773442E+00
6382 1.042652596125113E+00
6383 8.089138897417013E-01
6384 -5.414103895762112E-01
6385 2.398029500084484E-01
6386 1.107483830991566E+00
6387 3.582987809120394E-01
6388 8.356618578847250E-01
6389 1.071218213478771E+00
6390 1.051686475556289E+00
6391 1.069784554668974E+00
6392 -1.331159714878836E+00
6393 -4.444233787528820E-01
6394 -1.129676728074078E+00
6395 2.592452622547577E-01
6396 -1.209700937804457E+00
6397 -1.285167565878371E+00
6398 -4.456196636394324E-01
$EndNodeData
$NodeData
1
"S2"
1
0.0
3
0
1
6398
1 9.997199337916329E-01
2 1.009555220485194E+00
3 9.918611619732555E-01
4 9.918560253756316E-01
5 1.009831591760646E+00
6 9.996781093802758E-01
7 4.793030755657216E+00
8 -1.998236638407333E+00
9 4.756867184137135E+00
10 -2.000867230668946E+00
11 9.998620639905779E-01
12 9.998386498080035E-01
13 9.998870456622044E-01
14 9.999788834046851E-01
15 1.000080529806022E+00
16 1.000319124725627E+00
17 1.001410796156604E+00
18 1.003658161612969E+00
19 1.013623601138968E+00
20 9.997621983639291E-01
21 9.996376544316394E-01
22 9.997450473277294E-01
23 9.998360168682823E-01
24 9.999559254288655E-01
25 1.000196713440901E+00
26 1.000879866298368E+00
27 1.002919561403048E+00
28 1.004662098732219E+00
29 9.878227275738587E-01
30 9.819999391428151E-01
31 9.973027719241111E-01
32 9.986606200609426E-01
33 9.989238637820438E-01
34 9.991510236332936E-01
35 9.990283320930476E-01
36 9.992227887586645E-01
37 9.995324434791835E-01
38 1.000085721592488E+00
39 1.001964051051933E+00
40 1.001937658684684E+00
41 1.006839637992972E+00
42 1.005811989952038E+00
43 1.003559975205721E+00
44 1.001661061140646E+00
45 9.989184980920486E-01
46 9.975495167982653E-01
47 9.986653807303195E-01
48 1.011561412648151E+00
49 9.960307622299859E-01
50 9.975612869721294E-01
51 9.981189542603207E-01
52 9.983091346707316E-01
53 9.983535984647515E-01
54 9.986391295568033E-01
55 9.987240764636216E-01
56 9.996269684833323E-01
57 1.000951165416578E+00
58 1.003158882668548E+00
59 1.004872730438664E+00
60 1.010489512609660E+00
61 1.010163603528699E+00
62 1.003790663776510E+00
63 9.996598259272184E-01
64 9.957975591438455E-01
65 9.968923243283918E-01
66 9.947533977012244E-01
67 1.055894932958639E+00
68 1.206128452826907E+00
69 1.390958800904227E+00
70 1.555334854068818E+00
71 1.619791807422674E+00
72 1.555601308029488E+00
73 1.390857178681544E+00
74 1.206185752113575E+00
75 1.055875331794933E+00
76 1.018208142364700E+00
77 1.125697281546657E+00
78 1.298696848787084E+00
79 1.483824875837705E+00
80 1.603110738832581E+00
81 1.604509171537278E+00
82 1.483838814608818E+00
83 1.298842663429036E+00
84 1.125687905974548E+00
85 1.018199305786461E+00
86 9.986603245232827E-01
87 9.975448341490522E-01
88 9.990381128522031E-01
89 1.001788609304951E+00
90 1.005504515030485E+00
91 1.005531340104768E+00
92 1.004522947000276E+00
93 1.003062411588832E+00
94 1.001524308172034E+00
95 1.000315381537027E+00
96 9.995519883021927E-01
97 9.990986542549068E-01
98 9.988420015447511E-01
99 9.988110508630061E-01
100 9.988294490872636E-01
101 9.989993030940827E-01
102 9.972888229289909E-01
103 9.821647592372645E-01
104 9.947538977718992E-01
105 9.969552605923876E-01
106 9.959962454062464E-01
107 9.997943190219503E-01
108 1.007124358367291E+00
109 1.012119745727281E+00
110 1.009302094405077E+00
111 1.006957191827645E+00
112 1.003620406603340E+00
113 1.001253163825073E+00
114 9.996021256740310E-01
115 9.986203097886936E-01
116 9.979679717439284E-01
117 9.974588484062739E-01
118 9.981403046480786E-01
119 9.981479273404066E-01
120 9.984140418553161E-01
121 9.956863577843883E-01
122 1.011659125753955E+00
123 1.014352010822210E+00
124 1.002800251199667E+00
125 1.000929210573715E+00
126 1.000366427074914E+00
127 1.000092283826104E+00
128 9.999648367932513E-01
129 9.998997850957769E-01
130 9.998611531199582E-01
131 9.998885809394773E-01
132 9.880738249772379E-01
133 1.003522558607817E+00
134 1.001772408293552E+00
135 1.000747004991261E+00
136 1.000214244593102E+00
137 9.999425545631476E-01
138 9.998055868880752E-01
139 9.997302173092688E-01
140 9.997185549867872E-01
141 9.996749114130682E-01
142 1.002235127048211E+00
143 1.006170041943344E+00
144 1.008800475994797E+00
145 1.010030704259277E+00
146 1.010339106720333E+00
147 1.010032339459740E+00
148 1.008808292893968E+00
149 1.006149957209695E+00
150 1.002197016511216E+00
151 1.000797368811694E+00
152 1.004195682210023E+00
153 1.007472725728717E+00
154 1.009330048751520E+00
155 1.010028874061293E+00
156 1.010036178150565E+00
157 1.009329946442254E+00
158 1.007494418970212E+00
159 1.004201851947833E+00
160 1.000765948843630E+00
161 1.033984151222410E+00
162 1.029564302654072E+00
163 1.031840564928727E+00
164 1.039321371459912E+00
165 1.081619675130667E+00
166 1.066418376644887E+00
167 1.085550526556688E+00
168 1.107389516551085E+00
169 1.131437479797162E+00
170 1.157104198428652E+00
171 1.183824421152948E+00
172 1.210797638586366E+00
173 1.237408710580883E+00
174 1.262695623422659E+00
175 1.286038786043487E+00
176 1.306467436259205E+00
177 1.323358352831332E+00
178 1.335928409176155E+00
179 1.343634185834079E+00
180 1.346260733526313E+00
181 1.343632455314535E+00
182 1.335882140138572E+00
183 1.323376703835415E+00
184 1.306589978547925E+00
185 1.285978521139363E+00
186 1.262736812558982E+00
187 1.237350655315123E+00
188 1.210804987712163E+00
189 1.183807696449596E+00
190 1.157109410134359E+00
191 1.131306150747681E+00
192 1.140869204403563E+00
193 1.085598990029862E+00
194 1.066526792088801E+00
195 1.050816162142992E+00
196 1.039117124058089E+00
197 1.031838557752575E+00
198 1.029995424390112E+00
199 1.033920600388582E+00
200 1.032660924075624E+00
201 1.032291462791080E+00
202 1.030785163529996E+00
203 1.035170283807666E+00
204 1.044482947143427E+00
205 1.058437249981629E+00
206 1.075725735807907E+00
207 1.096144583658087E+00
208 1.119197337707705E+00
209 1.144102898041680E+00
210 1.170425346452537E+00
211 1.197338526295149E+00
212 1.224248151355611E+00
213 1.250379203983975E+00
214 1.274786901516267E+00
215 1.296841968620915E+00
216 1.315560745514776E+00
217 1.330344967447432E+00
218 1.340634314727351E+00
219 1.345719614699589E+00
220 1.345861129638211E+00
221 1.340597826673758E+00
222 1.330288073934127E+00
223 1.315598105183638E+00
224 1.296779571797149E+00
225 1.274812295145527E+00
226 1.250379729968053E+00
227 1.224239746007462E+00
228 1.197345440298724E+00
229 1.170417997254263E+00
230 1.144145724882898E+00
231 1.119334829716160E+00
232 1.096125597245779E+00
233 1.075767284307140E+00
234 1.058299728370129E+00
235 1.044619773245139E+00
236 1.034927702924924E+00
237 1.030708568469328E+00
238 1.031962793270338E+00
239 1.032737065004805E+00
240 4.741447713846377E+00
241 4.587297389297532E+00
242 4.344180827255275E+00
243 4.012547224231068E+00
244 3.602485933049104E+00
245 3.130784117249618E+00
246 2.612491569708359E+00
247 2.062219166347730E+00
248 1.493658427617605E+00
249 9.324481476327350E-01
250 3.872925618541534E-01
251 -1.281621768098018E-01
252 -5.971969993923748E-01
253 -1.010399638676410E+00
254 -1.359064402456222E+00
255 -1.635031951692425E+00
256 -1.836763396302350E+00
257 -1.958958551707964E+00
258 4.788482862709020E+00
259 4.688455614111005E+00
260 4.486577498585153E+00
261 4.199770091321382E+00
262 3.826624912288010E+00
263 3.383076022430996E+00
264 2.885887572921349E+00
265 2.350635813791552E+00
266 1.787218229850316E+00
267 1.223235909499095E+00
268 6.701246448144653E-01
269 1.374708015762733E-01
270 -3.557850579966560E-01
271 -7.981558473168806E-01
272 -1.180436882355741E+00
273 -1.491676552560363E+00
274 -1.730033370240211E+00
275 -1.899243024508857E+00
276 -1.973055145730841E+00
277 -1.959164856321385E+00
278 -1.835689997816559E+00
279 -1.631892874746350E+00
280 -1.351955898011373E+00
281 -1.000287806543682E+00
282 -5.825520579385552E-01
283 -1.081042616203605E-01
284 4.103944502747182E-01
285 9.586252238124352E-01
286 1.526263446501890E+00
287 2.087867957035163E+00
288 2.631746821174334E+00
289 3.143097873090618E+00
290 3.604346037911490E+00
291 4.002418338624140E+00
292 4.325251434590083E+00
293 4.562458517047119E+00
294 4.707509480210738E+00
295 -1.975936671028683E+00
296 -1.895218618584719E+00
297 -1.730206350119406E+00
298 -1.486871667590997E+00
299 -1.170252221235639E+00
300 -7.859402455776872E-01
301 -3.394345643749030E-01
302 1.586301507043161E-01
303 6.928322331701533E-01
304 1.251343804188811E+00
305 1.818561123418550E+00
306 2.372884363452051E+00
307 2.901829254338839E+00
308 3.388496056889522E+00
309 3.818789787108988E+00
310 4.180063357280904E+00
311 4.460576488207448E+00
312 4.652833762960652E+00
313 4.750279894799864E+00
314 4.711500961236050E+00
315 4.564098338860244E+00
316 4.326465759541041E+00
317 4.002207025202011E+00
318 3.603987988949987E+00
319 3.144610740268682E+00
320 2.632091826099020E+00
321 2.086076297286570E+00
322 1.521960125766677E+00
323 9.612513165398503E-01
324 4.097385229443879E-01
325 -1.114305453664911E-01
326 -5.805764027025252E-01
327 -1.000206874678357E+00
328 -1.357461832979660E+00
329 -1.633528757029023E+00
330 -1.836019259319401E+00
331 -1.959949072872365E+00
332 4.746683960065208E+00
333 4.652064069933240E+00
334 4.457414472222876E+00
335 4.180194134012352E+00
336 3.818770120719591E+00
337 3.388120267422416E+00
338 2.900667829159233E+00
339 2.369851904576820E+00
340 1.815153214236192E+00
341 1.252870056578789E+00
342 6.929710059193550E-01
343 1.519646852481813E-01
344 -3.401365040351228E-01
345 -7.875094365743489E-01
346 -1.182813442503867E+00
347 -1.492174582764078E+00
348 -1.729580893271346E+00
349 -1.898637948081797E+00
350 -1.976719216589543E+00
351 -1.958893817564537E+00
352 -1.836223708661945E+00
353 -1.635898876838878E+00
354 -1.358640058278481E+00
355 -1.010402914867695E+00
356 -5.973275775118516E-01
357 -1.283627787287345E-01
358 3.852387257639580E-01
359 9.318967781716152E-01
360 1.492679459968347E+00
361 2.064710231981826E+00
362 2.613420736643516E+00
363 3.129945628774144E+00
364 3.605322923715757E+00
365 4.012498776220219E+00
366 4.346120371939256E+00
367 4.591958746984084E+00
368 4.743274810739568E+00
369 -1.980560934831460E+00
370 -1.891896243855010E+00
371 -1.732567372289070E+00
372 -1.493073399597859E+00
373 -1.179745639312050E+00
374 -7.981988372064339E-01
375 -3.564305976565997E-01
376 1.354342045636040E-01
377 6.670949250571349E-01
378 1.220097442002279E+00
379 1.786564623863292E+00
380 2.348837083876590E+00
381 2.882352349256364E+00
382 3.380557070544561E+00
383 3.823287241334890E+00
384 4.197019985915451E+00
385 4.488040002076676E+00
386 4.689230913136141E+00
387 4.788707861646897E+00
388 9.103735766964189E-01
389 9.613865756553397E-01
390 1.001483320638281E+00
391 1.006628527674789E+00
392 9.742623949886219E-01
393 9.220429010510091E-01
394 8.813800530471951E-01
395 8.872262193626667E-01
396 1.000601236267235E+00
397 1.000624798049165E+00
398 8.816963999060567E-01
399 9.999035266436046E-01
400 1.008410739131402E+00
401 1.008990450779861E+00
402 8.793315306338639E-01
403 9.998913458403375E-01
404 9.850864668020421E-01
405 9.385151795291934E-01
406 1.010248006328064E+00
407 9.943343905259785E-01
408 9.486750499092136E-01
409 1.007019100152798E+00
410 8.859186955103588E-01
411 9.966520557804991E-01
412 9.938363386963148E-01
413 1.004548932746720E+00
414 1.001222774055438E+00
415 9.218122246883848E-01
416 1.003941114744392E+00
417 1.004579376676015E+00
418 1.005286967852770E+00
419 1.000483352823442E+00
420 1.000390486476634E+00
421 9.934502215982062E-01
422 9.940148093542119E-01
423 9.835628960444421E-01
424 9.831607350763939E-01
425 9.878932841526561E-01
426 9.949732318167456E-01
427 9.913124195975835E-01
428 9.961059988684130E-01
429 9.936026447275074E-01
430 9.966164746501426E-01
431 9.946794174939404E-01
432 9.958737546076034E-01
433 9.926812584532880E-01
434 9.934970520161039E-01
435 9.883601824448337E-01
436 9.898762172226904E-01
437 9.809902233048338E-01
438 9.855716905621802E-01
439 9.744239364402038E-01
440 9.817472001701391E-01
441 9.917997595452034E-01
442 9.904336360305130E-01
443 9.766383655484328E-01
444 9.980788824915430E-01
445 9.902601695582894E-01
446 9.778747632629115E-01
447 9.980792772823981E-01
448 9.710344590225142E-01
449 9.697908973518565E-01
450 9.865076473677803E-01
451 9.724871553792358E-01
452 9.883349755029728E-01
453 9.602315699891969E-01
454 9.594306499303776E-01
455 9.847221343386329E-01
456 9.789493430231159E-01
457 9.803980761527407E-01
458 9.628022431937224E-01
459 9.990832138347272E-01
460 9.989183344981839E-01
461 9.946460068808681E-01
462 9.509873365570732E-01
463 9.631701052638214E-01
464 1.002115188006134E+00
465 9.894708815264571E-01
466 9.542713450838470E-01
467 9.599194584916564E-01
468 9.698201178794237E-01
469 9.603939495257875E-01
470 9.938788436202316E-01
471 9.382009034010753E-01
472 1.003129649380291E+00
473 1.002502853261755E+00
474 1.004851698668525E+00
475 9.856301288038725E-01
476 9.937203832795003E-01
477 9.710283154755402E-01
478 9.434665039874051E-01
479 9.367567017331652E-01
480 9.978885734382906E-01
481 9.290613675753812E-01
482 9.370847697929435E-01
483 9.758320801031397E-01
484 9.248268643928647E-01
485 1.005474660598768E+00
486 9.948121539930037E-01
487 9.977937132991962E-01
488 9.957923122962707E-01
489 9.966913984557073E-01
490 9.835161858662530E-01
491 9.735399508548865E-01
492 9.876920815189680E-01
493 9.543679255337819E-01
494 1.003888904393300E+00
495 9.895696962747231E-01
496 9.842923735445480E-01
497 9.764373469673681E-01
498 9.521894983580473E-01
499 9.319316186807455E-01
500 9.629853111705585E-01
501 9.314209273353785E-01
502 1.000902406013539E+00
503 9.787570107343747E-01
504 9.005682002145555E-01
505 9.417286863116457E-01
506 9.504252399750496E-01
507 1.009113504752023E+00
508 1.006618625337095E+00
509 9.674073581541077E-01
510 9.876041497145676E-01
511 9.441171043565809E-01
512 9.206508784369264E-01
513 9.430991610192293E-01
514 1.003075185198216E+00
515 1.008401447840857E+00
516 1.001960663288605E+00
517 1.000336835966373E+00
518 9.998534202971098E-01
519 1.001375938585664E+00
520 9.984584867428755E-01
521 1.000839656435131E+00
522 1.002372455249024E+00
523 1.000341262454598E+00
524 1.005868315489383E+00
525 9.989437110292809E-01
526 9.987953968498333E-01
527 9.773755756419746E-01
528 9.693249466696944E-01
529 9.016456937135707E-01
530 9.973190345280987E-01
531 9.870074279464927E-01
532 9.931318776461371E-01
533 9.101666566068565E-01
534 9.999436750243925E-01
535 1.004002152044895E+00
536 1.000727920878135E+00
537 9.999762479988038E-01
538 8.730641394641638E-01
539 9.835140498321054E-01
540 9.642636584826075E-01
541 8.980919552699618E-01
542 8.711173154037125E-01
543 9.879079002879761E-01
544 9.977462386476622E-01
545 1.001727527831128E+00
546 9.052087292739975E-01
547 8.982949248806568E-01
548 9.314396488471176E-01
549 9.244609469271005E-01
550 9.103091475822612E-01
551 9.505564586846676E-01
552 9.943601571434266E-01
553 9.726398699690321E-01
554 1.006636978202372E+00
555 1.009207404220102E+00
556 1.001374237987596E+00
557 9.971255098439967E-01
558 1.002824909634159E+00
559 9.846039346407713E-01
560 9.613050203284400E-01
561 9.390842899635347E-01
562 9.999000718703713E-01
563 9.913274556563921E-01
564 9.911008876394289E-01
565 1.003824590305441E+00
566 9.975401783196561E-01
567 9.664612731336025E-01
568 9.977664996885952E-01
569 1.002933822781197E+00
570 9.931651483716756E-01
571 9.938071330209990E-01
572 9.991869470209435E-01
573 9.994742280117297E-01
574 9.144335862080983E-01
575 8.841390513743143E-01
576 9.881863323295800E-01
577 9.988836714449292E-01
578 9.939697291399473E-01
579 1.006232194955914E+00
580 1.007530963440857E+00
581 9.117092341229472E-01
582 9.511620326501058E-01
583 1.003020133673993E+00
584 9.929827362036994E-01
585 9.936174430304687E-01
586 1.006897401941576E+00
587 8.673394477986929E-01
588 9.795333237212025E-01
589 8.722610791711242E-01
590 9.951791687317112E-01
591 1.000964529542474E+00
592 1.001251544480015E+00
593 9.090882730017291E-01
594 9.632685111270711E-01
595 9.024648685635632E-01
596 9.508057345326089E-01
597 9.720897125365442E-01
598 9.060062722131427E-01
599 9.381456608092785E-01
600 9.952780218285767E-01
601 9.810707248850749E-01
602 9.865993286610792E-01
603 9.720044868660220E-01
604 9.213359182150679E-01
605 9.722536387976604E-01
606 1.002941102678441E+00
607 9.932092546645290E-01
608 8.766338455192589E-01
609 9.681669076619686E-01
610 1.000327160351580E+00
611 9.335324703638059E-01
612 9.027632985263683E-01
613 9.927991331620939E-01
614 9.766361769895742E-01
615 9.255151111422172E-01
616 1.002792941608250E+00
617 9.602643159086236E-01
618 9.572274215585060E-01
619 9.930815613484414E-01
620 1.001678198106236E+00
621 1.006498926036191E+00
622 1.001095879532661E+00
623 9.776320230013338E-01
624 9.738960524030267E-01
625 9.584777735156462E-01
626 9.463559127812415E-01
627 9.526479341296576E-01
628 9.444589468173835E-01
629 9.912375603226080E-01
630 9.957032482116870E-01
631 9.927641459810883E-01
632 1.005130511877920E+00
633 1.006017124180967E+00
634 1.006601935769854E+00
635 9.945072827483175E-01
636 9.975632961192178E-01
637 9.941599222412691E-01
638 9.409913267075423E-01
639 9.486674274987696E-01
640 9.099607124136617E-01
641 9.306209864046603E-01
642 9.003617017802219E-01
643 8.929213129933491E-01
644 9.190747874780132E-01
645 1.006268450570302E+00
646 1.007206775354690E+00
647 1.004802768095211E+00
648 1.002494544664440E+00
649 1.002229533407426E+00
650 1.003549330326533E+00
651 1.003032359532354E+00
652 1.004398109794504E+00
653 1.001495871522166E+00
654 9.987412923190140E-01
655 9.999176157166043E-01
656 9.998172501342326E-01
657 9.989285836276229E-01
658 9.991167347208325E-01
659 9.970641254130779E-01
660 9.986594392503316E-01
661 9.961577529058863E-01
662 9.137248844277224E-01
663 8.862734588323981E-01
664 9.239213409090701E-01
665 9.507699493821509E-01
666 9.420064747422155E-01
667 9.430008406984300E-01
668 9.989094171238300E-01
669 1.000516020597321E+00
670 9.506139319346276E-01
671 9.477232028502536E-01
672 9.328012235923114E-01
673 9.625628764623808E-01
674 9.628925115389511E-01
675 1.008557185068624E+00
676 1.007644156111018E+00
677 1.007930415822829E+00
678 9.952004232479816E-01
679 9.918202429200167E-01
680 9.925960212382243E-01
681 9.640871478799745E-01
682 1.008613311178870E+00
683 1.007569149136608E+00
684 9.170217708206090E-01
685 9.193915232648877E-01
686 9.712229178462848E-01
687 9.687554405535805E-01
688 9.666103047151072E-01
689 1.002008283495980E+00
690 9.855379046307637E-01
691 9.810653619353977E-01
692 9.831715786255544E-01
693 9.381495372365746E-01
694 9.294820445025687E-01
695 1.004490723896167E+00
696 1.004297829092623E+00
697 1.005358476959303E+00
698 1.006840499966775E+00
699 1.005163749365229E+00
700 1.005934108888466E+00
701 1.002660618755947E+00
702 9.756331382486674E-01
703 9.797215917682227E-01
704 9.808912759564485E-01
705 1.002433290552087E+00
706 1.000967240402114E+00
707 9.673981720137683E-01
708 9.624142992797249E-01
709 9.675063640471104E-01
710 1.004929107399008E+00
711 1.006684701378810E+00
712 1.006852413861039E+00
713 9.948679830842930E-01
714 9.730837081565380E-01
715 8.780993844404930E-01
716 8.973515203797141E-01
717 9.778833092310971E-01
718 9.754819828519687E-01
719 1.009600623474150E+00
720 1.009286483537622E+00
721 9.622487906707853E-01
722 9.585878567302988E-01
723 9.992065239026349E-01
724 1.001048067035216E+00
725 1.001052184205206E+00
726 1.002707748526515E+00
727 1.001369078931482E+00
728 1.004699440712393E+00
729 9.039095168159097E-01
730 8.914140442097853E-01
731 8.971039186103353E-01
732 1.000176404504851E+00
733 9.999225546512529E-01
734 9.196050801099541E-01
735 9.058046355676668E-01
736 9.327929712206042E-01
737 1.001033805674512E+00
738 1.002893552870979E+00
739 9.502199283486087E-01
740 9.339337328390545E-01
741 8.872113176641682E-01
742 8.906932290064751E-01
743 9.041277045488949E-01
744 9.186458548058960E-01
745 9.157594841546987E-01
746 9.286142153367565E-01
747 9.828796410796885E-01
748 9.859490813088392E-01
749 9.511693084187324E-01
750 9.457151179835894E-01
751 9.555176665970220E-01
752 1.006180689240632E+00
753 1.007654055665534E+00
754 1.010044024609370E+00
755 1.006585031894873E+00
756 1.005499391232352E+00
757 1.004371858244201E+00
758 1.005822491327539E+00
759 1.009301999953125E+00
760 1.009650093539836E+00
761 9.236823174854790E-01
762 9.095982537529652E-01
763 9.763005279971606E-01
764 9.762027509401126E-01
765 9.755651662448473E-01
766 9.901352337412390E-01
767 9.902933009265074E-01
768 9.884657759222503E-01
769 9.956529904778442E-01
770 9.565130131828458E-01
771 9.483741211679901E-01
772 9.868265656826534E-01
773 9.883686328562529E-01
774 9.854341885100939E-01
775 9.850585518599964E-01
776 9.857446857329002E-01
777 9.819589550838262E-01
778 9.790097834095379E-01
779 9.744146841055432E-01
780 9.718664567514615E-01
781 1.008724243698260E+00
782 9.951166712444636E-01
783 9.960843617020563E-01
784 9.960376166575573E-01
785 1.004776775314435E+00
786 1.002698183341580E+00
787 1.003026430355455E+00
788 9.871249515834848E-01
789 9.846500922695423E-01
790 9.867952026212932E-01
791 9.314786273006542E-01
792 9.335924105053182E-01
793 9.588588101747801E-01
794 9.534264651337765E-01
795 9.618818599588849E-01
796 9.933428246801153E-01
797 9.887043844216350E-01
798 9.889963164876202E-01
799 9.373047929823132E-01
800 9.280604499535227E-01
801 9.940596745804826E-01
802 9.946673034926758E-01
803 9.935065685197028E-01
804 1.000076379730741E+00
805 9.971103470420393E-01
806 9.970879643994688E-01
807 9.650745201594411E-01
808 9.576455615333389E-01
809 1.008911477598809E+00
810 1.007809694851105E+00
811 1.007904694646505E+00
812 9.524764125229088E-01
813 9.422138245429938E-01
814 9.434547001358852E-01
815 9.827596615621585E-01
816 9.774144255902353E-01
817 9.776926434042332E-01
818 9.696390236630288E-01
819 9.623687050010451E-01
820 9.629826408628424E-01
821 9.924545971228185E-01
822 9.905897366156773E-01
823 9.916004159643930E-01
824 9.155049357636982E-01
825 9.090268072609369E-01
826 9.590529552723135E-01
827 9.493446205696593E-01
828 9.492967444986981E-01
829 9.554014254994674E-01
830 9.467269367988578E-01
831 9.409700949538393E-01
832 1.000336432151288E+00
833 1.000713154355123E+00
834 1.000463861231736E+00
835 9.679251230772488E-01
836 9.758279962383111E-01
837 9.823051029749379E-01
838 9.600167118933182E-01
839 9.458240830505213E-01
840 9.908645791075290E-01
841 9.909732850419506E-01
842 9.887967283120654E-01
843 9.344401753358427E-01
844 9.239950162009032E-01
845 9.205972021167030E-01
846 9.944803611024895E-01
847 9.939447533992990E-01
848 9.944150452838116E-01
849 9.895364988396331E-01
850 9.864061147659955E-01
851 9.879365119274059E-01
852 9.942927093283291E-01
853 9.928604205368393E-01
854 1.005147007976137E+00
855 1.007266180901421E+00
856 1.001742807869747E+00
857 1.001581059508565E+00
858 9.777357785341410E-01
859 9.754277805228971E-01
860 9.722121386856643E-01
861 9.976701469007714E-01
862 9.956237016795066E-01
863 9.764354653188704E-01
864 9.688331204381906E-01
865 9.695525784424259E-01
866 9.079820017470286E-01
867 9.189927444450158E-01
868 1.003434564223856E+00
869 1.001187878672212E+00
870 9.745295198859429E-01
871 9.655781386025116E-01
872 9.260572509392926E-01
873 9.150120416238875E-01
874 9.132395447590839E-01
875 9.672075064478901E-01
876 9.676045654467529E-01
877 9.635485248108169E-01
878 9.690992845713949E-01
879 9.962700348843284E-01
880 9.987890619469617E-01
881 9.977798031878546E-01
882 1.006591213394726E+00
883 1.005031840188511E+00
884 9.435941880512748E-01
885 9.530140138905527E-01
886 9.486198330348428E-01
887 1.000323402478387E+00
888 9.997581963605959E-01
889 9.968227266929360E-01
890 9.948411457248574E-01
891 9.154397404877723E-01
892 9.260749854031591E-01
893 9.206430163899572E-01
894 9.652004483034097E-01
895 9.549901857872538E-01
896 9.911693251331879E-01
897 1.000440850808076E+00
898 1.000392050222987E+00
899 9.701988772566051E-01
900 9.614949586449688E-01
901 9.973650145012087E-01
902 1.000177305543491E+00
903 1.000235785618081E+00
904 1.002986235738497E+00
905 9.721256273820628E-01
906 9.656929611419391E-01
907 9.996496243742172E-01
908 9.995786529401631E-01
909 9.886097705598863E-01
910 9.769762260614190E-01
911 9.074627331069378E-01
912 9.178642177196015E-01
913 9.515104750894348E-01
914 9.318004433734866E-01
915 9.364367484058038E-01
916 9.405445402786975E-01
917 9.319709952513089E-01
918 9.296559326631207E-01
919 9.940774588888180E-01
920 9.892511749446865E-01
921 9.804357716810030E-01
922 9.787884946889630E-01
923 9.949993687926808E-01
924 9.972044558287587E-01
925 9.804331214588339E-01
926 9.804277534320394E-01
927 9.387561980576109E-01
928 9.588338978126603E-01
929 9.817725421655062E-01
930 9.639668375777846E-01
931 9.686149843172147E-01
932 9.417751196569202E-01
933 9.175449783958387E-01
934 9.911825547884151E-01
935 9.931665063983774E-01
936 9.818597188680629E-01
937 9.730752908484768E-01
938 9.964322953284542E-01
939 9.893628556705971E-01
940 9.919153460814993E-01
941 9.226794706243042E-01
942 9.915624731999917E-01
943 9.044637998087631E-01
944 1.009771401970352E+00
945 1.009806008192880E+00
946 1.003721470385722E+00
947 9.984121001241590E-01
948 9.992578475801749E-01
949 1.006140508448121E+00
950 1.000481027480199E+00
951 1.000409208626671E+00
952 1.000829186957032E+00
953 9.516558759881497E-01
954 1.003425715201226E+00
955 1.007917634161863E+00
956 9.521498556045063E-01
957 9.878240713539452E-01
958 9.904325038535162E-01
959 9.983228803439015E-01
960 9.972574779507337E-01
961 9.963077113200096E-01
962 9.706365501368528E-01
963 9.722041916638279E-01
964 9.750205667025376E-01
965 9.792192509544215E-01
966 9.959389983394242E-01
967 1.008694849043748E+00
968 9.997292631227472E-01
969 9.988567565690063E-01
970 9.838469010435713E-01
971 9.844867237043529E-01
972 9.768617120700871E-01
973 9.806685832771664E-01
974 9.968516928254837E-01
975 9.928970433945838E-01
976 1.003085159706436E+00
977 9.833085409828406E-01
978 9.798563195041639E-01
979 9.889866803395215E-01
980 9.853870181667947E-01
981 9.571353145825414E-01
982 9.706752972994948E-01
983 9.479339695734960E-01
984 9.817507698315413E-01
985 9.298997535083946E-01
986 9.316890053405151E-01
987 9.237729278995126E-01
988 9.448192104387811E-01
989 9.570932933881500E-01
990 9.734156061773616E-01
991 9.747850268529189E-01
992 1.008659940826751E+00
993 9.785528161874422E-01
994 9.800383108451213E-01
995 9.808494632995646E-01
996 9.842103850905081E-01
997 1.000099288332053E+00
998 1.001309155414568E+00
999 9.711191252594045E-01
1000 9.986723156334461E-01
1001 9.876754530229438E-01
1002 9.929254859735628E-01
1003 9.907219042481392E-01
1004 9.950379933582592E-01
1005 9.941913711141482E-01
1006 9.939961852052325E-01
1007 9.897043919763070E-01
1008 9.914832048509274E-01
1009 9.932548277969487E-01
1010 9.949871223306994E-01
1011 9.955428835531432E-01
1012 9.936301844185639E-01
1013 9.948437581259957E-01
1014 9.863775695924561E-01
1015 9.838162647692367E-01
1016 9.158171349735020E-01
1017 1.000019655422527E+00
1018 1.000169708629275E+00
1019 1.000342360655698E+00
1020 9.627207491708545E-01
1021 1.002670034585487E+00
1022 1.002508054609760E+00
1023 1.001992218196604E+00
1024 9.996197043070233E-01
1025 1.000032762925693E+00
1026 1.000357143096894E+00
1027 9.470528525922643E-01
1028 9.610409408363255E-01
1029 1.000225148382632E+00
1030 1.000405132463477E+00
1031 9.986442847583220E-01
1032 9.970540357923817E-01
1033 9.975839105748192E-01
1034 9.996883840652890E-01
1035 9.996950825148712E-01
1036 9.927504160061897E-01
1037 9.893392567731223E-01
1038 1.002914824322140E+00
1039 1.003534129435818E+00
1040 1.002106956766802E+00
1041 1.000204093164291E+00
1042 9.999826585282905E-01
1043 1.000189303126010E+00
1044 9.981281058816673E-01
1045 1.000249457516638E+00
1046 9.999150680175264E-01
1047 1.000337151963446E+00
1048 9.973513408481669E-01
1049 9.831859783929673E-01
1050 1.001191431610356E+00
1051 9.968787208123066E-01
1052 9.990454876396591E-01
1053 1.001592697003652E+00
1054 9.726215442455081E-01
1055 9.732253957842754E-01
1056 1.003735675100910E+00
1057 9.997500895670399E-01
1058 1.001645756967228E+00
1059 9.962231994958985E-01
1060 1.000641843063815E+00
1061 1.000518032924548E+00
1062 9.781648487991997E-01
1063 9.709791255419356E-01
1064 9.951302061972175E-01
1065 9.781752447331424E-01
1066 9.830574501736533E-01
1067 9.750461164831420E-01
1068 9.598229773086689E-01
1069 1.000540212654647E+00
1070 1.000794885852680E+00
1071 1.001024852347577E+00
1072 9.644813434767843E-01
1073 9.625709296551941E-01
1074 9.590692904506752E-01
1075 1.000876697448530E+00
1076 1.001880776045171E+00
1077 9.375995923065092E-01
1078 9.817707705980743E-01
1079 9.639487459809681E-01
1080 9.048396967025143E-01
1081 9.254580226705831E-01
1082 8.957118284541404E-01
1083 9.978415440479509E-01
1084 9.401235727705995E-01
1085 9.444393855122785E-01
1086 9.898537373214049E-01
1087 1.000605987898009E+00
1088 9.863350069883214E-01
1089 9.852304307260127E-01
1090 9.835484947038977E-01
1091 9.840985239806016E-01
1092 9.877702052875175E-01
1093 9.999761536009413E-01
1094 9.989389960978157E-01
1095 9.880349112663005E-01
1096 9.867361420780891E-01
1097 9.910056706198620E-01
1098 1.001558180734863E+00
1099 1.002357616131111E+00
1100 1.001718573786274E+00
1101 9.333858740799869E-01
1102 1.000213413659416E+00
1103 9.903931077657349E-01
1104 9.866412055932776E-01
1105 9.730302516480707E-01
1106 9.710165571839046E-01
1107 9.942606459578589E-01
1108 9.918825817996659E-01
1109 9.992425318573768E-01
1110 9.969707305272882E-01
1111 9.965125586136347E-01
1112 9.952423558759191E-01
1113 9.922066598404562E-01
1114 9.900231351046999E-01
1115 1.007776934492905E+00
1116 1.006498281102567E+00
1117 1.002756484736506E+00
1118 9.910315709165898E-01
1119 9.757426082120151E-01
1120 9.847103706302810E-01
1121 9.821222901003321E-01
1122 1.001106913363752E+00
1123 9.558583884216560E-01
1124 9.949012016316964E-01
1125 9.964525768181816E-01
1126 8.909408008288693E-01
1127 8.745694136565438E-01
1128 8.846172293303821E-01
1129 9.776673434116567E-01
1130 9.996403295547893E-01
1131 9.964533135903632E-01
1132 8.777766205026811E-01
1133 1.005863758442773E+00
1134 9.954930154700942E-01
1135 9.557918859117096E-01
1136 9.591573597921441E-01
1137 9.651652317144994E-01
1138 1.000680116364884E+00
1139 9.876803366358384E-01
1140 1.004781837491715E+00
1141 1.007904243236051E+00
1142 1.008161862900363E+00
1143 9.975197055310496E-01
1144 1.001818710745677E+00
1145 1.002904593886783E+00
1146 1.003292201179174E+00
1147 1.002510665385642E+00
1148 1.002057906932803E+00
1149 1.004306566636965E+00
1150 8.546818790265345E-01
1151 8.536397656075643E-01
1152 1.005085126671896E+00
1153 1.001888658684763E+00
1154 1.002192255536484E+00
1155 1.002941257059162E+00
1156 8.685209571343472E-01
1157 9.999167853481633E-01
1158 1.001465282303059E+00
1159 1.001418357322217E+00
1160 8.508993282501414E-01
1161 8.478998641327413E-01
1162 8.757574959613388E-01
1163 8.728023224067292E-01
1164 8.603612063649428E-01
1165 8.607847648741900E-01
1166 8.516824036686912E-01
1167 8.540678216006263E-01
1168 8.587331391336359E-01
1169 8.550429493279114E-01
1170 8.500757993562480E-01
1171 8.540404612138461E-01
1172 9.970869212465427E-01
1173 9.991986822696872E-01
1174 9.975677916331173E-01
1175 1.000376813369543E+00
1176 1.000382666657653E+00
1177 1.000525832550111E+00
1178 1.000486225478963E+00
1179 8.642196534592297E-01
1180 8.703449278396941E-01
1181 9.917681450163598E-01
1182 9.861727222593301E-01
1183 1.001467248323490E+00
1184 9.726228335232633E-01
1185 9.716446574884725E-01
1186 8.803009346449311E-01
1187 8.731380814515367E-01
1188 9.910456775613365E-01
1189 8.990074115941050E-01
1190 9.072533349853422E-01
1191 8.856122657342874E-01
1192 8.933084724681336E-01
1193 9.853816760408987E-01
1194 9.139637219081234E-01
1195 9.224081736510659E-01
1196 8.966795686830766E-01
1197 8.892279528431213E-01
1198 9.911242516062730E-01
1199 9.906697059812519E-01
1200 9.943606111908641E-01
1201 9.291780697697483E-01
1202 9.376605615780522E-01
1203 9.161967787334645E-01
1204 9.072137533396867E-01
1205 8.992606267558141E-01
1206 9.434306840007862E-01
1207 9.516328698388845E-01
1208 9.868282565025717E-01
1209 9.907775886982053E-01
1210 1.002545493355729E+00
1211 9.568192933196882E-01
1212 9.644849643726611E-01
1213 8.963380359706974E-01
1214 8.823935979626902E-01
1215 9.701331929395935E-01
1216 9.771018614395569E-01
1217 9.831977858782297E-01
1218 9.895530925307261E-01
1219 9.940455531627779E-01
1220 9.992044327808640E-01
1221 1.002600710545400E+00
1222 1.006488055910185E+00
1223 1.008932434820355E+00
1224 1.011414085023850E+00
1225 1.013068181761107E+00
1226 1.013912778049547E+00
1227 1.013440385346592E+00
1228 1.012539432098847E+00
1229 1.011373335573941E+00
1230 1.009035590082130E+00
1231 1.007139575421145E+00
1232 1.003297962321672E+00
1233 9.992652522064536E-01
1234 9.939234659691081E-01
1235 9.893255828369387E-01
1236 9.830067029739628E-01
1237 9.779771605782148E-01
1238 9.708386544655356E-01
1239 9.645629577943171E-01
1240 9.567704649542428E-01
1241 9.506974643143118E-01
1242 9.425732479682625E-01
1243 9.377624451002287E-01
1244 9.295620890013144E-01
1245 9.211592304543706E-01
1246 9.127829794904997E-01
1247 9.322197377710875E-01
1248 1.000873172749195E+00
1249 9.976494097291690E-01
1250 9.944175480831081E-01
1251 9.690718239514866E-01
1252 1.000741530406267E+00
1253 1.000456410349363E+00
1254 1.002564736619645E+00
1255 9.901805911909474E-01
1256 9.248346406425787E-01
1257 9.033600892575442E-01
1258 9.978671526552852E-01
1259 9.986991103320852E-01
1260 9.985843335620037E-01
1261 9.995844625400718E-01
1262 1.000538843454228E+00
1263 9.018629703539909E-01
1264 9.249151898190027E-01
1265 9.008422621900953E-01
1266 9.036838268514195E-01
1267 8.937140262237089E-01
1268 9.012154651617870E-01
1269 9.139054286610874E-01
1270 9.943865001109846E-01
1271 9.958330871661669E-01
1272 8.717011507816235E-01
1273 8.787022321894091E-01
1274 9.992389824224326E-01
1275 1.001242419428624E+00
1276 8.734459801264297E-01
1277 1.001127522775299E+00
1278 1.004831728414418E+00
1279 9.558553708057967E-01
1280 9.385170249624818E-01
1281 9.933064821859346E-01
1282 9.962093826249414E-01
1283 8.945277703463734E-01
1284 8.669343856221496E-01
1285 9.995521309099573E-01
1286 1.001827623977486E+00
1287 9.975518635642244E-01
1288 1.000298347976740E+00
1289 9.888534999118932E-01
1290 9.990198649463846E-01
1291 9.551863743420763E-01
1292 9.957733375769318E-01
1293 9.968719302686526E-01
1294 1.001208881319424E+00
1295 9.978649452524854E-01
1296 9.975344444306410E-01
1297 9.970517652040823E-01
1298 9.951369973672205E-01
1299 9.982322852430612E-01
1300 9.954704832948881E-01
1301 8.963895372785413E-01
1302 9.991929379264518E-01
1303 1.000664901652747E+00
1304 1.001136330829581E+00
1305 1.003286517260321E+00
1306 9.951600127572406E-01
1307 9.806516427917540E-01
1308 8.706781088643063E-01
1309 9.192724345511879E-01
1310 9.088270240556333E-01
1311 9.883148166393928E-01
1312 9.943963220790633E-01
1313 1.004122860451254E+00
1314 1.004367024050409E+00
1315 1.003376878669348E+00
1316 9.937250936094230E-01
1317 1.006881070939942E+00
1318 9.962471555791282E-01
1319 9.789676605620381E-01
1320 9.900355715092644E-01
1321 9.983191191031808E-01
1322 1.004422379171594E+00
1323 1.008314877597213E+00
1324 9.680932032053964E-01
1325 9.306992024406404E-01
1326 9.921005325005025E-01
1327 9.967645166125776E-01
1328 9.941884512450542E-01
1329 8.520420318626747E-01
1330 8.573257279060373E-01
1331 8.546345416328390E-01
1332 8.757710322674759E-01
1333 9.896822949427835E-01
1334 9.919125712535868E-01
1335 9.801313893642711E-01
1336 9.836713527090220E-01
1337 9.833239785599452E-01
1338 9.006503804272477E-01
1339 9.472288460992699E-01
1340 9.519409899326301E-01
1341 9.978618520982137E-01
1342 9.972373758191286E-01
1343 9.974893531042214E-01
1344 9.978237690376759E-01
1345 9.999369696335911E-01
1346 9.411828356392073E-01
1347 8.817734421522969E-01
1348 8.681564595963758E-01
1349 9.472472278130035E-01
1350 9.693496456009680E-01
1351 9.926191751431352E-01
1352 8.599128564416226E-01
1353 9.662016534806694E-01
1354 9.920254062760725E-01
1355 9.238258416891052E-01
1356 9.920987598433191E-01
1357 9.947404568495772E-01
1358 8.950676332257816E-01
1359 8.897932251614413E-01
1360 1.005458786551740E+00
1361 1.005667876845850E+00
1362 9.924717882149174E-01
1363 9.943033588300130E-01
1364 1.004774289448516E+00
1365 9.930632753592232E-01
1366 9.905132379525072E-01
1367 9.869282342708028E-01
1368 9.957559728394516E-01
1369 9.966430188949870E-01
1370 9.952485726657131E-01
1371 8.617793103207609E-01
1372 9.824067360854629E-01
1373 1.001876926676673E+00
1374 8.740194249495274E-01
1375 8.875506655510071E-01
1376 9.937373993086651E-01
1377 9.973995066152119E-01
1378 9.350412359684157E-01
1379 9.354115241211197E-01
1380 1.003380285588785E+00
1381 9.852753845947504E-01
1382 8.868044932089276E-01
1383 9.516472314240408E-01
1384 9.298164498461104E-01
1385 8.888494487129585E-01
1386 9.856570315801978E-01
1387 9.903724689430604E-01
1388 9.904653384081950E-01
1389 9.777267954539630E-01
1390 9.785523555865276E-01
1391 9.928876236256365E-01
1392 1.005269776795610E+00
1393 1.006642458980686E+00
1394 1.004767087697313E+00
1395 1.266087517307520E+00
1396 1.278272265942428E+00
1397 3.120770160918970E+00
1398 3.107005988554998E+00
1399 -1.182088442671261E-01
1400 -6.547214972248760E-02
1401 4.060485504651043E+00
1402 4.038456386154741E+00
1403 1.383986270699630E+00
1404 1.383918228752053E+00
1405 -1.119424064387467E+00
1406 -1.188547570431683E+00
1407 -1.616477182507582E+00
1408 -1.605109934708160E+00
1409 -1.380934563901104E+00
1410 -1.326792371985508E+00
1411 -5.239419217665494E-01
1412 -5.264092057946860E-01
1413 7.894146619000536E-01
1414 7.712697120417756E-01
1415 2.208681689955454E+00
1416 2.184734011326397E+00
1417 3.469490049254861E+00
1418 3.462827049487769E+00
1419 4.167232632561045E+00
1420 4.208321603677028E+00
1421 1.536098480263887E+00
1422 1.534849264015656E+00
1423 1.650366847588424E+00
1424 1.650489103499674E+00
1425 1.003999685672039E+00
1426 1.004208539221472E+00
1427 1.271670867714748E+00
1428 1.276982618239234E+00
1429 9.884556793363449E-01
1430 9.902083427924079E-01
1431 1.004237992891409E+00
1432 1.004410128605054E+00
1433 1.001220474742169E+00
1434 1.002328047400134E+00
1435 9.629744817943868E-01
1436 9.654653885141903E-01
1437 2.238004951542387E+00
1438 2.251452317136121E+00
1439 4.236836382876289E+00
1440 1.183215905645476E+00
1441 1.175241961763033E+00
1442 1.672197213324387E+00
1443 1.606378704847959E+00
1444 1.459409088566583E+00
1445 1.603712305234409E+00
1446 1.459892968857101E+00
1447 1.541092751362682E+00
1448 1.538807088476491E+00
1449 1.002252350038927E+00
1450 1.002994087168537E+00
1451 1.134292442607288E+00
1452 1.134305805940406E+00
1453 1.087572227713922E+00
1454 1.089501612429121E+00
1455 1.274254013384414E+00
1456 1.459869758268458E+00
1457 1.181022795588416E+00
1458 1.292704167217814E+00
1459 1.070185187434562E+00
1460 1.103386873206715E+00
1461 1.274418109160753E+00
1462 1.461440582103068E+00
1463 1.181501088419948E+00
1464 1.303084846932733E+00
1465 1.070271615807809E+00
1466 1.101959457224738E+00
1467 9.799449610985573E-01
1468 8.976621343555277E-01
1469 8.584284315507422E-01
1470 7.629132792751161E-01
1471 7.288088529723374E-01
1472 5.953151670192055E-01
1473 5.731065854911142E-01
1474 6.505000252725806E-01
1475 3.955222529621698E-01
1476 4.166952909908763E-01
1477 6.028649466500404E-01
1478 4.957894046682845E-01
1479 6.687339253820527E-01
1480 6.002302285955851E-01
1481 7.557874178861480E-01
1482 7.548908586889519E-01
1483 8.540410390867342E-01
1484 8.816189234724688E-01
1485 7.988896933624625E-01
1486 9.461377635286673E-01
1487 9.897002917423943E-01
1488 1.065825834787682E+00
1489 1.077208713003497E+00
1490 1.158092260869244E+00
1491 1.145758958765848E+00
1492 1.225434819600632E+00
1493 1.257401702211296E+00
1494 1.314410937459090E+00
1495 1.365828429495795E+00
1496 1.408527505461704E+00
1497 1.475146072562539E+00
1498 1.500100584034057E+00
1499 1.579804182720798E+00
1500 1.585879043460564E+00
1501 1.673778613234540E+00
1502 1.271495334319976E+00
1503 1.662551098703235E+00
1504 1.754972567109866E+00
1505 1.725728890935975E+00
1506 1.819703631266048E+00
1507 1.504321482204964E+00
1508 1.775529965327681E+00
1509 1.865891367851644E+00
1510 1.927004632649614E+00
1511 1.966382136326718E+00
1512 1.895569448565414E+00
1513 1.985974426119323E+00
1514 1.910000864838491E+00
1515 1.988071801411531E+00
1516 2.077941566406690E+00
1517 2.065820728718796E+00
1518 1.975426193272226E+00
1519 2.041929173678279E+00
1520 2.144289235255789E+00
1521 2.098483868911367E+00
1522 2.006104433343865E+00
1523 2.043640192392977E+00
1524 2.144703280040086E+00
1525 2.071817245056769E+00
1526 1.980019664296757E+00
1527 1.994800698020811E+00
1528 2.094180414138267E+00
1529 2.000275043207861E+00
1530 1.915252047280984E+00
1531 1.905026950058174E+00
1532 1.988995565783925E+00
1533 1.878253509025147E+00
1534 1.812605475000996E+00
1535 1.776231873983178E+00
1536 1.831906906527707E+00
1537 1.722894209962566E+00
1538 1.763734761222959E+00
1539 1.651254127614494E+00
1540 1.617116317633586E+00
1541 1.553956337105303E+00
1542 1.561289509863940E+00
1543 1.469762230537513E+00
1544 1.454040063952871E+00
1545 1.473492953868866E+00
1546 1.379135861142975E+00
1547 1.339794925890696E+00
1548 1.281154022781221E+00
1549 1.221085567034792E+00
1550 1.182519730077497E+00
1551 1.112936926804744E+00
1552 1.233937672735539E+00
1553 1.680224598269954E+00
1554 1.695883196351741E+00
1555 1.149645200999412E+00
1556 1.192253030178041E+00
1557 1.134786973062662E+00
1558 1.014736024040175E+00
1559 8.824405300126497E-01
1560 1.009215062405753E+00
1561 8.799410589231161E-01
1562 9.086664070082845E-01
1563 7.777634820852578E-01
1564 1.121804940181404E+00
1565 1.156256061700775E+00
1566 7.004277398540748E-01
1567 7.063142311342494E-01
1568 6.199316955286432E-01
1569 7.133968899574054E-01
1570 5.338725731262596E-01
1571 7.985139488924323E-01
1572 1.082505420294517E+00
1573 1.220011895211296E+00
1574 1.178979736317441E+00
1575 1.237269490346397E+00
1576 1.193814476129791E+00
1577 1.248259312816879E+00
1578 1.204111766925958E+00
1579 1.256100182000437E+00
1580 1.154204844294939E+00
1581 1.162607767388709E+00
1582 6.796861942300199E-01
1583 5.436879006419199E-01
1584 3.476783538955428E-01
1585 4.103628285015923E-01
1586 1.303312958953652E+00
1587 1.162332399095746E+00
1588 5.807922370895764E-01
1589 1.431321589105929E+00
1590 5.121692118587148E-01
1591 6.245504013704578E-01
1592 1.099926603506423E+00
1593 1.059537388433467E+00
1594 1.891531746094857E+00
1595 1.806810749947972E-01
1596 3.018152925632355E-01
1597 1.570745543409595E+00
1598 5.695557935434878E-01
1599 1.045615121094781E-03
1600 2.398568181763552E-01
1601 1.132010634462302E+00
1602 2.378232153444986E-01
1603 2.045920390136705E+00
1604 1.307217293656508E+00
1605 1.356050331556248E+00
1606 7.053441545095561E-01
1607 1.736039869828106E+00
1608 1.667826724755941E+00
1609 1.700857246238044E+00
1610 1.642889346210601E+00
1611 1.606249345840086E+00
1612 1.671462989226282E+00
1613 9.326553946232868E-01
1614 1.116517416232306E+00
1615 1.123360077261556E+00
1616 1.263236901851827E+00
1617 1.590341452132797E+00
1618 1.551114338060043E+00
1619 1.078722167569882E+00
1620 1.114824394491960E+00
1621 8.841157640233993E-01
1622 1.103577066246888E+00
1623 1.726977447392361E+00
1624 1.757511990279414E+00
1625 1.684328122364630E+00
1626 1.710872532350770E+00
1627 1.649478745508064E+00
1628 1.672806906643244E+00
1629 1.615673783373699E+00
1630 1.727857698177841E+00
1631 1.688191975635543E+00
1632 1.735445740794320E+00
1633 1.621748056805276E+00
1634 -3.513558981163508E-03
1635 2.650131542816434E-01
1636 6.588139986298731E-02
1637 3.848018133620283E-01
1638 2.316239973704125E-01
1639 5.726053209081773E-01
1640 5.800052652323601E-01
1641 6.196951094727398E-01
1642 1.356340996233235E+00
1643 1.050960148732467E+00
1644 1.009758954242498E+00
1645 4.319149688507185E-01
1646 3.748547292491752E-01
1647 1.405036415908234E+00
1648 5.298140830737085E-01
1649 1.107541575477252E+00
1650 1.305125089183794E+00
1651 1.365285760928601E+00
1652 1.525216821122251E+00
1653 1.695821762466637E+00
1654 1.736106448357374E+00
1655 1.542859781017483E+00
1656 1.502370301087993E+00
1657 1.014643845137522E+00
1658 1.673365673694013E+00
1659 1.757480047965224E+00
1660 1.941860054551257E+00
1661 1.975084086066533E+00
1662 2.177247992399522E+00
1663 2.171720620413154E+00
1664 2.404425040840688E+00
1665 2.339142243729286E+00
1666 2.586865084322731E+00
1667 2.467410915431387E+00
1668 2.715258498233258E+00
1669 2.551890448111304E+00
1670 2.769682864156298E+00
1671 2.589699486167814E+00
1672 2.773094760246246E+00
1673 2.142533962563973E+00
1674 2.586399362835047E+00
1675 2.748064544042512E+00
1676 2.969993374091455E+00
1677 2.907421811680487E+00
1678 2.687975828531510E+00
1679 2.795017119266150E+00
1680 -1.136749104767571E-01
1681 4.481130894559462E-01
1682 1.654537989098973E+00
1683 7.466411491030001E-01
1684 3.027892547121061E+00
1685 2.873473928389391E+00
1686 2.663620757563242E+00
1687 2.712460575035381E+00
1688 2.924820841734804E+00
1689 2.718356396639217E+00
1690 2.533459583367787E+00
1691 2.510763527576333E+00
1692 2.681972989676878E+00
1693 2.450426533581370E+00
1694 2.588412152179343E+00
1695 2.340717347821231E+00
1696 2.452144473809755E+00
1697 2.186936013011393E+00
1698 1.111333691838229E+00
1699 2.220053303023426E+00
1700 1.987164047768014E+00
1701 1.955685758586360E+00
1702 1.763086246221080E+00
1703 1.663540363113004E+00
1704 1.524694601625254E+00
1705 1.373768104479152E+00
1706 1.997837004869741E+00
1707 1.813943573237925E+00
1708 1.579056678660082E+00
1709 9.757967385936118E-01
1710 2.250347449219244E-01
1711 1.724396685389929E+00
1712 1.691731088092744E+00
1713 1.738916265767995E+00
1714 1.704226139453465E+00
1715 1.744268971614410E+00
1716 1.402702251673769E+00
1717 1.448960272801639E+00
1718 1.709637101151781E+00
1719 1.741577975290898E+00
1720 1.070421812161458E+00
1721 1.095361448901172E+00
1722 1.144214644824339E+00
1723 1.116921341367208E+00
1724 1.167736729095555E+00
1725 1.135612036888807E+00
1726 1.188240835747122E+00
1727 1.036551986989004E+00
1728 1.154844171045116E+00
1729 1.208863374656762E+00
1730 1.244414212880849E+00
1731 1.264281981512113E+00
1732 1.300845190622452E+00
1733 1.090858369326752E+00
1734 1.176680931547638E+00
1735 1.123754207053012E+00
1736 1.409206528797437E+00
1737 8.152343781523675E-01
1738 9.416146862129425E-01
1739 1.314881933097022E+00
1740 1.993863608511313E+00
1741 1.284075763726033E+00
1742 1.698612800666544E+00
1743 1.732189576379327E+00
1744 1.779684581594285E+00
1745 1.080592363774777E+00
1746 1.086148260436991E+00
1747 1.132534812334014E+00
1748 1.076143329688087E+00
1749 8.583796788454157E-01
1750 1.500195831394822E+00
1751 1.609396797092033E+00
1752 1.095765030976507E+00
1753 8.547523606547269E-01
1754 1.340746605890488E+00
1755 1.286485694956525E+00
1756 1.360551122857970E+00
1757 1.666067561129896E+00
1758 1.504425428021914E+00
1759 1.148290512539104E+00
1760 1.457911031976155E+00
1761 1.094973040523580E+00
1762 3.494710955435276E-01
1763 1.000139156854298E-01
1764 4.190654122889898E-01
1765 2.872913800061822E+00
1766 2.865254020302251E+00
1767 1.285723962826844E+00
1768 1.697005141156729E+00
1769 2.322353389998579E+00
1770 1.458497493465305E+00
1771 9.172873547218098E-02
1772 1.046107075394393E+00
1773 1.785010778330689E+00
1774 2.641974244455118E-01
1775 9.928285088088189E-01
1776 2.429301673891791E+00
1777 8.080064772554901E-01
1778 2.421029086677292E+00
1779 1.041626583847108E+00
1780 1.444057474805984E+00
1781 1.488321287805724E+00
1782 8.031513543687883E-01
1783 7.833346411424164E-01
1784 -2.915709416067837E-01
1785 1.147547614839693E+00
1786 1.327447960582323E+00
1787 1.723947250454919E+00
1788 1.709670292634480E+00
1789 1.692474620368347E+00
1790 1.286498711998724E+00
1791 2.358093772003920E+00
1792 7.479739929081494E-01
1793 1.167633961528122E+00
1794 1.240801933081962E+00
1795 1.498964833749584E+00
1796 1.059889365537132E+00
1797 1.436124660432999E+00
1798 1.048241212134047E-01
1799 -1.943810737682470E-01
1800 1.499216705551036E+00
1801 -1.262553178876069E-01
1802 1.480219867286494E+00
1803 1.522111163652950E+00
1804 -1.136798125400129E-01
1805 -4.499014660361766E-01
1806 -2.729771113567331E-01
1807 -6.277657949931035E-01
1808 -3.532994044305818E-01
1809 -7.682859069106751E-01
1810 -3.753117181514751E-01
1811 -6.613271246075746E-01
1812 -2.861960671238496E-01
1813 -5.280543128071654E-01
1814 -1.069567533998124E-01
1815 -1.753976794904575E-01
1816 1.606121406525974E-01
1817 2.105589984172268E-01
1818 4.570387057365683E-01
1819 5.994654738094293E-01
1820 7.578091808972905E-01
1821 9.783764689313982E-01
1822 1.034573116311341E+00
1823 1.281255020313994E+00
1824 8.584988097554130E-01
1825 1.379972293053373E+00
1826 1.592259633856948E+00
1827 1.771242459524355E+00
1828 1.952475894909645E+00
1829 1.679385944103420E+00
1830 1.923435703515803E+00
1831 2.269074119884779E+00
1832 2.111566961530909E+00
1833 2.477057981339257E+00
1834 2.194038895925981E+00
1835 2.471964481691567E+00
1836 2.165874411295138E+00
1837 2.409374745470605E+00
1838 2.029498916373508E+00
1839 2.085075425344385E+00
1840 2.162168971417974E-01
1841 2.454788246332345E+00
1842 1.923048663388746E+00
1843 1.460192279029615E+00
1844 -2.054122236042413E-01
1845 1.576258415513684E+00
1846 1.841505590852817E+00
1847 1.690394871433326E+00
1848 1.184016081034353E+00
1849 2.154027417552063E+00
1850 1.106018470924756E+00
1851 1.669561411490222E+00
1852 1.772842076204331E+00
1853 1.824932210955913E+00
1854 1.002740250326698E+00
1855 1.845731317621737E+00
1856 1.785039659133795E+00
1857 9.248003016702349E-01
1858 9.232983798675932E-01
1859 1.043391427335706E+00
1860 1.805900601457500E+00
1861 1.152217461851217E+00
1862 1.203665827697273E+00
1863 1.181438070085603E+00
1864 1.202256590019493E+00
1865 1.954415017335462E+00
1866 3.240657097180417E-01
1867 1.073091063626994E+00
1868 9.326636357054192E-01
1869 -7.017724296074639E-02
1870 9.608024701996626E-01
1871 2.199177456596412E+00
1872 8.248280492919834E-01
1873 1.337469006429660E+00
1874 1.307888038367228E+00
1875 1.497344931766905E+00
1876 2.291783489141919E+00
1877 1.386740894394343E+00
1878 1.375609599479957E+00
1879 3.379955600738119E-01
1880 1.419394555190952E+00
1881 1.113468973889428E+00
1882 1.061503226941807E+00
1883 1.171583248395303E+00
1884 4.690893710930152E-02
1885 1.684277916769858E+00
1886 1.077543642350572E+00
1887 -8.821587542204715E-01
1888 1.850679255025214E+00
1889 1.425232593633759E+00
1890 1.515493429391195E+00
1891 2.713096687887919E+00
1892 2.280651392261107E+00
1893 1.021870569166583E+00
1894 2.071302589661828E+00
1895 2.039086358700265E+00
1896 1.441384731081785E+00
1897 1.835995939522361E+00
1898 1.050068636868214E+00
1899 1.067665255341546E+00
1900 1.041043853183187E+00
1901 2.281722308070284E+00
1902 2.413897557653089E+00
1903 1.839704944873641E+00
1904 1.794061921968640E+00
1905 1.785526014044994E+00
1906 1.440863693816606E+00
1907 -5.531112579994818E-01
1908 -5.080628509023855E-01
1909 -4.160415943462687E-01
1910 -8.968867867787028E-01
1911 -7.624892412582218E-01
1912 1.090004943831999E+00
1913 9.933802002910435E-01
1914 8.775970051604484E-01
1915 1.079581263814335E+00
1916 8.553350450974381E-01
1917 8.570925467763223E-01
1918 9.698870001061731E-01
1919 9.682915053888167E-01
1920 9.953299865765205E-01
1921 9.920395593701951E-01
1922 1.965358026856951E+00
1923 -5.142042167071100E-01
1924 1.801634836042025E+00
1925 1.860427141687252E+00
1926 8.746682638274127E-01
1927 8.619381873400330E-01
1928 7.899776265280517E-01
1929 8.960313113308803E-01
1930 8.264642544271301E-01
1931 9.225904832107513E-01
1932 8.835419869070718E-01
1933 7.629739899877163E-01
1934 -1.076338618130488E+00
1935 1.309390330010490E+00
1936 1.826584647844131E+00
1937 1.078894557637848E+00
1938 1.240623762734048E+00
1939 1.711306599137583E+00
1940 9.853806396423478E-01
1941 1.001666585378531E+00
1942 1.626517485859673E+00
1943 1.219848443731835E+00
1944 1.686656293321462E+00
1945 1.410082713773832E+00
1946 1.686311885926224E+00
1947 1.674066349221304E+00
1948 1.077631332578146E+00
1949 5.417707831822116E-01
1950 1.069867924926786E+00
1951 2.225674228583447E+00
1952 2.635080706415383E+00
1953 1.025413027540448E+00
1954 1.514566545169345E+00
1955 1.551607621371121E+00
1956 1.564911403172430E+00
1957 1.588587591175632E+00
1958 1.576085317171491E+00
1959 1.607441347176618E+00
1960 1.003841344737921E+00
1961 8.647529548235906E-01
1962 7.274557098563790E-01
1963 8.578243163475974E-01
1964 9.424973233892086E-01
1965 8.642706101646084E-01
1966 9.480770907072220E-01
1967 7.602326673645891E-01
1968 1.362445806207889E+00
1969 -2.924589652861224E-01
1970 -6.507946081207859E-01
1971 -6.767937440606134E-01
1972 -1.047453010020776E+00
1973 -9.589497647865687E-01
1974 2.042747325185325E+00
1975 1.044696376105784E+00
1976 1.022333009993510E+00
1977 -6.295584254884737E-01
1978 2.379163490112415E+00
1979 1.846110899193311E+00
1980 -1.887389673972816E-01
1981 -4.696790775303201E-01
1982 9.937849303004959E-01
1983 1.913532169580192E-01
1984 4.226801728331178E-01
1985 -9.574128400193054E-01
1986 2.874589579448048E+00
1987 3.056714572475454E+00
1988 2.969238914038408E+00
1989 -9.746002734717688E-01
1990 -2.037522147088718E-01
1991 1.609645846138445E+00
1992 1.045101063007166E+00
1993 -5.595532354231392E-01
1994 -2.790721992992514E-01
1995 4.388421257251034E-02
1996 -1.734431019859544E-01
1997 1.037344181053567E+00
1998 1.019517666050394E+00
1999 1.842564274382138E-01
2000 1.897307645595195E-01
2001 4.453698770197492E-01
2002 1.104709302935178E+00
2003 1.227462538059265E+00
2004 3.431646640204681E+00
2005 6.425140653316682E-01
2006 1.119365492029272E+00
2007 8.362432248984902E-01
2008 1.135048289143946E+00
2009 7.053732341479921E-01
2010 4.943683761357707E-01
2011 1.486460249646848E+00
2012 1.749789804585127E+00
2013 1.881024081415142E+00
2014 2.841199969302796E+00
2015 3.315471001647577E+00
2016 5.032727606297543E-01
2017 1.485373236235746E+00
2018 1.593632389712988E+00
2019 1.865541572553422E+00
2020 1.005288158884731E+00
2021 1.018950373079642E+00
2022 1.023478718526234E+00
2023 1.006841516486135E+00
2024 9.714859750181427E-01
2025 9.800211830449098E-01
2026 1.641287089700750E+00
2027 9.615980594174141E-01
2028 9.315103221814045E-01
2029 1.008696984377108E+00
2030 1.045452686005187E+00
2031 1.268193091331867E+00
2032 1.335524049478198E+00
2033 1.414241604876750E+00
2034 1.512578518795964E+00
2035 1.428603037236102E+00
2036 1.678046765755792E+00
2037 1.100104816748531E+00
2038 1.728185698172310E+00
2039 9.644937486838644E-01
2040 2.136805598544707E+00
2041 1.027706784695285E+00
2042 1.022535878424563E+00
2043 1.047147333963640E+00
2044 7.248057741003526E-01
2045 3.465744633764388E+00
2046 3.021749748167979E+00
2047 3.297660583168101E+00
2048 2.729145848689078E+00
2049 2.676405416910471E+00
2050 3.480154915757690E+00
2051 3.052688063078300E+00
2052 3.348925309582587E+00
2053 2.729726874166746E+00
2054 2.718536878643166E+00
2055 6.004012673521676E-01
2056 3.781662687323015E-01
2057 7.171033781192283E-02
2058 4.196775721876803E+00
2059 3.748438398014897E+00
2060 3.836095402260332E+00
2061 3.475213717904067E+00
2062 3.508238327938349E+00
2063 3.367831181499582E+00
2064 3.211713999765082E+00
2065 3.838458026405102E+00
2066 3.485432980667133E+00
2067 3.740823501579595E+00
2068 3.381575086966634E+00
2069 3.556975954834986E+00
2070 3.950825096980793E+00
2071 3.196821552566802E+00
2072 3.792824643136487E+00
2073 3.570626363097344E+00
2074 1.789359163781163E+00
2075 2.335164104369430E+00
2076 9.381146838927258E-01
2077 1.014618439148304E+00
2078 1.014877520440611E+00
2079 -1.189413775709136E+00
2080 1.668231736224483E+00
2081 1.657867214083098E+00
2082 1.633858828535323E+00
2083 1.642205330774626E+00
2084 7.127636847952664E-01
2085 -1.184335636298851E-03
2086 3.960806587312287E-01
2087 9.231811942251377E-01
2088 1.115878257133708E+00
2089 1.559534307629556E+00
2090 1.666965177365602E+00
2091 1.793539383050063E+00
2092 1.799737348192846E+00
2093 1.647928938560285E+00
2094 1.937009838011066E+00
2095 1.893486770738691E+00
2096 2.015994738172575E+00
2097 -5.053537435276344E-01
2098 3.233052287503744E-01
2099 1.526215645792450E+00
2100 1.371134860147317E+00
2101 1.824766179191644E+00
2102 1.887164441575507E+00
2103 1.838602043279971E+00
2104 2.164868352668314E+00
2105 -6.355149061745925E-01
2106 2.930947854225932E+00
2107 -4.270984631406012E-01
2108 -6.723052445334169E-01
2109 1.235685012023198E+00
2110 1.219411097903111E+00
2111 1.285126396324230E+00
2112 1.434596222123758E+00
2113 1.011714020830060E+00
2114 8.682011360065734E-01
2115 1.182225918335460E+00
2116 1.048992080040204E+00
2117 1.175141956051840E+00
2118 -1.333867194386091E+00
2119 -1.372866205522025E+00
2120 -8.420401120261819E-01
2121 8.411530006090987E-01
2122 3.799224721731013E+00
2123 1.751877965971663E+00
2124 1.166089586993927E+00
2125 1.092327861973011E+00
2126 1.784854933677860E+00
2127 4.263861385833113E+00
2128 1.955004298540582E+00
2129 2.090743635694220E+00
2130 2.104740244202131E+00
2131 2.214326873111025E+00
2132 2.225226906631588E+00
2133 2.379796267937556E+00
2134 2.313116492200646E+00
2135 2.424421463803971E+00
2136 -1.649578631477195E+00
2137 -1.522871587563419E+00
2138 -1.554734908384346E+00
2139 2.070534938807517E+00
2140 9.128377232915551E-01
2141 2.703043207818353E+00
2142 1.172360162772332E+00
2143 1.246288522117567E+00
2144 1.296934354531140E+00
2145 1.352080525356231E+00
2146 1.341878655786347E+00
2147 1.355296541434585E+00
2148 1.413708893912915E+00
2149 1.468221489882610E+00
2150 1.478159545412777E+00
2151 1.528363548771785E+00
2152 1.551595517901696E+00
2153 1.511539419848287E+00
2154 1.418055812681981E+00
2155 1.673453862950554E+00
2156 1.257304000819117E+00
2157 1.326064018498553E+00
2158 1.142572866900700E+00
2159 1.668149102919597E+00
2160 3.009978803263432E+00
2161 -1.466608092238545E+00
2162 -1.158235372433145E+00
2163 -1.142766329409573E+00
2164 -1.571014081483934E+00
2165 1.890185734128170E+00
2166 1.171671121374452E+00
2167 1.222410081183417E+00
2168 1.236332427540127E+00
2169 1.272866749405507E+00
2170 1.286293809823440E+00
2171 1.253946837411250E+00
2172 1.300310580766583E+00
2173 1.329586640270448E+00
2174 1.640272101703919E+00
2175 1.866331060125896E+00
2176 -1.192039787941917E-01
2177 -4.354379972735553E-02
2178 -4.004768709394594E-01
2179 3.125598240589565E-01
2180 -1.265361678425031E-01
2181 -8.758998759365740E-01
2182 2.134972386843503E+00
2183 3.167492983381631E-01
2184 3.101941394934821E-01
2185 1.274589748362314E+00
2186 1.790418989692383E+00
2187 9.710782310781130E-02
2188 3.020924966721156E-01
2189 1.383076960978297E+00
2190 1.394463460256711E+00
2191 1.042086394214636E+00
2192 1.413739492828833E+00
2193 1.256289568755848E+00
2194 -8.662092440821784E-01
2195 1.267441048383403E+00
2196 1.776619776313252E+00
2197 1.843501058241002E+00
2198 1.351960577462779E+00
2199 1.422051038211750E+00
2200 -9.190542162293087E-01
2201 1.003753576856127E+00
2202 1.629449752780976E+00
2203 1.648801194412943E+00
2204 1.570645485478027E+00
2205 1.588996215075755E+00
2206 1.553964133228099E+00
2207 1.573439883148810E+00
2208 1.610994805063500E+00
2209 1.571324459542118E+00
2210 1.693794397072812E+00
2211 3.185110460413299E+00
2212 1.498790424904248E+00
2213 1.477466649356412E+00
2214 1.498676283093696E+00
2215 1.421069732121320E+00
2216 1.396490135862319E+00
2217 1.456680453060978E+00
2218 1.558578386643058E+00
2219 1.535236769710813E+00
2220 1.354565974428613E+00
2221 3.141123519173362E-01
2222 1.677352813113270E+00
2223 -3.250060828963802E-01
2224 7.932642058474851E-01
2225 7.906495053537084E-01
2226 1.201384833404845E+00
2227 9.455822847469416E-01
2228 2.022221627195770E+00
2229 1.004014790288714E+00
2230 1.516550793172784E+00
2231 1.302039155566889E+00
2232 1.224881730642082E+00
2233 1.199328116422223E+00
2234 1.763104271417202E+00
2235 2.205963151109189E+00
2236 2.469155601623942E+00
2237 2.395717461819494E+00
2238 3.585634570821193E+00
2239 1.320055640353217E+00
2240 2.671685816027625E+00
2241 2.744219438505537E+00
2242 2.746469818425823E+00
2243 1.212191596886830E+00
2244 1.311258004421922E+00
2245 1.798708057373500E+00
2246 1.477322675369076E+00
2247 2.717361836803942E+00
2248 2.927758790814942E+00
2249 1.447941295713889E+00
2250 1.910611699963332E+00
2251 1.317969285470525E+00
2252 1.600186052482581E+00
2253 3.781918547844816E+00
2254 3.269619548435811E+00
2255 3.440247173257515E+00
2256 3.729486960151148E+00
2257 3.101690887611254E+00
2258 2.700015163854282E+00
2259 3.940223744197219E+00
2260 4.248154138438996E+00
2261 3.775672404699549E+00
2262 1.343516921865673E+00
2263 1.123233952040681E+00
2264 1.561320798300205E+00
2265 1.502890931718541E+00
2266 1.568267619045235E+00
2267 1.150559142339630E+00
2268 1.212046164746262E+00
2269 2.574584736964094E+00
2270 2.430360280417285E+00
2271 1.764423223278707E+00
2272 1.403942834134627E+00
2273 1.231669917591564E+00
2274 1.537507165000145E+00
2275 1.732614964462535E+00
2276 9.509544537810081E-01
2277 1.002651524565577E+00
2278 1.070595011896730E+00
2279 1.001640276112559E+00
2280 3.195080218725203E+00
2281 1.144924412079628E+00
2282 1.125892949922279E+00
2283 1.834555372950016E+00
2284 1.050871127411032E+00
2285 1.250645292471720E+00
2286 1.623894688677811E+00
2287 2.563882368493058E+00
2288 1.622840793448638E+00
2289 1.649410676937165E+00
2290 1.811804142288341E+00
2291 9.817551941760420E-01
2292 9.817800231937047E-01
2293 1.676436941608474E+00
2294 1.644111915131825E+00
2295 1.673622194135262E+00
2296 1.638947160602932E+00
2297 1.649369043743937E+00
2298 -1.092480437869014E-01
2299 1.782363726833159E+00
2300 1.226303764910826E+00
2301 1.003743782560018E+00
2302 1.021519700321384E+00
2303 1.143344090430043E+00
2304 2.364185852354447E+00
2305 1.684773430645509E+00
2306 4.258240217702330E+00
2307 3.766313278363743E+00
2308 4.014875630815106E+00
2309 1.106707534660078E+00
2310 1.049010444924912E+00
2311 1.368611805911176E+00
2312 1.700540194617261E-01
2313 2.412112542462286E+00
2314 2.266261947381976E+00
2315 1.052398981413041E+00
2316 -7.199089978686039E-02
2317 1.277247414174302E+00
2318 9.979873222879174E-01
2319 2.178980450751638E+00
2320 1.989368592999546E+00
2321 3.196855956874042E+00
2322 1.633794138037008E+00
2323 1.663305948005573E+00
2324 1.242134601049974E+00
2325 1.665219693306642E+00
2326 8.387781132214488E-01
2327 1.265536980927505E+00
2328 1.018755563253563E+00
2329 1.011921013414426E+00
2330 2.281191619170932E+00
2331 1.003925778834544E+00
2332 2.171498567555759E+00
2333 1.626872496795096E+00
2334 -9.694823313451053E-01
2335 1.916010432910585E+00
2336 1.610784244493345E+00
2337 1.220562353624401E+00
2338 7.964009883462321E-01
2339 7.171038468898313E-01
2340 2.663828292068593E+00
2341 1.902372029271348E+00
2342 1.809871570638392E+00
2343 9.082146373180385E-01
2344 1.079342923194902E+00
2345 1.110197910572518E+00
2346 9.614208991395875E-01
2347 2.176553487314424E+00
2348 2.227742987240682E-01
2349 1.015497959643848E+00
2350 1.841758086120155E+00
2351 6.159753257393278E-01
2352 5.195610797371796E-01
2353 1.928187664504971E+00
2354 2.166762439397974E+00
2355 2.584831426440277E+00
2356 1.052586920454167E+00
2357 1.957700479263851E+00
2358 2.197666125575302E+00
2359 1.001292882790753E+00
2360 1.001404753575782E+00
2361 1.619841163925160E+00
2362 -1.838140801338619E-01
2363 7.130960925205012E-01
2364 1.001710920618764E+00
2365 5.171078374370304E-01
2366 7.471341557693371E-01
2367 5.848421093172250E-01
2368 1.168419813138927E+00
2369 1.012320135783083E+00
2370 -4.978019465474839E-02
2371 1.664921932392543E+00
2372 2.383737837133854E-01
2373 1.820809309239867E+00
2374 7.997424635433881E-01
2375 3.048726816138789E-01
2376 2.424636961576241E+00
2377 7.807077650822181E-02
2378 9.393519109754521E-01
2379 6.845504136191632E-01
2380 3.231381169483006E+00
2381 1.575152829141223E+00
2382 9.245150618714333E-01
2383 1.418335919754004E+00
2384 1.093278240234173E+00
2385 2.175975042940772E+00
2386 1.688007527033062E+00
2387 1.446902862617749E+00
2388 1.621042686128452E+00
2389 1.433771188515913E+00
2390 1.023231334256768E+00
2391 -1.574480994350387E+00
2392 1.161107958537405E+00
2393 2.258563093720422E+00
2394 1.438749418343851E+00
2395 1.075075286176533E+00
2396 1.544419221193805E+00
2397 1.445774614346922E+00
2398 1.585903411858956E+00
2399 1.503919726809119E+00
2400 6.516240216993288E-01
2401 1.287845508934185E+00
2402 -7.128735685053564E-02
2403 -4.863625247987812E-01
2404 9.872704329714133E-01
2405 1.615922411534606E+00
2406 1.750754328967481E+00
2407 1.029024948931539E+00
2408 1.029049006031654E+00
2409 3.017095801565649E+00
2410 1.451953420920715E+00
2411 1.400815081658791E+00
2412 1.426958481509464E+00
2413 4.931102644048428E-01
2414 6.223345110188149E-01
2415 1.624062782660363E+00
2416 -6.775446160547555E-01
2417 1.009869703194122E+00
2418 1.097731308116464E+00
2419 1.647302950964947E+00
2420 1.019615544954626E+00
2421 -4.427597460887373E-01
2422 1.453473303143544E+00
2423 -8.018796480246633E-01
2424 1.026180519897727E+00
2425 2.262599508393473E+00
2426 2.086139298614252E+00
2427 1.307362998456817E+00
2428 2.980133137337062E+00
2429 6.608138013179424E-01
2430 2.415121682045367E+00
2431 4.912952683929230E-01
2432 2.293306186090740E+00
2433 1.216875393375885E+00
2434 1.767385700711170E+00
2435 1.576882231373936E+00
2436 2.244049607569913E+00
2437 -1.094886927912765E+00
2438 -9.269532781709447E-01
2439 -1.237518221029349E+00
2440 1.450205127264413E+00
2441 7.592691147992673E-01
2442 1.229255924141409E+00
2443 2.029892763698761E+00
2444 9.958749447242340E-01
2445 3.710206794073559E+00
2446 3.098948986868496E+00
2447 2.939470358901887E-01
2448 6.785384732019234E-01
2449 8.173563059274681E-01
2450 2.922352369615274E-01
2451 1.535568221053652E+00
2452 3.916528323307542E-01
2453 1.394485055183535E+00
2454 9.984654108524680E-01
2455 1.689816718489808E+00
2456 7.320203896763093E-01
2457 3.275834879928130E+00
2458 1.043279491971165E+00
2459 1.534778223072290E+00
2460 8.073720590635983E-01
2461 1.601797972153648E+00
2462 1.389722535980592E+00
2463 1.492770390206789E+00
2464 2.159568045824010E+00
2465 1.935447836304982E+00
2466 1.348827819792158E+00
2467 1.312599660018105E+00
2468 3.040014516754590E+00
2469 1.251963932143568E+00
2470 1.967301684059037E+00
2471 9.775993137631164E-01
2472 1.693517011963241E+00
2473 1.065491229325296E+00
2474 3.667437787232296E+00
2475 1.568509922449273E+00
2476 6.235465912340133E-01
2477 1.018118525391539E+00
2478 -2.115712214528853E-01
2479 1.523560518831178E+00
2480 -2.897286754090536E-01
2481 1.680201730125672E+00
2482 9.226836894170333E-01
2483 1.976758486585085E+00
2484 1.963950906464661E+00
2485 1.688815126897370E+00
2486 1.115269407110847E+00
2487 1.562016747690388E+00
2488 3.068081704774738E+00
2489 1.075927131565363E+00
2490 8.645239757928723E-01
2491 2.078463459921516E+00
2492 2.550518630306592E+00
2493 1.195695451293384E-02
2494 4.050976706037754E-01
2495 1.038053591097342E+00
2496 1.662081043678148E+00
2497 9.616509973218716E-01
2498 1.629343814176158E+00
2499 1.595701549495148E+00
2500 2.314670463766347E+00
2501 -7.394581217973265E-01
2502 2.450243624115263E-01
2503 3.430833509928381E+00
2504 8.847685170430527E-01
2505 4.825413792055629E-01
2506 1.589987527972439E+00
2507 4.945813870850303E-03
2508 2.398304661700199E+00
2509 1.383266802306545E+00
2510 1.004666093070791E+00
2511 3.166492764197811E+00
2512 1.032344797776028E+00
2513 -1.222658249190383E+00
2514 1.972195044883702E+00
2515 1.779978593075185E+00
2516 1.408617230725379E+00
2517 2.405338568299180E+00
2518 1.854420645773799E+00
2519 1.636625966879820E+00
2520 -1.198857122054434E+00
2521 6.479975822269256E-01
2522 1.805738067432020E+00
2523 -1.003378901113451E+00
2524 1.513858390528347E+00
2525 1.165656010833534E+00
2526 1.619065645127880E+00
2527 1.959161395270471E+00
2528 2.216813818035907E-01
2529 2.966174152960004E+00
2530 9.548972024716665E-01
2531 3.881438640786646E+00
2532 3.305521609705342E+00
2533 2.435603270017249E+00
2534 1.011137355557142E+00
2535 1.011214199542313E+00
2536 1.253245442892522E+00
2537 8.850765956632275E-01
2538 3.333363039086079E+00
2539 1.173619196898080E+00
2540 1.579205007367458E+00
2541 1.040682293322587E+00
2542 1.299457265537673E+00
2543 7.342329587771713E-01
2544 9.033531436295954E-01
2545 2.535117370764404E+00
2546 9.905676744288534E-01
2547 9.993479193286474E-01
2548 1.012756657263498E+00
2549 1.012778153498224E+00
2550 9.393545248723904E-01
2551 1.479290969910987E+00
2552 -2.207767357391419E-02
2553 1.242942840709393E+00
2554 1.711064172252579E+00
2555 1.063243846388957E+00
2556 1.330017741114619E+00
2557 1.311449918870419E+00
2558 2.769431246424373E+00
2559 2.955851046434849E+00
2560 9.878087555771913E-01
2561 1.031480334180815E+00
2562 1.746069725267074E+00
2563 2.887589411345394E+00
2564 4.704696111187025E-01
2565 1.721440007281776E+00
2566 2.256629296167850E+00
2567 2.066565441304187E+00
2568 3.291474179624170E+00
2569 1.043739221523663E+00
2570 -1.263350836380534E+00
2571 -1.254817027624434E+00
2572 2.807389626202232E+00
2573 1.458645417023007E+00
2574 1.364110403192923E+00
2575 6.460246705188897E-01
2576 1.773435680875655E+00
2577 3.250212371699988E+00
2578 -9.491768766508522E-01
2579 1.213545441489166E+00
2580 1.357761412781357E+00
2581 4.333637367100811E+00
2582 3.780900757622912E+00
2583 1.196986085838767E+00
2584 1.011866809778638E+00
2585 1.268477340528467E+00
2586 1.105589954413187E+00
2587 1.015329106758538E+00
2588 2.095688321375583E+00
2589 4.482489387464131E-01
2590 1.915988093558633E+00
2591 1.919832283958547E+00
2592 1.352886810006992E+00
2593 9.282211017933312E-01
2594 1.709781006187544E+00
2595 -1.002440491110892E+00
2596 1.932011125906588E+00
2597 9.521126016457793E-01
2598 2.388746444598823E+00
2599 -1.270890994239584E+00
2600 1.673846505895428E+00
2601 1.201367898539717E+00
2602 1.428064376726652E+00
2603 1.424374723375492E+00
2604 9.094323548566209E-01
2605 1.842511427739153E+00
2606 2.026536877211299E+00
2607 2.121533863315901E+00
2608 -7.458068947373070E-01
2609 -9.394398384126106E-01
2610 -7.168790951610848E-01
2611 9.851142392649701E-01
2612 9.665153501038150E-01
2613 9.857265916317393E-01
2614 1.360127833798987E+00
2615 1.366392734595894E+00
2616 1.388952427244612E+00
2617 -1.453076376279830E-01
2618 -2.831875560186724E-01
2619 -1.400456717934568E-01
2620 1.344840359145073E+00
2621 1.372880991555156E+00
2622 2.688519913636277E+00
2623 2.564863123893564E+00
2624 2.552910757537221E+00
2625 1.265432590819928E+00
2626 1.277836246553237E+00
2627 1.287959318310099E+00
2628 8.409887031020862E-01
2629 8.922932934747525E-01
2630 8.211808537825460E-01
2631 -6.252613896221705E-02
2632 -2.094330674655756E-01
2633 1.129164788791795E+00
2634 1.109594622554042E+00
2635 1.020014419980308E+00
2636 9.127981465118304E-01
2637 9.121041043628801E-01
2638 8.640315515195591E-01
2639 1.009600589013549E+00
2640 1.012256951850056E+00
2641 1.012255210039704E+00
2642 1.009574942367632E+00
2643 2.654279983294981E+00
2644 2.924352653240909E+00
2645 2.712949468909402E+00
2646 1.747190888578245E+00
2647 1.623629494861507E+00
2648 1.731572451001256E+00
2649 1.742061830436356E+00
2650 1.721675698864528E+00
2651 1.717521106697197E+00
2652 1.737506844245766E+00
2653 9.454012095861959E-01
2654 1.041972953009434E+00
2655 1.184005229898379E+00
2656 1.250852925296037E+00
2657 1.428262019304265E+00
2658 1.411238519719176E+00
2659 9.844230923575072E-01
2660 2.008459673068079E-02
2661 8.720265348331488E-02
2662 -1.293458621560316E-01
2663 2.090109299422275E+00
2664 2.169004796879617E+00
2665 2.114466165648111E+00
2666 2.457191085348422E+00
2667 2.374351153996296E+00
2668 2.444539213781850E+00
2669 -5.302326124910425E-01
2670 -7.291823996989408E-01
2671 1.727943897456970E+00
2672 1.749320978648503E+00
2673 1.746066983515128E+00
2674 1.968012184214210E+00
2675 1.942895979687155E+00
2676 1.981333589450023E+00
2677 1.576074138299654E+00
2678 1.557598621164260E+00
2679 1.556079504593768E+00
2680 2.527624727472082E+00
2681 2.412802016572509E+00
2682 2.069825430858645E+00
2683 1.910510978951303E+00
2684 2.040463149443098E+00
2685 2.429982273672707E+00
2686 2.524536923490835E+00
2687 2.485081870475049E+00
2688 2.563406985852750E+00
2689 2.713512428703138E+00
2690 2.592768688223932E+00
2691 1.952385068066437E+00
2692 2.251055327167495E+00
2693 8.648368501503874E-01
2694 8.683379806020649E-01
2695 9.113837490311869E-01
2696 1.849859815433736E+00
2697 1.880596338838438E+00
2698 1.876773017595357E+00
2699 1.139173285755398E+00
2700 1.168820258461405E+00
2701 1.136801693943601E+00
2702 1.189324197465326E+00
2703 1.078698352575821E+00
2704 -1.047187068163226E+00
2705 -1.270198998832905E+00
2706 -1.102264386612342E+00
2707 -8.041110271679093E-01
2708 -1.000317880782559E+00
2709 -8.785444334844904E-01
2710 9.755991852074704E-01
2711 9.240523814643685E-01
2712 9.423032902127482E-01
2713 1.587752500833979E+00
2714 1.595944728031174E+00
2715 1.567538685185779E+00
2716 2.224872313518570E+00
2717 2.262287856267155E+00
2718 1.043872321494382E+00
2719 1.043869969832546E+00
2720 4.248244192257237E-01
2721 3.888898527639928E-01
2722 5.000435543230866E-01
2723 1.906845226532392E+00
2724 1.923399666189856E+00
2725 -8.770681832371781E-01
2726 -1.113815974750175E+00
2727 -9.916940761739981E-01
2728 2.425567843048230E+00
2729 2.531398768474909E+00
2730 1.541174360845473E+00
2731 1.598483998316205E+00
2732 1.623412157191424E+00
2733 1.818454585111221E+00
2734 1.819134909876306E+00
2735 1.519440949702118E-01
2736 -5.948251756403054E-02
2737 1.381330397423359E+00
2738 1.370397328664654E+00
2739 1.409389971409821E+00
2740 1.495987112484094E+00
2741 1.461100345783307E+00
2742 1.001823198772537E+00
2743 1.004903935605500E+00
2744 1.003660650092610E+00
2745 7.991098697252270E-01
2746 7.438113914380824E-01
2747 -3.349220855188060E-01
2748 -3.571721131121106E-01
2749 -2.076133624049981E-01
2750 1.282257372412610E+00
2751 1.468090902262636E+00
2752 1.308150720898917E+00
2753 8.771469236698788E-01
2754 9.722531899220727E-01
2755 9.337996114657162E-01
2756 1.653845677246410E+00
2757 1.645258595836975E+00
2758 1.642378115287128E+00
2759 -9.292631138359659E-01
2760 -1.154936727182317E+00
2761 1.579764813747155E+00
2762 1.608593397247949E+00
2763 1.275915169714708E+00
2764 1.133861594598626E+00
2765 1.520478016576405E+00
2766 1.679748217364510E+00
2767 3.788676963685067E+00
2768 3.537830388097428E+00
2769 3.535915433750122E+00
2770 1.806634158424755E+00
2771 1.853111041606836E+00
2772 1.618912655130782E+00
2773 1.571344071101187E+00
2774 1.538527307019768E+00
2775 1.537471447051815E+00
2776 2.438801887874550E+00
2777 2.647206323186619E+00
2778 1.658600614263756E+00
2779 1.663634870002636E+00
2780 1.389187822611007E+00
2781 1.402949516315471E+00
2782 1.408116986399212E+00
2783 -5.703512327494229E-01
2784 -6.946138003933076E-01
2785 1.759565542537762E+00
2786 2.567355920427487E+00
2787 2.617163639109208E+00
2788 5.811276919401297E-02
2789 5.436358880514584E-02
2790 1.906578409032831E-01
2791 1.306244551639663E+00
2792 1.295174993587371E+00
2793 1.041047114290488E+00
2794 1.026066166970111E+00
2795 1.027357729275287E+00
2796 -1.372985136102608E+00
2797 -1.458267641579264E+00
2798 1.801470585018587E+00
2799 1.809590470300168E+00
2800 1.831964179053110E+00
2801 1.651557658223442E+00
2802 1.631232843022029E+00
2803 1.643738301191661E+00
2804 -1.250404094716445E-02
2805 -1.560532045031361E-01
2806 -3.269988074415286E-02
2807 1.014144979868300E+00
2808 1.013995174251971E+00
2809 1.002897879911113E+00
2810 1.741335816415166E+00
2811 1.990068151971038E+00
2812 1.438801360135180E+00
2813 1.366580796736709E+00
2814 1.343540852943910E+00
2815 1.541137916067656E+00
2816 1.601181169953140E+00
2817 1.592597032193498E+00
2818 1.057466611741495E+00
2819 1.078817479460217E+00
2820 1.021543206699012E+00
2821 9.842356290510480E-01
2822 9.885450801790692E-01
2823 1.267034830385830E+00
2824 1.342408048029672E+00
2825 1.373910854822589E+00
2826 1.445034863306059E+00
2827 1.438529784309729E+00
2828 1.003287959097788E+00
2829 1.011324815620827E+00
2830 1.012047501637231E+00
2831 9.141919566705425E-01
2832 9.705843828815828E-01
2833 1.782580843595410E+00
2834 1.810677811454425E+00
2835 1.368084423346848E+00
2836 1.513129498857294E+00
2837 1.624205738361775E+00
2838 1.538957235251964E+00
2839 -3.062587850313365E-01
2840 -1.757608742905896E-01
2841 -1.399302576232049E-01
2842 -3.145453613830485E-01
2843 -1.436660178117762E-01
2844 -1.654469036467591E-01
2845 3.771851981905956E-01
2846 3.089350014461506E-01
2847 4.528175021475513E-01
2848 -1.918567944070010E-01
2849 -2.996124158868582E-01
2850 -5.574057115746735E-02
2851 4.028207107253337E+00
2852 3.799966968967623E+00
2853 3.985422034537162E+00
2854 4.400402846963785E-01
2855 3.172609588540508E-01
2856 -6.237870461893145E-01
2857 -4.672755218268657E-01
2858 1.612506913819201E+00
2859 1.662248778805564E+00
2860 -4.694723168856959E-01
2861 -4.925973782093377E-01
2862 1.252419548814652E+00
2863 1.239482153002405E+00
2864 3.515975067691797E+00
2865 3.850033849983094E+00
2866 3.613378803543188E+00
2867 9.939852466915159E-01
2868 9.888751662542242E-01
2869 9.920467155450108E-01
2870 2.150042375420282E+00
2871 2.024839133400076E+00
2872 2.251980032866491E+00
2873 3.769532747346669E-01
2874 2.204961333925663E-01
2875 2.008636765712916E+00
2876 2.187378896763881E+00
2877 2.299445541983963E+00
2878 2.297023350060506E+00
2879 1.584333864578780E+00
2880 1.605358172905922E+00
2881 1.545799547714151E+00
2882 1.578755999822333E+00
2883 1.453268328834952E+00
2884 1.637097595525893E+00
2885 -2.577518119922585E-01
2886 -3.096773203640186E-01
2887 1.024182960953466E+00
2888 1.030282525019845E+00
2889 1.000299174409284E+00
2890 9.286336606650474E-01
2891 9.027724962631970E-01
2892 2.131750531210447E+00
2893 2.318157596978923E+00
2894 2.314151265498833E+00
2895 2.585512238214157E+00
2896 2.473386788788905E+00
2897 1.654106985195832E+00
2898 1.658704115207327E+00
2899 1.671641123209995E+00
2900 1.003096778145389E+00
2901 9.703486819393123E-01
2902 9.278681831784139E-01
2903 -4.606009296389091E-03
2904 3.648769411551880E-02
2905 1.275478378748839E-01
2906 9.302383816946724E-01
2907 9.093618823464442E-01
2908 9.423962035950566E-01
2909 1.659245766496699E+00
2910 1.671308142500161E+00
2911 1.661112000358307E+00
2912 9.359550386873298E-01
2913 9.394785829744878E-01
2914 1.755877976572255E+00
2915 1.747133700263497E+00
2916 1.822343216176136E+00
2917 5.007084778969085E-01
2918 5.421834463791961E-01
2919 4.423194415995785E-01
2920 9.936376452803382E-01
2921 9.561685739367300E-01
2922 9.799285821529369E-01
2923 5.342592210364852E-01
2924 6.239418486547432E-01
2925 5.887441474087265E-01
2926 3.838060758007279E+00
2927 4.096413975669293E+00
2928 -2.587718209266126E-01
2929 -4.720271050765633E-02
2930 3.227295539064553E+00
2931 3.092663067409695E+00
2932 3.093928277357388E+00
2933 1.357294046788055E+00
2934 1.390919090547332E+00
2935 1.199882361692653E+00
2936 1.817328774823097E+00
2937 1.760381625071695E+00
2938 1.871659238380553E+00
2939 9.261367007167751E-01
2940 8.490566826075600E-01
2941 8.804117833653824E-01
2942 1.061399725868339E+00
2943 1.039367007276611E+00
2944 1.180065685236391E+00
2945 1.026352607321818E+00
2946 1.217299640399937E+00
2947 3.159258248617502E+00
2948 3.192842197907398E+00
2949 9.810102120273378E-01
2950 9.456151393039058E-01
2951 2.476216856833383E+00
2952 2.568516849575099E+00
2953 1.321425208483920E+00
2954 1.152718567901672E+00
2955 1.339786797203280E+00
2956 1.315568781771551E+00
2957 1.336453541137847E+00
2958 1.333221928015839E+00
2959 1.269924785330820E+00
2960 3.566033578621903E-01
2961 5.079126246148292E-01
2962 4.308454788312353E-01
2963 3.103380994330952E+00
2964 2.971159200618088E+00
2965 1.671558592924820E+00
2966 1.673288848876450E+00
2967 5.532220919743178E-01
2968 6.510534852470977E-01
2969 9.674668938441264E-01
2970 9.542811836053013E-01
2971 1.541379536434470E+00
2972 1.503654701452528E+00
2973 1.453800598211955E+00
2974 1.342420140516133E+00
2975 1.338112874058425E+00
2976 9.131030131081582E-01
2977 8.808774312018921E-01
2978 2.398235899521412E+00
2979 2.586591122885570E+00
2980 1.656531612482351E+00
2981 1.734539663537447E+00
2982 3.534107008926403E+00
2983 3.676594516408390E+00
2984 3.445500259240896E+00
2985 1.470123551363361E+00
2986 1.486738199890641E+00
2987 1.419587002501528E+00
2988 1.499678590182396E+00
2989 1.012715922201997E+00
2990 1.019209708992487E+00
2991 2.748227773232520E+00
2992 2.889962812873758E+00
2993 2.854744393010363E+00
2994 9.610429643283351E-01
2995 1.214759559068572E+00
2996 1.038135894145106E+00
2997 3.333501823411586E+00
2998 3.540829990907135E+00
2999 -1.449504960739768E+00
3000 -1.298174398344500E+00
3001 -1.416153872485280E+00
3002 5.981668395924460E-01
3003 6.576639462378071E-01
3004 8.484636311502836E-01
3005 -1.135530491584278E+00
3006 -1.116540527653889E+00
3007 2.010166143177708E+00
3008 1.926570243960112E+00
3009 1.905862408674823E+00
3010 8.769501954064298E-01
3011 7.138732649554640E-01
3012 1.536647156811973E+00
3013 1.554389231581025E+00
3014 1.511055780228049E+00
3015 1.344282465699199E+00
3016 1.003140408709103E+00
3017 1.013372283809205E+00
3018 1.013865475634393E+00
3019 5.160230085068616E-01
3020 2.780969649460194E-01
3021 4.804935060020723E-01
3022 -1.278900541920281E-01
3023 1.835197113366938E-02
3024 6.174923784733497E-01
3025 5.587214390121189E-01
3026 -4.504386362081326E-02
3027 -8.242621033287251E-02
3028 -2.472707643616016E-01
3029 2.050250850559573E+00
3030 2.024895611871946E+00
3031 1.835206391347117E+00
3032 1.224747015105971E+00
3033 1.234127620673409E+00
3034 1.255659600880997E+00
3035 -2.174413847263604E-01
3036 -3.183671140381791E-02
3037 1.199687186277022E+00
3038 1.192512173645868E+00
3039 2.552807190160942E-01
3040 1.980736776067989E-02
3041 7.073733494599146E-02
3042 -6.624609202387884E-01
3043 -8.693253993410717E-01
3044 -8.409954187276247E-01
3045 1.404994400056181E+00
3046 1.239138602377015E+00
3047 1.012814940902380E+00
3048 1.022344153601771E+00
3049 1.242621045587947E+00
3050 1.267939067507522E+00
3051 1.248031557945473E+00
3052 -2.879144082479611E-01
3053 -4.814639111210488E-01
3054 -4.679962657656682E-01
3055 9.825506321476234E-01
3056 1.023214011392398E+00
3057 1.092049695287643E+00
3058 2.045726584447008E+00
3059 2.053789749268606E+00
3060 2.099404783585092E+00
3061 1.324857624969666E+00
3062 1.344866600094329E+00
3063 1.348618272496879E+00
3064 9.092811569858201E-01
3065 8.395671278559167E-01
3066 1.098570572287405E+00
3067 1.135984802156894E+00
3068 2.789298167184267E+00
3069 2.934726545674340E+00
3070 3.113707482678025E+00
3071 8.066613169952455E-01
3072 8.306409245453255E-01
3073 4.968069286788281E-01
3074 3.147939547071861E-01
3075 2.222919414455722E+00
3076 2.120992484088565E+00
3077 2.160548137701817E+00
3078 3.444205030347406E+00
3079 3.614667091038937E+00
3080 3.614129838991950E+00
3081 1.017259402140919E+00
3082 1.001854389528453E+00
3083 1.015939827888176E+00
3084 1.014469387714438E+00
3085 1.021500499005376E+00
3086 1.012743148510960E+00
3087 -3.173207062297675E-01
3088 -5.887158402996981E-01
3089 1.023296862573390E+00
3090 5.465214194312413E-01
3091 4.815262361463225E-01
3092 5.794376665058113E-01
3093 9.824573870982447E-01
3094 1.003291389185899E+00
3095 1.366344866840150E+00
3096 1.347205466087749E+00
3097 1.278254877245570E+00
3098 1.287363463230392E+00
3099 3.177332908397299E-01
3100 1.249162966343212E-01
3101 1.132863556437468E-01
3102 1.553101829817911E+00
3103 1.715186510496207E+00
3104 1.590443663265939E+00
3105 3.749425387283150E-02
3106 7.407610927789354E-01
3107 7.333902459312194E-01
3108 6.783555718759513E-01
3109 -8.932068616782711E-01
3110 -7.641001306840973E-01
3111 -9.727571692814441E-01
3112 1.650588450242950E+00
3113 1.667391255152277E+00
3114 1.411548168130415E+00
3115 1.441924103210590E+00
3116 1.437628832386069E+00
3117 2.098410227948452E+00
3118 2.155109249730564E+00
3119 2.166932605441242E+00
3120 5.999140724031125E-01
3121 8.395394199361356E-01
3122 7.257498719484710E-01
3123 1.531052049566212E+00
3124 1.443208696405807E+00
3125 1.508777165949173E+00
3126 2.425430966037958E+00
3127 2.346601479412722E+00
3128 2.353955966139838E+00
3129 1.332324112777486E+00
3130 1.333293533407879E+00
3131 1.309183476307524E+00
3132 1.834626548696384E+00
3133 1.900178569675715E+00
3134 1.863742489909499E+00
3135 1.200190330034330E+00
3136 1.230444793013792E+00
3137 1.162886363945559E+00
3138 1.200036024681206E+00
3139 1.163256338554085E+00
3140 1.231502163976818E+00
3141 8.601152821321038E-01
3142 9.121459183998106E-01
3143 1.002349764974764E+00
3144 1.006008432851176E+00
3145 1.009139978797892E+00
3146 2.129700970563643E+00
3147 2.090890582096470E+00
3148 2.202623090643574E+00
3149 1.071292587495718E+00
3150 1.082357934374772E+00
3151 1.064929974349500E+00
3152 -1.694655708615486E-01
3153 2.824668029427802E-02
3154 2.602104922411256E-01
3155 6.175383571996813E-02
3156 4.268399804528637E+00
3157 4.045305551024591E+00
3158 3.461872197376205E+00
3159 3.293417295778742E+00
3160 3.373634209685717E+00
3161 1.620026026523442E+00
3162 1.625147812828432E+00
3163 1.611249255300731E+00
3164 6.238710572659398E-01
3165 1.016367308025942E+00
3166 1.040432321128324E+00
3167 1.018606531094098E+00
3168 1.591525108760295E+00
3169 1.595745184869638E+00
3170 1.509149060866274E+00
3171 1.433286539161492E+00
3172 1.259811271295574E+00
3173 1.234816888002801E+00
3174 1.222447004207299E+00
3175 1.023539240077425E+00
3176 1.015298813263080E+00
3177 2.500548112617438E+00
3178 2.416118880741228E+00
3179 2.598306877876730E+00
3180 2.766965181866953E+00
3181 1.120072681456062E+00
3182 1.142546987594985E+00
3183 1.093096233919080E+00
3184 1.120546104661995E+00
3185 1.092542111236808E+00
3186 1.142262412046037E+00
3187 2.284904647999393E+00
3188 2.227745704045296E+00
3189 2.224238793313902E+00
3190 2.221942983498162E-01
3191 2.471557553832920E-01
3192 2.344586322165401E+00
3193 1.092242580475668E+00
3194 1.123446420126324E+00
3195 2.059807486868722E+00
3196 1.814222723513705E+00
3197 1.919810230694196E+00
3198 1.383121274078297E+00
3199 1.383468240578040E+00
3200 2.041254630441116E+00
3201 2.044663231836710E+00
3202 1.444841001647757E+00
3203 1.381677705185075E+00
3204 1.812648358016137E+00
3205 1.787615971119209E+00
3206 1.618208894312900E+00
3207 1.632074995547365E+00
3208 1.034777652364920E+00
3209 7.493869347765383E-01
3210 6.586397884419709E-01
3211 6.789825509171781E-01
3212 6.464850123295844E-02
3213 1.833319593249258E-01
3214 1.986375021859178E-01
3215 9.592946722997984E-01
3216 9.266301590004991E-01
3217 9.524262074635960E-01
3218 8.969183556155595E-01
3219 -4.499971830470992E-04
3220 -1.552221775922191E-01
3221 1.658517360096674E+00
3222 1.639684874895050E+00
3223 1.003351476372537E+00
3224 1.012202150804091E+00
3225 2.091345759240195E+00
3226 2.103555273281163E+00
3227 2.153243766863485E+00
3228 2.198501079846967E+00
3229 2.103172907822694E+00
3230 7.740067074444155E-01
3231 8.075255011566891E-01
3232 8.272603836142254E-01
3233 -7.037282823163363E-01
3234 -5.846461909791913E-01
3235 -5.308718964728238E-01
3236 2.238995003738986E+00
3237 2.277373133716173E+00
3238 1.275627371615638E-01
3239 -5.765064501428471E-02
3240 -1.013959611633311E-02
3241 2.292147430884489E-02
3242 1.845800333297293E+00
3243 1.913587663179782E+00
3244 1.002792153371637E+00
3245 1.006611234139174E+00
3246 9.827246343977247E-01
3247 9.861726814011805E-01
3248 9.707313883684685E-01
3249 2.596351569412170E+00
3250 2.850370495940002E+00
3251 1.656671362515950E+00
3252 1.599440092823344E+00
3253 3.493210177576636E-02
3254 -1.210284247446393E-01
3255 -1.442631250565019E-01
3256 4.079664599448341E-01
3257 3.947623023861838E-01
3258 1.998926761124689E-01
3259 1.434585229160666E+00
3260 1.416513401419201E+00
3261 1.449547836707846E+00
3262 1.420821816512654E+00
3263 1.424027292298117E+00
3264 1.002285365062715E+00
3265 1.009052088626719E+00
3266 1.006175558915656E+00
3267 7.951070714830557E-01
3268 -1.339625788813684E-01
3269 8.747224116017491E-02
3270 7.668384179231547E-01
3271 8.585303916532845E-01
3272 6.462794273034951E-01
3273 8.256304332437659E-01
3274 9.219504125720750E-01
3275 2.204505795957895E+00
3276 2.224605885719122E+00
3277 2.082159393670451E+00
3278 2.193601609815751E+00
3279 2.157988163515335E+00
3280 2.155629349142965E+00
3281 1.679757089832481E+00
3282 1.683296663721995E+00
3283 1.676479318117317E+00
3284 3.243076160084170E+00
3285 3.145754421298925E+00
3286 2.116703770555746E+00
3287 2.281364254285925E+00
3288 5.882130931074574E-01
3289 4.835021676380223E-01
3290 4.934330467721481E-01
3291 2.358273897000516E+00
3292 2.524326155231538E+00
3293 2.244130377619414E+00
3294 -1.134081723105243E+00
3295 1.808304767845593E+00
3296 1.776440677162654E+00
3297 1.064630502346402E+00
3298 1.054322379798587E+00
3299 1.973490329413521E+00
3300 2.019649003097636E+00
3301 1.681523347807539E-01
3302 1.000393207566899E+00
3303 1.020865529739262E+00
3304 2.299712942319540E+00
3305 2.370809291215404E+00
3306 2.932801905412025E-01
3307 3.133666338457494E-01
3308 4.233395798942832E-01
3309 1.334802348921579E+00
3310 1.323879045594583E+00
3311 1.230469280829190E+00
3312 1.303175082812404E+00
3313 1.344283017144153E+00
3314 1.375107347953453E+00
3315 1.217074247748524E+00
3316 1.238078573188540E+00
3317 1.672535429759308E+00
3318 1.673844588642702E+00
3319 8.536674603225150E-02
3320 1.714616475232321E+00
3321 1.721206060756545E+00
3322 2.544308690695287E+00
3323 2.713189017232133E+00
3324 2.510649280419027E+00
3325 1.228275088246274E+00
3326 1.213798063359844E+00
3327 1.256966383043449E+00
3328 1.298714573971698E+00
3329 1.277271060196303E+00
3330 1.245493021890152E+00
3331 1.668280671725446E+00
3332 1.655878974853326E+00
3333 2.940107393917592E+00
3334 3.053155851516480E+00
3335 3.079118103626693E+00
3336 2.793807447907921E+00
3337 2.951823784564596E+00
3338 -3.205381368653137E-01
3339 -2.717939086283483E-01
3340 1.470674755748997E+00
3341 1.573706155181916E+00
3342 9.976102412824722E-01
3343 9.931617284274374E-01
3344 7.439211542861734E-01
3345 5.666926094159243E-01
3346 1.505542526871001E+00
3347 1.511149080389800E+00
3348 1.528957961808209E+00
3349 1.995461128013296E+00
3350 1.487302936983923E+00
3351 1.497290170063988E+00
3352 1.506758817567287E+00
3353 1.208907990980573E+00
3354 1.187153403734858E+00
3355 -3.673975946690828E-01
3356 -4.134395330059790E-01
3357 -4.781090983361619E-01
3358 1.505723704073386E+00
3359 1.535804980953940E+00
3360 1.528005268114533E+00
3361 1.297339790427108E+00
3362 1.351510940358988E+00
3363 1.542484385762212E+00
3364 8.920498925947430E-02
3365 4.442241118599750E-02
3366 1.791783521672197E+00
3367 1.833357106393121E+00
3368 2.543927788658050E+00
3369 2.462751837687422E+00
3370 1.444187477663726E+00
3371 1.474848383782834E+00
3372 1.473195354062277E+00
3373 1.611168105598688E+00
3374 1.542174503920826E+00
3375 1.691741394442977E+00
3376 1.544641101784517E+00
3377 1.627528339414090E+00
3378 1.287727496619492E+00
3379 1.291652181716092E+00
3380 1.336590387273972E+00
3381 1.552287429519386E+00
3382 9.447356450096767E-01
3383 8.631476114005876E-01
3384 9.234159042257750E-01
3385 1.261232746996749E+00
3386 1.270964919303483E+00
3387 1.245987523218115E+00
3388 1.707782326149468E+00
3389 1.964231592452741E+00
3390 -6.963705650217016E-01
3391 -7.968219288038595E-01
3392 1.693921296386155E+00
3393 1.552309592272950E+00
3394 1.027166517758597E+00
3395 1.013097278408760E+00
3396 2.322469848098150E-01
3397 1.477185668117129E+00
3398 1.503354659682303E+00
3399 1.047990326428776E+00
3400 1.032973676407710E+00
3401 1.797510551373756E+00
3402 1.687650141274460E+00
3403 1.002950417584217E+00
3404 1.004732398417487E+00
3405 9.889518278981368E-01
3406 3.376609461784306E+00
3407 3.644303990308644E+00
3408 2.878902256673406E+00
3409 2.732765406301929E+00
3410 2.144537476337234E+00
3411 2.432283258173083E+00
3412 9.650247075648263E-01
3413 1.019518891326017E+00
3414 9.280125022235677E-01
3415 2.966410745780846E+00
3416 3.110740604339807E+00
3417 1.253475561833861E+00
3418 1.226829750577904E+00
3419 1.246616723962258E+00
3420 3.026695229964610E+00
3421 3.100421084685885E+00
3422 2.924205254172461E+00
3423 1.643425208182013E+00
3424 1.654372822292562E+00
3425 1.373933347701684E+00
3426 1.428013892665447E+00
3427 2.146639436193253E+00
3428 2.212990486341046E+00
3429 6.501727657933628E-01
3430 -1.001650567418504E+00
3431 -8.121264616295683E-01
3432 1.003863126512588E+00
3433 1.006977589881125E+00
3434 1.008179501227525E+00
3435 1.879998174468642E+00
3436 1.839719110676188E+00
3437 1.873344135912486E+00
3438 7.556883508254773E-01
3439 6.673338719542906E-01
3440 7.192492108519142E-01
3441 1.364550883321600E+00
3442 1.381817694454805E+00
3443 1.355673196505490E+00
3444 2.863368085490896E+00
3445 2.990048931043761E+00
3446 7.104801850466294E-01
3447 9.048443326371360E-01
3448 1.478623155773681E+00
3449 1.483099810106141E+00
3450 1.497677567274969E+00
3451 1.495582354765994E+00
3452 1.478877102820926E+00
3453 1.406218460595227E+00
3454 1.219411859702373E+00
3455 1.231142244936049E+00
3456 -7.212073110426772E-01
3457 -8.991810513279188E-01
3458 -8.234898160855164E-01
3459 5.653448698100217E-01
3460 6.608981233362798E-01
3461 1.430645370792835E+00
3462 1.401858073416872E+00
3463 1.021747402758878E+00
3464 -7.128355468808372E-01
3465 -8.670537326775513E-01
3466 5.938279064732294E-01
3467 8.060220089929921E-01
3468 3.431447533920699E+00
3469 3.299266429526908E+00
3470 1.667057384770311E+00
3471 1.670177310065753E+00
3472 8.759034938606738E-01
3473 7.281795895063661E-01
3474 7.410392329387314E-01
3475 1.573660916104790E+00
3476 1.557747315094769E+00
3477 1.560117013043151E+00
3478 1.191429484273810E+00
3479 1.322694279924458E+00
3480 4.384710359248296E-02
3481 1.436775730604131E-01
3482 -1.630680432069915E+00
3483 -1.437609296493149E+00
3484 -1.448392156429658E+00
3485 1.095752617073334E+00
3486 1.301559569593285E+00
3487 9.838584779916703E-01
3488 1.002135173393922E+00
3489 9.873261370893920E-01
3490 1.612651218540972E+00
3491 1.632099271271970E+00
3492 1.628145408547424E+00
3493 -5.334280963208637E-01
3494 -6.568584847892756E-01
3495 -7.642027622980601E-01
3496 9.196406021687804E-01
3497 9.930404718239829E-01
3498 5.120429190422509E-01
3499 5.396942473079032E-01
3500 6.025057133530123E-01
3501 1.040425264996868E+00
3502 1.029284406676586E+00
3503 1.622979567753566E+00
3504 1.672533033328406E+00
3505 -3.207600623522785E-01
3506 -5.179369379634676E-01
3507 9.577294562054229E-01
3508 9.576836612969672E-01
3509 1.003153293188976E+00
3510 1.542755809322976E+00
3511 1.460819744201197E+00
3512 1.459795879606522E+00
3513 -6.749659293051562E-01
3514 -7.717105958826447E-01
3515 -8.951099355527041E-01
3516 -3.509435377916017E-01
3517 1.046513003684767E+00
3518 1.058085288276030E+00
3519 9.370933540575097E-01
3520 9.604060511822282E-01
3521 9.605385382467633E-01
3522 3.367065066303881E+00
3523 3.078286044536671E+00
3524 3.149785318087214E+00
3525 1.917149335506706E+00
3526 1.967982022872618E+00
3527 1.715499132753573E+00
3528 1.330358108627275E+00
3529 1.328641059722892E+00
3530 1.624859192297208E+00
3531 1.763387017411285E+00
3532 1.760865138550208E+00
3533 4.809380360223376E-01
3534 5.624948966997181E-01
3535 6.190085290392029E-01
3536 4.605567271608619E-01
3537 3.714476393585920E-01
3538 3.210492108610584E-01
3539 9.887258090171991E-01
3540 1.300770279370223E+00
3541 1.628219883987998E+00
3542 1.568574830530680E+00
3543 2.233611502126762E-01
3544 3.567761206696080E-01
3545 1.236463662203656E+00
3546 1.118376874805861E+00
3547 1.623322975158231E+00
3548 1.616135603076645E+00
3549 4.056854986908860E-01
3550 5.160209597906364E-01
3551 -5.391453891195403E-02
3552 7.199230716583888E-02
3553 1.197276415150017E+00
3554 1.192014784651963E+00
3555 1.296039942156219E+00
3556 1.306338334392353E+00
3557 1.316859971332293E+00
3558 1.219367006588284E+00
3559 1.280327969917177E+00
3560 1.242890461071946E+00
3561 2.703784859655506E+00
3562 2.564101649072646E+00
3563 2.573088609937777E+00
3564 1.011827950227022E+00
3565 1.012185530491781E+00
3566 1.542991380658923E+00
3567 1.550323418450945E+00
3568 1.090962043710769E+00
3569 1.065724561121395E+00
3570 1.095442082100588E+00
3571 1.358462743705356E+00
3572 3.213155678064110E+00
3573 -1.076072117357205E+00
3574 1.282514862692211E+00
3575 1.243986262502513E+00
3576 -7.234526990908788E-02
3577 1.593842810330902E+00
3578 1.658880905724207E+00
3579 1.666405118507313E+00
3580 1.453667220239609E+00
3581 1.440840840715508E+00
3582 1.249998008661068E+00
3583 1.292109334055630E+00
3584 -3.427365553617933E-01
3585 -4.902384326488902E-01
3586 1.397069044074846E+00
3587 4.907788334616590E-01
3588 4.097262425857300E-01
3589 3.684061616945579E-01
3590 5.488125549123999E-01
3591 -9.264845390262131E-01
3592 1.399698708434883E+00
3593 3.016819383498404E-01
3594 2.849459005138351E-01
3595 1.649863309767985E+00
3596 1.705466336654429E+00
3597 5.490719344343832E-01
3598 4.399418984558431E-01
3599 1.134565706004072E+00
3600 1.111728631713288E+00
3601 1.283288837870409E+00
3602 1.002282597470079E+00
3603 1.394322424181311E+00
3604 1.382139870948373E+00
3605 1.385912475463446E+00
3606 1.445440133972150E+00
3607 1.372126174708793E+00
3608 5.993770560865791E-01
3609 5.169434773340126E-01
3610 1.882834685887415E+00
3611 1.913945579773503E+00
3612 1.462650307270166E+00
3613 1.433730017505674E+00
3614 9.106625964831606E-02
3615 -2.080073920655413E-02
3616 1.281764473989364E-01
3617 1.566153199639174E+00
3618 1.626247466616300E+00
3619 1.616394166912862E+00
3620 3.564375907333760E+00
3621 3.481099233478533E+00
3622 3.687022259857687E+00
3623 1.180576814025358E-01
3624 1.280395942480114E-01
3625 1.106598410582174E-02
3626 1.074558824767354E+00
3627 1.067237177937828E+00
3628 6.873858451775940E-01
3629 7.591907428336614E-01
3630 6.367911241939435E-01
3631 1.546907706840051E+00
3632 1.555708563081853E+00
3633 1.002136081735859E+00
3634 1.001719967337663E+00
3635 1.101503916677588E+00
3636 1.101627217365590E+00
3637 2.421262299528346E+00
3638 2.623764083786523E-01
3639 1.304140592253565E-01
3640 1.632410682852367E+00
3641 1.616658969393868E+00
3642 4.959426972386530E-01
3643 4.492362711126066E-01
3644 5.820932396334760E-01
3645 1.334015851074152E+00
3646 1.349455600743791E+00
3647 1.342362817228922E+00
3648 1.985002686818595E-01
3649 8.990422366710832E-02
3650 7.900893866867829E-01
3651 8.469552936792244E-01
3652 7.442259696920153E-01
3653 -5.934941358049778E-01
3654 -8.124883231979001E-01
3655 -1.044585699630468E+00
3656 -1.237199141735024E+00
3657 -1.070545970567934E+00
3658 1.480146483208894E+00
3659 1.685279837474270E+00
3660 1.053973687232858E+00
3661 1.037115907795970E+00
3662 1.090988435514683E+00
3663 1.170994824052264E+00
3664 1.241246601214738E+00
3665 1.171023190000550E+00
3666 1.241129573434057E+00
3667 1.676218373489230E+00
3668 2.660747018539752E-01
3669 1.757902014218998E-01
3670 4.045334769701858E-01
3671 4.838793809691799E-01
3672 2.066728100552654E+00
3673 -5.183212928219352E-01
3674 -4.103669929413090E-01
3675 3.094593842056352E+00
3676 3.056624276648004E+00
3677 3.300983135752500E+00
3678 3.729549879635979E-01
3679 3.186103977961009E-01
3680 9.983554235140133E-01
3681 9.996274905632490E-01
3682 1.003388319765734E+00
3683 1.007828031970547E+00
3684 -1.170523768562665E+00
3685 -9.571860098160528E-01
3686 1.144502140666315E+00
3687 1.113888281080694E+00
3688 1.002246527523519E+00
3689 1.003575137731400E+00
3690 1.077820426134086E+00
3691 1.093062296865671E+00
3692 3.073863968052452E-01
3693 1.812994486257771E+00
3694 2.108961157517237E+00
3695 2.236075809143104E+00
3696 1.568526910129343E+00
3697 1.678909604355066E+00
3698 1.391431826185442E+00
3699 1.310451183706216E+00
3700 1.409592781575461E+00
3701 1.003189026389813E+00
3702 1.002846169230892E+00
3703 9.979119015344893E-01
3704 6.056715170161635E-01
3705 5.661554502377230E-01
3706 6.697236545909354E-01
3707 9.848235788177020E-01
3708 -1.014144606574959E+00
3709 1.332016797360008E+00
3710 1.347430597369146E+00
3711 -7.261563216860238E-01
3712 4.497579664674306E-01
3713 1.135771380267240E+00
3714 1.111040025724284E+00
3715 2.279065971736912E-01
3716 3.001963414017874E+00
3717 5.154308387860578E-01
3718 1.338383888311609E+00
3719 1.330536377034818E+00
3720 6.477944176382084E-01
3721 1.808757898796850E+00
3722 1.806268456450979E+00
3723 1.583959953825605E+00
3724 1.618046534514937E+00
3725 1.584777186835337E+00
3726 6.552549468520041E-02
3727 1.490060120126240E+00
3728 1.407647858558342E+00
3729 1.405017255390793E+00
3730 1.486503994356313E+00
3731 1.207545415347371E+00
3732 1.172275437589037E+00
3733 1.542978966601445E+00
3734 1.575122699855660E+00
3735 3.180786523826014E+00
3736 3.371743798433874E+00
3737 1.534697515624525E+00
3738 1.502938279345129E+00
3739 9.598594412081660E-01
3740 9.729780011470839E-01
3741 9.314914241318781E-01
3742 3.791251626931543E+00
3743 3.497568658150315E+00
3744 2.457818823162390E+00
3745 2.626669462781970E+00
3746 1.316166294393954E+00
3747 1.325026689210596E+00
3748 8.607555409013015E-01
3749 8.414966197975946E-01
3750 7.741093942725206E-01
3751 1.490685817586514E+00
3752 1.444760982827542E+00
3753 1.415929652347485E+00
3754 1.448990272747927E+00
3755 9.941047222403863E-01
3756 9.887842846613207E-01
3757 9.804969164867550E-01
3758 9.724141086635170E-01
3759 9.809217896392706E-01
3760 9.787943364535008E-01
3761 9.872392151019569E-01
3762 1.085493827376898E+00
3763 1.095487809889209E+00
3764 3.529661189458072E-01
3765 2.881319583673585E-01
3766 -7.198501990073816E-01
3767 -6.284293955212215E-01
3768 8.719067232579598E-01
3769 8.356280301714105E-01
3770 5.891890473124471E-01
3771 3.750010801744715E-01
3772 3.851379934763148E+00
3773 4.039078188906855E+00
3774 9.214116085924010E-01
3775 7.791634742116771E-01
3776 3.656190028741898E+00
3777 3.753836384426173E+00
3778 1.328604654745043E+00
3779 1.425387078249630E+00
3780 1.756354150345755E+00
3781 1.773557339755153E+00
3782 9.935919686951757E-01
3783 9.964291239154428E-01
3784 9.963011274708792E-01
3785 1.212734564210834E+00
3786 1.230848820295493E+00
3787 8.520388544283172E-01
3788 1.650421711252802E+00
3789 1.828028751203829E+00
3790 1.788027336182070E+00
3791 1.761172738473852E+00
3792 2.124022549090694E-01
3793 1.284851883020124E+00
3794 1.116522861209418E+00
3795 1.180590755965021E+00
3796 1.111043170615879E+00
3797 3.277190046394052E-01
3798 1.380942506575941E+00
3799 8.167750579880914E-01
3800 9.144439209077033E-01
3801 7.909082792063691E-01
3802 1.354922328737875E+00
3803 9.939847255479464E-01
3804 7.470943430735486E-01
3805 6.194564529738822E-01
3806 1.013091413010524E+00
3807 1.011343763553478E+00
3808 6.065874628739270E-01
3809 5.856794486746434E-01
3810 -1.111674110661123E+00
3811 2.816551013411771E+00
3812 2.827664957403281E+00
3813 2.930320570970194E+00
3814 1.637917159666939E+00
3815 1.277775808889227E+00
3816 8.527487258685325E-01
3817 9.749958681707218E-01
3818 8.384976174669729E-01
3819 8.729984651490807E-01
3820 1.283470628664979E+00
3821 1.222852582595445E+00
3822 1.014572351353222E+00
3823 7.734498722523102E-01
3824 7.707897980227998E-01
3825 7.259841042079038E-01
3826 1.000593436959254E+00
3827 1.044263317343621E+00
3828 1.386716715047813E+00
3829 1.196224289586826E+00
3830 3.183230386170145E+00
3831 3.292941890400712E+00
3832 3.101730455738687E+00
3833 2.235917437104102E+00
3834 2.065781778383887E+00
3835 1.296993662328336E+00
3836 -1.560842193994840E+00
3837 -1.368385480287163E+00
3838 1.002277550201098E+00
3839 1.001609477630657E+00
3840 2.239464612083963E-01
3841 1.763651947945138E-01
3842 2.483196037712086E+00
3843 1.861909897431614E+00
3844 1.871145161956608E+00
3845 1.895203920377106E+00
3846 1.394399198501246E+00
3847 1.543186265768965E+00
3848 1.656052610132249E+00
3849 -6.387305297400716E-01
3850 -4.663473450726594E-01
3851 1.186533158307074E+00
3852 1.244228142308721E+00
3853 1.217488332897840E+00
3854 1.299954507969328E+00
3855 1.326953845863496E+00
3856 7.908085791005017E-01
3857 7.731798548246688E-01
3858 3.200916476215365E-01
3859 1.370673229020612E+00
3860 1.614348390997070E+00
3861 2.122637628702200E+00
3862 2.176116970406468E+00
3863 2.128306652155342E+00
3864 9.911744511263565E-01
3865 1.110177578451828E+00
3866 1.802803232979795E+00
3867 1.725601694280431E+00
3868 1.856252196227703E+00
3869 1.570186746129542E+00
3870 4.269616082954349E-01
3871 1.001560534270586E+00
3872 1.001504947932810E+00
3873 -2.347020649621419E-01
3874 1.304603941401077E+00
3875 1.250123947991927E+00
3876 1.241879193732891E+00
3877 1.296058463930593E+00
3878 1.460150844526364E+00
3879 1.459201740596353E+00
3880 8.180478876966731E-01
3881 8.455823274027264E-01
3882 7.717193461710947E-01
3883 -6.177909245588811E-01
3884 1.529565622396124E+00
3885 1.516263505505563E+00
3886 9.975256850798748E-01
3887 1.127968780902415E+00
3888 1.335024336506478E+00
3889 2.006652578533039E+00
3890 2.015943232931277E+00
3891 2.060340056552134E+00
3892 1.494036382582974E+00
3893 1.517603369751787E+00
3894 1.519958816914476E+00
3895 1.216506283230869E+00
3896 1.234206772524010E+00
3897 1.206937669307849E+00
3898 1.082573260654094E-01
3899 9.043443265686303E-01
3900 8.621438286133449E-01
3901 2.226359176563836E+00
3902 1.014502861758314E+00
3903 1.020209268357582E+00
3904 1.172951835688181E+00
3905 1.159412041045984E+00
3906 9.362621123243242E-01
3907 1.210511607694420E+00
3908 1.218565688896167E+00
3909 1.192480279194433E+00
3910 6.028394472086458E-01
3911 6.783127136134488E-01
3912 5.461054881847505E-01
3913 -5.814282660065947E-01
3914 1.930995858769377E+00
3915 1.917567721770725E+00
3916 6.777252969486193E-01
3917 7.040306312811040E-01
3918 -7.557648037649756E-01
3919 -9.367871034189741E-01
3920 1.848860953384929E+00
3921 1.734882940499456E+00
3922 1.733625223497048E+00
3923 1.177497745219206E+00
3924 1.203180955458496E+00
3925 1.075226979708443E+00
3926 1.043816290262216E+00
3927 1.259175826892549E+00
3928 1.429085360180578E+00
3929 1.518353589181472E+00
3930 9.962989221429916E-01
3931 9.947726000299384E-01
3932 1.654624665476268E+00
3933 1.661993816620215E+00
3934 3.723358982103913E+00
3935 3.891919111935097E+00
3936 5.174626552211548E-01
3937 1.998588697484965E+00
3938 1.002209296484608E+00
3939 1.001776848114134E+00
3940 5.059661132334731E-01
3941 5.238318126257293E-01
3942 1.031436599019715E+00
3943 1.040862526684507E+00
3944 1.923463163187091E+00
3945 2.069482415932824E+00
3946 1.031928952731639E+00
3947 9.637220421552568E-01
3948 1.640068431832578E+00
3949 1.696011920032815E+00
3950 -5.413727488583675E-01
3951 -6.896885510073618E-01
3952 1.001997652786700E+00
3953 1.002106780134738E+00
3954 7.007620540892936E-01
3955 5.278790172462484E-01
3956 6.803685260118901E-01
3957 1.929197510646508E+00
3958 1.819189482325980E+00
3959 1.678296178098009E+00
3960 6.672421480607400E-01
3961 7.646394131486838E-01
3962 1.070125247297578E+00
3963 1.086773811400518E+00
3964 1.148862424692973E+00
3965 1.276376381398369E+00
3966 1.272202961935463E+00
3967 -1.393588269547717E+00
3968 -1.233291836359198E+00
3969 -7.839700921245281E-01
3970 -8.591540441847261E-01
3971 5.114082005654432E-01
3972 5.436016557783502E-01
3973 1.523863693195438E+00
3974 1.202895899728637E+00
3975 1.338043766558243E+00
3976 -8.413918524549593E-01
3977 -9.625682915979106E-01
3978 1.284812135000241E+00
3979 1.340645580362966E+00
3980 1.312340030215371E+00
3981 1.333718931320985E+00
3982 1.333885858302325E+00
3983 9.226582338754187E-01
3984 8.632498927206276E-01
3985 1.553412596083541E+00
3986 1.539780090212307E+00
3987 1.158384055926897E+00
3988 1.152432087452681E+00
3989 1.264264449095968E+00
3990 1.254803615177611E+00
3991 9.094914112360710E-01
3992 3.113246029885879E+00
3993 1.886162723140818E-01
3994 1.413251308047333E-01
3995 -1.459511948267498E-01
3996 1.398730034459979E+00
3997 1.336344161531146E+00
3998 1.368076960302811E+00
3999 1.189875978089829E+00
4000 1.204539319799915E+00
4001 1.005514939016328E+00
4002 8.586385564982892E-01
4003 1.245082998164115E+00
4004 1.735851857386511E+00
4005 1.759389891653602E+00
4006 1.760997928201287E+00
4007 1.760808286903390E+00
4008 1.785288741829501E+00
4009 2.161305567889893E-01
4010 3.447274980485762E-01
4011 2.065701911865194E+00
4012 2.163831265765235E+00
4013 2.044388025463753E+00
4014 1.473560842192390E+00
4015 1.796525001622102E+00
4016 1.731017448018707E+00
4017 6.275017321680103E-01
4018 7.785936526828553E-01
4019 7.153809648182308E-01
4020 7.294323834300372E-01
4021 1.725339388339315E+00
4022 1.685906368755355E+00
4023 1.033967199303115E+00
4024 1.030235101204229E+00
4025 5.626886963917006E-01
4026 4.984574158965160E-01
4027 -1.732241484925394E-01
4028 -3.654713001369671E-01
4029 1.961433057518462E+00
4030 1.925730219450114E+00
4031 2.096689283388546E+00
4032 2.209063375543513E+00
4033 1.536315641810966E-01
4034 -7.174062606878324E-03
4035 2.043941079288868E+00
4036 1.974330945528288E+00
4037 1.996688903647269E+00
4038 1.000905121091175E+00
4039 1.010294351719054E+00
4040 1.007450168466379E+00
4041 5.850606197040740E-01
4042 6.282706886177509E-01
4043 8.611638648601191E-01
4044 1.348926468230951E+00
4045 1.346854630318186E+00
4046 1.487782645202269E+00
4047 1.507676059045871E+00
4048 1.452010460148769E+00
4049 1.497818888213652E+00
4050 1.386145839114163E+00
4051 1.441550913298144E+00
4052 1.421880464409800E+00
4053 1.097561209764202E+00
4054 1.097602051888658E+00
4055 1.122180502171662E+00
4056 1.061322421840822E+00
4057 1.478678017991160E+00
4058 1.223735549523772E+00
4059 1.909429338941036E+00
4060 1.870686264348592E+00
4061 1.879111453223202E+00
4062 2.219948271469824E+00
4063 8.976383580173046E-01
4064 4.009899327985583E+00
4065 4.247151903517991E+00
4066 1.440231856374070E+00
4067 1.598984015325744E+00
4068 1.845620219514329E+00
4069 1.796066620646573E+00
4070 1.477951884966101E+00
4071 1.728322728715288E+00
4072 1.785819215564117E+00
4073 1.190780939508582E+00
4074 1.242730395611078E+00
4075 1.004915400820899E+00
4076 1.030098566404309E+00
4077 1.037047222388436E+00
4078 1.742582445053344E+00
4079 1.151510626067439E+00
4080 1.164709035139760E+00
4081 1.398673847421590E+00
4082 1.332697775017727E+00
4083 1.110287223631405E+00
4084 1.026772229946071E+00
4085 1.575961096957186E+00
4086 1.562113843771429E+00
4087 3.060360253527286E+00
4088 3.193433949708778E+00
4089 3.056782528165454E+00
4090 1.205534641162200E+00
4091 1.243328224718682E+00
4092 1.862286930951163E+00
4093 1.871901902567959E+00
4094 7.021785212970846E-01
4095 1.629351461366269E+00
4096 1.675857876878843E+00
4097 1.056062627568912E+00
4098 1.066780432832260E+00
4099 2.639913070487802E+00
4100 2.718651696458387E+00
4101 2.776788198447597E+00
4102 3.709717507808202E-01
4103 3.043126888964625E-01
4104 1.856910506054986E+00
4105 1.890261075260754E+00
4106 1.243128205796388E+00
4107 1.130250752844018E+00
4108 1.851711193558675E+00
4109 1.876345948469965E+00
4110 1.924014551969776E+00
4111 2.916081540994907E+00
4112 2.925352857113929E+00
4113 1.075507228328040E+00
4114 1.013487746928587E+00
4115 5.179959309345340E-01
4116 1.757239910257404E+00
4117 3.269314856377252E+00
4118 3.382527532364383E+00
4119 3.409285706972585E+00
4120 3.654509662054771E+00
4121 1.004829087052675E+00
4122 9.941089607578504E-01
4123 9.878525978738921E-01
4124 1.269839346829810E+00
4125 1.004658021084666E+00
4126 9.841252153127160E-01
4127 1.842090428511536E+00
4128 1.874979415196509E+00
4129 1.858269159808259E+00
4130 1.035385395020854E+00
4131 1.048836688715846E+00
4132 1.081801221807226E+00
4133 6.337814371464666E-01
4134 6.981645271706308E-01
4135 1.176414424702604E+00
4136 1.203182861648722E+00
4137 1.999475517286015E+00
4138 2.041315195930527E+00
4139 1.041093590950203E+00
4140 1.030071574231036E+00
4141 1.399623378665837E+00
4142 1.430257384629783E+00
4143 1.394155633302651E+00
4144 1.800160331489246E+00
4145 1.824113000671464E+00
4146 1.862729684166198E+00
4147 1.640863371431312E+00
4148 1.638803552987253E+00
4149 1.649133726317468E+00
4150 1.014861418707724E+00
4151 6.835277418830179E-01
4152 7.498729264529886E-01
4153 1.585907633761535E+00
4154 1.583266353305695E+00
4155 2.526102386635299E+00
4156 2.672610730669536E+00
4157 -1.178759389492622E+00
4158 2.773890788299223E+00
4159 2.518144106769330E+00
4160 1.894121673989799E+00
4161 1.988805967948586E+00
4162 1.692609703140290E+00
4163 2.297485160393248E+00
4164 6.615591136559922E-01
4165 5.705749463926538E-01
4166 1.949042479949332E+00
4167 1.983690918701919E+00
4168 1.926300190653943E+00
4169 1.919479359992947E+00
4170 3.471789649394044E+00
4171 2.703795973779168E+00
4172 2.799205228620314E+00
4173 1.486785602693161E+00
4174 1.538944326024556E+00
4175 1.713518497581311E+00
4176 1.845937281536536E+00
4177 1.812320498387731E+00
4178 1.150606171863615E-01
4179 1.477931815463194E+00
4180 1.467755482133758E+00
4181 -4.371875580595567E-01
4182 -3.279640581703850E-01
4183 1.589266920487014E+00
4184 1.597280569188820E+00
4185 1.579810837083110E+00
4186 2.658734527739048E+00
4187 2.722179602286832E+00
4188 1.859513240574137E+00
4189 1.799832134292262E+00
4190 1.852667716003944E+00
4191 -1.660151271676299E-01
4192 -2.744596683961682E-01
4193 1.128889522222241E+00
4194 1.142862538412752E+00
4195 1.960723575897381E+00
4196 1.927474198254773E+00
4197 1.898918646887096E+00
4198 1.878318139243861E+00
4199 1.843275596413173E+00
4200 1.620440533021774E+00
4201 1.649531387610151E+00
4202 1.666264158281669E+00
4203 1.343608202533593E+00
4204 1.441386445541600E+00
4205 1.716949197806325E+00
4206 1.733819319962555E+00
4207 3.156371997666692E+00
4208 1.202965949863072E+00
4209 -1.398243726067750E+00
4210 -1.591592669240681E+00
4211 1.213319363016094E+00
4212 1.251269326619365E+00
4213 2.022217505205695E+00
4214 2.061709381747888E+00
4215 -3.710399700788645E-01
4216 -4.453189766522109E-01
4217 1.817835080739714E+00
4218 1.788509593491912E+00
4219 1.845018784971501E+00
4220 1.896601638874449E+00
4221 1.870910357625219E+00
4222 1.193329939452060E+00
4223 1.147670221686720E+00
4224 1.646011405167742E+00
4225 1.635322597825050E+00
4226 1.362263156002679E+00
4227 -1.164553315709581E+00
4228 -1.105037287594849E+00
4229 1.598086332170364E+00
4230 1.579805232418845E+00
4231 1.168434967628610E+00
4232 1.124188498108235E+00
4233 1.545757616564471E+00
4234 1.564261470056173E+00
4235 1.020625416268490E+00
4236 9.623785890912684E-01
4237 1.042864235473433E+00
4238 1.057734487482346E+00
4239 1.473281499592450E+00
4240 1.453006535633296E+00
4241 2.329043282295234E-01
4242 1.613853847361029E-01
4243 8.895276315582576E-01
4244 2.120971471104068E+00
4245 2.174758239748026E+00
4246 2.153567470689633E+00
4247 9.501992390420941E-01
4248 9.793297149379454E-01
4249 1.015020481142430E+00
4250 8.570794167068295E-01
4251 8.181584547141010E-01
4252 8.792343702026280E-01
4253 3.833405384878490E-01
4254 2.350467158071340E-01
4255 1.471988555658910E+00
4256 1.492047252460321E+00
4257 1.479323924790045E+00
4258 1.472242615697437E+00
4259 1.479442225135999E+00
4260 1.491950415797242E+00
4261 1.078163325363494E+00
4262 1.078136810866074E+00
4263 1.510581078007120E+00
4264 1.229236677664416E+00
4265 1.734792173865865E+00
4266 1.767790197916230E+00
4267 1.742534463666479E+00
4268 8.430837968152138E-01
4269 1.468479597845153E+00
4270 3.062175641317923E+00
4271 1.003432370039994E+00
4272 1.009101818606223E+00
4273 1.009152365414709E+00
4274 1.003290363713200E+00
4275 1.635132924554598E+00
4276 1.629566592145411E+00
4277 1.002798725807975E+00
4278 1.582193420721225E+00
4279 1.628350181084113E+00
4280 9.191055682322943E-02
4281 -3.471489432980131E-02
4282 1.397144471336250E+00
4283 1.402504440233586E+00
4284 1.415982352043301E+00
4285 -4.989101390396493E-01
4286 -5.595853920288629E-01
4287 1.177480725482510E+00
4288 1.196306969906871E+00
4289 1.658626397998388E+00
4290 1.320565365772865E+00
4291 1.328309490597208E+00
4292 1.347383596699163E+00
4293 1.018290613923753E+00
4294 1.504127216207525E+00
4295 1.497117841012032E+00
4296 1.016324251171421E+00
4297 1.860625710926977E+00
4298 1.934598011168127E+00
4299 1.346674169837657E+00
4300 1.383841934266395E+00
4301 3.577366390636356E-03
4302 -1.985130086256930E-01
4303 1.165966517936385E+00
4304 1.174752958023910E+00
4305 2.366746800358041E+00
4306 2.154451828118817E+00
4307 1.380776078155374E+00
4308 1.413641053608563E+00
4309 1.409470530614906E+00
4310 1.082301195905956E+00
4311 1.108578815118819E+00
4312 1.127380375944474E+00
4313 1.147632840319358E+00
4314 6.589601864323712E-01
4315 6.681702316983651E-01
4316 1.913725074808381E+00
4317 1.272757641561418E+00
4318 1.291438249779897E+00
4319 1.320314242684649E+00
4320 1.323761909088516E+00
4321 1.006428180041624E+00
4322 1.050638508039131E+00
4323 1.988428375803762E+00
4324 2.033646953535484E+00
4325 2.029743252876760E+00
4326 2.762852166355953E+00
4327 2.861409814811259E+00
4328 2.866596141444393E+00
4329 1.935287314032877E+00
4330 2.082431288496893E+00
4331 1.978077889826150E+00
4332 2.028910180665710E+00
4333 1.571998874165326E+00
4334 1.561770782793932E+00
4335 1.580871499028395E+00
4336 1.563519778844213E+00
4337 1.667784220299647E+00
4338 1.706767766605170E+00
4339 2.054483648726942E+00
4340 2.094018370656450E+00
4341 2.103376660945727E+00
4342 1.837973031352662E+00
4343 1.870446749530008E+00
4344 1.155360251768108E+00
4345 1.185697799896116E+00
4346 1.651056721731298E+00
4347 1.639275466630549E+00
4348 1.816328942929824E+00
4349 1.789825676659029E+00
4350 1.843046268260139E+00
4351 2.121302101598431E+00
4352 2.174436376550442E+00
4353 9.763744080534947E-01
4354 9.345981061040587E-01
4355 8.097163911563543E-01
4356 8.631455519678572E-01
4357 2.850121781019091E+00
4358 2.914381197162090E+00
4359 1.322179355850055E+00
4360 1.798473698388781E+00
4361 1.774825814572789E+00
4362 1.809287333078053E+00
4363 2.902986972384482E+00
4364 1.955833871701644E+00
4365 2.071759371023257E+00
4366 1.781375108869010E+00
4367 1.814938624178773E+00
4368 1.254281208167849E+00
4369 1.390304482277248E+00
4370 1.408598140061787E+00
4371 1.785758387284322E+00
4372 2.075983811016038E+00
4373 1.002086146826950E+00
4374 1.242457136274294E+00
4375 1.267824669915695E+00
4376 6.675362936532308E-01
4377 1.468627263198830E+00
4378 1.487844067966023E+00
4379 1.353660765745107E+00
4380 1.384019279317321E+00
4381 1.282409385040745E+00
4382 1.290088331896904E+00
4383 1.307646798589865E+00
4384 1.952398106377557E+00
4385 1.228214824193262E+00
4386 1.254117910696155E+00
4387 1.261464703543535E+00
4388 2.119577563163177E+00
4389 1.914464619385080E+00
4390 1.979453470228705E+00
4391 1.226757362842705E+00
4392 1.236922867277726E+00
4393 1.254021822939350E+00
4394 1.455756860178207E+00
4395 1.517816156045079E+00
4396 1.525926420056869E+00
4397 1.842177334708819E+00
4398 1.856737681349848E+00
4399 1.873745048252328E+00
4400 1.273074521862478E+00
4401 1.416107481173818E+00
4402 1.213054765021934E+00
4403 1.245380894845660E+00
4404 1.305197516788523E+00
4405 1.331058502271144E+00
4406 1.149368409809671E+00
4407 1.195106494952886E+00
4408 1.183661361325297E+00
4409 1.192635568153251E+00
4410 1.794477177318264E+00
4411 1.139507068153334E+00
4412 1.427598355329579E+00
4413 1.430006891296655E+00
4414 8.428924499433412E-01
4415 8.911743038866313E-01
4416 1.329453509631187E+00
4417 1.361089482088722E+00
4418 2.070489452892838E+00
4419 2.095234498152869E+00
4420 1.106388905408188E+00
4421 1.119119004682493E+00
4422 1.813275568248265E+00
4423 1.831696762785224E+00
4424 1.513686111211650E+00
4425 1.540297818397810E+00
4426 -8.072023804038375E-01
4427 -7.453561680255614E-01
4428 -5.668767931261504E-01
4429 1.804137829610628E+00
4430 6.952372061296319E-01
4431 1.928367111354555E+00
4432 1.152405599148848E+00
4433 1.161795431563681E+00
4434 1.437543597712186E+00
4435 1.404597424980273E+00
4436 1.072597421588240E+00
4437 1.779279376183162E+00
4438 1.799458793145762E+00
4439 9.775754461488070E-01
4440 1.842608128127353E+00
4441 1.162652826627249E+00
4442 1.176449824142787E+00
4443 8.279006038885267E-01
4444 7.459248701487927E-01
4445 1.251954651718729E+00
4446 1.279337106007149E+00
4447 9.722588710725524E-01
4448 1.024867352744585E+00
4449 1.334407506285175E+00
4450 1.045475598031898E+00
4451 1.034127764561418E+00
4452 3.017213201128789E+00
4453 1.333677779336766E+00
4454 1.363456734663686E+00
4455 1.357794340262927E+00
4456 1.198141016495143E+00
4457 9.932221694415075E-01
4458 9.714590612000995E-01
4459 1.313443816668250E+00
4460 1.763629972095499E+00
4461 1.767738163487770E+00
4462 2.172735222618895E+00
4463 2.282368266792823E+00
4464 2.298417144257746E+00
4465 1.166750961359318E+00
4466 1.187645299815745E+00
4467 1.740157802187988E+00
4468 1.770671262657616E+00
4469 1.368638460635156E+00
4470 4.005258873785214E+00
4471 4.201853327009971E+00
4472 4.151603505027023E+00
4473 -1.097820820692846E+00
4474 1.356235976550330E+00
4475 1.381211794285080E+00
4476 1.380052328820355E+00
4477 1.192224185708234E+00
4478 1.209514373287905E+00
4479 2.032252397788772E+00
4480 2.045628000308327E+00
4481 2.082825611393248E+00
4482 1.171992291292825E+00
4483 1.181946430122395E+00
4484 1.131589729930387E+00
4485 1.141984925521542E+00
4486 2.025223880068851E+00
4487 2.072972667455715E+00
4488 1.292097801482163E+00
4489 1.312986479754580E+00
4490 1.131050020605700E+00
4491 1.159252512320232E+00
4492 1.142696352777059E+00
4493 3.550488902755694E+00
4494 3.681292538010183E+00
4495 1.895067558007850E+00
4496 1.608794869270628E+00
4497 1.664954309099765E+00
4498 1.002050215444719E+00
4499 1.002646009585632E+00
4500 1.002121309115906E+00
4501 1.001018219754668E+00
4502 1.300044210882702E+00
4503 1.312149550636383E+00
4504 1.326112844790195E+00
4505 1.719835325323891E+00
4506 1.752875144513517E+00
4507 1.105342581842835E+00
4508 1.109336278193241E+00
4509 1.448746530945820E+00
4510 1.394646924657673E+00
4511 1.282169143625927E+00
4512 1.124932166835015E+00
4513 1.564546034298002E+00
4514 1.591556183281399E+00
4515 1.597519995280051E+00
4516 1.114835396090355E+00
4517 1.121598303153108E+00
4518 1.407233936437986E+00
4519 3.530113355705727E+00
4520 -1.245804684298257E+00
4521 2.069306290715249E+00
4522 1.279525783259090E+00
4523 1.261846893076578E+00
4524 1.200117698351125E+00
4525 1.731854971096094E+00
4526 1.755529835235925E+00
4527 1.745865551086409E-01
4528 2.972159839143385E-01
4529 2.810926791434869E+00
4530 1.732720703577777E+00
4531 1.751966687914061E+00
4532 1.553894350689760E+00
4533 1.544984689254783E+00
4534 1.644910291253189E+00
4535 2.559621822624913E+00
4536 2.520973736545815E+00
4537 1.544851617400083E+00
4538 1.649140430322656E+00
4539 1.543763555860925E+00
4540 1.007333248375172E+00
4541 1.031805548478463E+00
4542 1.143315645201828E+00
4543 1.027811661266163E+00
4544 1.610635688588348E+00
4545 1.617446002416604E+00
4546 1.623842676585523E+00
4547 2.370582213952656E+00
4548 2.456415790854707E+00
4549 2.503983778725706E+00
4550 2.824126105530989E+00
4551 1.596647492757532E+00
4552 1.580273714668235E+00
4553 1.588223513426882E+00
4554 1.351302238714999E+00
4555 1.546443145747689E+00
4556 1.563988417254717E+00
4557 1.742413307644889E+00
4558 -6.661082944493779E-01
4559 -4.166117862497239E-01
4560 1.797555024966876E+00
4561 1.818644964265408E+00
4562 1.586245383131467E+00
4563 1.529092393807920E+00
4564 1.510120804871679E+00
4565 1.528505433014877E+00
4566 1.510158360599525E+00
4567 1.517023798996977E+00
4568 1.674116284621920E+00
4569 1.825550872360655E+00
4570 1.788066934033410E+00
4571 1.743410068372492E+00
4572 1.763743466555771E+00
4573 3.887253063764323E+00
4574 3.802171898353538E+00
4575 1.453919082455746E+00
4576 1.434131008799688E+00
4577 1.440525471647367E+00
4578 1.293315353005738E+00
4579 1.308550504876634E+00
4580 1.314451130596152E+00
4581 1.164593473386252E+00
4582 2.345449335398376E+00
4583 2.263302368617376E+00
4584 1.599768835234543E+00
4585 1.593029126415042E+00
4586 1.469131401144005E+00
4587 9.983563649422871E-01
4588 2.195758556291313E+00
4589 2.135719745162207E+00
4590 4.272111160773367E-01
4591 5.767251734446245E-01
4592 2.457118734366715E+00
4593 2.397083442995175E+00
4594 6.386955242060011E-01
4595 1.336512208875514E+00
4596 1.322449416920193E+00
4597 1.576875845171786E+00
4598 1.586690183250861E+00
4599 1.599195364774986E+00
4600 1.142782357818632E-01
4601 1.214698413856435E-01
4602 1.846822510244290E+00
4603 1.747988500884284E+00
4604 -1.052929102606490E+00
4605 -8.158221739485958E-01
4606 5.326418933894586E-01
4607 4.535463606706723E-01
4608 1.646079229764981E+00
4609 1.670888393009477E+00
4610 1.654685498475269E+00
4611 1.403975702888416E+00
4612 1.425189903744788E+00
4613 9.999489270070487E-01
4614 1.001187592520210E+00
4615 1.612201537972923E+00
4616 1.103756344893851E+00
4617 1.144723961777753E+00
4618 1.626266132427474E+00
4619 1.154107272095171E+00
4620 1.184730424225535E+00
4621 9.931312632329070E-01
4622 2.057398812585032E+00
4623 2.107402118895668E+00
4624 1.734108534175239E+00
4625 1.165334972733630E+00
4626 1.192935679622633E+00
4627 1.446679864297120E+00
4628 1.465573466667700E+00
4629 1.138720199043158E+00
4630 2.312309162199475E+00
4631 2.199963477683750E+00
4632 2.342317662180287E+00
4633 1.186257966155979E+00
4634 1.125731956338003E+00
4635 2.296116405284205E-01
4636 1.074746822282617E+00
4637 1.115955649000522E+00
4638 1.302674987106360E+00
4639 1.379500284647399E+00
4640 1.379697547634437E+00
4641 1.812923192584539E+00
4642 1.274773196076271E+00
4643 7.141436355806614E-01
4644 1.520286286660827E+00
4645 -5.782426237603331E-01
4646 -7.903517920082864E-01
4647 5.910102105305031E-01
4648 2.295564216226890E+00
4649 2.790489253329823E+00
4650 2.821569013411040E+00
4651 2.899178642166531E+00
4652 1.062202798024515E+00
4653 1.160693004467442E+00
4654 1.191777893186869E+00
4655 1.183067971549438E+00
4656 1.082648345345091E+00
4657 1.067683060754559E+00
4658 1.065405335053188E+00
4659 1.751762562396676E+00
4660 1.772198033241393E+00
4661 1.593672478293661E+00
4662 1.931216869476097E+00
4663 1.938639909636151E+00
4664 9.053828653975401E-01
4665 9.089122296643506E-01
4666 1.786684285126433E+00
4667 1.239059889053934E+00
4668 1.240894448269812E+00
4669 1.211481994841391E+00
4670 1.252024952335569E-01
4671 1.652112325805977E-01
4672 2.608966415215817E+00
4673 2.598223234495385E+00
4674 1.514332638830004E+00
4675 1.495876669552945E+00
4676 2.906277068238610E+00
4677 2.723772160911848E+00
4678 2.925442683700259E+00
4679 1.296571654151610E+00
4680 1.756525082013891E+00
4681 2.624508223882873E+00
4682 1.537064703921375E+00
4683 1.558540834116582E+00
4684 1.380043785138017E+00
4685 9.961396849752233E-01
4686 9.939909352723206E-01
4687 2.183856319639266E+00
4688 2.279760637600925E+00
4689 1.090105428916297E+00
4690 2.526475304069400E+00
4691 2.584377448529573E+00
4692 1.305646386645146E+00
4693 1.766790300385361E+00
4694 1.272472089107785E+00
4695 1.285247543782984E+00
4696 1.020400376757122E+00
4697 1.215425650885078E+00
4698 1.221502364491405E+00
4699 8.053020986477835E-01
4700 1.226060629327465E+00
4701 1.230502918399645E+00
4702 -6.385849251289079E-01
4703 1.219952119624117E+00
4704 1.269576161715278E+00
4705 -5.745859195716547E-01
4706 -5.235407275096302E-01
4707 1.484428071650534E+00
4708 1.500607159953464E+00
4709 1.097900660145270E+00
4710 1.130958327506850E+00
4711 1.115115203399887E+00
4712 1.696307223305930E+00
4713 1.276470995118955E+00
4714 1.673377812049749E+00
4715 1.669598143985846E+00
4716 1.052875257983757E+00
4717 1.066012379966583E+00
4718 1.007825475474734E+00
4719 1.005365437708440E+00
4720 1.005012245953953E+00
4721 1.006701888083429E+00
4722 1.948346370296405E+00
4723 1.947151061981584E+00
4724 2.426561668658658E+00
4725 2.392149350191893E+00
4726 -2.937413463096101E-01
4727 1.105580900873537E+00
4728 1.423818059218275E+00
4729 1.916208258151963E+00
4730 1.174217589661183E+00
4731 1.188748533301018E+00
4732 1.535693936249569E+00
4733 1.569739338750392E+00
4734 2.285792937269067E+00
4735 1.009113580242676E+00
4736 1.008965797231842E+00
4737 1.871776322636129E+00
4738 2.096927256618573E+00
4739 1.969738722491121E+00
4740 1.953216894959261E+00
4741 1.879759136034178E+00
4742 9.970423101437943E-01
4743 9.858787767776993E-01
4744 1.199410122996709E+00
4745 1.208664702925695E+00
4746 2.833171303005015E+00
4747 2.947986326706625E+00
4748 9.127155047163211E-01
4749 9.440384286193030E-01
4750 9.006034085475101E-01
4751 1.233010055590752E+00
4752 1.257938203140972E+00
4753 9.026290091384228E-01
4754 2.021207167962626E+00
4755 2.007433016950968E+00
4756 1.661312435758597E+00
4757 1.398464006405108E+00
4758 1.247857615058422E+00
4759 1.259229033608655E+00
4760 1.418181749413268E+00
4761 1.110719552773178E+00
4762 1.180750642011962E+00
4763 1.708234106971196E+00
4764 1.714229131863640E+00
4765 1.462472777873821E+00
4766 2.634267741324296E+00
4767 2.654349219230162E+00
4768 7.155684667738855E-01
4769 6.959993717014048E-01
4770 1.382759653988828E+00
4771 1.374304810775811E+00
4772 1.087211576767560E+00
4773 1.069048423578107E+00
4774 1.533296149324281E+00
4775 5.190754212551587E-01
4776 6.735398066490192E-01
4777 1.143161564674166E+00
4778 2.680999644298558E+00
4779 2.676458350281390E+00
4780 2.774808024021726E+00
4781 1.692361267453069E+00
4782 1.699467789819809E+00
4783 1.774700217130694E+00
4784 1.744148173935626E+00
4785 1.271166652940047E+00
4786 1.752673348653301E+00
4787 -7.552098729795798E-01
4788 -9.265393290168357E-01
4789 -5.482492606841558E-01
4790 2.778436620489659E+00
4791 2.814357220996516E+00
4792 1.686237172175538E+00
4793 1.696776688361300E+00
4794 1.713836293436406E+00
4795 1.853734448926251E+00
4796 1.711265001803044E+00
4797 1.199764588116875E+00
4798 2.203126574739636E+00
4799 2.231536033548180E+00
4800 1.388939530175965E+00
4801 1.354913516168408E+00
4802 3.659678626755650E+00
4803 3.604773498390035E+00
4804 1.343151040234796E+00
4805 1.335756204744290E+00
4806 9.455513536292292E-01
4807 1.034332976581194E+00
4808 1.007652703482515E+00
4809 3.220104013888444E+00
4810 9.352501631034955E-01
4811 1.236030411697021E+00
4812 1.261663396776861E+00
4813 1.744525029562706E+00
4814 1.731218656483700E+00
4815 1.002390572536502E+00
4816 1.359276421316832E+00
4817 1.363821853409021E+00
4818 4.133594795470502E+00
4819 3.962586323406637E+00
4820 -4.735714279924073E-01
4821 -4.153533668481874E-01
4822 1.610490169547448E+00
4823 8.085266836174720E-01
4824 7.981085566245694E-01
4825 7.463821077175001E-01
4826 -3.601488066751976E-01
4827 1.930153523620854E+00
4828 1.140739940265886E+00
4829 1.171760660922870E+00
4830 2.681470107640610E+00
4831 2.663192878424482E+00
4832 1.150288053750632E+00
4833 1.135568157399393E+00
4834 1.259520629056196E+00
4835 3.352978688480574E+00
4836 3.314616254060343E+00
4837 3.537321206380454E+00
4838 1.002049599148247E+00
4839 3.668734832152671E+00
4840 3.664530265422030E+00
4841 1.623969566139656E+00
4842 -6.231855452485305E-02
4843 1.084141637774309E+00
4844 1.127456026435565E+00
4845 1.721867124953840E+00
4846 1.723297482557303E+00
4847 1.110620088599671E+00
4848 2.053237816634110E+00
4849 2.024490548773082E+00
4850 3.623362958795867E-01
4851 3.047775821790230E-01
4852 2.079460837175046E+00
4853 4.290940872100180E+00
4854 4.372899295223206E+00
4855 1.708515964473406E+00
4856 1.711237204628390E+00
4857 3.081310045163864E+00
4858 3.256805287245767E+00
4859 1.518557215568045E+00
4860 1.532711851057118E+00
4861 2.276909283916085E+00
4862 1.001154680067648E+00
4863 1.000020487960584E+00
4864 4.190253604680501E+00
4865 3.942589442411332E+00
4866 4.050043164029258E+00
4867 -3.246387852844996E-01
4868 -1.708705932286420E-01
4869 -2.148323527486358E-01
4870 1.911034339038343E+00
4871 1.870623540279982E+00
4872 3.122999202692562E+00
4873 2.920769253122474E+00
4874 2.717207256860942E+00
4875 1.233999850449775E+00
4876 1.640295020361568E+00
4877 1.381101548485757E+00
4878 3.503533492017431E+00
4879 3.341251990256368E+00
4880 9.793321758767437E-01
4881 2.799729680615570E+00
4882 2.739902724028164E+00
4883 1.072466135276616E+00
4884 1.090100852190007E+00
4885 1.093458590426537E+00
4886 1.072110617059098E+00
4887 1.057766561485792E+00
4888 1.591579670941456E+00
4889 1.445858520087472E+00
4890 1.198612127252607E+00
4891 1.002135768140469E+00
4892 1.882682004073831E+00
4893 1.173197799944932E+00
4894 1.194181828664505E+00
4895 3.806073744582231E+00
4896 4.060995554118429E-01
4897 4.886587688684745E-01
4898 3.941921524623617E-01
4899 2.351743563486067E+00
4900 2.420095108787095E+00
4901 1.305865161366352E+00
4902 4.175966933271062E+00
4903 4.052516431687581E+00
4904 3.934404838523770E+00
4905 2.261906260079172E+00
4906 2.119561012114902E+00
4907 1.824829688891418E+00
4908 1.804892934491514E+00
4909 1.032914485986228E+00
4910 1.582553083107570E+00
4911 1.597949518100246E+00
4912 1.591599602797727E+00
4913 1.439599949745455E+00
4914 2.126772329322043E+00
4915 2.161379907310785E+00
4916 2.489047569093583E+00
4917 2.489057808344014E+00
4918 1.368241303363170E+00
4919 2.026933934152702E+00
4920 1.987363940148152E+00
4921 2.029946291395779E+00
4922 2.434315885369072E+00
4923 2.671409874565184E+00
4924 2.494218293849311E+00
4925 1.727277893393149E+00
4926 1.724840099981238E+00
4927 3.560174828248267E+00
4928 7.738153475801142E-01
4929 7.241150032961154E-01
4930 6.983509215037991E-01
4931 1.813922486622014E+00
4932 1.840898145228554E+00
4933 3.127581329735645E+00
4934 2.913038720670952E+00
4935 1.247500155761866E+00
4936 1.293733054843271E+00
4937 1.577708699236831E+00
4938 1.584986722098779E+00
4939 1.556017472583954E+00
4940 1.513064885444995E+00
4941 1.461779334907752E+00
4942 1.114766478877837E+00
4943 8.326247327785868E-01
4944 4.631697368988911E-01
4945 1.207859970654815E+00
4946 1.950691110354592E+00
4947 1.947963362638067E+00
4948 1.404629389880992E+00
4949 1.409553518659356E+00
4950 1.682508916318574E+00
4951 4.442663842654490E+00
4952 4.477963038798563E+00
4953 1.386126728113450E+00
4954 1.637395797732868E+00
4955 1.716123657832242E+00
4956 1.715565809450870E+00
4957 1.904409262133014E+00
4958 1.185972852514587E+00
4959 2.409577370293485E+00
4960 8.933143957184352E-01
4961 8.999458216941434E-01
4962 1.479680888367636E+00
4963 1.479174846470781E+00
4964 1.498680059797308E+00
4965 1.025952902735945E+00
4966 1.038902961517290E+00
4967 1.020997897593296E+00
4968 1.021014963686055E+00
4969 4.490280410674313E+00
4970 4.500744520902263E+00
4971 2.506709308374251E+00
4972 2.551241208970619E+00
4973 2.345195558226669E+00
4974 1.767941255218278E+00
4975 1.785770697697502E+00
4976 1.743219246390502E+00
4977 -1.605366642420266E+00
4978 -1.505587221336350E+00
4979 1.796398460651884E+00
4980 2.424998430926727E+00
4981 2.663228273887731E+00
4982 1.038979847023541E+00
4983 8.500573597935321E-01
4984 8.267068752111536E-01
4985 7.951391608478392E-01
4986 1.342813558040958E+00
4987 1.655775246592338E+00
4988 1.698722536187551E+00
4989 1.079891675991018E+00
4990 2.304616079368018E+00
4991 1.561863825658802E+00
4992 1.540139194172450E+00
4993 2.484155246306971E+00
4994 1.442645609446210E+00
4995 3.731538625085302E+00
4996 3.895312314182413E+00
4997 1.600361280427347E+00
4998 1.557886922079573E+00
4999 1.982701978191315E+00
5000 2.355535524457220E+00
5001 1.525962420027828E+00
5002 1.528785505107369E+00
5003 1.503130924100730E+00
5004 9.902061152980961E-01
5005 1.532056399093520E+00
5006 1.313626162163114E+00
5007 1.027498375319349E+00
5008 1.016828385780326E+00
5009 1.414744945415190E+00
5010 1.358712474811007E+00
5011 1.007179489403832E+00
5012 1.520811861359529E+00
5013 1.519502902670021E+00
5014 1.733997188105479E+00
5015 1.717617316449441E+00
5016 1.755708292123226E+00
5017 2.165335309940270E+00
5018 2.016096058160485E+00
5019 1.917870936734659E+00
5020 2.592617799566158E-01
5021 2.609927029152953E-01
5022 1.717860095879144E+00
5023 1.715128542587453E+00
5024 1.680718634853731E+00
5025 1.856811942590084E+00
5026 1.824545197406001E+00
5027 1.997893730108104E+00
5028 1.563900005593355E+00
5029 2.247304080442471E+00
5030 7.903855956654877E-01
5031 1.102075000690666E+00
5032 1.218943049195765E+00
5033 1.469462308610598E+00
5034 -1.007847507676752E+00
5035 1.676442354409515E+00
5036 1.670313359936963E+00
5037 1.838924478952206E+00
5038 1.851764052270791E+00
5039 2.224761476728608E-01
5040 3.009004191067070E-01
5041 1.708611695661692E+00
5042 1.701870672874226E+00
5043 1.091521868503647E+00
5044 1.082413239643755E+00
5045 1.715026951096972E+00
5046 1.710241870595798E+00
5047 2.886596115097157E+00
5048 2.621709056913351E+00
5049 1.565738696970497E+00
5050 1.584640012771851E+00
5051 2.023773527021020E+00
5052 1.046663037653669E+00
5053 1.403492399113763E+00
5054 1.382731193754851E+00
5055 1.167086048873933E+00
5056 2.720973000063918E+00
5057 2.566433970968085E+00
5058 2.576353228030178E+00
5059 1.309370377533832E+00
5060 1.250207750478812E+00
5061 2.400100228034917E+00
5062 1.633766593824816E+00
5063 1.604938762214873E+00
5064 1.329694265241141E+00
5065 1.193154196996964E+00
5066 1.115229325432860E+00
5067 8.681295220225411E-01
5068 1.040516832635805E+00
5069 1.501491833350096E+00
5070 1.543882116758585E+00
5071 2.955872433496096E+00
5072 3.119152501590142E+00
5073 1.317933883417170E+00
5074 -1.740076105162133E+00
5075 -1.761074392198265E+00
5076 1.455504379024835E+00
5077 1.437532852903787E+00
5078 1.183457366876341E+00
5079 1.707477596103612E+00
5080 1.700513386293586E+00
5081 1.685652648841879E+00
5082 1.718455028200245E+00
5083 1.059941511619850E+00
5084 1.056894358261380E+00
5085 1.523472815887999E+00
5086 1.501171908633558E+00
5087 1.423571719563618E+00
5088 1.382561144676067E+00
5089 1.380323462266074E+00
5090 2.515169115583365E+00
5091 1.052295358712473E+00
5092 1.049747616558587E+00
5093 1.001140031847340E+00
5094 1.000881343620901E+00
5095 1.001310984013685E+00
5096 -1.710403536305089E+00
5097 -1.653448470539063E+00
5098 1.121680274984681E+00
5099 1.135916286693862E+00
5100 1.812301530596379E+00
5101 1.710120796063151E+00
5102 1.725967531968399E+00
5103 6.958855104059585E-01
5104 1.516930069622438E+00
5105 1.719478533727970E+00
5106 1.698296281431989E+00
5107 1.422673562495878E+00
5108 1.762289078858960E+00
5109 1.777208026294277E+00
5110 9.917542534057492E-01
5111 9.979804673546726E-01
5112 -3.089951270308895E-01
5113 -1.553993156391451E-01
5114 1.440318459063575E+00
5115 1.422246554395633E+00
5116 1.442369323826332E+00
5117 8.198681898913649E-01
5118 7.316929183777078E-01
5119 1.691908054625468E+00
5120 4.082826377912271E-01
5121 5.590155082019153E-01
5122 2.575117022021148E+00
5123 1.281398526172079E+00
5124 1.294681130382217E+00
5125 1.292180108904114E+00
5126 1.279048183135261E+00
5127 1.658717386369812E+00
5128 1.661965193713779E+00
5129 1.670684962786518E+00
5130 1.658218406484085E+00
5131 2.011074096371217E+00
5132 9.917614057691871E-01
5133 9.656202705125276E-01
5134 1.213947259240232E+00
5135 1.546876254937405E+00
5136 1.446594594820969E+00
5137 1.139737557270072E+00
5138 1.119396423435222E+00
5139 2.269880046198133E+00
5140 8.017512493342231E-01
5141 8.041793261780243E-01
5142 1.104312615887190E+00
5143 1.096304305750489E+00
5144 2.591025433637516E+00
5145 2.718645265654690E+00
5146 1.480069001885613E+00
5147 1.459239418203031E+00
5148 1.139837472182874E+00
5149 1.866023028914110E+00
5150 1.613226329147641E+00
5151 1.696972493537055E+00
5152 1.681773791761186E+00
5153 3.344467666028729E+00
5154 1.679106335236457E+00
5155 1.661556918676254E+00
5156 1.201447556762489E+00
5157 1.146493352413652E+00
5158 1.878325298104235E+00
5159 1.911811053048604E+00
5160 1.400880578279591E+00
5161 1.034224563621089E+00
5162 1.034552917821808E+00
5163 1.021950990927834E+00
5164 9.062411502121244E-01
5165 8.006588559352961E-01
5166 1.479876659093353E+00
5167 1.710646757717809E+00
5168 4.289531188351276E+00
5169 1.104881718685850E+00
5170 1.112903136739188E+00
5171 3.505419694574704E+00
5172 1.655349238522056E+00
5173 1.949831552819745E+00
5174 9.063461791142512E-01
5175 9.384514922008049E-01
5176 1.110056782374359E+00
5177 4.307100090840470E+00
5178 1.571756458634449E+00
5179 2.570845655053943E+00
5180 2.544711585278074E+00
5181 -1.253566982573772E+00
5182 -1.390761316691119E+00
5183 1.679056743405314E+00
5184 1.684325842317127E+00
5185 1.722823808739521E+00
5186 1.738438271913338E+00
5187 1.667344766182755E+00
5188 1.698768443806049E+00
5189 1.689030779401326E+00
5190 1.468628011162974E+00
5191 1.467078534589580E+00
5192 3.009184423493346E+00
5193 1.092210390703341E+00
5194 1.057335807713026E+00
5195 1.051665079329268E+00
5196 1.706201778704836E+00
5197 1.694438789929137E+00
5198 1.697521236357004E+00
5199 2.160147154858858E+00
5200 2.372382044198647E+00
5201 1.680882672399888E+00
5202 -9.976438849858396E-01
5203 -1.091035084533096E+00
5204 1.635857460374159E+00
5205 1.625708652371336E+00
5206 1.598234752326597E+00
5207 2.212807369801546E+00
5208 2.158526657030951E+00
5209 1.871241185783778E+00
5210 8.311959355176375E-01
5211 1.697204501093507E+00
5212 1.696316532748841E+00
5213 1.063513610264414E+00
5214 1.046824971122936E+00
5215 1.438552618353700E+00
5216 1.434900485956867E+00
5217 1.414532197246884E+00
5218 1.643381657649696E+00
5219 1.632633362021657E+00
5220 1.795541060129233E+00
5221 1.680351010081335E+00
5222 1.683596951720254E+00
5223 -1.290172041713159E+00
5224 -1.396484934334150E+00
5225 1.685937026246663E+00
5226 1.698036018111484E+00
5227 1.683230412694037E+00
5228 1.684499438265767E+00
5229 1.112610457908151E+00
5230 1.106534050207673E+00
5231 8.794453877934887E-01
5232 1.720717701821181E+00
5233 1.737336136830764E+00
5234 1.667354076664935E+00
5235 -2.234121651461861E-01
5236 1.677065425837758E+00
5237 1.179432314199482E+00
5238 1.157982012629889E+00
5239 1.675085633756328E+00
5240 1.671721939757256E+00
5241 2.627770843010228E+00
5242 2.525492328072963E+00
5243 4.761618648220666E-01
5244 1.153064519535933E+00
5245 2.873084097639217E+00
5246 1.614987841084575E+00
5247 1.615592487486652E+00
5248 1.666055777372563E+00
5249 -7.924152802791904E-01
5250 3.440818047929440E+00
5251 4.467444429213149E+00
5252 2.093234302118754E+00
5253 2.770868081696092E+00
5254 2.631443443475898E+00
5255 1.751359823931435E+00
5256 1.753214693043732E+00
5257 2.771314314758748E+00
5258 2.687064843808732E+00
5259 1.658473858007864E+00
5260 1.647261905895858E+00
5261 8.231996903676313E-01
5262 7.667935486885272E-01
5263 1.600058890498326E+00
5264 1.607555882934538E+00
5265 1.777978723782814E+00
5266 9.715945219433533E-01
5267 -1.912522320271707E-01
5268 1.274376552218444E+00
5269 1.161386388563495E+00
5270 1.152163583890702E+00
5271 1.151427230466648E+00
5272 1.161036286176417E+00
5273 1.704420391840653E+00
5274 1.038626120005900E+00
5275 1.636157782340121E+00
5276 1.651827486585266E+00
5277 1.218145093595654E+00
5278 1.892956138566004E+00
5279 2.618888567928172E+00
5280 1.188952472656317E+00
5281 1.193135659296077E+00
5282 2.333310788134969E+00
5283 2.489227810768733E+00
5284 2.318064614134994E+00
5285 2.728639678818016E+00
5286 3.806693717505202E+00
5287 7.096666046947770E-01
5288 8.611530955046756E-01
5289 1.941870900835378E+00
5290 2.280604607268574E-01
5291 1.513864723460575E+00
5292 2.630471800009348E+00
5293 2.685742956939890E+00
5294 1.689237017145219E+00
5295 2.577332409667929E+00
5296 2.657736949893124E+00
5297 -1.697329703674857E+00
5298 -1.463502375101547E+00
5299 9.961678152770430E-01
5300 2.361793205179735E+00
5301 2.351531250415536E+00
5302 2.288482421444575E+00
5303 1.211789893904059E+00
5304 1.217269405632598E+00
5305 1.213314909636976E+00
5306 1.207859303622260E+00
5307 3.830005435492660E+00
5308 3.882193601634800E+00
5309 9.879606581340861E-01
5310 9.868461676517595E-01
5311 3.299930833306325E+00
5312 1.734980295584196E+00
5313 1.726068746037011E+00
5314 1.018976001438296E+00
5315 1.026271062926902E+00
5316 1.632870565088962E+00
5317 1.646187202414036E+00
5318 1.881730380739635E+00
5319 1.157776782880474E+00
5320 1.138368506982103E+00
5321 1.660524588000300E+00
5322 1.669731613122602E+00
5323 1.795739480103882E+00
5324 1.752244944196226E+00
5325 9.177677490724718E-01
5326 1.415158153348196E+00
5327 1.427554032917217E+00
5328 -1.548376065784633E+00
5329 -1.343414189364868E-01
5330 -3.638006962968603E-01
5331 5.682139148506278E-01
5332 9.664839690980003E-01
5333 9.821136748357209E-01
5334 9.846282472050681E-01
5335 1.111913954209301E+00
5336 3.494274045826206E+00
5337 7.885640318971207E-01
5338 6.566850910929354E-01
5339 3.558286541355982E-01
5340 1.430391006061961E+00
5341 1.416923982889914E+00
5342 -5.365548457681153E-01
5343 1.512213807851016E+00
5344 1.471420624962059E+00
5345 2.901792459810311E+00
5346 1.121931149897222E+00
5347 1.130623339306326E+00
5348 1.667793319910518E+00
5349 1.686563751389059E+00
5350 1.649114218154701E+00
5351 3.213513385507271E+00
5352 1.052099941091200E+00
5353 1.066981049604691E+00
5354 1.192925072987343E+00
5355 1.170254672652068E+00
5356 1.082160791122927E+00
5357 1.152747467686622E+00
5358 1.141389055024452E+00
5359 1.426573422640971E+00
5360 1.040207248215338E+00
5361 1.053447793082525E+00
5362 1.002917896856725E+00
5363 1.000240291814855E+00
5364 1.658312548378075E+00
5365 2.503931730673206E+00
5366 2.427568595593189E+00
5367 2.504629463004430E+00
5368 2.353302032440935E+00
5369 2.288638225257090E+00
5370 4.074798672511474E-01
5371 1.379341843426143E+00
5372 1.493806385829871E+00
5373 9.528930809620846E-01
5374 1.690529904806259E+00
5375 1.692276917322197E+00
5376 1.055627717124238E+00
5377 1.073909961888976E+00
5378 1.667583724557089E+00
5379 1.634378513262559E+00
5380 1.297092444917626E+00
5381 9.873206315260341E-01
5382 9.989547304912667E-01
5383 9.937905995297260E-01
5384 2.624774309523810E+00
5385 2.242956875417073E+00
5386 2.623380259931867E+00
5387 2.769975066619297E+00
5388 1.606103948683172E+00
5389 1.408961845124074E+00
5390 1.218326540914533E+00
5391 1.355577308133865E+00
5392 2.926632183817212E+00
5393 1.636937995961317E+00
5394 1.098187221356116E+00
5395 3.593325129325823E-01
5396 5.989746494288257E-01
5397 1.448440927342880E+00
5398 1.479310588319860E+00
5399 3.646786178003823E+00
5400 3.502290807022434E+00
5401 2.890535255166665E+00
5402 2.639354845931156E+00
5403 1.233270281705962E+00
5404 1.207464157808444E+00
5405 1.174113942190944E+00
5406 1.378721111032295E+00
5407 1.100191220875598E+00
5408 1.085504072641612E+00
5409 1.064913265797939E+00
5410 1.070109029193385E+00
5411 -1.183790992474866E-01
5412 1.092031383710524E-01
5413 1.052943478397266E-01
5414 1.385847858223146E+00
5415 1.909078706164271E+00
5416 1.100439585083236E+00
5417 6.974885263137897E-01
5418 8.500242405105394E-01
5419 8.903561112722072E-01
5420 1.098987650820833E+00
5421 2.510616972893950E+00
5422 1.846318126229548E+00
5423 1.953600213128269E+00
5424 1.958693712281119E+00
5425 1.587037815653209E+00
5426 3.606823383533952E+00
5427 3.432686457643827E+00
5428 1.652974120660359E+00
5429 1.683258276944650E+00
5430 1.310358305087849E+00
5431 1.324307584756060E+00
5432 1.035833585612141E+00
5433 1.673465069531616E+00
5434 1.683083645244592E+00
5435 1.066500394334505E+00
5436 1.076945834585310E+00
5437 1.783758905927232E+00
5438 1.891966783737077E+00
5439 1.667424519814640E+00
5440 1.707190237183220E+00
5441 2.413144209905955E+00
5442 2.449793515519626E+00
5443 1.599338600742213E+00
5444 1.669758751192426E+00
5445 1.075997399203415E+00
5446 1.470502742899375E+00
5447 1.129964227266443E+00
5448 1.154841292337035E+00
5449 1.255489336766558E+00
5450 -3.522140279452604E-01
5451 -8.827081738763877E-02
5452 -3.210119098092805E-01
5453 9.247023308024541E-01
5454 1.671736519083962E+00
5455 2.156205862547474E+00
5456 2.235997853345875E+00
5457 1.135642712253920E+00
5458 9.922246587303798E-01
5459 9.856818799531144E-01
5460 1.032050805361731E+00
5461 1.047576171833050E+00
5462 1.685767897461910E+00
5463 1.114641449405950E+00
5464 3.350965669329411E+00
5465 3.336033929050800E+00
5466 9.203178032305694E-01
5467 9.471254322898207E-01
5468 9.526418767615357E-01
5469 7.375724575862838E-01
5470 1.680915213333575E+00
5471 3.062117322118671E+00
5472 2.886456478465220E+00
5473 2.411806453871885E+00
5474 2.388843344660375E+00
5475 1.082328261689816E+00
5476 1.636135631458470E+00
5477 3.284514166335201E+00
5478 1.680016011839277E+00
5479 9.981741315207691E-01
5480 1.058991331997748E+00
5481 1.044507461865879E+00
5482 -1.197860071982207E+00
5483 1.002455601371049E+00
5484 1.003901161057387E+00
5485 1.049805556139233E+00
5486 9.731469426490486E-01
5487 9.638312090752850E-01
5488 7.073951191765249E-03
5489 1.696089178283789E-01
5490 2.001598613895524E+00
5491 1.544437013747862E+00
5492 3.233149916976832E+00
5493 3.169838659890019E+00
5494 3.729776087738725E-01
5495 2.439554890976989E+00
5496 1.000906923355626E+00
5497 9.997090489905802E-01
5498 9.341896540873189E-01
5499 1.165884791388215E+00
5500 9.111200462291764E-01
5501 1.037843564121121E+00
5502 2.051203419987413E+00
5503 2.008128225140628E+00
5504 1.289697712295319E+00
5505 1.295780303717902E+00
5506 1.728419072996699E+00
5507 1.971987097891696E+00
5508 1.816223297440539E+00
5509 1.516457408266281E+00
5510 -1.767004026626445E+00
5511 1.635355806719999E+00
5512 2.318696871543718E+00
5513 2.277228050400067E+00
5514 1.041932457580197E+00
5515 1.623817232507403E+00
5516 2.990114495518137E+00
5517 3.063042994624411E+00
5518 1.242852052391056E+00
5519 1.235014868116905E+00
5520 1.181402845760993E+00
5521 2.890419938398156E+00
5522 2.954862930457945E+00
5523 1.168899202179735E+00
5524 1.161347359235523E+00
5525 2.220247821341268E+00
5526 2.055952084023789E+00
5527 3.305656287360985E+00
5528 3.313715398450895E+00
5529 2.423527780421505E+00
5530 2.347455589845229E+00
5531 3.354026872193864E-01
5532 1.111389363614072E+00
5533 1.079022435916835E+00
5534 1.213441679962339E+00
5535 1.431731641004050E+00
5536 1.390119830180319E+00
5537 1.956433797192502E+00
5538 3.337912636041214E+00
5539 1.077781984160878E+00
5540 1.096521210286647E+00
5541 1.128373971763600E+00
5542 -3.571930236637162E-01
5543 1.353560803732716E+00
5544 1.947092148686749E+00
5545 1.134629781855776E+00
5546 1.130154497838060E+00
5547 1.184501618582590E+00
5548 1.093167526883426E+00
5549 8.772688511326977E-01
5550 6.405158861970043E-01
5551 1.506218021472024E+00
5552 2.417979317933394E+00
5553 1.167136578105449E+00
5554 6.443159784622616E-01
5555 1.627447683341464E+00
5556 1.612892993450295E+00
5557 1.628595382797387E+00
5558 4.020314497680483E+00
5559 3.864532654452897E+00
5560 1.703879095308414E+00
5561 1.652556778698299E+00
5562 2.088355300546086E+00
5563 1.991762662322934E+00
5564 -1.099580285749449E+00
5565 -1.807594943654904E+00
5566 1.477585262960750E+00
5567 1.056354513272440E+00
5568 1.029568169172453E+00
5569 -1.377073958533551E+00
5570 -1.239857128646543E+00
5571 -1.276392678436914E+00
5572 -1.411959894707428E+00
5573 1.008985540553635E+00
5574 1.046889349112185E+00
5575 1.093000541933144E+00
5576 1.061550457591397E+00
5577 8.834006819324900E-01
5578 9.187069519604059E-01
5579 1.093059044450399E-01
5580 8.966453351025101E-01
5581 8.412288581206937E-01
5582 1.165408279338031E+00
5583 1.199083011969891E+00
5584 -5.710161891507846E-02
5585 1.548248602087888E+00
5586 1.529600452878976E+00
5587 1.942780913643402E+00
5588 1.868567694756849E+00
5589 1.169511232922496E+00
5590 2.670440989057097E+00
5591 1.056542871893205E+00
5592 1.053364906532798E+00
5593 1.044157786001605E+00
5594 1.032947613391402E+00
5595 1.579915333132091E+00
5596 1.682591892064405E+00
5597 1.566441084723975E+00
5598 1.112278060503350E+00
5599 2.832066233114372E+00
5600 1.304211299972693E+00
5601 2.482882209600560E+00
5602 2.496223923039497E+00
5603 -3.666552833616978E-01
5604 -4.525001659315810E-01
5605 2.878936325122071E+00
5606 8.088250566199209E-01
5607 2.723838227311088E-01
5608 1.012610468706017E+00
5609 1.019279175438903E+00
5610 1.010419930368063E+00
5611 -3.057002141205619E-01
5612 7.896261512503993E-01
5613 7.399250446950771E-01
5614 2.841442050675069E+00
5615 1.373724095184356E+00
5616 1.075257233844206E+00
5617 -1.486917415849502E+00
5618 -1.582404221545300E+00
5619 2.302575319198561E+00
5620 2.361727666929326E+00
5621 2.262080546803048E+00
5622 3.162424246620772E+00
5623 3.240057767923013E+00
5624 -1.290607590826393E-01
5625 8.037500562351537E-01
5626 7.589349143206900E-01
5627 1.265059878603253E+00
5628 1.157585165604357E+00
5629 6.937308865533973E-01
5630 7.630706012667547E-01
5631 7.397048702176783E-01
5632 1.334218034538416E+00
5633 1.353559700293170E+00
5634 -1.782186388611992E+00
5635 -1.802624694157741E+00
5636 -1.811154962493003E+00
5637 -1.788516489340478E+00
5638 1.913675449786207E+00
5639 1.338472445067503E+00
5640 1.320252350191629E+00
5641 1.425512553703592E+00
5642 1.602955913185716E+00
5643 1.784121157828560E+00
5644 2.345753765216578E+00
5645 1.008796681245638E+00
5646 1.008297084921904E+00
5647 1.611531719665703E+00
5648 1.980453286687730E+00
5649 2.076469277707046E+00
5650 2.296995522730143E+00
5651 4.443202478966208E+00
5652 1.330649893486472E+00
5653 7.902217127513885E-01
5654 8.278593687721688E-01
5655 1.478022313603339E+00
5656 6.762712646824194E-01
5657 7.030870922594812E-01
5658 1.327253334103652E+00
5659 1.327495181752686E+00
5660 1.038619944066333E+00
5661 9.820259522356435E-01
5662 2.120799811167469E+00
5663 1.017186887573747E+00
5664 1.021732689258980E+00
5665 -1.758875143060659E+00
5666 3.143420982755854E+00
5667 3.227776746121036E+00
5668 4.404421029560261E-01
5669 5.431598892681534E-01
5670 1.186186477041970E-02
5671 7.367448230835760E-01
5672 -1.119649561311689E+00
5673 -1.005450857702830E+00
5674 1.061396444453504E+00
5675 1.013817660282740E+00
5676 2.414028126394149E+00
5677 4.516416600663069E+00
5678 1.018762685416031E+00
5679 1.902369940358044E+00
5680 1.028786791958430E+00
5681 1.576808687024207E+00
5682 1.694745708709839E+00
5683 3.628337582001267E+00
5684 6.975041396233619E-01
5685 9.618480980323741E-01
5686 1.616748807704025E+00
5687 1.629426605736318E+00
5688 1.148338470850824E+00
5689 1.134114461507457E+00
5690 2.389053695032267E+00
5691 4.509723840283746E+00
5692 4.484970771045194E+00
5693 1.051703139898640E+00
5694 1.237645146303351E+00
5695 1.623563226481564E+00
5696 1.516489671521244E+00
5697 1.481466035907336E+00
5698 1.188441476012305E+00
5699 1.294764617983288E+00
5700 -1.260573535839987E+00
5701 1.064482094597478E+00
5702 1.059967173245363E+00
5703 -1.611791499567348E+00
5704 -1.511297102193876E+00
5705 -1.485256292790757E+00
5706 -1.578998856535839E+00
5707 9.801182637239385E-01
5708 9.933840395008633E-01
5709 8.958791310217116E-01
5710 2.316721566865860E+00
5711 3.453953104880289E-01
5712 1.086402736156658E+00
5713 -1.826982727749845E+00
5714 7.150758558782866E-01
5715 1.454960471049085E+00
5716 2.209464305679522E+00
5717 2.506297010533988E+00
5718 2.607112815610964E+00
5719 9.945926638351900E-01
5720 -1.389218559490880E+00
5721 2.544650889317330E-01
5722 3.470661504007734E-01
5723 5.138322433199212E-01
5724 1.462754191930375E+00
5725 6.703754804001821E-01
5726 6.228164462755614E-01
5727 5.749546406098023E-01
5728 9.927231438288255E-01
5729 1.546246778309996E+00
5730 1.660567187703490E+00
5731 -7.695907115621980E-01
5732 -5.666847880828942E-01
5733 -5.679633613490038E-01
5734 -7.699938871855093E-01
5735 -1.707486914636987E+00
5736 1.310124121723903E+00
5737 1.120363259463784E+00
5738 1.366060157416845E+00
5739 2.034094298030112E+00
5740 1.507948760941743E+00
5741 2.070472304187758E+00
5742 1.905191561430557E+00
5743 1.368883788053340E+00
5744 1.396622324922689E+00
5745 6.923445620551973E-01
5746 8.561828017305152E-01
5747 -1.177904410871129E+00
5748 9.482373638679735E-01
5749 2.274132012324371E+00
5750 2.235083646965276E+00
5751 1.968686603207998E+00
5752 8.918983623609928E-01
5753 1.331468255648736E+00
5754 -1.915205495379047E-01
5755 7.436747283042815E-01
5756 5.747943935305080E-01
5757 8.429040234585146E-01
5758 8.511200939347867E-01
5759 5.858331858862564E-01
5760 2.218494122771324E+00
5761 1.458407944028779E+00
5762 1.448773549088849E+00
5763 2.287107122895688E+00
5764 -1.241964916784725E+00
5765 1.054353142970097E+00
5766 1.048111766797010E+00
5767 1.035512820173989E+00
5768 1.571357058410676E+00
5769 1.761039416754527E+00
5770 1.617331209215782E+00
5771 1.611392357412193E+00
5772 1.942094009725956E+00
5773 2.226262049144976E+00
5774 1.389512707560029E+00
5775 1.726426499355377E+00
5776 1.025973705077999E+00
5777 1.571429480525912E+00
5778 1.557988093763373E+00
5779 1.029171495068463E+00
5780 1.667438475127079E+00
5781 8.504074034256474E-02
5782 1.697649827998515E+00
5783 1.710073178687032E+00
5784 1.008663628231699E+00
5785 -9.475137511565570E-01
5786 1.031208792712268E+00
5787 -1.583115411647899E+00
5788 9.491418746770808E-01
5789 9.358244342925863E-01
5790 1.095459377669947E+00
5791 8.624865959146610E-01
5792 9.009425795180954E-01
5793 9.648927042370928E-01
5794 6.637207185391545E-01
5795 1.312485972341771E+00
5796 1.010715403267971E+00
5797 1.040798211282553E+00
5798 1.040690762365168E+00
5799 1.011140582968281E+00
5800 -1.114442353048616E+00
5801 -9.431970986846779E-01
5802 -1.399429856466333E+00
5803 -1.262853472563842E+00
5804 1.471971863963679E+00
5805 9.748299527986466E-01
5806 9.735913292548768E-01
5807 9.596070460731612E-01
5808 3.362499263230922E+00
5809 1.070405158511140E+00
5810 9.924244181155704E-01
5811 9.926521385077662E-01
5812 1.070423284004049E+00
5813 9.862333072608318E-01
5814 9.764273228904656E-01
5815 9.666444045792282E-01
5816 1.459522877693099E+00
5817 1.218442635301044E+00
5818 1.399102248883962E+00
5819 1.119240859837587E+00
5820 1.119804109540677E+00
5821 8.263090874681160E-01
5822 8.258671248885446E-01
5823 7.835363271406137E-01
5824 4.860289601477471E-01
5825 -4.774282698310006E-01
5826 -1.569894833665745E+00
5827 8.722992816937720E-01
5828 8.116681045356504E-01
5829 1.537603064122583E+00
5830 1.452272614731648E+00
5831 1.045475337369441E+00
5832 1.036741551028393E+00
5833 6.288446724877522E-02
5834 -6.936264089490329E-02
5835 9.260610397959451E-02
5836 1.035918987439647E-01
5837 7.795284127904425E-01
5838 8.408945357264190E-01
5839 2.556542850633450E+00
5840 2.480349629337629E+00
5841 -4.682476020606484E-01
5842 -6.881947996195631E-01
5843 -6.365096371060517E-01
5844 1.089041015918658E+00
5845 1.158490105659868E+00
5846 1.163127239774087E+00
5847 1.608331536536416E+00
5848 1.651134236800677E+00
5849 4.172568109850927E+00
5850 4.293705533533519E+00
5851 3.445559667141198E-01
5852 6.130642247722413E-01
5853 6.093416548846384E-01
5854 1.038287848891569E+00
5855 9.117006017563176E-02
5856 3.440430502270894E-01
5857 -1.709400707854200E+00
5858 -1.768640617756163E+00
5859 -9.732590262951597E-02
5860 1.112853481553437E+00
5861 3.621663156864232E-01
5862 8.657862709932469E-01
5863 3.177309768936821E+00
5864 3.200480014251765E+00
5865 1.036870797675928E+00
5866 1.625078938161407E+00
5867 3.301773073151559E-01
5868 2.001112100709613E+00
5869 1.982125555912098E+00
5870 8.478211060493643E-01
5871 8.609960621081274E-01
5872 1.232792204297211E+00
5873 -3.603275938212824E-01
5874 -1.293117726826080E-01
5875 -1.424521237033118E+00
5876 1.538987072570155E+00
5877 1.563743131342648E+00
5878 9.863169869864372E-01
5879 9.711241219672697E-01
5880 1.526009264779158E+00
5881 1.516973183591436E+00
5882 9.703636424552484E-01
5883 7.741142127486214E-01
5884 1.018033114608948E+00
5885 1.154504229579931E+00
5886 2.173589224741249E+00
5887 7.357419934293626E-01
5888 7.712116345108047E-01
5889 3.293840319358470E-01
5890 2.284341580906464E+00
5891 2.200542437452892E+00
5892 1.894416240293779E+00
5893 1.784989230422201E+00
5894 2.081891993451031E+00
5895 9.025000184724429E-01
5896 2.411190751857711E+00
5897 2.608988964122990E+00
5898 1.506355838556911E+00
5899 1.721429693790435E+00
5900 1.711206673467009E+00
5901 3.174689868047898E+00
5902 1.544882793466809E+00
5903 8.780147342704656E-01
5904 9.033064749926387E-01
5905 7.364636202015693E-01
5906 -1.234587251235248E+00
5907 -1.166467590106445E+00
5908 -1.303451426151905E+00
5909 1.549341614427644E+00
5910 8.755078385310946E-01
5911 1.269908558858501E+00
5912 1.102667502302074E+00
5913 1.090331186131060E+00
5914 3.352174534097871E+00
5915 9.055217452597361E-02
5916 7.113398155088091E-02
5917 2.282251573508061E-01
5918 1.132428609514528E+00
5919 1.172580843429000E+00
5920 1.909599668203273E+00
5921 3.372646446644127E+00
5922 3.498520985886069E+00
5923 1.097460240844724E+00
5924 1.475685158899243E+00
5925 4.202532334410362E-01
5926 9.122872587788782E-01
5927 1.433798066374001E+00
5928 1.051440754565620E+00
5929 2.633754125108339E+00
5930 1.139070963040195E+00
5931 1.096286068251789E+00
5932 1.441955169443052E-01
5933 1.401679656475412E+00
5934 1.103263844043738E+00
5935 6.570459397018302E-01
5936 -3.345537303707429E-01
5937 -4.470623559401564E-01
5938 3.005090799730335E-02
5939 2.382952881571896E+00
5940 1.348827991178431E+00
5941 2.471929420157387E+00
5942 5.511009770413291E-01
5943 4.959054358740999E-01
5944 1.031610592575358E+00
5945 1.034860312345080E+00
5946 1.134335879049459E+00
5947 1.897740238896342E+00
5948 1.615517822523385E+00
5949 1.084038773139998E+00
5950 1.103524936962016E+00
5951 9.198179868406864E-01
5952 4.878433406377722E-01
5953 1.108597471814004E+00
5954 1.387638732942015E+00
5955 1.147834991030375E+00
5956 6.997008019013489E-01
5957 2.550784199775753E+00
5958 2.398699096205966E+00
5959 2.133634897782735E+00
5960 2.121841416852595E+00
5961 2.389403205773675E+00
5962 4.182785762089005E-01
5963 -1.264040882147191E+00
5964 5.330048273177074E-01
5965 6.181454277280310E-01
5966 5.732728626704608E-01
5967 1.127073703703143E+00
5968 -6.956400419755406E-01
5969 -3.185868821714640E-01
5970 1.367970890763283E+00
5971 1.914393329000037E+00
5972 1.979365480674947E+00
5973 1.921312452404484E+00
5974 1.469759305309509E+00
5975 2.342175500598249E+00
5976 1.039460345490845E+00
5977 1.515642032129565E+00
5978 1.144562706736512E+00
5979 1.200038701817601E+00
5980 2.168344217965351E+00
5981 1.009711265845002E+00
5982 1.035682752686117E+00
5983 9.321917758617254E-02
5984 3.105900910958651E-01
5985 1.047649514610302E-01
5986 9.992309539045137E-01
5987 2.327858903549803E+00
5988 3.155204770571919E+00
5989 1.202629704862668E+00
5990 1.943307214836500E+00
5991 1.264046375531753E+00
5992 1.268816019832871E+00
5993 1.388930683900229E+00
5994 1.402664021385125E+00
5995 8.262192942643491E-01
5996 1.070756410940161E+00
5997 1.416891217584076E+00
5998 5.627895862937733E-01
5999 1.406208584474095E+00
6000 -2.758299388022982E-01
6001 9.479279803551806E-01
6002 1.596752536574660E+00
6003 1.705832290212610E+00
6004 1.670334233070790E+00
6005 3.342068456488244E+00
6006 3.111241155512613E+00
6007 3.727782520934207E+00
6008 3.529724973579095E+00
6009 3.530969784102496E+00
6010 3.724735164688612E+00
6011 5.509282424099984E-01
6012 1.605455735103120E+00
6013 2.673974185797198E+00
6014 2.933265345673545E+00
6015 9.970665333417947E-01
6016 -3.141039579710900E-01
6017 -1.005774605068714E+00
6018 5.419123774854842E-01
6019 1.009806519400127E+00
6020 1.709855430860536E+00
6021 7.339521451998892E-01
6022 8.901211176684170E-01
6023 9.016252825680742E-01
6024 4.442390076231302E+00
6025 4.366586477988661E+00
6026 1.058202985202836E+00
6027 1.043186621758965E+00
6028 1.053750186890737E+00
6029 1.053675033839334E+00
6030 1.929631630626500E+00
6031 1.259377633888705E+00
6032 7.980390892931706E-01
6033 8.060949932529426E-01
6034 2.030796779230507E+00
6035 2.305286776270880E+00
6036 2.308032145014216E+00
6037 -2.857247200517928E-01
6038 -2.127892677063010E-01
6039 1.144224287025162E+00
6040 1.062270869679153E+00
6041 1.012970642360158E+00
6042 1.059990870641510E+00
6043 2.189828551672451E+00
6044 1.026824765807924E+00
6045 1.810702703476220E+00
6046 1.814408193670350E+00
6047 2.173707960352026E+00
6048 2.613642354755624E+00
6049 1.662960065732790E+00
6050 -2.023250538840363E-01
6051 -3.333090143233060E-01
6052 4.076230000628613E+00
6053 3.906434786016996E+00
6054 4.252759938668811E+00
6055 4.132798867784383E+00
6056 3.691786395909261E-01
6057 3.494548426229229E-01
6058 2.101113655259103E+00
6059 1.112174442340767E+00
6060 1.088116277859236E+00
6061 9.579279801210348E-01
6062 1.707207117715259E+00
6063 1.745397149382129E+00
6064 1.649286708829610E+00
6065 2.073250890960452E-01
6066 3.091581432247872E-01
6067 9.448543964990617E-01
6068 -1.287130496028318E+00
6069 1.319822311946624E+00
6070 3.893468146818016E+00
6071 4.050857454980351E+00
6072 3.365739185033343E+00
6073 2.203937751514084E+00
6074 2.252949602104083E+00
6075 2.456675389716243E+00
6076 1.263890522172814E+00
6077 2.110696160677165E+00
6078 2.315786939682322E+00
6079 2.188781493285271E+00
6080 1.624425441241103E+00
6081 2.221189824085366E+00
6082 2.262743033082364E+00
6083 -1.150986266355030E+00
6084 -1.044177591139676E+00
6085 1.034017452139307E+00
6086 9.621562955381482E-01
6087 9.956525417956636E-01
6088 3.166907499991899E+00
6089 -8.670538903378208E-02
6090 9.534476920131374E-01
6091 9.387717054117417E-01
6092 1.925269796794819E+00
6093 1.937285413401076E+00
6094 1.680049879593955E+00
6095 1.555585507348391E+00
6096 1.771925011583642E-01
6097 6.303132837165154E-02
6098 2.859635900586909E+00
6099 3.013636159928019E+00
6100 1.345607159337037E+00
6101 1.579690807775371E+00
6102 5.062647840595242E-01
6103 5.856724763645431E-01
6104 8.917202561808284E-01
6105 1.690729221976639E+00
6106 1.701008643843974E+00
6107 3.499417692375046E+00
6108 1.368045832032817E+00
6109 1.345014480727760E+00
6110 8.927330561023363E-01
6111 9.391182160152286E-01
6112 1.643199847740091E+00
6113 1.483146135287054E+00
6114 2.899980039281633E+00
6115 1.964899424421392E+00
6116 9.791915861302442E-01
6117 1.239371000172318E+00
6118 7.313811715421716E-01
6119 5.358452625194072E-01
6120 1.378626352605679E+00
6121 3.083043767406424E-01
6122 9.232495352662143E-02
6123 3.325228332694675E+00
6124 3.051307042677028E+00
6125 2.092116004080236E+00
6126 2.959034671487410E+00
6127 -9.496926810274977E-01
6128 1.061400380018932E+00
6129 1.595218343619804E+00
6130 1.775912617747819E+00
6131 4.957670574390038E-01
6132 1.066501931104900E+00
6133 1.690032278008497E+00
6134 1.687242601523258E+00
6135 1.079208043229272E+00
6136 1.085855591098081E+00
6137 6.884938686626901E-01
6138 6.055855151598927E-02
6139 5.002967550561596E-01
6140 4.240054022192790E-01
6141 2.886489311746693E+00
6142 2.023428078961250E+00
6143 1.627865739326903E+00
6144 1.126181738279244E+00
6145 1.138292679612804E+00
6146 9.641784556367368E-01
6147 -1.264670597742532E-01
6148 2.294361896749827E+00
6149 2.311353681553334E+00
6150 9.284820842623048E-01
6151 4.492427890598274E+00
6152 4.513581527935518E+00
6153 1.120659674039344E+00
6154 -1.626957070402335E-01
6155 2.819006116566050E+00
6156 2.854383963364198E+00
6157 3.647902859363064E+00
6158 9.547607569050885E-01
6159 3.618439451863774E+00
6160 6.788123653441774E-01
6161 6.206918929829879E-01
6162 3.119739475925396E+00
6163 2.985945633227090E+00
6164 1.863793976739197E+00
6165 9.973145601773579E-01
6166 2.308361542784962E+00
6167 9.243550063062047E-01
6168 7.511312974460367E-01
6169 2.904756357756097E+00
6170 2.925030581365458E+00
6171 2.802680466294649E+00
6172 1.064108708583952E+00
6173 2.041210550706620E+00
6174 2.279899558822128E+00
6175 2.113190909055620E+00
6176 4.841551551849665E-01
6177 1.056199286304490E+00
6178 4.269919474454277E+00
6179 4.004402682216766E+00
6180 3.996105069118050E+00
6181 1.599545241838464E+00
6182 4.390885589109041E+00
6183 4.464506714875004E+00
6184 1.707441349928099E+00
6185 1.650637308766078E+00
6186 2.352834417309373E+00
6187 2.333835325706157E+00
6188 9.406295461314658E-01
6189 -1.074730014218135E+00
6190 1.505348272706431E+00
6191 1.421130494142923E+00
6192 -1.033870672740879E+00
6193 -9.466807781473512E-01
6194 -8.318155879647131E-01
6195 2.271903168918196E+00
6196 1.814806882770611E+00
6197 1.911484853041575E+00
6198 2.114274315254261E+00
6199 2.171713758252444E+00
6200 -3.177950248225578E-01
6201 4.450240962737979E-01
6202 4.022707115119349E-01
6203 8.831956542590036E-01
6204 7.248196229517674E-01
6205 1.701956525536996E+00
6206 4.228899032516457E+00
6207 3.076060513671409E+00
6208 3.375371929510160E+00
6209 1.612271134309980E+00
6210 1.524126802643308E+00
6211 1.969858844085452E+00
6212 1.882109919676932E+00
6213 2.036573813556981E+00
6214 2.056916906720430E+00
6215 1.558008282650740E+00
6216 9.650826716580301E-01
6217 1.526844543303870E+00
6218 1.798943987183517E+00
6219 1.529066439013880E+00
6220 1.379598787894829E+00
6221 1.305817066337851E+00
6222 2.030846265935975E+00
6223 1.017316942278604E+00
6224 2.245366709885479E+00
6225 1.183973063811105E+00
6226 1.448583133755572E+00
6227 3.300051513375484E+00
6228 9.696021167198152E-01
6229 9.200748250532209E-01
6230 4.724396210341706E-01
6231 4.814486485217118E-01
6232 1.556327513847169E+00
6233 1.645318982910110E+00
6234 2.677677942182515E+00
6235 2.471224743680003E+00
6236 6.271376701636117E-01
6237 1.643462272493224E+00
6238 2.050934048361672E+00
6239 7.388992237932793E-01
6240 5.880987683904086E-01
6241 1.575338063632414E+00
6242 -9.190889085565062E-01
6243 -7.775334629784953E-01
6244 9.865701238392477E-01
6245 9.769923163788383E-01
6246 9.722801104516323E-01
6247 3.510435410679318E+00
6248 3.606945817684400E+00
6249 3.593292257687844E+00
6250 3.310938659577522E+00
6251 2.135035958596128E+00
6252 3.142061018734190E+00
6253 3.377438607516239E+00
6254 -5.313734605954960E-01
6255 -3.109316559679002E-01
6256 3.830233638586136E+00
6257 3.657150450782352E+00
6258 -4.900116586072495E-01
6259 -6.602711874404776E-01
6260 8.635571880894471E-01
6261 1.601748552054577E+00
6262 7.290121804357198E-01
6263 1.009388067595664E+00
6264 1.022138396917338E+00
6265 1.080593119744078E+00
6266 1.071932115489591E+00
6267 1.672476972913313E+00
6268 1.669011144500590E+00
6269 4.514980899167222E-01
6270 4.169619909367769E-01
6271 4.543832800030103E-01
6272 1.517668625027968E+00
6273 1.615023626367774E+00
6274 3.642218858894773E+00
6275 3.792979600411454E-01
6276 4.317911541246277E-01
6277 3.962437467485923E+00
6278 3.738981505830670E+00
6279 9.217909198378955E-01
6280 8.948575825212404E-01
6281 1.899031096433492E+00
6282 -1.422374696441060E+00
6283 9.698188319028735E-01
6284 1.383076709742848E+00
6285 3.912953585124495E+00
6286 1.668433865954196E+00
6287 1.424496231432513E+00
6288 2.894506704086554E+00
6289 1.594002640075394E+00
6290 1.606600864224795E+00
6291 1.967366572323129E+00
6292 -1.238050223793090E+00
6293 -1.389852533206919E+00
6294 1.029367619584165E+00
6295 1.017721582015875E+00
6296 4.000473696101497E+00
6297 1.978217207376100E+00
6298 4.810516582894978E-01
6299 1.522473867542362E+00
6300 1.359998119305770E+00
6301 1.208874489469401E+00
6302 1.128718024374460E+00
6303 5.586119402579554E-01
6304 1.442281508858543E+00
6305 1.262219199686538E+00
6306 1.126533373293640E+00
6307 1.635256717891370E+00
6308 1.241615953418767E+00
6309 1.671572681992727E+00
6310 1.680367877824259E+00
6311 1.618367618181100E+00
6312 8.732844926265730E-01
6313 1.072941130306335E+00
6314 1.071172498700987E+00
6315 -5.880591074525363E-02
6316 4.128986463586008E+00
6317 3.717617220094609E+00
6318 3.372750049068644E+00
6319 3.167375033084402E+00
6320 3.000424392669126E+00
6321 1.087536377072891E+00
6322 1.779248643775512E+00
6323 1.726363032855800E+00
6324 -8.102834498264225E-01
6325 1.585796056354015E+00
6326 1.946270390541643E+00
6327 9.672387904853921E-01
6328 3.567393274736732E+00
6329 3.173800321773369E-01
6330 9.727639732705214E-01
6331 1.608182990449267E+00
6332 2.000104560874601E+00
6333 3.341747629657934E-01
6334 6.727725236641080E-01
6335 -2.754967347988367E-01
6336 -1.096352135566496E+00
6337 2.740444633834730E+00
6338 1.017235851288684E+00
6339 1.003602795394663E+00
6340 1.004011224992352E+00
6341 9.963703964168074E-01
6342 1.000854301986744E+00
6343 1.832384035187568E+00
6344 1.919761691267208E+00
6345 -1.398613290897029E-01
6346 1.178784611066664E+00
6347 1.768097418232964E+00
6348 4.251347397673479E+00
6349 7.665561880006755E-01
6350 2.417546749218728E+00
6351 -1.245666738552509E+00
6352 -1.441311356916631E+00
6353 -1.402548460862719E+00
6354 2.843141882414648E-01
6355 1.979099216605258E+00
6356 1.903155971585841E+00
6357 2.105568185687500E+00
6358 1.822994040605372E+00
6359 1.749994520906665E+00
6360 1.897508014421981E+00
6361 -1.072412068172485E+00
6362 1.769606509342331E+00
6363 1.677374008262132E+00
6364 1.676599076534736E+00
6365 2.056003465596155E+00
6366 2.071954895795700E+00
6367 1.202517587504498E+00
6368 1.182643308321088E+00
6369 1.683204303045199E+00
6370 3.259658259535689E+00
6371 3.076476807178261E+00
6372 2.037424032160629E+00
6373 1.252422250137600E+00
6374 1.940549091422582E+00
6375 -1.085107779183044E+00
6376 2.007306909662752E+00
6377 1.913887903259399E+00
6378 1.312018791149530E+00
6379 1.805371786864167E+00
6380 4.060384001137086E+00
6381 1.243163585468693E+00
6382 1.267184295776232E+00
6383 1.641363737514497E+00
6384 3.181730142869881E+00
6385 2.232573039155918E+00
6386 1.232842974913534E+00
6387 2.111587242817479E+00
6388 1.496677139504980E+00
6389 1.264850834862615E+00
6390 1.260674182454134E+00
6391 1.250912194097523E+00
6392 4.039643034784177E+00
6393 3.056294024194143E+00
6394 3.839534720574022E+00
6395 2.242197881608844E+00
6396 3.888328582402214E+00
6397 3.987940982726600E+00
6398 3.054413211596553E+00
$EndNodeData
$NodeData
1
"S3"
1
0.0
3
0
1
6398
1 2.941727208630497E-04
2 7.724618392329577E-02
3 -1.252573790060510E-02
4 1.251222012329167E-02
5 -7.712632425245536E-02
6 -3.295010290143080E-04
7 -3.275420370289286E-04
8 -1.965707277616491E-03
9 -8.322899892926073E-04
10 -7.993521866880727E-04
11 -1.236804240740991E-04
12 -4.321560914754192E-04
13 -3.967373562936579E-04
14 -5.849949666795277E-04
15 -8.031456012187778E-04
16 -1.152853028534517E-03
17 -2.639193893421399E-03
18 -4.433505061568693E-03
19 -1.630441305759204E-02
20 8.337960313871791E-05
21 -2.693574045105976E-04
22 -3.802806893323566E-04
23 -4.520584619569489E-04
24 -6.779346461881572E-04
25 -9.504116408620225E-04
26 -1.754374490021494E-03
27 -3.138535010969178E-03
28 -4.923071638582501E-03
29 2.937915717365322E-02
30 -2.858669802618827E-02
31 -5.017928113477340E-03
32 -2.538240104101934E-03
33 -1.721145784825067E-03
34 -1.527872618546959E-03
35 -1.317801530741328E-03
36 -1.662983708175083E-03
37 -2.734031717007205E-03
38 -3.555922435278262E-03
39 -4.729996508041054E-03
40 -3.718974076319173E-03
41 -3.816940790718903E-03
42 -1.399835363528447E-04
43 8.368176872350053E-03
44 7.919013120313633E-03
45 7.356946833280700E-03
46 2.485257155348311E-03
47 1.258642663184112E-03
48 1.160837042411164E-02
49 -8.257951368098104E-03
50 -3.341988006238442E-03
51 -2.107653548076661E-03
52 -1.630743677041858E-03
53 -1.645798369547252E-03
54 -1.529156942523811E-03
55 -2.159764704786664E-03
56 -2.892490474004618E-03
57 -2.691229759299568E-03
58 -4.225032341476646E-03
59 -5.790958078794281E-04
60 -3.710464632298645E-03
61 3.925412879982231E-03
62 7.633577070840349E-03
63 6.685533778382602E-03
64 4.220781944074312E-03
65 -1.542106762369907E-04
66 -5.975618702613724E-03
67 -7.958911174010692E-04
68 1.141436126121476E-03
69 1.200228958118088E-03
70 -8.446159972810335E-05
71 -7.783910426769924E-04
72 -7.574256926092697E-04
73 -1.226284969963112E-03
74 -1.178397512653730E-03
75 7.985263683521418E-04
76 -1.773483766051811E-03
77 3.175046650064760E-04
78 -3.050032851675130E-04
79 1.005619293289636E-03
80 -4.962359317142898E-03
81 3.007746682377523E-03
82 -7.683852344421396E-04
83 2.773595715171049E-04
84 -3.319307873391167E-04
85 1.777359518696449E-03
86 -1.303657261394604E-03
87 -2.552976108671948E-03
88 -7.820855588913841E-03
89 -8.493051576811803E-03
90 -6.107087234664913E-03
91 6.962319095156460E-05
92 2.160724625755276E-03
93 4.211842839159292E-03
94 4.098622075395849E-03
95 3.858600383321224E-03
96 2.705400462169487E-03
97 2.123124115426964E-03
98 1.931679367990593E-03
99 8.256090781512708E-04
100 1.511187250008872E-03
101 1.864357702128238E-03
102 5.012477418715527E-03
103 2.849226449415247E-02
104 5.955987313845528E-03
105 7.429560774390694E-05
106 -4.436523596833686E-03
107 -7.854182334693297E-03
108 -7.017717959520345E-03
109 -3.432150634037002E-03
110 2.899084726370211E-04
111 2.587754273720243E-03
112 3.782170111449739E-03
113 3.594843075525871E-03
114 2.700822679217637E-03
115 2.324591334423683E-03
116 1.907116312388068E-03
117 1.298137897394372E-03
118 1.059478500364590E-03
119 1.759728670002003E-03
120 3.001748419706118E-03
121 8.423344955011312E-03
122 -1.171808632716558E-02
123 1.712124890364944E-02
124 3.576514958680773E-03
125 1.908730336632039E-03
126 1.209081827061269E-03
127 8.220747371794545E-04
128 6.272701557207670E-04
129 4.929997780146676E-04
130 3.168632439149945E-04
131 1.892106927654866E-04
132 -2.870525700911678E-02
133 4.136056032331198E-03
134 2.275177378102274E-03
135 1.491576582505537E-03
136 9.761909333417647E-04
137 7.036570659447208E-04
138 5.373168717971974E-04
139 3.665878651409374E-04
140 1.845758577803372E-04
141 -7.789570011689961E-05
142 6.995330394339979E-05
143 4.348265060759700E-05
144 -2.658146478780762E-06
145 4.921610235183306E-06
146 -1.649733230614871E-06
147 1.548565829377355E-05
148 2.026391722200251E-05
149 -3.440705213290316E-05
150 -7.729227166024308E-05
151 -4.952321253982888E-05
152 3.383455315475632E-05
153 1.848039710430379E-05
154 1.131843253902255E-06
155 -5.483567722269476E-06
156 -5.567587406702438E-07
157 -1.075675585561637E-05
158 -2.534875587053291E-05
159 -4.319863604524520E-05
160 5.431450769907590E-05
161 1.249926948065711E-01
162 9.227493204692179E-02
163 6.788316627869898E-02
164 4.614159326800146E-02
165 2.648813682075690E-02
166 8.196546159742931E-03
167 -7.914733011608615E-03
168 -2.172871856151418E-02
169 -3.323496931691611E-02
170 -4.232677220074305E-02
171 -4.880793239300901E-02
172 -5.261079789311395E-02
173 -5.374120451185847E-02
174 -5.218414344368039E-02
175 -4.801776887908090E-02
176 -4.162687907377999E-02
177 -3.313892027840666E-02
178 -2.302297386152703E-02
179 -1.189709023709738E-02
180 -2.535118089325213E-05
181 1.181696877968866E-02
182 2.304007555124918E-02
183 3.321254290117361E-02
184 4.156880483757969E-02
185 4.806007021074172E-02
186 5.214367336816429E-02
187 5.371862375433156E-02
188 5.258854661214596E-02
189 4.877494414383775E-02
190 4.231324637668552E-02
191 3.323544858928740E-02
192 2.165853642127599E-02
193 7.925799650533163E-03
194 -8.093868341074407E-03
195 -2.609127701020134E-02
196 -4.616637260494503E-02
197 -6.786436836876540E-02
198 -9.268386783136962E-02
199 -1.247147307397957E-01
200 1.028454921070631E-01
201 1.042513469050353E-01
202 7.957675222252208E-02
203 5.675784777124469E-02
204 3.602805401766920E-02
205 1.720078910014110E-02
206 5.972210644338924E-05
207 -1.492692723884652E-02
208 -2.756531873692835E-02
209 -3.788932264710033E-02
210 -4.567605200546619E-02
211 -5.081736102303054E-02
212 -5.326102383728386E-02
213 -5.306356080260331E-02
214 -5.019398368884525E-02
215 -4.491482561656547E-02
216 -3.745617331323754E-02
217 -2.813284338523092E-02
218 -1.749376105203498E-02
219 -5.971408305975052E-03
220 5.898597700971215E-03
221 1.745834369551427E-02
222 2.816712435431214E-02
223 3.744103760606567E-02
224 4.492533219962615E-02
225 5.020671221585060E-02
226 5.302054509674997E-02
227 5.326568907215520E-02
228 5.080865543153354E-02
229 4.566978813758403E-02
230 3.789173084541776E-02
231 2.757765055260651E-02
232 1.494688596952424E-02
233 -4.383283426243011E-05
234 -1.697925864352628E-02
235 -3.598251019289488E-02
236 -5.699151656560920E-02
237 -7.954181045514519E-02
238 -1.041222039781184E-01
239 -1.025561836016012E-01
240 -5.580276092904749E-01
241 -1.100718554078388E+00
242 -1.604695528124257E+00
243 -2.059096918643566E+00
244 -2.454847392989425E+00
245 -2.773243164004506E+00
246 -3.009039500052999E+00
247 -3.157079783107664E+00
248 -3.214755399579110E+00
249 -3.179176568741779E+00
250 -3.058241218086232E+00
251 -2.858593417579120E+00
252 -2.585778433734601E+00
253 -2.250062101007420E+00
254 -1.861249265600007E+00
255 -1.429752035352531E+00
256 -9.731667699481538E-01
257 -4.902626709066221E-01
258 -2.796145326151844E-01
259 -8.317509613460909E-01
260 -1.355882071361442E+00
261 -1.835596021115589E+00
262 -2.263415555015197E+00
263 -2.620203373016858E+00
264 -2.896058070814420E+00
265 -3.089245138865086E+00
266 -3.193901972623276E+00
267 -3.202394954179205E+00
268 -3.123188691850061E+00
269 -2.964172199849561E+00
270 -2.726041938029823E+00
271 -2.421211360070212E+00
272 -2.058603011085559E+00
273 -1.647460524863131E+00
274 -1.202448593365963E+00
275 -7.332436362228668E-01
276 -2.460567815350838E-01
277 4.929919113422916E-01
278 9.784253174638670E-01
279 1.444108684158055E+00
280 1.878302713788679E+00
281 2.272279556998714E+00
282 2.613404189542610E+00
283 2.890291439348108E+00
284 3.092431652451257E+00
285 3.211185739290954E+00
286 3.240025620840000E+00
287 3.176819661386146E+00
288 3.022880696970753E+00
289 2.780895648305759E+00
290 2.456358564187653E+00
291 2.059559690535642E+00
292 1.600702617989008E+00
293 1.094378928163095E+00
294 5.553578771358637E-01
295 2.457159975934444E-01
296 7.362068708977954E-01
297 1.212549826416996E+00
298 1.662956136358152E+00
299 2.077718967847228E+00
300 2.446255419145683E+00
301 2.756190507937340E+00
302 2.996495428247797E+00
303 3.156395895010641E+00
304 3.232474799187739E+00
305 3.214048347196901E+00
306 3.105859439861117E+00
307 2.907983396751594E+00
308 2.624038603392358E+00
309 2.262467769633410E+00
310 1.833799849958599E+00
311 1.350158972707438E+00
312 8.265170016152587E-01
313 2.777290939265951E-01
314 -5.527601406590311E-01
315 -1.097729882011047E+00
316 -1.600601579625766E+00
317 -2.059684315469845E+00
318 -2.456618259652599E+00
319 -2.781104134194129E+00
320 -3.025040993771096E+00
321 -3.178736435433743E+00
322 -3.239590671327390E+00
323 -3.210427893019508E+00
324 -3.093755744837755E+00
325 -2.890964723262053E+00
326 -2.615675013934021E+00
327 -2.269792384791057E+00
328 -1.876249354340985E+00
329 -1.440474941582933E+00
330 -9.789168287749961E-01
331 -4.923124413939413E-01
332 -2.774466045943031E-01
333 -8.278561008754235E-01
334 -1.350406091135999E+00
335 -1.833400296108966E+00
336 -2.262457934949754E+00
337 -2.623243557425348E+00
338 -2.909293406263515E+00
339 -3.107868904543232E+00
340 -3.216272014275785E+00
341 -3.227182683489736E+00
342 -3.158379781242558E+00
343 -3.000053000484165E+00
344 -2.754843130753168E+00
345 -2.450522075437224E+00
346 -2.075140948512438E+00
347 -1.661125015948399E+00
348 -1.210481512869120E+00
349 -7.366837563241942E-01
350 -2.465856957155488E-01
351 4.932484236369579E-01
352 9.703451463158793E-01
353 1.432883514818826E+00
354 1.862057520744434E+00
355 2.249746346292308E+00
356 2.585703803437560E+00
357 2.858999617053380E+00
358 3.059368061298985E+00
359 3.181057459999620E+00
360 3.216340763074732E+00
361 3.158778285889522E+00
362 3.009775654953138E+00
363 2.776012822890151E+00
364 2.455857151782470E+00
365 2.060976085411504E+00
366 1.604323353456892E+00
367 1.099715376041028E+00
368 5.569946381562043E-01
369 2.466162520202650E-01
370 7.321318683754953E-01
371 1.203221740285861E+00
372 1.649147761376699E+00
373 2.058344138410802E+00
374 2.420885601941179E+00
375 2.726100268507370E+00
376 2.963924389331294E+00
377 3.125073536690899E+00
378 3.202761815272779E+00
379 3.196981936497436E+00
380 3.085642183872995E+00
381 2.898467300745176E+00
382 2.623562797018811E+00
383 2.263109006778964E+00
384 1.835334114694300E+00
385 1.355248216042007E+00
386 8.306715398254596E-01
387 2.787357109513596E-01
388 2.535531398393216E-02
389 4.299392991847671E-02
390 2.214877776019420E-02
391 -1.384941650346304E-02
392 -3.925026203115319E-02
393 -3.285172381469269E-02
394 -8.608240996988448E-03
395 -5.554180302147163E-03
396 -6.212045666977689E-03
397 6.385603001193559E-03
398 4.152897088192863E-02
399 -5.335196566680209E-03
400 9.416632788889917E-04
401 -2.489977055531806E-04
402 -5.499590759638070E-02
403 5.185094249012650E-03
404 3.543074466453452E-02
405 3.619366605538799E-02
406 4.883286065261462E-03
407 -2.950194766474690E-02
408 -4.308902317995710E-02
409 -2.041877054878200E-03
410 7.046429448982415E-02
411 -5.903095140794357E-03
412 1.023832767575812E-02
413 3.078215990282750E-03
414 -4.323532191212534E-03
415 -7.715449424181393E-02
416 -3.308610642789468E-03
417 -4.260135379414762E-03
418 -2.507615098089739E-03
419 -3.340568397721959E-03
420 -2.299115211156546E-03
421 -2.578410959767421E-03
422 -2.940850590708631E-03
423 -4.751551677181878E-03
424 -2.266605724172708E-03
425 -5.627056107607767E-03
426 -2.962016367002293E-03
427 -5.140908845702768E-03
428 -2.171060492268507E-03
429 -3.405366326959941E-03
430 -5.041766424437099E-04
431 4.806630212165311E-04
432 1.623561873478951E-03
433 4.738110280356531E-03
434 3.702462451565611E-03
435 7.723424729128750E-03
436 4.959649644337405E-03
437 9.963672779673761E-03
438 4.949981484684444E-03
439 8.351955308587712E-03
440 3.450337836817351E-03
441 2.824678898913339E-03
442 2.139536600526396E-03
443 7.348152067933416E-04
444 2.812503478853734E-03
445 1.354898608486870E-03
446 -2.639598520344514E-03
447 1.680517876474048E-03
448 -5.451290672811214E-03
449 -5.045282767199345E-04
450 -6.145421460194503E-04
451 4.043130840302914E-03
452 3.312551412408596E-04
453 -2.122677811609078E-03
454 -8.867768127311720E-03
455 -1.010968203807232E-02
456 6.407829604570818E-03
457 -5.183155208206065E-03
458 -1.518333720169281E-02
459 -8.408295920456780E-04
460 2.333162596930523E-03
461 -2.534452357567176E-03
462 1.109627598192039E-02
463 1.681221027058727E-02
464 -5.478341498577177E-03
465 1.075819530312946E-02
466 -6.226254970643253E-03
467 -1.281065182005261E-02
468 1.670528569912692E-02
469 1.411691169527127E-02
470 -1.701388129785170E-03
471 -4.189119049683245E-03
472 2.685119914625562E-03
473 4.049390562753489E-03
474 -1.514574678779301E-03
475 -5.770158928339912E-03
476 1.667663832610615E-03
477 -1.858293323311781E-02
478 4.270164833401389E-03
479 -2.829011606112600E-02
480 -4.805038880693233E-03
481 2.130838011579546E-02
482 3.305933141072604E-02
483 1.694087019059076E-02
484 9.914439607203064E-03
485 3.260338270858112E-03
486 2.794522022898192E-03
487 -8.005773197913247E-04
488 -7.574180601997725E-03
489 6.507989664541992E-03
490 1.411930576562598E-02
491 2.475923421960556E-02
492 1.739466164243364E-02
493 2.564106780154410E-02
494 1.694953275192654E-03
495 -8.806060238532179E-03
496 -1.606303140237586E-02
497 -1.707068067919239E-02
498 2.008139154333215E-03
499 -6.949251275361125E-03
500 3.174438451604786E-02
501 -1.571438790477215E-02
502 3.994947758492458E-03
503 -9.993847481722022E-03
504 1.687058978894395E-02
505 -1.646755273025986E-02
506 -2.340685931119222E-02
507 2.263711466521733E-04
508 2.367602584764909E-05
509 5.857379160404017E-03
510 2.997927239780790E-02
511 -3.905720876823777E-02
512 7.696842933171057E-03
513 2.199210663924378E-02
514 -5.748530364100338E-03
515 -9.854753335227120E-04
516 -6.909061103710988E-03
517 6.386361567881596E-03
518 6.662213633263703E-03
519 7.260683870927595E-03
520 4.937373761387366E-03
521 5.633785177923349E-03
522 6.373610488865952E-03
523 -6.358959850203987E-03
524 7.807572059732206E-04
525 1.913818658067944E-03
526 -2.048513575532920E-03
527 -2.620617146159309E-02
528 -2.446620534904615E-02
529 -2.528120677146892E-02
530 -3.533824998162005E-03
531 4.987887203259374E-03
532 -2.782948750641889E-03
533 -3.304562228103574E-03
534 -1.858045620485229E-03
535 -9.999291567569560E-04
536 -5.298497356493384E-03
537 1.787020008761634E-03
538 5.632288499250511E-02
539 -1.638127370617564E-02
540 -3.992222132471942E-02
541 -6.793230801019200E-02
542 -3.776500347670114E-02
543 -2.258593991600132E-02
544 3.515685630243181E-03
545 5.710466315498291E-03
546 -1.539080801450331E-02
547 1.584144175035440E-02
548 1.643471255557905E-02
549 3.113019475307935E-02
550 -2.596748422127865E-02
551 3.989873704691237E-02
552 2.966614620603721E-02
553 3.708545286090999E-02
554 1.379753970731638E-02
555 -4.637593863273398E-03
556 -6.316385527936774E-03
557 -1.601547368924164E-02
558 -2.303228051547154E-02
559 -3.418957040000624E-02
560 -4.174899605674267E-02
561 -3.633961043370243E-02
562 -6.702381683846254E-03
563 1.030959949683551E-03
564 -1.279698131983312E-02
565 5.100240088197536E-03
566 3.895528110860829E-03
567 -1.747024927556497E-02
568 -4.100985563979678E-03
569 5.323198195953024E-04
570 -2.287659514512722E-02
571 3.055011618948987E-03
572 4.147464477962484E-04
573 -1.506496015141125E-03
574 -1.541048940506677E-03
575 6.067818548306394E-03
576 1.122387488139503E-02
577 1.297380069896913E-02
578 1.970732245160666E-03
579 2.054549462667446E-03
580 1.639405455773899E-03
581 8.154199699830672E-02
582 1.011767883435927E-02
583 3.780212695207453E-03
584 1.277314441428391E-02
585 2.001303811056681E-02
586 -8.035721239613780E-04
587 -2.214342805094318E-02
588 2.878658911518654E-02
589 2.257662594432652E-02
590 2.901041608944193E-03
591 -1.871326481838100E-03
592 2.373900458948983E-03
593 -3.995434776135694E-02
594 3.058266558500977E-02
595 2.864087425284600E-02
596 4.920902307519667E-02
597 -9.496350134334195E-03
598 -1.407954809051832E-02
599 -2.680952339368877E-02
600 -3.085565907672391E-03
601 2.108249105414197E-02
602 2.526682540892138E-02
603 6.615563523176836E-02
604 4.723503162251508E-02
605 -6.576856141512120E-02
606 -3.752796660677713E-04
607 7.440784847233458E-03
608 7.149660010266423E-03
609 -3.240652251644596E-02
610 -5.870672936478328E-03
611 2.679864396556591E-03
612 6.092023273283670E-03
613 -6.907148592684651E-03
614 1.722945199190858E-02
615 -1.898136412078220E-02
616 4.822681779419068E-03
617 2.984184777258506E-03
618 -3.069936512701340E-02
619 -2.376043884554970E-03
620 -5.898064650629101E-03
621 -4.169015317065965E-04
622 -7.324296919285670E-03
623 2.205400370031068E-02
624 2.993737126233768E-02
625 3.972677015868217E-02
626 3.084276679795322E-02
627 3.262635235429594E-02
628 3.818121488327759E-02
629 -2.606544776848363E-02
630 -2.256268750218120E-02
631 -1.942034070010999E-02
632 3.223275235580193E-03
633 2.302057341397257E-03
634 2.473982094860634E-03
635 3.032005376561626E-03
636 4.030075639763194E-03
637 2.590748660534827E-03
638 2.904200712413007E-02
639 2.398984037530995E-02
640 3.784196327568883E-02
641 3.962279711836086E-02
642 4.468806771610394E-02
643 3.466054576871362E-02
644 3.140760588704912E-02
645 1.355522573912009E-03
646 8.626602943008601E-04
647 1.190557888223290E-03
648 -3.866140824896701E-03
649 -5.068921044282776E-03
650 -4.594207913067227E-03
651 1.280083370712470E-03
652 6.584454144008484E-04
653 1.149882348336219E-03
654 -2.630006337050032E-02
655 -1.941937997530450E-02
656 6.475926714211351E-03
657 5.437708847486230E-03
658 5.150091023167635E-03
659 4.092213161610923E-03
660 5.727340658208926E-03
661 3.540730621060534E-03
662 -4.766987126145933E-02
663 -6.162783079754304E-02
664 -5.201484805215661E-02
665 6.527218024226828E-03
666 7.025454760418695E-03
667 2.213556922429856E-03
668 1.783535511729642E-03
669 1.061416045515411E-03
670 -2.125417182238458E-02
671 -1.596260721815095E-02
672 -2.214177942849555E-02
673 7.297713246177976E-03
674 3.209455278534249E-03
675 -6.016642351980999E-04
676 -9.074821086210521E-04
677 -5.257798728619242E-04
678 3.001817665338831E-03
679 1.298561229411573E-03
680 1.807765724970437E-02
681 4.149839209064445E-02
682 5.368973383348657E-04
683 5.343933660501395E-04
684 -2.010688425498440E-02
685 -2.725605298927433E-02
686 2.079892682345027E-02
687 2.759771019121048E-02
688 2.336014442662757E-02
689 1.697498833126300E-03
690 -5.282812378472356E-03
691 -7.314634411767829E-03
692 -7.830937775209216E-03
693 1.077705477828271E-02
694 6.311066927329360E-03
695 4.101933158184723E-03
696 4.158441256318318E-03
697 1.516210739137306E-03
698 8.370694884109259E-04
699 -5.584021257942213E-03
700 -1.990288538340649E-04
701 -1.297813315142562E-03
702 -3.253712550866385E-02
703 -3.677499898948892E-02
704 -3.025735003019120E-02
705 -2.600883202340403E-03
706 -3.085247894624577E-03
707 4.006835058679156E-02
708 3.669260401849078E-02
709 3.400241328036831E-02
710 -2.038973197992068E-03
711 -1.232981730412658E-03
712 -1.730305996664627E-03
713 2.556350674360956E-03
714 3.075228941269043E-02
715 4.871043883260560E-02
716 5.214013438633087E-02
717 -6.968746807046006E-03
718 -9.773749308521047E-03
719 -8.940778051995481E-05
720 -5.130076003485384E-04
721 2.111476901253700E-02
722 2.818911697693820E-02
723 -1.883984853589197E-04
724 -2.416869485270889E-05
725 -5.823526639472872E-04
726 1.347945551850837E-02
727 8.427583711431354E-03
728 8.563778071301559E-03
729 6.190306329268376E-03
730 1.102756220197654E-02
731 1.118382825090164E-03
732 5.432872489472351E-03
733 4.561143243234648E-03
734 6.050178390541174E-02
735 5.765469281039898E-02
736 4.882490026025310E-02
737 4.752250357682875E-04
738 9.416427933646152E-05
739 -4.026355971696315E-02
740 -5.431835576535991E-02
741 -3.098329112749704E-02
742 -3.939074015099560E-02
743 -3.272819257156055E-02
744 -1.097384985142441E-02
745 -1.737597889596220E-02
746 -1.288598497539368E-02
747 -2.452890319457284E-02
748 -2.829252954960212E-02
749 -1.467080731908016E-02
750 -2.006735395293943E-02
751 -1.801799176507724E-02
752 -2.235526828378080E-03
753 -1.512364109969168E-03
754 1.064661759557785E-04
755 4.320330379562557E-03
756 -2.688605515415159E-03
757 -3.822297464329613E-03
758 -3.178887022963111E-03
759 5.158776594871950E-04
760 8.073383744313953E-05
761 -4.497564433192019E-03
762 -8.421485354739199E-03
763 2.676943620954174E-02
764 3.289387572334159E-02
765 2.162257226859192E-02
766 1.184341175990731E-02
767 1.049971320392685E-03
768 1.408426263266640E-02
769 1.099628962329069E-02
770 -9.627077366936394E-03
771 -1.117912556067304E-02
772 1.252693137884857E-02
773 1.396290376564115E-02
774 1.585057098169348E-02
775 8.960620411430861E-03
776 1.077438798813138E-02
777 1.216367082068320E-02
778 2.170835794875925E-03
779 4.625072891141408E-03
780 3.190028108717752E-03
781 9.368778838235784E-03
782 6.578376144228648E-05
783 -1.784339459119206E-03
784 1.154545691393423E-03
785 -3.375847306580752E-03
786 -3.813551584955806E-03
787 -3.037640376295452E-03
788 -9.594947781647326E-03
789 -1.303900117804739E-02
790 -1.237172800778241E-02
791 3.382007558592292E-02
792 2.652196563554683E-02
793 -2.045399411483224E-02
794 -2.707232337633430E-02
795 -2.384528649156687E-02
796 -2.769576550350560E-03
797 -3.454403204726015E-03
798 -3.867140056285487E-03
799 1.935591615668862E-02
800 2.373913610395808E-02
801 2.598680206782747E-03
802 1.515274334922514E-03
803 3.933639002127277E-03
804 -2.786239662725028E-03
805 -2.845395033000200E-03
806 -2.560485582812552E-03
807 1.559450831703973E-02
808 1.985372595869781E-02
809 -8.791321634153829E-06
810 -1.092725139151512E-04
811 1.046018490542854E-04
812 -2.143092477521719E-03
813 -2.186351714583814E-03
814 -6.717345360011847E-03
815 -3.557874114372177E-03
816 -3.664850559103135E-03
817 -5.271963980483690E-03
818 -3.037993745801972E-03
819 -3.145996639031429E-03
820 -5.966929468816133E-03
821 -4.372578181990576E-03
822 -6.940406074284905E-03
823 -6.009327975571270E-03
824 2.419224672072619E-03
825 1.166206512783788E-02
826 -5.485798522426044E-03
827 -3.003421017697184E-03
828 -6.670513918111268E-03
829 1.426352475579052E-02
830 1.950902616432389E-02
831 1.566144379017788E-02
832 2.245905148995349E-03
833 4.812881265878895E-03
834 2.900704675895394E-03
835 1.728488059183782E-02
836 1.103170729326379E-02
837 1.035165602890006E-02
838 -1.215306216965608E-02
839 -1.218713338961614E-02
840 6.311292438170302E-03
841 7.589564099578134E-03
842 9.296689344263880E-03
843 -9.818671240505759E-03
844 -3.818827742634664E-03
845 -9.757346899084387E-03
846 -1.478609220403413E-03
847 -3.111426865321920E-03
848 -9.146949818625869E-04
849 -5.463488193247213E-03
850 -7.829638134362802E-03
851 -7.563355701337803E-03
852 5.106867666562898E-03
853 6.045925764155589E-03
854 1.911531957143762E-03
855 1.455172316967114E-03
856 5.182806267400072E-03
857 6.070843744843725E-03
858 9.270416663005423E-03
859 1.325091577173053E-02
860 1.248481897932383E-02
861 2.860795482106645E-03
862 4.543899919906971E-03
863 -1.032353930599039E-03
864 -4.282021465139932E-04
865 -2.553017014999817E-03
866 -8.676904284022978E-03
867 -1.484626023417938E-02
868 -4.885012590340560E-03
869 -4.407581355943338E-03
870 5.433578227271498E-03
871 9.189158664225490E-03
872 1.558165069055479E-02
873 1.931850366908204E-02
874 1.308505933418079E-02
875 1.117668592587708E-02
876 -2.102835686425995E-02
877 -2.748321495824273E-02
878 -5.500574280152987E-03
879 -3.292696263641775E-03
880 -4.707709239507767E-03
881 -4.399212574036292E-03
882 -1.036894978555363E-03
883 -1.602353461550581E-03
884 -3.977137050939367E-02
885 -3.675109908838713E-02
886 -3.370058985586334E-02
887 3.152115154983136E-03
888 3.741807456868151E-03
889 1.360794815573835E-03
890 -1.005084898178668E-03
891 1.637404871378081E-02
892 1.221612930525498E-02
893 2.081386556417782E-02
894 -1.727208199786506E-02
895 -2.359015647255864E-02
896 -4.215969632797765E-03
897 6.422739315721071E-03
898 6.518215652526311E-03
899 1.823681535301004E-03
900 4.895771142063110E-04
901 -2.527393246741376E-03
902 3.549094081076405E-03
903 3.461091912647823E-03
904 -2.343837552192308E-03
905 1.116188524718585E-02
906 -8.952939063604632E-03
907 3.038553437209280E-03
908 1.713802243955773E-03
909 -2.536777860197822E-03
910 -1.530958345470613E-03
911 -2.079413491366041E-02
912 -2.232670826899934E-02
913 2.406400865204031E-02
914 2.732824565436667E-02
915 -1.183839553605654E-02
916 1.423978598514658E-04
917 6.006945556242323E-03
918 1.596923931335652E-03
919 -1.443064438587956E-02
920 -1.760811628210440E-02
921 1.568485339526698E-02
922 1.349159834712680E-02
923 -4.901848881507820E-03
924 -4.224272860100155E-03
925 -1.352926016064674E-02
926 -1.668436454426530E-02
927 -3.392380479049991E-02
928 -2.802572246233107E-02
929 5.968459851897085E-03
930 4.424983299729006E-03
931 1.697195873934119E-03
932 4.057091166518589E-02
933 2.839665156107331E-02
934 -7.885407958607484E-03
935 -5.058273470223251E-03
936 -2.273772709455302E-02
937 -3.339505940657602E-02
938 -1.280589688744955E-02
939 -8.914760996085867E-03
940 -6.922069890463650E-03
941 -3.380276952852321E-02
942 9.156629486462967E-03
943 2.077274042435281E-02
944 -1.698194674694910E-04
945 1.599297531393592E-04
946 -5.000907791644457E-03
947 -7.057682442668656E-03
948 -3.484121916807386E-03
949 3.832745287917916E-04
950 -2.527754541088103E-03
951 -2.719292529429225E-03
952 -4.768976948002681E-03
953 1.796562329844601E-02
954 1.547247397856947E-03
955 -1.007936206786155E-03
956 8.770542855567312E-04
957 -1.454433360631500E-02
958 -1.077187561409967E-02
959 -4.534334673856635E-03
960 -1.913037368190778E-03
961 -1.403335590145650E-03
962 -7.205562381437785E-03
963 -9.777909780977399E-03
964 -1.058542582704914E-02
965 -1.166823292576082E-02
966 3.677378414151976E-03
967 4.824844435941438E-04
968 -4.477172459730097E-03
969 -3.435891547517630E-03
970 8.154416979266879E-04
971 -4.235600250054456E-04
972 -2.153537940705622E-02
973 -2.100655376458941E-02
974 -2.932925985627508E-03
975 -2.453286289956893E-03
976 -1.633607915856765E-03
977 7.362228043533108E-03
978 6.659736701333291E-03
979 6.339889786156639E-03
980 7.327167219090809E-03
981 2.534830731890667E-02
982 2.368435513443430E-02
983 3.292242124129448E-02
984 -1.018784516283045E-02
985 -2.986267085204909E-02
986 -2.302836478315700E-02
987 -2.580402305020726E-02
988 -2.970473378815933E-02
989 3.526983894977979E-02
990 1.710033800454790E-02
991 2.097205686393156E-02
992 -4.708719288435693E-04
993 -3.347865705214600E-04
994 1.409364998164315E-03
995 2.339374540801159E-03
996 2.990919585850196E-03
997 6.077104679164306E-03
998 6.446141985315375E-03
999 -7.474529165068446E-03
1000 -1.533601424311313E-03
1001 -1.236194766461060E-02
1002 4.282242942151532E-03
1003 5.659801192412382E-03
1004 1.097762903507166E-03
1005 3.063689996890734E-03
1006 -4.681567878821357E-03
1007 -3.200736046276509E-02
1008 -4.285693872066544E-03
1009 -4.031904858209224E-03
1010 -1.816794362267647E-03
1011 -6.399715901274022E-05
1012 -3.626848505478280E-03
1013 -2.760213537285731E-03
1014 2.754769762695084E-03
1015 1.513280651003622E-03
1016 2.462866378049532E-02
1017 2.994941302050786E-03
1018 -3.421452181817987E-03
1019 -3.204186828066198E-03
1020 -1.524625369267684E-02
1021 -5.583799972591261E-03
1022 -6.267756654589937E-03
1023 -6.203383104709699E-03
1024 -3.101134746233583E-03
1025 -3.055313707321369E-03
1026 3.363943092288984E-03
1027 -5.636118118720590E-02
1028 -4.980184588768966E-02
1029 -3.435708155363367E-03
1030 -6.304471499041978E-03
1031 -1.488492965150138E-03
1032 -2.171358052075855E-03
1033 2.768702151270772E-03
1034 -1.674152959328141E-03
1035 -3.810632034061950E-03
1036 4.206019194094191E-04
1037 3.821837536973724E-03
1038 2.810259717849658E-03
1039 3.897189381118351E-03
1040 3.574405747528271E-03
1041 -5.905749247332457E-03
1042 -3.567930869866206E-03
1043 5.863803204745848E-03
1044 4.306181973513644E-03
1045 1.342742015329301E-03
1046 -6.482848524864923E-03
1047 -6.447684845649304E-03
1048 1.683753226578176E-02
1049 4.464789367098773E-02
1050 -5.661720800989962E-03
1051 3.485257175456630E-03
1052 -1.879805376562201E-03
1053 -9.529322614032947E-04
1054 -2.072492211396520E-02
1055 -2.549586370188178E-02
1056 -9.919960935412853E-03
1057 -1.120474357804603E-02
1058 -1.513849388176939E-02
1059 -1.163318557872970E-02
1060 -2.183315337056089E-03
1061 1.987606569305253E-03
1062 5.803695956512546E-03
1063 7.235914779118021E-03
1064 -2.995506526440866E-03
1065 -4.031326667716785E-03
1066 -1.070375600018361E-02
1067 -1.818602819791839E-02
1068 4.170359760604667E-04
1069 -5.718918038610223E-03
1070 -6.828273786324657E-03
1071 -6.279628752990926E-03
1072 -3.707482857557400E-02
1073 -3.170229759179218E-02
1074 -3.623903923203807E-02
1075 3.150582561840531E-03
1076 4.499215278706392E-03
1077 1.025690163957263E-02
1078 -5.765645607476297E-03
1079 9.939665135344561E-03
1080 -7.322688540731767E-02
1081 -3.996447918480514E-02
1082 -4.732018152465604E-02
1083 -8.003724943270105E-03
1084 -2.158863207846240E-02
1085 -2.512381574163745E-02
1086 1.670149721917698E-03
1087 6.020833702558780E-03
1088 -1.722773373379183E-03
1089 -8.289413022463834E-04
1090 4.263128408177955E-03
1091 -1.408300357985951E-03
1092 5.012137031535996E-03
1093 3.593352857145580E-03
1094 1.528646574560218E-03
1095 -4.724902033100485E-03
1096 2.400998443387654E-03
1097 1.304779009845536E-03
1098 -5.023935759431178E-03
1099 -5.838276412516875E-03
1100 1.190540861363214E-03
1101 -1.788657100488161E-02
1102 -2.881285547964569E-03
1103 -5.102923018071596E-04
1104 7.892411368502743E-06
1105 -2.930850916542047E-02
1106 -3.579771826686245E-02
1107 -3.000642681777005E-03
1108 4.384705608539344E-03
1109 2.070461083485280E-03
1110 2.438782182110988E-03
1111 2.648277822909602E-03
1112 4.540421589272680E-04
1113 -2.110056373859167E-03
1114 -1.633956363856535E-03
1115 -3.440607568456728E-04
1116 -1.658701793327880E-04
1117 -1.943945065772197E-03
1118 -1.783763540018652E-03
1119 -2.698044167887032E-02
1120 1.929183493144722E-02
1121 1.748392502691786E-02
1122 -5.679732803331873E-03
1123 4.151726088369381E-02
1124 2.658667255844548E-03
1125 5.501453778710597E-04
1126 -1.711787492950477E-02
1127 -1.528732961479968E-02
1128 -2.402837612975468E-02
1129 -1.349740633764046E-02
1130 5.286896455875757E-03
1131 -1.379706452275102E-03
1132 6.329168798231818E-02
1133 -1.121973374560315E-03
1134 -2.615200174844726E-03
1135 1.223810015533546E-02
1136 7.917540417909008E-03
1137 -2.792607218158836E-02
1138 7.062388700498686E-03
1139 -1.818602054016353E-03
1140 3.067034014692859E-04
1141 1.296939034130194E-03
1142 8.422627480335100E-04
1143 9.679329532952117E-03
1144 4.772061709080649E-03
1145 5.477925127724039E-03
1146 4.552078543431206E-03
1147 -1.629325289233506E-03
1148 -1.419719156961274E-03
1149 -1.273218205310205E-03
1150 6.910847385271282E-02
1151 7.984454335194188E-02
1152 -1.840436900397795E-02
1153 6.853840905925002E-03
1154 6.035822953099589E-03
1155 5.674224141445873E-03
1156 -2.994104492539411E-02
1157 -2.100132427667983E-03
1158 -6.287040739321865E-03
1159 -7.104897572204380E-03
1160 5.094578439345278E-02
1161 6.142110563875827E-02
1162 -9.519847750944374E-02
1163 -8.523697382727333E-02
1164 -7.901790718226898E-02
1165 -6.856314062257905E-02
1166 -6.079011873468357E-02
1167 -5.049709518281663E-02
1168 3.415560147285096E-02
1169 4.381783831438527E-02
1170 -4.165412204860727E-02
1171 -3.205532596127274E-02
1172 -2.434770617101590E-03
1173 -5.257256569413967E-03
1174 -2.348872112610451E-03
1175 -1.075178627410751E-03
1176 -7.618460634493177E-04
1177 9.607990271967344E-04
1178 1.388524746935742E-03
1179 -8.418920881780201E-03
1180 -6.120785346640466E-04
1181 -9.808727025422797E-03
1182 -1.931617588789127E-02
1183 2.065629872537864E-03
1184 -1.355875344380059E-02
1185 -1.742813925275440E-02
1186 -1.364389833343975E-02
1187 -6.785706772834658E-03
1188 -1.040771618747974E-02
1189 2.925216929206931E-02
1190 3.379312706060640E-02
1191 1.872585210957427E-02
1192 2.453607636410122E-02
1193 9.321967748600498E-03
1194 3.658484535614558E-02
1195 3.982939290452055E-02
1196 -2.406153387235912E-02
1197 -1.847131932409593E-02
1198 1.181073029374918E-02
1199 1.513754392392236E-02
1200 2.756065398164231E-03
1201 4.235031734652386E-02
1202 4.424394107473012E-02
1203 -2.949095588292068E-02
1204 -3.408909107603925E-02
1205 -2.951403933963775E-02
1206 4.612915067312364E-02
1207 4.671023302833778E-02
1208 3.211373264142774E-03
1209 2.469063371208923E-03
1210 5.606893988075418E-03
1211 4.832168141940414E-02
1212 4.754086175355916E-02
1213 -5.611088662990390E-03
1214 -1.276857192787555E-03
1215 4.436806038602686E-02
1216 4.253199750638680E-02
1217 4.160838379515533E-02
1218 3.857198138525223E-02
1219 3.549531329922879E-02
1220 3.142775730397486E-02
1221 2.745365661957823E-02
1222 2.269208366465118E-02
1223 1.827658396457245E-02
1224 1.291037079751847E-02
1225 8.274708503043833E-03
1226 2.496097932036056E-03
1227 -2.483769360002263E-03
1228 -8.049246852662863E-03
1229 -1.294416199793531E-02
1230 -1.825593249936411E-02
1231 -2.309808604003761E-02
1232 -2.802696035100009E-02
1233 -3.135564464316734E-02
1234 -3.542621820445149E-02
1235 -3.790143260049048E-02
1236 -4.088858526094939E-02
1237 -4.366643288707028E-02
1238 -4.557434614217067E-02
1239 -4.692249710285686E-02
1240 -4.758496933443213E-02
1241 -4.844024627705139E-02
1242 -4.780024870040352E-02
1243 -4.429089258314065E-02
1244 -4.242904611613967E-02
1245 -4.074844253025980E-02
1246 -3.748032952090190E-02
1247 -2.181908879054202E-03
1248 6.849368846061792E-03
1249 2.288813826272208E-03
1250 3.018413326604823E-03
1251 -2.838637307413130E-02
1252 2.834008209771573E-03
1253 3.389667223043295E-03
1254 3.305392098203592E-03
1255 -1.747760470379292E-03
1256 -7.985564521284388E-02
1257 -9.909531635237878E-02
1258 -1.609159453707064E-02
1259 1.044485511318561E-03
1260 -5.654604943444467E-03
1261 -6.060132738278842E-03
1262 -7.045119756695816E-03
1263 9.939491715819872E-02
1264 7.978171265052475E-02
1265 2.281062721774519E-02
1266 -1.958977578943141E-02
1267 -1.135908056647659E-02
1268 1.145470633911730E-02
1269 8.116659351983083E-03
1270 3.880956101767145E-03
1271 8.815090246171660E-04
1272 7.065364911486895E-03
1273 1.400541581899366E-02
1274 -1.206505209710073E-03
1275 -9.019294112443878E-04
1276 -4.632294071455519E-02
1277 -6.326319042890584E-03
1278 -1.760264444671166E-04
1279 6.568218194271551E-03
1280 -3.155763534892828E-02
1281 -2.195056451283304E-03
1282 -3.402191307836185E-03
1283 7.651938063169363E-02
1284 8.670603220463877E-02
1285 -1.725325588130817E-03
1286 -1.203254936553480E-03
1287 3.106959922221333E-03
1288 3.912043834098943E-03
1289 3.825663735368144E-03
1290 -5.536252812015686E-03
1291 -4.245533515743631E-02
1292 2.618625745412802E-03
1293 1.707289414952276E-03
1294 6.387169667189439E-03
1295 -6.951085813251970E-04
1296 -1.503304061111248E-03
1297 -4.197229242643648E-03
1298 2.756017914910122E-03
1299 2.545446546376647E-03
1300 2.634133337973129E-03
1301 -1.061554985598261E-02
1302 -5.430525584543359E-03
1303 -6.607548282519966E-03
1304 2.468619780159647E-03
1305 2.156100452681722E-03
1306 -2.710540397166604E-03
1307 1.453835587140872E-02
1308 9.697640627911067E-02
1309 4.177753884879510E-03
1310 2.197782073651955E-03
1311 -2.162527415593292E-03
1312 2.571227469875462E-03
1313 3.734574416721165E-03
1314 2.952309534154800E-03
1315 -7.145334636154098E-04
1316 -1.025145004699695E-02
1317 1.831251783854278E-03
1318 -3.830996090371131E-03
1319 3.640083858508573E-02
1320 3.261193623261759E-02
1321 2.596196648812511E-02
1322 1.803822569237949E-02
1323 -9.297666559374062E-03
1324 -4.061823229905903E-02
1325 -3.474861580913288E-02
1326 -9.223518061098623E-04
1327 2.266316271180301E-03
1328 -7.316562108198019E-03
1329 -2.391685890919060E-02
1330 -1.496058016078586E-02
1331 2.425702282633829E-02
1332 3.187377211732709E-02
1333 4.000029806497221E-03
1334 3.987271600912200E-03
1335 2.482346153614092E-02
1336 2.322543941820928E-02
1337 2.709102698587167E-02
1338 -3.445653301727409E-03
1339 7.290160248497486E-03
1340 3.706323272572881E-03
1341 -1.821027712031163E-03
1342 -2.240538156679359E-03
1343 9.958925828272458E-04
1344 1.605145794731352E-06
1345 1.740477115719049E-02
1346 1.320333479667840E-02
1347 7.024782550108756E-04
1348 -3.801855520715991E-04
1349 1.597962570074359E-02
1350 -1.341794227984083E-02
1351 2.967148399348869E-03
1352 1.536808970222591E-02
1353 -1.120330129984267E-02
1354 -1.581503289074391E-03
1355 7.851724477642776E-04
1356 6.134109431445326E-03
1357 7.007212467261975E-03
1358 3.209574745481768E-04
1359 6.542646885258506E-03
1360 -8.762114898523462E-04
1361 2.596317841855402E-03
1362 3.944106651709852E-03
1363 3.330519353739131E-03
1364 2.436286590445087E-03
1365 1.628389940719069E-02
1366 1.876467977918098E-02
1367 2.121779814268623E-02
1368 1.293818397590658E-02
1369 1.652399484471360E-02
1370 9.679810049503756E-03
1371 7.524115118025762E-03
1372 3.215683687651463E-02
1373 -6.419118910812793E-03
1374 1.476920836777716E-02
1375 2.601173503922500E-02
1376 2.470680889290267E-02
1377 2.113873711395265E-02
1378 -7.414909104838147E-02
1379 6.321383504435441E-02
1380 4.993328099540129E-03
1381 -4.056058684367708E-02
1382 1.952395092270472E-02
1383 5.665769101833072E-02
1384 7.707101456415968E-02
1385 1.218674980630570E-02
1386 3.020329627480284E-02
1387 2.752126169086098E-02
1388 2.270737229812628E-02
1389 2.302841019838404E-02
1390 1.917027092071805E-02
1391 1.005467216103511E-02
1392 -7.184457711999582E-04
1393 -6.594318934556572E-04
1394 -3.594996666468985E-04
1395 -2.739657544028151E+00
1396 2.846161707130015E+00
1397 2.265647647964557E+00
1398 -2.273166404235440E+00
1399 2.438783396460358E+00
1400 -2.404381661846525E+00
1401 -1.114355092940546E+00
1402 1.167036638434010E+00
1403 -6.931426640904871E-02
1404 7.214055396402390E-02
1405 1.487763655827613E+00
1406 -1.461566853608502E+00
1407 2.352294571497459E-01
1408 -2.282790793637781E-01
1409 1.081225022153600E+00
1410 -9.758499684438871E-01
1411 2.141487451644532E+00
1412 -2.141894070735094E+00
1413 -2.685548978546814E+00
1414 2.743961753604106E+00
1415 -2.678970473162111E+00
1416 2.617425456403911E+00
1417 -1.936254201457462E+00
1418 1.984227268106106E+00
1419 -7.183591266989401E-01
1420 7.042266631771191E-01
1421 8.404772907794505E-02
1422 -8.226074610531675E-02
1423 4.446639519831959E-02
1424 -4.237530508808060E-02
1425 1.126385698748734E-01
1426 -1.145761239699443E-01
1427 2.491992409142723E-02
1428 -3.006964991837294E-02
1429 -1.122587107117334E-01
1430 1.099501279185609E-01
1431 -5.761798780950048E-02
1432 5.821867500453506E-02
1433 1.901955608399629E-01
1434 -2.030898207557087E-01
1435 -7.588221795605300E-02
1436 8.003823224251901E-02
1437 2.667829168876903E+00
1438 -2.732322098013502E+00
1439 -2.813772728918068E-01
1440 4.092654581180771E-02
1441 -3.689056722742357E-02
1442 1.076470744405921E-02
1443 6.991325572858084E-02
1444 8.433840277540849E-02
1445 -6.845322506490277E-02
1446 -8.307772804215030E-02
1447 1.240107588752584E-01
1448 -1.282312964217064E-01
1449 2.572832227301044E-02
1450 -2.765080901483747E-02
1451 -1.321862407351340E-01
1452 1.323024651871740E-01
1453 6.413397620307884E-02
1454 -6.279757935418270E-02
1455 1.651312790111098E-01
1456 3.399712024825302E-01
1457 2.773770650672883E-01
1458 4.909768397022009E-01
1459 2.188856618082100E-01
1460 3.557455804142438E-01
1461 -1.650196937884595E-01
1462 -3.476469283052271E-01
1463 -2.769796385231781E-01
1464 -5.085403269963783E-01
1465 -2.175086341586079E-01
1466 -3.558589379403487E-01
1467 -1.523589848648568E-01
1468 -2.007113741025256E-01
1469 -8.646916832573569E-02
1470 -1.944133638541962E-01
1471 -4.517092408384359E-02
1472 -1.577287455122289E-01
1473 3.125430834423643E-02
1474 -3.306186966736582E-01
1475 -6.889839586336516E-02
1476 1.597332951674895E-01
1477 2.084820387107832E-01
1478 3.534523129398515E-01
1479 3.473797503560781E-01
1480 5.219108812802381E-01
1481 4.510868527054950E-01
1482 5.911712290931236E-01
1483 5.078997263329089E-01
1484 6.243642869466829E-01
1485 7.339503715926988E-01
1486 7.347800124921190E-01
1487 6.241906052426139E-01
1488 7.035956421067721E-01
1489 5.990448430311478E-01
1490 6.519744880461186E-01
1491 5.566570392101300E-01
1492 5.889888106282739E-01
1493 6.848492202256372E-01
1494 6.076032048282011E-01
1495 6.947345881915523E-01
1496 6.068468158465632E-01
1497 6.842164908393188E-01
1498 5.866398928092997E-01
1499 6.516125074141025E-01
1500 5.510962790691490E-01
1501 6.005622482272767E-01
1502 5.254685463834362E-01
1503 5.028931310775505E-01
1504 5.347570454709425E-01
1505 4.429277541056841E-01
1506 4.578945107803021E-01
1507 5.043742200741946E-01
1508 3.767779439813694E-01
1509 3.777775548062159E-01
1510 4.614583250022518E-01
1511 3.648994987788332E-01
1512 2.964179943208226E-01
1513 2.691300081482683E-01
1514 2.166824780437543E-01
1515 1.788312722599600E-01
1516 2.243491393953508E-01
1517 1.237573217080000E-01
1518 9.625524228349931E-02
1519 3.862636158209320E-02
1520 5.194204288157209E-02
1521 -3.962004731899094E-02
1522 -3.186503494982101E-02
1523 -1.158378224052967E-01
1524 -1.334623985763828E-01
1525 -2.065775781715020E-01
1526 -1.786314898306136E-01
1527 -2.632011017296328E-01
1528 -3.091887405548110E-01
1529 -3.599812538950549E-01
1530 -3.013741028492168E-01
1531 -3.899790553763434E-01
1532 -4.689990214746655E-01
1533 -4.844246109997115E-01
1534 -4.073813906363929E-01
1535 -4.886894695845812E-01
1536 -5.814744032101355E-01
1537 -5.685039759628995E-01
1538 -6.736708320647894E-01
1539 -6.416655100837755E-01
1540 -5.332995792486507E-01
1541 -6.020848599716763E-01
1542 -7.072939967268986E-01
1543 -6.491865739460765E-01
1544 -7.580662640244298E-01
1545 -5.555456410150940E-01
1546 -6.776313435107465E-01
1547 -7.831020379853931E-01
1548 -6.887178171838211E-01
1549 -7.835844545540956E-01
1550 -6.828982856138927E-01
1551 -7.593729577378241E-01
1552 -6.046925865285733E-01
1553 7.173413145674745E-01
1554 3.667617821520687E-01
1555 -5.978256555426860E-01
1556 -5.303988677221120E-01
1557 -8.786020309759648E-01
1558 -8.283331688875483E-01
1559 8.694402178361798E-01
1560 -9.639955932981351E-01
1561 -8.848014900569564E-01
1562 -7.567988418329415E-01
1563 -7.748273556091548E-01
1564 -5.189766386417846E-01
1565 -4.617728882526873E-01
1566 8.698774399184374E-01
1567 -9.217232693263241E-01
1568 -7.733661984586894E-01
1569 -6.462532135887914E-01
1570 -6.236669422422458E-01
1571 1.031275204092809E+00
1572 5.114427587471753E-01
1573 -4.651249405066761E-01
1574 -4.051265922139988E-01
1575 -4.015379821228995E-01
1576 -3.487224956383306E-01
1577 -3.395932396741886E-01
1578 -2.927070920009679E-01
1579 -2.803984673020921E-01
1580 -2.980153433032964E-01
1581 -2.455809549320128E-01
1582 -5.088780227182074E-01
1583 -4.303113523107492E-01
1584 -4.954218887562123E-01
1585 -2.979202259363158E-01
1586 -3.232807994496080E-01
1587 -1.010913708409060E+00
1588 1.034856652513554E+00
1589 7.926246181797358E-01
1590 -9.346318508170879E-01
1591 -1.104373024058081E+00
1592 -4.448497852090323E-01
1593 -4.902475540349633E-01
1594 -6.952704820361238E-01
1595 -3.150827368720023E-01
1596 -1.204946891499713E-01
1597 -8.484145347957935E-01
1598 -2.865660168235259E-01
1599 -8.413720458633081E-02
1600 1.054926765580830E-01
1601 4.739444265569193E-01
1602 3.470506945901804E-01
1603 4.471907248482430E-01
1604 -2.616250676538478E-01
1605 -2.993926597350091E-01
1606 1.225819998725122E+00
1607 3.086748084977136E-01
1608 3.029219085373399E-01
1609 2.519000815937490E-01
1610 2.483552989416612E-01
1611 2.910502856307678E-01
1612 2.042351641665765E-01
1613 1.177238393872772E+00
1614 -2.487795565139390E-01
1615 -1.989446565581846E-01
1616 -2.212263531937258E-01
1617 2.381380471527363E-01
1618 2.736917049162609E-01
1619 4.342890581309670E-01
1620 3.994424993759608E-01
1621 1.398241083205250E+00
1622 1.299477789096108E+00
1623 -4.125019255957742E-01
1624 -3.425522753987657E-01
1625 -3.482523110596981E-01
1626 -2.877699919818254E-01
1627 -2.938489201400389E-01
1628 -2.420046779995253E-01
1629 -2.457238885108033E-01
1630 -2.291095866521309E-01
1631 -1.921424388467958E-01
1632 -1.740732371149370E-01
1633 -3.446000660691768E-01
1634 2.354485853645760E-01
1635 3.535108801573447E-01
1636 5.558415556152528E-01
1637 5.821843877539515E-01
1638 8.790658572559342E-01
1639 7.657922474225226E-01
1640 1.103356608616326E+00
1641 5.359728597567972E-01
1642 -2.402614285961741E-01
1643 -4.127650757500335E-01
1644 -4.438690524376821E-01
1645 1.223499168570846E+00
1646 -1.123158210500607E+00
1647 -2.710299467688455E-01
1648 -1.328807811685736E+00
1649 1.530501987740983E+00
1650 1.380368048646842E+00
1651 1.609885311270460E+00
1652 1.415591122332088E+00
1653 -1.457968449858377E-01
1654 -1.236127563389701E-01
1655 2.223311378976517E-01
1656 2.504680752015718E-01
1657 -3.646507390312092E-01
1658 1.663027459443681E+00
1659 1.406764272267006E+00
1660 1.580071174293890E+00
1661 1.339838781449702E+00
1662 1.484230485137266E+00
1663 1.233400576017364E+00
1664 1.328527137391021E+00
1665 1.088915010010807E+00
1666 1.126647565841887E+00
1667 9.163567315974334E-01
1668 9.111078396642900E-01
1669 7.293596982610072E-01
1670 6.742060986467302E-01
1671 5.375074149743134E-01
1672 4.463293422769185E-01
1673 1.033456366507191E+00
1674 3.521923825362767E-01
1675 2.370676494061841E-01
1676 3.077471092309807E-01
1677 7.901611391811478E-02
1678 5.912698798940635E-02
1679 -1.090649911728633E-01
1680 -3.890765555709894E-01
1681 3.549483024050948E-02
1682 -1.660055486601813E-01
1683 2.223783347191750E-01
1684 -1.325888165029043E-01
1685 -3.130498052509681E-01
1686 -2.780558476649709E-01
1687 -4.595653728867506E-01
1688 -5.534356611082062E-01
1689 -6.697119883790438E-01
1690 -5.480264538823286E-01
1691 -7.374469641184612E-01
1692 -9.017633311997676E-01
1693 -9.329734425034172E-01
1694 -1.133160882696817E+00
1695 -1.119041080420472E+00
1696 -1.398345442001903E+00
1697 -1.291984606408916E+00
1698 1.114535943681911E+00
1699 -1.540467163945741E+00
1700 -1.412369355077358E+00
1701 -1.682286185122577E+00
1702 -1.497449914636886E+00
1703 -1.754933714211140E+00
1704 -1.533876217787040E+00
1705 -1.752878560771072E+00
1706 -1.197018525259761E+00
1707 1.206563148968431E+00
1708 1.901842724302012E-01
1709 -3.813224284233553E-01
1710 -1.347377453649200E+00
1711 2.001391277872077E-01
1712 1.599613341082984E-01
1713 1.483427834919353E-01
1714 1.171280615135992E-01
1715 9.876354590582059E-02
1716 -2.175619240442173E-01
1717 -2.411160039236541E-01
1718 7.705213433965180E-02
1719 5.445686403509900E-02
1720 3.636651344808353E-01
1721 3.325090068808458E-01
1722 3.560326130244379E-01
1723 2.939307525749835E-01
1724 3.073804788275742E-01
1725 2.499055642006456E-01
1726 2.560879933492147E-01
1727 3.856780373580456E-01
1728 2.031407939727726E-01
1729 2.046400885530352E-01
1730 2.550773471447736E-01
1731 2.018422387294231E-01
1732 2.480637605367503E-01
1733 2.338784044624364E-01
1734 1.550767342959347E-01
1735 1.534609499161037E-01
1736 -3.343765286270546E-01
1737 8.512120728652831E-01
1738 1.102552127214976E+00
1739 1.941900925091908E-01
1740 5.515896842718163E-01
1741 3.050132770985373E-01
1742 -1.037429114328360E-01
1743 -8.015407030410576E-02
1744 -9.652286287531615E-02
1745 -1.994209827526323E-01
1746 -1.539641233073343E-01
1747 -1.472708080293849E-01
1748 -2.444025934992562E-01
1749 1.658040273943088E+00
1750 2.020384471921345E-01
1751 -1.329743700369345E+00
1752 -1.066970464159608E-01
1753 3.982803004300661E-01
1754 2.955732692875351E-01
1755 -1.516297500773968E+00
1756 -1.902396724829168E-01
1757 1.268040100198242E-01
1758 3.032407910324706E-01
1759 1.069487794512901E-01
1760 1.228136005894043E+00
1761 1.067508782396090E-01
1762 9.869539285134108E-01
1763 1.186576754610172E+00
1764 -1.564597503732715E+00
1765 1.162041913505358E+00
1766 -1.105662951823370E+00
1767 1.527765824132484E-01
1768 -6.696678362302254E-02
1769 -7.865787892498050E-01
1770 2.245181091810022E-01
1771 -1.088366959873958E+00
1772 -1.879084592550093E-01
1773 7.073595926423243E-02
1774 1.461586708908551E+00
1775 -3.018689099530962E-01
1776 4.336706635620574E-01
1777 -1.250305412982814E+00
1778 2.785978132903116E-01
1779 -3.386089656053848E-01
1780 -1.917489352528244E-01
1781 -2.104778711568439E-01
1782 -5.444683812644566E-01
1783 -4.257045124193083E-01
1784 4.264601655971809E-01
1785 -9.500844222614054E-02
1786 3.546241141768713E-01
1787 -4.354360120644369E-02
1788 4.262372223624156E-02
1789 -3.603270141900906E-02
1790 -4.561119381786247E-01
1791 7.512948195795408E-01
1792 1.419964290604472E+00
1793 1.392739680210740E+00
1794 1.021411317247588E+00
1795 1.167788720593147E+00
1796 2.964871943122252E-01
1797 1.906719007710467E+00
1798 8.764685776181840E-01
1799 9.826045667173605E-01
1800 -2.606131674405647E-01
1801 -1.300890218070379E+00
1802 -1.640598832758124E-01
1803 -1.784733947508868E-01
1804 6.843376445967889E-01
1805 7.148284426633648E-01
1806 4.417500893690181E-01
1807 3.824953654388785E-01
1808 1.509015378257979E-01
1809 -2.020575485796751E-03
1810 -1.852104500761466E-01
1811 -4.190510920199655E-01
1812 -4.983020859909124E-01
1813 -8.325505921346072E-01
1814 -7.724895275294799E-01
1815 -1.100880574495847E+00
1816 -9.645424573106975E-01
1817 -1.301608338979103E+00
1818 -1.073700491130274E+00
1819 -1.345354453077977E+00
1820 -1.061388536174241E+00
1821 -1.336077774408222E+00
1822 -1.000209064537960E+00
1823 -1.127525887229886E+00
1824 -8.218475864666704E-01
1825 -1.458320503443898E+00
1826 -1.155976521661268E+00
1827 -1.479606839390746E+00
1828 -1.132318253979089E+00
1829 -8.792071392326264E-01
1830 -7.589848485019965E-01
1831 -8.779724831091685E-01
1832 -5.583015171063300E-01
1833 -5.465854448712421E-01
1834 -3.037913003020504E-01
1835 -1.800188343476274E-01
1836 -5.290745880145730E-02
1837 1.864881152037829E-01
1838 1.526414089642573E-01
1839 4.092845935114275E-01
1840 -6.758458143139824E-01
1841 6.233959380934273E-01
1842 -2.053704426023363E-01
1843 1.800226616507564E-01
1844 -9.847020128396252E-01
1845 1.553982336087823E+00
1846 1.236639871646927E+00
1847 9.326860439895285E-01
1848 -1.361466250116965E-01
1849 1.742963611836944E+00
1850 -1.700467750224454E+00
1851 -8.676053879894106E-02
1852 2.340844077771422E-02
1853 3.290806585829076E-02
1854 -5.287479174040276E-01
1855 -5.067072948706876E-01
1856 -2.075555654590652E-01
1857 4.371942407586164E-01
1858 3.426456724069598E-01
1859 -2.266376108910984E-01
1860 -7.927851895726022E-01
1861 -1.982108302388806E+00
1862 1.081616548645300E-01
1863 6.142908038657400E-02
1864 3.680335500095109E-01
1865 -8.303221583645365E-01
1866 7.708255334671668E-01
1867 -7.685953901791209E-01
1868 -6.223752468668959E-01
1869 -3.188731808167348E-02
1870 -3.046669651406217E-01
1871 -1.864782496477998E+00
1872 3.565347513592821E-02
1873 1.468633590234550E-01
1874 1.075561607978766E-01
1875 1.552209699801906E-01
1876 3.519887827424339E-01
1877 3.423457779622055E-01
1878 4.062983508229220E-01
1879 -1.710519088295424E+00
1880 1.951017475504843E-01
1881 -5.694175878491423E-02
1882 -7.130389125894887E-02
1883 -4.451619842077142E-02
1884 -8.289381651469379E-01
1885 5.932469712601732E-02
1886 1.479609303110124E-01
1887 7.041192076848842E-01
1888 9.627796858956715E-02
1889 1.536770971888989E-01
1890 -1.855241602335901E+00
1891 -9.808849343028799E-01
1892 4.925481465044391E-01
1893 -1.606594300645670E-01
1894 1.680389835716901E+00
1895 -6.957697331544797E-01
1896 3.862355183222845E-01
1897 2.408526803697689E-01
1898 1.028722241099772E-01
1899 6.293757026052015E-02
1900 1.323422445422822E-01
1901 2.185654581962262E-01
1902 1.338805985616481E-01
1903 2.684414087131331E-01
1904 8.514467419287830E-02
1905 5.160329326871943E-01
1906 -1.485847853400752E-01
1907 -1.170876613664972E+00
1908 -8.024867369523777E-01
1909 -1.553922543212340E+00
1910 -8.949369232682325E-01
1911 -5.254411819556897E-01
1912 -5.907885364889178E-01
1913 -4.798806097619654E-01
1914 2.891411019162975E-01
1915 -2.497634256678287E-02
1916 -1.875166491586153E+00
1917 -2.179513583005056E+00
1918 3.643964424897776E-01
1919 2.819631063420959E-01
1920 2.915538198862392E-01
1921 2.107269959812449E-01
1922 -1.848268485792392E+00
1923 -1.234380438781572E+00
1924 -1.525241161291034E-02
1925 -1.407176905966268E-02
1926 -4.580017661612639E-01
1927 -3.546078085353709E-01
1928 -2.967443275199276E-01
1929 -2.412285981007598E-01
1930 -1.770054521204279E-01
1931 -1.358451998022133E-01
1932 -6.752314863063080E-02
1933 -6.130683739906417E-02
1934 -2.931761282022707E-01
1935 4.170406804553048E-01
1936 -9.215206733072537E-01
1937 -1.461829462420252E+00
1938 -1.315410565157144E+00
1939 -9.546298771916737E-03
1940 -2.278394302503507E-01
1941 -2.186574440996369E-01
1942 2.012736332566680E+00
1943 1.802116986831276E+00
1944 3.016868375996937E-02
1945 2.372530681779016E-01
1946 -1.084240899054582E-02
1947 -2.983587580094861E-02
1948 -1.731851577570911E+00
1949 -2.014121974417703E+00
1950 -2.856760490423003E-01
1951 1.211828006952651E+00
1952 1.524844007805434E+00
1953 6.464451247519780E-02
1954 -1.384572420535468E-01
1955 -1.469215518488065E-01
1956 -1.849599093413735E-01
1957 -1.489479855171325E-01
1958 -1.160413882773794E-01
1959 -1.153406831643807E-01
1960 2.183650992469037E-01
1961 3.816816141797785E-02
1962 9.396273907886697E-02
1963 1.647482797021523E-01
1964 1.899640613999339E-01
1965 3.026717160673916E-01
1966 -3.009073784707340E-01
1967 -6.113065638178891E-01
1968 4.743972788011124E-01
1969 6.443123325205975E-02
1970 2.470698506263185E-01
1971 7.035590187375054E-01
1972 4.424873475247631E-01
1973 3.683538658075003E-02
1974 6.821212542857055E-01
1975 -1.272058749268690E+00
1976 -1.332157590714278E-01
1977 -1.714562291027080E-01
1978 -1.273520926530229E+00
1979 1.677136575974411E-01
1980 8.025432744661777E-01
1981 1.097696433943560E+00
1982 4.420010777853615E-01
1983 1.252994708665094E+00
1984 1.752166651741829E+00
1985 -7.021769432688253E-01
1986 3.665680363125883E-01
1987 -2.775937341586434E-01
1988 8.281149266388949E-01
1989 3.106411831876116E-01
1990 -1.529014863120293E+00
1991 -1.867029335767281E-01
1992 2.689360034981362E-02
1993 1.060703451439229E+00
1994 1.308939853576094E+00
1995 -1.592588178636823E+00
1996 -1.934631079711088E+00
1997 -2.720870658281259E-01
1998 2.956257461810072E-01
1999 8.317139905348810E-02
2000 -1.902372108573108E-01
2001 -3.092039400979005E-01
2002 1.350153098263991E-02
2003 -2.296695050820990E+00
2004 5.073188884682508E-01
2005 7.085179728688971E-01
2006 1.806387117987639E+00
2007 1.965814916457179E+00
2008 2.131229490087822E+00
2009 2.347506358757282E+00
2010 2.026139661256689E+00
2011 2.231183868003233E+00
2012 1.986985598743835E+00
2013 2.357002872094898E+00
2014 -1.474344769322171E+00
2015 -1.073978884197820E+00
2016 -2.385313704956523E+00
2017 -2.034421843583416E+00
2018 -2.391338729898036E+00
2019 -2.054640396792057E+00
2020 9.887127049591088E-02
2021 1.832777636423582E-01
2022 1.630114509614372E-01
2023 9.058155413143623E-02
2024 1.494335928471836E-02
2025 7.943329832054237E-02
2026 -6.178403169648535E-02
2027 2.806249126528257E-01
2028 4.222050320485128E-01
2029 3.552484903444392E-01
2030 4.908742398810055E-01
2031 -9.042494306554111E-01
2032 -1.028238266704892E+00
2033 -8.906367051665929E-01
2034 -1.004240189388574E+00
2035 -1.187955711061834E+00
2036 -9.744726381724821E-01
2037 -2.237875494915447E+00
2038 -2.343055229777829E+00
2039 -3.909542884410393E-03
2040 -8.183696744034054E-01
2041 -4.411550910735292E-02
2042 -7.683039566045918E-02
2043 4.786232970593047E-03
2044 -2.770131383704156E+00
2045 -1.964665513982582E+00
2046 -1.860552867823486E+00
2047 -1.549719159882941E+00
2048 -2.137232449573288E+00
2049 -1.714436842508839E+00
2050 1.958751313148861E+00
2051 1.837421249788590E+00
2052 1.548314645252306E+00
2053 2.049330420409953E+00
2054 1.727779336685389E+00
2055 1.495675881696545E+00
2056 1.733068439473260E+00
2057 1.729792774489188E+00
2058 7.194304380176604E-01
2059 8.238165857084980E-01
2060 4.395784436492489E-01
2061 5.620917076634258E-01
2062 2.428954764352950E-01
2063 8.786330430964379E-01
2064 6.534076784631468E-01
2065 4.543348481295045E-02
2066 -7.315588702863246E-02
2067 -3.252527652919819E-01
2068 -3.765333870908444E-01
2069 -6.390625871480374E-01
2070 -6.654920456127837E-01
2071 9.165048135246187E-02
2072 -1.585783177233212E+00
2073 -1.193103529859922E+00
2074 2.774739627614020E+00
2075 2.260417884809360E+00
2076 1.806115977250695E-01
2077 1.584974689334920E-01
2078 -1.592300874832672E-01
2079 -5.625816947385068E-01
2080 4.357582747869720E-02
2081 6.812059528310611E-02
2082 6.999120522360268E-02
2083 1.010234798690321E-01
2084 -1.485826855904944E+00
2085 2.622155148873635E-01
2086 5.367019276490654E-01
2087 6.084940136140251E-01
2088 6.397401275171953E-01
2089 7.677722471788234E-01
2090 8.538851282469864E-01
2091 7.853014533732456E-01
2092 9.461863138208849E-01
2093 9.842437322281270E-01
2094 8.386999943583401E-01
2095 7.265338294866516E-01
2096 7.379681975813295E-01
2097 2.170809720603962E+00
2098 2.648380415580689E+00
2099 9.191652222381040E-01
2100 9.076398202222279E-01
2101 -6.195358350085201E-02
2102 -7.702286133269656E-02
2103 -1.199333842482855E-01
2104 -2.169528565206040E+00
2105 -1.849610020058379E+00
2106 -8.228791308529381E-01
2107 -4.840845374116169E-01
2108 1.438131558748441E+00
2109 6.399778856967905E-02
2110 2.299389878855393E-02
2111 6.806755739232884E-02
2112 4.549681693124132E-01
2113 -3.311999500434107E-01
2114 -4.358268630655130E-01
2115 7.791490326198033E-01
2116 8.545744759932926E-01
2117 9.038542763862903E-01
2118 -1.023354030854860E+00
2119 1.101731038647376E+00
2120 1.837001812803152E+00
2121 -1.038759742859443E+00
2122 1.589606265042152E+00
2123 -1.441407690906307E-02
2124 1.482387517410725E-02
2125 -2.567901515801490E-02
2126 -1.503410042162437E-01
2127 2.471852154482526E-01
2128 -5.817737998438693E-01
2129 -5.552457071821133E-01
2130 -4.239392274590572E-01
2131 -3.552709433798683E-01
2132 -4.980040093147789E-01
2133 -4.215722644394586E-01
2134 -2.682089077121602E-01
2135 2.003034903961277E+00
2136 2.229423762448241E-01
2137 -2.552625180367948E-01
2138 6.757873293858854E-01
2139 3.323218536385977E-01
2140 -5.662552001581009E-01
2141 2.508178798871687E+00
2142 4.261310203737903E-01
2143 4.401163696851680E-01
2144 -3.880382014328248E-01
2145 -4.361960100175679E-01
2146 -5.144268846110555E-01
2147 -3.657879297884501E-01
2148 -4.032515483613171E-01
2149 -3.647205075147628E-01
2150 -4.323857549673990E-01
2151 -3.834680941690157E-01
2152 -4.595185183127947E-01
2153 -3.189541776574187E-01
2154 -4.851946172094555E-01
2155 -8.406851914824185E-03
2156 1.089563532061488E-01
2157 6.493333518809319E-02
2158 2.317208214147961E+00
2159 2.478474407061895E+00
2160 8.574930610567417E-01
2161 5.929043703311374E-01
2162 1.476948215058553E+00
2163 -1.455883786012060E+00
2164 -6.479454761148077E-01
2165 3.935501616068215E-02
2166 -1.910252349143388E-01
2167 -1.787879550705216E-01
2168 -1.246964867075933E-01
2169 -1.631042465329663E-01
2170 -1.128958163635479E-01
2171 -7.482340257905691E-02
2172 -6.822888648833965E-02
2173 -1.036272486665781E-01
2174 -1.133932343197756E+00
2175 5.478070802077581E-01
2176 2.404289413484029E+00
2177 1.976484493148307E+00
2178 1.746235945291033E+00
2179 2.189787314770029E+00
2180 -2.394965635544904E+00
2181 -1.840139893604174E+00
2182 5.271143899163414E-01
2183 -2.592552356556132E+00
2184 -2.165805143882161E+00
2185 -2.755439564481302E+00
2186 1.284725354440086E-01
2187 -5.735813764671925E-01
2188 -7.002210219960351E-01
2189 1.648562573890699E-01
2190 1.209845478066544E-01
2191 2.290894224043667E-01
2192 1.060629099581156E+00
2193 1.011359283625897E+00
2194 1.834122293072667E+00
2195 -5.282478384755005E-01
2196 -2.732362895103164E-01
2197 -2.520829807598775E-01
2198 9.722350176217393E-02
2199 8.041191679236764E-02
2200 1.101399239814625E+00
2201 -4.268515127537566E-02
2202 -5.714338018572821E-02
2203 -6.797649583226698E-02
2204 7.894324829973627E-02
2205 1.022849397887956E-01
2206 1.111226981042177E-01
2207 1.440253082702033E-01
2208 1.227542194453597E-01
2209 -8.269617922197470E-02
2210 -1.852556690410547E-01
2211 -1.041805703755900E+00
2212 8.595974586180312E-02
2213 1.176986854626007E-01
2214 -8.340936261343991E-02
2215 -7.741972070786110E-02
2216 -1.053639406632340E-01
2217 -2.983359923858680E-01
2218 -2.719044898099189E-01
2219 -2.213276983537278E-01
2220 2.352369753433933E-01
2221 2.604006016785906E+00
2222 -7.536513386331735E-01
2223 1.710095085935302E+00
2224 2.018200964703855E+00
2225 2.768244317893197E+00
2226 -8.412431282708625E-02
2227 5.299695845934825E-01
2228 -9.911235679037477E-01
2229 4.388410504181763E-02
2230 1.162481800071897E-01
2231 7.898204870495137E-01
2232 3.097919890194248E-01
2233 5.030224725414841E-01
2234 -2.798032982029313E+00
2235 -4.540792702796437E-02
2236 -2.850811598573008E-01
2237 -1.489476079385184E-01
2238 1.199972982435101E+00
2239 -1.524510311142000E-01
2240 -2.468624372667021E+00
2241 2.439291274196493E+00
2242 -1.380897876867425E+00
2243 -2.353856760792426E-01
2244 -2.026930199087298E-01
2245 6.476174504646951E-01
2246 -1.198082153243944E-01
2247 -2.566123522730837E+00
2248 1.969276408618243E+00
2249 3.275678725517708E-01
2250 1.416361698610957E-01
2251 -6.009309533545424E-01
2252 2.983052160867000E-01
2253 1.550144900792492E+00
2254 1.508325194845472E+00
2255 1.077663240562962E+00
2256 -1.545089578124778E+00
2257 -2.236728021820785E+00
2258 -1.985727585682119E+00
2259 -1.145372241253378E+00
2260 -2.371911279041214E-01
2261 -4.205253456228711E-01
2262 -6.073365956630613E-02
2263 5.997046939304403E-02
2264 3.313743976649187E-01
2265 3.635289381510329E-01
2266 3.947624133224146E-01
2267 -2.119612136470381E-03
2268 -2.052445305365969E-03
2269 -1.022748526527925E-01
2270 -9.781465442484448E-03
2271 2.497549384903190E-01
2272 -1.715921624893820E-01
2273 1.554279844693106E-01
2274 1.766985939320679E-01
2275 1.657006510351663E-02
2276 -4.635205553279222E-01
2277 -6.232442248091933E-01
2278 -5.746764078653519E-01
2279 -1.220480246227042E-01
2280 -6.877997375207344E-01
2281 5.936750817772816E-02
2282 -3.982005198200975E-01
2283 -3.272665899157964E-01
2284 8.311695248893370E-01
2285 7.629932633476413E-01
2286 3.513201194749920E-01
2287 1.879399279250519E-01
2288 2.012327763612850E-01
2289 1.649235983099634E-01
2290 3.092705085629618E-01
2291 -8.299895287395377E-02
2292 9.917808057016857E-01
2293 9.189013002510422E-02
2294 4.209180889879520E-01
2295 -5.545848316467145E-02
2296 -1.035903105851521E-01
2297 -4.071831401044327E-01
2298 -1.953751695958611E+00
2299 1.894019778473013E-01
2300 -3.685973806852657E-02
2301 -8.707503560813371E-02
2302 5.290671811502993E-01
2303 -3.491855031169366E-01
2304 -6.040626780471299E-01
2305 -4.815162333056516E-01
2306 2.419588139536325E-01
2307 5.970088516953605E-02
2308 1.133675010222934E+00
2309 1.964030134236624E-01
2310 -1.515691870068337E-01
2311 -1.362512638121260E-01
2312 5.579086660180014E-01
2313 5.928024151637540E-01
2314 9.004379301954720E-01
2315 -1.129904076405681E-01
2316 2.042302779330131E+00
2317 1.182500110130443E+00
2318 -1.324877130627516E-01
2319 -2.405164472290069E-01
2320 1.139110179052420E+00
2321 1.189822675041295E+00
2322 1.244837665043272E+00
2323 -1.254479970518288E-01
2324 -6.626787363560279E-01
2325 2.632614584281384E-02
2326 -6.555961342320911E-01
2327 3.664795860366569E-01
2328 -1.848062248746246E-01
2329 -2.060173233786484E-01
2330 6.428659210703107E-02
2331 -6.961136206190613E-02
2332 1.534707081650852E-01
2333 7.365376220947185E-02
2334 1.100074629670360E+00
2335 -2.253543313076599E-01
2336 1.603917876639721E-01
2337 -1.554146274180541E-02
2338 3.180813893427653E-01
2339 9.838638211022248E-02
2340 1.416352651574453E+00
2341 -1.551878714695445E-01
2342 -1.286691273181160E+00
2343 9.410602780822008E-02
2344 -3.791570006819835E-01
2345 -2.960645549204318E-01
2346 -2.194661558362423E-01
2347 2.841909737783623E-01
2348 -2.113312639956546E+00
2349 -2.865858046724243E-01
2350 -1.826182240572124E-01
2351 -8.007933701296771E-01
2352 -5.559105011070676E-01
2353 -2.488856566164974E-02
2354 4.060387760352411E-01
2355 1.039171046152773E+00
2356 2.051424610422752E-01
2357 -9.962586598193919E-02
2358 -6.597828053036640E-01
2359 -6.025358847879535E-03
2360 6.886143798249734E-03
2361 -8.500668096539288E-02
2362 -6.756671607663821E-01
2363 -1.969039300748361E+00
2364 1.142072134302467E-01
2365 8.501519233600640E-01
2366 2.695235023484928E-01
2367 1.979107844793489E-01
2368 4.987043793763299E-01
2369 2.008640083678454E-01
2370 -2.983297734304937E-01
2371 -2.618637186623806E-02
2372 -4.374725090185652E-01
2373 -1.096420332005380E+00
2374 4.410419456873349E-01
2375 -9.065857866047501E-01
2376 1.605006562361439E+00
2377 1.598414426881551E+00
2378 2.565851939488175E-01
2379 -3.728104888523832E-01
2380 3.839360139615726E-01
2381 4.677608672618125E-01
2382 -3.790692945096083E-01
2383 -1.376929107154391E+00
2384 -6.604091603921035E-01
2385 7.524281976997829E-01
2386 -6.358195274253211E-01
2387 -7.109686946674242E-01
2388 -4.322083823302857E-01
2389 -1.109360550720176E-01
2390 -1.060978085033864E-01
2391 -6.640825712089606E-01
2392 2.482590560647852E+00
2393 -1.522782296294058E-01
2394 1.163743518695399E-01
2395 2.670577433196336E-01
2396 -1.127521102389316E-01
2397 8.566892342352781E-01
2398 6.910048774530692E-01
2399 4.290291126696102E-01
2400 -2.329066807229770E+00
2401 2.804785129725891E+00
2402 1.084026616628233E+00
2403 -2.216081303438880E+00
2404 1.642857910306573E-01
2405 9.289621722090376E-02
2406 -2.796860217315413E+00
2407 7.996206798930816E-02
2408 -7.988056724594393E-02
2409 -6.569164295308467E-01
2410 2.725690918392437E-01
2411 -5.797108174721382E-01
2412 5.291597910331087E-01
2413 -1.393597078896233E-01
2414 -2.412894516830065E-02
2415 -1.433621447561145E-01
2416 1.442766024644970E+00
2417 -7.178016475768262E-01
2418 -3.410888291273750E-01
2419 -2.057506089942749E-01
2420 8.732964644655739E-02
2421 -1.776149878397949E+00
2422 -9.331305641440922E-01
2423 -1.504786593588786E+00
2424 6.777409505812037E-03
2425 6.215433475796717E-01
2426 8.726759492174780E-01
2427 3.687777889552418E-02
2428 1.480991765801206E+00
2429 2.359794597897829E+00
2430 1.925932204084633E+00
2431 3.822776442790021E-01
2432 -2.160409366931721E+00
2433 -1.152894873647058E+00
2434 -5.236306903067053E-02
2435 -2.220516183474828E-01
2436 -9.548983234956738E-01
2437 7.844185993085575E-01
2438 -1.115046748637523E+00
2439 5.107451658783187E-02
2440 -4.936351208914717E-01
2441 6.547933066516107E-01
2442 -8.794212119589265E-01
2443 2.198655512955749E+00
2444 1.222437447782623E-01
2445 -8.977323060066420E-01
2446 -3.829528806371753E-01
2447 -1.807115990324959E+00
2448 -2.004134644371587E-01
2449 1.346962578431961E-01
2450 -2.713199662011463E+00
2451 1.410010188978024E-01
2452 -8.380229831210924E-01
2453 2.869624633118815E-01
2454 -1.107883699632147E+00
2455 1.694740892578352E-01
2456 -1.612704185277256E+00
2457 -1.565919550214471E+00
2458 4.617669781449972E-01
2459 -5.289054029229580E-01
2460 -3.206914946983341E-01
2461 -2.974095135007139E-01
2462 6.480429683336584E-01
2463 4.838839955282712E-01
2464 -1.110977215418259E+00
2465 -8.788678687201517E-03
2466 5.386660584130475E-01
2467 -3.633154907507256E-02
2468 -1.329819082192724E+00
2469 -4.645796188173243E-03
2470 9.829915332790762E-01
2471 1.979263650032851E-01
2472 8.512037579047881E-03
2473 1.811363750843221E-01
2474 -7.984592022158054E-01
2475 -3.343981149160845E-01
2476 -1.732807408159760E+00
2477 1.062687157325982E-01
2478 1.374092574740050E+00
2479 2.542221703100941E+00
2480 -2.078387649541542E-01
2481 9.066136853908890E-03
2482 -3.024487523113062E-01
2483 -2.450661783686478E+00
2484 -3.807092486546242E-01
2485 5.915398500007026E-03
2486 1.799210122275511E-02
2487 1.093173438046215E+00
2488 -1.829323694265746E+00
2489 -4.530605820215546E-01
2490 2.025712569286398E-01
2491 2.011871745374374E+00
2492 -3.994294793198672E-01
2493 4.543552242581914E-01
2494 2.159009771584383E-01
2495 2.796194665232060E-01
2496 -4.443391003844267E-02
2497 -6.192456523958084E-02
2498 5.215007186877709E-02
2499 -9.420668389019907E-02
2500 -5.818903414680780E-02
2501 -1.504300735024326E+00
2502 2.272112908227662E+00
2503 -8.862241001670211E-01
2504 1.685388578656243E+00
2505 6.933291742299931E-01
2506 -3.976436216352430E-01
2507 -5.389308511407525E-01
2508 -1.706652547468871E+00
2509 2.024940547337772E-01
2510 3.579323132281628E-01
2511 2.317801929139669E+00
2512 2.580242273648206E-01
2513 8.063807512043560E-01
2514 9.501595502251190E-01
2515 -6.253499733640351E-02
2516 -1.346911651481112E-01
2517 -1.667512577251684E+00
2518 1.079674317479474E+00
2519 1.344423132381452E-01
2520 -1.848612589735779E-01
2521 3.705764881064270E-01
2522 7.401447894198474E-01
2523 -1.197911403456892E+00
2524 -1.076480197550729E-01
2525 -6.501364308505136E-02
2526 -4.593018271288238E-01
2527 3.566347172390492E-02
2528 1.930597370567244E+00
2529 5.623253031142766E-01
2530 -1.619122064114355E-01
2531 4.572946013313155E-01
2532 -1.590203659862238E-02
2533 -1.996686066763041E+00
2534 -4.288190205774696E-02
2535 4.274001623942655E-02
2536 -2.365028094360415E-03
2537 -1.620800539434893E+00
2538 -5.079150501440122E-01
2539 -5.012388102218404E-01
2540 -2.728154255058257E-01
2541 -2.753379364009336E-01
2542 4.711749222346207E-01
2543 -4.527197867046008E-01
2544 -1.396771015900693E+00
2545 5.480925272771858E-02
2546 -1.472919777007978E-01
2547 1.434087492229289E-01
2548 9.593136668525822E-02
2549 -9.578747941484236E-02
2550 -2.461251980424163E+00
2551 -4.925320497997923E-01
2552 1.465215677561276E+00
2553 6.065709585531611E-01
2554 -8.565393402651778E-01
2555 -3.257711288184426E-01
2556 3.393787961464412E-01
2557 -3.562889919723440E-01
2558 -3.332199172375657E-01
2559 -1.568896339301391E+00
2560 1.023566333054014E-01
2561 1.508109156150268E-01
2562 2.862402572256609E+00
2563 1.234086384294530E+00
2564 -7.719157923779166E-01
2565 1.092862231691579E+00
2566 9.030535913082238E-01
2567 6.354312628059592E-01
2568 -1.272887713579500E+00
2569 3.217364554202608E-01
2570 1.793098225287867E-01
2571 4.711318810765934E-01
2572 -3.164144046689687E-02
2573 1.459924943797265E-01
2574 -9.529798778519846E-02
2575 1.780945148414669E+00
2576 -3.313601311059895E-01
2577 -1.658035827446420E-01
2578 -2.782911108192615E-01
2579 2.656297709722273E-02
2580 5.557120746662303E-02
2581 -7.480504050030388E-01
2582 7.777346151392626E-01
2583 3.960256567967656E-01
2584 -1.133031885899036E-01
2585 8.764268461914332E-01
2586 9.847193552935405E-01
2587 3.988838468829940E-02
2588 -1.488327839021020E+00
2589 1.434478530998746E+00
2590 8.707917998515052E-02
2591 1.794612960145677E+00
2592 1.844667541058254E-01
2593 -6.645246119454081E-01
2594 1.662059637621528E-02
2595 -1.786734015144326E+00
2596 6.302623612482873E-01
2597 -3.898527572123911E-01
2598 -2.385378653153554E+00
2599 -5.678223450031700E-01
2600 2.401453724862755E-02
2601 -3.946999633556996E-01
2602 2.110390080687005E-01
2603 -2.117591769075675E-01
2604 -5.722332117592583E-03
2605 -2.092619269565524E+00
2606 -2.263030663323673E+00
2607 -2.000952945758107E+00
2608 -7.715072266750769E-01
2609 -9.043828701899563E-01
2610 -9.694873654188023E-01
2611 -8.541420321817966E-03
2612 -3.290094222809460E-02
2613 -3.204885451677220E-02
2614 1.559707875383448E-01
2615 1.341459873319403E-01
2616 1.427590742570185E-01
2617 -1.424804914746324E-02
2618 -7.110804984092856E-02
2619 -1.432149557352773E-01
2620 1.218586622429867E-01
2621 1.092364444982940E-01
2622 1.568929379171182E+00
2623 1.666479615748119E+00
2624 1.512722930950058E+00
2625 -5.214355066886352E-02
2626 -7.165291685271538E-02
2627 -4.924137460737588E-02
2628 -6.193988101460886E-01
2629 -5.280244884558190E-01
2630 -5.193168564910200E-01
2631 -2.328709449286785E-01
2632 -2.984880077871975E-01
2633 -1.212584504427390E+00
2634 -1.133443286987701E+00
2635 -1.188146849979633E+00
2636 6.336916041693391E-02
2637 1.206702729164787E-01
2638 1.013207723433794E-01
2639 -4.270191658410436E-02
2640 -3.139308607245652E-02
2641 3.142866923414744E-02
2642 4.274254064775945E-02
2643 4.999459228325536E-01
2644 5.947654060855970E-01
2645 7.188007432484127E-01
2646 -1.856612723761699E+00
2647 -2.092679147808130E+00
2648 -1.193827213147720E-02
2649 1.395633244781493E-03
2650 3.068948431721330E-03
2651 -2.621790147055580E-02
2652 -2.924331324496707E-02
2653 -2.458063401290764E+00
2654 -2.719940183393346E+00
2655 -2.492777055466648E+00
2656 -2.510718508387213E+00
2657 -2.564609671811183E+00
2658 -2.346687740861914E+00
2659 1.017682501033097E-03
2660 8.470077814030326E-01
2661 9.774967499968885E-01
2662 9.443094277912676E-01
2663 -7.555525718658019E-01
2664 -7.390484581096579E-01
2665 -6.791967356412438E-01
2666 -4.832981330984664E-01
2667 -5.125782211962580E-01
2668 -5.767199487378789E-01
2669 -1.031352736013550E+00
2670 -1.177749709493931E+00
2671 -6.161397444126621E-02
2672 -6.657594595098683E-02
2673 -4.788893380903132E-02
2674 -2.835341123468774E-02
2675 -6.186948803964382E-02
2676 -6.633389225335502E-02
2677 1.668031997447108E-01
2678 1.835221671654045E-01
2679 1.604636335500371E-01
2680 1.372694674845550E+00
2681 1.464459375678914E+00
2682 -1.772136327019832E+00
2683 -1.865586001617893E+00
2684 -1.964595456533051E+00
2685 -2.163425657281969E-01
2686 -1.948168628892321E-01
2687 -1.268510151282808E-01
2688 -1.550806594937229E+00
2689 -1.546239081101724E+00
2690 -1.392175100754733E+00
2691 -2.511688623133495E+00
2692 -2.413830161836385E+00
2693 6.773995108192646E-02
2694 1.242170921106350E-02
2695 4.402725034530262E-02
2696 1.320205869098072E-01
2697 1.183383141242476E-01
2698 1.549347883486153E-01
2699 -1.248418051257463E-02
2700 -1.043895159950258E-02
2701 1.410795909910747E-02
2702 -1.080372335723682E+00
2703 -1.060484506783282E+00
2704 -7.319885609268894E-01
2705 -7.869192994172221E-01
2706 -9.577181035639111E-01
2707 8.954150814669560E-01
2708 9.454358933583156E-01
2709 7.437294735710864E-01
2710 -1.154973285453228E-01
2711 -1.334535523017295E-01
2712 -1.778403464683736E-01
2713 -2.591673835585303E-01
2714 -2.339390013494723E-01
2715 -2.468214529218407E-01
2716 -8.040016156483383E-01
2717 -7.217380945320251E-01
2718 -3.969001341593183E-02
2719 3.973199223345383E-02
2720 -6.615404865656997E-01
2721 -7.381382758171808E-01
2722 -6.961828028698661E-01
2723 -5.141584932752748E-02
2724 -8.802817339030171E-02
2725 1.504915174735080E-01
2726 1.836757211436052E-01
2727 2.427881395759154E-02
2728 -1.550968795791721E+00
2729 -1.713475822110395E+00
2730 -9.255637212523018E-01
2731 -9.907982902194782E-01
2732 -9.102611897930183E-01
2733 1.476674946250921E-01
2734 1.131219421472325E-01
2735 7.207589491357211E-01
2736 6.737214714902517E-01
2737 -5.005011446583765E-01
2738 -5.467915941471893E-01
2739 -5.320245057081421E-01
2740 -8.716069308949446E-01
2741 -9.469374245839977E-01
2742 2.978501600991795E-02
2743 7.408878188866314E-02
2744 4.551380439654790E-02
2745 -4.437404296090016E-01
2746 -5.313680737627842E-01
2747 -1.167447480146767E+00
2748 -1.386857129140738E+00
2749 -1.309145444544441E+00
2750 2.019791825965593E+00
2751 2.065682261434953E+00
2752 2.183374483492129E+00
2753 7.229456479335002E-01
2754 7.177562345679861E-01
2755 8.466903203820886E-01
2756 5.611794952530484E-02
2757 6.910183728270561E-02
2758 5.699523141770295E-02
2759 -1.428304286166086E-01
2760 -1.250044850388395E-01
2761 -2.848102388225694E-01
2762 -2.714632956706252E-01
2763 1.859049127331379E+00
2764 1.965410823059611E+00
2765 -2.773637978300431E+00
2766 -2.591308122485990E+00
2767 -1.827289635031429E-01
2768 1.823162317207125E-02
2769 -2.053349277219664E-01
2770 1.621513724827143E+00
2771 1.852912263332126E+00
2772 1.777291841973569E+00
2773 4.307664739074621E-01
2774 4.483935694073278E-01
2775 4.122926241773761E-01
2776 3.994817585611679E-01
2777 2.696692026570890E-01
2778 4.438875239347626E-02
2779 5.574460982819477E-02
2780 9.636411035784608E-02
2781 7.647656157774807E-02
2782 1.004705582574003E-01
2783 9.035268346271730E-01
2784 1.101651342247163E+00
2785 -3.314968442594988E-02
2786 -2.822588704657648E-01
2787 -1.886434969559650E-01
2788 2.876576607503835E-02
2789 -1.151999380302503E-01
2790 -5.324571601797828E-02
2791 -5.205060664218721E-02
2792 -3.342900893534853E-02
2793 -3.046401470621262E-01
2794 -2.799919984415732E-01
2795 -3.129078005324053E-01
2796 -6.127221580735418E-01
2797 -8.464643650222000E-01
2798 -7.967126020295331E-02
2799 -1.080463060576534E-01
2800 -9.064138695243626E-02
2801 -1.145223882283086E-01
2802 -1.231991475952000E-01
2803 -1.347217628078033E-01
2804 -4.861085398537472E-01
2805 -5.309006876891419E-01
2806 -6.234382597399573E-01
2807 -6.782054502298623E-02
2808 -5.871678566587978E-02
2809 -5.017984482400063E-02
2810 -2.562712853871181E+00
2811 -2.742944588719974E+00
2812 1.142965305161672E+00
2813 1.206837084958868E+00
2814 1.122010967476044E+00
2815 -6.139289043526147E-02
2816 -9.648127976638583E-02
2817 -3.390637064723563E-02
2818 3.592688890663074E-01
2819 4.222853968955542E-01
2820 4.219677914024188E-01
2821 -4.441696910253044E-02
2822 -7.614628495321075E-02
2823 -5.849564743586448E-01
2824 -6.897790408617415E-01
2825 -6.049418248523935E-01
2826 -5.198236426651248E-01
2827 -5.679748061377830E-01
2828 -1.007338302989169E-01
2829 -1.499792666408822E-01
2830 -1.353348826259856E-01
2831 1.422759090619968E-02
2832 3.826228571708205E-02
2833 -1.231642679221425E-01
2834 -1.356493451260598E-01
2835 8.470517012308529E-02
2836 -1.258889624324321E+00
2837 -1.229862285308609E+00
2838 -1.163637764439995E+00
2839 2.974135216680159E-01
2840 2.105320328438728E-01
2841 3.484404152591150E-01
2842 1.503676873589371E+00
2843 1.388424446668131E+00
2844 1.584718386857638E+00
2845 -6.145582842240860E-01
2846 -7.601857697201198E-01
2847 -6.902834476564033E-01
2848 -1.578037626401403E+00
2849 -1.745919723203474E+00
2850 -1.759250927625580E+00
2851 -1.102066292619409E-01
2852 -1.417133599540585E-01
2853 -3.042380835989749E-01
2854 -5.626108412122716E-01
2855 -5.963547407899824E-01
2856 -1.365476695149123E+00
2857 -1.523898245468522E+00
2858 -1.583958162522588E-01
2859 -1.193424198801912E-01
2860 1.373983810946079E+00
2861 1.578656836485447E+00
2862 -3.371964131820747E-02
2863 -5.582319226023320E-02
2864 -1.297602844553730E+00
2865 -1.344648055756427E+00
2866 -1.110909893556902E+00
2867 5.489550439972053E-02
2868 9.575826195057666E-02
2869 4.341747933573027E-02
2870 -1.206059503132877E+00
2871 -1.304315159213516E+00
2872 -1.383246746852497E+00
2873 -5.022514185665791E-01
2874 -5.562482393164145E-01
2875 -2.113986850758678E+00
2876 -2.015850041042983E+00
2877 -4.615621768133136E-01
2878 -5.498920109454829E-01
2879 9.517556737843844E-01
2880 1.038806830826295E+00
2881 1.003903480950110E+00
2882 -1.474839015402531E+00
2883 -1.651695845132660E+00
2884 -1.666202755507679E+00
2885 -4.347678337739840E-01
2886 -5.832134256291632E-01
2887 -1.278137244244761E-02
2888 2.511732744363536E-03
2889 -1.790466223344420E-02
2890 -1.264135152685802E+00
2891 -1.179006933384631E+00
2892 -1.013763146259191E+00
2893 -1.067870731548205E+00
2894 2.302573409480143E+00
2895 2.215917889584945E+00
2896 2.535578000409879E+00
2897 1.137887620408700E-01
2898 9.678025657288657E-02
2899 1.093180797955632E-01
2900 4.718474390189603E-02
2901 -5.498184599990328E-01
2902 -4.618591725633608E-01
2903 7.843146912855887E-01
2904 6.178826707631746E-01
2905 7.118509127440231E-01
2906 -2.318159476774323E-01
2907 -2.724918655287281E-01
2908 -2.606009930526486E-01
2909 -7.734822538160724E-02
2910 -7.093497906866604E-02
2911 -6.206634111105049E-02
2912 5.105269330149428E-02
2913 7.354266478210165E-03
2914 -9.494021596550368E-01
2915 -1.034503268263069E+00
2916 -1.007470921465850E+00
2917 5.303514852723820E-01
2918 6.049934180370672E-01
2919 6.146427977995170E-01
2920 -1.800224618831218E-01
2921 -2.246596417532759E-01
2922 -2.513763202507526E-01
2923 -2.141364715116940E-01
2924 -2.418744395862877E-01
2925 -1.721021512100098E-01
2926 -4.933294887934739E-01
2927 -4.792625269265773E-01
2928 -1.424591690446026E+00
2929 -1.446896594559134E+00
2930 5.184828633288174E-01
2931 6.076200104753948E-01
2932 4.780165932459057E-01
2933 1.476752752522364E+00
2934 1.683088471715491E+00
2935 1.592362415952203E+00
2936 -1.720712979673483E+00
2937 -1.902516004798003E+00
2938 -1.658677932459278E+00
2939 -2.538466786544292E-01
2940 -2.582169611911999E-01
2941 -3.132115852356386E-01
2942 3.119882515700304E-02
2943 2.843584754033093E-02
2944 -1.404296521817081E+00
2945 -1.529289204945347E+00
2946 -1.595226407273040E+00
2947 4.342879080489236E-01
2948 6.768902134964689E-01
2949 4.788447368160034E-02
2950 8.958297099074633E-02
2951 -9.307872812092983E-01
2952 -1.131857005435541E+00
2953 2.357990273409044E+00
2954 2.304755496894930E+00
2955 -1.713784152909381E-01
2956 -1.774141516693492E-01
2957 -1.966581053219629E-01
2958 1.036892823896600E+00
2959 1.095243284524568E+00
2960 1.341600024733330E+00
2961 1.358137825000875E+00
2962 1.483530798412770E+00
2963 3.444745303169405E-01
2964 4.345552613839834E-01
2965 -1.051174484270597E-02
2966 -3.867643280818704E-03
2967 -7.964924500075624E-02
2968 -1.132735571034346E-01
2969 1.472210943311686E-01
2970 1.276225831573803E-01
2971 4.864770950860101E-01
2972 4.662394273745757E-01
2973 -8.193620718782192E-01
2974 -7.975486126211770E-01
2975 -9.101241839978262E-01
2976 -8.247294054052468E-02
2977 -1.448635284159471E-01
2978 -7.174426050703385E-01
2979 -7.513295111011836E-01
2980 -1.052826325626625E+00
2981 -1.116606902227840E+00
2982 -1.570157359056689E+00
2983 -1.384323344109553E+00
2984 -1.375921006161501E+00
2985 9.897076347443781E-01
2986 1.078076349270076E+00
2987 -2.302094968769779E+00
2988 -2.549357146809853E+00
2989 -1.246651392043425E-01
2990 -1.727319478249327E-01
2991 7.925592276524598E-01
2992 7.634323259426667E-01
2993 8.876779297892343E-01
2994 2.528169823910057E+00
2995 2.554582202613617E+00
2996 2.775876258034484E+00
2997 -2.624033277632486E-01
2998 -4.685224856921474E-01
2999 -8.159041808845003E-01
3000 -7.672001685074954E-01
3001 -6.078830092573868E-01
3002 1.887809779185529E+00
3003 1.726580375886059E+00
3004 1.852554457315901E+00
3005 -8.357621973112159E-01
3006 -6.378125647198696E-01
3007 -1.092172629502478E+00
3008 -1.046706811757812E+00
3009 -1.146886006374194E+00
3010 -2.288919890535181E+00
3011 -2.505649943544820E+00
3012 1.586961060014630E-01
3013 1.427135773193612E-01
3014 2.385970552097333E+00
3015 2.515117047627035E+00
3016 -6.381658026834269E-02
3017 -8.954063036492277E-02
3018 -8.146399733836399E-02
3019 2.497295202020090E+00
3020 2.457110393877226E+00
3021 2.315370694699637E+00
3022 1.723662006273915E+00
3023 1.598112584921712E+00
3024 6.145626164494860E-01
3025 7.011781235495518E-01
3026 1.088842770047485E+00
3027 1.248359605803827E+00
3028 1.142986609051972E+00
3029 2.512000353694015E+00
3030 2.723379158909946E+00
3031 2.561275242510582E+00
3032 4.036299885457058E-01
3033 3.674907254841412E-01
3034 4.032359103804826E-01
3035 5.577023976155192E-02
3036 1.175873370885428E-01
3037 -2.588493715586004E-02
3038 -1.029632642974738E-03
3039 -1.503037871465723E+00
3040 -1.413876808858985E+00
3041 -1.630210961296836E+00
3042 4.727043537982435E-01
3043 5.792952585645310E-01
3044 3.409184064294113E-01
3045 1.755641500982425E+00
3046 1.708985193062383E+00
3047 -1.015479677416025E-01
3048 -1.198534883420517E-01
3049 -1.999278033506313E-01
3050 -1.920646164704464E-01
3051 -1.710751247660010E-01
3052 2.440610172023140E-01
3053 3.394585698539289E-01
3054 1.514615828741515E-01
3055 3.637897930638687E-02
3056 6.297193578592208E-01
3057 7.340458703267259E-01
3058 -3.354580979432960E-01
3059 -3.914171992213844E-01
3060 -3.661967888190543E-01
3061 -1.278682086740593E-01
3062 -1.444923183183489E-01
3063 -1.200764199325861E-01
3064 -3.660950362628083E-01
3065 -3.791575854091600E-01
3066 -6.179938117468269E-03
3067 -3.146906930490362E-02
3068 1.738597386856494E+00
3069 1.527724694280590E+00
3070 1.744255496180811E+00
3071 -1.376273088570195E-01
3072 -1.988692972029999E-01
3073 1.612447470357001E+00
3074 1.598068956616264E+00
3075 6.878884428237075E-01
3076 6.925720817322367E-01
3077 6.304226670091273E-01
3078 7.912633367987292E-01
3079 6.370337747495527E-01
3080 9.292815783936437E-01
3081 -3.412516156103795E-02
3082 -3.535729614137058E-02
3083 -4.426976275799270E-02
3084 5.483447763570193E-02
3085 7.594031928763295E-02
3086 6.397043029802982E-02
3087 -1.648620377924380E+00
3088 -1.642958187492086E+00
3089 -6.091356164137447E-02
3090 -3.194819472596665E-01
3091 -4.336175507661406E-01
3092 -4.375410187627065E-01
3093 -3.178337226549304E-01
3094 -2.663483431036162E-01
3095 -1.156230360968863E-01
3096 -9.950745689749438E-02
3097 4.291144396551300E-01
3098 3.914374970998071E-01
3099 -1.932868112563988E+00
3100 -1.834906176743327E+00
3101 -2.061259898332803E+00
3102 1.785034655529341E+00
3103 1.820196282579281E+00
3104 1.949806246808927E+00
3105 1.322551821368878E+00
3106 -3.338465008900922E-01
3107 -2.509874885848060E-01
3108 -2.864674322495498E-01
3109 1.463472808638818E+00
3110 1.633419916370384E+00
3111 1.664579314004098E+00
3112 8.447985015833348E-02
3113 7.983900141480418E-02
3114 -3.685296607839661E-01
3115 -3.842660041379861E-01
3116 -3.496592382267893E-01
3117 -4.893293969896501E-01
3118 -5.278576541062278E-01
3119 -4.604162282551651E-01
3120 -2.575842061104850E+00
3121 -2.614937901225335E+00
3122 -2.426910512374283E+00
3123 3.198711339865179E-01
3124 2.757455643420220E-01
3125 2.545904387374282E-01
3126 6.240955243280030E-02
3127 9.783682417498549E-02
3128 2.851420976076736E-02
3129 -2.510590623509304E-01
3130 -2.215234167300523E-01
3131 -2.320158827342775E-01
3132 5.982314392857997E-01
3133 5.885191175418866E-01
3134 6.398513490425888E-01
3135 1.495287817448419E-01
3136 2.213854620881274E-01
3137 2.033848763331138E-01
3138 -1.494808245710496E-01
3139 -2.031926346373082E-01
3140 -2.210186673228221E-01
3141 -1.471780479494668E+00
3142 -1.671731839210243E+00
3143 -1.185608954754721E-01
3144 -1.640551866305530E-01
3145 -1.596024003648023E-01
3146 -9.749845032298483E-01
3147 -1.050059257154284E+00
3148 -1.034203257228655E+00
3149 2.198773173299814E-01
3150 2.506742397570490E-01
3151 2.354998779353437E-01
3152 -1.738417885948815E+00
3153 -2.028836894828648E+00
3154 -1.955518109339891E+00
3155 -1.875012502809619E+00
3156 -1.706364576233626E-02
3157 1.422149313350024E-01
3158 -5.064505970072080E-01
3159 -5.349595582472775E-01
3160 -6.668396860377658E-01
3161 7.030070571076585E-02
3162 8.132110501385049E-02
3163 8.138697182394644E-02
3164 -3.299868540987836E-01
3165 4.142456408477690E-01
3166 4.231767937419365E-01
3167 4.523411591777514E-01
3168 1.524129327846150E-01
3169 1.753246009645491E-01
3170 -8.033263247953149E-01
3171 -8.233837860300810E-01
3172 4.819449261963165E-01
3173 5.147492395727333E-01
3174 4.717732378403451E-01
3175 -2.395291727066833E-01
3176 -2.459304515535459E-01
3177 -5.467607906506630E-02
3178 -7.987994054773297E-02
3179 -1.372830134046434E+00
3180 -1.219785818494247E+00
3181 2.503071025331621E-01
3182 3.181035983842134E-01
3183 2.837161328039400E-01
3184 -2.496491398486012E-01
3185 -2.828230074688979E-01
3186 -3.180692836935328E-01
3187 1.416047474964630E-01
3188 1.848109435346419E-01
3189 1.104607564528860E-01
3190 8.235647075360448E-01
3191 6.674110326412253E-01
3192 1.773972703788361E-01
3193 3.303405489863866E-02
3194 6.332596262329890E-02
3195 1.932609827381069E+00
3196 2.107225963882025E+00
3197 -9.570819368049901E-01
3198 -3.503083072496219E-01
3199 -3.845387420926769E-01
3200 -5.113153417980727E-01
3201 -4.474789701851540E-01
3202 -5.976233087442333E-01
3203 -5.018516972216683E-01
3204 1.790448338675807E-01
3205 1.588758652244545E-01
3206 6.100608108472985E-02
3207 6.114375446453436E-02
3208 -2.115601514342514E-02
3209 -1.211179316458086E-01
3210 -9.850739338357473E-02
3211 -1.777524138191620E-01
3212 -6.985009125097128E-01
3213 -7.632310306352851E-01
3214 -6.409019153351039E-01
3215 -1.907623622987823E-01
3216 -2.015105390218614E-01
3217 1.323473406170885E-01
3218 1.772215246756427E-01
3219 7.555636701558717E-02
3220 1.530720333363973E-01
3221 -1.455523621074614E-01
3222 -1.547997224482444E-01
3223 5.080933634595781E-02
3224 7.369718955592333E-02
3225 4.863617053435729E-01
3226 4.275656714337472E-01
3227 4.666690744662615E-01
3228 5.732998446334248E-01
3229 5.820062382458436E-01
3230 2.714169473334353E-01
3231 2.127928269321908E-01
3232 2.583988764681717E-01
3233 -3.449836293720226E-01
3234 -5.059187659228024E-01
3235 -3.309922898593435E-01
3236 3.051934640509885E-01
3237 5.121630181794973E-01
3238 1.421027224232253E+00
3239 1.488821768699893E+00
3240 1.315401272514132E+00
3241 -1.206823616409096E+00
3242 6.865380080924477E-01
3243 6.788732852446264E-01
3244 -1.703558041354855E-01
3245 -2.127456607868699E-01
3246 -3.486196756768158E-02
3247 5.073911773618035E-03
3248 -3.039167680711070E-02
3249 8.626226709707913E-02
3250 1.597573208525442E-01
3251 9.180766277724157E-01
3252 8.884739949356316E-01
3253 3.965199670981281E-01
3254 4.961257286406618E-01
3255 3.276605500269498E-01
3256 1.000604645207064E+00
3257 1.181254281260141E+00
3258 1.059266346597320E+00
3259 6.457862841857641E-02
3260 6.133417232505958E-02
3261 2.997723683310004E-01
3262 3.072925685671686E-01
3263 2.800977730883927E-01
3264 1.137263955316167E-01
3265 1.562385251533807E-01
3266 1.578950357532712E-01
3267 -6.706600077533764E-02
3268 -2.163446081690556E+00
3269 -2.257329292250713E+00
3270 1.108886014583728E+00
3271 1.258565076467309E+00
3272 1.259048307973179E+00
3273 -1.142201054320090E+00
3274 -1.073382697055164E+00
3275 5.105876590771525E-01
3276 4.483527164327225E-01
3277 -9.056634203296900E-01
3278 -8.855517181647702E-01
3279 -3.906161745924240E-01
3280 -3.319331223160232E-01
3281 -9.607579895979493E-03
3282 -6.982430800637532E-04
3283 -7.214230407556638E-05
3284 -3.807969370679501E-01
3285 -5.320326623209037E-01
3286 2.314543716448149E+00
3287 2.460521747237868E+00
3288 -6.386894794763581E-02
3289 -1.628871485341594E-02
3290 -1.156084945152348E-01
3291 1.612599402810222E+00
3292 1.765394724873299E+00
3293 1.844041247368716E+00
3294 -1.048934387621278E+00
3295 5.414067602643037E-01
3296 5.901532328392116E-01
3297 3.196133710888144E-01
3298 2.510562038019769E-01
3299 -5.253876216496580E-01
3300 -5.695416872447492E-01
3301 -1.700329900729051E+00
3302 3.995174276031768E-01
3303 3.717371919243543E-01
3304 3.620276865453598E-03
3305 -3.464455426901031E-02
3306 -1.263424028179788E-01
3307 -2.536583949900071E-01
3308 -1.905250544924281E-01
3309 -1.252696314699063E+00
3310 -1.172172900921652E+00
3311 -1.233320988600966E+00
3312 -8.432076326022955E-01
3313 -8.987698233008157E-01
3314 -8.360224503828531E-01
3315 -2.070664622244103E-01
3316 -2.284814865179329E-01
3317 5.145692574636955E-03
3318 1.215153028753396E-03
3319 1.695364287731631E-01
3320 -1.309326904629912E+00
3321 -1.209809700604405E+00
3322 2.159603740313426E+00
3323 2.274447039827876E+00
3324 2.383034491600574E+00
3325 -7.963562781940403E-02
3326 -6.025082173056946E-02
3327 -6.462010817297821E-01
3328 -6.445475011754889E-01
3329 -6.033916846290648E-01
3330 -7.692330159010194E-01
3331 -4.993702582806969E-02
3332 -5.616372183825331E-02
3333 1.923505483059380E-01
3334 8.523225563195393E-02
3335 2.040958448392363E-01
3336 1.033439281196416E+00
3337 1.011451904577926E+00
3338 -2.072262331612039E+00
3339 -2.314229702910045E+00
3340 -1.095048415501575E+00
3341 -1.068363325785973E+00
3342 -1.050070181864626E-01
3343 -8.107829548101816E-02
3344 2.553653766958486E+00
3345 2.710097994435760E+00
3346 -1.944868613912988E-01
3347 -2.160876665336399E-01
3348 -1.997203361364194E-01
3349 -4.142976927705762E-01
3350 1.363734569472800E-01
3351 1.171325208296051E-01
3352 1.354737987437211E-01
3353 4.336804616631673E-01
3354 4.640890157632177E-01
3355 1.021299471254027E+00
3356 1.188454857633638E+00
3357 5.601024206885443E-01
3358 -2.894970250729225E-01
3359 -2.956567537972898E-01
3360 -2.665750862646441E-01
3361 -1.799894562795595E+00
3362 -2.165718394873796E+00
3363 -2.210542567693092E+00
3364 -2.039368014076343E-01
3365 -3.513133266824701E-01
3366 1.729533241486356E+00
3367 1.891479515391144E+00
3368 -4.729743222000378E-01
3369 -4.113122497417552E-01
3370 3.566283089627487E-01
3371 3.455401225699577E-01
3372 3.752058850041148E-01
3373 8.101800416084970E-01
3374 8.425231681032288E-01
3375 6.098587847845443E-01
3376 5.824131571954863E-01
3377 5.051476981206846E-01
3378 -2.120610270884410E-01
3379 -1.828696879975575E-01
3380 1.283152817754428E+00
3381 1.356430756938620E+00
3382 -9.250522974341775E-01
3383 -9.603406162891039E-01
3384 -1.002184742290744E+00
3385 6.621359046134424E-02
3386 8.822144059930360E-02
3387 8.654192378949224E-02
3388 1.397845715175246E+00
3389 1.446900177299609E+00
3390 1.929297396114738E-01
3391 3.491955614246020E-01
3392 4.015812452740677E-01
3393 3.912392179924065E-01
3394 3.404257345582176E-01
3395 3.262504731171753E-01
3396 -5.339397871854168E-01
3397 3.157074726081166E-01
3398 3.330428353229732E-01
3399 1.742559199939761E+00
3400 1.537434453376003E+00
3401 6.245468561301866E-01
3402 7.158750652806115E-01
3403 4.980380540627771E-02
3404 9.469365243801103E-02
3405 3.780096928174242E-02
3406 -1.752041351819693E+00
3407 -1.778519998776347E+00
3408 -8.248845078250555E-01
3409 -6.020546350914078E-01
3410 1.441831683484313E+00
3411 1.364732941644098E+00
3412 8.639015305495306E-01
3413 9.218655166853025E-01
3414 9.313526221104578E-01
3415 -2.500797719395164E-02
3416 -2.413649065183323E-02
3417 4.404996714252539E-02
3418 4.350274951768363E-02
3419 2.433035036594264E-02
3420 1.176735311342827E+00
3421 1.337287719826679E+00
3422 1.318021821312235E+00
3423 -8.537885098757966E-02
3424 -9.540484981494735E-02
3425 -9.587564339381762E-01
3426 -1.017391250339904E+00
3427 -6.064851884487057E-01
3428 -5.785144004264013E-01
3429 -8.835679730408419E-03
3430 2.347381668638213E-01
3431 1.459558354301779E-01
3432 -7.796191535475880E-02
3433 -1.007751417764131E-01
3434 -9.076705097790584E-02
3435 -2.763557537009153E-01
3436 -2.895469158734117E-01
3437 -3.148809346500701E-01
3438 8.004297015396480E-01
3439 7.887950229248877E-01
3440 7.236848057587519E-01
3441 -1.630249668641293E-01
3442 -3.169237423010144E-01
3443 -3.323634366465089E-01
3444 6.191451430803346E-01
3445 7.071420505388896E-01
3446 2.547694572267038E+00
3447 2.345518192932725E+00
3448 -2.795570446487012E-01
3449 -3.088054375408364E-01
3450 -1.512383591670540E-01
3451 -1.293138573959791E-01
3452 -1.417672855115902E-01
3453 1.913303885292001E+00
3454 8.584270980838785E-02
3455 1.087293025162691E-01
3456 -1.677023888571304E+00
3457 -1.643570597426233E+00
3458 -1.819897438622891E+00
3459 1.227500098997743E+00
3460 1.356692078763299E+00
3461 2.549049353293197E-01
3462 2.619345872128154E-01
3463 -9.149062046152848E-02
3464 -2.131002175826239E-01
3465 -3.596088203662767E-01
3466 1.580551610832555E+00
3467 1.551572035102141E+00
3468 -1.237297300545185E+00
3469 -1.408724343881860E+00
3470 -1.888883427886733E-02
3471 -1.738734304005726E-02
3472 1.525633379346480E+00
3473 1.579907656836256E+00
3474 1.449173566794386E+00
3475 -9.927689159710561E-02
3476 -9.756040812496206E-02
3477 -1.144734605025481E-01
3478 -2.136644142223226E+00
3479 -2.011472207338802E+00
3480 -1.327016474179618E+00
3481 -1.467514052588312E+00
3482 -2.931823060549830E-03
3483 -1.359967902719893E-02
3484 2.011897332822803E-01
3485 -1.975439330278536E+00
3486 -2.047482981983372E+00
3487 2.349215166622526E-01
3488 2.724788251711005E-01
3489 3.180637255934760E-01
3490 -2.157144036334657E-01
3491 -2.257884699661508E-01
3492 -1.962555283623412E-01
3493 5.509322459048214E-01
3494 7.107845135466395E-01
3495 5.371082297364701E-01
3496 8.009793822599004E-01
3497 7.943861151682425E-01
3498 1.198242294722375E-01
3499 3.919161234590680E-03
3500 8.615928380732246E-02
3501 1.910912121348700E-01
3502 2.182194742577821E-01
3503 7.436886370347779E-01
3504 7.844719911689004E-01
3505 8.525525039087029E-01
3506 8.853426254487695E-01
3507 -5.484273028393867E-01
3508 -5.961031461487067E-01
3509 -5.751013226021257E-01
3510 5.975255037491692E-02
3511 6.435237669475634E-02
3512 -6.580174568344845E-02
3513 -1.332693581674238E+00
3514 -1.186991877509514E+00
3515 -1.350723440515083E+00
3516 -9.718227945922933E-01
3517 2.172832069318630E-01
3518 2.484275213538918E-01
3519 2.177738447995853E-01
3520 1.912038098678386E-01
3521 2.283739474010992E-01
3522 1.295730372615012E+00
3523 1.365761671456793E+00
3524 1.167024765980134E+00
3525 2.550830770945774E+00
3526 2.745884612041452E+00
3527 2.668168409541085E+00
3528 -3.115216039482205E-01
3529 -3.444829608779356E-01
3530 -2.309557792974348E-02
3531 1.388455283657355E-01
3532 1.684948050057288E-01
3533 -1.444154049491555E+00
3534 -1.526889376979114E+00
3535 -1.408841907756493E+00
3536 2.583571038107559E-01
3537 3.508834269863057E-01
3538 2.492542800606552E-01
3539 1.178871081906883E-02
3540 -9.654167795003665E-01
3541 6.842760552417955E-01
3542 7.091529562770441E-01
3543 -2.399947874588523E+00
3544 -2.251323777500351E+00
3545 1.572339450445449E+00
3546 1.665349457998172E+00
3547 -1.096760623761632E-01
3548 -1.292759969383686E-01
3549 -2.548176700551291E+00
3550 -2.744965778295771E+00
3551 -1.644252532756343E-01
3552 -2.419982544308156E-01
3553 -1.850752526594582E-01
3554 -2.130190289770421E-01
3555 8.781817779285139E-02
3556 6.674410746471193E-02
3557 8.606882242463218E-02
3558 7.320615808098903E-01
3559 7.362743457945181E-01
3560 7.857802695932956E-01
3561 -1.921781249869479E+00
3562 -1.858171180763663E+00
3563 -2.066293048350082E+00
3564 8.161637330481007E-02
3565 9.851916591499790E-02
3566 -1.819322228011478E-01
3567 -2.031383397090656E-01
3568 -5.049588880208465E-01
3569 -5.318050444712691E-01
3570 -5.470277676659761E-01
3571 -2.151128782756760E-01
3572 9.489439629268611E-01
3573 6.142643864864978E-01
3574 -7.843879404583498E-01
3575 -8.428801313133554E-01
3576 -7.557509498678139E-01
3577 -2.044026696595407E-01
3578 3.546516249356116E-02
3579 3.469250824792689E-02
3580 6.654965410647028E-02
3581 8.251031907520437E-02
3582 -5.663032216514923E-01
3583 -5.641749254224251E-01
3584 -1.241507908739357E+00
3585 -1.361232207731096E+00
3586 5.724687052729534E-02
3587 9.327067596837335E-02
3588 4.578290796688482E-02
3589 1.964678991374055E+00
3590 2.106325246843555E+00
3591 5.085795539468141E-01
3592 -7.715231001015121E-01
3593 1.230710041711795E-01
3594 3.893422448442304E-03
3595 2.657617823080138E+00
3596 2.452735206673146E+00
3597 4.398668127147327E-01
3598 4.434378339379458E-01
3599 4.245246651036683E-01
3600 4.958409112670975E-01
3601 1.084819243578302E-01
3602 5.094788090390892E-02
3603 3.387265529243862E-01
3604 2.751957290561297E-01
3605 -3.538848871268067E-01
3606 -2.790683196149441E-01
3607 -2.850685236209086E-01
3608 1.431448458974217E+00
3609 1.264608797995655E+00
3610 9.192843032119992E-02
3611 1.143222506415865E-01
3612 -3.311773705221471E-01
3613 -3.164923474841430E-01
3614 -3.725956715236961E-01
3615 -4.181233620866071E-01
3616 -4.871839891504380E-01
3617 -7.764654225129040E-01
3618 -8.018272431727139E-01
3619 -7.305101267609206E-01
3620 1.570982787409901E+00
3621 1.376368352964686E+00
3622 1.389928912304103E+00
3623 3.072394480101348E-01
3624 3.991984659709401E-01
3625 3.564739579003696E-01
3626 2.065112725649155E-02
3627 1.120858712524389E-03
3628 1.035341231524224E+00
3629 1.126376679798919E+00
3630 1.130772390750129E+00
3631 -2.462675052468032E-01
3632 -2.218765501119127E-01
3633 -4.351183558263468E-02
3634 -3.573227140613015E-02
3635 1.774456595007742E-01
3636 -1.768091575662647E-01
3637 -1.850155964982375E+00
3638 -4.080034223052389E-01
3639 -4.405762345127501E-01
3640 -1.766369714551028E-01
3641 -1.648031110813770E-01
3642 -1.115715176052539E+00
3643 -1.226135998380122E+00
3644 -1.214203118195759E+00
3645 4.301489414727185E-02
3646 3.849626361859081E-02
3647 6.023096363181332E-02
3648 4.510306454095779E-01
3649 5.083824525009066E-01
3650 8.717570600269178E-01
3651 9.481716474313036E-01
3652 9.506636916952320E-01
3653 -6.271313015884694E-01
3654 -5.565065197479697E-01
3655 7.541673488771957E-01
3656 6.373701911038618E-01
3657 5.934472681805414E-01
3658 -1.306939185119952E+00
3659 -1.315843817592488E+00
3660 -3.467917542628645E-01
3661 -3.921900975021356E-01
3662 -4.032305901600745E-01
3663 6.620653638096161E-02
3664 8.235460458233057E-02
3665 -6.618700598759417E-02
3666 -8.245797512628394E-02
3667 1.017737327488178E-02
3668 1.208979707079458E+00
3669 1.325122884268989E+00
3670 -1.328707124336639E+00
3671 -1.518170765837223E+00
3672 -6.256076394122206E-01
3673 -1.699422305433776E+00
3674 -1.896402056659164E+00
3675 -1.286514367479727E+00
3676 -1.530091359148039E+00
3677 -1.317409022446088E+00
3678 -1.340245841934777E+00
3679 -1.456634087999065E+00
3680 -6.716565138962596E-02
3681 -6.843379794346965E-02
3682 1.666063130633748E-01
3683 2.099349148968620E-01
3684 -1.115868429535900E+00
3685 -1.045970588582343E+00
3686 3.696792674829591E-02
3687 3.675399135607792E-02
3688 5.695703796592701E-02
3689 1.058278968869187E-01
3690 -2.380544460213241E+00
3691 -2.600785672757096E+00
3692 -1.232874006934849E+00
3693 -1.189928402334595E+00
3694 2.402658865506930E+00
3695 2.099811131438854E+00
3696 -1.893507543817037E+00
3697 -2.048869910534837E+00
3698 4.902443414175495E-01
3699 4.148742188245277E-01
3700 4.101059793712558E-01
3701 -1.046590972768290E-01
3702 9.827855853337897E-02
3703 9.768737437172123E-02
3704 -9.293522596015834E-01
3705 -1.019826396253432E+00
3706 -1.010776289878202E+00
3707 4.607785020564620E-02
3708 -4.994596350253924E-01
3709 -6.839533499878592E-01
3710 -6.389503564908249E-01
3711 -1.037651632506081E+00
3712 -1.027042928093410E+00
3713 -5.578173715403780E-01
3714 -5.868866784888169E-01
3715 -1.581333214650485E+00
3716 -1.034813613088548E+00
3717 1.127220995723288E+00
3718 8.113809293433283E-02
3719 1.024679774086281E-01
3720 9.500895762796541E-01
3721 -2.631202264725687E-01
3722 -2.998215995281125E-01
3723 -4.955912821554228E-01
3724 -4.960516098503475E-01
3725 -4.597396592045259E-01
3726 1.174342508286169E+00
3727 1.669779489598955E-01
3728 1.033989220723706E-01
3729 -1.038703914180936E-01
3730 -1.698165955146417E-01
3731 6.688338250555128E-01
3732 7.142009981389992E-01
3733 -4.941601708775846E-01
3734 -5.315420586676598E-01
3735 1.979520582928086E+00
3736 1.737873470028576E+00
3737 3.792671037950925E-01
3738 3.959142617864816E-01
3739 4.408518222327045E-01
3740 4.849460778978185E-01
3741 4.832822525587146E-01
3742 -9.722065648802236E-01
3743 -9.419023862839455E-01
3744 5.432501565147335E-03
3745 -1.113978459750318E-01
3746 5.083222999443718E-02
3747 2.936761522699266E-02
3748 5.283493621815178E-01
3749 6.323129077600941E-01
3750 5.432299743115312E-01
3751 -3.419176048718631E-01
3752 -4.179020285240210E-01
3753 -4.438294890009726E-01
3754 -4.591829243569693E-01
3755 1.166457004137361E-01
3756 1.604795957377115E-01
3757 1.529192655067775E-01
3758 1.887405596087599E+00
3759 2.051059166610677E+00
3760 1.596014369597159E+00
3761 1.734280966354969E+00
3762 3.846842793357622E-02
3763 6.168920918112517E-02
3764 6.501051167628651E-01
3765 5.502450957159424E-01
3766 8.874696008173860E-01
3767 1.244935550636126E+00
3768 7.362794274409702E-01
3769 8.017003330076673E-01
3770 2.185107788523552E+00
3771 2.148729246585948E+00
3772 2.421802572064624E-01
3773 3.471760962277027E-01
3774 2.241588323525654E+00
3775 2.151370814099486E+00
3776 -4.849954262404079E-01
3777 -6.527129692247075E-01
3778 -1.347925423500210E+00
3779 -1.280401314351570E+00
3780 -8.825499648830862E-02
3781 -7.417669350732072E-02
3782 -5.670974743759417E-02
3783 -5.959058303022300E-02
3784 5.729343740664884E-02
3785 -5.670851301157150E-01
3786 -5.298938073188246E-01
3787 1.807881245736378E+00
3788 -1.858423759440158E-01
3789 1.011780620123891E+00
3790 1.087067800223193E+00
3791 1.018894539722048E+00
3792 2.161538193975951E-01
3793 -2.413801436105651E-01
3794 8.177510863121935E-01
3795 8.403385005917394E-01
3796 8.810081908950916E-01
3797 1.343303977613181E+00
3798 -1.106548386316014E+00
3799 1.203400031255113E+00
3800 1.285500331899589E+00
3801 1.312322953512384E+00
3802 7.623064975494365E-02
3803 1.465671048331475E+00
3804 1.718794507964481E+00
3805 1.635511667194728E+00
3806 1.404778754641491E-01
3807 1.483490378933883E-01
3808 8.616445206098191E-01
3809 7.771078386555925E-01
3810 3.873558810442647E-01
3811 -6.137517934756196E-01
3812 -7.446803186638511E-01
3813 -6.875090837204005E-01
3814 8.524764093890889E-02
3815 4.645300347453518E-02
3816 -1.323136872344471E+00
3817 -1.334604739196325E+00
3818 3.034799997130989E-01
3819 2.462691729227841E-01
3820 8.324704383866032E-01
3821 8.272441797399310E-01
3822 -1.957986658985391E-01
3823 -3.423847312463704E-03
3824 6.540435564992145E-02
3825 2.632283357302576E-02
3826 -2.081765502540196E+00
3827 -2.241854873182946E+00
3828 2.169570552442076E+00
3829 2.049789225845643E+00
3830 8.695225317706814E-01
3831 1.035445844164456E+00
3832 1.019063416830149E+00
3833 6.646749200037461E-01
3834 5.455242222086443E-01
3835 -1.579273194867671E-01
3836 4.107775292175057E-01
3837 3.800831613693710E-01
3838 -5.781123438776060E-02
3839 -4.455250042396063E-02
3840 1.734517504261526E+00
3841 1.592101930503689E+00
3842 2.593209571659115E+00
3843 -9.891245613590574E-02
3844 -1.371082762487441E-01
3845 -1.157725651396188E-01
3846 3.039967854897599E+00
3847 2.817962944633964E+00
3848 3.005333906412838E+00
3849 3.760362766925925E-02
3850 -4.639906025467560E-02
3851 3.972339526855818E-01
3852 1.320099172539910E-01
3853 1.317531952907318E-01
3854 -3.554974413405768E-01
3855 -3.771803558740632E-01
3856 -9.045090692596135E-01
3857 -9.813613354371205E-01
3858 4.453687628216521E-01
3859 6.390635313971582E-02
3860 2.110829293478908E+00
3861 1.899547492605332E-01
3862 2.185271876045854E-01
3863 2.534931723155731E-01
3864 1.350288882991751E+00
3865 1.412574741669918E+00
3866 -1.976027372668299E-01
3867 -2.559796457490290E-01
3868 -2.709290706307103E-01
3869 2.078553509698323E-01
3870 1.589439601361391E+00
3871 -5.908015535307566E-02
3872 5.799811159193379E-02
3873 6.134989927102905E-01
3874 2.502946434249194E-01
3875 3.097112430928948E-01
3876 -3.164005480113596E-01
3877 -2.588227961488146E-01
3878 -1.564226538658597E-01
3879 -1.341656332861417E-01
3880 6.095240596048939E-01
3881 6.782591447568747E-01
3882 6.616251183912343E-01
3883 -1.529584149832957E+00
3884 6.687047256922922E-01
3885 7.256716538297647E-01
3886 6.246066899992415E-02
3887 -1.233350793893685E+00
3888 -1.288537974966147E+00
3889 4.051055139453976E-01
3890 3.493435972985607E-01
3891 3.897515026343115E-01
3892 -2.353347519850761E-01
3893 -2.410373995301214E-01
3894 1.639473141000686E+00
3895 2.558247176146304E-01
3896 2.824029789299655E-01
3897 2.826613782463328E-01
3898 -2.562051463335584E+00
3899 2.444988253393816E-01
3900 2.335978334034451E-01
3901 2.520203812998980E-01
3902 1.316929980324992E-01
3903 1.732146624283584E-01
3904 3.624179927727640E-01
3905 3.904583180817826E-01
3906 -4.263421828036570E-02
3907 -1.305657930152200E-01
3908 -1.043668092927717E-01
3909 -1.101172354549542E-01
3910 -1.071092529068536E+00
3911 -9.311658820874048E-01
3912 -9.313898761141919E-01
3913 1.775840211689984E+00
3914 -4.773370493882901E-01
3915 -5.321452598152229E-01
3916 5.591965230304196E-01
3917 6.492518453311189E-01
3918 1.083015133262668E+00
3919 8.984287006192426E-01
3920 2.344538011371155E+00
3921 7.513320229044491E-01
3922 8.204169692762430E-01
3923 -1.636298981828874E-01
3924 -1.573420816980365E-01
3925 9.189765717594124E-01
3926 9.890600965209551E-01
3927 -1.867233834943917E+00
3928 -1.890844890089569E+00
3929 -1.354689135188669E+00
3930 -7.708719106234783E-02
3931 -1.400535233113260E-01
3932 3.341545281093043E-02
3933 2.494270834089353E-02
3934 -2.013616158188270E+00
3935 -1.817967916150476E+00
3936 -2.300477073842620E-01
3937 -6.375400345032896E-01
3938 2.914223187920617E-02
3939 2.368104615071336E-02
3940 -2.068071582136850E+00
3941 -1.841702799879845E+00
3942 3.085235516937764E-01
3943 3.532598011115246E-01
3944 -2.247011847211307E+00
3945 -2.310617272427416E+00
3946 1.245588638774781E+00
3947 1.417112507632589E+00
3948 -8.535042893630721E-01
3949 -8.048811729334027E-01
3950 -9.825344830873330E-01
3951 -8.487570235972928E-01
3952 -2.912772443117047E-02
3953 -2.272763993183778E-02
3954 -2.097761516712649E+00
3955 -2.194599906389374E+00
3956 -2.283166887739360E+00
3957 -1.280477013282097E-01
3958 2.166848583118768E+00
3959 2.296290607730658E+00
3960 -1.291191375004227E+00
3961 -1.364387558787705E+00
3962 -9.216193335564398E-01
3963 -9.886809086689214E-01
3964 -9.435278987776681E-01
3965 -3.316750243931806E-01
3966 -3.636714193946069E-01
3967 -2.062571132003304E-01
3968 -4.264781172116719E-03
3969 -2.246887538586383E-01
3970 -4.033228504958348E-01
3971 1.859663928323178E-01
3972 2.787802914675327E-01
3973 -1.757218797519936E+00
3974 1.456136633231914E+00
3975 1.492714464754310E+00
3976 -7.071031159243920E-01
3977 -5.425563572269461E-01
3978 6.463998409311017E-01
3979 6.506139766898931E-01
3980 6.906577299085757E-01
3981 8.164542842448572E-02
3982 -8.167879293580399E-02
3983 5.131225859990202E-01
3984 4.321378494911867E-01
3985 -8.263688717156867E-02
3986 -9.753909436368544E-02
3987 -1.418917581496883E-01
3988 -1.688694084529344E-01
3989 2.798788765862398E-01
3990 3.076651062850220E-01
3991 6.793375265790440E-01
3992 7.582187965537273E-01
3993 1.864883705457126E+00
3994 2.083609109574041E+00
3995 1.226072092756764E+00
3996 8.496744781433715E-01
3997 8.477420735574848E-01
3998 7.927997575015961E-01
3999 1.315191482354434E-01
4000 1.554378275558387E-01
4001 -1.930836095246453E+00
4002 -2.024118848544424E+00
4003 -9.962574449711517E-02
4004 -1.486005369966610E-01
4005 -1.626103962311427E-01
4006 -1.367855892818812E-01
4007 -1.906224866492973E-01
4008 -1.787657528091758E-01
4009 -3.126888227513169E-01
4010 -3.700556883110351E-01
4011 1.534209006809753E+00
4012 1.611551725325272E+00
4013 1.661382477220426E+00
4014 -3.981180659674061E-01
4015 8.642885118073758E-01
4016 8.998838174219641E-01
4017 -2.454006141439865E-01
4018 7.507362455423193E-01
4019 -1.178966212005235E+00
4020 -1.072401753236106E+00
4021 9.662800590769650E-01
4022 1.038986211406496E+00
4023 1.953443007762272E-01
4024 2.064627053296563E-01
4025 -6.793140627053010E-01
4026 -8.178385992371913E-01
4027 -1.141804444082293E+00
4028 -1.075376432527067E+00
4029 -6.962568328180010E-01
4030 -6.388530488966071E-01
4031 -1.614808439456637E+00
4032 -1.699540336288540E+00
4033 -1.217715292465391E+00
4034 -1.192179127125165E+00
4035 6.866024221919036E-01
4036 6.831477931128749E-01
4037 6.331806488882298E-01
4038 2.545505901628634E-01
4039 2.568980167008774E-01
4040 2.941761021028232E-01
4041 3.506990357494071E-01
4042 4.318170653380750E-01
4043 1.104634108693600E+00
4044 1.879359890896743E-01
4045 -1.879460084396772E-01
4046 1.016981229964994E-01
4047 1.011341025138079E-01
4048 7.379767349261490E-01
4049 7.810655438207161E-01
4050 6.506371360490335E-01
4051 6.451209222200660E-01
4052 6.903177145030968E-01
4053 -6.342349410969712E-02
4054 6.344971323030560E-02
4055 7.419096373300447E-01
4056 7.769148791950603E-01
4057 4.117529111985003E-01
4058 8.907553864341690E-01
4059 -1.899419239203042E-01
4060 -1.692957524092588E-01
4061 -2.035655346489511E-01
4062 -4.261976949163367E-01
4063 -2.318469663874842E+00
4064 5.752131060340551E-01
4065 4.839863891962752E-01
4066 1.512554655053007E+00
4067 1.537148783844991E+00
4068 7.566456846294765E-01
4069 7.153630784420018E-01
4070 8.549806060073151E-01
4071 -2.222540631980163E+00
4072 -2.423983134810285E+00
4073 6.207898091271511E-01
4074 6.362115132381785E-01
4075 -1.034300816323636E+00
4076 -5.098949979320584E-01
4077 -5.520389627267646E-01
4078 6.837721107020742E-01
4079 4.503771908559781E-01
4080 4.888563716265308E-01
4081 7.430123398073673E-01
4082 7.422422164772763E-01
4083 6.785341994127650E-01
4084 3.173221984576122E-01
4085 -6.794658997175484E-01
4086 -5.649640502374507E-01
4087 -9.292514761481567E-01
4088 -8.632579697192935E-01
4089 -7.577114206081631E-01
4090 -4.977042008325073E-01
4091 -4.963942242234396E-01
4092 8.124164202837854E-01
4093 8.941078779071663E-01
4094 -2.597063518170762E-01
4095 6.268196687950773E-01
4096 6.580805150488322E-01
4097 -2.477185518932981E-01
4098 -3.171239285936715E-01
4099 -1.017875775687845E+00
4100 -1.121921827515309E+00
4101 -1.001113665740077E+00
4102 -3.944455872281787E-01
4103 -3.071587977139653E-01
4104 -5.331230920096586E-01
4105 -5.822572320805550E-01
4106 -1.729192969650032E+00
4107 -1.838722287497097E+00
4108 -7.443625719654795E-01
4109 -8.119384191616894E-01
4110 -7.614721005462675E-01
4111 2.156369000077238E+00
4112 2.391050209439022E+00
4113 -8.541977722764149E-01
4114 -8.946462798209924E-01
4115 1.758091472341993E+00
4116 -1.104640432294923E-01
4117 1.365150572540094E+00
4118 1.197429570191844E+00
4119 1.749229866452050E+00
4120 1.777648858541977E+00
4121 7.204461523023571E-01
4122 4.588684063539135E-01
4123 5.502138575418436E-01
4124 5.988488988463516E-01
4125 4.850016052400408E-01
4126 5.305901332254608E-01
4127 9.862825194986827E-03
4128 1.217259725381561E-02
4129 3.606613415094512E-02
4130 -5.990391623810516E-01
4131 -6.427667359401411E-01
4132 -6.169153922962480E-01
4133 -5.031748994037351E-01
4134 -3.935249424324032E-01
4135 -8.309216718309980E-01
4136 -8.924228029139987E-01
4137 -7.637080975683493E-01
4138 -8.254137597919633E-01
4139 -1.907110046014681E-01
4140 -2.166306218919097E-01
4141 4.651671353583676E-01
4142 4.916696444926035E-01
4143 5.017143925705239E-01
4144 -6.279314127728224E-01
4145 -6.850212895869598E-01
4146 -6.373265059513761E-01
4147 -4.984176692703260E-02
4148 -6.286006421451173E-02
4149 -5.484913786251328E-02
4150 1.239045321071785E+00
4151 4.854873666885332E-01
4152 5.206132263821611E-01
4153 -1.050770507716329E-01
4154 -8.856916394488365E-02
4155 -1.267119470774030E+00
4156 -1.254247026538806E+00
4157 -4.273465629355417E-01
4158 9.412577743882975E-01
4159 8.236168198165827E-01
4160 -8.765848097029511E-01
4161 -9.088668367836228E-01
4162 -9.154080994548828E-01
4163 -3.875706867028917E-01
4164 -8.479100231180126E-01
4165 -8.518335352781214E-01
4166 4.133287166138729E-01
4167 4.550051073975778E-01
4168 4.678058140394478E-01
4169 5.966255970243515E-01
4170 1.034412842538673E+00
4171 -7.855074732042115E-01
4172 -8.647150527013795E-01
4173 6.349832601440180E-01
4174 6.189322554369092E-01
4175 1.533214995552633E+00
4176 1.491765532791513E+00
4177 1.625343025263760E+00
4178 1.463340978962158E+00
4179 1.507741278504563E-01
4180 1.318129410730406E-01
4181 7.597298718795908E-01
4182 9.461974765495187E-01
4183 7.459119517719744E-02
4184 8.572507933752622E-02
4185 9.080892364539545E-02
4186 1.019622681076441E+00
4187 1.145674187975716E+00
4188 4.104502543997592E-02
4189 1.189526590000463E-02
4190 -3.784375272837004E-02
4191 8.316822366492436E-01
4192 7.000746210606614E-01
4193 3.780331702785262E-01
4194 4.130823396276778E-01
4195 5.055397283444386E-01
4196 5.503947222692223E-01
4197 5.050143644228260E-01
4198 -2.392310192420634E-01
4199 -2.171172538914728E-01
4200 2.699783128673537E-02
4201 2.483431880992809E-03
4202 4.150682525227895E-02
4203 5.684224796433448E-01
4204 5.653713737227630E-01
4205 5.681006596444356E-01
4206 6.245658892274237E-01
4207 1.516078981588462E+00
4208 1.341261432129995E+00
4209 -4.058344780179576E-01
4210 -4.465776927252926E-01
4211 -9.574617532986940E-01
4212 -1.021265718940959E+00
4213 4.997034345957118E-01
4214 5.403950250943218E-01
4215 5.751182094445995E-01
4216 4.146488412752946E-01
4217 8.321365858388449E-02
4218 9.934409812226194E-02
4219 4.180543463719695E-01
4220 4.187516164763290E-01
4221 4.601802484279225E-01
4222 3.357635544116268E-01
4223 3.769799922225853E-01
4224 -3.802990024812426E-02
4225 -4.483352750476267E-02
4226 6.079007637934210E-01
4227 3.113344812246949E-01
4228 1.043020126371026E-01
4229 5.923744807559169E-02
4230 6.331723870434963E-02
4231 -7.722617212423502E-01
4232 -8.178475015953595E-01
4233 -6.715114884979510E-02
4234 -6.754331608973277E-02
4235 1.147228326114885E+00
4236 1.082390690842588E+00
4237 1.052758400013801E+00
4238 4.427602134759088E-02
4239 -2.510183695051500E-01
4240 -2.694860900868045E-01
4241 -2.161969306847573E-01
4242 -1.028739289538888E-01
4243 1.013601447477688E+00
4244 -8.588296017887152E-02
4245 -9.017420278269517E-02
4246 -4.257293916345263E-02
4247 4.004907639892460E-01
4248 4.028925909933733E-01
4249 1.923735616491539E-01
4250 -5.568067834808301E-01
4251 -6.001024240119903E-01
4252 -6.097910578772791E-01
4253 1.104375808675623E+00
4254 1.083033696825935E+00
4255 6.843592075077097E-02
4256 6.930534853979003E-02
4257 8.530621247461573E-02
4258 -6.780345171757624E-02
4259 -8.337491911352932E-02
4260 -6.806271931698543E-02
4261 -1.096637802343319E-01
4262 1.097646935921847E-01
4263 -7.333719627053290E-01
4264 -1.516840101081889E-01
4265 -3.147644475662319E-01
4266 -3.078379474838059E-01
4267 -2.809599473091571E-01
4268 -2.601851010313654E-02
4269 1.009850815056194E-01
4270 -6.178021530154063E-01
4271 -5.121759259864553E-02
4272 -4.646148375698010E-02
4273 4.648372421305821E-02
4274 5.133361387128953E-02
4275 -7.669355306895775E-02
4276 -9.445512738535436E-02
4277 -2.761685178882811E+00
4278 6.007435168615400E-01
4279 5.758068539187988E-01
4280 1.027822338311589E+00
4281 9.293058726992138E-01
4282 -5.583180466517418E-02
4283 -7.348825036400097E-02
4284 -5.983681332694867E-02
4285 2.636554537046787E-01
4286 7.812864022758029E-02
4287 2.818031890069044E-01
4288 3.088872791736014E-01
4289 1.206469948233305E+00
4290 2.716868310872682E-01
4291 2.418893435580262E-01
4292 2.651725685059597E-01
4293 2.344873214288404E-01
4294 -4.079742271933435E-01
4295 -3.742786633719574E-01
4296 1.257101304070255E-01
4297 -1.304494695863987E+00
4298 -1.488257278527216E+00
4299 -4.750068131587037E-01
4300 -4.607910424879904E-01
4301 1.884089237641826E+00
4302 1.877851163516508E+00
4303 -1.153728333541297E-01
4304 -8.972311155574510E-02
4305 7.683175346920128E-01
4306 7.879316521269200E-01
4307 3.740860648317142E-01
4308 3.642456860781549E-01
4309 3.966433896703742E-01
4310 8.423458139663861E-02
4311 8.344921988782875E-02
4312 -1.732467616078600E-01
4313 -1.951975525433596E-01
4314 1.433464053692307E-01
4315 3.621395607604475E-02
4316 3.719366250099030E-01
4317 -1.090222537351838E+00
4318 -4.218866159847167E-01
4319 -4.465181970770531E-01
4320 -4.120390426605412E-01
4321 -6.697338335023351E-01
4322 -6.893186425418101E-01
4323 2.238140313772658E-01
4324 2.011085537399558E-01
4325 2.475101144999901E-01
4326 3.408003040415474E-01
4327 2.712961116676592E-01
4328 3.791480603229326E-01
4329 -9.391522996873485E-01
4330 -8.185693076752061E-01
4331 3.170255281307304E-01
4332 3.000120208623075E-01
4333 1.069089851439201E-01
4334 9.480905013231630E-02
4335 1.227603989504400E-01
4336 1.275212240824610E-01
4337 5.509930423287954E-01
4338 5.189450363026299E-01
4339 8.074143978016539E-02
4340 4.500103340416847E-02
4341 8.864415218330687E-02
4342 6.401397391244371E-02
4343 6.820915540418082E-02
4344 3.318608516754422E-01
4345 3.373243793618276E-01
4346 1.307716513605036E-01
4347 1.175144034282442E-01
4348 -8.562060661269464E-01
4349 4.969108595126277E-01
4350 5.018132794109662E-01
4351 5.564971930432193E-03
4352 3.942602711526978E-03
4353 -4.961280558017508E-01
4354 -5.137048092011929E-01
4355 5.487822008884065E-01
4356 5.655405997519155E-01
4357 -1.635907556464486E-02
4358 -1.204776344716576E-01
4359 1.272441588549121E-01
4360 2.457321490581829E-01
4361 2.195657944385583E-01
4362 2.146077899162999E-01
4363 -9.638111814618235E-01
4364 1.457700587221810E+00
4365 1.411281545540671E+00
4366 -2.402397510697538E-01
4367 -2.294316980902408E-01
4368 -1.438722187787339E-01
4369 -8.724206468585874E-02
4370 -9.134278940181045E-02
4371 -7.321729708911123E-01
4372 2.781510046894422E-01
4373 -2.997793379421800E-02
4374 -3.704800544705631E-01
4375 -3.950892306107032E-01
4376 1.999168071262532E+00
4377 -1.013846231854635E-01
4378 -1.014140778517952E-01
4379 -4.007384691602336E-01
4380 -4.199955657063013E-01
4381 2.248676164605207E-01
4382 1.981899861110987E-01
4383 2.209825463981699E-01
4384 7.325442485272635E-01
4385 -4.332497646118069E-01
4386 -4.610300997481979E-01
4387 -4.286265140578424E-01
4388 3.683629626209508E-01
4389 7.813936345461326E-01
4390 7.889078846662294E-01
4391 2.296802529000594E-01
4392 2.034555559109410E-01
4393 2.283685308840895E-01
4394 5.973717478352483E-01
4395 8.514182478212620E-02
4396 1.000011511531490E-01
4397 -3.844416696438106E-02
4398 -6.933589322044645E-02
4399 -4.516679094180810E-02
4400 2.518139021941939E-01
4401 1.400139365667881E+00
4402 3.389284751610724E-01
4403 3.378604047550050E-01
4404 -2.923128857024353E-01
4405 -2.805232835806558E-01
4406 -3.770630772891244E-01
4407 -3.349367569541207E-01
4408 1.063633048573202E+00
4409 1.149374132257643E+00
4410 -3.354028681596595E-01
4411 -1.212801815710177E-01
4412 -2.561749751883962E-01
4413 -2.847877918108054E-01
4414 -5.006472967720625E-01
4415 -5.116333867895684E-01
4416 -5.574020721968924E-01
4417 -5.909723999931279E-01
4418 -7.830219740462499E-02
4419 -1.245044396445241E-01
4420 3.654867644717582E-01
4421 3.446010582398449E-01
4422 8.520575551571753E-03
4423 -1.477555935635016E-02
4424 -4.464068443253923E-01
4425 -4.210021479550849E-01
4426 -2.053386911942083E+00
4427 -2.246441576615465E+00
4428 -2.033592573065651E+00
4429 5.217308643034460E-02
4430 -1.946109756089106E+00
4431 2.971872296544900E+00
4432 2.782474577478830E-01
4433 2.532719639029509E-01
4434 4.202668352525449E-01
4435 4.305284686674458E-01
4436 5.637941635028307E-01
4437 4.689069639685665E-02
4438 2.797614509297473E-02
4439 -1.788304590015548E+00
4440 2.042387089503142E-01
4441 1.308475274161026E-01
4442 1.077312372038287E-01
4443 -8.303175353650062E-01
4444 -8.466411293046604E-01
4445 -3.099206082625403E-01
4446 -3.017665979990080E-01
4447 6.783455302480574E-01
4448 6.641469213648497E-01
4449 2.147547191599078E-01
4450 6.441470444984118E-02
4451 4.637042777480091E-02
4452 -1.077602617468456E+00
4453 3.249457805887057E-01
4454 3.188672801278549E-01
4455 3.487373751296269E-01
4456 2.303555966508535E-01
4457 -3.912519931325074E-02
4458 -7.227712977984919E-02
4459 -4.850644163036200E-01
4460 8.513456675902030E-02
4461 1.133051140649256E-01
4462 1.356558559205331E+00
4463 1.281243606208294E+00
4464 1.408896972906144E+00
4465 -2.183636698914654E-01
4466 -2.406785640814786E-01
4467 4.881388350202764E-01
4468 4.506932506720014E-01
4469 4.401080177046885E-01
4470 -8.846152799733048E-01
4471 -9.347775430320540E-01
4472 -7.075539796832953E-01
4473 9.560975213707201E-01
4474 -2.696409977647964E-01
4475 -2.853536500740571E-01
4476 -2.557336402560804E-01
4477 8.479759107099555E-02
4478 6.292659096791441E-02
4479 -2.356180021083302E-01
4480 -2.857812492202501E-01
4481 -2.573173587524469E-01
4482 2.293260537594708E-01
4483 2.041260366555382E-01
4484 3.245191813212197E-01
4485 3.009605099138624E-01
4486 1.519461815957223E-01
4487 1.737596148683559E-01
4488 2.764243869126205E-01
4489 3.005521272073240E-01
4490 -7.563099932502458E-02
4491 -6.984214961351513E-02
4492 -5.095386298241242E-02
4493 8.530473600914124E-01
4494 1.013612865743335E+00
4495 -1.926383755295886E-02
4496 -6.754389730925585E-01
4497 -6.964382242188765E-01
4498 -1.587211622015204E-02
4499 -1.529757439243122E-02
4500 1.411306801017295E-02
4501 1.389589154969785E-02
4502 1.734885576309965E-01
4503 1.500117302068565E-01
4504 1.703295665223695E-01
4505 -2.583523664665325E-01
4506 -2.508687517298031E-01
4507 -1.760372150211129E-01
4508 -1.508809521187390E-01
4509 9.149755712472250E-01
4510 9.835677031088220E-01
4511 -2.711856982494901E-01
4512 4.360589381979512E-01
4513 3.626638902017948E-01
4514 3.414906113720101E-01
4515 3.733575135219087E-01
4516 -1.265479793297464E-01
4517 -1.010784112401219E-01
4518 -3.024435390539738E-01
4519 -2.206301051016034E+00
4520 5.169477367000876E-01
4521 7.256165347704801E-05
4522 -1.378596432320788E-01
4523 -1.189425710001985E-01
4524 4.175289455638276E-02
4525 -2.014431857498066E-01
4526 -2.187901663386797E-01
4527 -8.712885307829923E-01
4528 -8.014196673225005E-01
4529 -1.243376775396086E+00
4530 1.742057970971270E-01
4531 1.951687752781769E-01
4532 8.161006895983378E-02
4533 9.761557125632439E-02
4534 1.412724183640479E+00
4535 -9.187579041246015E-01
4536 -1.030462667558445E+00
4537 5.694693650318371E-01
4538 -5.300866125475558E-01
4539 -4.661035232247402E-01
4540 -4.019510640683196E-01
4541 -4.686858671387322E-01
4542 -2.219672778209305E-01
4543 -3.025329168585476E-01
4544 -5.484133364164051E-02
4545 -6.292162162619190E-02
4546 -4.955573639381228E-02
4547 1.206169231345046E+00
4548 1.109076772735619E+00
4549 1.229364432008418E+00
4550 1.598552794601105E-01
4551 -5.836192300514572E-02
4552 -6.514254836983938E-02
4553 -7.570250343183632E-02
4554 3.802740781527175E-01
4555 6.798083370215161E-02
4556 6.566737839245987E-02
4557 1.234261883177978E-01
4558 2.005209317647649E+00
4559 1.934936776707882E+00
4560 4.165848791355518E-01
4561 3.777346879577262E-01
4562 3.766717187419355E-02
4563 6.894275849458108E-02
4564 6.975030817294507E-02
4565 -6.806301268451873E-02
4566 -6.851440182416751E-02
4567 -8.293274608188334E-02
4568 -2.976247405198231E-02
4569 2.751624195948026E-01
4570 2.789968883907464E-01
4571 7.646218584332608E-02
4572 6.246016103755429E-02
4573 9.907235551733053E-01
4574 1.186064942697186E+00
4575 -6.591622363078418E-02
4576 -6.310136963302648E-02
4577 -8.038284985964375E-02
4578 -9.031303217713343E-02
4579 -1.083723027548469E-01
4580 -8.593846538839570E-02
4581 8.400901313437995E-02
4582 -3.430542621283080E-01
4583 -3.126914373656032E-01
4584 1.126071287145607E-01
4585 1.335804870647892E-01
4586 -2.258662834165513E-01
4587 3.247674509612904E-01
4588 -2.973669522200401E-01
4589 -2.756411639559965E-01
4590 1.876884902821947E+00
4591 1.903252349979908E+00
4592 -1.126739432391408E+00
4593 -1.255638147432693E+00
4594 2.793828966919398E-01
4595 -8.197355890747468E-02
4596 -6.473249436039183E-02
4597 -1.668473451500705E-01
4598 -1.861996840147094E-01
4599 -1.676972025137471E-01
4600 1.614443963387386E-02
4601 1.683350312127422E-01
4602 -1.280569515792488E-01
4603 -1.254851182412514E-01
4604 1.289745156956839E+00
4605 1.273548457167737E+00
4606 -5.246509836089076E-01
4607 -4.626099244719828E-01
4608 3.907119375159854E-02
4609 1.147280497838106E-02
4610 -3.251923618138657E-02
4611 -2.441057960172617E-01
4612 -2.294506097669168E-01
4613 -6.256386837726204E-02
4614 -6.207065948039005E-02
4615 5.558168786774246E-02
4616 -8.211048931762568E-02
4617 2.266012292514808E-01
4618 5.275013358376235E-01
4619 6.035006184012539E-01
4620 5.733126406819815E-01
4621 -4.510325589267807E-02
4622 -1.607887668122416E-01
4623 -1.707759688157569E-01
4624 -1.016634103324097E-01
4625 1.791258574592931E-01
4626 1.796851759106834E-01
4627 -2.162427836735420E-01
4628 -2.012478138682588E-01
4629 9.433962374309912E-01
4630 -1.346261734872279E+00
4631 -1.413669702187399E+00
4632 -1.472396598851822E+00
4633 -6.428143498234865E-02
4634 2.720470568791070E-01
4635 -1.108624397446259E+00
4636 6.503108661923525E-01
4637 6.260511832045728E-01
4638 -1.327029994995406E-01
4639 5.254528643818479E-02
4640 -5.124781452583949E-02
4641 -3.829136425207165E-02
4642 1.771673520634439E-01
4643 4.009569837390708E-01
4644 -3.508595315344631E-01
4645 1.266787861847949E+00
4646 1.274455800073876E+00
4647 1.205685247942450E-01
4648 1.545151846484158E+00
4649 -3.881525259548330E-01
4650 -5.053600705432814E-01
4651 -4.320012845930534E-01
4652 -7.940168350003907E-01
4653 -2.331728259241722E-02
4654 -2.300780095987728E-02
4655 -2.297919208553444E-03
4656 -1.768732853324768E-01
4657 -1.530952652687789E-01
4658 -1.749953308965532E-01
4659 2.793144713787065E-01
4660 3.093098053048908E-01
4661 1.003571323197529E-01
4662 3.299603550495122E-01
4663 2.834032288686934E-01
4664 2.333145984195634E-01
4665 2.722343419564542E-01
4666 4.458678401535380E-03
4667 1.295592288636613E-02
4668 2.612312323635251E-02
4669 1.236520419197654E-02
4670 2.968059758449170E-01
4671 4.505615396321282E-01
4672 -7.052082604449026E-01
4673 -8.177896232142331E-01
4674 -1.229623328220369E-01
4675 -1.138425739819758E-01
4676 -2.206127223190046E+00
4677 -2.348282144561882E+00
4678 -2.422755090210002E+00
4679 1.299871634776164E-01
4680 3.929598124853789E-02
4681 1.268457707404543E+00
4682 -1.626514792896003E-01
4683 -1.657919144373917E-01
4684 -2.290407795503949E-01
4685 5.537637163181235E-02
4686 5.349811029736909E-02
4687 -7.105615828973993E-01
4688 -5.570860490934924E-01
4689 -1.305691391209032E-01
4690 1.019137664397497E+00
4691 9.155418325145773E-01
4692 3.296469665234225E-01
4693 -8.890540640008862E-01
4694 4.557138742860802E-01
4695 4.982713728594261E-01
4696 -2.383497428561545E-01
4697 -3.749092512104031E-01
4698 -3.444084920054115E-01
4699 4.812529267064591E-01
4700 -3.159866780556326E-01
4701 -2.867545476325778E-01
4702 -6.688932207908489E-01
4703 1.799490136582815E-01
4704 -9.391060511960536E-02
4705 -9.860371925885129E-02
4706 -2.996154900485357E-01
4707 -1.870915407113300E-01
4708 -1.714264882341138E-01
4709 -4.034409552306695E-02
4710 -2.966518636209255E-02
4711 -1.347965859006659E-02
4712 4.732829294229586E-01
4713 -4.919806458502856E-01
4714 -1.875263028940129E-02
4715 -2.824215881244341E-02
4716 -3.535269075267803E-02
4717 -8.710875934244779E-03
4718 -1.823901495669083E-01
4719 -8.403357689860110E-02
4720 8.366397790544464E-02
4721 1.763562232814176E-01
4722 2.423856855754647E-01
4723 1.984248859271187E-01
4724 -3.540852550947456E-01
4725 -2.767115111756691E-01
4726 2.106021963411389E+00
4727 3.134492174228304E-01
4728 -2.047238555496177E-01
4729 -2.632248413746726E-01
4730 -4.956756077537060E-01
4731 -4.638305533661508E-01
4732 1.138321020466650E-01
4733 -1.481188240405317E-01
4734 -8.708475099457944E-01
4735 7.807982363061891E-02
4736 -7.855006423058314E-02
4737 1.375437093020662E+00
4738 -1.476384815083309E+00
4739 -1.545481593339818E+00
4740 9.093922145596024E-01
4741 9.657237020936995E-01
4742 8.768872634652788E-02
4743 1.328501701675075E-01
4744 -4.348285641519498E-01
4745 -4.036349912133719E-01
4746 -2.098649016531604E-01
4747 -2.248507722838999E-01
4748 2.926641436075339E-01
4749 3.500678019641756E-01
4750 3.642667252751404E-01
4751 -3.425301670622330E-03
4752 1.112517539682105E-02
4753 1.928104921794338E-01
4754 1.095470382918605E-01
4755 6.804730611206943E-02
4756 2.239557567206801E+00
4757 2.404482956396795E+00
4758 1.785740652086943E-01
4759 1.542834205347372E-01
4760 3.353024484086411E-01
4761 1.048913505074845E+00
4762 9.999615262684529E-01
4763 1.797293705087988E-01
4764 1.545152056785336E-01
4765 -1.779314525075162E-01
4766 8.181900280907146E-01
4767 7.034217205185817E-01
4768 4.866568614823586E-01
4769 5.975869003456429E-01
4770 2.365210067545687E-01
4771 2.609594988424440E-01
4772 -6.446140831181488E-02
4773 -4.879623416007603E-02
4774 3.478102766266939E-01
4775 -1.649816033964541E+00
4776 -1.606918926516524E+00
4777 -1.295159795421420E+00
4778 6.043285490545250E-01
4779 4.933119861798470E-01
4780 5.599771521035608E-01
4781 -2.645873844757017E-01
4782 -2.359128199613308E-01
4783 -5.755214638536503E-01
4784 -6.201453471343644E-01
4785 1.308637851745613E-01
4786 4.101439033699434E-01
4787 2.223196574951078E+00
4788 2.050274695211565E+00
4789 2.389052855517445E+00
4790 1.291601565957513E+00
4791 1.449880427553519E+00
4792 2.276905665300092E-01
4793 2.025147467535991E-01
4794 2.260624024750654E-01
4795 -1.589284618804435E+00
4796 -1.624429347346398E+00
4797 -4.077847933019543E-02
4798 -1.426900870588504E-01
4799 -9.784765935179861E-02
4800 5.343664083777118E-01
4801 5.062617699018497E-01
4802 -1.719458934834689E-02
4803 -1.961366627148615E-01
4804 4.120411871210902E-01
4805 4.455416777939610E-01
4806 -8.572978301999503E-01
4807 -4.671919334074915E-01
4808 -4.856736740099027E-01
4809 2.367348342994173E-01
4810 6.256630646624217E-01
4811 9.928506248766955E-03
4812 1.133509555429035E-02
4813 2.245150234588862E-01
4814 2.511781033711690E-01
4815 2.279309778651694E-02
4816 -4.702079345092500E-02
4817 -6.520307523639668E-02
4818 9.448791426513741E-01
4819 7.747643764289396E-01
4820 -4.600292551415120E-01
4821 -6.593889389199971E-01
4822 1.413093195049900E-01
4823 -8.971437020961925E-03
4824 6.438669161106600E-02
4825 1.544795119309782E-02
4826 -8.977114596406487E-01
4827 1.685571880933585E+00
4828 5.145667270706826E-01
4829 5.301509974288305E-01
4830 3.979595534694893E-01
4831 2.962888935144569E-01
4832 1.545055476931991E-01
4833 1.302547096024495E-01
4834 -2.507329507419390E-01
4835 2.360968412026073E+00
4836 2.115871588610071E+00
4837 2.203361340802733E+00
4838 -2.198822246831824E-02
4839 3.379790233844285E-01
4840 1.482038847950873E-01
4841 -7.087717972526356E-02
4842 -1.039769324971450E+00
4843 1.214913192527467E-02
4844 3.775738174927265E-02
4845 1.324740876437329E-01
4846 1.082844893000432E-01
4847 5.783763876533792E-01
4848 -3.571280882966081E-02
4849 -7.337108499384576E-02
4850 1.979961409069593E+00
4851 1.831858257757853E+00
4852 1.288472701798172E+00
4853 1.133220117409484E+00
4854 9.028119765820665E-01
4855 -2.103843441477961E-01
4856 -1.834536178147418E-01
4857 2.047314412843223E+00
4858 1.898810122359023E+00
4859 -1.582989006401430E-01
4860 -1.428470094816932E-01
4861 -6.335265693814243E-01
4862 5.803255346499939E-02
4863 5.833537840082348E-02
4864 -1.351797042546619E+00
4865 -1.354269897027083E+00
4866 -1.594884626018175E+00
4867 -3.429433456031273E-01
4868 -3.952186334620884E-01
4869 -2.438566109147530E-01
4870 -3.455264709527817E-01
4871 -3.581374454406782E-01
4872 -2.523218650663280E+00
4873 -2.673299692267941E+00
4874 -5.638397345761661E-01
4875 -2.577656773686161E-01
4876 4.846430619452705E-02
4877 -2.039771438174997E-01
4878 -6.480346622985428E-01
4879 -7.905657948455982E-01
4880 -4.542779792088772E-01
4881 6.861894649059577E-02
4882 -2.362167267115980E-02
4883 -2.651221656050877E-01
4884 -2.911513508613089E-01
4885 -2.699721464706871E-01
4886 1.053307187534797E-01
4887 8.327365308080480E-02
4888 -1.642871512761832E+00
4889 -1.642610657856532E+00
4890 -3.207081270381779E-01
4891 -3.480930044760881E-02
4892 3.371988845799087E-01
4893 3.826158032465402E-02
4894 1.912441589022575E-02
4895 -1.159498106545005E+00
4896 -9.226615655224146E-01
4897 -8.522065816075856E-01
4898 -8.385260860829857E-01
4899 2.478685577334338E-01
4900 2.058552341371856E-01
4901 -5.218288445343082E-01
4902 1.379548327889242E+00
4903 1.597006362294495E+00
4904 1.380753704287278E+00
4905 1.162572891977109E+00
4906 1.383065013339405E-01
4907 -4.871723150597478E-01
4908 -5.343081287791345E-01
4909 6.125290252766677E-01
4910 -1.324079860123379E-01
4911 -1.320034844336318E-01
4912 -1.158358667492342E-01
4913 -1.145839968019726E+00
4914 -2.232339419706746E-01
4915 -1.863996876279296E-01
4916 1.602469093274954E-01
4917 2.343810075641052E-01
4918 2.914640767724117E-01
4919 -1.924019459310896E-01
4920 -2.205902669221498E-01
4921 1.229923187821673E+00
4922 -2.877111161736327E+00
4923 -2.792995441176103E+00
4924 -2.654342441542184E+00
4925 8.773068885127792E-02
4926 6.605605583326460E-02
4927 -3.516773645728365E-01
4928 3.570701350959831E-01
4929 4.087597787285651E-01
4930 3.185131137929078E-01
4931 -1.662330283224215E-01
4932 -1.510987925473394E-01
4933 2.519454427075921E+00
4934 2.643691378558752E+00
4935 5.574613772966787E-01
4936 5.660152747826208E-01
4937 2.825274771109342E-01
4938 3.113928605108569E-01
4939 3.021690675678396E-01
4940 -6.782136955588732E-01
4941 -7.029981103139048E-01
4942 -2.972233519355273E+00
4943 -2.987908479242049E+00
4944 1.013463707531060E+00
4945 -2.640311097713114E-01
4946 -3.756168954055668E-01
4947 -4.287072882431915E-01
4948 1.593084247420121E-01
4949 1.374230253637912E-01
4950 1.821145559057233E-01
4951 6.405277507473516E-01
4952 3.975425784071649E-01
4953 -2.986096289935405E+00
4954 -3.015945110619824E+00
4955 -1.597572702778747E-01
4956 -1.349874987178262E-01
4957 2.565347158877618E-01
4958 -3.769295876010796E-01
4959 1.003675917854002E+00
4960 4.718956411698928E-01
4961 5.204461666538649E-01
4962 1.910751025050330E-01
4963 1.676727211335691E-01
4964 1.783990207397561E-01
4965 2.770904494727073E-01
4966 2.896546016529684E-01
4967 -8.696939139355028E-02
4968 8.700783425841732E-02
4969 -1.468573653724565E-01
4970 1.269946909097583E-01
4971 -2.078149987066767E+00
4972 -1.825523038284712E+00
4973 -1.909543495441246E+00
4974 -4.104271224634833E-01
4975 -3.744636011542276E-01
4976 -3.775767801635449E-01
4977 1.041637709490699E+00
4978 1.269261140931820E+00
4979 -5.712217635044631E-02
4980 2.843493058286461E+00
4981 2.762267101112822E+00
4982 8.268137669958006E-02
4983 -1.208853347827926E-01
4984 -6.629873897874747E-02
4985 -1.205760309782587E-01
4986 -4.100307943916573E-02
4987 -4.344524803074532E-02
4988 1.384987061426627E-01
4989 -8.830627000048494E-02
4990 -1.622764593081942E+00
4991 2.063705298124120E-01
4992 1.992168314495515E-01
4993 -8.352670045234150E-01
4994 -1.700083440202648E-01
4995 2.010303979600821E+00
4996 1.820292030537234E+00
4997 -6.218934788603366E-01
4998 -6.538468076327565E-01
4999 1.371180523954600E-01
5000 -2.095726232942694E-01
5001 2.621723112866797E-01
5002 2.886463257804889E-01
5003 2.765603151536530E-01
5004 -1.299943522728541E-01
5005 3.174085006417724E-01
5006 9.596323085226819E-01
5007 -3.521914578201024E-01
5008 -3.252288403337887E-01
5009 -7.176305123649326E-01
5010 -7.299393207483986E-01
5011 -2.523148191101071E-01
5012 2.122952677122681E-01
5013 1.894126958699713E-01
5014 3.720672259102577E-01
5015 3.379250470731332E-01
5016 3.421633918225562E-01
5017 -2.952734991812380E+00
5018 -2.770434067614861E+00
5019 -2.985568161124551E+00
5020 1.680563794897177E+00
5021 1.514949300636401E+00
5022 -1.136054285523268E-01
5023 -9.222322428229407E-02
5024 -2.169378907855281E-01
5025 -3.993174654505068E-01
5026 -3.672935096393994E-01
5027 -3.112286784420649E-01
5028 -1.313954842355516E-01
5029 -2.542238121612044E-01
5030 -2.583688219955806E-01
5031 -1.994411502712991E-01
5032 3.872205531314459E-03
5033 2.643369573803153E+00
5034 -2.024654701883471E+00
5035 5.128379301323660E-02
5036 6.406602448068663E-02
5037 3.429210942337163E-01
5038 3.033802609785958E-01
5039 5.698139753045385E-01
5040 7.255222404619293E-01
5041 -3.977568137751166E-02
5042 -2.304069318201784E-02
5043 3.817670185805717E-01
5044 3.483715755526252E-01
5045 -7.353762225784385E-02
5046 -5.557117256934013E-02
5047 -4.932822541910258E-01
5048 -4.464594355233430E-01
5049 2.303795492474232E-01
5050 2.138742989484881E-01
5051 3.023933347926566E-03
5052 -5.645564232913981E-02
5053 -1.943980854335576E-01
5054 -1.809556318664767E-01
5055 -4.334901673594821E-01
5056 1.886106733961580E+00
5057 1.988880523041903E+00
5058 1.829679326361507E+00
5059 -7.353909517374686E-01
5060 -7.359356835142381E-01
5061 -1.027090082978609E+00
5062 3.856144925228050E-01
5063 4.080628646792159E-01
5064 -1.632531274286026E+00
5065 -1.607846123715260E+00
5066 3.026586466231291E+00
5067 2.986482804774242E+00
5068 2.811832721025884E+00
5069 5.450099205525847E-01
5070 5.278076220358391E-01
5071 -1.215310080300069E+00
5072 -1.188345064377875E+00
5073 3.856785226879489E-01
5074 -3.705639698288171E-01
5075 -1.322754527795440E-01
5076 -1.155537568311108E-01
5077 -1.297057182195610E-01
5078 -2.689299686773429E-01
5079 9.697957976069035E-02
5080 3.061082706721846E-01
5081 2.775353385490671E-01
5082 2.798358362138625E-01
5083 -2.357053377318165E-01
5084 -2.559016147092054E-01
5085 2.365057526976042E-01
5086 2.260059911380227E-01
5087 -1.817817624842500E-01
5088 -1.206762628470496E-01
5089 -1.004314870091891E-01
5090 8.233079360467023E-01
5091 -3.324640987689695E-01
5092 -2.989185719941449E-01
5093 -7.258105410914329E-03
5094 7.254038506486582E-03
5095 1.733121183309684E-02
5096 5.441668736383989E-01
5097 7.779610982012268E-01
5098 1.071039993311417E-01
5099 8.330713542352502E-02
5100 -1.955081377381272E-01
5101 5.967876573285300E-02
5102 4.844185436404992E-02
5103 -7.756519841515508E-01
5104 1.661912346920828E-01
5105 -3.458489980266157E-01
5106 -3.180360935967797E-01
5107 -1.601431441903786E-01
5108 4.208319723529675E-03
5109 -1.486867915881298E-02
5110 2.508353995737608E-01
5111 2.148883431032299E-01
5112 -8.021395113341845E-01
5113 -9.344185169866023E-01
5114 1.876632359116517E-01
5115 1.741918611822104E-01
5116 1.669729665837967E-01
5117 -9.382426411777457E-01
5118 -8.164093919767204E-01
5119 -1.688344479799887E-01
5120 8.224547817318275E-01
5121 9.296385500799558E-01
5122 6.335363974655699E-01
5123 -1.056554982686651E-02
5124 -1.887860952259764E-02
5125 1.641795302028317E-02
5126 8.119081977875281E-03
5127 -3.428363823650505E-02
5128 -2.482753976742157E-02
5129 2.504228051225798E-01
5130 2.263613883458605E-01
5131 -1.478935139467244E-01
5132 -4.125300556241276E-01
5133 -4.218439013581651E-01
5134 5.452400352635409E-01
5135 2.477119265453231E-01
5136 -9.699645677950783E-02
5137 -2.474050879443947E-01
5138 -2.239776764486864E-01
5139 -1.206318732096098E+00
5140 2.859166632927286E-01
5141 2.145998692308255E-01
5142 4.543932321158246E-01
5143 4.173701478334367E-01
5144 4.444162730597939E-01
5145 1.471034943017097E-01
5146 2.134010419966735E-01
5147 2.020135904404679E-01
5148 1.779692696266366E-01
5149 2.681431314290835E-01
5150 -9.995994086670720E-02
5151 -1.245699433377768E-01
5152 3.343606696285875E-01
5153 -2.365381158670170E+00
5154 -2.911714027599178E-01
5155 -2.679032609026303E-01
5156 -7.325138903905341E-01
5157 -7.210506651102391E-01
5158 1.916858860030887E-01
5159 1.788543421421694E-01
5160 1.800678772372666E-01
5161 -1.743759376215874E-01
5162 -1.601600677374938E-01
5163 -1.469443094938230E-01
5164 -7.182723899916432E-01
5165 -7.155518312243352E-01
5166 2.375550991798649E-01
5167 4.042534187544193E-01
5168 -5.121980349325966E-01
5169 2.633717297957329E-01
5170 2.421746214375685E-01
5171 8.416727036586973E-02
5172 2.752452786742266E-01
5173 1.598134228193561E-01
5174 -1.872347484095184E-01
5175 -1.492429108171804E-01
5176 1.297161121751235E-01
5177 -1.105285029429131E+00
5178 2.560615339922018E-01
5179 -2.263811572853507E+00
5180 -2.475429774790441E+00
5181 -1.655441595948469E+00
5182 -1.444479405977986E+00
5183 1.431290598733888E-01
5184 1.222341169085635E-01
5185 -7.140502120952449E-01
5186 -7.739303809473004E-01
5187 1.885750278464025E-02
5188 -1.022713810648717E-02
5189 -2.333405351412111E-02
5190 4.796275952157422E-01
5191 5.172306443566437E-01
5192 -4.698591157621095E-01
5193 -4.359064520822667E-02
5194 -8.376643582110021E-03
5195 -2.565692876032751E-02
5196 -3.799251194336145E-01
5197 -5.120597750419789E-02
5198 -8.510858581141528E-02
5199 2.919099939353980E+00
5200 2.091349549969658E+00
5201 7.548924461473114E-02
5202 -1.486907878408126E+00
5203 -1.624090598725528E+00
5204 2.972372601592524E-01
5205 2.698327325983130E-01
5206 2.642535585410143E-01
5207 5.788941091506311E-02
5208 1.022769176288991E-01
5209 2.292630658906539E-01
5210 3.697041646304238E-01
5211 6.802513052636895E-02
5212 5.112059112293482E-02
5213 -1.939541032545857E-01
5214 -1.698899407756247E-01
5215 2.099047528987377E-01
5216 2.310753699256029E-01
5217 2.159982544241531E-01
5218 -2.443368111024567E-01
5219 -2.694979528613834E-01
5220 3.431872021369876E-01
5221 -2.054027306554294E-02
5222 -3.298008607429097E-02
5223 -2.740404591311875E-01
5224 -4.167536957028296E-01
5225 4.464321282640700E-02
5226 3.627360390432977E-02
5227 -7.710143791127913E-02
5228 -9.525840943011141E-02
5229 5.343818342270914E-01
5230 4.931698141542757E-01
5231 -4.618833613643121E-02
5232 2.993385231946926E-02
5233 3.528556044202270E-02
5234 -3.207085033369934E-01
5235 -1.048903081660309E-01
5236 3.718498351557056E-02
5237 -2.955845578927563E-01
5238 -2.718472828141689E-01
5239 -1.561671324258493E-01
5240 -1.789839501535774E-01
5241 -6.076930432876871E-01
5242 -6.423548092358859E-01
5243 -3.665766513321159E-01
5244 6.081905774951235E-02
5245 5.023618139718823E-01
5246 3.207764252673619E-01
5247 2.434805490684433E-01
5248 -1.058377565280570E-01
5249 -7.323893224281830E-02
5250 -2.256884661211427E-01
5251 -4.149127105980890E-01
5252 -1.354105195543860E+00
5253 -1.725209720888367E+00
5254 -1.574429490712863E+00
5255 -5.289201151670949E-01
5256 1.989836456699508E-02
5257 -2.951632812766974E-01
5258 -3.676127572242343E-01
5259 3.592975766699363E-01
5260 3.273321376537525E-01
5261 8.512560918439126E-02
5262 1.173496497400854E-01
5263 1.959157819484479E-01
5264 2.197569811645353E-01
5265 -1.149448001685692E+00
5266 3.876086317236086E-01
5267 5.653032498877328E-01
5268 3.356967762484626E-01
5269 -8.107225451064465E-02
5270 -8.995502376140803E-02
5271 9.084061073147040E-02
5272 8.156239480228308E-02
5273 -6.580818616675082E-01
5274 1.542423635819982E-02
5275 -3.192632179471417E-01
5276 -3.467290175059820E-01
5277 -1.965743824433812E-02
5278 -4.371836198141418E-01
5279 -5.056782500021313E-01
5280 7.551074793116520E-02
5281 6.394959395198986E-02
5282 -4.192411193113595E-01
5283 -3.633372783306805E-01
5284 -2.425823653876094E-01
5285 -1.952547651174011E-01
5286 6.326198168286037E-01
5287 9.723672908275922E-01
5288 9.769516315510485E-01
5289 1.196631872019076E-01
5290 9.352849061459427E-01
5291 -6.262829180195124E-01
5292 -2.346351911449304E-02
5293 -1.056744582670843E-01
5294 -6.053927290889349E-01
5295 2.693401923108625E-01
5296 2.118753845865027E-01
5297 8.248879604025898E-01
5298 8.907434593554759E-01
5299 1.778851114357239E-01
5300 3.919526962023414E-01
5301 4.643712877240669E-01
5302 4.220514667438990E-01
5303 5.462242166343545E-02
5304 4.371278293336604E-02
5305 -4.202879983692384E-02
5306 -5.289309704662554E-02
5307 -7.832153472534114E-01
5308 -1.003608290208410E+00
5309 -9.831461109898873E-02
5310 3.618254564826461E-01
5311 -2.122021171553124E+00
5312 4.368391020645461E-02
5313 -2.755848566864678E-02
5314 1.214402604092103E-01
5315 1.571328655738924E-01
5316 2.244635178301279E-01
5317 2.030140225044547E-01
5318 -1.456800132148263E+00
5319 -5.251723491077190E-01
5320 -4.904724811750897E-01
5321 1.842623240341380E-01
5322 1.626860636102421E-01
5323 -4.481282801416628E-01
5324 -4.500024460858824E-01
5325 5.760972596628752E-01
5326 -1.082772790822876E-01
5327 -9.413364875260460E-02
5328 -4.491586790013603E-01
5329 -2.623016805202155E+00
5330 -2.491066701324844E+00
5331 -2.929237038232777E+00
5332 3.227360333492095E-01
5333 2.874871066954590E-01
5334 3.274332182310425E-01
5335 1.205409891125488E+00
5336 -1.556820988122587E+00
5337 -1.347535972347796E+00
5338 -1.479587651318968E+00
5339 -2.111397605737332E-01
5340 9.836396674537026E-02
5341 1.188525033066216E-01
5342 -2.411762633859269E+00
5343 -5.789650403378537E-01
5344 -6.017714600575573E-01
5345 1.945621344636844E+00
5346 2.227427307501674E-01
5347 2.000583681206752E-01
5348 -3.778208780002197E-01
5349 -4.102426435754689E-01
5350 -1.517325653996113E+00
5351 1.695854379917106E+00
5352 2.623152549682024E-01
5353 2.820258953323453E-01
5354 -6.019381921905119E-01
5355 -5.640869190406884E-01
5356 5.544407311682013E-01
5357 -4.019056944812135E-01
5358 -4.296056897844583E-01
5359 -6.639822247765188E-01
5360 -2.494760267318271E-01
5361 -2.791242366307987E-01
5362 3.465229552406703E-02
5363 -1.275773162378059E-01
5364 1.458425705892762E-01
5365 3.941664059344303E-01
5366 3.557180357992433E-01
5367 3.145382002389068E-01
5368 3.162539377836712E-01
5369 2.848820151731743E-01
5370 7.311894612746450E-01
5371 1.304501249957867E+00
5372 1.320487296852399E+00
5373 2.358061247026431E-01
5374 1.043600448663410E-01
5375 8.476797250131915E-02
5376 -9.254254322735493E-02
5377 -1.102828368883359E-01
5378 -5.513708479843478E-01
5379 -5.864741876449073E-01
5380 3.609181293237376E-01
5381 -2.642964035170826E-01
5382 -2.601972945711053E-01
5383 -2.237393339848057E-01
5384 -2.537003535039704E-01
5385 7.893106173630215E-03
5386 1.251377740568014E-01
5387 1.383347741737485E+00
5388 -1.463055384936786E-01
5389 -1.527726986482526E+00
5390 1.198314498734150E+00
5391 1.096685282327718E+00
5392 1.033118231704937E+00
5393 1.831277617631153E-01
5394 2.152655572796504E-01
5395 2.866376817185708E+00
5396 2.929165293609272E+00
5397 -4.890552693521547E-01
5398 -4.623410702989705E-01
5399 5.037889466961984E-01
5400 4.023285513220428E-01
5401 -2.620054912367126E+00
5402 -2.734586018210177E+00
5403 -6.866040657250195E-01
5404 -6.437278865555058E-01
5405 -3.231337434654203E-01
5406 -2.982348414862187E+00
5407 -2.965016185860785E+00
5408 1.275557436615364E-01
5409 1.247963436659292E-01
5410 -1.329288278254716E-01
5411 2.660894353397858E+00
5412 2.548519109480755E+00
5413 2.769679143375607E+00
5414 -1.539779671820949E-01
5415 7.611470577162988E-03
5416 1.510680008919157E-01
5417 -7.045474767989195E-01
5418 4.524476713576229E-01
5419 4.190389006752471E-01
5420 -2.237254794602934E-01
5421 4.844672738787290E-01
5422 -4.452758985072187E-01
5423 -2.828916950384526E-01
5424 -3.301434274847188E-01
5425 -5.680090967297742E-01
5426 6.894440813823024E-01
5427 7.219309073432644E-01
5428 4.612858929392901E-01
5429 4.321265466430650E-01
5430 5.324604652170726E-01
5431 5.046846736583711E-01
5432 -1.426956802025566E-01
5433 -4.231849888740392E-02
5434 -4.595503430036851E-02
5435 3.294746790779726E-01
5436 3.147709239713276E-01
5437 1.305551308914415E+00
5438 1.272415999768189E+00
5439 -4.439000008437943E-01
5440 -4.471989940835870E-01
5441 8.320361550799950E-01
5442 7.415516192915710E-01
5443 -8.115350753038911E-02
5444 1.856344926269526E-02
5445 3.986264090633803E-01
5446 4.424097649668457E-01
5447 9.258753055650422E-01
5448 8.001691985647162E-01
5449 8.877099961877173E-01
5450 2.526831819650184E+00
5451 -2.642151535971611E+00
5452 -2.510805060577781E+00
5453 1.383640108890740E-01
5454 3.941067891087068E-01
5455 1.131800155146239E+00
5456 1.061682428192105E+00
5457 -2.731166865776541E-01
5458 1.659978768596797E-01
5459 2.046480142950070E-01
5460 -3.887591205130576E-01
5461 -3.752384136258047E-01
5462 -6.127157252921243E-02
5463 1.750432267807575E-01
5464 1.645087585730223E-01
5465 1.245344126077793E-02
5466 3.890922320406297E-01
5467 3.547351413421771E-01
5468 2.167147146476575E+00
5469 2.186066172412897E+00
5470 -1.148535690334772E-01
5471 -2.061483739797397E+00
5472 -2.000223833506517E+00
5473 -7.633572028772637E-01
5474 -8.584021529402894E-01
5475 4.720511075167941E-01
5476 -3.755428748926172E-01
5477 7.653401075006065E-01
5478 -1.356383169458151E-01
5479 -1.750612285015291E-01
5480 1.406679412907980E-01
5481 1.177039486636473E-01
5482 -3.729321742340090E-01
5483 -3.330595978214249E-01
5484 -2.946545171808829E-01
5485 -1.324704523798984E-01
5486 2.214834284078913E-01
5487 5.766902606006405E-01
5488 -1.033049574286416E+00
5489 -1.129793574112905E+00
5490 -1.076588576459541E-01
5491 1.260069505505232E-01
5492 -1.913286428439206E+00
5493 -1.709097933294898E+00
5494 -2.063991147509665E+00
5495 -6.692924101607650E-01
5496 1.289315785911129E-01
5497 7.481411638909226E-02
5498 2.420328116793396E+00
5499 -6.397681146323811E-01
5500 -4.616850581527856E-01
5501 1.846185372824524E-01
5502 8.040377562215684E-01
5503 8.560485533786917E-01
5504 3.110960232525480E-02
5505 5.228609967000378E-02
5506 -4.854625403164872E-01
5507 3.366745905885347E-01
5508 3.895212526884979E-01
5509 -4.767154600772188E-01
5510 -5.696279829994734E-01
5511 4.265337960201403E-02
5512 -1.105922683029987E-01
5513 5.734274658871944E-02
5514 -7.471930275501590E-02
5515 4.690017493339733E-02
5516 -3.465673994916308E-01
5517 -2.561749230415609E-01
5518 -2.082808932219566E-02
5519 -3.085214201572093E-02
5520 1.287196814283948E-02
5521 -1.913149609603215E+00
5522 -1.648893402499132E+00
5523 -3.491743431439800E-01
5524 -3.768543271600464E-01
5525 1.686280905429667E-01
5526 2.783971409913893E-01
5527 -9.655809844870713E-01
5528 -7.847912433301290E-01
5529 5.131094820091824E-01
5530 5.417637046790182E-01
5531 -1.013827753948200E+00
5532 -4.813928761398314E-01
5533 -4.678462752128180E-01
5534 9.571883919914312E-01
5535 1.348790996659404E-01
5536 3.144116528379713E-01
5537 -2.440637826224006E-01
5538 6.088750413050985E-01
5539 -2.220442314159272E-01
5540 -2.468230366601341E-01
5541 -4.535493388044579E-01
5542 -1.602104216466659E-02
5543 -7.794729673149239E-02
5544 -2.025617352052909E-01
5545 -6.470875715259744E-02
5546 -4.694077010187576E-02
5547 -1.490771640206672E+00
5548 -1.578988025950405E+00
5549 -1.538067182362729E-02
5550 -5.890252674236794E-01
5551 -9.554227956574621E-02
5552 1.762690637720639E+00
5553 5.003765714126346E-02
5554 6.650258998460656E-02
5555 1.120669848337638E-01
5556 1.076812865737962E-01
5557 9.711371091385027E-02
5558 -1.577419108987128E+00
5559 -1.798047422952935E+00
5560 -5.243123100339958E-01
5561 -5.081217312971398E-01
5562 -1.245169675462122E+00
5563 -1.303196455401751E+00
5564 1.859394105125190E+00
5565 3.577218896040216E-01
5566 2.879821218738172E-01
5567 -4.509797080373713E-01
5568 -4.287520888638014E-01
5569 1.468153299291314E+00
5570 1.678942318678794E+00
5571 -1.666023363785544E+00
5572 -1.451766554509569E+00
5573 5.756533632361349E-01
5574 5.640238215974324E-01
5575 1.717003093242837E-01
5576 -2.157501485836509E-01
5577 -6.609423051498367E-01
5578 -6.147101701248903E-01
5579 -6.108395574321620E-01
5580 -8.194414143605959E-01
5581 -7.669244304072775E-01
5582 1.900578202408310E-02
5583 3.364131902196781E-02
5584 5.666518556524969E-01
5585 -1.297242212207534E-01
5586 -1.255909468285749E-01
5587 -2.902730616035722E-01
5588 -3.588805460066702E-01
5589 -5.108085084810855E-02
5590 1.993990733272890E+00
5591 4.100818512742089E-01
5592 3.751845423352552E-01
5593 -2.073668169799677E-01
5594 -1.929932226278690E-01
5595 5.088329860591811E-01
5596 -1.413152372929339E+00
5597 -1.431025707395717E+00
5598 -4.216771558680074E-01
5599 2.205639715302329E+00
5600 4.439843832459273E-01
5601 6.596855499700394E-01
5602 5.665491071796547E-01
5603 -3.441732931423710E-01
5604 -1.900853155603089E-01
5605 1.783552008709166E+00
5606 4.241786380813642E-01
5607 -9.496453205298516E-03
5608 1.756671762114330E-02
5609 2.419007174760414E-02
5610 3.140941428854709E-02
5611 2.308589921050708E+00
5612 1.324230598114301E-01
5613 1.820281766031756E-01
5614 -1.788409295158313E+00
5615 -8.229241141305171E-02
5616 -4.290351270218632E-01
5617 -1.228057852842262E+00
5618 -1.001596805287213E+00
5619 9.929276842707924E-01
5620 9.092466851984768E-01
5621 -5.143764124624162E-02
5622 -1.302753718774842E+00
5623 -1.154947166930713E+00
5624 4.481980286721892E-01
5625 -2.361965836881046E-01
5626 -1.884790946391392E-01
5627 -1.413773694069604E+00
5628 -1.388347648346560E+00
5629 -5.770316446609558E-01
5630 -5.942474278424580E-01
5631 -5.279588863604582E-01
5632 1.893798691252667E-01
5633 2.096220351843279E-01
5634 -3.587021601759550E-01
5635 -1.162555277720826E-01
5636 1.186700750748831E-01
5637 3.622335547264427E-01
5638 1.031854195355211E+00
5639 8.117037617693728E-01
5640 7.067004977388482E-01
5641 7.496366103443663E-01
5642 9.774998814062449E-02
5643 -3.418220284760388E-02
5644 -6.952710368857182E-01
5645 8.443727625540746E-03
5646 -8.747232415074521E-03
5647 -7.681346848934224E-02
5648 1.238091369494527E+00
5649 1.186189435515430E+00
5650 1.676440078354496E+00
5651 -9.214168143748096E-01
5652 5.730714099738015E-01
5653 -4.846390733813457E-01
5654 -4.434039943744906E-01
5655 2.617663739144325E-01
5656 2.159869773516713E-01
5657 2.829563799152654E-01
5658 -2.916321487600097E-02
5659 -4.857696622160909E-02
5660 -9.405866890093104E-02
5661 2.463504129444007E-01
5662 3.091878641177196E-01
5663 2.478943720450401E-01
5664 2.295195121612447E-01
5665 5.861293303116829E-01
5666 -1.481520400173194E-01
5667 -3.624421889313465E-02
5668 9.173844121301404E-01
5669 9.419245010129387E-01
5670 1.782729023499771E+00
5671 1.873530890756174E+00
5672 -1.851760253492735E+00
5673 -1.650193398023285E+00
5674 -1.365804074675582E+00
5675 -4.037731295629106E-01
5676 -2.187514836502811E+00
5677 -6.505029529376176E-01
5678 4.116226551026178E-03
5679 6.328207815946144E-02
5680 3.492559108637767E-02
5681 1.329706737687386E+00
5682 1.325003877607404E+00
5683 -7.664385568433720E-01
5684 -4.447574521597276E-02
5685 -7.931249337969385E-01
5686 1.805053363378746E-01
5687 1.629211034351505E-01
5688 -3.236463492122825E-01
5689 -3.737800499745472E-01
5690 6.722647045375031E-01
5691 -1.233650818221532E-01
5692 -3.928715283901218E-01
5693 5.208317546500590E-01
5694 -8.695475948390628E-03
5695 1.287300569503976E-01
5696 7.756400981515146E-01
5697 6.724753828657464E-01
5698 1.241640464643839E+00
5699 1.279552279528894E+00
5700 -1.244259906311433E+00
5701 -3.962843944642039E-01
5702 -3.589893776325773E-01
5703 1.027090380400835E+00
5704 1.254036559176650E+00
5705 -1.198278445032337E+00
5706 -9.747220679036048E-01
5707 -1.541091323943232E+00
5708 -1.429518755805963E+00
5709 -1.506766700782463E+00
5710 8.263093830964845E-01
5711 -2.900323002287878E+00
5712 2.991946758960830E-01
5713 1.118290623354160E-01
5714 -1.277051665158868E-01
5715 2.483126932539034E-01
5716 9.678332553871052E-01
5717 -3.419382791315547E-01
5718 -3.402730423892862E-01
5719 -3.735504386004950E-01
5720 -9.812558291273474E-02
5721 2.298737344442573E-01
5722 -1.185967162039066E+00
5723 -1.210599495356893E+00
5724 5.578237460102087E-01
5725 -7.085808536880183E-01
5726 -6.371493901906706E-01
5727 -6.996188253444111E-01
5728 -1.806035458918552E-01
5729 1.237741444686374E+00
5730 -2.236389370574772E-01
5731 2.196668616045692E+00
5732 2.359857853653710E+00
5733 -2.359724955208466E+00
5734 -2.196715432590982E+00
5735 -8.093495662876204E-01
5736 2.246804482712395E-02
5737 -6.290312471662531E-01
5738 4.448026302183257E-02
5739 -6.619663688008314E-01
5740 1.160987532144779E+00
5741 1.087366264302435E+00
5742 1.174510148328980E+00
5743 2.188526201158021E-01
5744 2.199555677026807E-01
5745 -1.199978138353678E+00
5746 -1.197547732298315E+00
5747 -1.832089651189683E+00
5748 3.121285901854223E-01
5749 5.565923397924721E-01
5750 3.173202032311641E-01
5751 -1.388296969170610E-01
5752 3.700911494328845E-01
5753 4.729089958834539E-01
5754 -6.377455944115393E-01
5755 -7.104244407271438E-01
5756 2.901540426342500E+00
5757 2.958995120511180E+00
5758 -2.927434843711383E+00
5759 -2.871125405040593E+00
5760 -1.973412038099896E-01
5761 1.171904941123642E-01
5762 1.002809945580375E-01
5763 -1.059378711182637E-01
5764 1.297340878439934E+00
5765 1.562795999626510E-01
5766 1.662663306574816E-01
5767 1.415655897384933E-01
5768 -2.032962497774704E-01
5769 -8.249578471407908E-01
5770 4.855706124439486E-01
5771 4.448808768808773E-01
5772 -1.668107924617029E-01
5773 3.799818916594297E-01
5774 -6.282668565265790E-01
5775 1.227095797581877E+00
5776 1.285014067760899E-01
5777 -4.285019511324618E-01
5778 -3.907482910125797E-01
5779 -2.280322907592661E-01
5780 -1.991951298627895E-01
5781 -2.801667956623404E+00
5782 2.371165264549793E-02
5783 2.958646947225656E-02
5784 1.912615540990417E+00
5785 -2.041512896340326E+00
5786 -2.058245211719288E-01
5787 4.558857570802211E-01
5788 -3.808648628741846E-01
5789 -4.210949016311918E-01
5790 2.808260846093135E-01
5791 3.427599586572330E-01
5792 3.171100978512041E-01
5793 -6.436758140187682E-01
5794 2.373447293532422E-01
5795 -2.213991585357944E-02
5796 1.274811823213046E-01
5797 1.573183505925500E-01
5798 -1.566584181822749E-01
5799 -1.277780476032638E-01
5800 1.849925724180950E+00
5801 2.038671778329720E+00
5802 1.456867431332134E+00
5803 1.666398092007511E+00
5804 4.076032428955411E-01
5805 -2.663723291166866E-01
5806 -2.243025175748317E-01
5807 -2.614167058792516E-01
5808 3.145655634814940E-01
5809 -5.295178479618126E-02
5810 6.805131162252315E-03
5811 -6.804052616646582E-03
5812 5.298706809894758E-02
5813 -3.412542713238074E-01
5814 -3.040509186606827E-01
5815 -3.427589878081437E-01
5816 1.629158772910636E-01
5817 2.660376990509282E+00
5818 2.692594865794613E+00
5819 -9.968481468653285E-02
5820 9.966712286857032E-02
5821 -3.900587204996340E-01
5822 -3.271945567774102E-01
5823 -3.597383861768911E-01
5824 2.280262632656807E+00
5825 -6.401473141214644E-01
5826 -1.189828061326775E-02
5827 -7.061140825207635E-01
5828 -7.140141155603017E-01
5829 -3.897831140975617E-01
5830 -4.204384047431709E-01
5831 2.774328279367609E-01
5832 2.437597770202407E-01
5833 -9.575011662217694E-01
5834 -9.050723281069069E-01
5835 -2.725375934030477E+00
5836 -2.497130442617633E+00
5837 1.776964765075049E-01
5838 1.695287188382785E-01
5839 -2.296288511161030E-02
5840 2.217844566077462E-02
5841 1.939643732876223E+00
5842 1.990633601008688E+00
5843 1.790589809853038E+00
5844 -6.781614389246049E-01
5845 -7.178371810831284E-01
5846 -6.279244654130163E-01
5847 1.473652345525602E-01
5848 2.352574180404748E-01
5849 1.362423698258854E+00
5850 1.118285508764435E+00
5851 -2.821876801372799E+00
5852 -5.642849885810546E-01
5853 -4.712026800976130E-01
5854 -1.095557034660894E-01
5855 2.731806960916922E+00
5856 2.828191660456374E+00
5857 -8.206837702498990E-01
5858 -5.784802778251894E-01
5859 2.236135584497138E+00
5860 -2.724804981669894E-01
5861 -1.683599430529028E+00
5862 -4.057489805034382E-01
5863 -1.570654550164895E-01
5864 -3.865794000043428E-01
5865 -1.279980694509852E-01
5866 -2.958696063610637E-01
5867 4.696966122049051E-01
5868 3.710739744765899E-02
5869 2.334226731534256E-03
5870 -2.689088414935771E-01
5871 -2.105231655052546E-01
5872 3.619024334256776E-02
5873 2.495768745314260E+00
5874 2.628028219980421E+00
5875 8.384369062755599E-01
5876 -3.268301315991272E-01
5877 -3.027940305731955E-01
5878 -3.613281861505614E-01
5879 -4.346577098782187E-01
5880 1.287026983318114E-01
5881 1.482576490024163E-01
5882 2.624803060934003E+00
5883 -6.524619872447811E-01
5884 -1.159974324656354E+00
5885 -1.066105128148090E+00
5886 3.449660147112249E-01
5887 3.330351381061881E-01
5888 3.830644385052684E-01
5889 8.785288920298231E-01
5890 -2.096910907329790E-01
5891 -1.765392371407555E+00
5892 -1.349620744336531E+00
5893 -1.390634734595893E+00
5894 -1.154970210008445E+00
5895 -4.179462610118078E-01
5896 1.129760800953733E+00
5897 1.274285029090252E+00
5898 -5.106931631707874E-01
5899 1.660419763738991E-02
5900 3.557647752316569E-03
5901 -2.767966423680877E-01
5902 -5.652213626226847E-01
5903 -1.566683870463796E-01
5904 -1.023952337822781E-01
5905 -4.662734866240448E-01
5906 -1.217704715806142E+00
5907 1.100738094122043E+00
5908 9.530363449604058E-01
5909 -3.590408314667635E-01
5910 -2.961287445270253E-01
5911 -5.069963408838501E-03
5912 -3.888171194045896E-01
5913 -4.115751007148384E-01
5914 4.703775926628456E-01
5915 2.159875533397171E+00
5916 1.987071492256829E+00
5917 2.098693930564915E+00
5918 -2.971788719971554E-01
5919 7.016404099754587E-01
5920 -1.243549855796462E+00
5921 -1.114744567356657E+00
5922 -1.036152399801851E+00
5923 -3.523240534552282E-03
5924 -5.239978623343005E-01
5925 8.125751224847148E-01
5926 -4.143045557551507E-01
5927 -6.142423054300215E-01
5928 3.095116356759484E-01
5929 -4.289490808683629E-01
5930 -6.721652976275847E-01
5931 1.066673437846162E+00
5932 1.830357144464210E+00
5933 1.989033543056418E-01
5934 -7.090640863943420E-01
5935 1.514611846210974E-01
5936 1.240342629277083E+00
5937 1.409415671543504E+00
5938 -8.732656347791516E-01
5939 -1.467484581952748E+00
5940 -1.446897159765503E+00
5941 9.523418611292531E-02
5942 -3.576125590068782E-01
5943 -2.931826040269119E-01
5944 1.091081925540661E-01
5945 9.584664688572071E-02
5946 8.490855014980151E-03
5947 -2.973241266389684E+00
5948 -3.003547988146168E+00
5949 -3.131399618318613E-01
5950 -3.186991776705849E-01
5951 -3.286511841182063E-02
5952 6.765490830403653E-01
5953 2.991334171504236E+00
5954 3.007561203931628E+00
5955 3.000033343860149E-02
5956 8.133643818384672E-01
5957 1.207676929725739E-01
5958 -2.843393593142906E+00
5959 -2.916170463923963E+00
5960 2.883514919059153E+00
5961 2.811592198955277E+00
5962 -9.537044025225963E-01
5963 1.281220518065778E+00
5964 2.859943422747587E-01
5965 2.849105613231534E-01
5966 3.778191699293840E-01
5967 -3.223138536780368E-01
5968 -1.994502820849123E+00
5969 -2.271589273374567E+00
5970 1.934526446921315E-01
5971 2.001631005175609E+00
5972 2.183338390359088E+00
5973 7.140451749463186E-01
5974 -1.454308747667017E+00
5975 -9.451416603290708E-01
5976 -2.696366750523294E-02
5977 -2.784980427855629E+00
5978 5.665705421639585E-01
5979 -7.847125415474165E-02
5980 -4.328552428099516E-01
5981 -6.100148867021304E-01
5982 -5.360481687715084E-01
5983 2.295670746135308E+00
5984 2.393011698821505E+00
5985 2.507857025728836E+00
5986 6.294117035182203E-02
5987 -1.507088351487572E-01
5988 -8.572182941757494E-01
5989 -6.597587810964632E-02
5990 5.014122810439314E-03
5991 9.425311135896561E-01
5992 1.655522074504823E-03
5993 -1.356202494876060E-01
5994 -1.200964889225360E-01
5995 3.593889492442228E-01
5996 1.646474717944206E-01
5997 5.676682017212924E-01
5998 -2.646224724179944E+00
5999 -1.530037016045294E-01
6000 1.090181829977320E+00
6001 -3.435050985501380E-01
6002 -3.504834180242519E-01
6003 -3.838854148585603E-01
6004 -3.031366308882371E-01
6005 -2.345044320073909E+00
6006 -2.500253400066790E+00
6007 -1.997923532519529E+00
6008 -2.191012323425335E+00
6009 2.216845815743185E+00
6010 2.024894623939431E+00
6011 2.679161210417403E+00
6012 -4.283425199901201E-01
6013 2.720980508661727E+00
6014 2.602839657522887E+00
6015 -1.662148145990862E+00
6016 2.276060757678390E+00
6017 1.657828440815163E+00
6018 -7.723724219389936E-01
6019 9.620541426944943E-01
6020 2.895788897434167E-01
6021 1.612245028362499E-01
6022 -1.852039114560777E+00
6023 -2.102908430078434E+00
6024 -6.416245159022753E-01
6025 -9.047307959072175E-01
6026 1.933441192705899E-01
6027 1.772313614726239E-01
6028 -1.475716637855483E-01
6029 1.481553537868893E-01
6030 2.135828685272192E-01
6031 -1.410944460726929E-02
6032 -1.554130146701125E+00
6033 -1.442109523526641E+00
6034 9.285919408646313E-01
6035 -1.785596850359302E+00
6036 -1.932532133027789E+00
6037 2.060189695418574E+00
6038 1.865766627739298E+00
6039 -8.251351517242450E-01
6040 -7.394101442995173E-01
6041 -7.721504093762284E-01
6042 4.483737508860918E-01
6043 -1.769420707727103E-01
6044 2.200511029609740E-01
6045 -1.002472355977137E+00
6046 -8.229156266013418E-01
6047 -1.199626215161402E+00
6048 5.703628930568497E-02
6049 -3.508175027747429E-02
6050 -8.276148217347389E-01
6051 -7.373623004900949E-01
6052 -9.365773763646278E-01
6053 -7.628577677913406E-01
6054 -1.125472893361497E+00
6055 -1.367740517877637E+00
6056 -3.938448045228138E-02
6057 6.930069602032746E-02
6058 5.496378682921652E-02
6059 -3.693602889669061E-01
6060 -3.602714130027250E-01
6061 -7.378069735425998E-01
6062 8.295989552008146E-02
6063 1.300201518335121E-01
6064 1.213345948845029E-01
6065 -9.955628362599674E-01
6066 -1.023138127086645E+00
6067 -3.413856224515451E-01
6068 6.920433703527993E-01
6069 8.925987235045518E-01
6070 1.800741664376779E+00
6071 1.579506518213528E+00
6072 -1.201648093858863E-01
6073 2.135208539727074E+00
6074 1.971152614942373E+00
6075 -2.576766557300180E+00
6076 -1.739056454603402E-02
6077 -2.590188683381184E+00
6078 -2.557425565291691E+00
6079 -2.422309148249863E+00
6080 1.475170218975962E-01
6081 8.249878845678174E-01
6082 7.528752461488903E-01
6083 1.093785730806645E+00
6084 1.284701019736119E+00
6085 4.947721931146175E-01
6086 -7.984869275051650E-01
6087 -6.963071321682867E-01
6088 -5.830853105018730E-01
6089 2.185975889074645E+00
6090 -1.103060151528654E-01
6091 -9.873354597123438E-02
6092 3.765981109622407E-02
6093 6.174528657130846E-02
6094 -7.539370320294664E-01
6095 -7.963056100668041E-01
6096 -8.160431468674056E-01
6097 -7.227741567317503E-01
6098 1.606680660745039E+00
6099 1.656015532821852E+00
6100 9.411521205964772E-01
6101 -3.656533225727939E-01
6102 5.599477276335321E-01
6103 6.471393862518451E-01
6104 -1.035355206183022E+00
6105 1.946871715163109E-02
6106 1.250651644923541E-02
6107 -7.623504104459427E-01
6108 1.747782307909122E-01
6109 1.655807754192353E-01
6110 -3.676858349061498E-01
6111 -9.126558016724206E-01
6112 1.494576815931500E-01
6113 1.005439707238583E+00
6114 -2.357599199525546E+00
6115 5.911583267554346E-01
6116 9.277275189820380E-02
6117 -2.040058828358409E-02
6118 -4.005254934678097E-01
6119 -1.665209705557732E+00
6120 5.724864877626852E-01
6121 -2.375504739061513E+00
6122 -2.280342957480070E+00
6123 2.153856239443502E+00
6124 2.139685432139689E+00
6125 7.457611049611963E-01
6126 2.384051528375781E+00
6127 -1.190547782367706E-01
6128 4.867824786635384E-01
6129 1.051499445343253E+00
6130 1.080454334136495E+00
6131 7.718715422420259E-01
6132 -3.056831257625404E-01
6133 -1.304807207268216E-03
6134 8.840840585320642E-03
6135 2.069801570010551E-01
6136 1.890718354870500E-01
6137 -2.147984279610465E+00
6138 2.354400210728603E+00
6139 2.072609603388522E-01
6140 1.250107144994120E-01
6141 -1.357644846088431E+00
6142 -1.668135118073344E+00
6143 -1.015530850322745E+00
6144 -4.768541237380378E-01
6145 -4.265727434729402E-01
6146 1.773471597821812E-01
6147 -2.168927787822521E+00
6148 -1.035747203724958E+00
6149 6.850045363334529E-01
6150 2.987572735503099E-01
6151 3.957573303550059E-01
6152 1.256479179351273E-01
6153 -3.453804604258442E-01
6154 1.673485243987799E+00
6155 -1.644785740606555E+00
6156 -1.475019391645975E+00
6157 -1.045009808304795E+00
6158 2.705092559904515E-01
6159 -1.744948716832403E+00
6160 -4.402145096228037E-01
6161 -4.005486964229959E-01
6162 -1.561327519746173E+00
6163 -1.712631255288668E+00
6164 -2.624008922390577E+00
6165 1.329563384845522E-01
6166 -2.083586226472520E+00
6167 -6.564419927814510E-02
6168 -1.678007886539727E+00
6169 -3.089899449553594E-01
6170 -1.498628947421056E-01
6171 -1.798104981184789E-01
6172 -8.799587068008075E-01
6173 1.769688299890777E+00
6174 1.834376004857393E+00
6175 1.875795071392974E+00
6176 -2.249930106147222E+00
6177 3.429858331379008E-01
6178 1.880320578504019E-03
6179 1.477083236927899E-01
6180 -8.266084145672614E-02
6181 1.168149568231355E+00
6182 8.976209717059815E-01
6183 6.328638246848381E-01
6184 -6.583260536042360E-02
6185 -4.705060874471991E-01
6186 -1.027384059258637E-01
6187 6.076243281647884E-01
6188 -3.035745298514283E-01
6189 -4.167877170784163E-01
6190 -5.425598304359023E-01
6191 -1.227689558216061E-01
6192 -1.282163719027353E+00
6193 -1.480394147738914E+00
6194 -1.310814840850168E+00
6195 -2.277349468123715E+00
6196 1.713606359634733E-01
6197 1.163956419202336E-01
6198 9.515968320961488E-01
6199 8.873865211058751E-01
6200 -2.047388465644595E+00
6201 -2.158992599186129E-01
6202 -1.303454479667852E-01
6203 1.464632569039702E-01
6204 -1.787202558512254E+00
6205 -2.125491715723358E-04
6206 -4.782017722895697E-01
6207 1.860107914028481E-01
6208 2.388767011618522E-01
6209 -3.207491137450932E-01
6210 -9.487565582385846E-02
6211 -5.351564602928025E-01
6212 -6.283162178695255E-01
6213 -1.385855713762629E-01
6214 -2.530107011506262E-01
6215 8.970262965121270E-01
6216 -1.210060012650655E-01
6217 -3.107272071341636E-01
6218 -6.976139960400276E-01
6219 -1.103150683587887E-01
6220 -4.235393184655263E-01
6221 -4.309173155065005E-01
6222 5.927457897919071E-01
6223 -1.369174802106429E-01
6224 -1.115898740539246E+00
6225 -4.476037680649078E-01
6226 1.311709907113315E-01
6227 -2.091558149919537E+00
6228 -6.913127079705239E-01
6229 -7.101663253812949E-01
6230 -5.404343096794123E-02
6231 -2.458103641585647E+00
6232 -1.977267776029427E-01
6233 -2.304927555002202E-01
6234 -2.222393514097916E+00
6235 -2.313219628141837E+00
6236 4.531259279019869E-01
6237 8.065925126283258E-01
6238 1.008997650458903E+00
6239 -1.805340778646215E+00
6240 -1.870918949423166E+00
6241 -9.077172042085927E-01
6242 1.461345869965932E+00
6243 1.633936541393143E+00
6244 -1.865767853539738E-01
6245 -1.830957520303422E-01
6246 -1.379100593680960E-01
6247 1.527334787048060E+00
6248 1.305910144353003E+00
6249 2.858802553591465E-01
6250 -2.701498056701263E-01
6251 8.132354970727687E-01
6252 2.545661950753555E+00
6253 2.385681306750416E+00
6254 1.596785337166754E+00
6255 1.554917362690984E+00
6256 2.591276162898408E-01
6257 4.848893264339548E-01
6258 -1.956074996163136E+00
6259 -1.807954384129854E+00
6260 1.139237890803836E-01
6261 -1.048286344494952E-01
6262 -3.266450919781174E-01
6263 4.170879011595346E-02
6264 5.212612408290257E-02
6265 -3.333286949565463E-01
6266 -3.521679210962388E-01
6267 1.723787575884272E-02
6268 2.527796715141625E-02
6269 3.008103918785355E-01
6270 -1.912214907920651E+00
6271 -1.772137240940203E+00
6272 2.839581250775533E+00
6273 3.037299688560831E+00
6274 1.769067650833771E+00
6275 3.696616790894154E-01
6276 4.797822286406012E-01
6277 -5.659951968302490E-01
6278 -6.090231898444691E-01
6279 -3.404287167906101E-01
6280 -3.281527352930883E-01
6281 3.008584236301775E+00
6282 1.401257850284038E-01
6283 2.387982246226809E-01
6284 1.835490260720367E-01
6285 1.342833084175453E+00
6286 -3.726351118869421E-02
6287 -1.416913031931081E-01
6288 -2.109928526064426E+00
6289 -3.397755203048659E-01
6290 -3.710353718727316E-01
6291 6.580443895459509E-02
6292 9.293980820468977E-01
6293 7.417392344289470E-01
6294 1.200863652698838E-01
6295 9.684684802900372E-02
6296 -3.356873348342535E-01
6297 1.059939592296063E+00
6298 2.479077325189594E+00
6299 -1.040950061913552E+00
6300 -1.031678304492388E+00
6301 -5.792445251940346E-01
6302 -5.464632983619256E-01
6303 4.619209196070971E-01
6304 1.499080511461524E-01
6305 -9.991899732752960E-01
6306 -9.410334920898487E-01
6307 -4.330424914704351E-01
6308 -5.073416333771025E-01
6309 3.376384097518711E-02
6310 2.701281898381711E-02
6311 -4.027225268884200E-01
6312 -1.745745363611519E+00
6313 -5.792917622964688E-02
6314 5.812641231408291E-02
6315 -6.536382901348761E-01
6316 9.227393707721241E-01
6317 1.104594662229033E+00
6318 -1.745792109059216E+00
6319 -1.436684575383568E+00
6320 -1.450023792152793E+00
6321 -5.196537629332434E-01
6322 -5.728907989493293E-01
6323 -4.706688283248287E-01
6324 -1.668455008044550E+00
6325 -3.158546162016276E-01
6326 9.151169108776515E-02
6327 1.478291680547834E-01
6328 -8.933493707293823E-01
6329 1.615600491334580E-01
6330 -1.648413775475449E-01
6331 -8.971384762781939E-02
6332 1.902952089486682E+00
6333 2.828010979174934E-01
6334 7.117762415565529E-01
6335 -1.870161482888494E+00
6336 -1.326738489903238E+00
6337 1.134813179495859E+00
6338 -1.234258632771024E-01
6339 1.209524689368909E-02
6340 -1.208044216250868E-02
6341 1.761509513452088E-01
6342 1.801871200701813E-01
6343 1.142970216298333E+00
6344 1.109512721520365E+00
6345 -5.199557054847398E-01
6346 4.470784622209564E-01
6347 1.149190804702622E+00
6348 4.731587429369651E-01
6349 -3.843944920690948E-01
6350 9.713773577650012E-01
6351 2.602955274712587E-01
6352 3.565725658789863E-01
6353 5.711134255604557E-01
6354 -9.021180862083527E-01
6355 6.862078527661047E-02
6356 1.093550543028222E+00
6357 1.077386639642114E+00
6358 9.452560432058392E-01
6359 8.360713278280603E-01
6360 8.440213869513957E-01
6361 -2.314691713554392E-01
6362 2.175975394043868E-01
6363 1.667724710631271E-02
6364 1.168596276811890E+00
6365 -2.772240341341570E-02
6366 -3.465184061841621E-01
6367 5.512306880443667E-01
6368 6.242501254339788E-01
6369 1.916699278291974E-02
6370 -1.882947001782349E+00
6371 -2.031207449686609E+00
6372 -4.653154710355729E-01
6373 6.836500206504772E-01
6374 -1.069246438950544E-01
6375 -7.131524577283893E-02
6376 8.130374822385230E-01
6377 -4.452513764132711E-01
6378 6.286301629098163E-01
6379 -4.161846197975059E-01
6380 3.503899163125831E-01
6381 4.417751074860194E-01
6382 3.712737659625834E-01
6383 1.094137645963877E+00
6384 -1.696200216076875E+00
6385 1.056452651430956E+00
6386 4.968650060340130E-01
6387 9.303195196648850E-01
6388 -2.430669837879523E-01
6389 5.482766932049981E-01
6390 -3.769029728790152E-01
6391 -4.506103881249705E-01
6392 5.765068653697498E-01
6393 -4.676332536367546E-01
6394 6.168007959158404E-01
6395 -1.575872947190600E+00
6396 9.563828256208520E-01
6397 7.444371454466907E-01
6398 -2.813196519063806E-02
$EndNodeData
