$MeshFormat
2.2 0 8
$EndMeshFormat
$PhysicalNames
3
1 1 "RightEdge"
1 2 "LeftEdge"
2 3 "Plate"
$EndPhysicalNames
$Nodes
7780
1 -5 -5 0
2 5 -5 0
3 5 5 0
4 -5 5 0
5 1 0 0
6 0 1 0
7 -1 0 0
8 0 -1 0
9 -4.499999999999384 -5 0
10 -3.999999999998766 -5 0
11 -3.49999999999926 -5 0
12 -3.000000000000863 -5 0
13 -2.500000000002466 -5 0
14 -2.00000000000407 -5 0
15 -1.500000000005672 -5 0
16 -1.00000000000724 -5 0
17 -0.5000000000067626 -5 0
18 -6.145306485905166e-12 -5 0
19 0.499999999994472 -5 0
20 0.9999999999950866 -5 0
21 1.499999999995705 -5 0
22 1.999999999996321 -5 0
23 2.499999999996938 -5 0
24 2.999999999997555 -5 0
25 3.499999999998165 -5 0
26 3.999999999998776 -5 0
27 4.499999999999389 -5 0
28 -4.749999999999845 -5 0
29 -4.249999999999029 -5 0
30 -3.749999999998896 -5 0
31 -3.250000000000092 -5 0
32 -2.750000000001593 -5 0
33 -2.250000000003279 -5 0
34 -1.750000000004898 -5 0
35 -1.250000000006469 -5 0
36 -0.7500000000069198 -5 0
37 -0.2500000000064118 -5 0
38 0.2499999999942872 -5 0
39 0.7499999999949214 -5 0
40 1.249999999995286 -5 0
41 1.7499999999961 -5 0
42 2.249999999996637 -5 0
43 2.749999999997238 -5 0
44 3.249999999997739 -5 0
45 3.74999999999835 -5 0
46 4.249999999999087 -5 0
47 4.74999999999949 -5 0
48 5 -4.499999999999384 0
49 5 -3.999999999998766 0
50 5 -3.49999999999926 0
51 5 -3.000000000000863 0
52 5 -2.500000000002466 0
53 5 -2.00000000000407 0
54 5 -1.500000000005672 0
55 5 -1.00000000000724 0
56 5 -0.5000000000067626 0
57 5 -6.145306485905166e-12 0
58 5 0.499999999994472 0
59 5 0.9999999999950866 0
60 5 1.499999999995705 0
61 5 1.999999999996321 0
62 5 2.499999999996938 0
63 5 2.999999999997555 0
64 5 3.499999999998165 0
65 5 3.999999999998776 0
66 5 4.499999999999389 0
67 5 -4.749999999999845 0
68 5 -4.249999999999029 0
69 5 -3.749999999998896 0
70 5 -3.250000000000092 0
71 5 -2.750000000001593 0
72 5 -2.250000000003279 0
73 5 -1.750000000004898 0
74 5 -1.250000000006469 0
75 5 -0.7500000000069198 0
76 5 -0.2500000000064118 0
77 5 0.2499999999942872 0
78 5 0.7499999999949214 0
79 5 1.249999999995286 0
80 5 1.7499999999961 0
81 5 2.249999999996637 0
82 5 2.749999999997238 0
83 5 3.249999999997739 0
84 5 3.74999999999835 0
85 5 4.249999999999087 0
86 5 4.74999999999949 0
87 4.499999999999384 5 0
88 3.999999999998766 5 0
89 3.49999999999926 5 0
90 3.000000000000863 5 0
91 2.500000000002466 5 0
92 2.00000000000407 5 0
93 1.500000000005672 5 0
94 1.00000000000724 5 0
95 0.5000000000067626 5 0
96 6.145306485905166e-12 5 0
97 -0.499999999994472 5 0
98 -0.9999999999950866 5 0
99 -1.499999999995705 5 0
100 -1.999999999996321 5 0
101 -2.499999999996938 5 0
102 -2.999999999997555 5 0
103 -3.499999999998165 5 0
104 -3.999999999998776 5 0
105 -4.499999999999389 5 0
106 4.749999999999845 5 0
107 4.249999999999029 5 0
108 3.749999999998896 5 0
109 3.250000000000092 5 0
110 2.750000000001593 5 0
111 2.250000000003279 5 0
112 1.750000000004898 5 0
113 1.250000000006469 5 0
114 0.7500000000069198 5 0
115 0.2500000000064118 5 0
116 -0.2499999999942872 5 0
117 -0.7499999999949214 5 0
118 -1.249999999995286 5 0
119 -1.7499999999961 5 0
120 -2.249999999996637 5 0
121 -2.749999999997238 5 0
122 -3.249999999997739 5 0
123 -3.74999999999835 5 0
124 -4.249999999999087 5 0
125 -4.74999999999949 5 0
126 -5 4.499999999999384 0
127 -5 3.999999999998766 0
128 -5 3.49999999999926 0
129 -5 3.000000000000863 0
130 -5 2.500000000002466 0
131 -5 2.00000000000407 0
132 -5 1.500000000005672 0
133 -5 1.00000000000724 0
134 -5 0.5000000000067626 0
135 -5 6.145306485905166e-12 0
136 -5 -0.499999999994472 0
137 -5 -0.9999999999950866 0
138 -5 -1.499999999995705 0
139 -5 -1.999999999996321 0
140 -5 -2.499999999996938 0
141 -5 -2.999999999997555 0
142 -5 -3.499999999998165 0
143 -5 -3.999999999998776 0
144 -5 -4.499999999999389 0
145 -5 4.749999999999845 0
146 -5 4.249999999999029 0
147 -5 3.749999999998896 0
148 -5 3.250000000000092 0
149 -5 2.750000000001593 0
150 -5 2.250000000003279 0
151 -5 1.750000000004898 0
152 -5 1.250000000006469 0
153 -5 0.7500000000069198 0
154 -5 0.2500000000064118 0
155 -5 -0.2499999999942872 0
156 -5 -0.7499999999949214 0
157 -5 -1.249999999995286 0
158 -5 -1.7499999999961 0
159 -5 -2.249999999996637 0
160 -5 -2.749999999997238 0
161 -5 -3.249999999997739 0
162 -5 -3.74999999999835 0
163 -5 -4.249999999999087 0
164 -5 -4.74999999999949 0
165 0.9987954561993775 0.04906767444537644 0
166 0.9951847266502472 0.09801714055241957 0
167 0.9891765099125793 0.146730474807277 0
168 0.9807852803032623 0.1950903225187021 0
169 0.9700312530358162 0.2429801805369411 0
170 0.9569403355007892 0.2902846780173509 0
171 0.9415440648598526 0.3368898542954145 0
172 0.9238795320785604 0.3826834334097835 0
173 0.9039892925785049 0.4275550945824577 0
174 0.8819212636851183 0.4713967380668263 0
175 0.8577286092153303 0.5141027455028179 0
176 0.8314696113601988 0.5555702344299233 0
177 0.8032075303763619 0.5956993059813865 0
178 0.7730104520735648 0.6343932857345064 0
179 0.7409511238872919 0.6715589564663396 0
180 0.7071067795484454 0.7071067828246497 0
181 0.6715589532390993 0.740951126812292 0
182 0.6343932826334238 0.7730104546185574 0
183 0.5956993030617064 0.8032075325417443 0
184 0.5555702316292123 0.8314696132315741 0
185 0.5141027428132741 0.8577286108273808 0
186 0.4713967355268275 0.8819212650427759 0
187 0.4275550922066207 0.9039892937021921 0
188 0.3826834312387436 0.9238795329778346 0
189 0.3368898523612761 0.9415440655518984 0
190 0.2902846763662178 0.956940336001655 0
191 0.2429801791895072 0.9700312533733307 0
192 0.1950903214163207 0.9807852805225395 0
193 0.146730473984433 0.9891765100346367 0
194 0.09801714003167489 0.995184726701536 0
195 0.04906767420358709 0.9987954562112558 0
196 0.999698818694693 0.02454122858447105 0
197 0.9972904566658717 0.07356456377344453 0
198 0.9924795345632875 0.1224106754864141 0
199 0.985277642314483 0.1709618891894144 0
200 0.9757021299118473 0.2191012407210069 0
201 0.9637760656014018 0.2667127581760619 0
202 0.949528180316035 0.3136817412373873 0
203 0.9329927984599643 0.3598950375065548 0
204 0.9142097552208922 0.4052413150938047 0
205 0.8932243005932862 0.4496113308510303 0
206 0.8700869903835055 0.4928981935099515 0
207 0.8448535643898772 0.534997621244917 0
208 0.8175848121339926 0.5758081928627137 0
209 0.7883464264237116 0.615231592121994 0
210 0.7572088451136535 0.653172844568455 0
211 0.7242470814150578 0.6895405463508079 0
212 0.6895405431047029 0.7242470845056066 0
213 0.6531728413738181 0.7572088478693662 0
214 0.6152315891069905 0.7883464287766434 0
215 0.575808190019846 0.8175848141361659 0
216 0.53499761853262 0.8448535661074204 0
217 0.4928981908703996 0.8700869918787932 0
218 0.4496113283955169 0.8932243018292878 0
219 0.4052413128642427 0.9142097562091891 0
220 0.3598950354640216 0.9329927992478563 0
221 0.3136817394359431 0.9495281809111519 0
222 0.266712756646141 0.9637760660247879 0
223 0.2191012394844732 0.9757021301895202 0
224 0.1709618882389935 0.9852776424793968 0
225 0.1224106747916171 0.9924795346489825 0
226 0.07356456338296204 0.9972904566946754 0
227 0.02454122847179457 0.9996988186974591 0
228 -0.04906767444537644 0.9987954561993775 0
229 -0.09801714055241957 0.9951847266502472 0
230 -0.146730474807277 0.9891765099125793 0
231 -0.1950903225187021 0.9807852803032623 0
232 -0.2429801805369411 0.9700312530358162 0
233 -0.2902846780173509 0.9569403355007892 0
234 -0.3368898542954145 0.9415440648598526 0
235 -0.3826834334097835 0.9238795320785604 0
236 -0.4275550945824577 0.9039892925785049 0
237 -0.4713967380668263 0.8819212636851183 0
238 -0.5141027455028179 0.8577286092153303 0
239 -0.5555702344299233 0.8314696113601988 0
240 -0.5956993059813865 0.8032075303763619 0
241 -0.6343932857345064 0.7730104520735648 0
242 -0.6715589564663396 0.7409511238872919 0
243 -0.7071067828246497 0.7071067795484454 0
244 -0.740951126812292 0.6715589532390993 0
245 -0.7730104546185574 0.6343932826334238 0
246 -0.8032075325417443 0.5956993030617064 0
247 -0.8314696132315741 0.5555702316292123 0
248 -0.8577286108273808 0.5141027428132741 0
249 -0.8819212650427759 0.4713967355268275 0
250 -0.9039892937021921 0.4275550922066207 0
251 -0.9238795329778346 0.3826834312387436 0
252 -0.9415440655518984 0.3368898523612761 0
253 -0.956940336001655 0.2902846763662178 0
254 -0.9700312533733307 0.2429801791895072 0
255 -0.9807852805225395 0.1950903214163207 0
256 -0.9891765100346367 0.146730473984433 0
257 -0.995184726701536 0.09801714003167489 0
258 -0.9987954562112558 0.04906767420358709 0
259 -0.02454122858447105 0.999698818694693 0
260 -0.07356456377344453 0.9972904566658717 0
261 -0.1224106754864141 0.9924795345632875 0
262 -0.1709618891894144 0.985277642314483 0
263 -0.2191012407210069 0.9757021299118473 0
264 -0.2667127581760619 0.9637760656014018 0
265 -0.3136817412373873 0.949528180316035 0
266 -0.3598950375065548 0.9329927984599643 0
267 -0.4052413150938047 0.9142097552208922 0
268 -0.4496113308510303 0.8932243005932862 0
269 -0.4928981935099515 0.8700869903835055 0
270 -0.534997621244917 0.8448535643898772 0
271 -0.5758081928627137 0.8175848121339926 0
272 -0.615231592121994 0.7883464264237116 0
273 -0.653172844568455 0.7572088451136535 0
274 -0.6895405463508079 0.7242470814150578 0
275 -0.7242470845056066 0.6895405431047029 0
276 -0.7572088478693662 0.6531728413738181 0
277 -0.7883464287766434 0.6152315891069905 0
278 -0.8175848141361659 0.575808190019846 0
279 -0.8448535661074204 0.53499761853262 0
280 -0.8700869918787932 0.4928981908703996 0
281 -0.8932243018292878 0.4496113283955169 0
282 -0.9142097562091891 0.4052413128642427 0
283 -0.9329927992478563 0.3598950354640216 0
284 -0.9495281809111519 0.3136817394359431 0
285 -0.9637760660247879 0.266712756646141 0
286 -0.9757021301895202 0.2191012394844732 0
287 -0.9852776424793968 0.1709618882389935 0
288 -0.9924795346489825 0.1224106747916171 0
289 -0.9972904566946754 0.07356456338296204 0
290 -0.9996988186974591 0.02454122847179457 0
291 -0.9987954561993775 -0.04906767444537644 0
292 -0.9951847266502472 -0.09801714055241957 0
293 -0.9891765099125793 -0.146730474807277 0
294 -0.9807852803032623 -0.1950903225187021 0
295 -0.9700312530358162 -0.2429801805369411 0
296 -0.9569403355007892 -0.2902846780173509 0
297 -0.9415440648598526 -0.3368898542954145 0
298 -0.9238795320785604 -0.3826834334097835 0
299 -0.9039892925785049 -0.4275550945824577 0
300 -0.8819212636851183 -0.4713967380668263 0
301 -0.8577286092153303 -0.5141027455028179 0
302 -0.8314696113601988 -0.5555702344299233 0
303 -0.8032075303763619 -0.5956993059813865 0
304 -0.7730104520735648 -0.6343932857345064 0
305 -0.7409511238872919 -0.6715589564663396 0
306 -0.7071067795484454 -0.7071067828246497 0
307 -0.6715589532390993 -0.740951126812292 0
308 -0.6343932826334238 -0.7730104546185574 0
309 -0.5956993030617064 -0.8032075325417443 0
310 -0.5555702316292123 -0.8314696132315741 0
311 -0.5141027428132741 -0.8577286108273808 0
312 -0.4713967355268275 -0.8819212650427759 0
313 -0.4275550922066207 -0.9039892937021921 0
314 -0.3826834312387436 -0.9238795329778346 0
315 -0.3368898523612761 -0.9415440655518984 0
316 -0.2902846763662178 -0.956940336001655 0
317 -0.2429801791895072 -0.9700312533733307 0
318 -0.1950903214163207 -0.9807852805225395 0
319 -0.146730473984433 -0.9891765100346367 0
320 -0.09801714003167489 -0.995184726701536 0
321 -0.04906767420358709 -0.9987954562112558 0
322 -0.999698818694693 -0.02454122858447105 0
323 -0.9972904566658717 -0.07356456377344453 0
324 -0.9924795345632875 -0.1224106754864141 0
325 -0.985277642314483 -0.1709618891894144 0
326 -0.9757021299118473 -0.2191012407210069 0
327 -0.9637760656014018 -0.2667127581760619 0
328 -0.949528180316035 -0.3136817412373873 0
329 -0.9329927984599643 -0.3598950375065548 0
330 -0.9142097552208922 -0.4052413150938047 0
331 -0.8932243005932862 -0.4496113308510303 0
332 -0.8700869903835055 -0.4928981935099515 0
333 -0.8448535643898772 -0.534997621244917 0
334 -0.8175848121339926 -0.5758081928627137 0
335 -0.7883464264237116 -0.615231592121994 0
336 -0.7572088451136535 -0.653172844568455 0
337 -0.7242470814150578 -0.6895405463508079 0
338 -0.6895405431047029 -0.7242470845056066 0
339 -0.6531728413738181 -0.7572088478693662 0
340 -0.6152315891069905 -0.7883464287766434 0
341 -0.575808190019846 -0.8175848141361659 0
342 -0.53499761853262 -0.8448535661074204 0
343 -0.4928981908703996 -0.8700869918787932 0
344 -0.4496113283955169 -0.8932243018292878 0
345 -0.4052413128642427 -0.9142097562091891 0
346 -0.3598950354640216 -0.9329927992478563 0
347 -0.3136817394359431 -0.9495281809111519 0
348 -0.266712756646141 -0.9637760660247879 0
349 -0.2191012394844732 -0.9757021301895202 0
350 -0.1709618882389935 -0.9852776424793968 0
351 -0.1224106747916171 -0.9924795346489825 0
352 -0.07356456338296204 -0.9972904566946754 0
353 -0.02454122847179457 -0.9996988186974591 0
354 0.04906767444537644 -0.9987954561993775 0
355 0.09801714055241957 -0.9951847266502472 0
356 0.146730474807277 -0.9891765099125793 0
357 0.1950903225187021 -0.9807852803032623 0
358 0.2429801805369411 -0.9700312530358162 0
359 0.2902846780173509 -0.9569403355007892 0
360 0.3368898542954145 -0.9415440648598526 0
361 0.3826834334097835 -0.9238795320785604 0
362 0.4275550945824577 -0.9039892925785049 0
363 0.4713967380668263 -0.8819212636851183 0
364 0.5141027455028179 -0.8577286092153303 0
365 0.5555702344299233 -0.8314696113601988 0
366 0.5956993059813865 -0.8032075303763619 0
367 0.6343932857345064 -0.7730104520735648 0
368 0.6715589564663396 -0.7409511238872919 0
369 0.7071067828246497 -0.7071067795484454 0
370 0.740951126812292 -0.6715589532390993 0
371 0.7730104546185574 -0.6343932826334238 0
372 0.8032075325417443 -0.5956993030617064 0
373 0.8314696132315741 -0.5555702316292123 0
374 0.8577286108273808 -0.5141027428132741 0
375 0.8819212650427759 -0.4713967355268275 0
376 0.9039892937021921 -0.4275550922066207 0
377 0.9238795329778346 -0.3826834312387436 0
378 0.9415440655518984 -0.3368898523612761 0
379 0.956940336001655 -0.2902846763662178 0
380 0.9700312533733307 -0.2429801791895072 0
381 0.9807852805225395 -0.1950903214163207 0
382 0.9891765100346367 -0.146730473984433 0
383 0.995184726701536 -0.09801714003167489 0
384 0.9987954562112558 -0.04906767420358709 0
385 0.02454122858447105 -0.999698818694693 0
386 0.07356456377344453 -0.9972904566658717 0
387 0.1224106754864141 -0.9924795345632875 0
388 0.1709618891894144 -0.985277642314483 0
389 0.2191012407210069 -0.9757021299118473 0
390 0.2667127581760619 -0.9637760656014018 0
391 0.3136817412373873 -0.949528180316035 0
392 0.3598950375065548 -0.9329927984599643 0
393 0.4052413150938047 -0.9142097552208922 0
394 0.4496113308510303 -0.8932243005932862 0
395 0.4928981935099515 -0.8700869903835055 0
396 0.534997621244917 -0.8448535643898772 0
397 0.5758081928627137 -0.8175848121339926 0
398 0.615231592121994 -0.7883464264237116 0
399 0.653172844568455 -0.7572088451136535 0
400 0.6895405463508079 -0.7242470814150578 0
401 0.7242470845056066 -0.6895405431047029 0
402 0.7572088478693662 -0.6531728413738181 0
403 0.7883464287766434 -0.6152315891069905 0
404 0.8175848141361659 -0.575808190019846 0
405 0.8448535661074204 -0.53499761853262 0
406 0.8700869918787932 -0.4928981908703996 0
407 0.8932243018292878 -0.4496113283955169 0
408 0.9142097562091891 -0.4052413128642427 0
409 0.9329927992478563 -0.3598950354640216 0
410 0.9495281809111519 -0.3136817394359431 0
411 0.9637760660247879 -0.266712756646141 0
412 0.9757021301895202 -0.2191012394844732 0
413 0.9852776424793968 -0.1709618882389935 0
414 0.9924795346489825 -0.1224106747916171 0
415 0.9972904566946754 -0.07356456338296204 0
416 0.9996988186974591 -0.02454122847179457 0
417 -0.7186429315344686 0.7548142723064157 0
418 -0.5607829882188705 0.8844137735877047 0
419 -0.8558671631819363 0.6005065002405593 0
420 -0.9535192278715781 0.425005761192416 0
421 -0.3750845779813906 0.9723702012974516 0
422 -0.1829112055341717 1.027452764991515 0
423 0.02864072164043525 1.042230098334128 0
424 0.2283485109995872 1.01688210032961 0
425 0.4257717968159606 0.9575220731216156 0
426 0.600110447164415 0.8520913681458974 0
427 0.7548142723064157 0.7186429315344685 0
428 0.8805110091073757 0.5575774491726433 0
429 0.9741152504026012 0.3803503445631727 0
430 1.026861751731826 0.1781774166706383 0
431 1.04359259815615 -0.02942728158426254 0
432 1.017884994484039 -0.2338292490028642 0
433 0.9445202206819628 -0.4204383364660592 0
434 0.8572445602341856 -0.6014291044343744 0
435 0.7186429315344685 -0.7548142723064157 0
436 0.5558976681743648 -0.8836978017543092 0
437 0.3746302947488108 -0.9734287359491282 0
438 0.1776943453355632 -1.025620741904352 0
439 -0.03137261658075283 -1.04446187654169 0
440 -0.2283485109995872 -1.01688210032961 0
441 -0.4212284893450473 -0.9453678719100213 0
442 -0.5994331913139259 -0.8509668832117243 0
443 -0.7548142723064157 -0.7186429315344685 0
444 -0.8805110091073757 -0.5575774491726433 0
445 -0.9723702012974516 -0.3750845779813906 0
446 -1.031883778660505 -0.1790547391160819 0
447 -1.040842063867187 0.0243989686836196 0
448 -1.017079146548531 0.228670986412364 0
449 -4.595531134571653 2.276660411411089 0
450 2.216999349307279 4.519801408350442 0
451 -2.284880563285703 -4.518073483675757 0
452 4.627513072726495 -2.298104242440727 0
453 -1.71558382493879 4.556379128555565 0
454 4.60910746698133 1.681533601464189 0
455 1.771253397958024 -4.55705899869933 0
456 -4.623354009624769 -1.707542420407874 0
457 0.7265726168962541 4.58393523814796 0
458 4.571875934815477 -0.7206260575201595 0
459 -0.745145947071936 -4.512912656899233 0
460 -4.57780248084068 0.7361238914509909 0
461 -3.271126961787187 4.49191354127188 0
462 4.566987298107252 3.24999999999786 0
463 3.233270929442153 -4.597612350364869 0
464 -4.602435586014921 -3.246491550165556 0
465 0.6799786009225848 0.7887962932791015 0
466 -0.6818581777853991 -0.7940914275520152 0
467 0.7897449091098646 -0.6807552124763638 0
468 0.5086653977093466 0.9149268625204852 0
469 0.9094007583425365 -0.5098006270696381 0
470 -0.5133277215467892 -0.9063092495390854 0
471 -0.7870459205778928 0.6815865964049979 0
472 0.3269208256932865 0.9896034671257914 0
473 0.9924905825961622 -0.3230910503577043 0
474 -0.3269208256932865 -0.9896034671257914 0
475 0.1307983260446737 1.035887659700881 0
476 1.032509956496704 -0.128561317591284 0
477 -1.027188888424685 0.1258009872400874 0
478 -0.1206859081051127 -1.04469676016359 0
479 -0.6403674705921693 0.8207620163056117 0
480 -0.4684616153231906 0.9299866310739696 0
481 -0.2734091518768282 0.9961721470164783 0
482 -0.07673470700390855 1.040290037175301 0
483 1.005233711672569 0.2819969568753844 0
484 -1.003690093789012 -0.2780816376912063 0
485 0.2779694964209657 -1.00445269079829 0
486 1.038156801500824 0.07536953559046394 0
487 -1.040296633953524 -0.07673867965996174 0
488 0.07668719650000141 -1.039250856167423 0
489 0.8211638991699478 0.6385494537344998 0
490 -0.8216189606490422 -0.6411977327760282 0
491 0.6417002014824964 -0.8226187838263589 0
492 0.9291498783805491 0.4680110108339064 0
493 -0.9356217036116808 -0.4695269223705499 0
494 0.4735573249833336 -0.9296299661529557 0
495 -0.9079634651511916 0.5155617888934594 0
496 -0.9901630280915441 0.3308438460665018 0
497 -0.2499999999941633 4.566987298107247 0
498 0.2210989817187342 -4.5846248846379 0
499 4.588436259222756 0.2351492853608729 0
500 -4.601854255331279 -0.2522496502938729 0
501 -4.562933197954419 3.231190882108613 0
502 3.183813262510619 4.570476779719542 0
503 -3.246745268970959 -4.57424431295864 0
504 4.518419269386237 -3.298866285711629 0
505 -4.212573447734064 -4.536731614077211 0
506 4.238011535410544 4.551810137193087 0
507 4.608920813206186 -4.254523486538936 0
508 -4.517273203900412 4.198518932062651 0
509 0.2648586140846925 4.594449412828558 0
510 0.5029807057607735 4.195151370110045 0
511 0.9229772479327267 4.183639391837458 0
512 0.7038862672891388 3.829923221848748 0
513 1.087818070982606 3.807381184602399 0
514 0.8691226629001445 3.499364520358416 0
515 0.5220685067867397 3.50665202723368 0
516 0.676979485553897 3.213470436455903 0
517 0.3600364651007051 3.221416169408303 0
518 1.006840578857123 3.192585370008509 0
519 0.4977657784987232 2.959559545574352 0
520 0.2124375073745049 2.966146952185197 0
521 0.3333696928034486 2.727862447225718 0
522 0.07767446164408474 2.734743553836918 0
523 0.1916215714039053 2.511276490889452 0
524 0.4305772670051575 2.506114661385359 0
525 -0.0535055048804643 2.485180621444733 0
526 0.3112556933087843 2.312417745208634 0
527 0.5179425435320606 2.300805603887846 0
528 -0.170624948572681 2.730478541703891 0
529 -0.3050545587756785 2.514477853931619 0
530 -0.4087459610387932 2.725626794802281 0
531 -0.5345829435242023 2.516446659685868 0
532 -0.4315916232606214 2.317101849247483 0
533 -0.6503501596772728 2.31633305751404 0
534 -0.7728515088603506 2.512341135473144 0
535 -0.875739006511929 2.312614796151781 0
536 -1.010461854750466 2.506941093711754 0
537 -1.102558028204718 2.307218189366509 0
538 -1.257837196799585 2.499718957016196 0
539 -1.346997126304679 2.238762792408837 0
540 -1.51853875493823 2.48743635375008 0
541 -1.640124254028186 2.247810268120732 0
542 -1.494093980721149 2.022573614699525 0
543 -1.760225423014941 2.010802479865414 0
544 -1.62023961307357 1.792005853990631 0
545 -1.869444320276241 1.776684344323409 0
546 -1.702966175083259 1.547712004052244 0
547 -1.971185184733941 1.547549826132506 0
548 -1.838016805043322 1.346645069227518 0
549 -2.08028740835214 1.330142707891208 0
550 -1.946935409896518 1.137664385007592 0
551 -2.182134423505007 1.116986158618292 0
552 -2.05068544725165 0.9268778259895909 0
553 -2.285317688113133 0.9060823618858589 0
554 -2.153870340746489 0.715919029354626 0
555 -1.935713583755751 2.240535894031043 0
556 -2.216972390002012 1.528093393837631 0
557 -2.384024935695132 0.6916813267127693 0
558 -2.221569544411465 0.4866068527673328 0
559 -2.537916974690706 0.8896088197323655 0
560 0.4023468257274867 2.127072834458348 0
561 0.6013711863240654 2.114874183935744 0
562 -0.7512615194491818 2.124183906244575 0
563 -2.530881190522984 0.4757564745274549 0
564 -2.356218018972324 0.277679844064027 0
565 0.4939470839357177 1.959969182855204 0
566 0.6838416116052338 1.941328804428834 0
567 -1.509870859237573 1.62536568819534 0
568 0.7913917363847811 2.096915660022193 0
569 0.875633778875948 1.918474159779467 0
570 0.9917215855653256 2.082087092809886 0
571 1.077627754396851 1.894571497225516 0
572 1.202027399665323 2.06786521955485 0
573 1.287260632124477 1.875753114062352 0
574 1.423999211598725 2.052505615316241 0
575 1.503200345553273 1.85688712328576 0
576 1.658297985214292 2.031609924960695 0
577 1.730818689182163 1.773847555987063 0
578 1.912027977888816 2.010800449424137 0
579 2.016583850890391 1.766640212306888 0
580 1.863725212393387 1.53969248812308 0
581 2.120850887445783 1.524591848417327 0
582 1.970257226542254 1.31626068412432 0
583 2.219420825852101 1.289439325749359 0
584 2.067174777416316 1.09251243852701 0
585 2.185275374927619 1.990520137068297 0
586 2.313522831546644 1.057227497080871 0
587 2.164132761775371 0.863632987240839 0
588 2.408652569979369 0.8259085561077127 0
589 2.243588992855813 0.5997035396396475 0
590 2.502905256971162 0.5932476644778326 0
591 2.365621989582802 0.3857965153448462 0
592 2.600261247374026 0.3672921091805623 0
593 2.447790898753305 0.1704247154184567 0
594 2.243445900706496 0.2026275307116444 0
595 2.302152535603234 -0.009643688234158374 0
596 2.530972105185707 -0.05012841972916432 0
597 2.377108885784451 -0.2257592258595461 0
598 2.165643837716694 -0.1806285754803027 0
599 2.231886355456832 -0.3972311937858294 0
600 2.448931298892438 -0.4474112275259818 0
601 2.282361487672585 -0.6254853734659076 0
602 2.521296081945414 -0.6773143089415528 0
603 2.34919380486972 -0.8532210841082213 0
604 2.113243887522501 -0.8004636383053256 0
605 2.177987321187707 -1.024832457566148 0
606 1.966009940013596 -0.9615246457438651 0
607 2.022847131339428 -1.190536032294917 0
608 2.247680952896945 -1.259377691205599 0
609 2.066983397139338 -1.430424081694297 0
610 1.825228651263187 -1.326831670954354 0
611 1.884700972541097 -1.592377406961491 0
612 1.652512006898848 -1.525541789809954 0
613 1.70650288551064 -1.76152485365798 0
614 1.483675894666095 -1.691490968667561 0
615 1.94259234252998 -1.839434268506939 0
616 1.53375163622339 -1.922866780419786 0
617 1.311242668425419 -1.845941562433245 0
618 1.36126600623719 -2.084608965061662 0
619 1.132020410082257 -2.015357406197718 0
620 1.186572422955049 -2.253886309391993 0
621 0.935751726514195 -2.14500537322422 0
622 1.427159713601775 -2.327309568365737 0
623 1.161372894483623 1.73222332468589 0
624 1.004100600319416 -2.422172264891512 0
625 0.7658906463051963 -2.34595267157769 0
626 0.6969990439791378 -2.112643315503394 0
627 0.5389622465052907 -2.274115109088361 0
628 0.4920833362303302 -2.053569438460702 0
629 0.3231848815984779 -2.199625123171459 0
630 0.3644362047661299 -2.42414808520642 0
631 0.1524571120774253 -2.337053492504546 0
632 0.1185457207510539 -2.135908706839456 0
633 -0.05249857429469831 -2.255080990703887 0
634 -0.0664414196063986 -2.037939178544061 0
635 -0.2418903647982663 -2.176442389952214 0
636 -0.2789205326279356 -1.981036317426766 0
637 -0.4271059194542176 -2.10523700193143 0
638 -0.4556285846678575 -1.919128849534432 0
639 -0.6042973000285227 -2.037654166025973 0
640 -0.6333705930598407 -1.853540932188641 0
641 -0.7842044037181723 -1.972288629695007 0
642 -0.8111925793049343 -1.758313915424456 0
643 -0.9691324247329105 -1.90082812642642 0
644 -1.000255252737273 -1.704907367231822 0
645 -1.156603887956936 -1.832971125453402 0
646 -1.195548143166934 -1.626162740852945 0
647 -1.345915547359024 -1.772579530140723 0
648 -1.394285586879499 -1.546265104713722 0
649 -1.558863086528455 -1.702562465768576 0
650 -1.126562574264801 -2.048316052737861 0
651 -1.602836449944895 -1.463828813013286 0
652 -1.788828854609519 -1.61163399662749 0
653 -1.740474148717034 -1.865506686055691 0
654 -0.4219113547860918 -2.337427395951396 0
655 -1.985934504736186 -1.765685546010062 0
656 -2.036300080542349 -1.497192807168804 0
657 -1.93956303987838 -2.035162537486996 0
658 -2.204520344324925 -1.934364713450709 0
659 0.6357177009276532 -1.91133487372332 0
660 -2.152072007835264 -2.232888553396451 0
661 -2.123206713054369 0.2809037970446424 0
662 -2.230631193138233 0.08297830137416899 0
663 -2.483697307839899 0.04404646930997561 0
664 2.068964249589071 2.248059483679953 0
665 0.5774343726444475 1.799578416215331 0
666 0.4134499786337789 1.809758616732801 0
667 0.1613779856050372 -2.548735742716508 0
668 1.822953182773928 1.122342961549606 0
669 1.895819092088403 -0.7645552330093663 0
670 2.017580101140486 0.6704279308380989 0
671 2.363929437454467 2.226210308549306 0
672 2.475844435336445 1.24245567422987 0
673 -2.011628880119791 0.1140201342050389 0
674 -1.923170170896263 0.2825714167418041 0
675 -1.733565887110882 1.160714219504081 0
676 0.4561549952690307 -1.855854126292648 0
677 1.276536737027016 -1.614036815367896 0
678 0.5868752604074464 -1.730609271231227 0
679 1.580163941213242 -1.306778258733856 0
680 2.75944715679646 0.5701497119723026 0
681 -0.1426582653067315 -1.850922507140691 0
682 -2.445750224598734 -2.124811398335515 0
683 -2.099589086507611 -0.07782156388083332 0
684 -2.39613078845158 -2.426852653393365 0
685 -2.064404020968432 -2.526445251269848 0
686 -1.874989936797247 -0.03806672688603964 0
687 0.4823046503751475 1.671924187471136 0
688 0.3446988626790141 1.676042713331768 0
689 -1.173878875184636 2.719220172801228 0
690 -1.424743252602785 -1.33537132017885 0
691 -0.479377476714815 -1.748511825835834 0
692 0.435087667855704 -1.679811576073598 0
693 0.5423212535594335 -1.574149441870988 0
694 -1.977601399076457 -0.235848780897561 0
695 -1.761088090097208 -0.2125967414500934 0
696 2.230218211007131 2.514714840697445 0
697 -1.860619455419389 -0.3872853431035588 0
698 -2.042308368805212 -0.4145580879170281 0
699 -1.677780118790249 -0.3822524669219033 0
700 2.555341775355481 2.487079009066351 0
701 -1.698870514715753 -0.05304009621558065 0
702 -2.706964903753278 -2.317207422913995 0
703 -2.742718504136404 -1.997651611881177 0
704 -1.035641884960115 -1.5033639329217 0
705 0.4036018169964055 1.562385053352268 0
706 0.2711390254332097 1.570071223860333 0
707 0.2118313368002862 1.670684136712483 0
708 0.1433925632385887 1.566564355978111 0
709 0.5360062357682241 1.548307505369248 0
710 0.07833508293686935 1.670943979144032 0
711 0.01101409041678748 1.546278869463659 0
712 0.4116612591368134 -1.530032792401143 0
713 0.5073984239397799 -1.440087276064637 0
714 -0.05189312650442986 1.676757051840371 0
715 -0.1171996815080783 1.565517666199281 0
716 -2.637732592388393 -2.657057480227902 0
717 0.4512217590090417 1.440933229183124 0
718 0.5807403919033167 1.429858958414797 0
719 2.643568473559175 2.218906826250794 0
720 2.409034048630362 2.796378356266314 0
721 -1.750060762069555 -0.5310761243008149 0
722 -1.578208389814877 -0.5153330880053937 0
723 2.760959102404475 2.765320144863876 0
724 0.2028563398783369 1.472592275656777 0
725 0.63688316201289 -1.472481157087125 0
726 0.5934349221235956 -1.331450315745603 0
727 0.7231851432101359 -1.372555449543086 0
728 0.6916942934566174 -1.24944064107469 0
729 0.8058214482036894 -1.283537452889955 0
730 -0.1813596332203704 1.677974588408632 0
731 -0.2435461929947519 1.566007658366066 0
732 0.7727461311341735 -1.17226375249403 0
733 0.8860469030001221 -1.19913448557109 0
734 -0.1845282918880486 1.46061610596809 0
735 -0.3008462126595676 1.458390985840469 0
736 -0.3675561299765083 1.563407039807464 0
737 -0.4203073524207366 1.434728088262393 0
738 -0.4924843048287447 1.554540869685793 0
739 -0.5556072299042109 1.425718373851079 0
740 -0.6229280789878507 1.550175369132517 0
741 -0.6855115724767642 1.434054693140065 0
742 -0.7604437000088371 1.54994133143256 0
743 -0.8202569249392748 1.426213987520663 0
744 -0.7384027650433734 1.304240648443649 0
745 -0.8738651098173001 1.303712535470177 0
746 0.8416308706797722 -1.080196422442365 0
747 0.9642788747469196 -1.114673844965718 0
748 0.9305381491436837 -1.007890897363437 0
749 1.041995500518609 -1.034011235946092 0
750 0.9998533686927665 -0.916425290043444 0
751 1.118633966072826 -0.9514765402216998 0
752 1.087841573784865 -0.8432482003460889 0
753 1.1992435136972 -0.8709110833416412 0
754 1.166984807372596 -0.7627007979486899 0
755 0.3837825203543457 -1.40540124117421 0
756 0.2933198681025848 -1.483863688920116 0
757 -1.512560465092395 -0.3778971054785671 0
758 -1.409096725260844 -0.4903561356235339 0
759 2.600842418754485 -0.9121434552139315 0
760 2.781609444171208 -0.7233351149062992 0
761 2.872357528740455 -0.9837701807669035 0
762 -3.031404257202531 -2.19528242596314 0
763 -3.072488392062141 -1.847360972801118 0
764 3.065002923511577 -0.7743188378629384 0
765 3.156170019788827 -1.062831450160591 0
766 -0.8083202089658285 1.196115276733397 0
767 -0.9277383926216308 1.189918980943093 0
768 2.933005779762475 -1.310255774091163 0
769 0.8176944461579133 -2.609458243783676 0
770 0.5199389923769153 1.337049908284557 0
771 0.6273455762985954 1.323715861145926 0
772 3.248524868781842 -1.371555480791584 0
773 3.040735502536388 -1.624760307129828 0
774 2.867981349226689 0.3194726851598876 0
775 3.044988306841754 0.5537486710930541 0
776 3.155920251581263 0.2687901182637896 0
777 1.279142030078756 -0.787472474770793 0
778 1.247006835294448 -0.6771003087264136 0
779 -0.4822925444993257 1.345736899332427 0
780 0.07738794646857183 3.227669685978777 0
781 -0.8529762933800377 1.099104663155576 0
782 -0.9622632810379372 1.070829146443426 0
783 -0.4348319014616652 1.671849231666816 0
784 0.2702035114193797 -1.352939155539445 0
785 0.185694681527371 -1.435584596705392 0
786 -1.47967724541605 -0.6375310162439952 0
787 -1.321013790436354 -0.6075251968431824 0
788 -1.04735425890424 1.180210614848043 0
789 -1.094527806636147 1.065166024083361 0
790 -1.025284277759613 0.9670777864292736 0
791 -1.141971299822021 0.9546322197312023 0
792 -1.072258506171934 0.8648184373145424 0
793 -1.185573457882867 0.8486447537081132 0
794 -0.9572301976055313 1.41418342809578 0
795 -1.102707913895246 0.7557260885273878 0
796 -1.227002891815806 0.7436061081846024 0
797 -1.158678113254098 0.6597875178286834 0
798 -1.27078491167631 0.6404614775525721 0
799 -1.34367246679841 0.7296321251497382 0
800 -1.388104112068414 0.6194174007135198 0
801 -1.293866610660481 0.5205047121006995 0
802 0.03863263340305716 1.781634450640803 0
803 2.605671597619344 3.097501049938426 0
804 2.982510182289472 3.064934901696672 0
805 3.10041205253524 2.732982142244321 0
806 -0.2391493591697023 1.363115016283005 0
807 -0.1366573845517905 1.364342823119408 0
808 0.6478775500064125 2.476252095866049 0
809 1.548164655235845 2.241278806344236 0
810 2.241132182545913 3.107381910766494 0
811 0.5729740738961466 1.239112527504087 0
812 0.673616604338888 1.223479118412447 0
813 0.737620863639704 1.311917802895155 0
814 0.7823274378795735 1.206930939576293 0
815 0.4673376303929186 1.238038051354674 0
816 1.078354943390761 -2.68652282642345 0
817 0.8740955639799048 -2.883661651975962 0
818 1.169112934159388 -2.970385268468263 0
819 0.9230766579389887 -3.195600033797351 0
820 1.242373126588573 -3.286048274420289 0
821 1.476835924324539 -3.053489860321447 0
822 3.354612791006792 0.5133814855960654 0
823 3.227149700561542 0.8159239723709205 0
824 3.560852984342054 0.7763453284559902 0
825 3.421230170328929 1.096279932610823 0
826 0.3726204831463205 -1.295260010070964 0
827 -1.42590108225279 0.5041012836629646 0
828 -1.346474741198256 0.4090685845843015 0
829 -1.50788295968084 0.598119984227226 0
830 0.8491052476497858 1.297555063477352 0
831 0.8912275138113315 1.188929645635519 0
832 0.6604431207079909 1.52870962999337 0
833 0.8250631625337608 1.102133412536115 0
834 0.93488268449606 1.083249867241493 0
835 1.001600410791207 1.177923847740549 0
836 1.050612120412666 1.059571610961362 0
837 1.12724829155561 1.162047909118801 0
838 1.173577819691706 1.031924315541154 0
839 1.08675883601431 0.9346000251799529 0
840 1.21050052712141 0.9092602352938434 0
841 1.13803865780706 0.8227973349069333 0
842 1.246327030849225 0.7946785524985911 0
843 1.169009650832944 0.7095668874996783 0
844 1.277743181227698 0.6846406740338549 0
845 1.202824163353897 0.605187483737393 0
846 1.310564618868141 0.576799094024243 0
847 1.391470576855178 0.6608302387806637 0
848 1.423550633537071 0.5454843095099945 0
849 1.321857943631435 0.4560958622750316 0
850 1.448771206844688 0.4283876573486546 0
851 1.362318710044035 0.3427649009553546 0
852 1.477696006879616 0.3145119373537337 0
853 1.394882342148235 0.2366125726595663 0
854 1.507577674649909 0.2008340796093518 0
855 1.408556881618864 0.1203563381405705 0
856 1.535168040575561 0.08462007180568146 0
857 1.448438470963769 0.001320484640391043 0
858 1.562652252575073 -0.03492827695366003 0
859 1.476427411499188 -0.1186180482963904 0
860 1.594747918267509 -0.1578310764981651 0
861 1.504829735475113 -0.24488359236035 0
862 1.61597737162976 0.2827206103608449 0
863 1.363156377564651 0.8697742373800516 0
864 1.377826120940881 -0.1928948304688666 0
865 -1.371317604848046 -0.3588224448680499 0
866 -1.618830298972538 -1.269140553213867 0
867 0.1615704067795096 -1.329992203240978 0
868 0.08453192167860434 -1.397520187150104 0
869 1.073382822253206 -1.140778562070649 0
870 1.364030398934638 -0.7031368541149319 0
871 -1.253460308366616 0.9372362503513846 0
872 1.655087212694333 0.03021970642022322 0
873 1.544712254481731 0.5095637682636399 0
874 3.355609026712583 -1.684293398127489 0
875 3.121542179197986 -1.93856805057324 0
876 0.8636810518685911 1.003863827601093 0
877 1.246201207738882 -0.9844788866491605 0
878 1.415594705545959 -0.8414866375601863 0
879 0.1919003429845349 -1.55153338850166 0
880 1.567975305937432 -3.384699967215264 0
881 1.822008940770689 -3.129466661294471 0
882 1.916188782102976 -3.485226012864639 0
883 2.171896180145357 -3.222159286298893 0
884 -0.7522717532560816 1.100328504106827 0
885 -0.7537399967014637 -2.168462946773633 0
886 -1.390272795151841 -0.7538945599709385 0
887 -1.253292098027588 -0.7241530096629113 0
888 1.267835883844795 1.131959392357279 0
889 -1.465939155465937 0.3824165748708066 0
890 -1.385731317672724 0.3013176038895592 0
891 0.7703334138868848 -1.491642286340485 0
892 -1.17667427485659 1.16969297937222 0
893 0.9978946774329108 -3.522282901320533 0
894 0.6641089519210006 -3.417698695186185 0
895 0.07563766950075466 -1.297403887871132 0
896 -0.008794657969474484 -1.34550383752129 0
897 1.350293022150377 0.02536437996898354 0
898 0.6688063623469969 -1.141742883455377 0
899 1.63321090690106 -0.28955971831288 0
900 3.481298311131365 0.2249445754625565 0
901 1.118224346719643 2.26609591695843 0
902 1.33250117170365 -0.5816925415263479 0
903 1.454604708802301 -0.6059467867683885 0
904 1.204244706129338 -0.5694532845350063 0
905 2.076107585378176 -2.866994309622076 0
906 2.425646217204914 -2.953698208249323 0
907 2.541335367826836 -3.318867371190583 0
908 2.805186660276265 -3.033072723494077 0
909 -0.9669476446594006 0.880474445650978 0
910 3.41100684854027 -0.8216503839642881 0
911 -0.7889488706242891 1.01610798565375 0
912 0.6214726614855942 1.152338007430501 0
913 -1.19622485352884 -0.6160677950953414 0
914 -1.11755810151392 -0.7003537475656541 0
915 -1.171945605871431 -0.8170579354384337 0
916 -1.055414329014199 -0.7969901520168341 0
917 -1.093563493636823 -0.9034142872531941 0
918 -0.9855026241683703 -0.8800170937976964 0
919 -1.018918698886727 -0.9869584410266441 0
920 -0.9000164990538007 -0.9517931430501445 0
921 -0.9427367421304134 -1.068337491693726 0
922 -0.8323689508198515 -1.045040287772423 0
923 1.27434766246902 0.2653594804402797 0
924 -3.372209256616432 -2.067860990626833 0
925 -3.320188475865685 -2.440795037630225 0
926 -3.423559888059124 -1.70186979068972 0
927 -3.085879296829519 -1.470115321827958 0
928 -3.463035252860641 -1.334315680630059 0
929 -3.178902170269393 -1.11372896655735 0
930 -3.513109609121114 -0.975121069157294 0
931 -3.23329063948374 -0.7689008489822582 0
932 -2.949575645186409 -0.8795428248220933 0
933 0.01049972565579662 -1.463952246179886 0
934 -0.09153719304621208 -1.418578518603047 0
935 -0.1079890594310935 -1.319392441828886 0
936 -0.1899758984279578 -1.382133699499963 0
937 -0.201189354737484 -1.284288817080388 0
938 -0.2813966385548159 -1.343019384730035 0
939 -0.2866476828718059 -1.235445887597242 0
940 -0.3700912427589543 -1.30277267084193 0
941 -0.3797523663262152 -1.194406570400245 0
942 -0.4605459137103416 -1.264510757078309 0
943 -0.4729525046598012 -1.168398826598588 0
944 -0.5518746064005021 -1.228089487766556 0
945 -0.5424449791779 -1.334274319102114 0
946 -0.6491114749464438 -1.290689993368791 0
947 -0.5607593662648085 -1.130208659201634 0
948 -1.261883676311087 0.31547482930391 0
949 -1.310949538726387 0.21693229985365 0
950 -0.1906720149876643 1.278182996892643 0
951 -0.09649158968961853 1.276532933014513 0
952 3.545778588321338 -1.424395209792291 0
953 3.465072345330619 -2.023090811659986 0
954 -0.1676131465780409 -1.49753040560786 0
955 1.064701927842534 0.7404180018284289 0
956 0.7665809797310403 1.019324931030017 0
957 -1.444609714539605 -0.2602096634183229 0
958 -1.320236518888579 -0.2553039531180742 0
959 -1.380088508987895 -0.1634327652285857 0
960 -1.243808158200267 -0.3430213407721047 0
961 0.8340167459866092 -0.9709346055066357 0
962 1.063497071899376 -0.7373918803195734 0
963 2.31523700504729 -2.607994673306784 0
964 -1.418294930531604 0.197077177918287 0
965 -1.214493074569105 -0.9324112067557464 0
966 -3.55387861821321 -0.6215624663811299 0
967 -3.280045112725404 -0.4184967269017271 0
968 -3.599173630508276 -0.2683019512308848 0
969 -3.320179121399597 -0.05499943146580433 0
970 -1.543289613621613 -0.7824171237526707 0
971 0.9233154808827075 -1.321669930148342 0
972 -3.646780522400931 0.08173446636730886 0
973 -3.365968563596367 0.2993692337996655 0
974 2.924838178008463 -3.411874128204663 0
975 3.206129996593671 -3.11604509226445 0
976 2.816004649696474 3.421677841664004 0
977 3.219440939074142 3.387043815947252 0
978 3.334619419233054 -3.512146900979245 0
979 -1.271374125537023 -0.1688257048096782 0
980 2.644316235539758 -3.755900253119057 0
981 -3.68668035521675 -2.30545342886115 0
982 -1.057652359385103 -1.092147072041291 0
983 -1.343180531688168 0.1215298576199 0
984 2.312797970705116 -1.505881612887348 0
985 0.1393972687792524 -1.236709484374731 0
986 -0.3623049739086314 -1.404889642777284 0
987 2.958711971611391 -0.5007058475385426 0
988 -3.623780836285114 -2.70225491323927 0
989 -0.6341793685023058 -1.413705888152022 0
990 -1.058235730483918 0.6649337262724004 0
991 -1.097388987868766 0.5850316722714122 0
992 -1.646952708270709 -2.133617536175819 0
993 3.767241976567263 1.052353637830126 0
994 3.615434298832338 1.384622712670244 0
995 3.265195144172069 1.411162749038771 0
996 3.468591774534555 1.722943530767704 0
997 -3.846493691414058 -0.8069260610832711 0
998 1.212969305743986 1.277133774119897 0
999 1.375937113516408 1.24618715962856 0
1000 -0.6984999431007761 1.016325809046206 0
1001 -0.657616278361844 1.098033463165423 0
1002 -0.8653382052217016 -1.171702260001886 0
1003 1.290119065501113 -0.4770305586883294 0
1004 1.184064592700058 -0.4641986137739301 0
1005 1.117221934244932 -0.5263883539450512 0
1006 -1.246329972535943 0.1411742631069101 0
1007 0.8020692488304173 0.9302138126162087 0
1008 -0.1267101832001304 -1.231088960163871 0
1009 0.06510969219610149 -1.207759916443489 0
1010 -0.6936165537251684 1.677513267287575 0
1011 -0.8469477638784415 1.674608474330959 0
1012 -1.094858602707449 -0.5955820936547851 0
1013 -3.678578542081751 0.437184424911389 0
1014 -3.394424575481962 0.6434956646487643 0
1015 -3.720001210929109 0.7934222224745665 0
1016 -3.447798437013097 1.010939119671982 0
1017 -3.785347873982818 1.15501733860752 0
1018 -3.485182246678977 1.370834837169982 0
1019 -0.0430700861983209 1.35469265418242 0
1020 -0.006613110176129384 1.27036393088971 0
1021 -0.2827503193763705 1.275141946097075 0
1022 -0.2383682346876836 1.200028365727476 0
1023 -0.3217775192392635 1.196589013830891 0
1024 -3.838156595631196 1.529089436806573 0
1025 -3.533551976309933 1.754535955766599 0
1026 -3.190980653873426 1.604061261742649 0
1027 -3.23019965673989 1.966083761196333 0
1028 -3.572252911125906 2.124388138825176 0
1029 -3.264984034834318 2.34795717750619 0
1030 -2.925811443293588 2.181985160530999 0
1031 -2.954671793475633 2.561828027463733 0
1032 -3.301869754671419 2.732454938235948 0
1033 -2.975617996401305 2.952042320270649 0
1034 -3.333205127418658 3.130782410447698 0
1035 -2.991443302335297 3.354219976606879 0
1036 -2.636596160186246 3.172160331562044 0
1037 -2.656437360621346 3.555705412514868 0
1038 -2.298943342642269 3.38076709245228 0
1039 -3.350686422697088 3.531375483559376 0
1040 -0.7485493768515095 -1.359808947133197 0
1041 1.718064913651536 -0.1876546175888675 0
1042 1.772702390458587 -0.3323284951847983 0
1043 -0.7961426227979447 -0.9489823731049656 0
1044 1.315778081270328 4.120162789668088 0
1045 1.477881713603934 3.76392820114208 0
1046 -2.274651232660094 2.951559218992202 0
1047 -1.952947234410351 3.204268289120035 0
1048 -1.969667454152046 3.582730766313269 0
1049 -1.627277756397418 3.401798938218848 0
1050 0.210854792709176 2.137256472746484 0
1051 0.742923028419086 -3.750317827572649 0
1052 0.4051293037701618 -3.626817647119113 0
1053 0.3290120462757262 -3.306031663701085 0
1054 0.06873006250668456 -3.523526549536608 0
1055 0.007082073683502563 -3.19431964896657 0
1056 -0.2456141199106548 -3.399413215472594 0
1057 -0.3072655496035377 -3.086014779539985 0
1058 -0.5544663056865337 -3.285968327014582 0
1059 -0.6253346920962632 -2.977589428953774 0
1060 -0.8692316438225729 -3.190956399779525 0
1061 -0.9368224871842095 -2.871307907303958 0
1062 -1.178684132022426 -3.082877986728324 0
1063 -1.12297764824112 -3.422943604846737 0
1064 -1.458432854832705 -3.302173718794079 0
1065 -1.388377704021225 -3.650034423830577 0
1066 -1.751716854405278 -3.535359240683987 0
1067 -1.233225640746409 -2.76237715102324 0
1068 -0.2383790941585467 -3.783414257517597 0
1069 -0.9538431197310004 -0.7836648206359318 0
1070 -1.918730386030902 0.7294355156976098 0
1071 0.8915418846124989 0.9141623358900794 0
1072 1.083875873066809 -3.876222328158439 0
1073 -0.05480151929415868 1.200670181588068 0
1074 0.02879302998602689 1.194180380457099 0
1075 0.0748777256361487 1.261407838309344 0
1076 0.1089552830195855 1.187932324222247 0
1077 0.1546725811079589 1.25122699209747 0
1078 0.1876330826778879 1.179112625077089 0
1079 0.2334701301682939 1.242559970509118 0
1080 0.2666156686745239 1.169921309428015 0
1081 0.2851660442830339 -1.775460473899348 0
1082 -0.6152682700552258 1.020565697099797 0
1083 -0.570617683236049 1.093226651424028 0
1084 -0.7396090996823401 0.9400722583468913 0
1085 -1.457633204321197 0.067892585773801 0
1086 -1.532150251641213 0.1748932669452457 0
1087 -3.670900841739889 2.897915018996561 0
1088 -0.3089706924047709 -1.153202646048642 0
1089 -1.272071029300381 0.05095064072227588 0
1090 -2.627618752679971 2.394477775717485 0
1091 -0.7367763342326639 -1.019072958638555 0
1092 -4.0167871667303 -2.558397336109679 0
1093 0.8328730626547161 0.8498813908552948 0
1094 0.7700327833763642 -1.765947555133545 0
1095 -0.6099266185208532 1.171714799375867 0
1096 -0.5263292257556307 1.169182029609459 0
1097 -0.4820534568275852 1.088914121639774 0
1098 1.099080114459842 -0.4424315316612466 0
1099 1.152527532880578 -0.3807429254851467 0
1100 0.7151847220480604 0.9430113178662884 0
1101 -2.960529917231456 -0.2157013346995074 0
1102 3.208609163694094 -2.25992683494997 0
1103 3.58420533238242 -2.41819777106936 0
1104 1.746971210573698 -0.9206497485416449 0
1105 -1.642040819737048 3.775672112873848 0
1106 -1.301682800559666 3.594054420816896 0
1107 -1.321224704403823 3.958785334386509 0
1108 -0.9941227924166633 3.772495162246492 0
1109 -0.9767504861514962 3.417399184924458 0
1110 -0.6826706458664513 3.585855188353966 0
1111 3.688010140794754 -3.178090410139479 0
1112 3.759646273795384 -3.622263090333719 0
1113 -1.643119195898958 -3.881818802282035 0
1114 -2.047946412731176 -3.783583258094741 0
1115 -2.121495046787435 -3.395375904498817 0
1116 -2.427991540055415 -3.632544835105159 0
1117 2.751259730989057 -1.847682381392587 0
1118 -1.186197308980113 0.07358515075093015 0
1119 -1.150305709701947 0.1523577607817027 0
1120 -0.9959346758984832 -3.794981755095447 0
1121 1.315800210651515 1.39860799246591 0
1122 -1.147353475385737 -0.5239895048993086 0
1123 -2.599452770428424 2.039112498942379 0
1124 1.035084302949966 -0.4952780105924485 0
1125 -3.074526607864451 0.482911396668102 0
1126 0.914260556223496 0.8320887781674619 0
1127 1.503308064042311 1.374684633127385 0
1128 1.663121676419747 -0.4316903032664976 0
1129 -3.776361359855905 -1.571530156541487 0
1130 -0.9879224010194523 4.177642061905143 0
1131 3.918872766485006 0.6645572190740304 0
1132 4.168276112756279 1.027253918687472 0
1133 -1.452632984735569 -0.9294312648767564 0
1134 0.1214022596809853 -1.15456663093462 0
1135 0.195519181304613 -1.179746469232902 0
1136 0.8516217391846859 0.7696756986005934 0
1137 1.990519624460233 -2.526602021309665 0
1138 -0.4832024578817712 -1.06704911399077 0
1139 -0.5687913257642415 -1.040660040765157 0
1140 -3.247072403107424 -2.838979643018252 0
1141 -3.554314402330702 -3.111084189632175 0
1142 -3.167086419527328 -3.258058082171268 0
1143 -3.480260218974108 -3.5188074016449 0
1144 -3.946188619079224 0.2509030913810671 0
1145 -0.6866788508536661 3.264897851821527 0
1146 -0.7157252388446965 -0.9322226347752371 0
1147 -0.7658921154882001 -0.8709810167647802 0
1148 -0.9996440341359107 0.5919841856038478 0
1149 -0.9730179441626485 0.6665089913686746 0
1150 -1.041188591595181 0.5229826406326022 0
1151 -1.12169493210724 0.5052959725309776 0
1152 -1.059148804179042 0.445622835248301 0
1153 -1.144051502538766 0.4295750286017999 0
1154 -1.208570128066591 -0.00759747023037408 0
1155 -1.050297471527232 -0.5086966765915503 0
1156 -1.106814354038628 -0.4435753926379443 0
1157 -1.008649104373247 -0.5770440568586768 0
1158 2.223707915778262 -2.289307630872692 0
1159 2.582738682009192 -2.331331008921376 0
1160 -0.3752218627498194 -2.751981541271272 0
1161 1.898293038861083 2.526006296641239 0
1162 3.043682231763779 3.76152158407776 0
1163 3.470830088767189 3.729241691617747 0
1164 3.62814580640613 3.315588268763741 0
1165 2.63508491663498 3.772991477152004 0
1166 3.893481909667969 3.67834420034273 0
1167 -1.092370013775704 0.3731894260036022 0
1168 1.422905833876043 1.099798008099186 0
1169 -0.2794726815383222 1.118284175090318 0
1170 1.055568529964814 -0.579220226956785 0
1171 3.836006609180021 -2.09411487990229 0
1172 3.963495282456754 -2.477604244323077 0
1173 -4.16235165347809 1.338590995449282 0
1174 -0.7580186085208629 -1.484360485236642 0
1175 1.164410388973086 1.412597467266906 0
1176 0.5961856690975194 -2.793744929300526 0
1177 -0.290790027917027 2.957035411845877 0
1178 -1.630089447232873 3.061737081894333 0
1179 0.8084312369255097 -4.133749160779963 0
1180 0.312282158111088 1.232932699135888 0
1181 0.3418251276240047 1.159932780095635 0
1182 0.2817628700875697 1.310411906156162 0
1183 -0.9719917997395484 -2.541593842993714 0
1184 -1.281626948891998 -2.469158163428802 0
1185 -1.53734180148552 -2.660950772862522 0
1186 -0.2023902095496418 1.132062333828989 0
1187 3.887963426377352 1.670185114457747 0
1188 3.69075742592545 2.054311771071545 0
1189 2.969082892547906 0.06355781263247777 0
1190 1.413881315753301 -0.3250861232115455 0
1191 1.292080551641098 -0.2935540467235034 0
1192 1.270237486573512 -0.1868760995734701 0
1193 1.655835599652234 -3.742516319010984 0
1194 1.998478293117054 -3.841987074351398 0
1195 -1.618900248499053 -0.9153371914912004 0
1196 -0.3553080001895831 1.124946299007863 0
1197 -2.013446211340186 3.955600469801154 0
1198 0.2972926708679913 1.104273219236074 0
1199 0.3664446586055179 1.082324122538125 0
1200 3.310075620025242 2.047669852127338 0
1201 1.713084142924623 4.079762278872631 0
1202 1.867734693613752 3.719890434462064 0
1203 1.63744245873229 3.396049012655241 0
1204 0.6801683937976873 1.01877638895703 0
1205 0.6407851234286935 0.9547341838675367 0
1206 1.716585499944508 -0.728219965888367 0
1207 -3.073499106680242 -3.683595641503595 0
1208 1.198580676105654 -0.2483761104655007 0
1209 1.185787893528449 -0.1632808494663741 0
1210 1.241622216835552 -0.1020845811597196 0
1211 1.165580585598348 -0.08544439355781872 0
1212 -1.504268993449533 -0.1536998617409446 0
1213 1.130043388001177 -0.2229757251697645 0
1214 0.6056328100031348 1.021109332981447 0
1215 -0.833412068047976 0.9389020786989233 0
1216 -0.7778604923829706 0.8667785466918929 0
1217 -2.492477009563887 -3.252096073033633 0
1218 0.1232168508851184 1.317643766370333 0
1219 0.05306440683313524 -1.135068047732868 0
1220 -0.007373570499201329 -1.18777848410441 0
1221 1.219216250312442 -0.02255713567046069 0
1222 1.147530399833443 -0.01054295843673168 0
1223 1.196302659200517 0.0512491219855072 0
1224 -0.7629777673124264 1.823003039519344 0
1225 -0.9410050731393281 1.814469040390104 0
1226 -1.018547580533751 1.662030732326136 0
1227 -1.141139510632947 1.807945905218413 0
1228 -0.6049955648203734 1.81678991215707 0
1229 -0.01215222762023518 1.139820547836722 0
1230 -0.08731709811932767 1.140424658630481 0
1231 0.8099462315130866 1.409003198707955 0
1232 -1.12840657817932 1.293048283342046 0
1233 -1.268622854596228 1.284849765475158 0
1234 -1.208846009392092 1.43968060459799 0
1235 -1.316574794705099 1.153231744792388 0
1236 -1.450410003058377 1.27963004653047 0
1237 -0.3988076392430746 3.421484512996571 0
1238 -0.3812254265313245 3.833180472831661 0
1239 -0.4955574022991465 -1.454709902570902 0
1240 1.818933634238811 -0.4878909541854824 0
1241 3.737159574748554 4.093852496344908 0
1242 -4.199349012819126 1.697912548117477 0
1243 -1.722924372135195 -0.8029842403130154 0
1244 -1.790615553865941 -0.9732508021548985 0
1245 -1.928897514061904 -0.8245520074668456 0
1246 -2.013744805422102 -1.018204714790649 0
1247 -2.160486494308234 -0.8372946988595256 0
1248 -2.254283599033099 -1.061841875089958 0
1249 -2.4080105993498 -0.8607643693916518 0
1250 -2.526184759700353 -1.11648045523109 0
1251 2.502011616901113 -1.319094326292133 0
1252 1.197648977855326 -4.253835880740182 0
1253 -0.4016214007441063 1.190190447726249 0
1254 2.022220351818361 -0.5502327656015317 0
1255 0.9339170627166858 0.7546853549381425 0
1256 -0.8915861447980489 -0.847274418398557 0
1257 -0.8615307010077158 -0.765576902095888 0
1258 -0.9173390729091271 -0.7049491252849611 0
1259 -1.303782897523676 -0.02856847780628529 0
1260 -1.046646209398999 1.970736460879773 0
1261 -3.879329756358212 -3.38538363751901 0
1262 -3.779672699485906 -3.838928640588154 0
1263 1.928303932173038 -0.3783082631560813 0
1264 1.080081912625604 -0.3675893188756413 0
1265 0.9272583040925354 1.388061101056529 0
1266 0.8787704994548748 1.524181830670571 0
1267 0.987594848359005 -0.5603661725162496 0
1268 1.000618753501952 -0.6277520990001693 0
1269 -2.318083354916247 -0.6375775574337208 0
1270 -2.556722271663443 -0.6546428168134839 0
1271 -2.471962062228437 -0.4209987597834609 0
1272 -4.032134634944224 -2.152452510826874 0
1273 -0.5166072180522807 -1.003268613081211 0
1274 -0.5689006939359484 -0.9763058954056059 0
1275 1.425140566201756 1.544774822746728 0
1276 -2.309561437536752 -1.361715899077284 0
1277 -2.618579522066784 -1.377819717563225 0
1278 -0.4053774513776933 -1.107312682058269 0
1279 -0.3300192314080689 -1.077204843616439 0
1280 -1.82389153519785 0.1458748101606946 0
1281 -1.74941461864493 0.3015761828506255 0
1282 -1.859262878506504 0.4504125909942807 0
1283 -1.688003651415876 0.4539826362094364 0
1284 4.119411013901489 2.06241255690402 0
1285 3.911466118836955 2.399667991512568 0
1286 4.284673504828656 2.419432668497209 0
1287 4.151607228446326 2.769473452700525 0
1288 0.8841056264384656 0.6958524019046305 0
1289 0.9561927121233871 0.6823848031481781 0
1290 -1.215097229470343 -0.2444073250690835 0
1291 -1.178785357319244 -0.1686944257486681 0
1292 -1.121820282448626 -0.2369236344381384 0
1293 0.1458440285196674 1.127207551516773 0
1294 -0.8556617597277796 0.8506229531710501 0
1295 -0.8073504973112756 0.7917316708052335 0
1296 -0.8780456059903847 0.7744020322157886 0
1297 -1.006047308382528 0.7953252720191052 0
1298 3.411312165237938 -3.903745930894058 0
1299 3.872064111113357 -4.109866606497507 0
1300 0.7323301454705093 -1.065048353255442 0
1301 0.6371181198646129 -1.051880847392632 0
1302 0.5779469142574397 -1.112503052570616 0
1303 0.5608561257079318 -1.030965767394968 0
1304 0.5007391588650643 -1.086210468602165 0
1305 0.5154264679758198 -1.168471148734458 0
1306 0.4377386363321792 -1.141124916343263 0
1307 0.6122389554567338 -0.9774540553299009 0
1308 0.4276013066750365 -1.065279759273826 0
1309 0.3696019465280473 -1.111520372939589 0
1310 0.7261403572276579 -0.9692408254087537 0
1311 -1.127169085502139 0.01308958306559819 0
1312 -2.20342224717576 -3.048106954841937 0
1313 -2.464040973240369 -1.580928898708032 0
1314 1.90942998643454 -2.176689449123153 0
1315 1.123279410768256 0.06684558202151289 0
1316 1.176336618959679 0.126017008776179 0
1317 1.25043707135413 0.1120924081159256 0
1318 1.113740904859166 0.1404319855137431 0
1319 1.151483643700684 0.1908373109622114 0
1320 -1.110001462177239 0.0831383260244264 0
1321 -0.2040073783834561 -1.195437545781471 0
1322 -0.1370829831929782 -1.15017987917231 0
1323 -0.2083522285304895 -1.123964915191889 0
1324 2.116044940048738 4.03849184871789 0
1325 -0.6498046992345088 -1.080958859636619 0
1326 -1.213378220172701 0.2240466747863903 0
1327 -1.124071414602541 0.231916219402888 0
1328 -0.9388898463554978 3.08285284063082 0
1329 1.376990375695687 -0.07428891981161274 0
1330 0.4161772215306257 1.152385122726417 0
1331 0.4401636603044043 1.079479880377941 0
1332 0.4910557085876531 1.132967682575735 0
1333 0.2787423140377571 -2.961684216852173 0
1334 1.931192653426113 0.8945347563697356 0
1335 1.808802658752138 0.7149936086065167 0
1336 1.87580633397376 0.5248185785051677 0
1337 1.72196139710452 0.9024435314606167 0
1338 1.625826803039084 0.744689038604631 0
1339 2.060864626271512 0.4706035182414492 0
1340 1.91315447938295 0.3425703003706293 0
1341 1.53864361978944 0.8819806491602964 0
1342 1.613506368651908 1.049549057664323 0
1343 -1.144946633511092 -0.05924407662903498 0
1344 0.5344549652554166 -0.9515386534356528 0
1345 0.483519216811491 -1.01926442931694 0
1346 -1.460476425305448 1.100250214449187 0
1347 -1.024285040523249 -0.4260978156401803 0
1348 -1.069545313873428 -0.3707259819598672 0
1349 -1.161483084925478 -0.2997246306101939 0
1350 0.450275666517459 -1.23118178518092 0
1351 1.432111532573817 -1.472046567238274 0
1352 1.24035586732836 -1.420859225870779 0
1353 1.091085994999062 -1.543499147458524 0
1354 1.375934375481609 -1.285279144590486 0
1355 1.482208736527183 -1.139446973447562 0
1356 1.110788215141428 -1.751799257546519 0
1357 1.673393914240249 -1.13157620688862 0
1358 1.099158998671441 0.6265483931899002 0
1359 1.13318640536539 0.5373841210450516 0
1360 1.05440775371174 0.5500453874018278 0
1361 1.073999765558648 0.4776572973134139 0
1362 1.149766334463636 0.4546369024737021 0
1363 1.082290253516252 0.3986295282025993 0
1364 1.165975053106032 0.3777301768568489 0
1365 1.108973025985926 0.3246981022449877 0
1366 -1.005193628901385 -0.7114813015536218 0
1367 2.880054797950796 4.151307027126133 0
1368 -0.6301469457566917 -1.686614633590007 0
1369 0.9285908657977068 -0.6073761805909845 0
1370 0.9509193560436435 -0.6713295001619233 0
1371 -1.760984652094714 0.6094134805941567 0
1372 0.9898063586317378 0.8018849666842232 0
1373 -1.838155616135535 0.9546807855175845 0
1374 0.2232724182487609 1.110348415430529 0
1375 1.111445358317806 -0.1472672589485318 0
1376 0.3683761142247903 1.297735354066204 0
1377 0.3513261315501323 1.379268129115735 0
1378 -0.6544683531606386 0.9399594723299761 0
1379 0.0667390401516369 1.129245578044097 0
1380 0.9111857154028343 0.628493526304861 0
1381 0.4041439967325785 1.02150278959019 0
1382 0.4723915719356535 1.014350207833296 0
1383 -0.3123141405855964 -1.804472082390868 0
1384 -0.3562894773019331 -1.651364921733016 0
1385 -0.1984161030642617 -1.684739991537359 0
1386 -0.03963197888955586 -1.726122046403733 0
1387 0.02611109399763162 -1.868996306078955 0
1388 -1.291526919394429 -0.4984584860097104 0
1389 -0.6817254268562156 -2.682923515720082 0
1390 -1.366867813631685 1.773440908041296 0
1391 -0.420042316753112 -1.032173970696826 0
1392 0.7452390019545034 0.8617391410623256 0
1393 0.6619080652649516 0.8816164041862936 0
1394 0.7781823813679015 0.7989002982671504 0
1395 -2.724464895540716 -0.4509077093984455 0
1396 -0.9151818121656029 0.6129675408284206 0
1397 -0.8998752416890522 0.6760154131411995 0
1398 -2.269092306830947 2.2314327387733 0
1399 -2.314313267545925 1.907927196253171 0
1400 -2.539469186421696 1.743053144545797 0
1401 -0.7058076073070367 0.8764125617446071 0
1402 1.144796387167886 -0.6653983344723434 0
1403 0.1730503445321743 -1.112145843385658 0
1404 0.2485192956875686 -1.119406912578247 0
1405 0.2677125002832391 -1.195130541968573 0
1406 3.708330453354135 2.794451614949941 0
1407 2.453652718277272 -2.045325988118071 0
1408 -1.169256397537453 0.3546526430337977 0
1409 4.203370715282596 -3.713551884452948 0
1410 -0.07430257298372511 3.579326983327885 0
1411 -0.06288030294988656 3.933785094849906 0
1412 -0.05209898242762019 -2.882360849056957 0
1413 -0.1083766277980611 -2.610387634536598 0
1414 0.8982624915568299 -0.9113614143464719 0
1415 0.8132184088581833 -0.884438337472591 0
1416 0.8660200485450584 -0.8303658638627214 0
1417 0.7925416611071803 -0.8185152108425512 0
1418 0.7464638087374496 -0.8614170107608282 0
1419 0.8404745703948394 -0.7597602420682351 0
1420 0.9975305829226129 -0.8100685150814029 0
1421 1.241722488383945 -0.3882308765245818 0
1422 -0.5710844287121897 1.248644311636156 0
1423 0.3036122278064024 1.948368592912535 0
1424 0.1149412959438336 1.988478918031529 0
1425 0.02772908215007023 2.140442428027433 0
1426 -0.06433262981319293 1.999820524754274 0
1427 -0.1527973031691055 2.14098121827133 0
1428 -0.2398730506012124 1.98738183963744 0
1429 1.721711675960895 1.325129364542749 0
1430 -0.5745595243519357 0.9509592764706121 0
1431 -0.5358796968602877 1.021180525330646 0
1432 -0.4741811296618939 1.017340738943759 0
1433 -0.2219040620450386 1.069883832648797 0
1434 0.5724341600440987 0.9669697214564027 0
1435 -0.1498393453652394 1.196815549846976 0
1436 -4.440843463866765 -2.40690195573696 0
1437 1.043333062385313 0.3305164671989045 0
1438 -2.35264369945998 -4.043599373755468 0
1439 1.094233276652167 -0.07125840957463309 0
1440 1.033827386663144 -0.4155625330704248 0
1441 -2.336849440763253 2.585364565564405 0
1442 -1.224295796474841 -1.405378817838996 0
1443 -1.260530845143315 -1.221543640056617 0
1444 -1.065481660968947 -1.340586708806419 0
1445 -1.420719576114831 -1.123762922173803 0
1446 1.182915160147182 0.3042154202663018 0
1447 1.254743655570762 0.3629351901564247 0
1448 -0.6838660761040822 2.977595505940877 0
1449 -1.604596413407514 0.0580837695946406 0
1450 -1.234811600688357 0.4194973368892495 0
1451 -3.045457777956261 0.1433764887630419 0
1452 -2.744221618967807 0.05854267458463434 0
1453 -2.792434738442632 0.3369456477761752 0
1454 -2.801036187178442 0.6072269318661352 0
1455 -3.055505564905066 0.8431090409708504 0
1456 -3.13855470951017 1.229350207177988 0
1457 -2.873089616451957 1.431920424850984 0
1458 -2.787979279123696 1.109166259935971 0
1459 -2.580571879145304 1.32861033874519 0
1460 -1.26108469510039 3.219608649100564 0
1461 0.7134949911289497 1.114708013791027 0
1462 0.08591684390181481 1.460265877024229 0
1463 1.728698289318199 0.3998037589804393 0
1464 1.769960237625984 0.2407906860678664 0
1465 1.922178538281319 0.1562751382120013 0
1466 -0.6426557637245792 -0.9853838609795719 0
1467 -0.7443200480384938 -1.120780497967062 0
1468 -1.195424642036765 1.628703197635591 0
1469 0.1191843921308672 -1.753432119123001 0
1470 4.536102205052557 0.7368233180438265 0
1471 3.070531571267594 -2.74522299655407 0
1472 -0.9241080757410651 0.9644267203263547 0
1473 0.8039671027181052 2.895806290986568 0
1474 1.126141753209906 2.900837256073835 0
1475 0.9826907431605983 2.662373873501559 0
1476 1.255419358464377 2.645357005241901 0
1477 1.427848920254416 2.876021625836557 0
1478 1.565665212100178 2.630668427614264 0
1479 1.745724547405987 2.841535604661535 0
1480 1.71217194872602 -2.751589380456632 0
1481 -0.336582288680502 1.353914355933028 0
1482 -1.410805848353021 -0.05849259629958378 0
1483 1.736471092884269 4.626576801454049 0
1484 -0.3322253799463483 1.060278868676925 0
1485 -0.3883203151892899 1.061835189467109 0
1486 -2.86016978949645 1.785850486971166 0
1487 0.3593036717589949 -1.038838051257046 0
1488 0.9498184506111281 -1.892405955695461 0
1489 1.12760418543789 -0.3008754385474042 0
1490 1.05084330942289 -0.2927725527330314 0
1491 0.9796288529618991 0.6153636535550453 0
1492 0.05413549680990774 -1.595625269249271 0
1493 1.010306644195669 0.4967705100491377 0
1494 1.012223251877427 0.431799565123223 0
1495 0.96892454695691 0.9830456268524056 0
1496 4.587781847648715 -0.2446266584138272 0
1497 4.190559868696342 -0.4766243096486602 0
1498 4.147719395737209 -0.9138456269837192 0
1499 3.793923755048008 -0.6700756081719034 0
1500 3.851224946116714 -0.2492323950371658 0
1501 4.549775071884545 -1.185026948265882 0
1502 4.134620207152553 -1.344730947009094 0
1503 4.465228064220264 -1.616881516192396 0
1504 -0.2578155460843713 -4.576082948256046 0
1505 -0.4416336592342898 -4.147300180776163 0
1506 -0.03989604376348654 -4.178150681562228 0
1507 -4.612345587431405 0.2530481588387065 0
1508 0.2801702888478604 -1.982723442796929 0
1509 1.579591753135065 -0.8088124446506748 0
1510 0.967036169755225 1.764115618724375 0
1511 0.7658457496710055 1.763325247523133 0
1512 -1.636956232403174 1.33043158211064 0
1513 -2.015957682708798 0.5511217069459853 0
1514 -1.216333637478589 4.598548961786411 0
1515 4.578885535149867 1.258096281407773 0
1516 -0.6179835163030605 -3.795223680109411 0
1517 4.20410225159706 -0.01362951397031284 0
1518 -4.219204318810508 -3.590245010599086 0
1519 -1.088867840965802 0.1796421173127038 0
1520 -0.8963080675107353 -1.40623585074094 0
1521 -0.04897153776652283 -1.257214392187435 0
1522 0.9678442976752555 -0.4983728198763435 0
1523 0.2746632538186227 3.822191763188651 0
1524 1.237116199574498 3.468040523729096 0
1525 -1.096102061327735 -0.1644812948425068 0
1526 -0.7492903112219134 4.586073559741495 0
1527 -0.5461448557655452 4.217071981038112 0
1528 1.697877469958064 0.5631362055016892 0
1529 -1.907922047437182 2.858867858391303 0
1530 -1.260252720358847 1.973838929368151 0
1531 -1.817708375198407 -1.163217067606348 0
1532 -1.820296216102058 -3.175749338732168 0
1533 0.9436357209204306 -1.675222725844068 0
1534 0.5385879178290165 1.024950508579252 0
1535 -0.840689463320976 0.7425921664617969 0
1536 -4.581332531584116 2.746631740095888 0
1537 -4.227191478371936 2.499425426540717 0
1538 -4.109447436438369 2.970228754935928 0
1539 -4.120529388435474 3.465721488037116 0
1540 1.364705111750575 -2.747281559565462 0
1541 -2.781178700775158 -4.581645595638623 0
1542 4.60340855539622 -2.766988839193686 0
1543 4.147801714051541 -2.957427296384583 0
1544 -0.688421077062744 -0.8576474793128754 0
1545 -0.6504031144248724 -0.9130612321556588 0
1546 -1.025839558601469 0.378171520700764 0
1547 1.248807055884181 4.552036320376277 0
1548 0.153168153592346 1.860852651302763 0
1549 -1.206009566942348 -0.4466628958300605 0
1550 -0.1012446550272967 -1.600202263958784 0
1551 -4.546191842046985 3.718691279759586 0
1552 -4.109970075431958 3.950705051020617 0
1553 -4.067175813964824 4.426295605346724 0
1554 -3.703116540412091 4.187674777474773 0
1555 -0.06877557131499898 1.462466296596433 0
1556 -4.588006317837767 -0.7575714810313299 0
1557 -4.60112987989292 -1.254340132095184 0
1558 -4.17773614512343 -0.4995039355919867 0
1559 -1.229433869713137 -4.583627851423183 0
1560 -1.734470617290472 -4.575953191399655 0
1561 0.821613479502704 0.7142622517098675 0
1562 -0.5347344731604428 2.109929090800166 0
1563 -3.044141256027184 -4.138475711269216 0
1564 -2.240105106155931 4.595588207213752 0
1565 -2.751079143149064 4.561640881013368 0
1566 -2.931280679640909 4.128469811689867 0
1567 -2.4649714837549 4.156079505446895 0
1568 2.258497251555939 -4.583878692032059 0
1569 2.731730793546703 -4.581980454922728 0
1570 2.497116909300947 -4.196475513913344 0
1571 2.987497946893982 -4.156635717996028 0
1572 1.631275976233722 1.538135053961174 0
1573 1.212233392360605 -1.267270395325522 0
1574 1.070323510335596 -1.357960165541055 0
1575 -2.649146750581634 2.764340171310031 0
1576 -0.154699171951187 1.842222491206558 0
1577 -0.3206626392628637 1.83455553562781 0
1578 4.18798826945958 4.054395440623317 0
1579 0.4781176028749777 0.9579448157470716 0
1580 3.533114514898657 -0.4434856411991749 0
1581 3.761364892224914 -1.121151013624911 0
1582 1.291977081398814 -1.12705131277138 0
1583 1.381895454144203 -0.9961138492522752 0
1584 0.3567692736343591 -1.197212579942884 0
1585 -0.9856125514135829 -0.515166312931771 0
1586 1.236128512839996 0.5061894197872112 0
1587 2.682336988427622 -2.69238203202605 0
1588 -0.006678070746888788 -1.102548451602804 0
1589 3.083431060493446 1.120041876854163 0
1590 2.932523963981629 1.428374225057067 0
1591 3.109080703824337 1.719300277841991 0
1592 2.752582206176561 1.722717499955559 0
1593 0.6584860829110568 -4.571976306166912 0
1594 2.08915240404829 0.02883231495127652 0
1595 1.90986133996711 -0.02197300114801434 0
1596 -0.966927346411017 0.5213527970080327 0
1597 -0.7481369553132544 -1.239710710681063 0
1598 -1.202968056454681 0.5633106918822546 0
1599 2.577599028141548 -1.581412102409867 0
1600 -0.6800667372455396 0.7880318059971408 0
1601 -0.7336638373126509 0.8085907542600438 0
1602 -4.190674340847418 -1.503085294627506 0
1603 -0.4118595630552276 1.974972977591085 0
1604 -0.9927271915194379 0.4743154181079073 0
1605 -3.709872024115211 -4.575063231177818 0
1606 -1.097147911782957 -0.3107033070808783 0
1607 -0.7906549986767819 -0.6825073014647225 0
1608 -0.846100723710931 -0.6954121558549896 0
1609 -0.8818019934876875 -0.6473791430766647 0
1610 -0.9559139835860522 -0.6348379799163801 0
1611 -0.8061737544465408 -0.7337413380437321 0
1612 -0.7658456917419916 -0.7714319542924291 0
1613 0.6814470582671014 -0.7899096060950056 0
1614 -0.05948517641886596 2.271417200795991 0
1615 -2.754851028575276 -1.652695130569204 0
1616 1.532270585717698 -0.3775941514707889 0
1617 1.419711807182932 -0.4645595150509905 0
1618 -0.0209148961916788 1.044134259883546 0
1619 1.041445783579295 0.02467077729849811 0
1620 -1.041525380290747 -0.02580562653669571 0
1621 0.02347049068389184 -1.044385641484449 0
1622 -0.07036283003307429 -1.080008345297185 0
1623 -0.6008104540741355 0.8530451395618681 0
1624 -0.7524678078295534 0.7200719904096667 0
1625 -0.8216189628627746 0.6411977294491026 0
1626 0.852402793407937 0.6023369834923774 0
1627 0.6004351345445003 -0.8535262581468099 0
1628 0.6488234527426916 -0.8748371500309127 0
1629 0.5561682612882848 0.8807119516268773 0
1630 -0.5560302807742246 -0.8781203912035849 0
1631 0.8862413148099157 -0.557508114682266 0
1632 -0.4655078379831089 -0.9302404660329158 0
1633 0.7301234287518469 0.7585457195198574 0
1634 0.6411977294491026 0.8216189628627746 0
1635 0.7544125852671344 -0.7181236869627912 0
1636 -0.6411977294491026 -0.8216189628627746 0
1637 0.8232126550828136 -0.6419191817946002 0
1638 0.8831008467081418 -0.6544175178744169 0
1639 0.3716837836360005 0.9760892885769614 0
1640 0.2781954502320531 1.00526150914736 0
1641 0.978613635696458 -0.3844164782149589 0
1642 -0.3863909209285493 -0.9791887333616571 0
1643 -0.2777153376354701 -1.003687338653481 0
1644 -0.2700049744262839 -1.052644777345948 0
1645 -0.8826362625224261 0.5587896234891331 0
1646 -0.9345079649496988 0.4725312654892105 0
1647 1.08328700007049 0.2025405947325541 0
1648 0.1831137340884172 1.027710932276376 0
1649 0.07952308850330514 1.03868482035784 0
1650 1.02607622699132 -0.1792673260036765 0
1651 -0.1785038364890525 -1.029297506112776 0
1652 -0.4213152692762101 0.9505686286615075 0
1653 -0.5171273589023531 0.9109377765690293 0
1654 -0.3216034424608157 0.9991870998671741 0
1655 -0.9890045716029399 -0.326792096449133 0
1656 0.3269208276525178 -0.9896034667775397 0
1657 1.019284636787353 0.2289522274558458 0
1658 1.063735057719444 0.2710556502839488 0
1659 -1.017489083289042 -0.2284034956330122 0
1660 0.2284692996804671 -1.017247247723406 0
1661 0.2658096164117311 -1.053126956791148 0
1662 -0.128484477206665 1.035483371804621 0
1663 -0.1632334988174576 1.079365963319811 0
1664 1.032222333081687 0.1258576440481421 0
1665 0.1273089035994893 -1.033018786552263 0
1666 0.1089415158960726 -1.088596956555663 0
1667 -1.039444220932654 -0.1286315232267128 0
1668 0.9544503582661067 0.4239279080446808 0
1669 -0.9567504235239523 -0.4244816149477615 0
1670 0.4226483153483137 -0.9520865756590299 0
1671 0.9062133253903345 0.5134700160643051 0
1672 0.9366009041360904 0.5628468270948261 0
1673 -0.9097564854064693 -0.5141648253580173 0
1674 -0.9409863491673374 -0.5666983014486916 0
1675 0.5098818883965518 -0.9009032588486733 0
1676 4.602944615538414 3.774237193738299 0
1677 -3.494934318651693 -4.192767881269472 0
1678 -1.628867331872702 0.996989612898836 0
1679 -1.460355230680513 0.9478742102307951 0
1680 -1.552845165822434 0.8289204953664464 0
1681 -0.3349355046706408 2.135573487896055 0
1682 3.734081314001942 -4.583785343754473 0
1683 -1.084021615091334 -0.1067668103820297 0
1684 3.507885415960102 2.426057453800663 0
1685 -4.550039719197629 1.170384351765394 0
1686 0.9311350747637058 -1.481913545381437 0
1687 0.9198165710917806 -0.7844624562226719 0
1688 -0.4931314292317209 -1.602672313959264 0
1689 -1.035588913118437 0.1746802034328335 0
1690 -1.04830816759832 0.07937672579806454 0
1691 -1.005715448017875 0.2789838255460736 0
1692 -1.058059070276416 0.2650299993929743 0
1693 3.476188187019513 -2.809843664938634 0
1694 2.921473207026692 0.8294723395496384 0
1695 2.76014491025293 1.12343972707491 0
1696 2.710132893078772 4.561972565716781 0
1697 1.122298909415017 0.2576295531960165 0
1698 -1.08794220050433 -2.279583876592286 0
1699 2.071051160840518 2.81520090283456 0
1700 0.3795619702646412 -4.207070435955508 0
1701 -0.1623285735744029 -1.085849820170227 0
1702 4.235547001705307 1.450787101432474 0
1703 -1.110922426307608 0.3038860002030677 0
1704 0.4739161814374292 -1.326394073588645 0
1705 -0.4967361560183518 -2.542521597942043 0
1706 -0.6958611595330531 -2.410945563715737 0
1707 -1.067402235325821 -4.178473629154846 0
1708 -1.590576211265458 0.3170521667256148 0
1709 2.604082934363549 -0.2697797870861615 0
1710 1.737261877046967 -4.116454969651134 0
1711 -1.521749578704533 -2.966601732569068 0
1712 0.586667742271086 2.716066452601652 0
1713 4.064588856346502 3.252290036537002 0
1714 3.749999999999012 4.584591957810706 0
1715 0.5251450303015412 -1.250464024788047 0
1716 -1.59721486838756 -0.2562886362827021 0
1717 1.555302927700009 -0.5160512512261493 0
1718 2.873121757904931 -2.160045499919065 0
1719 -2.856387678684497 -2.985093453478672 0
1720 1.701745928110585 -2.426134949039085 0
1721 -1.672303657922036 0.1763120829915325 0
1722 -0.9369758692177916 0.7369147776144377 0
1723 -3.601627914996777 2.505697662854961 0
1724 -1.715328633760457 0.8027076408067787 0
1725 -0.6480677755396577 -1.181557535990999 0
1726 2.526150098809698 1.936449775718937 0
1727 -0.880270667686445 -1.583123611973932 0
1728 4.222898154392632 0.4249128015122615 0
1729 3.850713110850837 0.2057729496353903 0
1730 -1.56426126130792 -2.391091132379944 0
1731 -1.352666157626759 -2.181041589845399 0
1732 -1.856253091932788 -2.319658640843685 0
1733 -1.471182815565086 -1.985062973055086 0
1734 -1.838421139262906 2.53534344622506 0
1735 1.31620752510988 0.1765071580046118 0
1736 4.603508882256184 2.737523171418438 0
1737 2.293038810741353 1.739017768428189 0
1738 -4.322372249380029 -2.855852593716379 0
1739 -1.910007857093738 -4.16680632875705 0
1740 1.045056651181643 1.482162446769867 0
1741 1.058002428154348 1.310888839494973 0
1742 0.5938572351864806 -3.102566673938967 0
1743 2.418657406333783 3.414185593935803 0
1744 -0.4729780667024902 1.246923919729361 0
1745 3.281639177663946 4.110711082213957 0
1746 -2.859199357357489 -1.194127948156684 0
1747 4.059618500359152 -1.754903194644151 0
1748 0.3145076629050254 1.043314601797032 0
1749 0.2201672210816063 -1.2644655620741 0
1750 0.6281315323214083 1.65820241312339 0
1751 3.264302446935645 -0.005522931243504077 0
1752 4.228804231845197 -4.522380211866825 0
1753 1.316424004251433 3.153861973801511 0
1754 1.550472537742606 1.208929422014551 0
1755 -2.613630308461873 -0.1945261214506914 0
1756 -2.345718639047636 -0.1757654603315911 0
1757 -3.9344830949491 -2.970032385703304 0
1758 2.688341439643397 0.133794729282224 0
1759 2.049857017681107 3.40578300478723 0
1760 -0.3673969597477698 1.265230559710125 0
1761 -0.7053958651463086 1.188753762623113 0
1762 0.9896167062960468 0.3339440896624453 0
1763 -0.0665699016044296 -1.137722535945978 0
1764 -2.058818816461691 -0.6367956975575729 0
1765 -1.892351908328797 -2.81538213241408 0
1766 -4.200770950736304 -1.002137517238932 0
1767 -3.882583076031971 1.904388748852833 0
1768 -1.252278298260866 -1.060674378302936 0
1769 -1.349134798667654 2.941529135268683 0
1770 -1.223855861735117 -0.09336632874884271 0
1771 -1.363182548890841 0.02623742554154157 0
1772 1.03984950338425 -0.08186892382854682 0
1773 3.362827531403633 3.024014315041171 0
1774 0.1795528145200412 -3.87112520371859 0
1775 -2.987197735898866 -0.5723905456368609 0
1776 -0.6063225211107591 0.9027895456214952 0
1777 1.215120322496407 1.558534875576496 0
1778 0.311676272160235 -1.61716193719856 0
1779 -1.467124905527376 0.7170034778199793 0
1780 -2.352409469192653 3.753313535988138 0
1781 1.526190719968824 0.6308106387447389 0
1782 1.466466113214536 0.7588098866147874 0
1783 -0.0464539272916074 1.090635819081168 0
1784 0.7168401912138009 2.275671660400449 0
1785 0.8485406639753075 2.461972846470887 0
1786 0.5875392538546826 -2.52469511853292 0
1787 -2.043078104461787 1.986324011341692 0
1788 -4.615427921308307 -4.256116095519312 0
1789 2.86220643257733 2.426495201634645 0
1790 -3.698582040473928 3.306173763667517 0
1791 -3.720564919220182 -1.931896689858031 0
1792 -4.10859095317754 0.9165967748187289 0
1793 -4.216012914783279 0.5484086780568119 0
1794 1.325443132577689 -3.627689744605773 0
1795 -2.966625051833635 -2.572402577205364 0
1796 1.735485468218863 -1.970610954343367 0
1797 0.8406484511521735 -0.6935125515920644 0
1798 -0.9723184771599074 0.3802982644750177 0
1799 1.231430363977788 0.1948005529513187 0
1800 -0.1079125875614681 1.086515031237763 0
1801 -0.8467329146310212 1.975681275264682 0
1802 -0.6341049826020815 1.334978721376163 0
1803 -2.319690334832954 1.312214096045841 0
1804 -3.831740867472573 -1.198852629879758 0
1805 -0.5052426905931606 0.9669933956819878 0
1806 -0.8540140110163272 -0.5998038416485512 0
1807 0.601330065097302 -0.9122111243672317 0
1808 -0.7183832411326843 -0.7578873849067508 0
1809 -0.1914485613980148 -2.392668903304988 0
1810 0.9976380951756152 -0.2765915415298649 0
1811 2.275763348832156 -3.582737903301261 0
1812 -4.583212013446778 1.844647502508532 0
1813 -0.2312908229710953 1.015743559307127 0
1814 2.122639146672007 -1.691179654264766 0
1815 2.367014335161044 -1.770571532973165 0
1816 4.6115698762898 4.249999999999083 0
1817 -0.9108786935980205 2.778349275943935 0
1818 -1.62333279970505 2.758175342665251 0
1819 0.05498007839569534 1.355687736446008 0
1820 -3.916583595972432 -0.1543742153315088 0
1821 -0.364549908275177 -1.032435116486815 0
1822 2.426550178138002 -1.086315529656938 0
1823 1.887753480268433 -0.2243922077242139 0
1824 2.378471182450112 1.490858348709077 0
1825 -0.7732195796765293 -3.507113460440126 0
1826 -1.087055022847764 -0.04789128599850438 0
1827 -1.002303682271448 1.298360040671054 0
1828 0.6821683107269719 -1.610066537737231 0
1829 -1.675522106754394 4.140109907346106 0
1830 0.2231966105144246 3.472619291152095 0
1831 2.652353099771938 0.8056260554040007 0
1832 -1.304539707560745 -0.8484936195946143 0
1833 -0.3057368826022106 1.677600164240918 0
1834 -4.207247051074121 -4.051655413356997 0
1835 -2.055473970699242 -1.244156874924512 0
1836 1.801708760882943 2.23253402336913 0
1837 2.916586597130887 2.040357487663439 0
1838 3.686363365563305 -1.761061668820408 0
1839 0.5971277249149027 0.9098459225858769 0
1840 -1.455098709937412 -4.213444707693909 0
1841 -0.04648664658006302 2.966037323105543 0
1842 1.070780080018471 -0.2132434863232025 0
1843 2.165875221914678 -1.988165756278507 0
1844 0.1016441552161713 -1.499009290288166 0
1845 1.310936897765387 1.001226886374272 0
1846 0.1200212785382689 2.2982033103537 0
1847 -0.9171429597485378 1.54274750034171 0
1848 0.7337195617145974 -0.8061517989380013 0
1849 3.057000719219857 -0.2357664790321982 0
1850 1.335486532239748 2.216959445383762 0
1851 -0.6236736619007189 -1.54489077025378 0
1852 -2.448935096568466 1.110444672493919 0
1853 -2.145135195195003 -0.2668620993615016 0
1854 0.985228511773296 0.8875516954154377 0
1855 1.261618547001766 -2.494745786023977 0
1856 -0.3757850683246537 -1.517274607322938 0
1857 -1.067187067755246 -0.2120261229129135 0
1858 1.349032655942258 0.7537467178615898 0
1859 -1.21830120145424 1.051968141012222 0
1860 1.585150490395766 -2.152539420008979 0
1861 -1.047178257511769 0.3216841029854972 0
1862 2.640948587099256 1.467595773070362 0
1863 0.2013402764753258 1.313069402117975 0
1864 2.760679090694303 -0.091109140938469 0
1865 2.691907309095902 -0.4874048273327885 0
1866 -1.354212389787786 1.400234495728804 0
1867 -0.6718325752272493 1.961087898386278 0
1868 0.8307581121894247 -1.390263732860661 0
1869 0.2644995730571463 1.055941489640401 0
1870 0.9963281734596064 -1.223506897037624 0
1871 -1.294784216131391 0.8316147730167549 0
1872 1.337028773268258 -0.3925206184012832 0
1873 -0.4675104374907828 1.812490973459352 0
1874 -2.99830063962899 3.73841719020919 0
1875 -0.932534996415316 -2.115784666843795 0
1876 -1.143757918817675 -0.3774936829924537 0
1877 -0.2755849402492826 -1.449342688286786 0
1878 -0.2764339157015959 -1.551208389782638 0
1879 1.638604534097703 0.1579684856353353 0
1880 1.088203532943911 0.005550407517621947 0
1881 1.759914252882165 -0.04788324413598533 0
1882 1.562301860311259 0.3950751037175396 0
1883 -0.729115572174755 -0.8151000864246511 0
1884 -0.8071695886314771 -0.8124853602848162 0
1885 1.150199452869877 -1.059341583622233 0
1886 3.633269992763211 0.4770003116448066 0
1887 0.4184653632405694 -1.005823638539147 0
1888 0.7881773755570843 0.6798864827249529 0
1889 -0.9577136937054448 -1.266645834959357 0
1890 -0.5527278068857642 1.68055993723152 0
1891 0.6976025841479052 1.419432465207706 0
1892 -4.266274249964701 -1.219237129863882e-05 0
1893 0.3811996503766855 1.216204801475764 0
1894 -0.4215228341524273 1.116293093820116 0
1895 -2.290464172612213 -2.737020338590668 0
1896 1.309508693326703 -0.8982071224671025 0
1897 -1.415368850557468 0.8260577982400834 0
1898 -0.5790472403620417 -2.213932229666082 0
1899 0.9303896821465005 -0.4664927708971143 0
1900 -4.232262031007343 2.080858751970074 0
1901 1.545882300327678 -0.98601216261826 0
1902 3.551525832167559 -0.09021470198486087 0
1903 1.02733754434426 0.6675890010301664 0
1904 -1.135859935204696 -1.016162421987864 0
1905 0.6591434394862324 -0.9366330637809264 0
1906 0.595408998410335 -1.209012011061465 0
1907 0.7269361860428598 0.8077535254764213 0
1908 -1.478538373315387 0.2745513580699027 0
1909 -1.644142468831241 -0.660261629688162 0
1910 -0.6474699194705171 0.8730121216889212 0
1911 1.47916509879625 -0.728742319758157 0
1912 0.1764002486523581 -1.875023460404577 0
1913 1.780777624005926 0.08595121189082995 0
1914 1.579110357888175 -0.659882347781186 0
1915 -2.077726360894905 2.465104967001515 0
1916 -1.551089240594939 0.4708010415201944 0
1917 0.7563181763807982 1.619686573364585 0
1918 -0.4461889023709947 -1.352231458474108 0
1919 -2.729679498333055 -3.858361740329006 0
1920 4.610663268757467 -3.790649179376295 0
1921 -2.125581971912069 1.742666937268111 0
1922 0.564679237291248 1.093615425698304 0
1923 -3.689147873895708 4.611769245119044 0
1924 4.275697569595096 -2.093834690068671 0
1925 -2.824474045956786 -3.411984212404997 0
1926 3.057030049662444 -3.75691275030551 0
1927 -1.809189749358642 -1.389591285884398 0
1928 2.093976343503024 -4.219901319804999 0
1929 -0.1444414074527456 1.13136658948663 0
1930 -3.721451365974332 3.730246439873359 0
1931 1.352866143102276 -4.626377093520502 0
1932 -1.547751473711314 -0.04938206442829681 0
1933 -2.67916213974716 -0.9010587072386895 0
1934 -0.2228949451958961 2.310788705264535 0
1935 2.467508754886862 4.127387122382647 0
1936 -0.07390123379084038 -1.032629432983051 0
1937 -2.577985021192005 0.2457120547040832 0
1938 0.1109307562550205 1.082114907986857 0
1939 0.008013071040195548 1.43587828674255 0
1940 0.6911704209758441 -0.8421767982951166 0
1941 -3.901661981390077 2.297351926369975 0
1942 1.606565041232024 3.081199041822968 0
1943 1.691790777254228 -0.5749819649278458 0
1944 2.522103569377465 1.010931501979473 0
1945 0.3104740585465537 -1.142718913467021 0
1946 -0.9574519407116124 2.134054018417221 0
1947 2.677821665741664 -1.168415855003739 0
1948 0.02082795588163932 1.092673512262863 0
1949 0.1296288356222896 4.234964440486611 0
1950 -1.177003964372416 0.2849778945432269 0
1951 0.3563149070187304 -2.673295585100929 0
1952 1.353282047775554 1.705488938084846 0
1953 -3.329327101690098 3.968016207346407 0
1954 0.6370896187413227 1.080109433771662 0
1955 1.917250597713301 3.084304005803769 0
1956 3.230693324958012 -0.5325505291042758 0
1957 1.221047404026867 0.4314453001447322 0
1958 0.2098572315857475 -1.065239098463484 0
1959 -0.6326930061253818 2.738627875171469 0
1960 1.412283618997012 -3.99441706145473 0
1961 0.9340779616836813 -0.5530945032292125 0
1962 -1.388853065993553 2.691423331845663 0
1963 0.2517689390780495 1.394119967011216 0
1964 -3.818773136246282 -0.4701337259237563 0
1965 1.202503086889833 -0.3223558795492274 0
1966 -1.592388650606456 0.6968059547660389 0
1967 -1.193336675884101 0.4877082237109879 0
1968 -0.2195882474493438 -1.070153035593548 0
1969 -1.165896928371869 -1.119615528085251 0
1970 -4.006630784211187 -1.818640343796401 0
1971 0.1688677953683307 1.074139042415178 0
1972 -1.020918322398762 -0.364652079315934 0
1973 0.9799173993662333 -0.7375106807071344 0
1974 -2.231911856256071 -1.664593932367758 0
1975 1.026105558520489 -0.3587678969740712 0
1976 2.259147954866537 3.746454913572939 0
1977 0.324309253019219 1.474317802679779 0
1978 -2.456830124496174 -1.855269129776683 0
1979 -4.646744067416 -3.758777215113088 0
1980 -0.9054749611172979 -0.6013991844546613 0
1981 0.3173844411589836 -1.081720715428812 0
1982 -0.9905134381199394 -0.4687938684963626 0
1983 0.9074064184599406 2.255109718379592 0
1984 3.822243828874612 -2.806439975720876 0
1985 0.9024795324594687 -0.7168321581044076 0
1986 1.076618959498218 2.476217585836497 0
1987 -2.260458482538098 -0.4303166037804943 0
1988 1.294728280669079 -0.04338101468560688 0
1989 -2.49609674008495 -2.935874860034562 0
1990 -0.7615766950940551 0.7625679179716753 0
1991 4.063449622662103 -3.354039793404472 0
1992 0.774055873726896 -0.7639791469480568 0
1993 -1.038237415870934 -0.319281197065112 0
1994 3.187409427548189 2.378779058757884 0
1995 2.066077964646669 0.2719907744622631 0
1996 -0.4153770337362797 1.004692090696908 0
1997 1.271836773666692 0.03807290737379743 0
1998 -1.620069830878565 0.5658246194634104 0
1999 -2.76051447394052 0.8547641532839798 0
2000 -0.007697733161662362 -2.428785352753305 0
2001 -0.4550633777037539 3.12042849247836 0
2002 -0.1980103863265119 3.211997068288835 0
2003 -0.3648188942654661 1.01960050224744 0
2004 4.552445358911367 2.164718074759838 0
2005 2.017384626496014 -0.1378347657988291 0
2006 -0.8321613941538942 -0.8863032623206527 0
2007 -1.073220805414081 1.519910569089332 0
2008 0.05311876048561482 -1.081257208395401 0
2009 2.814476404997001 -0.316953216385632 0
2010 -1.623846311506878 -0.1426855164880179 0
2011 -0.8841895585763071 -2.309546804942042 0
2012 0.2078911548655071 -1.666861286153194 0
2013 1.427644944493716 0.9646451295741169 0
2014 0.8045439323431565 -0.7265096705703465 0
2015 -0.696553871971833 3.904544661950895 0
2016 2.938690444914827 -2.464986825850932 0
2017 0.4332014407248725 1.356197732014915 0
2018 -0.6517829320049613 1.24966644869099 0
2019 -0.2666024704845651 -1.108418226601565 0
2020 2.698610092107349 -1.398805517619537 0
2021 0.7976639410816957 -1.965467414655988 0
2022 0.9572918562823478 0.5092645623201255 0
2023 0.9958558355179382 0.5576262968264267 0
2024 -0.2191965710468284 4.179142421528287 0
2025 3.424569043531438 -1.160316707666733 0
2026 -0.9344705840772296 0.5601311871645788 0
2027 -0.4572896982158884 -0.9868258481379084 0
2028 2.519140874752746 1.674842079674908 0
2029 -1.075975204165007 0.002005077847757696 0
2030 0.8638544464786525 0.64713073915574 0
2031 0.9482029703649906 1.274885582117913 0
2032 0.8194610607348715 -1.604958530087353 0
2033 -1.996612588040433 4.315327598073295 0
2034 -1.90911673965816 -0.530529499494499 0
2035 0.5013756191895951 1.069072741012906 0
2036 1.370753072379117 2.415230755300749 0
2037 4.32358323884522 -2.518791862482149 0
2038 0.2955100080435376 -1.261218017189085 0
2039 -1.142781204995771 2.124922078088098 0
2040 1.680392698928509 2.424599106110938 0
2041 -4.429316148644947 4.615695240964812 0
2042 -1.34438418875842 1.016726239212935 0
2043 1.067689289273524 -0.6494220339383748 0
2044 -2.602874752405557 0.7038075412245409 0
2045 -1.782922416804691 -2.542705585954016 0
2046 -1.601463559639477 -1.077419718578615 0
2047 0.6733942035011493 -1.000051429033531 0
2048 1.817690567334122 -0.6261569672193925 0
2049 1.074129448494302 0.05427997736714122 0
2050 3.327327367635946 -0.2615080565128027 0
2051 -4.667575521772299 -2.109866109941836 0
2052 4.63397459621516 -4.633974596215157 0
2053 0.1504503398503232 1.390831758803024 0
2054 -0.8428633369621842 0.6923697848603994 0
2055 4.637095788719074 4.637095788719078 0
2056 -1.05759530915597 -0.2642365658035434 0
2057 0.2714600960527496 1.786136396737708 0
2058 -1.290134594582473 -1.960461394547997 0
2059 -0.922535398932662 0.8246449361214762 0
2060 -4.636520367722014 -4.636520367722016 0
2061 1.528743524989294 1.683826698813114 0
2062 -0.894813645779782 0.9034552420109454 0
2063 -1.834462817644284 -0.6761663147623609 0
2064 1.859908645536507 -1.109738427036046 0
2065 1.192495147941938 0.2425684635632257 0
2066 -2.650948281468216 -4.236862721506519 0
2067 0.2136204063524485 1.057004396018419 0
2068 -1.097465593748713 -1.206383370965841 0
2069 1.091928865233064 -0.2600269479470423 0
2070 0.9362966125618097 -0.8505367079113424 0
2071 -0.8670266741996413 0.6434316980050662 0
2072 -1.0812592266518 0.1298962899419441 0
2073 -1.037950889944228 -0.6425022095258621 0
2074 0.7739487604263019 2.642494311885343 0
2075 0.704584807388947 -0.9006106533217282 0
2076 -1.077323000404395 1.403237342956942 0
2077 0.7631598934077329 1.50397033973175 0
2078 -4.686471237938711 -2.78703515708684 0
2079 -0.9998558590493896 0.4243623103181989 0
2080 -1.06428508874274 0.2165188760750063 0
2081 -0.3135200021668986 -1.03175964478522 0
2082 -0.984181318838275 -1.16104320593242 0
2083 0.6910519167268006 0.8323048653733833 0
2084 2.072377018389338 -0.3214832845997226 0
2085 0.7902778208950196 0.7479248503992642 0
2086 -4.210314158610246 -3.207221644003316 0
2087 -0.6022221055562311 -0.8957113767046632 0
2088 2.195919894812659 0.3861443756799701 0
2089 -0.7461441798588826 -1.612266971062302 0
2090 -1.081266417134898 0.042068025924144 0
2091 -1.88873389983523 0.5850958235580082 0
2092 1.07819731306682 0.1001302393758426 0
2093 0.4630737131468736 0.9217281647475837 0
2094 0.9842502159543305 -0.4471939619121994 0
2095 0.7659842170418486 -0.9337283809051035 0
2096 -1.145542305796905 -0.1185105872702165 0
2097 4.224327451400644 0.7164736685591473 0
2098 1.058211950001366 0.8537813460816055 0
2099 0.3094776106806387 -1.033548376210567 0
2100 0.1335965179911935 -2.749999266322461 0
2101 -0.06783398830050366 -1.199679452579938 0
2102 -1.500625425119633 1.451517045632702 0
2103 -1.355974523200922 1.553156989971954 0
2104 0.9943911211317211 0.7293924255258277 0
2105 4.67368774130837 -1.901764089742307 0
2106 3.837549110724253 -1.481248406778171 0
2107 -0.5102714279410372 -0.9526710988397661 0
2108 -0.4806002070161064 -3.553028588963481 0
2109 3.934892563247708 1.317040497015612 0
2110 3.47303609139658 -4.286634312330078 0
2111 1.117904169356099 -0.5979764467695121 0
2112 -1.015205750360568 0.722555571488868 0
2113 1.539850352192774 4.349940021526384 0
2114 -3.898192973633511 2.65137881323912 0
2115 -3.840795720565506 -4.202479509950876 0
2116 1.312280896142942 -0.1199050891398552 0
2117 0.5489440883287817 1.167281619314689 0
2118 1.063118525582398 -0.1566442217705069 0
2119 -0.1859479898815671 -1.587897980910319 0
2120 -0.1134306401078556 -1.100917274770146 0
2121 3.303562415998842 -2.553106257048011 0
2122 1.018463349659427 0.379249584945682 0
2123 1.643623118802263 0.4692316990114345 0
2124 4.254265715755072 3.593845727965043 0
2125 1.31974891773523 0.09995996707554908 0
2126 -2.829627301207267 -1.423689529529268 0
2127 1.49786260416811 -2.544237945494615 0
2128 1.901430727830019 4.31492590479568 0
2129 4.289857245281134 -4.07714203840799 0
2130 0.1579587396411077 -1.064871322721405 0
2131 -1.321642272303777 -0.105584750025982 0
2132 -2.442897925686775 1.526021830313955 0
2133 -1.733192917375252 0.06039230167237386 0
2134 1.099989817754492 -1.242375553641676 0
2135 1.684963466762123 1.175040113387493 0
2136 -2.77635900894836 -0.6984288487393281 0
2137 -4.486212639593101 1.514907375424716 0
2138 -0.3560299353791871 -1.133031685530899 0
2139 -0.8432092597205291 -1.288820720703289 0
2140 1.014547601627165 -0.6861924480275698 0
2141 0.8830295290129186 1.661533105716946 0
2142 0.4653323435174028 -0.9722231710123556 0
2143 0.1016629313098499 -1.98221316045664 0
2144 -2.104622875254265 2.691994710185265 0
2145 1.065292409573212 0.1548045722486879 0
2146 -1.38331733491901 4.286293078795946 0
2147 -1.328932728248223 -0.9789546783407712 0
2148 -0.4090435287088656 1.326879539405099 0
2149 -0.5585142027065135 -0.9253980599793038 0
2150 0.7758379563119564 -1.009657865482317 0
2151 -2.680679926567759 3.866397091169792 0
2152 -0.6072566652729717 -0.9401859180865328 0
2153 -3.933527335010104 0.5877452339700984 0
2154 -0.4379049461056972 1.058957015626972 0
2155 0.9728534605315429 0.4648712768844961 0
2156 -2.660682383028552 1.549203528466774 0
2157 -0.06604294976904747 -1.511440692768509 0
2158 -0.7626803364681591 -4.068253089710193 0
2159 2.316292634059901 -3.896460431607292 0
2160 -0.4603455987829724 1.163873531198708 0
2161 -0.6819762198351186 0.8327598104640661 0
2162 2.800919267645243 -1.570373591892078 0
2163 0.503119670779888 -3.917816055029165 0
2164 -0.6384325519811367 -0.865827751591955 0
2165 1.0197508952573 -4.532965438952003 0
2166 1.658093310014123 -0.07961550175129095 0
2167 -3.371066259368468 -3.864733125003476 0
2168 4.25041664441191 1.752124525041759 0
2169 -1.584699636745997 1.184142261811793 0
2170 -2.021213170002492 0.4003136371917516 0
2171 -1.133976152562252 2.943267891576524 0
2172 1.035435756094552 0.6093759684694686 0
2173 -0.5359312911048825 1.929878740722517 0
2174 -0.3115062532343342 -2.528722788948628 0
2175 1.492399671782868 -4.334201542562198 0
2176 0.5202546793692416 0.9713185104806896 0
2177 -0.4875753245116211 2.916840755292944 0
2178 -0.8652069773233764 1.019146728678028 0
2179 0.01942060037457554 -1.255896730673274 0
2180 1.165556513327399 -1.167363481486292 0
2181 0.3552475880253434 1.02252617596749 0
2182 0.06316305410955747 1.078708868738657 0
2183 -4.326868792544443 -1.949748105889575 0
2184 0.842870250569707 0.6777315866755546 0
2185 1.035895057248995 1.628245174316671 0
2186 1.068231324086665 -0.1171200263427005 0
2187 -1.30998650421638 -3.943750663611363 0
2188 -0.245368203854675 1.761285324434281 0
2189 0.1506854605570617 1.754050322907558 0
2190 -2.327846948313695 1.689552500443733 0
2191 -0.8837836255388648 0.7245030661465349 0
2192 -0.7968178835159747 0.7355132341015349 0
2193 2.665193222295113 -2.096096219587775 0
2194 -1.355368491865276 0.9108708437114068 0
2195 -1.226600433974456 -0.5369336391889444 0
2196 -0.2766509234730747 1.04325828043447 0
2197 -0.5536735415164897 1.324819546453122 0
2198 0.5510529725605459 0.9270966830192628 0
2199 -1.301974286787531 -0.4150625282588715 0
2200 -0.4601193531476734 0.9721699798760575 0
2201 -0.2545461122283974 -1.164073059070666 0
2202 3.412848567690425 2.706547805158218 0
2203 3.977566196899946 4.329475567322494 0
2204 -1.161943474083954 -1.293473134416968 0
2205 0.0236669649497648 1.908252889854505 0
2206 1.974386377283299 0.7824813436039173 0
2207 1.869997656089125 0.8047641824881262 0
2208 1.913191379946312 0.6927107697223078 0
2209 -0.9983276209103504 -0.4005911968107855 0
2210 -0.9905177320236008 -0.4252897152939709 0
2211 -0.9645603124107019 -0.399783096464576 0
2212 0.5040061451193751 -0.9405843097943043 0
2213 0.4694448342503682 -0.9509265685826556 0
2214 0.4998936543864097 -0.9618809122240042 0
2215 -0.7532839926861862 -1.422084716184919 0
2216 -0.8224287221811224 -1.383022398937068 0
2217 -0.8271633380157991 -1.445298167988791 0
2218 -2.842497406386086 -0.3333045220489764 0
2219 -2.669047602001295 -0.3227169154245684 0
2220 -2.787080112846664 -0.2051137280750994 0
2221 -2.973863826565161 -0.3940459401681841 0
2222 -2.855831315719791 -0.5116491275176531 0
2223 -0.8882893675985901 -1.494679731357436 0
2224 -0.819144638103654 -1.533742048605287 0
2225 0.5592899762125685 -1.290957170266825 0
2226 0.5944219602669654 -1.270231163403534 0
2227 0.5602770143559381 -1.229738017924756 0
2228 1.311310118602382 -0.5293615501073387 0
2229 1.376106489443291 -0.5231260282886692 0
2230 1.354915436342023 -0.47079503686966 0
2231 1.354324134800417 -1.543041691303085 0
2232 1.336233699951088 -1.446452896554527 0
2233 1.258446302177688 -1.517448020619338 0
2234 1.398745079845081 -0.9188002434062308 0
2235 1.463888877235941 -0.9910630059352676 0
2236 1.480738502936819 -0.9137494000892231 0
2237 3.668238129880133 3.055019941856841 0
2238 3.886459654850318 3.023370825743472 0
2239 3.846367331376316 3.283939152650372 0
2240 -4.714658074322474 4.557847620482098 0
2241 -4.714658074322474 4.807847620482406 0
2242 -0.2024076337896052 1.048668298820156 0
2243 -0.1730723521758147 1.053409364155663 0
2244 -0.1925687804312481 1.074624897984304 0
2245 0.5451763167148906 -0.917618227594981 0
2246 0.5678925151763593 -0.9318748889014423 0
2247 0.5786138666358334 -0.8979544630607705 0
2248 1.450899998677045 0.8758774432701739 0
2249 1.414811245389594 0.8142920619974194 0
2250 1.502554866501988 0.8203952678875419 0
2251 -4.464658074322168 4.807847620482406 0
2252 -4.012114918268744 -0.653214998337629 0
2253 -4.189253547929868 -0.7508207264154594 0
2254 -4.023632321075181 -0.9045317891611016 0
2255 3.743579787373783 4.339222227077807 0
2256 3.515819588831479 4.347651520012331 0
2257 3.50939937620625 4.102281789279433 0
2258 -4.382871231480598 -0.6285377083116583 0
2259 -4.394388634287036 -0.8798544991351309 0
2260 -0.5676712562854032 0.9176865250291584 0
2261 -0.5389551735606117 0.897675775078367 0
2262 -0.5458434416271444 0.9309485265198207 0
2263 -0.05649534064966513 2.378298911120362 0
2264 -0.1382002250381802 2.397984663354634 0
2265 -0.141190060807381 2.291102953030263 0
2266 1.661852136498574 0.6539126220531601 0
2267 1.576008761503954 0.687749838674685 0
2268 1.612034094963444 0.596973422123214 0
2269 -0.6970387264214893 0.9400158653384337 0
2270 -0.7227083534946884 0.9082424100457492 0
2271 -0.6801379802338376 0.9081860170372916 0
2272 -0.07105930870674318 1.170547420109274 0
2273 -0.102320432329699 1.198742865717522 0
2274 -0.1185782217422835 1.168620104238729 0
2275 3.466906631254815 4.577534368765123 0
2276 3.232726220087283 4.340593930966749 0
2277 -2.920365162702398 -1.561405226198581 0
2278 -2.792239164891272 -1.538192330049236 0
2279 -2.957753299018393 -1.446902425678613 0
2280 1.174520546648612 -0.6174258095036749 0
2281 1.161074437742718 -0.5837148656522593 0
2282 1.131350278261992 -0.6316873906209277 0
2283 1.621294862219897 0.5363499868826646 0
2284 1.535451487225278 0.5701872035041894 0
2285 0.4374639915676383 -2.877714573076349 0
2286 0.4762502880581249 -2.733520257200728 0
2287 0.3175286105282438 -2.817489900976551 0
2288 0.6310092562146833 0.8668538861660955 0
2289 0.6206540883067588 0.8368551655043359 0
2290 0.651552897357027 0.8516176835245342 0
2291 -1.804161964532174 -1.068233934880623 0
2292 -1.709585967418942 -1.120318393092481 0
2293 -1.696039556752709 -1.025335260366756 0
2294 1.342088326837735 0.3994303816151931 0
2295 1.288300799601099 0.4095155262157282 0
2296 1.308531182807398 0.3528500455558897 0
2297 1.034364151953464 -0.2633009008679478 0
2298 1.06081169472068 -0.253008019528117 0
2299 1.044332537251255 -0.2235363676630334 0
2300 4.141169801444881 -1.129288286996406 0
2301 3.954542143981061 -1.017498320304315 0
2302 3.947992549688733 -1.232940980317002 0
2303 2.602456224633165 -1.946504184755329 0
2304 2.559137033075051 -1.809126957182876 0
2305 2.410333526719158 -1.907948760545618 0
2306 0.6425646077901065 -1.290445478410146 0
2307 0.6435516459334762 -1.229226326068078 0
2308 1.024283387028941 0.3062567120371444 0
2309 1.034484384696007 0.2765263035796666 0
2310 1.053534060052379 0.3007860587414267 0
2311 1.271452673829151 0.4437705812098819 0
2312 1.237895529798815 0.3971902451505784 0
2313 -2.665958688850713 0.5414917031967951 0
2314 -2.56687797146427 0.5897820078759979 0
2315 -2.701955469792 0.6555172365453381 0
2316 -1.776563526496348 -4.024312565519542 0
2317 -1.682553283515575 -4.19012551822548 0
2318 -1.549108952918185 -4.047631754987972 0
2319 -1.434219526337109 0.004699994737108609 0
2320 -1.502692339016255 0.009255260672752091 0
2321 -1.479278661032168 -0.0539373303639403 0
2322 -0.4038097051367983 -0.9622783026358392 0
2323 -0.4392590937804678 -0.9660968600239648 0
2324 -0.4218403095722189 -0.9830072907497828 0
2325 0.4149578967742695 0.9895124313559026 0
2326 0.449081684375807 0.9859361404774556 0
2327 0.438267784334116 1.017926498711743 0
2328 -0.0336844117416431 1.067385039482357 0
2329 -4.347015501974041e-05 1.068403886073204 0
2330 -0.01281298570498404 1.091654665672015 0
2331 1.497593229340512 -0.8251495411054306 0
2332 1.562737026731372 -0.8974123036344674 0
2333 -0.2975062971688219 0.9976796234418261 0
2334 -0.2750300376749514 1.019715213725474 0
2335 -0.2991271829669452 1.021222690150822 0
2336 1.672337830473979 0.3412621846706421 0
2337 1.692968804627872 0.2617556482143557 0
2338 1.749329263472091 0.3202972225241528 0
2339 -0.5089665768439364 1.05504732348521 0
2340 -0.5050304132610908 1.019260632137203 0
2341 -0.4781172932447395 1.053127430291767 0
2342 -1.822239237192105 -4.371379760078353 0
2343 -1.594784663613942 -4.394698949546783 0
2344 1.681047332707942 1.655991304974119 0
2345 1.629781107085729 1.728837127400089 0
2346 1.580009750611508 1.610980876387144 0
2347 1.393552940252976 -0.5938196641473682 0
2348 1.437158257992616 -0.5352531509096895 0
2349 -1.4366762804252 -1.02659709352528 0
2350 -1.374826152181527 -1.051358800257287 0
2351 -1.390782856491896 -0.9541929716087638 0
2352 -2.661657964482807 0.4063510611518151 0
2353 -2.796735462810537 0.4720862898211552 0
2354 0.6295178950899272 0.8957311633860853 0
2355 0.5986190860396589 0.8809686453658871 0
2356 -1.320170675929369 0.4647866483425005 0
2357 -1.290643170943307 0.4142829607367755 0
2358 -1.264339105674419 0.4700010244949745 0
2359 -0.3958458086502057 -1.776491954113351 0
2360 -0.3343018089437647 -1.727918502061942 0
2361 -0.417833477008374 -1.699938373784425 0
2362 -0.9374454057811044 0.5184572929507461 0
2363 -0.9507176556803578 0.4969420312486216 0
2364 -0.9212357150504452 0.494046527191335 0
2365 -4.563921100019154 0.9532541216081925 0
2366 -4.343196717009111 0.8263603331348599 0
2367 -4.329315336187585 1.043490563292061 0
2368 -2.165110139822922 0.002578368746667836 0
2369 -2.288174916092935 -0.04639357947871105 0
2370 -2.222653862777624 -0.1267935121062122 0
2371 -1.529545690095027 -2.813776252715795 0
2372 -1.714846854907158 -2.738166452638301 0
2373 -1.707050743516665 -2.890991932491574 0
2374 0.8929177130159462 -0.6044026425126794 0
2375 0.9074160903038113 -0.5824421476366253 0
2376 0.8717429375220507 -0.5794686095583201 0
2377 3.929968840900231 2.781962533825233 0
2378 4.108098042396414 3.010881744618763 0
2379 1.710182562406974 -1.026112977715133 0
2380 1.646426755450688 -0.9533309555799525 0
2381 1.609638107283964 -1.05879418475344 0
2382 -0.4289311881038889 -1.429799772674093 0
2383 -0.4042469381398131 -1.378560550625696 0
2384 -0.4708731523350706 -1.403470680522505 0
2385 -0.6766387633887769 0.8747123417167642 0
2386 -0.6509691363155778 0.9064857970094486 0
2387 0.1845582233842142 1.118777983473651 0
2388 0.157355911943999 1.100673296965976 0
2389 0.1960701068085458 1.092243728922853 0
2390 0.4417574259617721 1.195211587040546 0
2391 0.4536164650591394 1.142676402651076 0
2392 0.4791966694902858 1.185502866965205 0
2393 -2.17293075903955 -1.429454353123044 0
2394 -2.270736646896411 -1.513154915722521 0
2395 -2.13410596839921 -1.580893369768281 0
2396 -2.852375768099631 -0.07857933005743652 0
2397 -2.67892596371484 -0.06799172343302851 0
2398 -0.01902534366382081 -1.073505164072247 0
2399 0.008396209968501527 -1.073467046543627 0
2400 -0.003951062948430492 -1.044423759013069 0
2401 1.483144282141578 0.9233128893672067 0
2402 1.395400661029184 0.9172096834770842 0
2403 -2.692692058528921 -1.155304201693887 0
2404 -2.602673449723757 -1.00876958123489 0
2405 -2.769180748552325 -1.047593327697687 0
2406 0.8599256169937461 -1.829176755414503 0
2407 0.9467270857657794 -1.783814340769765 0
2408 0.8568342521483974 -1.720585140488806 0
2409 2.664429379565302 -1.714547241901227 0
2410 2.472306681651296 -1.675991817691516 0
2411 -0.3400063766964183 -3.96535721914688 0
2412 -0.2407648514988882 -4.162725431169196 0
2413 -0.1391375689610166 -3.980782469539913 0
2414 1.797271950787775 1.656770022055072 0
2415 1.747500594313554 1.538913771042127 0
2416 -1.214074138286229 0.4536027803001187 0
2417 -1.243601643272291 0.5041064679058437 0
2418 -0.1166263798624001 1.677365820124502 0
2419 -0.1032961492278084 1.759489771523465 0
2420 -0.1680294025857787 1.760098539807595 0
2421 1.120881838242805 -0.04090068400568238 0
2422 1.117866966388677 -0.002496275459554866 0
2423 1.091218404798039 -0.03285400102850557 0
2424 -3.338081450276202 1.487448049456316 0
2425 -3.311868478094573 1.300092522173985 0
2426 -3.164767681691798 1.416705734460318 0
2427 -0.9606171275126318 -0.4923466176511604 0
2428 -0.9476845184100261 -0.5146655691448941 0
2429 -0.9226890945090751 -0.4918458738642836 0
2430 -1.561363231453335 0.2459727168354302 0
2431 -1.631439934593747 0.2466821248585737 0
2432 -1.602226954781625 0.175602674968389 0
2433 0.5221684268259842 -0.926220956142163 0
2434 0.4917196066899427 -0.9152666125008144 0
2435 -0.5588862571595724 -2.374186479833567 0
2436 -0.5004792975740667 -2.275679812808739 0
2437 -0.6374541999475474 -2.31243889669091 0
2438 -0.1792800318280714 2.499829237688176 0
2439 -0.2639747519857873 2.412633279598077 0
2440 -3.251652000959082 0.9270240803214161 0
2441 -3.097030137207618 1.036229624074419 0
2442 -3.293176573261634 1.120144663424985 0
2443 1.920576993028586 -0.5190618598935071 0
2444 1.975262141995699 -0.4642705143788065 0
2445 1.873618783205924 -0.4330996086707819 0
2446 1.92601116448226 -2.008061858815045 0
2447 1.839038905374422 -1.905022611425153 0
2448 1.822457727326702 -2.07365020173326 0
2449 -1.718269337085473 -1.216178810410108 0
2450 -1.610146929306007 -1.173280135896241 0
2451 2.889396514854108 2.233426344649041 0
2452 3.051998012339538 2.209568273210661 0
2453 3.024807930062759 2.402637130196264 0
2454 -0.0756465544918886 1.238601557301291 0
2455 -0.1231654675274289 1.236674241430745 0
2456 0.4641702327700504 -1.075745113937995 0
2457 0.4921291878382776 -1.052737448959552 0
2458 0.4555602617432638 -1.042272094295383 0
2459 1.221631539253838 -1.930649484315481 0
2460 1.211015441783423 -1.798870409989882 0
2461 1.121404312611842 -1.883578331872118 0
2462 -4.081100766931251 0.3996558847189395 0
2463 -4.24114358237399 0.2741982428427566 0
2464 -4.106231434521963 0.1254454495048842 0
2465 0.02650067890348806 -2.579561688626553 0
2466 0.0126099450965662 -2.680193450429529 0
2467 0.1474872517981154 -2.649367504519484 0
2468 2.04729868510385 -0.4358580251006272 0
2469 2.000340475281188 -0.349895773877902 0
2470 -1.628683601815146 3.23176801005659 0
2471 -1.445587071166632 3.140672865497448 0
2472 -1.444181225748904 3.310703793659706 0
2473 -3.005822162981064 1.330635316014486 0
2474 -3.032035135162691 1.517990843296817 0
2475 -0.4356712353119001 -1.48599225494692 0
2476 -0.3690450211166426 -1.461082125050111 0
2477 -0.1018264423987039 -1.143951207559144 0
2478 -0.1024584857467409 -1.174929665876124 0
2479 -0.06720194495246663 -1.168700994262958 0
2480 -1.499809432948734 -2.15732956301061 0
2481 -1.411924486595923 -2.083052281450243 0
2482 -1.559067761917898 -2.059340254615453 0
2483 -3.12028751497843 -0.3170990308006172 0
2484 -3.133621424312135 -0.495443636269294 0
2485 -2.102402945293349 2.235984316402172 0
2486 -2.156085205646367 2.108878375057496 0
2487 -1.989395844108769 2.113429952686368 0
2488 0.7233746867643638 1.019050659993523 0
2489 0.740037985429995 1.067016472410522 0
2490 0.6968316924633184 1.066742201374028 0
2491 -0.006630246550686357 1.729195751240587 0
2492 -0.05803326927406495 1.81192847092368 0
2493 -0.8855244876737696 0.60673702053449 0
2494 -0.8989090373440145 0.5858785821587769 0
2495 -0.8692517128521813 0.5796480618648462 0
2496 -3.42111150624753 0.8272173921603732 0
2497 -3.224965070193514 0.7433023528098073 0
2498 1.030303332876278 -1.82210260662099 0
2499 1.040919430346693 -1.953881680946589 0
2500 4.359297263276789 3.009736726349193 0
2501 4.315788077226877 3.251145018267431 0
2502 -0.4281813052308036 -3.789318968813504 0
2503 -0.5298085877686751 -3.971261930442787 0
2504 0.4509922900260302 -1.012544033928044 0
2505 0.4230333349578029 -1.035551698906487 0
2506 2.090856431457929 0.767030459039469 0
2507 2.047662707600742 0.8790838718052874 0
2508 -0.2136604225887198 -2.817171195164114 0
2509 -0.08023780511284068 -2.746374241796777 0
2510 -0.2417992452739403 -2.681184587903935 0
2511 1.225625770711893 -0.62327679663071 0
2512 1.195901611231167 -0.6712493215993784 0
2513 -3.07918384444583 -1.658738147314538 0
2514 -2.913669710318708 -1.750028051685161 0
2515 2.037652604174609 -2.08242760270083 0
2516 2.05423378222233 -1.913800012392723 0
2517 0.5199998984582175 1.150124650945212 0
2518 0.5081408593608502 1.202659835334681 0
2519 -2.6629481269072 0.9993875398341683 0
2520 -2.493426035629586 1.000026746113142 0
2521 -2.618457187846081 1.109805466214945 0
2522 -1.936591172948825 -1.20368697126543 0
2523 -1.932331860028942 -1.316874080404455 0
2524 -1.813449062278525 -1.276404176745373 0
2525 -1.660132109145105 -2.601828179408269 0
2526 -1.837637162566744 -2.679043859184048 0
2527 0.677984922738377 0.9488727508669126 0
2528 0.6513465943468226 0.9181752940269152 0
2529 0.6885463936565059 0.9123138610262911 0
2530 0.6189564241717982 0.9322900532267069 0
2531 1.380106315846556 -1.652763892017729 0
2532 1.457893713619956 -1.581768767952918 0
2533 1.356094516753454 0.8117604776208207 0
2534 1.407749384578397 0.7562783022381886 0
2535 3.884792938667921 0.4351650843547104 0
2536 3.776071379624108 0.5707787653594185 0
2537 3.741991551807024 0.3413866306400984 0
2538 0.4362997746121189 -3.03212544539557 0
2539 0.595021452142 -2.948155801619746 0
2540 -1.649668617622745 -1.784034575912133 0
2541 -1.60582848214106 -1.925284829555388 0
2542 -1.515022951046771 -1.843812719411831 0
2543 -4.356195686337859 1.254487673607338 0
2544 -4.135471303327815 1.127593885134005 0
2545 -1.336498937187848 -1.09221865023837 0
2546 -1.290605513254544 -1.019814528321854 0
2547 3.799457001474583 -1.301199710201541 0
2548 3.986084658938402 -1.412989676893632 0
2549 2.005665471164805 0.09255372658163893 0
2550 2.077615184347479 0.1504115447067698 0
2551 1.994128251463994 0.2141329563371322 0
2552 -1.286416607518737 0.26620356457878 0
2553 -1.262163879449544 0.2204894873200201 0
2554 -1.237630948241894 0.2697607520451502 0
2555 0.02322034486936302 -1.091902829999103 0
2556 0.03829462558475333 -1.062821424939925 0
2557 -1.195191092272559 0.2545122846648086 0
2558 -1.219443820341752 0.3002263619235684 0
2559 -0.4675030306913363 -1.833820337685133 0
2560 -0.3839713626267269 -1.86180046596265 0
2561 -1.129968840717478 -1.454371375380348 0
2562 -1.050561772964531 -1.421975320864059 0
2563 -1.144888728721894 -1.372982763322707 0
2564 1.478049158347425 -1.296028701662171 0
2565 1.531186338870212 -1.223112616090709 0
2566 1.429071556004396 -1.212363059019024 0
2567 0.895848362255105 0.5930354877387521 0
2568 0.8817942544053856 0.6154152548986191 0
2569 0.8664569012576564 0.5799572163325104 0
2570 -1.590856248847568 0.9129550541326412 0
2571 -1.67209798281658 0.8998486268528074 0
2572 -1.634086899791446 0.8158140680866126 0
2573 -1.083346612828193 -0.3407146445203727 0
2574 -1.120452915300316 -0.344098495036666 0
2575 -1.106651616345552 -0.3741098324761605 0
2576 2.752887453068252 2.322701013942719 0
2577 2.780077535345031 2.129632156957116 0
2578 1.156555492715895 -0.0479936759972752 0
2579 1.129906931125258 -0.0783514015662259 0
2580 1.076153044185619 0.3276072847219461 0
2581 1.086354041852685 0.2978768762644682 0
2582 0.4114480748318898 -1.263220897625942 0
2583 0.4232683322918749 -1.310827041829805 0
2584 0.4620959239774441 -1.278787929384783 0
2585 0.1667385555987776 1.153160088296931 0
2586 0.2054527504633245 1.144730520253809 0
2587 0.5328897782854582 -0.8923005303014913 0
2588 0.1001803404174488 3.700759373258268 0
2589 0.07444701876534976 3.52597313723999 0
2590 0.2489299321665237 3.647405527170373 0
2591 4.377558055351255 2.753498312059482 0
2592 4.585248090181718 2.993761585708149 0
2593 0.4536985312847483 1.884863899794003 0
2594 0.3987796558710601 1.95416888788387 0
2595 0.3585311032200906 1.879063604822668 0
2596 0.996819495609152 -1.339815047844698 0
2597 0.9272252778232066 -1.401791737764889 0
2598 1.000729292549651 -1.419936855461246 0
2599 0.7302118620012819 0.902375229464307 0
2600 0.7035735336097275 0.8716777726243097 0
2601 -0.3676983413928811 -1.092258762837354 0
2602 -0.3472845698416229 -1.054819980051627 0
2603 -0.3849636798264351 -1.069873899272542 0
2604 2.127053353637597 -0.4737319796936805 0
2605 2.152131686923085 -0.359357239192776 0
2606 -1.984707916641276 0.8281566708436003 0
2607 -1.878443001083218 0.8420581506075971 0
2608 -1.944420531693592 0.9407793057535877 0
2609 0.02729340626570086 1.134533062940409 0
2610 0.004337864130702073 1.116247030049792 0
2611 0.04378349801663811 1.110959545153479 0
2612 -2.921742422014381 0.9761376504534107 0
2613 -2.963266994316933 1.169258233556979 0
2614 -3.101203820714048 4.310191676480874 0
2615 -3.300227031738642 4.229964874309143 0
2616 -3.130303890665504 4.048243009518137 0
2617 0.3706605197760323 -1.815657300095998 0
2618 0.2826681665654471 -1.879091958348138 0
2619 0.3681626420584456 -1.919288784544788 0
2620 -0.9966442618481069 -0.3698683286486623 0
2621 -1.022601681461006 -0.3953749474780571 0
2622 -1.06399291999412 -0.1717680169792944 0
2623 -1.035663999796579 -0.1538431311713973 0
2624 -1.067773141130195 -0.1465564090346098 0
2625 1.627290952863732 0.2203445479980901 0
2626 1.704282385861843 0.1993795858516008 0
2627 -1.303624923331763 2.106300860888494 0
2628 -1.201516962677309 2.049380503728125 0
2629 -1.244889165650225 2.181842435248468 0
2630 0.008320401182895856 1.16700046414691 0
2631 0.0477660350688319 1.161712979250598 0
2632 -2.239208847547543 4.055839987624024 0
2633 -2.00502939969031 4.135464033937224 0
2634 -2.230792035897667 4.235703551760094 0
2635 -1.229452693835305 -0.2937143329205941 0
2636 -1.202645621562873 -0.3213729856911493 0
2637 -1.188290157197911 -0.2720659778396387 0
2638 0.06905803326172051 2.498228556167093 0
2639 0.03325788682890229 2.391691965899216 0
2640 0.1558214249710871 2.404739900621576 0
2641 -0.4593237554022218 -2.43997449694672 0
2642 -0.5962986577757025 -2.47673358082889 0
2643 -1.420545553512914 2.130668203554181 0
2644 -1.377173350539998 1.998206272033838 0
2645 -0.3412437061766786 -2.918998160405629 0
2646 -0.179682266015579 -2.984187814298471 0
2647 -3.487121751099639 4.339794159373326 0
2648 -3.516221821051094 4.07784549241059 0
2649 1.068912937404158 -0.05034284557944781 0
2650 1.065898065550031 -0.0119384370333203 0
2651 -0.5002782774230413 -2.864785485112523 0
2652 -0.5284736448030175 -2.717452528495677 0
2653 -0.6535300594762394 -2.830256472336928 0
2654 -2.045887025620795 -1.370674841046658 0
2655 -2.182517704117997 -1.302936387000898 0
2656 -2.6842755791345 1.21888829934058 0
2657 -2.514753487856884 1.219527505619554 0
2658 -2.305750336711673 2.768461892278304 0
2659 -2.461898991620864 2.857949695151116 0
2660 -2.492998095672443 2.674852368437218 0
2661 -0.2121471357973402 1.100973083238893 0
2662 -0.1828118541835497 1.1057141485744 0
2663 -0.4127098840654027 -1.069743326377548 0
2664 -0.3922961125141445 -1.032304543591821 0
2665 2.63936615249313 1.829583637837248 0
2666 2.834584401653724 1.881537493809499 0
2667 2.721368347970293 1.988403631691188 0
2668 4.352189158904418 0.8820386183656492 0
2669 4.557493870101212 0.9974597997257995 0
2670 4.373580823953073 1.142675100047622 0
2671 -1.282022338544423 -0.2991626469450894 0
2672 -1.267666874179461 -0.2498556390935788 0
2673 -0.7474806319583733 -0.7932660203585401 0
2674 -0.7865076401867344 -0.7919586572886226 0
2675 -0.7681425804031161 -0.8137927233547337 0
2676 3.653571740273126 -1.272773111708601 0
2677 3.691663849522795 -1.452821808285231 0
2678 1.802909196959984 -0.2060234126565407 0
2679 1.823833866575299 -0.1361377259300996 0
2680 1.73898958326685 -0.1177689308624264 0
2681 0.07684012622168744 -2.488760547734906 0
2682 -0.05803718047986176 -2.519586493644951 0
2683 0.3879138901842895 0.9987960390835755 0
2684 0.3987277902259805 0.9668056808492885 0
2685 0.9085559566217331 0.5602121381337347 0
2686 0.9238933097694624 0.5956701766998436 0
2687 -0.6986242151298492 -1.265200352024927 0
2688 -0.6485896252430507 -1.236123764679895 0
2689 -0.698102365426456 -1.210634123336031 0
2690 -0.3777472703622644 1.753202383647313 0
2691 -0.3702843920319379 1.674724697953867 0
2692 -0.3131997609325372 1.756077849934364 0
2693 2.559422970286192 -2.070711103852923 0
2694 2.708226476642085 -1.971889300490181 0
2695 1.104733520077365 1.447379957018387 0
2696 1.189765355734747 1.485566171421701 0
2697 1.130088486839025 1.520348661173181 0
2698 0.03026805105970146 2.284810255574846 0
2699 -0.06859143796680583 3.756556039088896 0
2700 0.1058914754343681 3.877988429019279 0
2701 1.818312100786466 -0.5570239607024374 0
2702 1.919955459576242 -0.5881948664104621 0
2703 -1.527048272187523 -1.003425491727685 0
2704 -1.511091567877154 -1.100591320376209 0
2705 0.00154268674242336 3.403498334653332 0
2706 -0.1361564796551185 3.395662025808361 0
2707 -0.06031121992897004 3.219833377133806 0
2708 0.9427850885626616 -2.018705664459841 0
2709 0.8737411958464119 -1.928936685175724 0
2710 0.8667078337979454 -2.055236393940104 0
2711 1.125507689872701 1.593390024946583 0
2712 1.040475854215319 1.555203810543269 0
2713 0.938622528008896 -0.5040867234729909 0
2714 0.921739360013109 -0.5314475651494253 0
2715 0.9509611296794684 -0.525733661552778 0
2716 -0.5263355700318171 1.091070386531901 0
2717 -0.5532486900481683 1.057203588377337 0
2718 -0.9798272689652274 0.49783410755797 0
2719 -0.9636175782345684 0.4734233417985589 0
2720 -1.669995414955194 0.3093141747881202 0
2721 -1.710859138283483 0.238944132921079 0
2722 3.602465301794139 -0.7458629960680958 0
2723 3.663519134973332 -0.5567806246855391 0
2724 3.472060681719463 -0.6325680125817315 0
2725 1.021666946009526 -0.3079318015453678 0
2726 1.009298070558326 -0.3409294736658878 0
2727 1.03847443397169 -0.3257702248535513 0
2728 0.5733469603560752 -0.9644963543827769 0
2729 0.606784510277018 -0.9448325898485663 0
2730 0.8701727034711637 -0.6279233111543956 0
2731 0.9058458562529244 -0.6308968492327007 0
2732 0.401273945279587 1.41010067914943 0
2733 0.3877655060141303 1.457625515931452 0
2734 0.3378176922846756 1.426792965897757 0
2735 -1.254003662132316 1.790693406629854 0
2736 -1.281146227834225 1.701072052838443 0
2737 -1.168282076334856 1.718324551427002 0
2738 -1.531114808864356 0.0629881776842208 0
2739 -1.576173943559414 0.004350852583171895 0
2740 -4.414179251107342 0.4007284184477592 0
2741 -4.439309918698052 0.1265179832337039 0
2742 0.9615669281892104 -0.402427407340509 0
2743 0.9643852183181467 -0.4338161491891293 0
2744 0.9814319258253943 -0.4158052200635791 0
2745 -0.7462285016758741 -1.180245604324063 0
2746 -0.6961939117890757 -1.151169016979031 0
2747 -1.45238931694374 -1.737570997954649 0
2748 -1.408549181462055 -1.878821251597905 0
2749 -3.890174139089129 2.934071886966245 0
2750 -3.684741441106909 3.102044391332039 0
2751 -3.904014738456149 3.138201259301723 0
2752 1.01647488434068 0.3322302784306749 0
2753 0.9974252089843079 0.3079705232689148 0
2754 1.116855789337739 0.7249924446640537 0
2755 1.081930463256987 0.6834831975091645 0
2756 1.134084324752192 0.6680576403447893 0
2757 -1.16825150934103 0.1129714557663164 0
2758 -1.148099385578676 0.07836173838767828 0
2759 -1.130153585939593 0.1177480434030646 0
2760 0.9861574776370894 1.435111773913198 0
2761 0.9926303661234417 1.349474970275751 0
2762 1.051529539667996 1.39652564313242 0
2763 1.164312032053415 -0.2356759178176326 0
2764 1.128823786719533 -0.2619255818585843 0
2765 1.163092430771772 -0.2746257745064524 0
2766 -1.922744914950496 -1.443392046526601 0
2767 1.427126766220035 -0.1557564393826285 0
2768 1.426708893597438 -0.09645348405400157 0
2769 1.377408248318284 -0.1335918751402397 0
2770 1.73197912548063 2.578337362127752 0
2771 1.822008793133535 2.683770950651387 0
2772 1.655694879753082 2.736102016137899 0
2773 -2.762632106861006 2.110548829736689 0
2774 -2.89299061639502 1.983917823751082 0
2775 -2.729811279962437 1.912481492956772 0
2776 -1.81702950989568 0.7660715782521943 0
2777 -1.776742124947996 0.8786942131621815 0
2778 -0.9574129231507569 0.6024758632161342 0
2779 -0.9670573091065702 0.5760576863842133 0
2780 -0.9248261981214163 0.5865493639964997 0
2781 -0.81137796122979 3.030224173285848 0
2782 -0.9248842699767592 2.930601058287378 0
2783 -0.7973723848510514 2.877972390942406 0
2784 2.257123921564709 -0.5113582836258685 0
2785 2.152290919745473 -0.5878590695337196 0
2786 -0.6932905167335863 -1.050015909137587 0
2787 -0.6462302314795441 -1.033171360308096 0
2788 -0.6897160489786216 -1.002228409809063 0
2789 4.027663598856887 -0.1314309545037393 0
2790 4.027407681223949 0.09607171783253872 0
2791 3.850969028483775 -0.02172972270088774 0
2792 -1.357294372938349 -0.04353053705293454 0
2793 -1.366224060328399 -0.0820386731627829 0
2794 -1.312712584913727 -0.06707661391613366 0
2795 1.772457289939224 1.012393246505111 0
2796 1.718229775712918 1.085946009606964 0
2797 1.667733882878214 0.9759962945624699 0
2798 1.877072918100021 1.008438858959671 0
2799 1.826577025265316 0.8984891439151761 0
2800 1.226855439479695 2.241527681171096 0
2801 1.353119802309432 2.316095100342255 0
2802 1.24448870954938 2.34066333612959 0
2803 -0.9612663509052563 -0.7082152134192914 0
2804 -0.9366265282475896 -0.6698935526006706 0
2805 -0.9805538062437188 -0.6731596407350009 0
2806 1.506137736893529 -1.389412412986065 0
2807 1.404022954027713 -1.37866285591438 0
2808 1.898807410117771 -0.1231826044361141 0
2809 1.834887796424638 -0.03492812264199983 0
2810 3.701119471509198 0.05777912382526471 0
2811 3.701375389142136 -0.1697235485110133 0
2812 1.067082208704904 -0.4688547711268475 0
2813 1.066453750561493 -0.4289970323658357 0
2814 1.034455844806555 -0.4554202718314366 0
2815 1.344635635919315 -0.09709700447573395 0
2816 1.345053508541912 -0.1563999598043609 0
2817 -1.037291256025241 -0.4673972461158653 0
2818 -1.020405454823586 -0.4887452725439564 0
2819 -1.007399239321594 -0.4474458420682714 0
2820 -0.8614469186907888 0.6219690991228127 0
2821 -0.8911042431826222 0.6281996194167434 0
2822 1.09742165310893 2.371156751397463 0
2823 1.223686015938667 2.445724170568623 0
2824 -0.4359790093840856 -2.647251569606658 0
2825 -0.5892307914372837 -2.612722556831063 0
2826 4.774887535942272 -1.342513474135777 0
2827 4.507501568052405 -1.40095423222914 0
2828 4.732614032110132 -1.558440758099034 0
2829 1.027211968030929 -1.713510991695294 0
2830 -1.102128019249021 4.388095511845777 0
2831 -0.8686063561206828 4.381857810823319 0
2832 -0.9828119743502512 4.592311260763953 0
2833 -1.605606984789315 -2.262354334277882 0
2834 -1.45846370946734 -2.286066361112671 0
2835 -0.1705371841854966 -1.767831249339025 0
2836 -0.09114512209814367 -1.788522276772212 0
2837 -0.1190240409769088 -1.705431018970546 0
2838 3.031934030230707 4.360891903422838 0
2839 2.946973077794696 4.566224672718161 0
2840 2.795093845514784 4.356639796421457 0
2841 -2.408690476473777 3.954696520717516 0
2842 -2.182927840266419 3.854457002894646 0
2843 -0.326914411203582 1.02973298427205 0
2844 -0.3044381517097115 1.051768574555697 0
2845 0.842247400919701 0.8097785447279441 0
2846 0.8055277220113088 0.8243908445612226 0
2847 0.8149020602762937 0.7842879984338719 0
2848 3.586185870382592 -0.9714006987945994 0
2849 3.777644323636461 -0.895613310898407 0
2850 0.7958220711324006 1.060729171783066 0
2851 0.7692790768313552 1.108420713163571 0
2852 -0.5688460098500949 -1.008482968085382 0
2853 -0.6057782288302638 -0.9808448781925889 0
2854 -0.6057235447444104 -1.013021950872364 0
2855 -1.115595014063524 -1.564763336887323 0
2856 -1.209921969820888 -1.515770779345971 0
2857 1.064424351173409 1.169985878429675 0
2858 1.092625359854979 1.236468374306887 0
2859 1.029801419472778 1.244406343617761 0
2860 -1.21557003692427 0.3350637361688539 0
2861 -1.173130180954935 0.3198152687885123 0
2862 1.138512971958077 -0.1163558262531753 0
2863 1.102839317484986 -0.1092628342615825 0
2864 1.645500074814729 0.3974394313489894 0
2865 1.58913961597051 0.3388978570391923 0
2866 -0.9832856902734639 0.5566684913059403 0
2867 -0.9506989652441233 0.5407419920863057 0
2868 0.7586269854392389 0.9366125652412486 0
2869 0.7736541253924604 0.8959764768392672 0
2870 0.4741191657496805 -1.954711782376675 0
2871 0.3861268125390953 -2.018146440628815 0
2872 -3.002993847593858 -0.03616242296823272 0
2873 -2.894839698462034 0.1009595816738381 0
2874 -2.908010019422793 0.8489365971274151 0
2875 -2.774246876532108 0.9819652066099754 0
2876 -0.7190545213915581 0.9781990336965487 0
2877 -0.6764841481307073 0.9781426406880911 0
2878 3.80307271255765 -4.34682597512599 0
2879 3.98144277292357 -4.553082777810649 0
2880 4.050434171479276 -4.316123409182166 0
2881 0.6306379921248406 1.870453610322083 0
2882 0.6716400611577265 1.781451831869232 0
2883 0.7248436806381197 1.852327025975983 0
2884 1.007761544829827 -0.2552103952663646 0
2885 1.024240702299252 -0.2846820471314482 0
2886 1.623028955514343 2.527633766862601 0
2887 1.789342868894796 2.475302701376088 0
2888 1.027254143237136 0.7711514842563261 0
2889 1.06145693892195 0.7970996739550171 0
2890 1.024009154316552 0.8278331563829143 0
2891 1.170108798649798 1.219590841619349 0
2892 1.135485866949167 1.294011306807435 0
2893 -1.671022897403296 -3.071175535650618 0
2894 -1.856324062215427 -2.995565735573124 0
2895 2.584859286184436 2.077678300984865 0
2896 -0.9355910963200638 -0.7443069729604465 0
2897 -0.9795183743161929 -0.7475730610947768 0
2898 -0.4032166188408307 -1.005681352029242 0
2899 -0.4386660074845002 -1.009499909417367 0
2900 -1.095630344414519 0.1065173079831853 0
2901 -1.115782468176873 0.1411270253618234 0
2902 1.033886068298226 -2.080181389710969 0
2903 -0.8890985793302209 0.8376339446462631 0
2904 -0.8752377027537808 0.8770390975909977 0
2905 -0.908674522356222 0.8640500890662108 0
2906 4.070885460438819 0.544735010293146 0
2907 4.036805632621734 0.3153428755738259 0
2908 0.5089870910334537 -0.9854015413762964 0
2909 0.4744257801644469 -0.9957438001646479 0
2910 -0.8048553409717238 1.899342157392013 0
2911 -0.7174051712698378 1.892045468952811 0
2912 -0.7592827449291353 1.96838458682548 0
2913 1.717314730895611 0.7298413236055739 0
2914 1.753340064355101 0.639064907054103 0
2915 -0.09552436906909352 -1.062352552730388 0
2916 -0.07213203191195733 -1.056318889140118 0
2917 -0.09729357094797655 -1.038663096573321 0
2918 -0.9822815439796494 -0.6059410183875285 0
2919 -0.9484501663766948 -0.6007681406825358 0
2920 -0.974817726770292 -0.5718711791536841 0
2921 1.228631411308101 0.2847874503532908 0
2922 1.18770515404456 0.2733919419147637 0
2923 1.233421405205479 0.2539639720017527 0
2924 -1.304179208754672 0.3622717069441057 0
2925 -1.248347638499722 0.3674860830965797 0
2926 -2.613959463403853 0.05129457194730498 0
2927 -2.548663808150886 -0.07523982607035788 0
2928 0.04846546715930115 1.503272373243944 0
2929 0.009513580728491514 1.491078578103105 0
2930 0.04696495747100518 1.448072081883389 0
2931 -2.357164250489066 0.06351238534207231 0
2932 -2.414707973443767 -0.06585949551080772 0
2933 4.44409119354242 2.578477919957824 0
2934 4.418559431870012 2.292075371628524 0
2935 4.577977120583776 2.451120623089138 0
2936 -1.489612122950263 3.001633108581508 0
2937 -1.305109746884022 3.080568892184623 0
2938 -1.943309408458519 0.03797670365949965 0
2939 -1.849440735997549 0.0539040416373275 0
2940 -1.91776020765882 0.1299474721828668 0
2941 1.175684239563399 -0.1243626215120964 0
2942 1.148616625923128 -0.155274054207453 0
2943 -0.02888074044910575 1.504372583030046 0
2944 -0.03038125013740171 1.449172291669491 0
2945 0.003862912724378224 1.043182179108837 0
2946 0.02473433876103729 1.067451805298495 0
2947 -1.15689147752138 -0.6582107713304977 0
2948 -1.106208352110684 -0.6479679206102196 0
2949 -1.145541728118144 -0.6058249443750632 0
2950 0.0959003934977016 1.821243550971783 0
2951 0.09465904698005942 1.767842386774181 0
2952 0.1519268070747039 1.80745148710516 0
2953 3.970821575392608 -0.7919606175778113 0
2954 -0.9632994502904602 -0.5409323071902312 0
2955 -0.9253714172869033 -0.5404315634033545 0
2956 1.091112719168138 -0.1802553726358672 0
2957 1.087281941950102 -0.1519557403595194 0
2958 1.066949302800434 -0.1849438540468547 0
2959 1.055074375901158 0.1903590057015962 0
2960 1.051285818428922 0.2157464110941999 0
2961 1.023073194259589 0.203564822063242 0
2962 -1.46082859517662 -0.4341266205510504 0
2963 -1.390207165054445 -0.4245892902457919 0
2964 -1.441939034970221 -0.3683597751733085 0
2965 0.7334586599182833 -4.352862733473438 0
2966 0.5939966035950754 -4.170409798367736 0
2967 0.519024026587849 -4.38952337106121 0
2968 0.287536161929576 1.867252494825122 0
2969 0.3424550373432642 1.797947506735254 0
2970 -1.333482723207259 -0.00116552613237186 0
2971 -1.386994198621931 -0.01612758537902111 0
2972 -1.017955011470407 -0.5119314947616607 0
2973 -0.9880629947667612 -0.4919800907140668 0
2974 4.801754441128092 2.618761585707688 0
2975 4.776222679455683 2.332359037378388 0
2976 -0.2365551061133998 3.500405748162228 0
2977 -0.2984090127847933 3.316740790642703 0
2978 -0.9227146322645247 -0.8154696195172444 0
2979 -0.8765584229028823 -0.8064256602472225 0
2980 -0.9076869103693581 -0.7746208613659099 0
2981 -0.1318965831965543 -1.19063441966809 0
2982 -0.09727208575031702 -1.215384206371904 0
2983 -2.56946097842506 1.891082821744088 0
2984 -2.699819487959073 1.764451815758481 0
2985 -0.499904837967026 -1.035158863535991 0
2986 -0.4702460780488298 -1.026937481064339 0
2987 -0.4869484581340845 -0.9950472306095597 0
2988 -0.7860097230942662 -0.7525866461680806 0
2989 -0.806671671539009 -0.7731133491642741 0
2990 -0.5111850247477568 0.9389655861255086 0
2991 -0.5399011074725482 0.9589763360763 0
2992 1.02784169148561 0.9588228260161793 0
2993 0.9770765293651029 0.9352986611339216 0
2994 1.035993673893803 0.9110758602976953 0
2995 1.702696296238214 -1.316804964844105 0
2996 1.749311282751718 -1.229203938921487 0
2997 1.626778927726745 -1.219177232811238 0
2998 -0.2274862029461639 -1.827697294765779 0
2999 -0.255365121824929 -1.744606036964113 0
3000 -0.826858613297882 -2.612258679356898 0
3001 -0.6887932931946343 -2.54693453971791 0
3002 -0.8339264796363007 -2.476269703354725 0
3003 -2.291702787188436 2.069679967513236 0
3004 -2.178695686003856 1.947125603797432 0
3005 0.403522470075909 -1.214197182561902 0
3006 0.3646948783903398 -1.246236295006924 0
3007 -1.243235677503683 -0.2066165149393809 0
3008 -1.196941293394794 -0.2065508754088758 0
3009 -1.225079741428133 -0.1687600652791732 0
3010 0.07044846114875508 1.407976806735118 0
3011 0.1027152091230093 1.373259747624516 0
3012 0.118183591876069 1.425548817913626 0
3013 -4.114988412436922 3.217975121486522 0
3014 -3.909555714454701 3.385947625852316 0
3015 0.6475446329122412 1.187908562921474 0
3016 0.667483826307272 1.133523010610764 0
3017 0.6935557977339188 1.169093566101737 0
3018 -0.5259968918230064 -1.053854577377964 0
3019 -0.5426992719082611 -1.021964326923184 0
3020 1.387092908962998 -1.133249143109471 0
3021 1.333955728440211 -1.206165228680933 0
3022 2.166299152377393 0.1157299228314605 0
3023 2.154761932676583 0.2373091525869537 0
3024 4.262423282289708 -1.685892355418274 0
3025 4.167658034977124 -1.924368942356411 0
3026 4.37046281690768 -1.855358103130534 0
3027 -1.168458755959485 -0.2406654797536109 0
3028 -1.150302819883935 -0.2028090300934033 0
3029 -1.193783038508971 -0.3602575118822792 0
3030 -1.152620501871577 -0.3386091568013238 0
3031 -0.4516223873174416 -1.049611542343798 0
3032 1.073511028894967 0.2367981225082514 0
3033 1.041509847253399 0.2500039388698972 0
3034 0.7292352513490836 -1.017144589332098 0
3035 0.6997672803644036 -0.9846461272211424 0
3036 0.7028621744858293 -1.032549891144487 0
3037 0.04074876778178667 -2.816180057689709 0
3038 -0.226597442508067 1.042813695977962 0
3039 -0.2071010142526335 1.021598162149321 0
3040 -0.7900253590546801 -2.36024618432889 0
3041 -0.9280906791579278 -2.425570323967878 0
3042 1.266901520012522 -0.3408924616240426 0
3043 1.247291819265466 -0.3079549631363654 0
3044 1.22211278763689 -0.3552933780369046 0
3045 1.046019736093397 0.7040035014292976 0
3046 1.06324827150785 0.6470686971100332 0
3047 0.1208645411498471 1.059001283843869 0
3048 0.1498330607065022 1.05501335105803 0
3049 0.1398992758116755 1.078126975201018 0
3050 0.4957156154904733 4.589192325488259 0
3051 0.383919659922733 4.394800391469301 0
3052 0.6147766613285137 4.389543304129003 0
3053 -3.140354519315526 -0.1353503830826558 0
3054 -3.182818449677929 0.0441885286486188 0
3055 4.055648498254148 -2.71751577035383 0
3056 4.235692476448381 -2.738109579433366 0
3057 4.143539260650988 -2.498198053402613 0
3058 -4.313621639666184 4.074611991541634 0
3059 -4.088572944698392 4.18850032818367 0
3060 -4.292224508932618 4.312407268704687 0
3061 1.071386087327977 -0.2763997503400368 0
3062 1.081354472625768 -0.2366352171351224 0
3063 1.192184284817051 -0.2058284799659374 0
3064 1.157915640764813 -0.1931282873180693 0
3065 4.020892407406528 -0.362928352342913 0
3066 4.197331060146701 -0.2451269118094865 0
3067 3.19940505606596 -4.030190824445043 0
3068 3.230267019145281 -4.221635015163052 0
3069 3.442174128317259 -4.095190121612068 0
3070 -1.121106039046593 -0.5597857992770469 0
3071 -1.07257803711734 -0.5521393851231677 0
3072 -1.098825473456484 -0.5163430907454294 0
3073 0.244955712504962 -2.711647425711695 0
3074 0.2061694160144753 -2.855841741587317 0
3075 0.03231761123285218 -1.529788757714578 0
3076 -0.02777161205662542 -1.487696469474197 0
3077 -0.005953726479569862 -1.55353298100889 0
3078 4.335928186406428 2.113565315831929 0
3079 4.1849138291567 1.90726854097289 0
3080 4.401431001661638 1.958421299900799 0
3081 -0.2220528647406055 3.883482783840784 0
3082 -0.1410384369983575 4.056463758189096 0
3083 -0.3002109987890765 4.006161447179974 0
3084 1.009038801308737 -0.4313782474913121 0
3085 1.009667259452148 -0.4712359862523239 0
3086 -0.9371865786770346 1.478465464218745 0
3087 -0.9951818825813095 1.531329034715521 0
3088 -1.015225501509806 1.467046998592556 0
3089 -1.129315498354218 -0.3052139688455361 0
3090 1.646845873396018 0.09409409602777925 0
3091 1.717932418350129 0.05808545915552658 0
3092 1.709691079051814 0.1219598487630826 0
3093 -0.2203792221186627 1.166045349778233 0
3094 -0.1761147774574406 1.164438941837983 0
3095 -0.1941037900264615 1.198421957787226 0
3096 -1.077812359176342 0.6249826992719063 0
3097 -1.048516511002338 0.58850792893763 0
3098 -1.028939882309914 0.6284589559381242 0
3099 1.518206101263976 1.074673532881754 0
3100 1.42527538918488 1.032221568836651 0
3101 1.520575656572812 1.00709709361922 0
3102 1.150643263472495 -0.4952934838594907 0
3103 1.14157235357995 -0.4533150727175884 0
3104 1.108151024352387 -0.4844099428031489 0
3105 -0.6851396274240715 -0.8258694534324453 0
3106 -0.6648094032559233 -0.839633221087825 0
3107 -0.6615279536172509 -0.8078551952073949 0
3108 0.2273126394781932 1.433356121333997 0
3109 0.2880390960486343 1.434218884845498 0
3110 0.2635827964487779 1.473455039168278 0
3111 -1.733511474004118 0.9758351992082103 0
3112 -1.07855591278293 -0.4761360346147473 0
3113 -1.065549697280939 -0.4348366041390623 0
3114 0.08723333325706024 -1.144817339333744 0
3115 0.1151718877885289 -1.121581793745141 0
3116 0.08100296136460389 -1.111832502144265 0
3117 4.774887535942272 -1.092513474136561 0
3118 1.318333186256527 0.3040621906978171 0
3119 1.264545659019891 0.3141473352983523 0
3120 0.4481469548316022 2.043521008656776 0
3121 0.3529795267669446 2.037720713685442 0
3122 0.3122408869587991 -1.196171560955728 0
3123 0.2816112541633883 -1.228174279578829 0
3124 0.3261396408389483 -1.229215298565984 0
3125 -0.4636851411484348 4.025126226934886 0
3126 -0.3826707134061868 4.198107201283199 0
3127 -2.45562369642317 3.061859775277123 0
3128 -2.64287145538394 2.968250251436038 0
3129 3.892869555665683 -2.642022110021977 0
3130 3.985022771463076 -2.88193363605273 0
3131 -0.5014807465781537 -4.54449780257764 0
3132 -0.3497246026593306 -4.361691564516105 0
3133 -0.5933898031531128 -4.330106418837698 0
3134 2.166522144678008 4.279146628534166 0
3135 2.2917768474678 4.082939485550268 0
3136 2.342254052097071 4.323594265366545 0
3137 -1.738156642927585 0.7060605607004677 0
3138 -1.676686651350585 0.6531097176800977 0
3139 -1.653858642183456 0.7497567977864088 0
3140 -1.008001293346506 0.3545076833836329 0
3141 -1.036508908056619 0.3499278118431306 0
3142 -1.018670642801657 0.3262639745259995 0
3143 0.4933915002921622 0.9364358391337784 0
3144 0.5144600385392941 0.9431226865005874 0
3145 0.4991861411221097 0.9646316631138806 0
3146 -1.08748321003359 0.8102722629209651 0
3147 -1.054377611138887 0.7755256802732464 0
3148 -1.039152907277231 0.8300718546668238 0
3149 1.234409081339582 -0.2176261050194854 0
3150 1.22801269005098 -0.1750784745199221 0
3151 1.281159019107305 -0.2402150731484868 0
3152 1.245330613873376 -0.270965078594502 0
3153 -3.466490341846037 1.190886978420982 0
3154 0.5298591851349462 0.921011772769874 0
3155 0.5356538259648937 0.9492075967499762 0
3156 1.120744373159491 -0.1851214920591482 0
3157 0.684724132667561 -1.058464600324037 0
3158 0.6552561616828811 -1.025966138213082 0
3159 4.579828891232096 -0.4826263579669934 0
3160 4.389170858172529 -0.3606254840312437 0
3161 4.381217901755909 -0.5986251835844099 0
3162 -0.6791905012846379 -0.9588032478774045 0
3163 -0.6465294390747258 -0.9492225465676154 0
3164 -0.6830641766347845 -0.922641933465448 0
3165 0.7842301011314605 0.7734125743332072 0
3166 0.8209497800398528 0.7588002744999287 0
3167 1.076153118597449 -0.5108331822687499 0
3168 3.917905927423147 -3.067758853262031 0
3169 3.755126984834683 -2.992265192930178 0
3170 2.570716572420352 -3.976187883516201 0
3171 2.742307428097464 -4.176555615954686 0
3172 2.81590709121687 -3.956267985557542 0
3173 -0.7664594785153043 -0.9840276658717602 0
3174 -0.7262507865386802 -0.9756477967068959 0
3175 -0.7559339308213207 -0.9406025039401014 0
3176 -0.8894348869584214 -0.7352630136904246 0
3177 -0.8538157123593234 -0.7304945289754388 0
3178 -0.8817198983100291 -0.7001806405699753 0
3179 -0.4442899546297323 -1.08718089802452 0
3180 -1.287152944231971 -0.6658391032530468 0
3181 -1.224758475778214 -0.6701104023791263 0
3182 -1.258619321982597 -0.6117964959692619 0
3183 -2.045817523856822 -2.134025545441724 0
3184 -2.004162549884026 -2.276273597120068 0
3185 -1.897908065905584 -2.177410589165341 0
3186 1.116172702018415 0.581966257117476 0
3187 1.076783376191591 0.5882968902958641 0
3188 1.093797079538565 0.5437147542234397 0
3189 1.842304496362949 0.6199060935558423 0
3190 1.946693217557123 0.5976232546716334 0
3191 -1.051753853540348 -0.5863130752567309 0
3192 -1.029473287950239 -0.5428703667251136 0
3193 1.612509870001603 1.349906998835067 0
3194 1.526890300892459 1.291807027570968 0
3195 1.636092106851751 1.26702939327865 0
3196 -0.7418340498450037 0.8715955542182501 0
3197 -0.7557621648478108 0.8376846504759683 0
3198 -0.7197357223098438 0.8425016580023255 0
3199 -1.365055257848599 -0.5489406662333581 0
3200 -1.306270354915391 -0.5529918414264464 0
3201 -1.350311822327637 -0.4944073108166221 0
3202 -0.7408086771664484 -0.9016018257700087 0
3203 -0.7810173691430724 -0.9099816949348729 0
3204 -1.295805322212801 -0.2120648289638762 0
3205 -0.7706103119401854 1.058218244880289 0
3206 -0.7437244068625326 1.016216897349978 0
3207 -0.7253858481784289 1.058327156576517 0
3208 -0.08986373537505569 1.359517738650914 0
3209 -0.05592282875665994 1.408579475389427 0
3210 -0.1027164779333947 1.41340455985792 0
3211 0.1230179198972213 -1.573579328875465 0
3212 0.1310133258377074 -1.631243277701232 0
3213 0.199895748925021 -1.609197337327426 0
3214 0.8396192287016209 -0.8574021006676562 0
3215 0.8292808548261194 -0.8244405373526362 0
3216 0.8028800349826818 -0.8514767741575711 0
3217 -1.345777061868312 -0.3070631989930621 0
3218 -1.307562881524157 -0.3509218928200774 0
3219 0.5865475405823328 -1.004209911362434 0
3220 0.5476555454816742 -0.9912522104153103 0
3221 1.119377664601527 4.151901090752773 0
3222 1.282292568577254 4.336099555022182 0
3223 1.085892151908454 4.367837856106867 0
3224 1.163910131330181 0.1584271598691952 0
3225 1.203883491468734 0.1604087808637489 0
3226 1.191457003839236 0.192818931956765 0
3227 -0.1435818023386414 1.277357964953578 0
3228 -0.1702556801764518 1.23749927336981 0
3229 1.165720931163711 -1.482179186664652 0
3230 1.183811366013039 -1.57876798141321 0
3231 0.1472263021065798 -1.133356237160139 0
3232 0.1409959302141234 -1.100371399970661 0
3233 0.7843251142807288 0.9747693718231129 0
3234 0.7408828508895504 0.9811681244481527 0
3235 -1.627994254302563 -0.4487927774636485 0
3236 -1.545384427453636 -0.4466150967419804 0
3237 -1.595170291941322 -0.3800747862002352 0
3238 2.617994672794688 1.18294770065239 0
3239 2.700546748676093 1.295517750072636 0
3240 2.558396511217851 1.355025723650116 0
3241 -1.202033999112905 0.3870749899615236 0
3242 -1.464480278478542 3.497926679517872 0
3243 -1.281383747830029 3.40683153495873 0
3244 -0.7926054948471231 0.8292551087485632 0
3245 -0.7705071673119632 0.8001612125326387 0
3246 0.3336216660904564 -1.169965746704952 0
3247 0.2890932794148964 -1.168924727717797 0
3248 -4.531732522973698 3.958605105911118 0
3249 -4.328080958739472 3.834698165390101 0
3250 1.308145121404984 -1.353069185230633 0
3251 -2.933480673153541 0.4099285222221386 0
3252 -2.937781397521447 0.5450691642671186 0
3253 1.080704752667329 -1.45072965649979 0
3254 1.011110534881384 -1.512706346419981 0
3255 -1.839857519062808 0.6694244981458832 0
3256 -4.811677004812385 -1.60377121020179 0
3257 -4.612241944758845 -1.480941276251529 0
3258 -4.80056493994646 -1.377170066045445 0
3259 1.432052095335693 -1.067780411349919 0
3260 1.336936267771508 -1.061582581011828 0
3261 0.1022534804876769 -1.22223470040911 0
3262 0.1303997642301188 -1.195638057654675 0
3263 0.09325597593854337 -1.181163273689054 0
3264 -2.572382140883569 -1.247150086397158 0
3265 -2.738889439712136 -1.285973832859955 0
3266 -0.3485221371059072 1.039939685462183 0
3267 -0.3432111683631409 1.009393801057307 0
3268 -0.7642789851533146 0.9780901220003209 0
3269 0.7005682539087531 -1.10339561835541 0
3270 0.6529622411058049 -1.096811865424005 0
3271 0.3922637861375024 1.367732930565325 0
3272 0.4422115998669571 1.39856548059902 0
3273 -0.3940865383768233 1.823523254543581 0
3274 -0.451171169476224 1.742170102563084 0
3275 -3.078005550016739 2.074034460863666 0
3276 -3.045184723118171 1.875967124083749 0
3277 0.7890560323046097 0.8558102659588103 0
3278 0.7617106916612024 0.8303197196647381 0
3279 1.775368930815955 0.1633709489793482 0
3280 -1.407963659693825 -0.3095160541431864 0
3281 -1.382423116714092 -0.2577568082681986 0
3282 -0.6249562144987755 -0.9627848895330524 0
3283 -0.6288298898489221 -0.9266235751210958 0
3284 1.765382027928329 0.8087185700335667 0
3285 -1.156683197241126 0.04333736690826417 0
3286 -1.118585273839689 0.0481139545450123 0
3287 3.113331108578064 2.044013669895389 0
3288 3.248742523786715 2.213224455442611 0
3289 0.4178568723088545 1.267886702710439 0
3290 0.4502695355588956 1.297117891684795 0
3291 0.4007887774748314 1.32696654304056 0
3292 1.673894100071802 0.8235662850326239 0
3293 -0.2439185188046449 -1.259867352338815 0
3294 -0.2025983665604701 -1.23986318143093 0
3295 -0.245327530627631 -1.215441716689357 0
3296 1.141476369914513 0.4960105117593768 0
3297 1.192947423651816 0.4804131611304566 0
3298 1.184657459102693 0.5217867704161314 0
3299 -0.5205611937267242 0.9940869605063168 0
3300 -0.4897119101275272 0.9921670673128736 0
3301 -1.197383718523352 0.03299384026027804 0
3302 -1.167869606784365 0.002746056417612055 0
3303 -1.544671878589075 1.048619913674012 0
3304 -1.522588031025722 1.14219623813049 0
3305 -1.60678348430935 1.090565937355314 0
3306 -1.020458476591285 -0.8385036229072653 0
3307 -0.9696728719496854 -0.8318409572168142 0
3308 -1.0046287243726 -0.7903274863263829 0
3309 -1.324519524538813 -1.370375069008923 0
3310 -1.242413320809078 -1.313461228947807 0
3311 -1.34263704887305 -1.278457480117734 0
3312 -0.1471403764089925 1.164091069666803 0
3313 -0.1158792527860367 1.135895624058555 0
3314 -0.8488535780207765 -1.108371273887155 0
3315 -0.8048291266300978 -1.146241378984474 0
3316 -0.7883444994291726 -1.082910392869743 0
3317 -4.411337486191214 -4.153885754438154 0
3318 -4.426995559245061 -3.905216314235043 0
3319 -4.631085994362154 -4.0074466553162 0
3320 1.766651279888378 -1.120657316962333 0
3321 1.803439928055103 -1.015194087788845 0
3322 1.33495333629099 -0.243224438596185 0
3323 1.324031803757197 -0.1898854650211683 0
3324 -0.9863309891492796 0.6292465884862612 0
3325 -0.9440998781641257 0.6397382660985476 0
3326 0.5873726320263101 3.086514991015128 0
3327 0.6508664406084141 2.92768291828046 0
3328 0.740473294136001 3.054638363721236 0
3329 4.259330738563165 -4.299761125137407 0
3330 4.080960678197245 -4.093504322452748 0
3331 0.8071885009069728 -1.126230087468198 0
3332 0.7869805080751408 -1.072622387848904 0
3333 0.7525381383023414 -1.118656052874736 0
3334 0.5422167603849046 2.837812999088002 0
3335 0.6953174224945956 2.80593637179411 0
3336 0.8661396187717196 -0.9411480099265538 0
3337 0.8557404502075066 -0.8978998759095315 0
3338 0.8236175774223963 -0.9276864714896134 0
3339 0.4519446998454691 0.9577334444343436 0
3340 0.4752545874053156 0.9861475117901836 0
3341 1.194154649414698 -0.5168259491544682 0
3342 1.160733320187135 -0.5479208192400288 0
3343 1.529378425965658 -0.7687773822044159 0
3344 1.57935105551162 -0.7343473962159304 0
3345 1.529137728342212 -0.6943123337696715 0
3346 -1.107252387384565 -2.163949964665074 0
3347 -1.23961436594578 -2.11467882129163 0
3348 -1.220304179065545 -2.230312733218843 0
3349 -0.4263524354930082 -1.181402698499417 0
3350 -0.3925649088519543 -1.150859626229257 0
3351 -0.4391649780187472 -1.137855754328429 0
3352 -1.185425099770754 -0.7122533786142826 0
3353 -1.651733464061633 0.002521836689529981 0
3354 -1.623310994213533 -0.05121108032193873 0
3355 -1.493652557537861 -0.5028446118144638 0
3356 -1.80409142708625 0.01116278739316711 0
3357 -1.778542226286551 0.1031335559165343 0
3358 -0.1653587807917933 -1.213263252972671 0
3359 -0.1705451807882171 -1.17280871247689 0
3360 1.842568648399847 -1.2182850489952 0
3361 -0.8026240233180597 1.099716583631202 0
3362 -0.8209625820021633 1.057606324404663 0
3363 -1.818039013447228 -0.1253317341680665 0
3364 -1.72997930240648 -0.132818418832837 0
3365 -1.7869302257565 -0.04555341155081014 0
3366 1.100411734009824 -0.2181096057464835 0
3367 1.111206408563717 1.361743153380939 0
3368 4.395942049622888 -0.12912808619207 0
3369 -1.086486215264059 -0.7486719497912441 0
3370 -1.030303978957792 -0.754235726785228 0
3371 -1.061375865207653 -0.7059175245596379 0
3372 0.8151310157998157 1.011594379315555 0
3373 0.8328751503495042 0.9670388201086508 0
3374 -1.200696115495897 1.890892417293282 0
3375 -1.313560266995266 1.873639918704724 0
3376 -0.5547622112357533 -1.717563229712921 0
3377 -0.4862544529732679 -1.675592069897549 0
3378 -0.5616391874942063 -1.644643473774636 0
3379 0.9213349743155865 1.841294889251921 0
3380 0.8207397642734767 1.8408997036513 0
3381 0.8664409597131153 1.763720433123754 0
3382 -1.109541959988003 0.5451638224011949 0
3383 -1.150178522161724 0.5741711820768334 0
3384 -1.16233149428096 0.5343033322066161 0
3385 0.08841755927105542 1.884552770578634 0
3386 0.03114979917641098 1.844943670247654 0
3387 1.437279329153394 3.432044768192168 0
3388 1.276770101912965 3.310951248765304 0
3389 1.476933231491861 3.274955493228376 0
3390 0.4595298415382966 -1.48506003423289 0
3391 0.4455904721470628 -1.422744258619424 0
3392 0.3977218897455795 -1.467717016787677 0
3393 0.8174711557425667 0.8900476017357517 0
3394 -2.006719972325328 2.352820430516279 0
3395 -2.173409333862926 2.348268852887408 0
3396 0.05908704951461836 -1.171413982088179 0
3397 0.4887044607075687 -1.626980508972293 0
3398 0.4769912563481234 -1.552091117136065 0
3399 0.4233744634962587 -1.60492218423737 0
3400 -2.904387501271949 -1.036835386489389 0
3401 -2.814368892466784 -0.8903007660303914 0
3402 1.269089144568848 -1.05576509971027 0
3403 1.314048330941542 -0.9902963679507178 0
3404 -3.983517850351662 -1.537307725584497 0
3405 -3.804051113664239 -1.385191393210623 0
3406 -4.011207604159996 -1.350968962253632 0
3407 0.5215151278382386 -1.793231698761938 0
3408 0.5109814641315752 -1.705210423652413 0
3409 0.4456213315623674 -1.767832851183123 0
3410 0.3669669832539029 -1.006133393603087 0
3411 0.3888845174997821 -1.022330844898097 0
3412 0.3965478289946901 -0.9896261872441376 0
3413 -1.978377964648615 -2.670913691841964 0
3414 -2.177434096790323 -2.631732794930258 0
3415 -2.091408040470505 -2.776201235502374 0
3416 -1.216263640758028 0.1073797069289201 0
3417 -1.198317841118945 0.1467660119443064 0
3418 -0.240931445543982 1.125173254459654 0
3419 -0.2506883717916804 1.094084003869558 0
3420 -0.7587347960326554 0.9034254025193922 0
3421 -0.5168559354623048 -1.149303742900111 0
3422 -0.4780774812707862 -1.117723970294679 0
3423 -0.5219809120732899 -1.098628886596202 0
3424 -4.213225684942314 -3.820950211978042 0
3425 -4.432974193113254 -3.674511112856087 0
3426 1.153524154320002 0.7661821112033058 0
3427 1.101370292824797 0.7816076683676811 0
3428 -0.806737580267478 -1.205706485341474 0
3429 -0.8542737324711154 -1.230261490352587 0
3430 -0.7956731075168917 -1.264265715692176 0
3431 -0.8306482511729331 1.147609969944487 0
3432 -0.7802959811109551 1.148221890420112 0
3433 -1.130693013574672 0.7077568031780356 0
3434 -1.108456921869008 0.6623606220505419 0
3435 -1.080471822189582 0.7103299073998941 0
3436 -1.259200500918162 0.09606245191459298 0
3437 -1.229134169140247 0.06226789573660302 0
3438 -1.048771391965774 0.9159481118719079 0
3439 -1.019603075415668 0.8726464414827602 0
3440 -0.996115961209507 0.9237761160401258 0
3441 1.618235546444971 4.813288400727025 0
3442 1.374403527944926 4.776018160188139 0
3443 1.492639074384225 4.589306560915163 0
3444 0.8247749324144904 4.383787314992709 0
3445 0.9876898363902173 4.567985779262118 0
3446 -0.8958013219259248 -0.8995337807243508 0
3447 -0.8660889466038475 -0.9190482026853986 0
3448 -0.8618737694759715 -0.8667888403596049 0
3449 4.360894992334416 -3.506209085082289 0
3450 4.29093444602417 -3.326453039558051 0
3451 4.133410168972349 -3.53379583892871 0
3452 -0.6568841065780009 1.018445753073002 0
3453 -0.6348683116079321 0.9802625847148867 0
3454 3.080846987807371 4.131009054670045 0
3455 0.8443721072011759 1.052998620068604 0
3456 0.56459825698344 -1.652379356551108 0
3457 1.82139515133105 -0.8426024907755056 0
3458 1.806202296016456 -0.7463875994488667 0
3459 1.731778355259103 -0.824434857215006 0
3460 0.545936348098342 -1.883594500007984 0
3461 0.6112964806675498 -1.820972072477273 0
3462 0.5248598387496066 -1.507118358967813 0
3463 -0.9427595616110855 -0.9159051184239204 0
3464 -0.9385443844832095 -0.8636457560981268 0
3465 -2.830534447787826 1.270543342393478 0
3466 -2.386801205388561 -1.471322398892658 0
3467 -2.34797641474822 -1.622761415537895 0
3468 0.4397925323148955 -4.578300595402405 0
3469 0.3003304759916877 -4.395847660296704 0
3470 -0.7475038438314776 -0.8430405515947157 0
3471 -0.7865308520598386 -0.8417331885247983 0
3472 0.5639005185789917 -1.982452156092011 0
3473 0.9931692511400142 0.4060749548431979 0
3474 0.983336805071767 0.4278637365839519 0
3475 0.9642828043343539 0.4021391263039268 0
3476 -0.1170582741064841 -1.072807017466868 0
3477 -0.09189673507046492 -1.090462810033666 0
3478 -0.6145139387562871 0.9454593744002942 0
3479 -0.5949138972035808 0.9857624867852046 0
3480 0.1075174691400035 -1.267056686122931 0
3481 0.07037368084842807 -1.25258190215731 0
3482 -1.46041582799298 1.024062212339991 0
3483 -1.402369709719466 0.9823002247218648 0
3484 -1.402430307031933 1.058488226831061 0
3485 4.474692655451733 -1.997799389905489 0
3486 4.569457902764317 -1.759322802967352 0
3487 1.185916907093421 0.6573771856185356 0
3488 1.150991581012669 0.6158679384636465 0
3489 -0.6839866660663999 1.819896475838207 0
3490 -0.6384140700238113 1.888938905271674 0
3491 1.064203759635194 0.5138513423576209 0
3492 1.103593085462019 0.5075207091792328 0
3493 -1.069288789731974 0.5540071564520073 0
3494 -1.020416312865546 0.557483413118225 0
3495 0.1186040381401321 -1.313698045556055 0
3496 0.150483837779381 -1.283350843807855 0
3497 -0.1879033718607464 1.363728919701207 0
3498 -0.2149106870786833 1.320649006587824 0
3499 -0.1636646997697274 1.321262910006026 0
3500 -2.479674473754755 -0.1851457908911412 0
3501 1.594503936525279 -2.90253962038904 0
3502 1.538438530238297 -2.749435470011047 0
3503 1.420770518037557 -2.900385709943455 0
3504 -3.059992192910356 0.313143942715572 0
3505 -2.918946258199446 0.2401610682696086 0
3506 -2.530841164515952 0.1448792620070294 0
3507 -2.661103320079906 0.1521273646443588 0
3508 -1.108166818736838 4.799274480893206 0
3509 -0.8746451556085 4.793036779870747 0
3510 -0.8661927249368261 -0.998416715411284 0
3511 -0.8142557868088981 -0.9970113304386945 0
3512 -0.8480795609258727 -0.950387758077555 0
3513 -0.01300424465406589 1.197425281022583 0
3514 -0.03347687345719692 1.170245364712395 0
3515 3.875729881728428 -3.266065101771976 0
3516 4.105625668356822 -3.155733544894527 0
3517 1.12580382367021 -0.4115872285731966 0
3518 1.116304722753091 -0.374166122180394 0
3519 1.089581013542723 -0.4050104252684439 0
3520 0.3269930158868627 -1.379170198356828 0
3521 0.3782015017503331 -1.350330625622587 0
3522 0.3214119972828501 -1.324099582805204 0
3523 -0.1545892070842887 -1.301840629454637 0
3524 -0.1173496213156119 -1.275240700996378 0
3525 -0.1639497689688072 -1.25768888862213 0
3526 -1.967399525508027 0.1982957754734215 0
3527 -1.873530853047056 0.2142231134512494 0
3528 0.9397551109206752 -0.6393528403764539 0
3529 0.9170101013758927 -0.6628735090181701 0
3530 0.5989871227862723 -1.0414233073938 0
3531 0.6246785376606734 -1.014667451361266 0
3532 0.6075325170610263 -1.082191949981624 0
3533 0.5694015199826857 -1.071734409982792 0
3534 -1.873171593350044 2.697105652308181 0
3535 -2.006272461345723 2.775431284288284 0
3536 -1.971522007258586 2.613669078205163 0
3537 -0.1727176058617338 -1.137072397182099 0
3538 -0.2061798034569728 -1.15970123048668 0
3539 0.7322202122953954 -1.21085219678436 0
3540 0.7207762467405852 -1.157003317974704 0
3541 0.6802503279018071 -1.195591762265034 0
3542 -0.3332000245990105 -1.214926228998744 0
3543 -0.2978091876382883 -1.194324266822942 0
3544 -0.344361529365493 -1.173804608224444 0
3545 -0.9864974765209644 0.8378998588350416 0
3546 -0.930694472351675 -0.6181185821855207 0
3547 -0.9232306551423176 -0.5840487429516765 0
3548 -1.059104786188586 0.3756804733521831 0
3549 -1.069774135643736 0.3474367644945497 0
3550 0.08909846464040685 1.336665751408171 0
3551 0.1368335953677208 1.354237762586678 0
3552 0.9950643388858886 -0.2998412959437846 0
3553 -0.1605928382199196 1.412479464543749 0
3554 -0.1266519316015238 1.461541201282262 0
3555 -2.06741779658708 0.1974619656248407 0
3556 -2.023188441975316 0.2817376068932232 0
3557 -0.2773527901830974 -1.668052456635188 0
3558 -1.350162513938237 -0.20936835917333 0
3559 -1.325731317262459 -0.166129235019132 0
3560 3.495486668904881 3.169801291902456 0
3561 3.535578992378884 2.909232964995556 0
3562 -1.78665307692139 0.2237254965056601 0
3563 -1.836292394770597 0.2920737997962148 0
3564 -0.3605767825401521 1.446559537051431 0
3565 -0.3784448205506193 1.394321222097711 0
3566 -0.3187142506700348 1.406152670886748 0
3567 1.168005284359644 0.5712858023912223 0
3568 0.5201558521445326 1.23857528942938 0
3569 0.5609590811124642 1.203197073409388 0
3570 0.3507755612006643 -0.981516101363334 0
3571 0.3431122497057564 -1.014220759017293 0
3572 0.8860845099117279 -1.044043659902901 0
3573 0.8822774475651465 -0.9894127514350364 0
3574 0.8378238083331907 -1.025565513974501 0
3575 4.768051102526279 0.8684116590194566 0
3576 4.789442767574934 1.12904814070143 0
3577 -1.094503675101936 -0.2244748786755259 0
3578 -1.089707795802298 -0.2505801001208409 0
3579 -1.062391188455608 -0.2381313443582284 0
3580 3.530196759700966 -2.614020718003997 0
3581 3.649216007947063 -2.808141820329755 0
3582 3.703224580628516 -2.612318873395118 0
3583 1.663281481854382 -0.8647310965961599 0
3584 2.039626913768049 -0.8809941420245954 0
3585 2.004531489805452 -0.782509435657346 0
3586 1.930914516051 -0.8630399393766157 0
3587 2.244826740916526 -1.730875593618966 0
3588 2.144257184293343 -1.839672705271637 0
3589 2.266444778537862 -1.879368644625836 0
3590 -1.021572259422807 -0.676991755539742 0
3591 -1.077754495729074 -0.6714279785457581 0
3592 -0.104549842456565 -1.944430842842376 0
3593 -0.02016516280438349 -1.953467742311508 0
3594 -0.05827358565454993 -1.859959406609823 0
3595 -0.7405481911355789 -1.069926728302808 0
3596 -0.6970623736365014 -1.100869678801841 0
3597 1.07814500953745 0.4381434127580066 0
3598 1.043111508718037 0.4547284312183185 0
3599 1.047256752696839 0.4152145466629111 0
3600 -1.544611281276608 0.9724319115648156 0
3601 1.213386845156905 0.1190547084460523 0
3602 1.240933717665959 0.1534464805336221 0
3603 -1.128033550561432 0.6224095950500478 0
3604 -0.3672745586478966 -1.950082583480599 0
3605 -0.295617336606766 -1.892754199908817 0
3606 0.2021460447204562 4.028578101837631 0
3607 0.03337426633620154 4.084374767668259 0
3608 1.095631639751089 0.3616638152237935 0
3609 1.062811657950782 0.3645729977007519 0
3610 1.056954649644374 -0.391575925973033 0
3611 -0.02930307745592129 1.115228183458945 0
3612 0.5945411901047339 -2.083106376982048 0
3613 0.6663583724533955 -2.011989094613357 0
3614 -4.720421731933382 -2.453450977866949 0
3615 -4.554209492819531 -2.258384032839398 0
3616 -4.83378776088615 -2.304933054969386 0
3617 1.649422432547614 -3.091478260807959 0
3618 1.767090444748355 -2.940528020875552 0
3619 -0.9659749762354249 -1.45479989183132 0
3620 -0.9808948642398414 -1.373411279773679 0
3621 -0.9579562763232798 -1.543243772447816 0
3622 -2.352538294955416 4.375833856330324 0
3623 -2.118358847098182 4.455457902643523 0
3624 -1.224908862571307 -0.3948421183010826 0
3625 -1.174883742880012 -0.4120782894112571 0
3626 1.0417210507702 -0.05564810270640468 0
3627 1.067041390018209 -0.07656366670158996 0
3628 0.8985861109594468 -3.039630842886656 0
3629 0.7339763995831927 -2.993114162957465 0
3630 0.7584669465627347 -3.149083353868159 0
3631 1.576074994220674 0.9657648534123098 0
3632 -1.355535506024188 -0.4527093319412027 0
3633 -1.336645945817788 -0.3869424865634608 0
3634 0.6132863084515083 4.79196761907398 0
3635 0.3824293070457275 4.797224706414279 0
3636 4.785937967407738 -0.6103130287634611 0
3637 4.793890923824358 -0.3723133292102949 0
3638 -0.6225729735393493 -4.756456328449616 0
3639 -0.378907773045567 -4.788041474128023 0
3640 -0.5427539559941146 -0.9897872542434084 0
3641 0.9651957589182252 -0.9621580937034405 0
3642 0.9490579301247982 -0.9138933521949579 0
3643 0.9144003203502569 -0.9596261558549545 0
3644 2.059215038568649 4.417363656573061 0
3645 2.008737833939378 4.176708876756785 0
3646 0.4135017565270808 1.673983450401452 0
3647 0.3741503398377098 1.619213883342018 0
3648 0.4429532336857765 1.617154620411702 0
3649 -0.1500917379600176 -3.140167214253278 0
3650 -0.02250845437205881 -3.038340249011763 0
3651 -4.788901240420341 0.6180619457288767 0
3652 -4.806172793715703 0.3765240794227346 0
3653 -4.595074034136043 0.4945860251448487 0
3654 -1.409514419741142 -1.440818212446286 0
3655 -1.30929069167717 -1.475821961276359 0
3656 1.043847471238815 -0.8798367451947664 0
3657 1.042686078353739 -0.8266583577137459 0
3658 0.9986919758076898 -0.8632469025624234 0
3659 1.252889013223404 0.2300800166957992 0
3660 1.211962755959863 0.2186845082572722 0
3661 -1.29675060309098 -0.4567605071342909 0
3662 0.7797376952405909 1.92990148210415 0
3663 -1.661602894078415 1.669858929021437 0
3664 -1.606418517160416 1.586538846123792 0
3665 -1.565055236155572 1.708685771092985 0
3666 1.247181885815225 -0.5232419216116679 0
3667 1.237091829100586 -0.4706145862311298 0
3668 0.7424688505291313 0.738594325527163 0
3669 0.7725460466007177 0.7332838909668663 0
3670 0.7602006248234332 0.7532352849595607 0
3671 -0.2800728769634735 1.198308689779183 0
3672 -0.3006251003887929 1.157436594460604 0
3673 -0.2589204581130029 1.159156270408897 0
3674 -0.9937737793987753 1.01895346643635 0
3675 -0.9746961767503393 0.9657522533778141 0
3676 -0.9431856783895012 1.017627933384891 0
3677 0.530797642286498 -1.058588117998566 0
3678 0.5221876712597113 -1.025115098355954 0
3679 1.648088626539787 -0.7685162052695209 0
3680 1.647847928916342 -0.6940511568347765 0
3681 1.006220511179801 -0.3999895056426919 0
3682 0.4954421756391132 1.804668516474066 0
3683 0.4478773145044632 1.740841402101969 0
3684 0.5298695115097976 1.735751301843234 0
3685 0.546456533136531 1.288081217894322 0
3686 0.493638311384917 1.287543979819616 0
3687 2.13058454699815 0.6350657352388732 0
3688 2.039222363705999 0.5705157245397741 0
3689 2.152226809563663 0.5351535289405484 0
3690 -0.1726809761171671 -2.009487747985414 0
3691 -0.2107893989673336 -1.915979412283729 0
3692 2.463566121193026 4.540886987033611 0
3693 2.588820823982817 4.344679844049714 0
3694 -0.6092980124993752 -1.060809450200888 0
3695 -0.2367111671820174 1.27666247149486 0
3696 -0.2605592770320271 1.237585155912276 0
3697 -0.2145201248376739 1.23910568131006 0
3698 0.7695027349223149 -0.8399661108016897 0
3699 0.7798411087978164 -0.8729276741167096 0
3700 1.856490575293647 -0.941087197142755 0
3701 -1.058956832127907 0.7391408300081279 0
3702 -1.010626529371548 0.7589404217539866 0
3703 0.4288493508958874 -1.365897657381428 0
3704 1.504953818251155 -0.5609990189972689 0
3705 1.48750736744147 -0.4903053831385699 0
3706 -0.482681021870417 0.9695816877790226 0
3707 -0.4671502414047836 0.9947553594099084 0
3708 0.5504166730316877 -1.38576879590512 0
3709 0.5336755517805124 -1.328922194667124 0
3710 0.4906573026886045 -1.383240674826641 0
3711 1.378600526096135 0.2896887368074604 0
3712 1.334615002308627 0.250986026549923 0
3713 1.098125303904213 0.8382893404942694 0
3714 -1.36610302943549 0.3551930942369304 0
3715 -1.323807496991905 0.3083962165967346 0
3716 0.8532473094699489 -0.7950630529654783 0
3717 0.8165081157510099 -0.7891377264553932 0
3718 1.068685478213488 0.9970858180706572 0
3719 1.009768333684788 1.021308618906884 0
3720 -2.578835519194235 -3.745453287717083 0
3721 -2.626232793006101 -3.522264523755078 0
3722 -2.777076772144921 -3.635172976367001 0
3723 0.6027829524829279 1.728890414669361 0
3724 0.6969886409962069 1.710763830323262 0
3725 -1.528257683365697 0.3497343707982107 0
3726 -1.508514198030438 0.4266088081955005 0
3727 -1.570832725930198 0.3939266041229046 0
3728 1.219476338096947 0.5556884517623021 0
3729 -1.171789164457288 -0.5700286499973251 0
3730 -4.047159870547931 -0.3269390754617477 0
3731 -4.091428922968566 -0.07719320385140371 0
3732 -4.222005197544066 -0.2497580639816427 0
3733 -2.318762131372842 -4.280836428715612 0
3734 -2.501795990464098 -4.140231047630993 0
3735 -2.46791442237696 -4.377468102591138 0
3736 -0.06551610350071113 1.875237690530531 0
3737 -1.719434104443728 -0.2974246041859984 0
3738 -1.637497493588905 -0.3192705516023027 0
3739 -1.679151479242384 -0.2344426888663977 0
3740 1.075669322842121 -0.7903200403328312 0
3741 1.030513827410995 -0.7737301977004881 0
3742 2.846334437117279 1.275906976065989 0
3743 2.786736275540442 1.447984999063714 0
3744 1.12741319057873 -0.8029744991473895 0
3745 1.115240939635986 -0.7500463391341317 0
3746 -1.031388900771561 0.1502405953364604 0
3747 -1.058424069885118 0.1522882466873888 0
3748 -1.054224057538242 0.1278486385910158 0
3749 0.2571644560496498 -1.086266934684697 0
3750 0.2829518684232761 -1.100563814003529 0
3751 0.2915970287853573 -1.06742383610998 0
3752 2.032615744600994 -1.765306961385853 0
3753 0.9454072841823666 0.6219285899299531 0
3754 0.9581148785489948 0.5891052403249357 0
3755 3.110384438168068 -4.377124034180449 0
3756 3.353153510419366 -4.442123331347474 0
3757 -3.234475591673206 0.5632035306584331 0
3758 -3.065016086384758 0.6630102188194762 0
3759 1.738870329081018 -1.426186730382154 0
3760 1.616337974056045 -1.416160024271905 0
3761 0.3015475353140909 1.386694048063476 0
3762 0.7351406165387121 -2.838703290638244 0
3763 2.018716001979285 1.204386561325665 0
3764 1.896605204658091 1.219301822836963 0
3765 1.945063980095122 1.107427700038308 0
3766 0.1584607204927991 -1.167156550083761 0
3767 0.1842847629183936 -1.14594615630928 0
3768 -2.097444210189721 -4.342439906216404 0
3769 -2.131325778276859 -4.105202851256259 0
3770 0.03149657471794544 1.395783011594279 0
3771 -0.5904410227313475 0.9268744110460536 0
3772 -0.5835527546648148 0.8936016596045999 0
3773 -0.8946575265322207 0.9917867245021914 0
3774 -0.9137351291806568 1.044987937560727 0
3775 -0.05155234993287396 1.273448431952112 0
3776 -0.03070731473514403 1.235517056238889 0
3777 4.407016992020031 -3.752100531914622 0
3778 4.564541269071851 -3.544757732543962 0
3779 -2.050563592633452 -0.5256768927373006 0
3780 -2.151383425671655 -0.4224373458487612 0
3781 -2.159638649499894 -0.5335561506690336 0
3782 -1.89247610746992 1.242154727117555 0
3783 -1.8402506485037 1.149189302255836 0
3784 -1.785791346077102 1.253679644365799 0
3785 0.71297897684675 4.189395380973751 0
3786 0.6034334865249562 4.012537295979397 0
3787 0.8134317576109328 4.006781306843103 0
3788 -0.05839185870028397 -1.332448139675088 0
3789 -0.02888309786799866 -1.301359114854363 0
3790 -0.07848029859880815 -1.28830341700816 0
3791 -0.1165744871207045 1.320437878066961 0
3792 2.115653769595844 0.9780727128839247 0
3793 1.999183715421214 0.9935235974483729 0
3794 -0.5647753460145251 -1.085434349983395 0
3795 -4.407014175236094 -1.60531385751769 0
3796 -4.395902110370169 -1.378712713361345 0
3797 -1.036432999458875 3.013060366103672 0
3798 -1.022427423080136 2.86080858376023 0
3799 1.395853718347091 -0.258990476840206 0
3800 1.3529809336972 -0.3093200849675244 0
3801 -1.535766616617311 -0.9223842281839785 0
3802 -1.610181904069265 -0.9963784550349075 0
3803 -1.10896117188818 -0.2007024646403226 0
3804 -1.13744370932349 -0.1665878602955875 0
3805 -0.2118388255288755 1.411865561125548 0
3806 2.128392260542086 0.4283739469607096 0
3807 2.219754443834236 0.4929239576598088 0
3808 -2.009675590288087 -4.547013337537706 0
3809 1.984672099850801 2.6706035997379 0
3810 1.908387854123252 2.828368253748047 0
3811 -0.2426872522738081 1.459503545904279 0
3812 -0.269997785914635 1.410753001061737 0
3813 0.4995306058694852 -1.288429049188346 0
3814 -1.748097596559943 0.1610934465761136 0
3815 -2.907603448099272 -1.922506292341148 0
3816 -2.74878476635584 -1.825173371225191 0
3817 -1.127083914712183 -0.4837824487686264 0
3818 -0.4996451556080383 4.576530428924372 0
3819 -0.6477175834937292 4.401572770389803 0
3820 -0.3980724278798543 4.39202963957268 0
3821 -4.396907697811979 0.6422662847539014 0
3822 -0.6780581107313101 1.057179636105814 0
3823 -0.6364422742085349 1.05929958013261 0
3824 -0.4146754405648011 1.380803813833746 0
3825 -0.3728129086946838 1.340396947669063 0
3826 1.293889702726218 -1.729989188900571 0
3827 1.193662476084222 -1.682918036457208 0
3828 -2.142440281644887 -4.759036741837878 0
3829 -1.867235308647271 -4.787976595699828 0
3830 -1.5053443124783 0.2247223125075742 0
3831 -1.534557292290422 0.2958017623977587 0
3832 -2.747060135536445 -2.821075466853287 0
3833 -2.802178822111014 -2.614730028716633 0
3834 -2.911506365259066 -2.778748015342018 0
3835 1.568093950782472 -1.608516379238758 0
3836 1.542311769736333 -1.498794178524114 0
3837 -4.773095921023493 3.609345639879423 0
3838 -4.773095921023493 3.859345639879176 0
3839 -1.180823084854389 0.611549104855469 0
3840 1.916019939124214 0.0671510685319935 0
3841 1.9995068720077 0.003429656901631092 0
3842 0.8821412700509441 -0.8708636391045966 0
3843 0.2271243756762059 1.174516967252552 0
3844 0.2449440434616424 1.140134862429272 0
3845 0.4418988533789861 -0.9890234047757513 0
3846 0.6976765579228739 0.980893853411659 0
3847 0.6604767586131904 0.9867552864122832 0
3848 -1.015626837323283 0.6657213588205375 0
3849 1.200541881497744 -0.285365995007364 0
3850 -1.669961203743217 1.439071793081442 0
3851 -1.568790828761403 1.390974313871671 0
3852 -1.601795800101446 1.499614524842473 0
3853 1.119500324440237 1.813397410955703 0
3854 1.022331962076038 1.829343557974946 0
3855 1.064204532119424 1.748169471705133 0
3856 1.032357198953705 0.5234079487254828 0
3857 1.042153204877158 0.4872139036812758 0
3858 0.3790744206563965 1.742900665032284 0
3859 1.103843049031747 -0.3342323787115227 0
3860 1.08922374743039 -0.2968239956402178 0
3861 1.065462611024247 -0.3301809358043363 0
3862 -4.594568098865343 -1.005955806563257 0
3863 -4.400950415314612 -1.128238824667058 0
3864 -1.327065035207277 0.169231078736775 0
3865 -1.294755252112055 0.131352060363405 0
3866 -1.278639755631165 0.17905328148028 0
3867 -1.998810428574084 1.032271105498591 0
3868 -1.892545513016026 1.046172585262588 0
3869 0.5356907282900827 1.879773799535268 0
3870 0.1482941828487367 1.183522474649668 0
3871 0.1273996557696265 1.15756993786951 0
3872 0.518507975327301 3.217443302932103 0
3873 0.4289011217997141 3.090487857491328 0
3874 -0.0183582821828186 -4.580353916446972 0
3875 0.09060146897762381 -4.381387783100064 0
3876 -0.1488557949239289 -4.377116814909137 0
3877 -0.8141520084759195 -0.9176428177128091 0
3878 0.6955955848434421 3.503008273796048 0
3879 0.5995239961703183 3.360061231844792 0
3880 0.7730510742270207 3.35641747840716 0
3881 -0.7008058395632273 2.220258481879307 0
3882 -0.6429979963048122 2.117056498522371 0
3883 -0.5925423164188578 2.213131074157103 0
3884 -4.758636601950206 4.099259466030709 0
3885 -2.685209879817319 0.2913288512401292 0
3886 -2.554433105857495 0.3607342646157691 0
3887 -1.050168697887111 0.4843027379404516 0
3888 -1.02593799784924 0.4599691266781041 0
3889 -1.01695789155731 0.4986490293702548 0
3890 -2.495592124652497 4.57861454411356 0
3891 -2.608025313451982 4.358860193230131 0
3892 -4.195722645791861 -1.252611405933219 0
3893 -4.016255909104439 -1.100495073559345 0
3894 2.203860877315592 0.7316682634402433 0
3895 0.355101642936614 2.962853248879775 0
3896 0.2729036000889767 2.847004699705457 0
3897 0.4155677356510859 2.843710996400035 0
3898 -1.793257874074545 -2.084390036831408 0
3899 -1.751602900101749 -2.226638088509752 0
3900 -1.693713428493872 -1.999562111115755 0
3901 2.197802687597543 -0.7129745058856166 0
3902 2.067732119670431 -0.6753482019534287 0
3903 -0.8338522277271283 -0.7496591200698101 0
3904 -0.8343501448195965 -0.7890311311903522 0
3905 0.2072657943358992 1.568317789919222 0
3906 0.1731244515584628 1.519578315817444 0
3907 0.2369976826557733 1.521331749758555 0
3908 0.3042203981492643 1.164927044761825 0
3909 0.2819541697712576 1.137097264332044 0
3910 0.319558899245998 1.132102999665855 0
3911 -1.066404746325838 -0.6190421515903236 0
3912 -1.136057859506616 -0.02307724678171839 0
3913 -1.116000828179428 -0.05356768131376968 0
3914 -1.107112054174952 -0.01740085146645309 0
3915 1.123733938775074 -2.828454047445856 0
3916 1.266909022954981 -2.858833414016863 0
3917 1.221530027570668 -2.716902192994456 0
3918 0.4692388975986218 -1.113667692472714 0
3919 0.4326699715036079 -1.103202337808545 0
3920 0.2055220772237667 2.731303000531318 0
3921 0.134648016523995 2.623010022363185 0
3922 0.262495632103677 2.619569469057585 0
3923 4.202042259365072 2.240922612700615 0
3924 0.06887415650280622 1.191056352339673 0
3925 0.08784716158561122 1.158588951133172 0
3926 -3.05173004089596 -2.912036548248462 0
3927 -3.106848727470529 -2.705691110111808 0
3928 1.428497676291316 0.06083841139048079 0
3929 1.379424951884621 0.07286035905477703 0
3930 1.399365746557073 0.01334243230468729 0
3931 0.3110994192045314 2.508695576137406 0
3932 0.2514386323563448 2.411847118049043 0
3933 0.3709164801569709 2.409266203296997 0
3934 -0.8127843486045819 3.173875346226173 0
3935 -0.6852724634788742 3.121246678881202 0
3936 -0.4663001208499005 -3.03180210424688 0
3937 1.155339688831978 -1.389409695705917 0
3938 0.3066008092183313 2.132164653602416 0
3939 0.2572335102577892 2.04281253282951 0
3940 0.8036953002066671 1.154532176056204 0
3941 0.7479112145042616 1.16081947668366 0
3942 1.397459281545757 -1.768716265550403 0
3943 -0.7670336283924988 4.197357021471627 0
3944 1.011339575654485 -0.527822091554349 0
3945 1.001464300312611 -0.496825415234396 0
3946 0.9777195730171302 -0.5293694961962966 0
3947 -1.410407876606019 0.04706500565767129 0
3948 0.3079189440561119 1.62305696859605 0
3949 0.3373704212148076 1.5662281386063 0
3950 -0.5444995888638491 -1.886334890861536 0
3951 -0.5563740348873278 -1.801026379012238 0
3952 -1.233385686414985 -0.9965427925293414 0
3953 -1.194069116732781 -1.0384184001454 0
3954 -1.1751765048869 -0.9742868143718052 0
3955 0.5159810754561792 1.435396093798961 0
3956 0.4855803756929785 1.388991568733841 0
3957 0.550339692140116 1.383454433349677 0
3958 -0.7020731579537203 -0.8949350570440563 0
3959 -0.727156596275472 -0.8643142480388278 0
3960 -0.7958793182860193 -1.324314833918243 0
3961 -0.8697586636156323 -1.347528285722114 0
3962 0.2602825445583761 1.107310817333302 0
3963 1.63030250844698 0.8922120903104566 0
3964 1.582235211414262 0.8133348438824637 0
3965 -1.730876969483978 2.646759394445156 0
3966 -1.765627423571116 2.808521600528277 0
3967 0.4033041594549611 1.080902001458033 0
3968 0.3852943276690483 1.051913456064157 0
3969 0.4221538285184914 1.050491334984065 0
3970 0.005312971202550526 -1.300700284097282 0
3971 -0.01477546869597364 -1.256555561430355 0
3972 0.5736422843377553 1.330382884715242 0
3973 0.600159825097371 1.281414194325006 0
3974 1.91699121946782 1.4279765861237 0
3975 1.792718444177141 1.432410926332915 0
3976 1.845984451251574 1.320695024333534 0
3977 0.3385511942284652 -1.444632465047163 0
3978 0.2817616897609823 -1.418401422229781 0
3979 -0.786510583865158 0.9394871685229074 0
3980 -0.8056362802154733 0.9028403126954081 0
3981 -1.109484097115792 -0.2738134707595083 0
3982 -1.077371610469464 -0.2874699364422109 0
3983 -4.162301933980409 0.7325027264377704 0
3984 -1.361421168416304 1.663298949006625 0
3985 -1.275699582618844 1.590930093803772 0
3986 -1.478585089816 -0.319053384448445 0
3987 1.218829407858972 0.3335753052113632 0
3988 -1.55716679689736 1.907289734345078 0
3989 -1.493553713352628 1.782723381015963 0
3990 -1.430480897176417 1.89800726137041 0
3991 -0.7810785896402364 -2.924448668128866 0
3992 -0.8092739570202125 -2.77711571151202 0
3993 -0.9447415217960313 0.8525596908862271 0
3994 -0.9308806452195912 0.8919648438309618 0
3995 -1.610530589947219 -0.19948707638536 0
3996 -1.692467200802043 -0.1776411289690556 0
3997 0.4242686403848021 1.227121426415219 0
3998 0.3986884359536556 1.184294962101091 0
3999 -1.486233799186352 2.849852238966967 0
4000 -1.506092932849302 2.724799337255457 0
4001 -1.368993932330604 2.816476233557173 0
4002 0.4145991184204224 2.30661167454824 0
4003 0.3568012595181355 2.219745289833491 0
4004 0.4601446846297736 2.213939219173097 0
4005 1.213705055182 -0.1326827153130468 0
4006 1.20360140121695 -0.09376448735876913 0
4007 0.6232953391175173 1.231295822958267 0
4008 0.5972233676908705 1.195725267467294 0
4009 0.6232089667159142 0.9879217584244919 0
4010 0.5890334850236167 0.9940395272189249 0
4011 0.6066096417363962 0.9608519526619697 0
4012 0.01108995990494875 1.232272155673404 0
4013 2.982500861494428 -4.589796402643799 0
4014 2.859614370220342 -4.369308086459378 0
4015 0.8468055667214581 0.9221880742531441 0
4016 0.8622074736336075 0.8820218633726871 0
4017 -1.229854096354322 0.1826104689466502 0
4018 -4.588431833077884 2.511646075753489 0
4019 -4.411361306471795 2.388042918975903 0
4020 -4.404262004978026 2.623028583318302 0
4021 -2.72683074779863 1.380265381798087 0
4022 -1.785860751623208 1.057697502510833 0
4023 -0.2780618025056985 1.080771227762394 0
4024 -0.2492774927590566 1.056571056541634 0
4025 3.389333697279898 1.885306691447521 0
4026 3.20957816192479 1.883485064984665 0
4027 3.288836239179446 1.721121904304848 0
4028 -3.011103052468125 4.526777211142624 0
4029 -2.841179911394986 4.345055346351618 0
4030 -1.770491490063291 1.447178536639881 0
4031 -1.737486518723248 1.338538325669079 0
4032 -1.046915177198338 -0.3984118988000237 0
4033 -1.088179833956028 -0.4071506872989057 0
4034 1.894480406678355 0.4336944394378985 0
4035 1.802252311645979 0.4623111687428035 0
4036 1.820926384350575 0.3711870296755343 0
4037 -4.033587906981801 4.713147802673362 0
4038 -4.214658074321862 4.807847620482406 0
4039 -4.248245981304885 4.520995423155767 0
4040 1.198200330304379 -1.021910235135697 0
4041 1.221088267134346 -1.093196448196807 0
4042 -2.102277893999069 0.8213984276721085 0
4043 -2.036300363388696 0.7226772725261179 0
4044 0.1467722491003531 -1.525271339394913 0
4045 0.07788982601303951 -1.547317279768718 0
4046 -0.6021569978512245 -4.107776635243178 0
4047 -0.7539131417700475 -4.290582873304713 0
4048 -0.7845726425262577 -1.032056623205489 0
4049 0.6752923049351363 1.097408723781344 0
4050 0.658629006269505 1.049442911364346 0
4051 -1.639364535467382 -3.238961528763124 0
4052 -1.49009121676862 -3.134387725681574 0
4053 1.289754003499049 -0.6293964251263807 0
4054 1.268372938916494 -0.575572913030677 0
4055 -0.5584025455662199 -1.573781542106522 0
4056 -0.6269103038287054 -1.615752701921894 0
4057 0.2279490964733754 -1.394261876122418 0
4058 0.2158869590994446 -1.341465679390212 0
4059 0.1736325441534403 -1.382788399973185 0
4060 0.6179806452422143 -2.193379212295878 0
4061 0.5155227913678104 -2.163842273774531 0
4062 -0.8725729735395882 -4.756456328449616 0
4063 -0.9872899083925366 -4.548270254161208 0
4064 -1.114716934860189 -4.791813925711591 0
4065 0.9766307666363994 1.906522828502492 0
4066 -0.1803729372514151 1.565762662282674 0
4067 -0.2140372424414003 1.513311882167078 0
4068 -0.1508639866980635 1.513066886083686 0
4069 0.4698040263823148 1.555346279360758 0
4070 0.4274117880027236 1.501659141267696 0
4071 0.4936139973886329 1.494620367276186 0
4072 0.501859006025776 2.120973509197046 0
4073 0.5476591351298916 2.037421683395475 0
4074 1.676493826097309 1.431632209251962 0
4075 1.567292020138016 1.456409843544279 0
4076 -0.5694647269039181 3.049011999209618 0
4077 -0.5857207003078516 2.947218130616911 0
4078 -0.4713193511076875 3.018634623885652 0
4079 -1.294916865023217 -1.586213922783334 0
4080 0.9608364050213432 -0.5567303378727311 0
4081 0.3639555350078122 1.518351428016024 0
4082 2.107113770119247 -2.407954826091179 0
4083 2.066568951106401 -2.232998539997922 0
4084 1.949974805447387 -2.351645735216409 0
4085 0.0772033268276881 1.556421612720885 0
4086 0.1146547035702018 1.51341511650117 0
4087 -0.8167611260553751 0.8587007499314715 0
4088 -0.8315061285195275 0.8211773119881418 0
4089 0.7279720211092308 1.21520502899437 0
4090 -1.061732918011994 -0.1176991668043712 0
4091 -1.090061838209535 -0.1356240526122683 0
4092 -1.348340428199555 0.2591249518716046 0
4093 -0.9075285269273276 0.64449147698481 0
4094 -0.9364465929258503 0.671262202254937 0
4095 -0.7733614870046009 1.250177962588523 0
4096 -0.7568580370560685 1.192434519678255 0
4097 -0.721899315094841 1.246497205533381 0
4098 1.786841901965912 0.5439773920034284 0
4099 1.04532641645739 -0.5372491187746167 0
4100 1.021581689161909 -0.5697931997365173 0
4101 -0.8680293007937296 1.193017128838245 0
4102 -0.8903573430008342 1.144511822049335 0
4103 4.169139632216775 -0.6952349683161897 0
4104 3.992241811872175 -0.5733499589102817 0
4105 0.8087344134958643 -1.044927143962341 0
4106 0.7540840508912329 -1.03735310936888 0
4107 4.562269232137656 0.4859863017023497 0
4108 4.379500179722594 0.580868059778044 0
4109 4.405667206807694 0.3300310434365672 0
4110 -1.085024063965309 -2.816842529163599 0
4111 -0.9544071434618789 -2.706450875148836 0
4112 -1.102608720242979 -2.651985497008477 0
4113 0.1569560300665455 1.031799295988628 0
4114 0.1759907647283739 1.050924987345777 0
4115 0.873566809439106 0.8409850845113783 0
4116 0.8829411477040909 0.8008822383840276 0
4117 1.033325841897601 -1.29073353128934 0
4118 0.9598218271711569 -1.272588413592983 0
4119 -0.04973466286978143 1.140122603233602 0
4120 -1.505248142178603 1.538441366914022 0
4121 3.773850307419587 -2.447901007696219 0
4122 0.0330235732281778 -2.195494848771672 0
4123 0.02605215057232767 -2.086923942691759 0
4124 -0.05946999695054846 -2.146510084623974 0
4125 -1.474439353994569 -0.2069547625796337 0
4126 -1.550741930918547 -0.2049942490118233 0
4127 -1.520912291463583 -0.2582491498505125 0
4128 -0.9971308278934148 -0.5461051848952239 0
4129 1.053093735573047 -0.3631786079248562 0
4130 -2.047887077752278 -2.931744543628009 0
4131 -2.246943209893987 -2.892563646716303 0
4132 0.3986016266015419 -1.088400066106708 0
4133 0.3934524892170157 -1.052058905265436 0
4134 0.3644528091435211 -1.075179212098318 0
4135 0.5888943477704758 1.950648993642019 0
4136 -2.288893781691895 0.3821433484156799 0
4137 -2.239712366013346 0.2792918205543347 0
4138 -2.172388128732917 0.3837553249059876 0
4139 -2.245426917121319 -0.2213137798465463 0
4140 -2.122362140851307 -0.1723418316211675 0
4141 0.8799729235149104 1.092691639888804 0
4142 0.8992818681823256 1.043556847421293 0
4143 -0.8061339374303368 1.303976591956913 0
4144 -0.8410926593915643 1.249913906101787 0
4145 0.6233766383022183 -1.127122968012996 0
4146 0.9619135753182591 1.503172138720219 0
4147 0.957332778351935 1.576213502493621 0
4148 0.7865044650946417 3.664643871103582 0
4149 0.6129773870379392 3.668287624541214 0
4150 0.8072652220608677 -0.761869694508146 0
4151 0.7832987674170382 -0.7912471788953039 0
4152 1.289375630826102 -0.3903757474629325 0
4153 1.314554662454678 -0.3430373325623933 0
4154 0.1429121938606298 -3.078001932909372 0
4155 0.1133216658050685 -2.922022532954565 0
4156 0.8927694009506859 0.762180526769368 0
4157 0.8678636828115758 0.7327640502526119 0
4158 0.9090113445775757 0.7252688784213865 0
4159 2.406706444168053 0.2781106153816514 0
4160 2.304533945144649 0.2942120230282453 0
4161 2.3456183997299 0.1865261230650506 0
4162 -1.097901697952103 -1.665535054042384 0
4163 -1.017948568848694 -1.604135650076761 0
4164 0.8958521691358725 3.818652203225574 0
4165 0.9784703669413753 3.653372852480408 0
4166 1.557662086168112 3.57998860689866 0
4167 1.357498956589216 3.615984362435588 0
4168 -4.843235618969356 -2.643517578541889 0
4169 -4.563657350902737 -2.5969685564119 0
4170 1.105741471856083 0.03619799476956742 0
4171 1.098704429631279 0.06056277969432705 0
4172 1.081166490719106 0.02991519244238158 0
4173 0.245185366250493 -1.308702358806773 0
4174 0.1908688139305579 -1.297228882657539 0
4175 -0.8317146685025811 3.341148518372993 0
4176 -0.957820166253497 3.250126012777639 0
4177 0.6764799909958761 0.8569606347798384 0
4178 0.718145459340652 0.8470220032178545 0
4179 -2.434272538629686 2.135272618857839 0
4180 -2.456883018987175 1.973519847597775 0
4181 -1.137188562152244 0.1921369900922953 0
4182 -1.119586775333874 0.1659999390472033 0
4183 -1.106469627784171 0.2057791683577959 0
4184 1.192398417955395 -0.0540007646141397 0
4185 1.183373325072942 -0.01655004705359618 0
4186 0.1062915343356521 1.128226564780435 0
4187 0.8809000142338967 1.592857468193758 0
4188 0.9594622931309569 1.644889140016809 0
4189 -2.674432344124192 -3.118594763256152 0
4190 -2.840430862320641 -3.198538832941835 0
4191 -2.658475527760336 -3.332040142719315 0
4192 0.1680470599796144 -3.250175656333828 0
4193 0.3038771801567417 -3.133857940276629 0
4194 1.394328704038478 4.45098817095133 0
4195 1.638160722538522 4.488258411490216 0
4196 0.2610552430089801 2.224837108977559 0
4197 -0.9115259494635732 -1.219174047480621 0
4198 -0.9004614767129869 -1.277733277831323 0
4199 1.155890597270241 -0.7140495662105166 0
4200 1.104146729533631 -0.7013951073959583 0
4201 -0.4879572911624738 1.430223231056736 0
4202 -0.5189498872017683 1.385727636591753 0
4203 -0.4512999484600312 1.39023249379741 0
4204 -4.797765567285826 2.388330205706778 0
4205 -4.790666265792058 2.623315870049177 0
4206 0.4410524859437224 3.364034098320992 0
4207 -2.392440281644085 -4.759036741837878 0
4208 -2.533029632030431 -4.54985953965719 0
4209 -2.640589350388812 -4.790822797819311 0
4210 4.813756536363247 -2.399052121221597 0
4211 4.615460814061358 -2.532546540817206 0
4212 4.80170427769811 -2.633494419598076 0
4213 0.2021752182069506 -1.764446296511175 0
4214 0.2465285995742705 -1.721160880026271 0
4215 0.1635377734981872 -1.710146702638097 0
4216 -0.05086772330691356 -1.062235110919437 0
4217 -0.03852045038998154 -1.091278398449995 0
4218 -2.176918953096301 0.1819410492094057 0
4219 -2.121130036629012 0.09849921778960397 0
4220 -2.768328178705219 0.1977441611804048 0
4221 1.490628573487151 -0.1817508203283702 0
4222 1.441327928207997 -0.2188892114146083 0
4223 -0.5409708914689471 2.316717453380761 0
4224 -0.4831630482105321 2.213515470023824 0
4225 1.135404905300849 0.02815131179239061 0
4226 1.686160704060231 0.4345177289959369 0
4227 1.602962489556761 0.432153401364487 0
4228 0.1443865918900759 1.466429076340503 0
4229 0.7541529050598742 0.7787230088935039 0
4230 1.206995821333522 -0.7199005533375518 0
4231 2.840809058639811 0.9764560333122744 0
4232 2.706249005012434 0.9645328912394555 0
4233 2.786913153399315 0.8175491974768195 0
4234 -0.3678911508527012 -1.163719127965572 0
4235 -0.3807036933784402 -1.120172183794584 0
4236 2.339630710693843 -0.1177014570468523 0
4237 2.233898186659964 -0.09513613185723052 0
4238 2.271376361750573 -0.2031939006699244 0
4239 -0.3173903408639527 1.12161523704909 0
4240 -0.3437666900679657 1.092612583842394 0
4241 -0.3058490307423353 1.089281521883622 0
4242 4.588109053435735 -0.004738686526477132 0
4243 4.396269255409909 0.11075988569528 0
4244 0.9201491692809263 0.6891186025264042 0
4245 0.89764567092065 0.6621729641047458 0
4246 0.9336892137631108 0.6554391647265195 0
4247 0.9941068009304785 -0.5940591357582095 0
4248 0.9580928570783559 -0.5838711765536171 0
4249 0.9646048096498294 -0.6175641397955769 0
4250 -1.926295667936852 -0.1369577538918003 0
4251 -1.869344744586833 -0.2242227611738272 0
4252 -2.055608983313701 0.0180992851621028 0
4253 -1.987289511652429 -0.05794414538343648 0
4254 -0.4613987680994986 -0.9585331570854121 0
4255 -0.487889632962073 -0.941455782436341 0
4256 -0.4837805630784628 -0.9697484734888373 0
4257 -0.07043831695842627 -1.663162155181258 0
4258 -0.1498303790457792 -1.642471127748071 0
4259 1.015343300768427 0.4055245750344525 0
4260 1.050376801587839 0.3889395565741406 0
4261 -4.594930286584523 -0.5049105656626014 0
4262 -4.389795200227354 -0.3758767929429298 0
4263 4.359797665276343 -0.8172358422519393 0
4264 -1.176758380788842 -0.03342077342970453 0
4265 -2.220736158008759 2.638679637874835 0
4266 -2.189637053957179 2.821776964588734 0
4267 0.7460622871347533 -0.9514846031569286 0
4268 0.7509891567698072 -0.9894493454455354 0
4269 0.7709110866769024 -0.9716931231937103 0
4270 -0.1541658922023324 -2.107190784248138 0
4271 -0.260405448713101 -2.07873935368949 0
4272 0.4614346407311034 -3.204299168820026 0
4273 -1.554887666739978 -0.3170928708806346 0
4274 -0.0530927955456454 1.55589826783147 0
4275 -0.09298762641153863 1.513991981397857 0
4276 -2.118763613560132 0.5188642798566591 0
4277 -2.121391357206979 0.4434602449795422 0
4278 -2.018585426355645 0.4757176720688684 0
4279 0.8508211864096957 -2.245479022400955 0
4280 0.8163753852466664 -2.128824344363808 0
4281 0.7314448451421671 -2.229297993540542 0
4282 0.123051164229057 -1.363756195195541 0
4283 0.0800847955896795 -1.347462037510618 0
4284 -1.240320578683486 0.0216765852459509 0
4285 -0.8297105660089737 3.501627186639212 0
4286 -0.6846747483600587 3.425376520087746 0
4287 -0.1497057783836905 -1.118014849671269 0
4288 -0.1853404010524462 -1.104907367681058 0
4289 -1.958073750078906 2.500224206613288 0
4290 -2.091174618074585 2.57854983859339 0
4291 -3.206096404876567 -0.9413149077698041 0
4292 -3.064238907727901 -0.9966358956897217 0
4293 -3.091433142335074 -0.8242218369021758 0
4294 3.091906631255741 4.785238389859771 0
4295 2.855066446539818 4.78098628285839 0
4296 -1.444386985338447 -0.5639435759337645 0
4297 -1.400345517926202 -0.6225281065435888 0
4298 -1.521786775787661 -1.302255936696359 0
4299 -1.422731414358808 -1.229567121176327 0
4300 -1.519774937543684 -1.196451737693835 0
4301 0.5721407929763349 -1.456284216575881 0
4302 0.6151590420682428 -1.401965736416364 0
4303 1.14862968156786 0.9219301302368981 0
4304 1.112398746910685 0.8786986800434431 0
4305 1.174269592464235 0.8660287851003883 0
4306 -1.081515113506385 -0.02294310407537334 0
4307 -1.101572144833573 0.007547330456677944 0
4308 -3.135563480892371 4.74595677063594 0
4309 -2.875539571573309 4.780820440506684 0
4310 0.2208653011747659 -2.167766915005457 0
4311 0.3016775852231692 -2.091174282984194 0
4312 0.1993580047994572 -2.059316074818192 0
4313 3.234171107450191 -3.830329340599784 0
4314 3.022263998278213 -3.956774234150769 0
4315 1.772332429367412 1.223736163046177 0
4316 0.822509251368998 -0.7431349563192908 0
4317 0.7892999030350263 -0.7452444087592016 0
4318 0.286236986237605 3.09378156079675 0
4319 -0.1734158085011937 1.131714461657809 0
4320 0.05607194043598394 -1.481480768234026 0
4321 -3.300112117062501 -0.2367480791837657 0
4322 0.3888219797896981 4.008671566649348 0
4323 0.3163047706915316 4.215057905298329 0
4324 3.116635464719854 -4.798806175182435 0
4325 2.865865396772129 -4.790990227461364 0
4326 0.3819734799043031 2.616988554305538 0
4327 0.3318686647367546 1.0932986708871 0
4328 0.3541348931147613 1.12112845131688 0
4329 0.1628980443265048 2.062867695389007 0
4330 0.209276761875118 1.968423755472032 0
4331 1.322974429241963 -3.011937564394855 0
4332 1.192182844328143 0.8087379437027622 0
4333 1.207668340841085 0.7521227199991347 0
4334 0.5278674729394506 1.11329155413702 0
4335 0.4962156638886241 1.10102021179432 0
4336 0.5330274282404215 1.081344083355605 0
4337 2.195672295212733 -2.73749449146443 0
4338 2.152878314753762 -2.567298347308225 0
4339 2.033313604919204 -2.696798165465871 0
4340 -0.2609498392730364 1.31912848119004 0
4341 0.836617609343695 0.7419689751552304 0
4342 0.8528595529705848 0.705057326807249 0
4343 -0.4198187511499404 2.515462256808743 0
4344 -0.4830872833924119 2.416774254466675 0
4345 -0.36832309101815 2.415789851589551 0
4346 1.841557358504467 0.2916804932192478 0
4347 -0.2292767453059268 -1.179755302426068 0
4348 -0.2705968975501016 -1.199759473333954 0
4349 -2.77671509798678 2.288231468124242 0
4350 -2.613535761554197 2.216795137329932 0
4351 0.9650544279640056 2.898321773530202 0
4352 0.8933289229393517 2.779090082244063 0
4353 1.054416248185252 2.781605564787697 0
4354 0.5847809424795007 0.9384078220211398 0
4355 1.168296062790319 -0.4224707696295384 0
4356 -0.1489824789295256 -1.350763070664424 0
4357 -0.1955826265827209 -1.333211258290175 0
4358 0.407634108914404 -2.126597280816081 0
4359 -0.5484734544958398 1.131204340516744 0
4360 -0.5041913412916079 1.129048075624617 0
4361 1.294083883921107 -1.276274769958004 0
4362 1.226294629844482 -1.34406481059815 0
4363 1.805587957272563 -2.301412199081119 0
4364 1.747290238415153 -2.164614434566066 0
4365 1.643448209253175 -2.289337184524032 0
4366 -1.605074854618992 -3.418766479739033 0
4367 -1.786006535253668 -3.355554289708078 0
4368 4.836843870654185 -1.70088204487399 0
4369 0.3747878823007379 1.256970077770984 0
4370 -0.7630445830946009 2.31447392683291 0
4371 -0.8135002629805554 2.218399351198178 0
4372 -1.668894665391383 0.05923803563350723 0
4373 -1.716031716045502 0.003676102728396607 0
4374 0.6583100326668658 -1.352002882644344 0
4375 0.7074397183333767 -1.310998045308888 0
4376 0.5393430365612519 -1.09935676058639 0
4377 -1.903732142933066 0.657265669627809 0
4378 -1.824859275964972 0.5972546520760824 0
4379 -1.083627788790817 0.9608550030802379 0
4380 -1.107114902996977 0.9097253285228724 0
4381 0.9669135977422113 -0.8303026114963726 0
4382 0.9680749906272881 -0.8834809989773932 0
4383 -1.144751853692675 -0.7587058415020439 0
4384 -1.113679967442815 -0.8070240437276339 0
4385 -1.681216609491792 1.078851916201458 0
4386 -1.65913276192844 1.172428240657937 0
4387 -3.343073842497982 0.1221849011669306 0
4388 -3.205713170776313 0.2213728612813537 0
4389 -0.9455278602002328 0.9224505829886663 0
4390 2.329894794439848 3.260783752351149 0
4391 2.234257212007445 3.409984299361517 0
4392 2.14549460011351 3.256582457776862 0
4393 -1.141651683687052 -0.2683241325241661 0
4394 0.949116989910878 -0.4824327953867289 0
4395 0.9198952202445185 -0.4881466989833762 0
4396 -2.448355529755459 2.312955257245393 0
4397 -0.5929429766456373 1.056896174261913 0
4398 -0.5755739834577567 1.020873111215221 0
4399 0.3059001668865083 1.073793910516553 0
4400 0.3404761607552717 1.062819362167578 0
4401 -3.220247585730409 0.3911403152338838 0
4402 0.84191003220551 3.203027903232206 0
4403 0.9054038407876142 3.044195830497539 0
4404 -0.973123209695508 0.4496605896501616 0
4405 -0.9440135964106384 0.4487685133408132 0
4406 -0.424710453266827 -1.62701861784614 0
4407 -2.07220994152843 0.340608717118197 0
4408 0.1450559845092948 2.850445253011057 0
4409 -2.866629702974204 1.608885455911075 0
4410 -3.025575221684938 1.694955874356907 0
4411 1.17191652951698 0.02035308177438776 0
4412 1.159791034984387 0.05904735200351004 0
4413 0.03977620662065567 -1.739777082763367 0
4414 0.08665994447038747 -1.674528694186136 0
4415 0.007251758960175943 -1.660873657826502 0
4416 0.1698329632505773 -4.192610558758869 0
4417 -0.2374250093829288 -1.617974190659998 0
4418 -0.3163616965017645 -1.601286655757827 0
4419 1.363641698923032 -0.0244622699213146 0
4420 1.412714423329728 -0.03648421758561085 0
4421 -0.302263919307817 1.235865479963983 0
4422 -0.6988304258989766 -1.325249470250994 0
4423 -0.7483431660823819 -1.29975982890713 0
4424 0.9172795520593198 -0.8809490611289071 0
4425 -0.7844635962026654 0.7771497943884544 0
4426 -0.7476202662033531 0.7855793361158596 0
4427 1.952569053382223 -0.1811134867615215 0
4428 1.980065249328886 -0.2729377461619683 0
4429 2.044880822442676 -0.2296590251992759 0
4430 -1.211412643751648 -0.5765007171421429 0
4431 -1.273807112205405 -0.5722294180160634 0
4432 -3.380196569539164 0.4714324492242149 0
4433 1.011264948036548 0.4642850375861804 0
4434 -1.355643292794098 -0.6807098784070604 0
4435 -1.321782446589715 -0.7390237848169249 0
4436 0.8367774758454525 1.197930292605906 0
4437 0.8581453381725461 1.145531529085817 0
4438 -1.126809374315773 -2.505376003211258 0
4439 -1.257426294819204 -2.615767657226021 0
4440 0.4562776161200289 1.046915044105619 0
4441 -1.810853772758299 -0.2999410422768261 0
4442 -1.76919978710482 -0.384768905012731 0
4443 -2.698126081697905 4.142274658568381 0
4444 1.949058263074432 -2.998230485458274 0
4445 1.894139767052098 -2.809291845039354 0
4446 -1.259063676684443 -0.5176960625993274 0
4447 -1.004057969003099 0.5221677188203175 0
4448 -0.7528842487080195 1.430134340330364 0
4449 -0.7793298449913242 1.365227317982156 0
4450 -0.7119571687600688 1.369147670791857 0
4451 2.269472460412776 -2.448651152089738 0
4452 -1.41234911176375 -0.2118212143234543 0
4453 2.937859115771929 -2.889147860024074 0
4454 2.876434279847608 -2.71880251429006 0
4455 2.743761824351943 -2.862727377760064 0
4456 -2.467769751414258 3.276463712007162 0
4457 -2.286797287651181 3.166163155722241 0
4458 -1.790112495403885 3.303033613669442 0
4459 -1.791518340821612 3.133002685507184 0
4460 -1.307625780494274 0.08624024917108794 0
4461 -1.075759408977373 0.4094061306259516 0
4462 -1.042494181390255 0.4118971779745325 0
4463 1.223376416030321 0.6971037807667666 0
4464 1.240283672290798 0.6449140788856239 0
4465 -1.181841964937324 0.1882022177840465 0
4466 -1.168724817387621 0.2279814470946391 0
4467 -1.506600198251473 0.8883973527986208 0
4468 -1.481952243501805 -4.579790521411419 0
4469 -1.342266289825275 -4.398536279558545 0
4470 -0.9812407526257257 0.3555710552707597 0
4471 -0.999079017880688 0.3792348925878908 0
4472 1.149808014863968 0.09643129539884594 0
4473 1.145038761909423 0.133224497144961 0
4474 1.118510157813711 0.103638783767628 0
4475 -0.6317587694082663 -1.770077782889324 0
4476 4.785937967407738 -0.8603130287637 0
4477 4.560825503350011 -0.952826502893021 0
4478 -1.685261059757028 1.24557290080736 0
4479 3.822574350582361 -0.4596540016045346 0
4480 -0.3256850042869682 -1.483308647804862 0
4481 -0.318944957078957 -1.427116165532035 0
4482 0.01208447838181022 2.609962087640826 0
4483 -2.188451085688969 -0.6371866274956468 0
4484 -2.289270918727172 -0.5339470806071076 0
4485 -1.498561018412198 -1.505046958863504 0
4486 -1.51378985127384 -1.399600066596068 0
4487 -2.187719942578977 0.6012629410609794 0
4488 -2.084914011727643 0.6335203681503057 0
4489 3.007977512237537 1.274208050955615 0
4490 2.921787985373188 1.121740801964537 0
4491 -1.713920440429902 -0.4566642956113591 0
4492 -1.664134575942216 -0.5232046061531043 0
4493 0.4765702165508939 1.346623820149736 0
4494 4.593996501065599 1.469814941435981 0
4495 4.422327234343319 1.566160351448331 0
4496 4.407216268427588 1.354441691420123 0
4497 0.7473314925304168 -2.039055365079691 0
4498 4.580776412946348 1.923125838112014 0
4499 4.42976205569662 1.716829063252974 0
4500 1.378370290225595 -0.4285400667261368 0
4501 1.313573919384686 -0.4347755885448063 0
4502 -3.210590155306658 1.785072511469491 0
4503 -1.626711123468962 2.909956212279792 0
4504 -0.02355457910869446 -1.597913766604027 0
4505 -0.08364380239817207 -1.555821478363646 0
4506 1.188689847358536 1.344865620693402 0
4507 -0.3385427597144233 1.160767656419377 0
4508 -1.147902796488165 3.683274791531694 0
4509 -1.139216643355581 3.505726802870678 0
4510 -0.9854366392840798 3.594947173585475 0
4511 1.40171961188355 0.1784844554000684 0
4512 1.355544933629058 0.206559865332089 0
4513 1.362382203364372 0.1484317480725911 0
4514 3.692169730507685 -0.3463590181181703 0
4515 1.362551699436331 -0.8698468800136444 0
4516 1.345702073735453 -0.9471604858596889 0
4517 2.272799218154865 0.09649192123874302 0
4518 2.195652469825762 0.009594313358559071 0
4519 0.4742599052686091 2.403460132636603 0
4520 0.1674582250419327 -1.208227976803816 0
4521 0.2378209968379516 -2.268339307838003 0
4522 0.1355014164142396 -2.236481099672001 0
4523 0.9962893000310142 0.3797999647544273 0
4524 -0.124999999994009 4.783493649053623 0
4525 0.007429307045264566 4.580718355467903 0
4526 0.1324293070454189 4.797224706414279 0
4527 0.1105494908562944 -4.79231244231895 0
4528 -0.1289077730452583 -4.788041474128023 0
4529 4.794218129611378 0.1175746426773638 0
4530 4.793890923824358 -0.1223133292099862 0
4531 -4.43406425264799 -0.1261309213325858 0
4532 -1.438369336434629 1.699403298118318 0
4533 -4.80092712766564 -0.1261248251438638 0
4534 -4.607099921381343 0.0003992542724168269 0
4535 -4.806172793715703 0.1265240794224259 0
4536 -0.06018558218593684 4.400975869296929 0
4537 0.1972437248534911 4.414706926657585 0
4538 2.145615604355104 -0.9126480479357366 0
4539 2.071998630600651 -0.9931785516550063 0
4540 4.196301782078461 0.8718637936233097 0
4541 4.380214828226601 0.726648493301487 0
4542 2.641124239815198 1.067185614527192 0
4543 2.587228334574702 0.9082787786917369 0
4544 0.9379816208786338 3.345974945183462 0
4545 1.121978389215811 3.330312946868802 0
4546 1.053119431237321 3.483702522043756 0
4547 0.9654183777049384 -0.7044200904345288 0
4548 0.9266994442515561 -0.6940808291331655 0
4549 0.9411984659128509 -0.727171419405771 0
4550 -1.028395543837042 1.067997585263394 0
4551 -1.05990604219788 1.016121905256317 0
4552 1.959019721953382 -0.657393999305449 0
4553 -0.2721962028271598 1.512199322103267 0
4554 2.902217731819107 0.5619491915326784 0
4555 2.983230756934223 0.6916105053213463 0
4556 2.840460181911576 0.6998110257609704 0
4557 -2.113799233535222 3.077913754056119 0
4558 -2.12594528852631 3.292517690786157 0
4559 -2.108238014401848 -2.37966690233315 0
4560 -1.96032855645061 -2.423051946056767 0
4561 -1.627159701868045 2.016688047282469 0
4562 -1.690232518044256 1.901404166928022 0
4563 0.7487578708301534 -1.266489046982323 0
4564 0.7892837896689314 -1.227900602691993 0
4565 -0.9062740911988785 -4.34569314302704 0
4566 -0.9150412858969901 -4.123363359432519 0
4567 1.140065859159234 -0.3408091820162754 0
4568 1.021720230887331 0.8706665207485216 0
4569 1.072485393007838 0.8941906856307792 0
4570 1.005397659457667 3.995510288219929 0
4571 -0.8668536828590822 0.8125124926934193 0
4572 -0.9002905024615233 0.7995234841686324 0
4573 -0.7222815861823875 -1.805927423806549 0
4574 -0.7206697625308129 -1.722464274507232 0
4575 0.877611468240545 0.9590130817455862 0
4576 0.9302332157847044 0.9486039813712426 0
4577 0.9163027994127506 0.9934547272267493 0
4578 -0.4372997337232982 1.218557183727805 0
4579 -0.3845091802459381 1.227710503718187 0
4580 -0.4201875132251299 1.256077239719743 0
4581 0.4036702914301133 -1.126322644641426 0
4582 -1.96734403436985 0.6402786113217975 0
4583 -0.5880786796044601 -0.9582459067460694 0
4584 -2.091286640048638 2.905213538691752 0
4585 -1.930434640923766 3.031568073755669 0
4586 0.1988710543912054 -3.414779106618846 0
4587 0.03790606809509357 -3.358923099251589 0
4588 2.19479156884647 -2.1387366935756 0
4589 -1.744841966674906 1.78434509915702 0
4590 -1.78620524767975 1.662198174187826 0
4591 -0.7049440158089628 1.099180983636125 0
4592 -1.201320609527181 -0.1310303772487554 0
4593 -1.162163831558074 -0.1436025065094423 0
4594 -1.184699083766011 -0.1059384580095296 0
4595 1.112094970052186 1.045747963251258 0
4596 1.130168327853008 0.9832621703605536 0
4597 1.182444193260664 1.885162305643934 0
4598 1.22431676330405 1.803988219374121 0
4599 1.111883050011142 0.466147099893558 0
4600 1.116028293989944 0.4266332153381507 0
4601 -0.57087111427871 3.192663172149943 0
4602 -0.2412929966461499 -1.313654100905211 0
4603 -0.2840221607133109 -1.289232636163639 0
4604 0.7896013129500159 -0.9090833591888472 0
4605 0.800000481514229 -0.9523314932058695 0
4606 3.500416522975346 2.050990811599442 0
4607 3.599321420942776 2.240184612436104 0
4608 3.408980517992672 2.236863652964001 0
4609 0.01761075585172565 -2.01007616950035 0
4610 0.06388701265374076 -1.925604733267797 0
4611 1.278993228235716 0.4811426410311214 0
4612 1.228587958433432 0.4688173599659717 0
4613 -1.607791912467247 4.778189564277783 0
4614 -1.465958731208689 4.577464045170988 0
4615 -1.358166818737147 4.799274480893206 0
4616 -4.794003158918883 -0.8787857405132082 0
4617 -4.80056493994646 -1.127170066045136 0
4618 3.174313102332758 1.265602312946467 0
4619 3.098859554076849 1.419768487047919 0
4620 0.2977241392262143 1.522194513270056 0
4621 4.794218129611378 0.3675746426776725 0
4622 4.768051102526279 0.6184116590191493 0
4623 0.1340547247680898 1.924665784667146 0
4624 0.2283901906993742 1.904610622107649 0
4625 -1.128915982027401 0.8567315955113278 0
4626 -1.144140685889056 0.8021854211177505 0
4627 -1.248417333557581 0.5419077019914771 0
4628 -1.198152366169391 0.5255094577966213 0
4629 -0.3530132260410766 -2.043136659679098 0
4630 -0.4413672520610376 -2.012182925732931 0
4631 0.8507342443252953 -1.486777915860961 0
4632 0.7948972373108781 -1.548300408213919 0
4633 0.8752980677492886 -1.543436037734395 0
4634 4.804553733490665 1.590766800729947 0
4635 4.789442767574934 1.379048140701739 0
4636 -1.804338748575717 0.3759943869224531 0
4637 -1.718709135030403 0.377779409530031 0
4638 -1.77363326496119 0.4521976136018585 0
4639 -4.80092712766564 -0.3761248251441724 0
4640 -4.794003158918883 -0.6287857405129009 0
4641 0.5086225046381218 2.611090556993505 0
4642 0.4600187175372673 2.721964449913685 0
4643 -1.364716934859405 -4.791813925711591 0
4644 -1.617235308648072 -4.787976595699828 0
4645 -0.9057239160211035 -1.731610641328139 0
4646 -0.8457316234956896 -1.670718763699194 0
4647 -0.9402629602118588 -1.644015489602877 0
4648 -1.340625210629073 -1.17265328111521 0
4649 -0.05016592550784328 -1.382041178062169 0
4650 -0.09976312623865277 -1.368985480215966 0
4651 -0.3749999999943177 4.783493649053623 0
4652 -0.6246451556081927 4.793036779870747 0
4653 0.5091554430716858 1.610115846420192 0
4654 -1.036720740422243 0.6937446488806343 0
4655 -1.085063533808801 0.1547692036273239 0
4656 -1.08144176185121 0.5141393065817899 0
4657 -1.090421868143141 0.4754594038896393 0
4658 2.551296835760921 3.950189299767326 0
4659 2.3633283548767 3.936921017977793 0
4660 2.447116435750758 3.759723195362472 0
4661 -1.118917590625943 3.318503917012511 0
4662 -1.8370756799086 1.547630915092375 0
4663 -1.904600994888631 1.447097447680012 0
4664 2.374971717178269 0.08039051359214919 0
4665 -0.9076197872089875 1.084966904799501 0
4666 -0.8590916353517071 1.059125695916802 0
4667 2.108499674655675 4.759900704175221 0
4668 1.86823554644417 4.813288400727025 0
4669 1.976735221095774 4.573189104902245 0
4670 -0.4943444157654336 -1.528691108265083 0
4671 -0.4344582487781873 -1.559973460641101 0
4672 1.851345786593126 -2.639095700883149 0
4673 1.846132776285409 -2.476368485174375 0
4674 1.706958938418302 -2.588862164747859 0
4675 -0.1192660231135761 -3.296866432219582 0
4676 -0.2764398347570963 -3.24271399750629 0
4677 0.8293965170671478 -1.18569911903256 0
4678 0.8638388868399471 -1.139665454006728 0
4679 0.3524905636196991 -1.50694824066063 0
4680 0.559656864928063 2.207839893911795 0
4681 -0.08784086048332661 -1.244151676175653 0
4682 2.064255624934107 2.520360568669342 0
4683 2.150634685923825 2.664957871766002 0
4684 1.672808203608843 3.741909317802071 0
4685 1.752588576173021 3.557969723558652 0
4686 -1.164855402855526 0.7496660983559951 0
4687 -1.192840502534952 0.7016968130066429 0
4688 3.012833650477612 1.879828882752715 0
4689 4.201911557230793 1.239020510059973 0
4690 0.3601268560693689 -1.727636024986473 0
4691 -1.114484124301213 -0.08300544350553234 0
4692 -1.085538318969549 -0.07732904819026704 0
4693 1.992288049919585 1.532142168270203 0
4694 2.045554056994018 1.420426266270823 0
4695 -1.769005747335028 2.960302470142818 0
4696 -2.426891226983811 1.825490170399484 0
4697 -1.029502331614216 0.43499257278325 0
4698 -0.9962915252844138 0.4493388642130531 0
4699 -3.906543307922024 4.069189914247695 0
4700 -3.885146177188457 4.306985191410748 0
4701 0.6321076803786659 -1.175377447258421 0
4702 0.680308251348694 2.679280382243498 0
4703 0.7889579315722035 2.769150301435956 0
4704 -3.256667876104572 -0.5936987879419926 0
4705 -3.110244187691303 -0.6706456973095596 0
4706 0.360549490856603 -4.79231244231895 0
4707 -1.857791912467555 4.778189564277783 0
4708 -2.120052553076126 4.797794103606876 0
4709 -1.97784446554736 4.575983667884659 0
4710 0.8632863084517473 4.79196761907398 0
4711 -2.306986028175661 -3.323735988766225 0
4712 -2.162458646981597 -3.221741429670377 0
4713 -2.347949628369823 -3.150101513937785 0
4714 -1.091065242439479 0.2484731093979312 0
4715 -1.084490748292012 0.284457999798021 0
4716 -1.117496920455074 0.2679011098029778 0
4717 -1.661358413111315 -0.09786280635179925 0
4718 -4.788901240420341 0.8680619457291157 0
4719 0.6292811401134585 1.116223720601082 0
4720 2.495114022551321 -4.582929573477394 0
4721 2.614423851423825 -4.389227984418036 0
4722 2.377807080428443 -4.390177102972702 0
4723 -2.494286874824418 -3.093985466534098 0
4724 -2.676242209384723 -2.960484156756618 0
4725 1.462432941231478 -0.05864878182799968 0
4726 2.127398120882492 -0.07589813026451309 0
4727 -0.9736319308219459 -0.4466377417220621 0
4728 1.461494522741728 3.11753050781224 0
4729 1.622003749982157 3.238624027239104 0
4730 1.11098612661712 -0.2415013365584034 0
4731 1.109766525335477 -0.2804511932472232 0
4732 0.2123141248225478 1.823494524020235 0
4733 0.604042984100956 1.376787409780361 0
4734 -0.06978083794396972 1.315612793598467 0
4735 -0.02484159818722514 1.312528292536065 0
4736 1.885626698977173 -4.778529499349665 0
4737 2.12924862577613 -4.791939346016029 0
4738 2.014875324756981 -4.570468845365694 0
4739 4.804553733490665 1.840766800730255 0
4740 1.635626698976864 -4.778529499349665 0
4741 -4.811677004812385 -1.853771210202098 0
4742 -1.074488911325511 -0.8502022196350141 0
4743 -1.039533058902596 -0.8917156905254453 0
4744 1.03089820602237 0.3548830260722933 0
4745 -3.878161843930266 4.519032425232884 0
4746 -3.844573936947242 4.805884622559522 0
4747 -1.101646220041656 0.3385377131033349 0
4748 -1.079050341909689 0.3127850515942824 0
4749 0.9029548727133458 -1.097435133704042 0
4750 0.9474085119453017 -1.061282371164578 0
4751 1.459355525614207 -0.2849848577859477 0
4752 -1.936605950596356 -3.465367572591402 0
4753 -1.970895631444746 -3.285562621615493 0
4754 -2.011859231638909 -3.111928146787053 0
4755 0.5583733138357705 1.489083231892022 0
4756 1.713287879638131 0.4814699822410642 0
4757 4.560913912391229 -3.032927562452658 0
4758 4.37560513472388 -2.862208067789134 0
4759 4.333110491718889 -3.128146791048106 0
4760 -4.572132864769268 2.988911311102251 0
4761 -4.345389984011243 2.858430247515908 0
4762 -4.336190317196394 3.100709818522271 0
4763 -0.5924665516007376 2.416389858599954 0
4764 -2.716063491121687 -4.409254158572571 0
4765 -4.797765567285826 2.138330205707579 0
4766 2.358499674654873 4.759900704175221 0
4767 4.813756536363247 -2.149052121222398 0
4768 -0.9678452701411444 1.602389116333923 0
4769 -1.045884192973916 1.590970650707734 0
4770 1.854964811902142 -1.459604538957922 0
4771 1.768606489719972 -1.558959598385723 0
4772 1.581989453197257 1.129239239839437 0
4773 1.486689185809325 1.154363715056868 0
4774 0.2220192384960908 -1.149576690905574 0
4775 0.2107848201098714 -1.115776377981953 0
4776 3.666005710991101 0.2153587625489734 0
4777 3.516412071649462 0.0673649367388478 0
4778 1.255929851704531 -0.1444803403665948 0
4779 -0.7078200285738847 0.8206752823620549 0
4780 -0.6938919135710777 0.8545861861043367 0
4781 -1.959152106697731 1.338393888559363 0
4782 -2.013611409124329 1.2339035464494 0
4783 -4.781466598977209 3.365595441053936 0
4784 -4.554562520000703 3.474941080934099 0
4785 1.162467135278552 3.637710854165748 0
4786 -0.3754704146018631 -1.005811924924236 0
4787 -0.6205594011904876 1.429886533495572 0
4788 -0.6598082775394228 1.384516707258114 0
4789 -0.5948561062531461 1.380348547613621 0
4790 0.5346191278455812 -3.522258171152649 0
4791 0.4965604990983634 -3.361865179443635 0
4792 0.367070675022944 -3.466424655410099 0
4793 0.3733819700079695 -1.648486756636079 0
4794 0.2984211582216344 -1.696311205548954 0
4795 0.230783146467696 -1.825241967151963 0
4796 0.2282852687501093 -1.928873451600753 0
4797 3.343212657250499 1.253721340824797 0
4798 3.252330615411188 1.108160904732493 0
4799 -1.081644564541491 -0.1882537088777101 0
4800 -1.049535423207875 -0.1955404310144977 0
4801 2.315777646271152 -0.7393532287870644 0
4802 2.231218846196111 -0.8268423612067735 0
4803 0.6524264464052435 -2.310033890333025 0
4804 1.316211281249788 0.5164474781496373 0
4805 1.273346565854069 0.5414942569057271 0
4806 1.124132653311142 0.3881798525297241 0
4807 1.137474039545979 0.3512141395509183 0
4808 -3.132390733549456 -1.291922144192654 0
4809 -2.972539327093504 -1.332121634992321 0
4810 -3.019050763813441 -1.153928457357017 0
4811 -3.013961984873058 -4.577944954298632 0
4812 -2.912659978401171 -4.360060653453919 0
4813 -3.145443262499072 -4.356360012113928 0
4814 0.0518353778110878 1.227794109383221 0
4815 0.09191650432786712 1.224670081265796 0
4816 1.385314575238062 0.4422417598118431 0
4817 1.405544958444361 0.3855762791520046 0
4818 -0.6785893985756349 1.219210105657051 0
4819 -0.6950928485241674 1.276953548567319 0
4820 0.1502922784914982 3.350144488565436 0
4821 -0.8111804693361325 0.9775050321763369 0
4822 0.6504810903187417 1.273597489779187 0
4823 0.3631856100812032 -1.154366476441236 0
4824 0.3972539549832692 -1.169168748143073 0
4825 0.6429006019004111 1.019942860969238 0
4826 -0.5427432450483703 3.343191182409049 0
4827 -0.540739142554763 3.503669850675268 0
4828 1.447379902171104 -0.7851144786591716 0
4829 -3.509367111494455 1.562685396468291 0
4830 -3.36226631509168 1.679298608754624 0
4831 2.094839026197178 1.302850004936839 0
4832 2.143297801634209 1.190975882138185 0
4833 0.1655045420866409 -1.088508583053532 0
4834 0.1334501277685901 -1.076734139638534 0
4835 2.850673142601101 -3.756406501712283 0
4836 0.539227408505785 2.491183378625704 0
4837 0.6172726461387492 2.596159274233851 0
4838 -0.5552196106061117 0.986069900900629 0
4839 -1.24761499363607 -0.1310960167792605 0
4840 -1.023299997158737 -0.6097731331922694 0
4841 -0.99693243676514 -0.6386700947211211 0
4842 -1.148418052519479 -4.381050740289014 0
4843 1.761907819472663 3.082751523813369 0
4844 1.777346528222795 3.240176509229505 0
4845 0.6426063989646496 2.028101494182289 0
4846 -0.8383967191415573 3.679175175300228 0
4847 -4.341731293194947 3.348456185072864 0
4848 -0.4348349889155418 2.122751289348111 0
4849 -0.3832635639656311 2.226337668571769 0
4850 -2.940241618384611 2.371906593997366 0
4851 -2.791145273077802 2.478152901590609 0
4852 1.124403527945711 4.776018160188139 0
4853 1.968335480122636 0.4977110483733085 0
4854 1.987009552827231 0.4065869093060392 0
4855 -0.2345982855204959 4.373064859817767 0
4856 -0.04478386771226939 4.207053431007449 0
4857 1.017360857959746 -1.609360936651296 0
4858 0.9373853978420682 -1.578568135612753 0
4859 0.8049273511492828 -0.9902962354944764 0
4860 -1.493560690166432 2.243286530264784 0
4861 -1.567109117374667 2.135191941410128 0
4862 -0.4456680366040957 1.336308219368763 0
4863 -1.359883846456635 0.5123029978818321 0
4864 -1.386187911725523 0.456584934123633 0
4865 0.4892747605538807 3.826057492518699 0
4866 0.08103013819084369 -1.084927082475532 0
4867 0.05309158365937502 -1.108162628064135 0
4868 3.007856345415624 -0.3682361632853705 0
4869 3.094702648284701 -0.5166281883214092 0
4870 3.143847022088934 -0.384158504068237 0
4871 -4.758636601950206 4.349259466031017 0
4872 -4.47329467627268 4.407107086513731 0
4873 1.4730759507355 -0.3513401373411672 0
4874 1.416796561468117 -0.3948228191312679 0
4875 1.475991196450315 -0.4210768332608897 0
4876 0.2828567597314586 -1.307078586364265 0
4877 0.257838614562572 -1.262841789631592 0
4878 -0.3718141576894365 1.093390744237486 0
4879 -0.3602728475678191 1.061057029072017 0
4880 -2.064534916700763 1.127325271812942 0
4881 -2.116409935378328 1.021931992303941 0
4882 0.2395072748149779 -1.459724142812754 0
4883 -1.101600153358904 0.4375989319250504 0
4884 -1.118210758157235 0.401382227302701 0
4885 -0.6141169807989465 1.095630057294725 0
4886 0.2378334239987393 -1.059183027627316 0
4887 0.2291882636366581 -1.092323005520865 0
4888 -1.282325761168395 0.5804830948266357 0
4889 -1.236876484065495 0.6018860847174133 0
4890 -2.806107078293776 3.062101325916347 0
4891 -2.812382373491469 2.85819124579034 0
4892 -1.09417825167264 0.2242175477389471 0
4893 -1.061172079509578 0.2407744377339903 0
4894 -0.3194949619064199 -1.115203744832541 0
4895 -0.287786581444668 -1.130810436325103 0
4896 -0.298310850946317 -1.092811535109002 0
4897 0.03342150576564009 -1.321453862696211 0
4898 0.0475291349376651 -1.276650309272203 0
4899 1.912959292775052 -1.035631536389956 0
4900 -2.293424606055279 0.180329072719098 0
4901 1.679507446204744 -1.643533321733967 0
4902 1.595089390088368 -1.726507911162771 0
4903 0.02319316804312322 -1.118808249667836 0
4904 -0.5101191221882735 1.746525455345436 0
4905 -0.4937798541737147 1.676204584449168 0
4906 -1.002210661527549 -0.9334877674121702 0
4907 -0.9594675989702638 -0.9693757920383943 0
4908 -0.6303954371356988 0.9213745089757357 0
4909 -0.6268962202906381 0.8879008336552081 0
4910 2.19034880448148 1.074869967803941 0
4911 2.238827796661008 0.9604302421608552 0
4912 -1.704757901182497 -0.9442939968230495 0
4913 -0.1471944695464823 -2.215761690328051 0
4914 0.2414851811167479 1.620377680286408 0
4915 0.1776119500194374 1.618624246345297 0
4916 -4.781466598977209 3.115595441054738 0
4917 -4.790666265792058 2.873315870048375 0
4918 -0.1921820464729144 -1.636318986223839 0
4919 -0.2311909527915815 -1.569553185346479 0
4920 -3.123372634485911 -4.78712215647932 0
4921 -2.89058935038801 -4.790822797819311 0
4922 4.759209634693118 -3.149433142856246 0
4923 4.80170427769811 -2.883494419597274 0
4924 0.9862668248311464 -1.020951066654765 0
4925 1.020924434605688 -0.9752182629947682 0
4926 0.7028752421520087 -1.838641214428432 0
4927 0.6784540218919053 -1.748278413182386 0
4928 -3.961222735924637 -4.555897422627515 0
4929 -3.775333872340358 -4.388771370564347 0
4930 -4.026684584149785 -4.369605562014043 0
4931 0.02284541816696695 -1.161423265918639 0
4932 0.02886806084845008 -1.197769200273949 0
4933 1.086395232104873 -0.5528042904509181 0
4934 2.044915264239383 -1.310480056994607 0
4935 1.924037891301308 -1.258683851624635 0
4936 1.946106024201263 -1.378627876324325 0
4937 1.102792954742754 0.2300850739642853 0
4938 1.093016983567231 0.2643426017399827 0
4939 0.04997926889136348 -2.296067241604216 0
4940 1.856754829711262 -0.6953561001143794 0
4941 -2.901589302506648 -3.770978690916301 0
4942 -2.948986576318513 -3.547789926954295 0
4943 -0.7054868749800771 -0.8045957569883332 0
4944 -0.7087683246187495 -0.8363737828687633 0
4945 -3.27445727484508 -1.402215501229009 0
4946 -3.320968711565017 -1.224022323593705 0
4947 0.4310735640518843 -2.23687011612991 0
4948 0.7882138759045598 0.716452591622168 0
4949 0.77149582393175 0.6992647071297107 0
4950 0.8048954275298942 0.6970743672174102 0
4951 1.367057626202606 0.5611417017671188 0
4952 1.372704288584253 0.5007900858925131 0
4953 -1.184784574698164 -2.374371020010544 0
4954 -1.317146553259379 -2.3250998766371 0
4955 1.119055050812488 2.65386543937173 0
4956 1.190780555837142 2.773097130657868 0
4957 -3.346005889695253 -1.044425017857322 0
4958 -3.373200124302427 -0.8720109590697761 0
4959 -2.370052553076434 4.797794103606876 0
4960 -2.625539571573001 4.780820440506684 0
4961 -0.8261372390787359 -0.7145767469493609 0
4962 0.06982838537827732 -4.02463794264041 0
4963 -0.02941313981925278 -3.827269730618093 0
4964 -1.406206948332096 0.395742579727554 0
4965 -1.42583523656933 0.3418670893801829 0
4966 -2.460234274809651 -3.442320454069396 0
4967 0.5896022077861618 -1.523315299479056 0
4968 0.5617435663023223 0.9470332022378327 0
4969 0.5740903487377242 0.9184713028025699 0
4970 1.873701270036277 1.770243884146976 0
4971 1.940154531641889 1.653166350214984 0
4972 2.198765096586763 -0.288929884633066 0
4973 2.304497620620642 -0.3114952098226877 0
4974 0.7935928049299947 -3.306649364491768 0
4975 0.6289830935537406 -3.260132684562576 0
4976 1.081232300369416 -0.0941892179586668 0
4977 1.089838341202235 -0.1321936426456162 0
4978 0.1797822449304293 -1.250587523224416 0
4979 0.2078432011931097 -1.222106015653501 0
4980 1.188246608490015 1.645379100131193 0
4981 1.098633975866309 1.68023424950128 0
4982 -0.1521028402072027 1.993601182195857 0
4983 -0.1972861112761997 1.914802165421999 0
4984 -0.10951590088219 1.921021507980416 0
4985 -3.478308646543085 -4.574653772068229 0
4986 -3.370839793811326 -4.383506097114056 0
4987 -3.602403171383452 -4.383915556223645 0
4988 -1.062228377042119 0.1771611603727686 0
4989 -2.599774314316289 -1.92646037082893 0
4990 -2.605840576535726 -1.753982130172944 0
4991 1.577801325383716 -1.135511590168091 0
4992 1.51404551842743 -1.062729568032911 0
4993 -0.3283694628153801 -1.269109279219586 0
4994 -0.3749218045425848 -1.248589620621088 0
4995 2.379248625776438 -4.791939346016029 0
4996 2.61586539677182 -4.790990227461364 0
4997 0.1477923203916127 -1.814227789763789 0
4998 4.223612802896637 0.5706932350357043 0
4999 2.319626129818746 2.655546598481879 0
5000 2.24004260473544 2.805789629550437 0
5001 0.1318139320637722 1.219579658159859 0
5002 0.1711528318929234 1.215169808587279 0
5003 -1.010238598459823 -2.197684271718041 0
5004 -1.029548785340058 -2.082050359790828 0
5005 0.5568116628100148 1.130448522506496 0
5006 -4.168319457405152 2.734827090738322 0
5007 1.100937105070245 -1.647649202502522 0
5008 2.28639266587737 0.8447707716742758 0
5009 2.326120781417591 0.7128060478736802 0
5010 -3.393584628848475 -0.695231657681694 0
5011 -3.416961865469307 -0.5200295966414286 0
5012 -3.248024140060632 -1.77461538174542 0
5013 -3.254719592444321 -1.58599255625884 0
5014 0.334065245594929 -1.278239013630024 0
5015 -1.184401247623105 -0.07630520268893884 0
5016 -1.145244469653999 -0.08887733194962572 0
5017 0.5721103639160756 1.023029920780349 0
5018 0.5555110389365576 0.9959601150178272 0
5019 2.250876901291544 -2.9103462589357 0
5020 2.370441611126102 -2.780846440778054 0
5021 -1.432922691219248 1.589261339083647 0
5022 1.508713765444742 -1.807178874543674 0
5023 1.422497152324405 -1.884404171426515 0
5024 -0.8445369138878778 0.8947625159349867 0
5025 0.9498669852290069 -0.7609865684649031 0
5026 0.9111480517756246 -0.7506473071635398 0
5027 1.115635967700471 0.2911638277205021 0
5028 -1.029967000121939 -2.410588859793 0
5029 1.066491166033515 3.046711313041172 0
5030 -0.3272432842282587 2.313945277256009 0
5031 -0.5362530011555782 1.814640442808211 0
5032 -0.5788616858530689 1.748674924694295 0
5033 0.2156384859235266 2.305310527781167 0
5034 -1.209087613316367 -1.090144953194093 0
5035 -1.150878431788282 -1.067888975036557 0
5036 -1.193119635279397 -1.349425976127982 0
5037 -1.211237159613634 -1.257508387236793 0
5038 -3.247591845787104 2.157020469351261 0
5039 -3.095397739063953 2.264971169018595 0
5040 1.012815382589792 2.260602817669011 0
5041 0.9920126889790791 2.365663652108045 0
5042 -3.37337263448511 -4.78712215647932 0
5043 -3.604936012057236 -4.787531615588909 0
5044 2.33890268060016 3.580320253754371 0
5045 2.154502486273822 3.576118959180084 0
5046 -1.329444511872362 0.629939439133046 0
5047 -1.340985361364447 0.5699610564071096 0
5048 -0.2878658239251021 1.358514686108016 0
5049 1.851478081143622 0.1211131750514156 0
5050 1.845319481986518 0.03198910537140781 0
5051 2.403223298893727 -2.310319319897034 0
5052 2.518195700143232 -2.188328498519724 0
5053 2.338680317027767 -2.167316809495381 0
5054 1.420007358461825 0.3286384191545442 0
5055 1.436289174513925 0.27556225500665 0
5056 2.673781776418829 4.13934707475439 0
5057 -0.8834509579443468 0.6597235555731329 0
5058 -0.945000836829784 1.13037406369326 0
5059 -0.4308659276450357 -3.185991553277284 0
5060 -0.5899004988913985 -3.131778877984178 0
5061 0.9130550991536958 1.136089756438506 0
5062 -0.921376620592107 -1.010065317371935 0
5063 -0.8875528464751324 -1.056688889733075 0
5064 -1.639289931340667 0.3855174014675256 0
5065 3.020802333902983 1.573837251449529 0
5066 2.930831455000449 1.721008888898775 0
5067 2.842553085079095 1.575545862506313 0
5068 -0.9008017512194655 1.246815758206635 0
5069 -0.02033283243171407 1.954036707304389 0
5070 0.9029012204179975 0.8731255570287706 0
5071 -0.849377866714763 -0.8298798893416865 0
5072 0.110863823087729 1.618754167561071 0
5073 0.04467458667682841 1.608611424303846 0
5074 0.9519036157264851 1.033147747046949 0
5075 -0.4201491400182784 -1.229458663739277 0
5076 -0.4667492091850713 -1.216454791838449 0
5077 -0.6815060717540763 1.143393612894268 0
5078 -0.7288338092011951 1.14454113336497 0
5079 0.1351133016029877 -1.416552391927748 0
5080 -2.646516760403796 3.363932872038456 0
5081 -2.477690351631807 3.468236252483574 0
5082 3.136069003701648 0.6848363217319873 0
5083 3.074311453794117 0.8226981559602795 0
5084 4.46349589712072 -2.642890350837917 0
5085 -0.8426980516508302 0.783066851510511 0
5086 -0.8593675346556804 0.7584970993387927 0
5087 -0.8240199803161259 0.7671619186335152 0
5088 0.3348776254651844 1.032920388882261 0
5089 0.3608461233154306 1.052425149252807 0
5090 -1.891216524701384 0.3664920038680424 0
5091 0.8779735412176241 2.358541282425239 0
5092 0.9625798117367625 2.469095216153692 0
5093 -0.8470610173782875 1.36496326149542 0
5094 2.304605491219307 0.4927500274922468 0
5095 2.28077094219773 0.3859704455124081 0
5096 1.230419233573997 -0.06232085841509012 0
5097 1.996952560458023 -3.175812973796682 0
5098 2.124001882761766 -3.044576797960485 0
5099 0.8927901895838053 -0.6856248379894123 0
5100 -0.5124135555301517 -1.198244157182572 0
5101 -0.5563169863326554 -1.179149073484095 0
5102 -2.983530649368301 3.153131148438764 0
5103 -2.814019731260772 3.263190154084461 0
5104 -1.07915481488778 0.08125752591124547 0
5105 -1.06478369712506 0.1046365078700043 0
5106 2.373247124913488 0.5964756020587401 0
5107 2.434263623276982 0.4895220899113394 0
5108 -3.43960937161684 -0.3433993390663059 0
5109 -3.459676375953936 -0.1616506913483446 0
5110 -1.961307344281199 3.393499527716652 0
5111 -1.798472605274732 3.492264852266058 0
5112 -0.7472831679594181 -3.084272914366649 0
5113 -0.9030270655033912 -3.031132153541741 0
5114 0.2316158407939261 -1.187438505600737 0
5115 0.2439398606824227 -1.229798052021337 0
5116 2.187596447457637 3.892473381145415 0
5117 -0.7786683795819085 -1.685290443243379 0
5118 -0.8132074237726639 -1.597695291518117 0
5119 4.348747233810877 -1.049436287624801 0
5120 4.342197639518549 -1.264878947637488 0
5121 0.5792430414527644 -4.785988153083456 0
5122 -1.610833374458717 -1.366484683113577 0
5123 0.7360875939986816 0.8347463332693734 0
5124 0.7089940513848302 0.8200291954249024 0
5125 0.924088809470091 0.7933870665528022 0
5126 -0.02043951804382119 1.611517960652015 0
5127 -0.08454640400625407 1.621137359019826 0
5128 -0.5938892620592856 1.329899133914643 0
5129 -0.5546403857103503 1.375268960152101 0
5130 1.843649738206699 3.400916008721235 0
5131 1.983553807697204 3.2450435052955 0
5132 -2.649215724315613 0.8721864865081727 0
5133 0.5820688840448163 1.603254959246319 0
5134 0.5552180913482778 1.665063300297263 0
5135 -1.037748528011503 0.102588856519076 0
5136 4.783493649053626 3.124999999997708 0
5137 4.801754441128092 2.868761585707997 0
5138 1.059243667382796 -0.9339509151325719 0
5139 1.103237769928845 -0.8973623702838944 0
5140 -1.045231818136095 -0.3676890306379006 0
5141 -2.168001567682391 0.9164800939377249 0
5142 -2.219594014429811 0.8110006956202425 0
5143 1.141278451348101 -1.312615280433288 0
5144 0.07133518904695191 2.064460673029481 0
5145 -0.01830177383156135 2.070131476390854 0
5146 0.02530433306532033 1.994149721392902 0
5147 -1.572616908214445 0.7628632250662426 0
5148 -0.280267844932038 1.910968687632625 0
5149 -0.2376809056070254 1.838389013417184 0
5150 0.9450548874200364 0.7185350790431603 0
5151 -0.4732970181078352 2.042451034195626 0
5152 -0.5353328821326626 2.019903915761342 0
5153 -0.4738954270800551 1.952425859156801 0
5154 -0.7989972170401015 2.049932590754628 0
5155 -0.7115470473382155 2.042635902315427 0
5156 -0.3344981421262419 -2.140839695941822 0
5157 3.324189935445236 0.9561019524908716 0
5158 3.155290380527494 0.9679829246125415 0
5159 2.90883990495708 -0.1634378099853336 0
5160 2.787577747845652 -0.2040311786620505 0
5161 2.935738562108429 -0.2763598477089151 0
5162 -0.007025820623045059 -1.145163467853607 0
5163 -1.057753309603318 -2.977092947016141 0
5164 -1.205954886384418 -2.922627568875782 0
5165 1.451230008399072 0.2187233261344591 0
5166 1.458067278134387 0.1605952088749611 0
5167 3.34190663125494 4.785238389859771 0
5168 4.759209634693118 -3.399433142855445 0
5169 1.265920776942529 -0.4326307176064556 0
5170 1.212893540542002 -0.4262147451492559 0
5171 0.726100547051668 -1.688007046435388 0
5172 0.6345217855672092 -1.670337904484229 0
5173 0.03786863185456493 -1.371512012335697 0
5174 -0.9630675708658101 -0.4691603954334562 0
5175 -1.388525610005273 1.126740979620787 0
5176 -1.330479491731759 1.084978992002661 0
5177 -2.482234096721612 2.489921170640945 0
5178 -2.638382751630802 2.579408973513758 0
5179 3.801111772381202 2.226989881292057 0
5180 3.709675767398529 2.412862722656616 0
5181 0.2105516064230909 1.210836297793104 0
5182 0.2500428994214089 1.206240639968566 0
5183 0.2794966771170612 -1.131062913022634 0
5184 0.3139292498527687 -1.112219814447916 0
5185 0.78384836222903 -1.865707484894766 0
5186 3.518332234580633 1.240451322640533 0
5187 3.440314721502204 1.397892730854507 0
5188 0.2369296831384232 -3.575172098327861 0
5189 1.028093641733383 -0.6034861629784771 0
5190 -1.528942817615464 -0.5764320521246944 0
5191 1.54614645812681 0.7517494626097092 0
5192 0.2438859956529536 1.083144952535465 0
5193 0.2808961219625687 1.080107354438238 0
5194 -0.00676044244596212 -1.797559176241344 0
5195 0.07264774306424941 -1.811214212600978 0
5196 -1.619546446005408 0.4623918388648154 0
5197 -0.3261094920131248 -1.534241498552788 0
5198 -0.2760094279754393 -1.500275539034712 0
5199 3.005658328434968 -3.074558907879263 0
5200 3.138330783930632 -2.93063404440926 0
5201 -2.038595242792034 -0.1568351723891972 0
5202 0.2265546077766877 1.353594684564595 0
5203 0.2011096394641864 1.39247586290712 0
5204 0.1758953081628245 1.351950580460499 0
5205 0.289448913392806 1.201427004281951 0
5206 0.3270536428675463 1.196432739615762 0
5207 -4.209910249404093 -4.294193513717104 0
5208 -4.024021385819814 -4.127067461653937 0
5209 3.081138840867187 -1.781664178851534 0
5210 2.895997616762723 -1.736221344261207 0
5211 2.936400955093522 -1.893125215982913 0
5212 -0.5299629423481901 -1.978391507780203 0
5213 -0.6188339465441817 -1.945597549107307 0
5214 0.680034152611513 -1.422518303315106 0
5215 2.815807935934912 -1.35453064585535 0
5216 2.749764679876296 -1.484589554755808 0
5217 2.866962523703859 -1.44031468299162 0
5218 2.176236797529482 -4.40189000591853 0
5219 1.932614870730524 -4.388480159252165 0
5220 3.624999999999136 4.792295978905353 0
5221 2.423401890082629 3.10244148035246 0
5222 2.512164501976564 3.255843321937115 0
5223 -1.104217751318518 0.02757880449487109 0
5224 -1.095633939656069 0.06260317597428521 0
5225 1.228413778985318 0.8519693938962172 0
5226 -0.1407565457370849 -1.400356109051505 0
5227 -0.3882202442283177 1.296055049557612 0
5228 -0.4410107977056779 1.28690172956723 0
5229 0.3913109400680718 1.117354622632271 0
5230 0.428170440917515 1.115932501552179 0
5231 3.002452133760069 0.9747571082019005 0
5232 1.518550160596406 -0.3112388719155694 0
5233 -3.269537787339439 -4.165621796269344 0
5234 -1.099987270727944 3.151230744865692 0
5235 1.143542543741032 -0.8570796418438651 0
5236 1.183114160534898 -0.8168059406451655 0
5237 1.192039173406558 0.9705922754174989 0
5238 -0.1120652267265726 2.607829581574312 0
5239 -0.2378397536741797 2.622478197817755 0
5240 1.28284989229327 3.78565469287224 0
5241 -0.08844202870198514 -3.461469882504601 0
5242 -1.118249553229084 1.009899121907281 0
5243 1.543786756708854 -0.4468227013484691 0
5244 -1.21261885194951 -0.7706054725506726 0
5245 -3.483479821900264 0.01336751745075226 0
5246 -3.506374542998649 0.1905518500834872 0
5247 -3.381875816524912 1.860309858481466 0
5248 3.366635464720159 -4.798806175182435 0
5249 3.617040657000054 -4.791892671877236 0
5250 3.483676121722048 -4.590698847059671 0
5251 -0.6337714484413486 1.134874131270645 0
5252 -0.6576612418335809 1.18023428099949 0
5253 3.366893459353312 1.567053139903237 0
5254 3.187137923998203 1.565231513440381 0
5255 3.579674600230002 1.888627650919624 0
5256 -0.8787600718945205 0.951664399512639 0
5257 -0.9094608607604235 0.9339409811686501 0
5258 -0.864112856913879 0.9211786603549343 0
5259 -4.106286723866415 -4.768365807038606 0
5260 -3.854936012056989 -4.787531615588909 0
5261 1.313161829376171 -2.62101367279472 0
5262 1.169986745196264 -2.590634306223713 0
5263 -0.6489362373870833 -1.131258197813809 0
5264 0.3024980701314099 -1.550512813059338 0
5265 0.3616687656485242 -1.573597364799851 0
5266 3.013041805883882 -0.08610433319986022 0
5267 2.864880991621105 -0.01377566415299562 0
5268 -3.480137417841447 4.551841393195462 0
5269 -3.696132207153899 4.399722011296909 0
5270 -0.2817584023165841 -1.158637852559654 0
5271 0.0693041304467992 1.948365903943017 0
5272 -2.26894763822081 0.7038001780336977 0
5273 -2.302797240053299 0.5891440897400511 0
5274 1.20775945475648 0.01434599315752325 0
5275 -2.3029708737971 2.408398652168853 0
5276 0.8292430414530717 -4.785988153083456 0
5277 -0.6694120957438082 -0.8853543557342671 0
5278 1.908028706220735 -0.3013502354401476 0
5279 -0.513439322996659 -0.9779698559604886 0
5280 -0.5395860609384928 -0.9644884971226859 0
5281 0.8770367965360661 -1.355966831504501 0
5282 0.8809465934765652 -1.436088639121049 0
5283 -0.3000121029171764 -1.064924810481194 0
5284 -0.2683037224554245 -1.080531501973756 0
5285 -1.690527241486639 0.5876190500287836 0
5286 -1.60622924074251 0.6313152871147247 0
5287 1.941377888437968 -1.150137229665481 0
5288 -0.1492796573642243 1.621746127303957 0
5289 -0.2124529131075611 1.621991123387349 0
5290 -1.202135325714429 1.53419190111679 0
5291 -1.282410266296507 1.496418797284972 0
5292 -3.522273552839059 0.3682768293555272 0
5293 -3.536501558781857 0.5403400447800766 0
5294 -0.1085649664911492 2.070400871512802 0
5295 -0.1963351768851589 2.064181528954385 0
5296 1.262035106038462 0.739659613266223 0
5297 1.471862461097213 0.102488204973126 0
5298 1.491803255769665 0.04297027822303625 0
5299 0.9679107825426431 0.6488742283516117 0
5300 1.277854950532793 -0.9413430045581315 0
5301 -1.141033407403087 1.479795586843661 0
5302 -1.134322723725423 1.574306883362461 0
5303 -1.052618663894093 0.2933570511892358 0
5304 -3.385563480892676 4.74595677063594 0
5305 4.783493649053626 3.374999999998012 0
5306 -4.80121779300746 -3.37324577508186 0
5307 -4.80121779300746 -3.123245775081555 0
5308 1.660317979307314 -2.061575187176173 0
5309 -0.2099414405161977 -2.569555211742613 0
5310 -0.3433640579920768 -2.64035216510995 0
5311 0.9757690547727979 -0.6495407995810463 0
5312 -1.634659288067233 3.588735525546348 0
5313 -1.471861810148357 3.684863266845372 0
5314 1.223063418725676 -0.7750866363597415 0
5315 1.263074432686602 -0.7322863917486033 0
5316 3.867040657000359 -4.791892671877236 0
5317 0.976047256814793 -0.4727833908942715 0
5318 1.165053636163862 -0.3116156590483158 0
5319 -4.775019859598815 1.085192175886317 0
5320 4.031536673641641 2.584570722106547 0
5321 3.809898286095545 2.597059803231255 0
5322 2.605066446540619 4.78098628285839 0
5323 1.599804266139347 -2.48518644726685 0
5324 1.605017276447065 -2.647913662975624 0
5325 4.801472307769207 3.637118596868232 0
5326 4.584965956822833 3.512118596868079 0
5327 3.608107934657119 2.610254534375302 0
5328 -2.274743293421425 -3.513960369801988 0
5329 0.379695792378961 1.02201448277884 0
5330 2.482941618478414 0.3765443122627042 0
5331 2.524026073063665 0.2688584122995095 0
5332 -1.364622234628995 0.2070047388859685 0
5333 -1.380737731109886 0.1593035177690935 0
5334 1.317978221422555 0.1382335625400804 0
5335 1.364152899677047 0.1101581526080598 0
5336 -1.700174838521563 2.129306373993073 0
5337 1.201798076126467 3.963771987135244 0
5338 1.396829897437131 3.942045495405084 0
5339 1.29527759378945 0.2209333192224457 0
5340 -2.801909272028634 2.663084099386882 0
5341 -0.3342011713180379 1.510899012823966 0
5342 -0.3939317411986225 1.499067564034929 0
5343 0.7525592837053807 0.8033269118717858 0
5344 -0.8493095226856762 0.9790244036884758 0
5345 1.754257637502496 -4.336756984175231 0
5346 1.915619110274996 -4.168178144728067 0
5347 -3.109827914154976 2.454892602484962 0
5348 -2.376225367467224 0.4811816636473939 0
5349 -2.443549604747654 0.3767181592957409 0
5350 0.7645032957069127 -1.328046451216521 0
5351 2.263590563028713 -0.9390267708371844 0
5352 4.801472307769207 3.887118596868537 0
5353 -0.2356862684913869 -1.362576542114999 0
5354 -1.814834871645591 1.893743412094411 0
5355 -0.332500313891979 -1.143117165789771 0
5356 -3.83263341383017 -0.6385298935035137 0
5357 -3.998254640684856 -0.4848188307578715 0
5358 4.119005767704655 4.775905068596543 0
5359 4.369005767704964 4.775905068596543 0
5360 -4.356286723866724 -4.768365807038606 0
5361 4.804460406603093 -4.127261743268852 0
5362 4.804460406603093 -4.37726174326916 0
5363 -2.760426086262501 1.66752700771897 0
5364 -2.600075784725124 1.646128336506286 0
5365 -1.899831633568227 -3.659471249389364 0
5366 -2.084720729759305 -3.589479581296779 0
5367 0.5982246782381075 1.538508567681309 0
5368 0.6442873265146996 1.59345602155838 0
5369 3.542320173533108 -0.2668501715920178 0
5370 -4.775019859598815 1.335192175885533 0
5371 -0.8639513585993093 -0.6713956494658271 0
5372 -0.8995705331984073 -0.6761641341808129 0
5373 -2.928270876041754 0.7251679864184928 0
5374 -1.919110427247923 -0.3115670620005599 0
5375 2.812190744446994 -2.003863940655826 0
5376 2.997331968551459 -2.049306775246152 0
5377 -1.920314752505091 1.662117085227957 0
5378 -0.3569002599072358 2.62005232436695 0
5379 -0.4716644522814978 2.621036727244075 0
5380 1.336254337331305 -1.965275263747453 0
5381 1.246643208159724 -2.04998318562969 0
5382 1.283322298232005 0.1442997830602687 0
5383 1.273818944543834 0.1856538554779652 0
5384 2.416562320394471 -0.02988605398166135 0
5385 2.454040495485079 -0.1379438227943552 0
5386 1.595482928264278 3.921845240007356 0
5387 1.790409418269187 3.899826356667347 0
5388 1.994428535676512 -1.076030339019391 0
5389 2.100417226263567 -1.107684244930532 0
5390 1.983628644225077 2.387032890160596 0
5391 1.850000899872013 2.379270160005185 0
5392 1.935336505236007 2.240296753524541 0
5393 1.157877983098638 -1.113352532554262 0
5394 1.228766797363106 -1.147207397128836 0
5395 -3.557212893205535 0.7184589435616654 0
5396 -3.583899823971103 0.9021806710732743 0
5397 4.395466442498996 3.914316317180808 0
5398 4.607257245914107 4.012118596868691 0
5399 4.39977907287469 4.1521977203112 0
5400 1.186319639080098 0.08863306538084309 0
5401 -4.410819952412714 -3.418368280382321 0
5402 -4.624589826715461 -3.502634382639322 0
5403 -0.4433681636640781 -0.9378041689714685 0
5404 -0.6213493638686891 4.060808321494504 0
5405 -0.5388896492515788 3.868862567391278 0
5406 2.068717369168087 1.645616030362107 0
5407 1.256694391111019 0.590993288880818 0
5408 -0.7087874983890066 -1.912914780941824 0
5409 -0.7976984915115533 -1.865301272559732 0
5410 -3.616573155497958 1.082978229139751 0
5411 -3.635265060330898 1.262926087888751 0
5412 0.508082813420442 -1.127340808668311 0
5413 0.4765825521539995 -1.15479803253886 0
5414 -4.791606006723389 1.672323751257102 0
5415 -4.743106319796551 1.507453687715194 0
5416 -4.534712326519939 1.679777438966624 0
5417 3.874999999998889 4.792295978905353 0
5418 3.994005767704778 4.568201047501896 0
5419 -1.434975020283946 -0.6957127881074668 0
5420 0.2782650997396501 1.673363425022125 0
5421 1.975842184840217 -1.511400744327894 0
5422 -0.7116008342688117 2.414337096493592 0
5423 -0.8242952576861398 2.412477965812463 0
5424 1.252105236879709 -1.197160854048451 0
5425 0.03413230773000966 1.265885884599527 0
5426 -2.303088560792867 -0.3030410320560427 0
5427 -2.20279683886655 -0.3485893515709979 0
5428 1.29415390004792 0.6307198840290489 0
5429 -1.093892860015973 1.889341183049093 0
5430 -1.153449464878923 1.972287695123963 0
5431 0.3983658803026812 3.664421895211166 0
5432 2.448987843528241 -2.46966284111408 0
5433 -2.542796185345155 -0.3077624406170761 0
5434 -2.408840350638036 -0.298382110057526 0
5435 -3.443297570459883 -1.51809273565989 0
5436 -2.134305398397157 3.481748929382775 0
5437 0.4877103484095001 -1.240822904984483 0
5438 1.132612274279925 0.1656346482379772 0
5439 -2.025736296543041 1.438846267011857 0
5440 -4.518126179395365 1.342645863595055 0
5441 -1.163772378852444 0.9016384867196577 0
5442 -1.053891364872181 -0.3450035895124896 0
5443 -1.067692663826946 -0.3149922520729952 0
5444 4.213500202994846 0.2056416437709743 0
5445 -2.284248546829017 -0.8490295341255887 0
5446 -2.23928492461224 -0.7374361281466232 0
5447 -2.363046977133023 -0.7491709634126863 0
5448 -1.311453752481745 3.776419877601703 0
5449 -1.157673748410244 3.865640248316501 0
5450 -2.437402813289845 -0.6461101871236024 0
5451 -2.395022708572342 -0.5292881586085909 0
5452 -2.51434216694594 -0.5378207882984725 0
5453 0.1914537880589609 -1.088692470924571 0
5454 0.3726325586505821 3.489635659192888 0
5455 0.1283873923873439 1.104661229751815 0
5456 1.159296416518653 -2.134621857794855 0
5457 1.061162074734622 -2.199445841308107 0
5458 -0.343024583393628 -1.105118264573669 0
5459 -0.9212170246142106 0.537846488029019 0
5460 0.8783197517934501 2.652434092693451 0
5461 -1.724494151755295 0.5316980584017965 0
5462 -1.810123765300609 0.5299130357942187 0
5463 0.7631306114108889 -0.8123335048902762 0
5464 0.7400916852260235 -0.8337844048494147 0
5465 2.727930219957061 -2.24568825442022 0
5466 2.76071456346201 -2.398158917386154 0
5467 2.905906101409879 -2.312516162884998 0
5468 -0.4563958286247407 1.494634478974093 0
5469 -0.5240457673664778 1.490129621768436 0
5470 0.3400380025373005 -1.127119643203305 0
5471 -0.8901625020189223 -1.829571020925438 0
5472 -0.9846938387350915 -1.802867746829121 0
5473 -2.366210272383268 -0.4256576817819776 0
5474 -4.333360615241229 3.592206383898351 0
5475 -4.115249731933716 3.708213269528867 0
5476 -3.488072430990877 -1.154718374893677 0
5477 -1.484107008189951 0.8274891468032649 0
5478 -1.43786204061899 0.8869660042354393 0
5479 0.8459341756019058 -1.241335969230523 0
5480 0.2426101055435598 -1.517698538710888 0
5481 0.2517883075723849 -1.58434766285011 0
5482 -2.109652655384962 -0.7370451982085493 0
5483 -1.442178751218714 -0.1585663134847652 0
5484 -1.395447178670458 -0.1109626807640848 0
5485 -1.457537420901277 -0.1060962290202642 0
5486 1.341634139359396 2.760689315539229 0
5487 1.410542285282277 2.638012716428082 0
5488 1.496757066177297 2.75334502672541 0
5489 1.305518617114543 -0.6901185814206727 0
5490 1.348265785319144 -0.6424146978206399 0
5491 -3.533494113667162 -0.798341767769212 0
5492 2.170135856648942 1.407015587083343 0
5493 -1.805340108744472 -0.4591807337021868 0
5494 1.795601929025868 -1.676951130309736 0
5495 -2.131210915928573 1.22356443325475 0
5496 0.931334413740694 -0.5802353419100985 0
5497 0.9101596382467985 -0.5553013089557393 0
5498 -0.6862538738227275 1.319609684909906 0
5499 2.298771198675135 -3.087928747274108 0
5500 -1.937610280607651 0.500767148970133 0
5501 -1.940238024254498 0.4253631140930161 0
5502 -1.224777577254698 2.272990490887673 0
5503 -1.122669616600244 2.216070133727304 0
5504 0.9699261634168054 -2.283588819057866 0
5505 0.884995623312306 -2.384062468234601 0
5506 3.341159091806592 -2.962944378601542 0
5507 3.273359879143554 -2.777533330746352 0
5508 -0.3900165328871995 3.627332492914116 0
5509 -0.2277639997575248 3.706253728079773 0
5510 2.615416438740589 -2.9933854658717 0
5511 2.553991602816268 -2.823040120137687 0
5512 -2.823940331478322 3.454962694560874 0
5513 2.918532120887297 0.1915152488961827 0
5514 2.778161394435043 0.2266337072210558 0
5515 2.828712166095651 0.09867627095735088 0
5516 4.8057849381449 4.124999999998929 0
5517 -0.7297872953271015 0.713589384979056 0
5518 -0.7467094673209227 0.695815471824383 0
5519 -3.661669421155087 1.449962136988278 0
5520 -3.685854285970565 1.641812696286586 0
5521 -0.9642913536575952 0.8099851040702907 0
5522 1.505545361769421 -0.0168038961566345 0
5523 1.519539832037131 -0.07677316262502522 0
5524 3.073649804304461 -2.362456830400451 0
5525 3.121126430456835 -2.509046541449472 0
5526 3.256085789846468 -2.406516545998991 0
5527 -0.1415072408397578 -1.065273290166909 0
5528 -0.1378796068411292 -1.093383547470187 0
5529 0.5558692464587485 0.8560907824292256 0
5530 0.5351355020507794 0.869220281227129 0
5531 -1.350865390645836 -0.1345087576272839 0
5532 2.71083812365791 3.259589445801215 0
5533 2.617331028015129 3.417931717799903 0
5534 -1.873998389170867 0.5177542072761444 0
5535 -1.952345791272014 0.5681087652519967 0
5536 0.3771836074373721 0.949984410777398 0
5537 0.3542868179986383 0.95881667706443 0
5538 2.149591230298101 2.381387162188699 0
5539 0.8588554640207449 -0.5565391731557392 0
5540 0.8719849628186482 -0.53580542874777 0
5541 -0.3733975338629342 2.05527323274357 0
5542 -1.113712567526451 -1.317029921611693 0
5543 -0.2447966109378139 -1.061398906469748 0
5544 -0.2430953589669544 -1.089285631097556 0
5545 -0.4000402127985943 -3.342690771243588 0
5546 0.7186151041501461 0.7328262511722535 0
5547 0.700841190995473 0.7497484231660747 0
5548 1.00146561350211 1.696180396520523 0
5549 -0.5558002562017184 -0.8547950022175794 0
5550 -0.5350665117937493 -0.8679245010154828 0
5551 -1.078429570347104 -1.768939246342612 0
5552 -1.176076015561935 -1.729566933153174 0
5553 1.620127260867015 -1.842195817038883 0
5554 2.266471828699372 1.173333411415115 0
5555 0.7307596840458921 -0.7126152332556183 0
5556 0.7476818560397132 -0.6948413201009452 0
5557 0.9512465843371463 -0.3835499547268513 0
5558 0.9600788506241782 -0.3606531652881175 0
5559 2.8701607078913 -0.6120204812224209 0
5560 2.825309640353646 -0.4940553374356655 0
5561 2.736758376633555 -0.6053699711195438 0
5562 0.189102027752369 1.004248106399457 0
5563 0.1649221040364251 1.008443721155506 0
5564 -0.603283524193846 2.035508494593222 0
5565 -3.576526124360743 -0.4449322088060074 0
5566 4.299924135686409 -1.480806231600745 0
5567 -0.3845371760836465 -0.9515341331697459 0
5568 -0.3616403866449127 -0.9603663994567777 0
5569 -0.8570529378770001 0.5571799275591727 0
5570 -0.8701824366749035 0.5364461831512035 0
5571 0.5632507501799866 -2.399405113810641 0
5572 0.6767149500799394 -2.435323895055305 0
5573 0.9251628888735208 -1.156904165268404 0
5574 0.881548390827651 -1.640090627965711 0
5575 0.7947469220556178 -1.685453042610449 0
5576 1.117385321885587 0.1966889528473827 0
5577 1.098513952464828 0.1714862901231486 0
5578 -0.1867970789526866 -1.005041393317658 0
5579 -0.1626171552367427 -1.009237008073706 0
5580 0.1192919374296231 2.138849450386959 0
5581 1.00343075375693 -0.1871788237099986 0
5582 1.007626368512978 -0.1629988999940548 0
5583 0.505489744882335 1.019650358206273 0
5584 0.5199817685093058 1.047011624796079 0
5585 0.4868835955626243 1.041711474423101 0
5586 -0.6572300114900229 0.7805211290353529 0
5587 -0.6758128468559396 0.7644914649422163 0
5588 -1.214731512465204 0.6501244976906277 0
5589 0.2187122057846385 3.22454292769354 0
5590 0.1449127269215383 3.096908319081987 0
5591 -3.4719846560754 -2.571524975434747 0
5592 -3.435426619696269 -2.770617278128761 0
5593 -3.283630439486555 -2.639887340324238 0
5594 0.2117798110995846 -0.9990162640133344 0
5595 0.2357247401087041 -0.9936392503796113 0
5596 -0.4019993513429968 0.937224080370034 0
5597 -0.4244351819293339 0.9272789606200063 0
5598 0.4026658743790486 -0.9379830538687952 0
5599 0.4251017049653857 -0.9280379341187674 0
5600 0.9391649451723336 0.4033056707272322 0
5601 0.9292198254223059 0.4257415013135692 0
5602 1.000034958545307 0.2120212749872739 0
5603 0.9946579449115844 0.2359662039963935 0
5604 1.37545504451078 -0.3588033708064143 0
5605 0.8929183098184195 -0.8074141600426966 0
5606 0.88014557074331 -0.7721113491454534 0
5607 -1.042378784391328 2.748784724372582 0
5608 -1.153927513873444 2.831244032188876 0
5609 -1.132754549754127 -0.8602361113458139 0
5610 3.011950800403976 0.2941314017118386 0
5611 3.062501572064585 0.1661739654481337 0
5612 1.161632291554278 3.17322367190501 0
5613 2.929843440730127 3.591599712870882 0
5614 2.839383574199379 3.767256530614882 0
5615 2.725544783165727 3.597334659408004 0
5616 1.436160920190879 0.4869359834293245 0
5617 -1.206288174849337 0.7961254309463578 0
5618 -0.9991371817961523 -0.2117469090758571 0
5619 -0.9937601681624293 -0.2356918380849767 0
5620 1.846069387953651 0.1985329121399338 0
5621 1.917666508832135 0.2494227192913153 0
5622 2.361087700763006 0.9415680265942921 0
5623 -0.9403149778012564 -0.4035825241787725 0
5624 -0.9303698580512286 -0.4260183547651096 0
5625 0.6579201720008039 -0.7814600290842852 0
5626 0.6765030073667204 -0.7654303649911487 0
5627 -4.791606006723389 1.922323751256301 0
5628 4.364402115922292 -4.761190105933412 0
5629 4.114402115921987 -4.761190105933412 0
5630 2.325083115588138 2.951880133516404 0
5631 2.156091671693216 2.961291406800527 0
5632 -0.9431004306311973 2.409777944931768 0
5633 -1.056509941477592 2.407079641539132 0
5634 -0.9891485173583233 2.309916492759145 0
5635 -1.075271902909238 1.461573956023137 0
5636 -1.017276599004963 1.408710385526361 0
5637 -3.14340676384966 -2.506598807417794 0
5638 3.542013036683446 1.553783121718974 0
5639 0.9920987398817295 0.7656386961050254 0
5640 1.029546524487128 0.7349052136771284 0
5641 -0.8149546287700384 0.6869781906326986 0
5642 -0.7919319020469338 0.7085499152532664 0
5643 -0.8198406102390794 0.7139415094809671 0
5644 -0.7818327253751733 -0.6584502935996144 0
5645 -0.7658030612820369 -0.677033128965531 0
5646 -0.5892676544460308 1.487946871491798 0
5647 -0.6542198257323075 1.492115031136291 0
5648 3.279010346296979 -0.3970292928085393 0
5649 3.192164043427901 -0.2486372677725004 0
5650 4.212999902435062 4.303102788908202 0
5651 4.424790705850172 4.400905068596085 0
5652 -3.323673319250718 -3.388432741908084 0
5653 -3.276879662827175 -3.601201521574247 0
5654 -3.120292763103785 -3.470826861837431 0
5655 -1.248893901746058 0.6920337928685872 0
5656 0.2597837135128711 -1.642011611675877 0
5657 -0.5220312477073399 1.247784115682759 0
5658 -0.5133258041094899 1.285871733091242 0
5659 -0.5623789851143397 1.286731929044639 0
5660 -0.06688551270546753 1.115530238855825 0
5661 1.157870693784834 0.4161835396652755 0
5662 2.274602406191043 2.108365222808801 0
5663 2.355712736868659 1.963484956393617 0
5664 2.445039768132082 2.081330042134121 0
5665 -0.4560430378837955 1.038148877285366 0
5666 -0.4599792014666412 1.073935568633373 0
5667 1.291259191358227 -0.1533905943566626 0
5668 -1.270731845262979 -1.699371135496834 0
5669 -1.370100567119262 -1.659422317427222 0
5670 0.8059456501988618 0.7310935510545657 0
5671 -3.400693402719063 -2.975031916325213 0
5672 -3.360700410929015 -3.184571135901722 0
5673 -3.207079411317376 -3.04851886259476 0
5674 0.4516992256357103 -2.349131597147391 0
5675 0.4759877293104062 -2.47442160186967 0
5676 0.1147751533720538 1.256317415203407 0
5677 -1.114781960444119 -0.1126386988261231 0
5678 -1.5494505799289 4.421336103675756 0
5679 -1.299825486198799 4.442421020291179 0
5680 -1.472238764390662 0.3284839664703546 0
5681 1.399421473696226 1.172992583863873 0
5682 1.463204825629507 1.227558290821555 0
5683 1.26438475819775 1.337870883292904 0
5684 1.2401052998123 1.405602729866408 0
5685 2.455778913475266 0.7095781102927727 0
5686 -0.04647524346429811 2.732611047770404 0
5687 0.9374549514142316 -0.4434655536815867 0
5688 0.9573199490504155 -0.4568433664046568 0
5689 0.7285298073973534 0.7831496224981394 0
5690 -2.237968976393296 -3.70806404659995 0
5691 -0.02817255413286208 -1.222496438145923 0
5692 0.006023514937687104 -1.221837607388842 0
5693 0.01545064994425441 3.09685350454216 0
5694 0.08297543039722094 2.96609213764537 0
5695 -1.407002597160602 0.5617593421882422 0
5696 0.6122447821432027 -1.592107989804109 0
5697 0.6595257363699309 -1.541273847412178 0
5698 0.9927474024543631 1.071410739101427 0
5699 0.1101043260304519 -2.059060933648048 0
5700 0.8458950050689091 -2.746559947879819 0
5701 0.7069400576277163 -2.701601586542101 0
5702 0.1622785636802221 1.315356584244154 0
5703 1.003137187632764 -1.074342540455905 0
5704 -1.409484375188759 -2.565054468145662 0
5705 -1.385283721115965 -2.711663961942881 0
5706 1.594167686641997 0.4893977336375372 0
5707 1.670750294380164 0.5161839522565619 0
5708 -2.23372605580907 1.011534260252075 0
5709 1.345370858860419 1.115878700228232 0
5710 1.289386390805091 1.066593139365775 0
5711 1.366921365820715 1.050512447236729 0
5712 1.021707235632805 -0.737451280513354 0
5713 0.9887239911444231 -0.7737895978942686 0
5714 2.507352823124853 2.94693970310237 0
5715 2.986870641149431 -1.467508040610495 0
5716 2.920827385090815 -1.597566949510953 0
5717 -3.622977076454603 -0.09328374243178797 0
5718 -1.445920118859363 0.4432589292668856 0
5719 -1.805854136944547 3.679201439593558 0
5720 1.56445282085618 -2.376722258702411 0
5721 1.50615510199877 -2.239924494187358 0
5722 -1.25640457170209 -1.141109009179777 0
5723 0.7376166739950074 2.019122232225514 0
5724 0.8335127576303645 2.00769490990083 0
5725 -0.5157016097413701 -2.071445583978702 0
5726 0.3438105431823039 -2.31188660418894 0
5727 0.2584466584217776 -2.380600788855483 0
5728 0.1450832098685778 1.670814057928258 0
5729 1.535587664883349 -0.1382245623972778 0
5730 1.549788826871311 -0.2013573344292576 0
5731 1.145944093066554 0.3144567612556448 0
5732 1.174445106626607 0.3409727985615754 0
5733 -1.132873217323003 0.4674355005663887 0
5734 -2.968386690542637 -0.725966685229477 0
5735 1.029966472591817 -0.387165215022248 0
5736 1.002359597108474 -0.3715921875945151 0
5737 -1.278915902794167 -0.7863233146287628 0
5738 -1.238242656716088 -0.8327757775165241 0
5739 1.463233606862152 0.3714497973511942 0
5740 1.514431112097475 4.099962534270359 0
5741 0.6926418983569451 -0.95293694459484 0
5742 0.7153625823083025 -0.9349257393652409 0
5743 0.6818641234375897 -0.9186218585513273 0
5744 -2.576357564176006 -2.221009410624755 0
5745 -2.594234364367569 -2.061231505108346 0
5746 -2.724841703944841 -2.157429517397586 0
5747 -4.413896582789498 2.178759581690581 0
5748 -4.22972675468964 2.290142089255395 0
5749 0.9604856676859498 -3.358941467558942 0
5750 0.8310018146769558 -3.469990798253359 0
5751 1.20574303037398 -3.128216771444276 0
5752 1.359604525456556 -3.169769067370868 0
5753 4.805331634378733 -3.645324589687778 0
5754 1.991889816831244 3.879191141589977 0
5755 1.91456454148668 4.059127063795261 0
5756 0.7056187339892961 1.267698460653801 0
5757 0.7599741507596387 1.259424371235724 0
5758 1.958795855647429 3.562836719624647 0
5759 -3.401226283932898 2.045235950010754 0
5760 -3.418618472980112 2.236172658165683 0
5761 -1.840018594297707 -1.950334611771344 0
5762 1.1526070347811 0.2809224867311592 0
5763 -0.9085534232998278 0.5594604053268559 0
5764 -3.011737049105912 -3.12157576782497 0
5765 -2.887061380669468 -2.096467018922159 0
5766 -3.051946324632336 -2.021321699382129 0
5767 1.459458863807481 2.328254780822492 0
5768 1.614278677082177 2.332938956227586 0
5769 1.525572885653813 2.419914930705843 0
5770 -1.0239578879225 -3.136917193253924 0
5771 0.4440071514248192 -1.186153350762092 0
5772 -3.128270774073526 2.647141482849841 0
5773 -2.96514489493847 2.756935173867191 0
5774 -3.138743875536362 2.842248629253298 0
5775 3.447070068694212 -3.147067751201964 0
5776 3.582099163907134 -2.993967037539057 0
5777 1.426433071548991 -4.813188546760252 0
5778 1.176433071548681 -4.813188546760252 0
5779 0.7035159901700433 -3.584008261379417 0
5780 0.5740261660946239 -3.688567737345881 0
5781 -0.5648683854007261 -1.434207895361462 0
5782 -0.6289265152015124 -1.479298329202901 0
5783 -0.5596155320999328 -1.499800336412341 0
5784 0.2416457164265179 1.728410266725096 0
5785 0.2110727783049056 1.770093359822633 0
5786 0.1812583986786739 1.71236722981002 0
5787 2.923306183841392 -0.7488269763846188 0
5788 3.011857447561484 -0.6375123427007405 0
5789 0.9336776822206367 2.000280626294677 0
5790 1.034674669981088 1.988329295017701 0
5791 3.345135513920665 3.558142753782499 0
5792 3.423793372740136 3.351316042355496 0
5793 3.549487947586659 3.522414980190744 0
5794 3.090765324272158 -1.340905627441373 0
5795 3.144630185659115 -1.498157893960706 0
5796 0.01322097821621974 1.673850515492201 0
5797 -0.3257439406568851 -1.322896027785982 0
5798 -0.8069590961007718 -3.795102717602429 0
5799 -0.6956015479897949 -3.651168570274769 0
5800 -0.8845771277875063 -3.651047607767786 0
5801 -3.851733760973524 -2.431925382485415 0
5802 -3.859407495080487 -2.228952969844012 0
5803 -4.024460900837262 -2.355424923468277 0
5804 -0.7118489747545533 -3.238462363397053 0
5805 -3.662679532241341 0.2594594456393489 0
5806 3.815855192454371 -3.866064848415613 0
5807 4.037717413197976 -3.911709245475227 0
5808 3.98150849453899 -3.667907487393334 0
5809 -3.69928987650543 0.6153033236929777 0
5810 -1.056241096261775 -0.9451863641399191 0
5811 -4.003820205035939 2.810803784087524 0
5812 -3.7845469076867 2.77464691611784 0
5813 -1.027589643727079 -1.236514602962599 0
5814 -0.9709475062718599 -1.213844520445889 0
5815 -1.040823456293494 -1.183713288449131 0
5816 2.498786996737456 -2.650188352666417 0
5817 -1.008187096820488 0.1848852624245771 0
5818 -1.012382711576537 0.1607053387086332 0
5819 -1.710257176620354 -2.355374886611814 0
5820 -3.058820181353713 -3.911035676386405 0
5821 -3.222282683024355 -3.774164383253535 0
5822 -3.207603757697826 -4.001604418136345 0
5823 0.3790011745773152 1.156158951411026 0
5824 -1.156653950038109 0.3921138358177988 0
5825 -1.130813205656579 0.3639210345186999 0
5826 3.014263774264641 -1.023300815463747 0
5827 2.902681654251465 -1.147012977429033 0
5828 3.044587899775651 -1.186543612125877 0
5829 -1.246624534780844 1.161462362082304 0
5830 -1.267437998079669 1.102599942902305 0
5831 -1.197487738155415 1.110830560192221 0
5832 1.106242838220705 -0.6574101842053591 0
5833 1.06559318058645 -0.693406957128974 0
5834 -3.811752234807007 1.342053387707047 0
5835 -0.5902721508784511 1.132470725399947 0
5836 -0.5681279221382419 1.170448414492663 0
5837 1.139827577031087 1.981218358390183 0
5838 1.2446440158949 1.971809166808601 0
5839 0.8005457630381547 -1.440953009600573 0
5840 -3.222348824339286 -1.957610981713976 0
5841 -3.397884572337778 -1.884865390658277 0
5842 1.702956648679824 -0.3109441067488391 0
5843 1.648166291660403 -0.3606250107896888 0
5844 1.717912033439167 -0.3820093992256479 0
5845 -0.7248005781172584 -2.289704255244685 0
5846 -0.6663936185317527 -2.191197588219858 0
5847 -0.376569604727378 1.040717845857275 0
5848 -0.0376037793998525 -1.193728968342174 0
5849 -0.05840276303351324 -1.228446922383687 0
5850 -1.476574336703977 -1.624413785241149 0
5851 -1.580849768236675 -1.583195639390931 0
5852 -0.6052820327496586 -1.105583759419126 0
5853 2.551583252172594 0.4802698868291975 0
5854 -2.16103846167235 3.668022151150704 0
5855 -2.325676405917461 3.567040314220209 0
5856 1.117563051800515 -0.5621824003572817 0
5857 -1.543683117730776 1.305030814320555 0
5858 -1.475517714089005 1.365573546081586 0
5859 -1.402013124102164 0.2491973909039231 0
5860 2.340408827174635 -0.4223212106559056 0
5861 2.365646393282511 -0.5364483004959447 0
5862 -1.71401002416559 -1.329365919549133 0
5863 -0.4776353056009079 1.296330409530894 0
5864 -0.5179830430079078 1.335278222892774 0
5865 1.44750882123029 -2.003737872740724 0
5866 1.335020969942803 0.0626621735222663 0
5867 3.270374707913362 -3.314095996621847 0
5868 3.511314780013904 -3.345118655559362 0
5869 -1.185619867969231 4.231967570350545 0
5870 -0.8422381364956426 4.041093361928019 0
5871 -3.752674542455964 0.9742197805410435 0
5872 3.76081385803705 3.496966234553235 0
5873 3.979035383007235 3.465317118439866 0
5874 4.836843870654185 -1.950882044873188 0
5875 -1.318558493427566 -3.192525852761201 0
5876 -1.35021685536348 -3.024739859648696 0
5877 -1.610827934574586 1.257286921961216 0
5878 -1.517554819902187 1.231886154171131 0
5879 0.873980036458559 0.6714915705301853 0
5880 0.8875200809407434 0.6378121327303006 0
5881 2.865012419142364 -3.22247342584937 0
5882 3.065484087301067 -3.263959610234557 0
5883 2.483490792515875 -3.136282789719953 0
5884 2.67326101405155 -3.17597004734233 0
5885 -1.079843545583349 1.734988318772274 0
5886 -1.106986111285258 1.645366964980863 0
5887 0.1940713556381264 1.246893481303294 0
5888 -2.609446000907823 -1.616812014638618 0
5889 -2.460435548868272 -1.718099014242357 0
5890 -1.695552965846592 4.348244517950835 0
5891 -1.529419720836702 4.213201493071026 0
5892 -0.289685454805737 2.728052668253087 0
5893 4.242981823058608 1.601455813237116 0
5894 0.8391184890841782 -4.552470872559457 0
5895 0.9140910660914046 -4.333357299865983 0
5896 -2.334671311904132 0.7988818442993141 0
5897 1.582740746309379 -0.3335769348918344 0
5898 1.597696131068722 -0.4046422273686432 0
5899 -0.06253411050951765 2.140711823149382 0
5900 -0.9808277205085701 -1.027647966360185 0
5901 2.526871161484381 3.593588535543904 0
5902 -0.6537172261922765 2.514393897579506 0
5903 0.08883489820332868 1.105680243015477 0
5904 0.8157163427646796 1.252243001526823 0
5905 0.8701663807305586 1.243242354556436 0
5906 -0.7282971605187973 1.750258153403459 0
5907 -0.6493060592727709 1.747151589722323 0
5908 -2.274101398143422 -2.329870603394908 0
5909 -2.230267404710006 -2.476648952331607 0
5910 -0.7229776362428006 1.491998012286312 0
5911 -0.790350312474056 1.488077659476612 0
5912 3.16507567144604 -2.099247442761605 0
5913 3.040865460799512 -2.209986167434517 0
5914 -1.208348584423637 -2.004388723642929 0
5915 -1.321400376104616 -2.070751492196698 0
5916 1.492636840764762 0.2576730084815427 0
5917 -3.154411561909982 3.041412365359173 0
5918 -3.162324214876977 3.242501193527289 0
5919 3.547132846514219 -3.567204995656482 0
5920 3.372965792235496 -3.707946415936651 0
5921 3.585479219516661 -3.763004510613889 0
5922 0.5852083749071879 1.159809813372595 0
5923 -3.829501227922059 -3.612156139053582 0
5924 -4.04926703758436 -3.487814324059048 0
5925 -3.999438509148207 -3.71458682559362 0
5926 -0.6038819331660659 1.945483319554397 0
5927 0.06492890201592202 1.308547787377676 0
5928 0.02418348410978298 1.313025833667859 0
5929 -0.3055511614856301 1.564707349086765 0
5930 3.381903919928335 -0.4880180851517253 0
5931 3.320850086749141 -0.677100456534282 0
5932 -1.422944105099959 -2.430124647904373 0
5933 -1.55080153139672 -2.526020952621233 0
5934 -0.6231721803054663 1.679036602259548 0
5935 1.080314733295717 -0.9927438880838961 0
5936 -0.3096663040284363 1.314528151015051 0
5937 -1.887381679672852 -1.688659771318776 0
5938 -1.912564467575934 -1.554413401898147 0
5939 -2.011117292639267 -1.631439176589433 0
5940 -0.9188579885368698 -0.6411085614965224 0
5941 2.503748955506821 2.22255856740005 0
5942 1.963622983231562 -0.07990388347342171 0
5943 2.871734642346974 2.915127523280274 0
5944 2.930685577469857 2.749151143554099 0
5945 3.041461117412356 2.898958521970497 0
5946 1.431283857959342 -2.645759752530039 0
5947 -0.8939764185088848 1.744538757360532 0
5948 -0.9797763268365396 1.73824988635812 0
5949 -0.9327476722060963 1.668319603328547 0
5950 2.459635606404974 2.356644658807828 0
5951 2.599455124457328 2.352992917658573 0
5952 2.489381501969506 0.06014814784464621 0
5953 -1.481632762070436 3.867228723630179 0
5954 1.085156664045044 -1.300167859591365 0
5955 1.048158995607049 -1.23294122533965 0
5956 -1.697418025152118 -3.708589021483011 0
5957 -1.845532804315067 -3.832701030188388 0
5958 -1.423405279426965 -3.476104071312328 0
5959 -1.570047279213251 -3.592696832257282 0
5960 2.961868514857287 3.956414305601947 0
5961 2.757569857292888 3.962149252139069 0
5962 -3.589047619307908 -2.906669551435723 0
5963 0.9682415476436337 1.130586857491021 0
5964 1.026106265601937 1.118747729350955 0
5965 -3.517287310652405 -3.314945795638538 0
5966 -0.1344289008026688 -1.548866334783322 0
5967 -0.1168280481735442 -1.504485549188185 0
5968 4.097119353755852 -1.549817070826622 0
5969 -2.457453063109058 0.5837189006201121 0
5970 1.166019158981297 2.560787295539199 0
5971 1.313086215421747 2.530293880271325 0
5972 -1.156411960490488 -0.4451191442340023 0
5973 -1.176681521164042 -0.4853262003646845 0
5974 -1.638450035664775 0.1171979262930865 0
5975 -1.702748287648644 0.1183521923319532 0
5976 -0.32586630682822 1.981177408614263 0
5977 -0.3662611011590456 1.904764256609448 0
5978 -1.004808769971088 1.125519880645735 0
5979 -1.070941032770193 1.122688319465702 0
5980 3.723828207295069 -3.400176750236599 0
5981 3.815320742208262 3.886098348343819 0
5982 4.040735089563775 3.866369820483023 0
5983 3.962573922104067 4.074123968484113 0
5984 -4.391280513132951 1.771280025313005 0
5985 -4.215805521913234 1.889385650043775 0
5986 -4.40773702222706 1.962753127239303 0
5987 1.522405615130985 -3.219094913768355 0
5988 1.694992123354061 -3.257083314254868 0
5989 -2.598213478884577 -0.4359532345909532 0
5990 0.5829100467692365 2.388528849876947 0
5991 -3.283426894752869 2.540206057871069 0
5992 -3.67979498766616 -3.452095519581955 0
5993 -3.629966459230006 -3.678868021116527 0
5994 4.805331634378733 -3.895324589687531 0
5995 4.609792040981826 -4.022586332957616 0
5996 -0.8916566818054081 2.509641114592449 0
5997 -2.886910377180119 -3.998418725799111 0
5998 -1.180197612502151 2.403468573191352 0
5999 -1.302417161552132 2.369240874712516 0
6000 -0.3594896505873266 -3.668221423240539 0
6001 -0.5492918616595834 -3.674126134536446 0
6002 3.116692669741775 0.02901744069448685 0
6003 3.210111349258455 0.1316335935101428 0
6004 1.095969108962993 0.1202811124447928 0
6005 1.100738361917538 0.08348791069867775 0
6006 -2.482366435506621 -0.7577035931025679 0
6007 4.098069811832806 2.409550330004889 0
6008 4.218140366637491 2.594453060598867 0
6009 1.276995336732161 2.888429440955196 0
6010 0.9383851981928975 0.9008570156527586 0
6011 3.641688138175647 -4.006806268695782 0
6012 1.521372857612735 0.1427270757075166 0
6013 -3.55290244371792 1.939462047295888 0
6014 -3.915710720703145 3.840475745446988 0
6015 -3.712283953193211 3.958960608674066 0
6016 3.198172264624485 -1.654526852628659 0
6017 3.238575602955285 -1.811430724350365 0
6018 3.682155999217579 3.703792945980238 0
6019 3.603994831757871 3.911547093981327 0
6020 -2.464070479801768 -1.369767808320255 0
6021 -2.541310247653577 -1.479374308135628 0
6022 -0.200033687902931 1.801753907820419 0
6023 -0.2133639185375227 1.719629956421457 0
6024 -0.7001207094590417 -0.7759894062293831 0
6025 -0.7237494066537196 -0.7864937356657009 0
6026 -0.531948036198888 3.709517830592813 0
6027 -0.6881455628077872 -1.649440802326154 0
6028 -1.076576464854271 0.198080496693855 0
6029 0.7026168500062979 -2.567076681158298 0
6030 0.591862461476101 -2.659220023916723 0
6031 -3.317537441045038 2.931618674341824 0
6032 -3.502052984579274 3.01434871472213 0
6033 -3.486385298205654 2.815184978616255 0
6034 3.672550101254968 -4.198250459413792 0
6035 3.603558702699261 -4.435209828042275 0
6036 2.135264042118187 -1.224956861750258 0
6037 2.157332175018142 -1.344900886449949 0
6038 -2.766885999740254 1.490561976658879 0
6039 4.776222679455683 2.08235903737808 0
6040 -4.83378776088615 -2.054933054969078 0
6041 -0.918425555453422 0.7064650953778187 0
6042 -0.9549969066902201 0.7017118844915562 0
6043 0.4707696397469997 1.074276310695423 0
6044 0.272876144139691 1.237746334822503 0
6045 -0.6951009440004041 0.7478826980968538 0
6046 -0.7128748571795591 0.7309605259274305 0
6047 0.8405615107735065 -0.7266363968301497 0
6048 0.871477051427154 -0.7382962000863214 0
6049 0.8715639918058211 -0.705172354848236 0
6050 2.705900128284199 0.6878878836881517 0
6051 1.13689127655785 0.2242334320791139 0
6052 0.2795573923923412 -4.039097819837049 0
6053 1.869098861436833 -3.307346337079555 0
6054 2.044042481124166 -3.353692649581766 0
6055 3.594236073448096 1.074316785220474 0
6056 3.6913381376998 1.218488175250185 0
6057 2.733086772917649 -3.365370749697624 0
6058 2.592825801683297 -3.53738381215482 0
6059 2.78457720677411 -3.58388719066186 0
6060 3.905084219913469 2.058362163987782 0
6061 4.015438566369222 2.231040274208294 0
6062 3.678277600455953 1.696564322612725 0
6063 3.789360426151401 1.862248442764646 0
6064 3.394001342451798 0.7961346504134554 0
6065 3.491041577335491 0.9363126305334065 0
6066 -2.390317619757698 -3.838072104430314 0
6067 -2.200295056095578 -3.913591315925104 0
6068 2.239157092834486 1.864768952748243 0
6069 2.409594454775525 1.837733772073563 0
6070 3.947812554769587 -1.924509037273221 0
6071 3.872990932961229 -1.757982431732279 0
6072 3.761184987371663 -1.927588274361349 0
6073 -4.823372033708 -3.629388607555627 0
6074 -0.404121204626343 -2.535622193445335 0
6075 -0.366708804010213 -2.433075092450012 0
6076 0.5979048751130607 0.8276494503438208 0
6077 0.5778403393968137 0.8417804906887357 0
6078 -0.5975662471878161 -0.8270872078767343 0
6079 -0.577501711471569 -0.8412182482216493 0
6080 0.8302260463879649 -0.5985642037480403 0
6081 0.8443570867328798 -0.5784996680317933 0
6082 -1.377487609725471 -2.864489441796154 0
6083 0.0008525338431610678 -1.404728041850588 0
6084 -0.04051873369520773 -1.441265382391467 0
6085 -2.390234179366726 -1.089161165160524 0
6086 -2.417873098618553 -1.239098177154187 0
6087 -2.281922518284925 -1.211778887083621 0
6088 3.293307262264303 -1.980829431116613 0
6089 3.336840754512357 -2.141508823304978 0
6090 1.355629921861601 1.964129364689296 0
6091 1.395230488838875 1.866320118674056 0
6092 1.463599778575999 1.954696369301001 0
6093 0.8244376393419621 1.71242917662004 0
6094 0.9250328493840718 1.712824362220661 0
6095 -2.64059358360208 -0.5527752631059647 0
6096 1.158938739885013 -0.9111938117816705 0
6097 -0.9270108806080901 -1.336440842850149 0
6098 -1.011597677337196 -1.303616271882888 0
6099 3.439426599901752 -0.1758613792488318 0
6100 3.430220941267302 -0.3524968488559888 0
6101 -4.228815315298532 -2.48264964592332 0
6102 -4.381607856623397 -2.631377274726669 0
6103 -4.169579708055164 -2.707124964913029 0
6104 3.52463883885652 -2.220644291364673 0
6105 3.71010597078122 -2.256156325485825 0
6106 3.65053947725532 -2.058602845781138 0
6107 -3.71001670322413 3.518210101770438 0
6108 -3.920990377204903 3.597983963955238 0
6109 2.401828784809 -0.6513998412037302 0
6110 2.435244943407567 -0.765267696524887 0
6111 -4.589371574009215 2.06065395695981 0
6112 3.129728798620758 -3.462010514591954 0
6113 -0.9910225967180578 3.975068612075817 0
6114 -1.154573552711638 4.068213698145826 0
6115 -1.030004984458165 2.220636103891866 0
6116 -0.9165954736117707 2.223334407284502 0
6117 0.4266634445112906 0.9307556834119038 0
6118 0.4042276140273521 0.9407008030497251 0
6119 -0.424391790775834 -0.9246785828061066 0
6120 -0.4019559602918955 -0.9346237024439279 0
6121 0.9242547571920774 -0.4239967143363399 0
6122 0.9341998768298987 -0.4015608838524014 0
6123 0.7478826980968538 0.695100944000404 0
6124 0.7309605259274305 0.7128748571795591 0
6125 -0.7478826980968538 -0.695100944000404 0
6126 -0.7309605259274305 -0.7128748571795591 0
6127 0.695100944000404 -0.7478826980968538 0
6128 0.7128748571795591 -0.7309605259274305 0
6129 1.586786733830201 2.858778615249046 0
6130 -3.716822079344457 -3.248233913575593 0
6131 -0.8295373478618403 0.5981029016511328 0
6132 -0.8436683882067553 0.5780383659348858 0
6133 3.13156158541896 3.574282700012506 0
6134 3.257256160265483 3.745381637847753 0
6135 -4.236489049405495 -2.279677233281917 0
6136 -3.867678366109357 -0.3122539706276325 0
6137 -0.415318578234648 -1.28364171396012 0
6138 1.548910146575317 0.02484589742601071 0
6139 -0.735555369682011 0.7374431313580412 0
6140 -1.255677676131172 -3.536489014338657 0
6141 -1.192156189959854 -3.722508089463012 0
6142 -1.059456162069801 -3.608962679971092 0
6143 0.5466866911166297 -1.140487100652537 0
6144 -1.150830890131773 -3.252910795787531 0
6145 -1.290705251536913 -3.362558661820408 0
6146 0.2356643450945472 0.9934566768514703 0
6147 0.2117194162079539 0.9988336904260746 0
6148 0.9939581239286848 -0.2384047140961857 0
6149 0.9993351375032891 -0.2144597852095924 0
6150 -0.2356643450945472 -0.9934566768514703 0
6151 -0.2117194162079539 -0.9988336904260746 0
6152 3.899750945818388 -2.285859562112684 0
6153 4.119596426025925 -2.285719467195874 0
6154 4.055852089387558 -2.09397478498548 0
6155 -2.995780232742057 -3.335021147288132 0
6156 1.239192771887978 -0.8291917790562171 0
6157 -1.515748449960092 -3.765926613056306 0
6158 -3.171064862516192 3.442797730083128 0
6159 -3.341945775057873 3.331078947003538 0
6160 0.03885419792201117 1.020512777272692 0
6161 0.01432036082021763 1.021115049167064 0
6162 1.021194027183703 -0.03924747789392481 0
6163 1.021796299078075 -0.01471364079213127 0
6164 -1.019818760039222 0.03673332144360335 0
6165 -1.020421031933594 0.0121994843418098 0
6166 -0.04022014539216996 -1.021628666376473 0
6167 -0.01568630829037641 -1.022230938270845 0
6168 -0.5374428668608442 0.8710711914015175 0
6169 -0.5581766113243969 0.8579416924739518 0
6170 0.7036082879498874 -1.482061721713805 0
6171 0.7262508623069284 -1.550854412038858 0
6172 -3.433305974915547 2.426827420180575 0
6173 -3.586940413061341 2.315042900840068 0
6174 -0.4300202174026265 1.558973954746628 0
6175 1.569020321188087 -0.267221655336615 0
6176 -1.432767940621455 2.363099573079458 0
6177 -1.579331504483208 2.367623310935406 0
6178 -3.619698306358273 -1.452922918585773 0
6179 -3.599960623957514 -1.636699973615604 0
6180 -0.1648208401707243 1.008314637452047 0
6181 -0.1890007640264369 1.004119022647389 0
6182 1.008019130822203 0.1624539457389577 0
6183 1.003823516017544 0.1866338695946702 0
6184 -1.010530144286542 -0.1628926069616795 0
6185 -1.006334529481884 -0.187072530817392 0
6186 0.1622124100714201 -1.007398625908466 0
6187 0.1863923339271326 -1.003203011103807 0
6188 -4.644453411976816 -3.016763353626198 0
6189 -4.843235618969356 -2.893517578542197 0
6190 -0.6942508518733475 -2.00497139786049 0
6191 -0.3559872161384026 0.9569571330786522 0
6192 -0.3788840056955871 0.948124866688006 0
6193 -0.7639985236950924 0.6765727748220486 0
6194 -0.7800281875982251 0.6579899395192108 0
6195 0.6377955060412632 0.797314708740666 0
6196 0.6184485162554045 0.8124132477022594 0
6197 0.9578296576312268 0.3586200994292936 0
6198 0.9489973912405808 0.3815168889864781 0
6199 -0.9569571330786522 -0.3559872161384026 0
6200 -0.948124866688006 -0.3788840056955871 0
6201 0.3557600745221127 -0.9574864004044904 0
6202 0.3786568640792971 -0.9486541340138444 0
6203 0.869119809161353 0.5358400973377306 0
6204 0.8559903102337872 0.5565738418012833 0
6205 -0.869119809161353 -0.5358400973377306 0
6206 -0.8559903102337872 -0.5565738418012833 0
6207 0.5350002068385913 -0.8707132054848198 0
6208 0.555733951302144 -0.857583706557254 0
6209 3.199800548924273 0.5335650783445598 0
6210 3.290881245784167 0.6646527289834929 0
6211 -0.9040374736760575 -1.120019875847806 0
6212 0.7166908210046745 -1.938401144189654 0
6213 0.7981115548506855 -0.638156232214012 0
6214 0.8132100938122789 -0.6188092424281533 0
6215 -0.9287542607868851 0.4262804266995184 0
6216 -0.9386993804247064 0.4038445962155798 0
6217 -0.6377955060412632 -0.797314708740666 0
6218 -0.6184485162554045 -0.8124132477022594 0
6219 -0.3616994599916849 1.19338973077857 0
6220 -0.3784647004668447 1.157568373367056 0
6221 -1.697101615450398 -0.5956688769944884 0
6222 -1.792261789856919 -0.6036212195315879 0
6223 -1.739302643237763 -0.6682139722252615 0
6224 -0.797314708740666 0.6377955060412632 0
6225 -0.8124132477022594 0.6184485162554045 0
6226 2.309763970095975 -2.016745872198289 0
6227 1.27391921459612 -2.169247637226827 0
6228 -1.222648564726409 1.227271372423689 0
6229 -1.292598824650663 1.219040755133773 0
6230 0.5113840702613104 0.8863277366739331 0
6231 0.490031066618087 0.8984240637816305 0
6232 0.8835646845849587 -0.511951684941456 0
6233 0.8956610116926562 -0.4905986812982328 0
6234 -0.5137152321800316 -0.8820189301832331 0
6235 -0.4923622285368083 -0.8941152572909307 0
6236 2.480304434799829 -3.826180342363175 0
6237 2.406704771680424 -4.046467972760318 0
6238 -0.4684522867549682 -0.9060808655378458 0
6239 -0.4465314650948648 -0.9171148798675539 0
6240 -0.8270779239738327 1.017627357165889 0
6241 3.302066947747212 -1.527924439459537 0
6242 -3.503434415541218 -2.373124233245687 0
6243 -3.655230595750932 -2.50385417105021 0
6244 0.675768777080842 0.7648737100456968 0
6245 0.6571859417780043 0.7809033739488295 0
6246 -0.6767085655122492 -0.7675212771821536 0
6247 -0.6581257302094115 -0.7835509410852863 0
6248 0.7653480179610783 -0.6761570828577316 0
6249 0.7813776818642111 -0.6575742475548938 0
6250 1.088930205984138 1.110809760040081 0
6251 1.150413055623658 1.096986112329978 0
6252 0.5781393542263499 0.8664016598863873 0
6253 -0.6180333882867779 0.8119847733409868 0
6254 -0.6373803781633378 0.7968862341895883 0
6255 1.095336511637233 -2.338029287141752 0
6256 1.321586214506697 -0.7453046644428625 0
6257 -0.5062102600554219 -1.246300122422433 0
6258 -1.509985035674905 0.7729619865932129 0
6259 -1.441246878042421 0.7715306380300313 0
6260 -4.807713960654153 -4.37805804775935 0
6261 -4.807713960654153 -4.128058047759044 0
6262 3.017722794385308 3.404360828805628 0
6263 2.356615773986096 -3.270513328744738 0
6264 0.981865978349324 0.357147217112809 0
6265 1.004040027977737 0.3565968373040637 0
6266 0.2842400632991354 0.9811009225745073 0
6267 0.2605878147107801 0.9876463812603453 0
6268 2.490595910074 -0.2477695064728538 0
6269 2.567527519774628 -0.1599541034076629 0
6270 1.321886498680601 1.189073275992919 0
6271 -0.5781903442520293 0.8422573754610334 0
6272 -0.5982548800277609 0.828126334969115 0
6273 -2.207287900829079 2.52523476628296 0
6274 -0.2840000070008439 -0.9803138373275677 0
6275 -0.2603477584124886 -0.9868592960134057 0
6276 -0.5777317360440752 -0.8645436372076546 0
6277 1.067297377382996 0.6179621808296845 0
6278 1.044921754903146 0.5797106779356482 0
6279 0.3319053390272813 0.9655737663388448 0
6280 0.3086027510297521 0.9732719015637232 0
6281 0.9670173240740303 -0.3299904513594902 0
6282 0.9747154592989086 -0.3066878633619611 0
6283 -0.3319053390272813 -0.9655737663388448 0
6284 -0.3086027510297521 -0.9732719015637232 0
6285 1.580749165383782 1.944248524123227 0
6286 1.617009517367718 1.815367339636412 0
6287 1.694558337198227 1.902728740473879 0
6288 -0.8766684142255414 -1.936558378060713 0
6289 -1.134149525775025 2.503330025363975 0
6290 0.4656096844460287 1.106223781476838 0
6291 0.08877011426749001 1.016934773529688 0
6292 0.06429538135344612 1.018740138284548 0
6293 -2.869184580477905 -2.256244924438567 0
6294 -3.201806756909481 -2.131571708294987 0
6295 -3.346198866241059 -2.254328014128529 0
6296 -3.175796366534108 -2.318038731796682 0
6297 -0.01752850757906268 1.395285470462485 0
6298 -0.8828460379892862 0.5148322658533667 0
6299 -0.8949423650969838 0.4934792622101435 0
6300 -1.062868156344923 -1.866899625939911 0
6301 -0.0104574480958394 1.022067129941773 0
6302 -0.03499128531852762 1.021464858041462 0
6303 0.8121857147731548 0.6171243798579431 0
6304 0.7970871756217563 0.636471369734503 0
6305 -0.812413245512702 -0.6184485193787074 0
6306 -0.7973147063613035 -0.6377955092552673 0
6307 0.6186997537319414 -0.8129131571013604 0
6308 0.6380467436085013 -0.7978146179499619 0
6309 0.5780026844872117 -0.8424979347535044 0
6310 0.5980672202629433 -0.8283668942615859 0
6311 -0.6602171039188545 0.8043969111513762 0
6312 0.841936202384068 0.5789536089611503 0
6313 0.8278051618921495 0.599018144736882 0
6314 1.405174216263003 -3.335374120817777 0
6315 -0.4942620484845897 0.8964295201270738 0
6316 -0.5156150522025855 0.8843331928921798 0
6317 -0.9082146149962373 0.471964000508019 0
6318 -0.9192486293259454 0.4500431788479156 0
6319 -0.1132508088795423 1.015334049227434 0
6320 -0.137607476006971 1.0123299408586 0
6321 0.01173524534194592 -1.022192820742224 0
6322 0.03626908256463414 -1.021590548841913 0
6323 -1.383492398881738 1.216430895661429 0
6324 -1.455443214181912 1.189940130489828 0
6325 -3.708067526170952 1.829462352309716 0
6326 -3.860369835831584 1.716739092829703 0
6327 -1.25125971765798 -1.802775327797062 0
6328 -0.6634268145219404 -0.8617376154524152 0
6329 -0.6398151407151196 -0.8437233572273648 0
6330 0.1387644000145534 1.012532084867759 0
6331 0.1144077330381743 1.015536193201209 0
6332 1.01084323326567 -0.1376458957878585 0
6333 1.01384734159912 -0.1132892288114794 0
6334 -0.1337081910447729 -1.016936635099113 0
6335 -0.1093515240683938 -1.019940743432563 0
6336 1.020722891789647 0.01233538864924906 0
6337 1.020120619889336 0.03686922587193728 0
6338 0.1126630220759544 -1.014101756601255 0
6339 0.1370196892033831 -1.011097648232421 0
6340 -0.4396850002730052 1.893731975525218 0
6341 -0.3059440602390833 0.9780637176839817 0
6342 -0.3292466483781151 0.9703655823635133 0
6343 1.013703529865967 0.1119373923002808 0
6344 1.010699421497133 0.1362940594277096 0
6345 -4.214759238710377 -3.398733327301201 0
6346 -4.406374872312584 -3.226856597084436 0
6347 -1.020762690145373 -0.01290281326834785 0
6348 -1.020160418245062 -0.03743665049103607 0
6349 0.3086027528349344 -0.9732719011391644 0
6350 0.3319053409739662 -0.9655737658186963 0
6351 0.4906393132316891 -0.8914122612668958 0
6352 0.5119923169496848 -0.8793159340320018 0
6353 0.7365277584008014 -0.7364689796346034 0
6354 -1.01731447379145 -0.1133243318895662 0
6355 -1.014310365422617 -0.1376809990169949 0
6356 0.8940672945377264 0.4924333770655657 0
6357 0.8819709673028324 0.5137863807835614 0
6358 3.202347444285334 -1.217193465476087 0
6359 -0.9729724535518645 -0.308538387233242 0
6360 -0.9652743182313963 -0.3318409753722737 0
6361 1.82142333353549 1.8923240027056 0
6362 1.964305914389604 1.888720330865512 0
6363 -0.4480083549528242 0.9169879618262373 0
6364 -0.4699291766950084 0.9059539473795439 0
6365 -0.8958388745457937 -0.4927807817124218 0
6366 -0.8837425473108997 -0.5141337854304175 0
6367 -0.2581946662068846 0.9831017000261473 0
6368 -0.2818469149470896 0.9765562412586337 0
6369 0.9876324823541925 0.2624885687061628 0
6370 0.9810870235866791 0.2861408174463677 0
6371 -0.986860673412414 -0.2605309091140737 0
6372 -0.9803152146449006 -0.2841831578542786 0
6373 0.2604748384789534 -0.9872419719170529 0
6374 0.2841270872191583 -0.9806965131495393 0
6375 0.7917925462315548 -2.477705457680683 0
6376 0.9108975232386645 -2.515815254337594 0
6377 -0.06290119072464249 1.019542746687339 0
6378 -0.08737592377816406 1.017737381912774 0
6379 1.018476128850101 0.06221860501792019 0
6380 1.016670764075535 0.08669333807144175 0
6381 0.06287743547268893 -1.0190231561834 0
6382 0.0873521685262105 -1.017217791408835 0
6383 -1.019546045076451 -0.0629031770526691 0
6384 -1.017740680301886 -0.08737791010619066 0
6385 -1.012847708825429 0.4012669155094815 0
6386 0.916569585479527 0.4477830527081821 0
6387 0.9055355710328337 0.4697038744503664 0
6388 -0.9198054980950929 -0.4485410084765038 0
6389 -0.9087714836483995 -0.4704618302186881 0
6390 0.4505562097828956 -0.9168096293657303 0
6391 0.4724770315250799 -0.905775614919037 0
6392 0.8704088529259983 -3.636300364446591 0
6393 0.6963814613544232 2.105894921978969 0
6394 3.004611008091211 -2.605104911202501 0
6395 3.187046993633218 -2.649164626801041 0
6396 -1.978977134912457 -3.975194793425896 0
6397 1.322510651409728 -0.00900831735831167 0
6398 1.335859328182383 -0.05883496724860982 0
6399 0.6205917563056538 1.479284294204084 0
6400 0.2916165378075649 3.347017730280199 0
6401 -1.991556832746116 3.769165618057212 0
6402 -3.703622637218466 -2.11867505935959 0
6403 -3.876349777082203 -2.042174600342452 0
6404 -3.594573936946936 4.805884622559522 0
6405 -0.2131905727448987 0.9982644198051944 0
6406 -0.2371355017540182 0.9928874061714714 0
6407 -2.419957663406112 0.1608631566870013 0
6408 -3.820284001507707 -2.630326124674475 0
6409 2.794090889954409 3.081217975817549 0
6410 2.899257415992973 3.243306371680338 0
6411 -1.611175429323059 -0.5877973588467779 0
6412 2.206944849093568 1.631804808422758 0
6413 2.154811330815872 1.752828990367539 0
6414 3.751698862604845 1.527403913563995 0
6415 -1.902180179644022 -0.9957277584727735 0
6416 -1.915726590310255 -1.090710891198499 0
6417 -1.193219340220268 -0.8747345710970901 0
6418 -1.259516391064925 -0.8904524131751803 0
6419 -4.462403917697475 -3.051172071940967 0
6420 -4.504421743659369 -2.821443875401609 0
6421 -3.451748834834098 2.619076300545454 0
6422 -4.000254124554643 1.433840216127928 0
6423 -4.018752804225161 1.613500992462025 0
6424 -4.180850333148608 1.518251771783379 0
6425 -1.287926963412029 0.0111910814579953 0
6426 -1.256176512795134 -0.01808297401832969 0
6427 -0.2438664039198732 2.138277353083692 0
6428 -0.2874042776359266 2.061477663766747 0
6429 2.810513716671225 -2.578684428938491 0
6430 -1.787918918891968 2.244173081075888 0
6431 -1.847969503385346 2.125669186948229 0
6432 -1.216212994900854 -0.0504818994896084 0
6433 0.2057311225440022 1.022296516302993 0
6434 1.003040107390418 -4.193792520760073 0
6435 1.108699936556313 -4.393400659846092 0
6436 4.003687220139421 1.866298835680884 0
6437 1.827156946384644 -3.792251696681191 0
6438 1.696548738349601 -3.929485644331059 0
6439 1.867870085082011 -3.979221022001266 0
6440 -0.2419966070346008 -3.591413736495096 0
6441 -0.08482451582593109 -3.653470403527102 0
6442 2.413020092338444 -0.336585226692764 0
6443 -3.529444805916591 -2.186657209743991 0
6444 -0.2034261737443199 -1.023089803221193 0
6445 -2.504423414906999 3.654509474251503 0
6446 1.021980610737679 -0.2065482875032704 0
6447 3.664047480454659 0.914349483143058 0
6448 3.73986287541353 0.7204512737650104 0
6449 3.843057371526135 0.858455428452078 0
6450 2.28023946180103 -1.382629652046474 0
6451 2.407404793803114 -1.412487969589741 0
6452 2.374846284899029 -1.289236008748866 0
6453 -0.06846636581875196 -1.108865440621582 0
6454 -0.03662398617565919 -1.120135493774391 0
6455 1.82454761402031 -1.80047956108246 0
6456 1.913646657535538 -1.715905837734215 0
6457 2.632537835218407 -2.511856520473713 0
6458 -0.5577061919082977 1.552358119409155 0
6459 -1.021746447149928 0.08869693291486971 0
6460 -1.023551811904788 0.06422220000082582 0
6461 3.100975560681807 3.225989358821962 0
6462 -1.4379640674264 0.132484881846044 0
6463 -1.400406868004682 0.09471122169685051 0
6464 -1.14008941192253 0.3292693216184327 0
6465 0.6824832199691497 1.317816832020541 0
6466 3.396407248038257 -2.339062303009665 0
6467 0.9915800523636061 0.4808208934668169 0
6468 0.9925383562044851 0.4483354210038596 0
6469 1.017517115042893 -0.08994303193011086 0
6470 1.019322479797753 -0.06546829901606696 0
6471 -1.585798892609096 -0.09603379045815734 0
6472 2.212834137042326 -1.142105074385873 0
6473 0.973278520898418 0.3121143838398981 0
6474 0.9655803855779497 0.3354169719789299 0
6475 1.609212302059878 -0.4738707772463234 0
6476 -1.695832652277207 -1.537731404820388 0
6477 -1.673845970568987 -1.657098231198033 0
6478 0.661573629874799 -0.8062641949606822 0
6479 -0.699354834390004 0.7714230391517782 0
6480 0.04226514628533852 -1.231828323558381 0
6481 -0.8061369796629121 -0.6618525171203753 0
6482 0.2030818225080152 -1.021433994813879 0
6483 1.313013305632024 2.060185417435545 0
6484 1.742082044020204 -3.434962990039951 0
6485 1.611905452794833 -3.563608143113124 0
6486 1.786012190877605 -3.613871165937812 0
6487 2.048651676408218 2.000660293246217 0
6488 2.127119812258345 2.119289810374125 0
6489 1.990496113738944 2.129429966552045 0
6490 -0.3981999236288004 0.9614694149794796 0
6491 2.100929612909005 1.878580174687593 0
6492 0.977289215588635 -0.2834381089480413 0
6493 0.983834674274473 -0.259785860359686 0
6494 1.197125010632262 -0.3844869010048642 0
6495 -0.600493040673473 -1.259389740567673 0
6496 -0.5999711909700799 -1.204823511878777 0
6497 -0.7697568642037231 0.7008292934073324 0
6498 0.3986393050485623 -0.962757655804079 0
6499 2.568066169198351 0.1521097223503404 0
6500 2.644301343508712 0.2505434192313931 0
6501 -0.0526369251857966 -1.03854565476237 0
6502 -1.024686430974774 -0.203729117374547 0
6503 2.498974002356955 1.126693588104672 0
6504 2.584996575517418 2.780849250565095 0
6505 2.68331535001191 2.931410597401151 0
6506 0.1569175488412313 -2.442894617610527 0
6507 0.2629070951855835 -2.486441913961464 0
6508 1.185406869245252 0.4430411013092171 0
6509 -0.7127450103405648 -0.7324970838657002 0
6510 -0.6949710971858918 -0.7494192558595214 0
6511 2.392779993181306 2.500896924881898 0
6512 2.482187911992922 2.641728682666332 0
6513 -2.68671527532103 -1.515257424066215 0
6514 -3.636264378368333 2.701806340925761 0
6515 0.5324168294988156 0.8978194070736812 0
6516 1.096874492615325 2.074976156182368 0
6517 -3.700186154813634 -0.7142442637322005 0
6518 -3.679801650267586 -0.8910235651202826 0
6519 4.475548155785857 -2.408448052461438 0
6520 0.4828510672466394 -1.199826466957689 0
6521 -0.6960989885115844 -1.449033186694332 0
6522 -0.6908461352107909 -1.514625627745211 0
6523 -0.4245086371201546 -2.221332198941413 0
6524 -0.331900859792179 -2.256934892951805 0
6525 0.8978210365762261 -0.533654370875952 0
6526 -2.094078787367976 1.537821609985068 0
6527 -2.148629899177076 1.429118050864419 0
6528 3.410340686021601 -1.853692104893737 0
6529 -3.727417993578939 2.014388443839005 0
6530 2.485113690418926 -0.5623627682337673 0
6531 -1.827743515538617 3.865636291337501 0
6532 -3.973849763730454 1.246804167028401 0
6533 -0.5346790011605069 -0.8922148203713351 0
6534 0.7050510148372158 0.7736710063994794 0
6535 2.526507116627993 -0.3585955073060716 0
6536 0.9133994507429475 -3.813270077865544 0
6537 1.04088527524986 -3.699252614739486 0
6538 3.291134235238887 3.205529065494211 0
6539 -0.5883121738401029 -1.373990103627068 0
6540 -0.5190011907385232 -1.394492110836508 0
6541 0.7720787471884996 -0.6994394497195775 0
6542 0.9461535549961593 -4.004985744469201 0
6543 1.140762425461067 -4.065029104449311 0
6544 0.2581158979854039 -1.15726872727341 0
6545 0.3493023046646435 0.9828463778513764 0
6546 1.046094796049188 -3.082992651132807 0
6547 1.082724892263781 -3.24082415410882 0
6548 0.700044994900785 -0.7723619392007106 0
6549 -1.064787292366609 0.06072237586110427 0
6550 4.8057849381449 4.374999999999236 0
6551 1.785162981551554 2.021205187192416 0
6552 2.561069250349949 -0.7947288820777421 0
6553 2.691225931462846 -0.8177392850601153 0
6554 2.651452763058311 -0.700324711923926 0
6555 -3.839117279443315 -1.002889345481515 0
6556 2.216446843521769 2.237134896114629 0
6557 2.297073824230798 2.370462574623375 0
6558 -2.551547846102429 -2.37203003815368 0
6559 -2.672348748070835 -2.487132451570949 0
6560 -2.516931690419987 -2.541955066810634 0
6561 1.439622588779359 1.310435896377972 0
6562 -0.842741811188263 -0.5776870380392372 0
6563 -0.8286107706963446 -0.5977515738149688 0
6564 3.376234633215567 3.919976386915851 0
6565 1.578700085421291 -0.09637967672591258 0
6566 -0.948099005068871 0.3814908478568806 0
6567 -0.9569312713559028 0.3585940584181468 0
6568 -0.7727346354915988 -0.7005751164995955 0
6569 2.658150438879978 2.626199576965114 0
6570 0.17665333986433 1.431712017229901 0
6571 3.45069380751696 -1.55434430395989 0
6572 3.39715172855159 -1.397975345291938 0
6573 -1.008182699229661 0.1362657306122602 0
6574 -1.011186807563111 0.1119090636358812 0
6575 1.515971935271283 1.770356911049437 0
6576 0.9855521091463101 -0.3537537642863316 0
6577 -0.8820453618134896 1.608677987336335 0
6578 0.09904728826063354 1.289525802339838 0
6579 -0.2139702379899166 -1.097058975392718 0
6580 -0.2374773495075273 -1.116191570896727 0
6581 1.541148598406508 2.042057770138468 0
6582 -0.3566558733109179 -0.9843961002437243 0
6583 -0.9658535468217213 0.3338668492138889 0
6584 -0.9735516820465995 0.3105642612163598 0
6585 2.394683633441545 1.149841585655371 0
6586 2.347632630594274 1.265947499989615 0
6587 -1.388187975868907 2.493577655383138 0
6588 -2.044692004185069 -0.8309233531631857 0
6589 -1.993858165261798 -0.7306738525122093 0
6590 1.703337571361509 1.250084738965121 0
6591 1.753958324768026 1.148691537468549 0
6592 -0.8952998638368088 0.5371757061912963 0
6593 2.811582767490902 2.59590767324926 0
6594 2.981309242556285 2.579738671939483 0
6595 2.095976065467566 -3.53398195808295 0
6596 2.223829764488756 -3.402448594800076 0
6597 4.816987298107581 -4.816987298107579 0
6598 4.566987298107275 -4.816987298107579 0
6599 4.816987298107581 -4.56698729810727 0
6600 0.6922248543511033 1.638944493243988 0
6601 0.7610819630259018 1.691505910443859 0
6602 -0.1495948722970826 -1.036997133138183 0
6603 1.35101759786166 0.6188146664024534 0
6604 1.407510605196124 0.603157274145329 0
6605 1.029293091744012 -0.1539143217974803 0
6606 -3.812383580580487 0.3440437581462281 0
6607 -3.796484570740077 0.166318778874188 0
6608 -1.678479947100568 2.51138989998757 0
6609 -1.739272696645546 2.391576857172896 0
6610 3.457732887674423 0.6448634070260278 0
6611 4.4502602570193 -3.933895608892143 0
6612 4.44938902924366 -4.165832762473463 0
6613 -1.092170364967551 2.613080633256491 0
6614 -1.21585803599211 2.609469564908712 0
6615 -2.451290174547454 -1.990040264056099 0
6616 1.649234917707016 1.112294585525908 0
6617 -1.272891222493899 -0.3790419345154881 0
6618 -1.25399192686494 -0.430862712044466 0
6619 -1.764651501663276 -1.73857034134159 0
6620 -1.972191670449378 0.3414425269667778 0
6621 -0.4448884422997004 0.9402776298677386 0
6622 0.2532193980507164 -1.010849969260848 0
6623 -2.207385046670666 -0.9495682869747416 0
6624 -2.331147099191449 -0.9613031222408047 0
6625 -0.7717858498617012 2.758488575557702 0
6626 -0.658279541114732 2.858111690556173 0
6627 1.012259174229961 0.2554745921656151 0
6628 0.4481028201658236 -0.9408582709059927 0
6629 0.9418001183233279 0.4459694594392937 0
6630 -0.2746415377984813 1.621803911303492 0
6631 -0.3366465062893594 1.620503602024191 0
6632 0.188797512255953 -1.493558992603526 0
6633 1.409317553868469 -0.6545418204416602 0
6634 0.3615123890003451 1.188068790785699 0
6635 3.162660704713863 3.936116333145859 0
6636 0.976225253685333 -2.785092239199706 0
6637 1.021604249069646 -2.927023460222112 0
6638 -1.010589588539027 -0.2532425666621093 0
6639 2.968680226126016 -0.879044509314921 0
6640 3.110586471650202 -0.9185751440117645 0
6641 -2.349759493630355 -2.991990907438249 0
6642 -0.9961046460318462 -3.306950002313131 0
6643 2.189890683922227 -1.468152847290823 0
6644 3.417787946035854 -0.9909835458155105 0
6645 3.592966967878176 -1.140733860645822 0
6646 -0.9461860635678165 -0.4470042686591557 0
6647 2.475018111812102 -0.8826822696610763 0
6648 0.4963231256524476 0.9928343591569926 0
6649 0.5294212985991291 0.9981345095299706 0
6650 1.186308519179788 -4.579671266236252 0
6651 1.009875447626193 -4.766482719476001 0
6652 2.826983486455831 -0.8535526478366013 0
6653 0.8915566609750534 2.08950137641604 0
6654 1.613979412584285 -0.2236953974055226 0
6655 -0.9860658795403184 -2.294565340767164 0
6656 -0.9083622774958116 -2.212665735892918 0
6657 -0.8887435612724031 1.420198707808221 0
6658 -0.9155476537114158 1.358947981782978 0
6659 -1.30722868923736 0.6850468013511551 0
6660 -1.365888289433412 0.674524762931629 0
6661 1.957333537610015 -3.663606543608018 0
6662 1.120133902010742 -3.404165587870411 0
6663 2.77508959724106 -1.076093017885321 0
6664 2.805413722752069 -1.239335814547451 0
6665 -0.9875463257629353 1.185064797895568 0
6666 -0.9813278920097648 0.2846342509561457 0
6667 -0.9878733506956028 0.2609820023677903 0
6668 2.73659997374747 -0.9479568179904174 0
6669 0.7756771326722978 -3.942033494176306 0
6670 -0.6044135709022331 -1.155883097596316 0
6671 1.741027655329279 -0.45979062872599 0
6672 1.795818012348699 -0.4101097246851403 0
6673 -0.9935551999609309 0.2358255828009356 0
6674 -0.9989322135355352 0.2118806539143424 0
6675 -1.466781204386727 -0.7681558418618046 0
6676 -1.497961299178591 -0.8559241943147136 0
6677 -1.421452889943705 -0.8416629124238475 0
6678 -1.57093577732164 2.622805848207665 0
6679 -2.218216100290498 -1.799479322909234 0
6680 -2.344370990376123 -1.759931531072221 0
6681 -2.330675234410549 -1.894816921613696 0
6682 3.255266521294028 0.3910858019299275 0
6683 3.318609281356314 0.246867346863173 0
6684 3.417955551069078 0.369163030529311 0
6685 -0.8793075061833211 -3.93161742240282 0
6686 -0.6903319263856098 -3.931738384909802 0
6687 4.818547894359537 4.818547894359539 0
6688 4.818547894359537 4.568547894359233 0
6689 4.568547894359229 4.818547894359539 0
6690 0.8618746489301576 -0.6739650347332407 0
6691 0.1654380356237224 2.217729891550092 0
6692 0.07387518034416955 2.219322869190567 0
6693 -3.433000289010081 -4.028750503136473 0
6694 -2.298911116216999 -2.178849975865983 0
6695 -2.420940506525157 -2.27583202586444 0
6696 -2.072041692101652 -1.984763625468853 0
6697 -2.178296176080094 -2.08362663342358 0
6698 -4.568260183860699 -4.818260183861009 0
6699 -4.818260183861007 -4.818260183861009 0
6700 -4.818260183861007 -4.568260183860703 0
6701 -2.325135284461829 -2.029588055893112 0
6702 -1.962748772307283 -1.900424041748529 0
6703 -2.095227424530555 -1.850025129730385 0
6704 0.005954996098687215 1.355190195314214 0
6705 1.427814216731551 4.235051405597236 0
6706 -1.86320432672661 -1.815596116032876 0
6707 0.8402286076584996 -0.6216741431144872 0
6708 2.956484828034221 0.4366106781264709 0
6709 3.100454279211509 0.4112693946784219 0
6710 -0.6203154603815142 -0.8362929230372494 0
6711 -0.691685889498344 1.550058350282538 0
6712 1.603231320225068 2.136444365652466 0
6713 1.486081933417285 2.146892210830238 0
6714 3.283588434164549 -0.9422409170624394 0
6715 3.238004886025923 -0.7979846109136133 0
6716 -3.525389233832215 3.849131323609883 0
6717 -0.1787945225029994 -1.439832052553911 0
6718 -0.1295751698121265 -1.458054462105454 0
6719 -1.432134845494055 0.287934480979731 0
6720 2.769157490100022 -2.12807085975342 0
6721 2.623965952152152 -2.213713614254575 0
6722 -1.157515803995671 0.4965020981209827 0
6723 1.265460266573961 1.478571434021203 0
6724 -3.748463139538043 -1.751713423199759 0
6725 -3.572062403639653 -1.816883240273876 0
6726 -2.844413329282378 -1.308908738842976 0
6727 -1.141583231110868 -1.940643589095631 0
6728 -1.047847499498856 -1.974572089582141 0
6729 -1.041072291886137 1.811207472804258 0
6730 0.01559390753201086 2.85039043847123 0
6731 -1.79900930198408 -1.500612641255944 0
6732 0.9464139623012694 1.183426746688034 0
6733 2.445198499423332 -1.543646857648608 0
6734 2.53980532252133 -1.450253214351 0
6735 -1.901651763738364 1.998563245603553 0
6736 -1.956261212369014 1.88150417783255 0
6737 0.9480246947743372 -2.647990535103563 0
6738 1.041227771855088 -2.554347545657481 0
6739 -0.8387430630223555 0.6208521148448309 0
6740 -3.546387087918307 -1.999878840242432 0
6741 -4.040966044425549 1.801150648485155 0
6742 0.04751582366720048 -1.430736216664995 0
6743 -1.971321159742003 -0.9213783611287472 0
6744 -2.087115649865168 -0.9277497068250871 0
6745 3.231619791969436 2.878498228642746 0
6746 3.172668856846553 3.044474608368922 0
6747 2.679854202085242 0.4687209105764324 0
6748 2.734121298300357 0.343382397170225 0
6749 2.813714253011574 0.4448111985660951 0
6750 2.408549358329496 -3.450802637245922 0
6751 2.460039792185957 -3.669319078210159 0
6752 -0.6429439573035214 1.292322585033576 0
6753 1.221282878730669 3.027349614937673 0
6754 4.043574439620643 0.8459055688807513 0
6755 3.967759044661771 1.039803778258799 0
6756 0.9662283698270143 0.5602365619606264 0
6757 0.9877423442399187 0.586494975190736 0
6758 1.617718002252365 1.191984767701022 0
6759 -4.128427672164564 -2.912942489709842 0
6760 -3.9756351308397 -2.764214860906492 0
6761 -2.467097679525076 -0.988622412311371 0
6762 -1.81958775436874 -2.43118211339885 0
6763 -1.673591839056306 -2.46689835916698 0
6764 -3.779131965617107 -2.836143649471287 0
6765 -3.744398748639901 -3.04055828766774 0
6766 0.2532719806158201 1.011071804738485 0
6767 2.522645486781222 1.805645927696923 0
6768 2.635861540464654 1.698779789815233 0
6769 0.7933630556447449 1.304736433186254 0
6770 -0.2530319243175286 -1.010284719491545 0
6771 2.63117620688381 0.5816986882250677 0
6772 -0.8043324417203337 0.6613921629270503 0
6773 -0.176780568229804 -1.54271419325909 0
6774 -0.1435963224544319 -1.594050122434551 0
6775 -0.5487068272339102 1.208913170622808 0
6776 -0.5905055236165214 1.210179555506012 0
6777 0.6605881651858436 0.805207628070938 0
6778 0.8064787820963391 -0.661337197135482 0
6779 -1.887067361509329 2.387939670128052 0
6780 -1.706013099651769 -1.426710049448842 0
6781 -4.179501713744333 -2.051100308358225 0
6782 -4.383856128205604 -2.178325030813268 0
6783 -0.489417779764949 -0.9182748577860006 0
6784 2.696765396637909 1.59515663651296 0
6785 -0.580796721146503 0.8687294565747864 0
6786 0.2970225140993289 1.271672302646025 0
6787 0.3403291361679391 1.265334026601046 0
6788 0.32506949215618 1.304073630111183 0
6789 2.219682897759578 0.2943859531958072 0
6790 0.0540819050718702 1.040457459345984 0
6791 0.7508146857309217 -1.607512533912292 0
6792 -2.15487878486617 -1.152999375007235 0
6793 1.046077080652519 0.1664909944596631 0
6794 1.074289704821851 0.178672583490621 0
6795 0.7805939138153246 0.6571398842297296 0
6796 0.7645642497221881 0.6757227195956462 0
6797 -0.230707488244854 2.843756976774884 0
6798 -0.3497679944779101 2.841331103324079 0
6799 0.6661248230879515 0.826961914118079 0
6800 3.372800379033505 0.1097108221095262 0
6801 1.042519190867722 -0.002378252142882214 0
6802 -0.2917624882965912 -1.042202211065584 0
6803 -0.3217696167874837 -1.054482244200829 0
6804 -1.041183722078967 -0.0007033289265380542 0
6805 -0.1556978413704184 1.031468068398068 0
6806 1.306866068278412 -2.290597938878864 0
6807 1.394212859919483 -2.205959266713699 0
6808 -3.993459875280013 -3.945292026972576 0
6809 0.1525016244675263 -1.029319764228308 0
6810 -0.6205889623331524 0.8369035779337399 0
6811 0.5781664013594325 -0.8686120299505595 0
6812 1.029542042406757 0.1520175303593902 0
6813 0.444422754981417 0.9396251189345997 0
6814 0.4705956580109256 0.9398364902473276 0
6815 -0.3483440102211032 0.9857786505823128 0
6816 -3.946969413580179 1.035807056713125 0
6817 -3.914296082053324 0.8550094986466477 0
6818 0.8581286199432947 0.6247338613240587 0
6819 -1.378586346148157 -0.8889624422356854 0
6820 -1.347406251356293 -0.8011940897827764 0
6821 3.443883874190631 -2.485652014058686 0
6822 3.389875301509178 -2.681474960993323 0
6823 2.708774103966405 2.456787105350498 0
6824 0.8933621672488551 0.5355237326184742 0
6825 1.98961622201481 0.3072805374164462 0
6826 2.063471295459091 0.3712971463518562 0
6827 -0.9806873864501957 -0.3509383372152618 0
6828 3.557284151947288 0.3509724435536815 0
6829 -0.8951337472569225 -0.5358711372653303 0
6830 -2.411617331401919 0.8978455908091122 0
6831 -2.460970955192919 0.7906450732225674 0
6832 0.3025581379626698 0.9974324881365756 0
6833 -0.3023180816643783 -0.996645402889636 0
6834 0.05848385816996325 1.726289214892418 0
6835 2.609656772414552 0.04183315477652984 0
6836 -0.01587804713439787 2.205929814411712 0
6837 -0.1061412397939857 2.20619920953366 0
6838 0.3598511228874613 1.33850174159097 0
6839 2.063441324240144 3.733172674017501 0
6840 -3.515893583946293 3.218478087057608 0
6841 3.911547948228743 -3.488151441869096 0
6842 -4.475111401084606 -1.828645263148725 0
6843 -4.25877156669593 -1.726416700258541 0
6844 -1.353181540289504 0.07388364158072078 0
6845 -0.4943169407744474 -1.343252888788111 0
6846 -2.467101520082164 0.2616959493840551 0
6847 1.372136462252924 3.014941799819034 0
6848 0.7467592785485104 -1.432098867941786 0
6849 1.304741704206938 0.8322263949393214 0
6850 1.28682845234303 0.8895172363369475 0
6851 0.1051607072739894 1.037286240029361 0
6852 4.451605321160795 -2.195969466254699 0
6853 4.650600407017432 -2.099934166091517 0
6854 0.6210676680134983 -0.8380725209865845 0
6855 0.8367833462889425 0.6204432186134385 0
6856 -3.906906425653656 -3.177708011611157 0
6857 0.1909166100788552 -1.982468301626784 0
6858 -1.881680165853094 -0.7503591611146032 0
6859 -1.946640817052988 -0.6564810061599669 0
6860 1.160125873192483 2.16698056825664 0
6861 1.054972966142484 2.174091504884158 0
6862 -0.8543567300803971 2.129118962330898 0
6863 0.4858695554281101 0.9183275136340344 0
6864 -0.5471597927892011 -1.281181903434335 0
6865 -0.5957782270621719 -1.312482156235452 0
6866 0.9061554735946382 -0.4689447532119709 0
6867 0.9171894879243463 -0.4470239315518675 0
6868 -0.9766875434604838 0.4246840357553074 0
6869 -0.4927944871127719 0.9204622038214995 0
6870 2.137120820974605 -3.712362488826329 0
6871 -2.994871970982143 3.546318583408035 0
6872 -3.174493531163039 3.634896336884283 0
6873 -0.04882480159779368 1.042212148529423 0
6874 -1.044575115732754 0.05188784724084207 0
6875 0.1241414385133629 -3.697325876627599 0
6876 0.2923410591451015 -3.748971425418852 0
6877 -0.9938256412691635 1.892602750634939 0
6878 -2.134014202227601 -1.040023294940303 0
6879 0.1389447159965386 1.284435379233901 0
6880 -1.112014266880415 1.174951797110131 0
6881 -1.135601040746368 1.11742950172779 0
6882 -0.1026095921052868 1.037886704489961 0
6883 0.05007884359194663 -1.041818248825936 0
6884 -1.756769963000568 -0.8881175212339569 0
6885 -1.825910943098549 -0.8137681238899306 0
6886 -1.859756533963923 -0.8989014048108721 0
6887 1.039801292540059 0.05002015644448103 0
6888 -0.3250736395620701 1.2701862529036 0
6889 -0.3445872394935166 1.230909786770508 0
6890 0.1019980500497454 -1.036134821359843 0
6891 0.3024451620367418 -0.9970280787879147 0
6892 1.035189567291255 0.100613589819303 0
6893 -1.040911007122136 -0.05127215309832872 0
6894 -1.039870427443089 -0.1026851014433373 0
6895 -4.823372033708 -3.879388607555932 0
6896 0.9176816018854418 0.4907405134491057 0
6897 -0.9963473326959759 -0.3024368670701696 0
6898 -0.73659875671955 -0.7382651582206097 0
6899 -0.5207194835820875 2.732127334986875 0
6900 -0.5836379748247921 2.627537267428669 0
6901 -0.3660372728132934 -1.584319764527977 0
6902 -0.2435482579112905 1.677787376324775 0
6903 -1.125286136428152 -0.410534537815199 0
6904 -0.3519896242141359 1.309572457821576 0
6905 -0.2523499874239618 1.005957853161803 0
6906 0.9618617106742118 0.7782851608111828 0
6907 0.9520334574276169 0.8169868724258424 0
6908 -3.672425238296843 -1.086986849518526 0
6909 -3.647388060166607 -1.266584155254909 0
6910 1.56205977053015 -4.591718046109916 0
6911 1.003102699259669 1.292887210806443 0
6912 0.9749016905780989 1.226404714929231 0
6913 -1.031668455612152 -3.986727692125146 0
6914 -1.152960590057432 -3.869366209353405 0
6915 -1.1886943697711 -4.061112146383104 0
6916 -0.4996536462290604 1.20805297466941 0
6917 -2.780775330559481 0.7309955425750575 0
6918 3.195824734447749 -3.634529825642377 0
6919 1.675637910276298 -0.2386071679508737 0
6920 1.656406415959523 -0.1727428470435163 0
6921 2.513696298446243 -0.9992294924354346 0
6922 2.552185921939833 -1.127365692330339 0
6923 2.639332042248074 -1.040279655108835 0
6924 1.49632841659168 0.6948102626797632 0
6925 -1.359516428827303 1.282239906002814 0
6926 2.33990615293308 -1.638226572930257 0
6927 -2.009954883940835 -0.3252034344072946 0
6928 -1.951463912112301 -0.4009217155102934 0
6929 -3.524634231585508 3.418774623613447 0
6930 -0.9480986139588244 -3.465028532643432 0
6931 1.036179729940477 -0.1052151207099154 0
6932 0.8645684645431985 -1.302603691519148 0
6933 0.9046811919414148 -1.260402207859716 0
6934 0.1012556713249949 -1.872009883241766 0
6935 -2.199988871592547 1.321178401968524 0
6936 -2.25091237916898 1.214600127332066 0
6937 -1.447993535874627 0.6087686924703729 0
6938 -1.466892020966815 0.5511106339450953 0
6939 -1.197715804094318 0.9459342350412934 0
6940 -1.219516883124741 0.892940502029749 0
6941 1.634618552221126 -1.946738867381576 0
6942 1.720994176864751 -1.866067904000674 0
6943 1.320271339950015 1.790621026073599 0
6944 1.428241196664414 1.781188030685303 0
6945 1.334606879041438 0.6727354564072593 0
6946 -0.768972200209818 -2.07037578823432 0
6947 -0.6790186483649931 -2.103058556399803 0
6948 0.6823588706101067 2.375961878133249 0
6949 0.7826904275945542 2.368822253435668 0
6950 0.74820910699086 2.469112471168468 0
6951 -0.6416454217243748 -1.352197940760407 0
6952 -0.6913643726769076 -1.38675741764261 0
6953 -0.8672625100618514 -0.5786906454105972 0
6954 0.6591056887689332 2.195272922168097 0
6955 0.6173913673729308 2.288238632144147 0
6956 -0.8453383321942483 3.838519912098693 0
6957 -0.9629188525157427 0.4026520128337169 0
6958 3.575717855446962 -1.892076240240197 0
6959 0.2576165001279318 1.27648593833264 0
6960 -0.8387933298786874 1.546344415887135 0
6961 -0.8686999423439064 1.484480743931187 0
6962 1.22070685176825 1.081941853949217 0
6963 1.197542087700203 1.14700365073804 0
6964 -0.6444178332030046 -0.8894444918738069 0
6965 -0.4011940157190867 1.61762813573714 0
6966 -0.4636581031452049 1.613195050676305 0
6967 -0.8418651012291856 2.64534520570854 0
6968 -0.960670274174243 2.642645184827844 0
6969 -1.285337679307108 0.7366191166671703 0
6970 -0.6582723163565096 1.613844318210046 0
6971 -0.7270301268670027 1.613727299360068 0
6972 -0.770282158801805 1.676060870809267 0
6973 -0.8049627655954339 1.748805756925151 0
6974 0.2588464463118838 -2.611015663908718 0
6975 -2.999014654518083 -2.383842501584252 0
6976 2.217718558688562 -1.598530633576057 0
6977 -0.09000027085614258 -1.119319905358062 0
6978 -0.1252568116504169 -1.125548576971228 0
6979 1.850503161315812 -0.3553183791704398 0
6980 -1.923663218886562 -2.534575418611932 0
6981 -0.7804940133764783 -0.7261921347891003 0
6982 -0.7603299820242037 -0.7450374429134488 0
6983 1.745383652055062 -0.2599915563868329 0
6984 1.49674173066321 0.4689757128061472 0
6985 1.484131444009401 0.5275240388868172 0
6986 1.223369865277324 0.0816707650507164 0
6987 -1.494891727981205 0.1213929263595233 0
6988 -1.568373332524364 0.1164885182699431 0
6989 -0.8378164858326846 -0.6205007872122896 0
6990 1.458830648412001 0.6458204387627013 0
6991 1.428968345034857 0.7098200626977256 0
6992 1.24040259479439 1.204546583238588 0
6993 -1.08788041854178 1.236629449095045 0
6994 -1.152540426517955 1.231370631357133 0
6995 -0.8338598421799865 -0.6683049443155089 0
6996 -0.8517104770683648 -0.6442884379263465 0
6997 -1.263819379629397 -0.060967403277564 0
6998 -1.08147362735883 -1.27348503988613 0
6999 0.5766479931015938 0.8952789371063772 0
7000 -0.8519914202258773 1.818736039954724 0
7001 -0.8938689938851747 1.895075157827393 0
7002 1.608869732634703 -0.002354285266718409 0
7003 1.595127626634947 0.05741988911295234 0
7004 1.018830848500063 -1.127726203518183 0
7005 1.057689161385908 -1.087394899008371 0
7006 1.767138033639315 -0.6771884665538798 0
7007 -3.781682059186682 -0.03631987448209996 0
7008 -3.757878613240354 -0.2113380832811968 0
7009 1.257327471129588 1.718856131385368 0
7010 -0.8036957319436393 1.612274902881759 0
7011 3.160651583077751 -0.1206447051378511 0
7012 -1.198514716387774 1.288949024408602 0
7013 -1.168626293785706 1.366364443970018 0
7014 -1.23873443199416 1.362265185036574 0
7015 0.316544500818851 1.344840017635949 0
7016 0.9636519093988247 0.4443995924645885 0
7017 1.409554137346913 1.386646312796648 0
7018 1.464224315122034 1.459729727937056 0
7019 1.370470388426635 1.471691407606319 0
7020 3.485173815926388 -1.292355958729512 0
7021 -1.026334029833484 0.2016755949225988 0
7022 2.464280897519558 -1.202704927974536 0
7023 2.337115565517474 -1.172846610431268 0
7024 0.5463444197066702 0.9691441159685461 0
7025 0.8046706373635161 0.6592179682297263 0
7026 3.597061488552632 0.6266728200503984 0
7027 0.3080794793658818 1.731089555034738 0
7028 1.029654851329408 2.569295729669028 0
7029 -2.836794977793456 -2.444805000059679 0
7030 -0.4711995278052789 1.126393826419241 0
7031 -0.4933374122693016 1.166527780404084 0
7032 -1.261250472631617 -4.195959168424377 0
7033 1.561777523139834 0.2417773449850984 0
7034 1.546836689254688 0.2986162738572893 0
7035 -1.475222591086408 0.1859852224317664 0
7036 -0.3661981083337928 -1.353831156809607 0
7037 -0.3218508062317236 -1.373954513753659 0
7038 -0.3457353669842317 -1.011019291806303 0
7039 0.320714244299156 1.016459034461412 0
7040 0.2963515565685393 1.024288055472196 0
7041 -1.42741890745371 1.425875770680753 0
7042 -1.355093456494354 1.476695742850379 0
7043 -1.428299974160278 1.502337017802328 0
7044 2.295546626401985 -4.208188416859172 0
7045 1.294453209630197 1.261660466874228 0
7046 1.345868662083961 1.322397576047235 0
7047 -0.7421144664373379 -0.76465966959959 0
7048 -1.317626789095611 0.03859403313190873 0
7049 0.3467409042438867 1.224568750305826 0
7050 -4.098652562529303 -1.660862819211954 0
7051 -3.891496072033546 -1.695085250168944 0
7052 -0.1458589880120613 1.057424667562216 0
7053 2.053268515272152 -0.05450122542377628 0
7054 -1.197530423831321 3.081438270338544 0
7055 0.2713475116445997 1.030601499393881 0
7056 0.2464240420283667 1.036411794985006 0
7057 -2.433658067367696 1.716302822494765 0
7058 -2.32108010792981 1.798739848348452 0
7059 1.818950910357144 4.470751353124864 0
7060 3.347647421754146 2.402418256279273 0
7061 -4.414000684521186 -4.396423854798261 0
7062 -0.06159431714775798 1.065462928128234 0
7063 1.347368367812357 -0.8144795561654896 0
7064 1.389812552240298 -0.772311745837559 0
7065 2.003670059606552 -1.641778530613129 0
7066 2.094811271905673 -1.560801867979532 0
7067 1.210359354338397 0.3703326835066368 0
7068 4.221126992607326 3.82412058429418 0
7069 4.428605165646744 3.684041460851671 0
7070 0.8295257395814362 1.353279131092654 0
7071 0.7737835475763953 1.360460500801555 0
7072 1.83022793536351 -0.2783603514545061 0
7073 -0.2166694630981406 -2.284555646628601 0
7074 -0.1219735678463566 -2.323874947004438 0
7075 1.528208271217739 1.541454938353951 0
7076 -0.8713692893256182 0.6841925990007994 0
7077 -0.8633234812505245 0.7084364255034672 0
7078 -0.8918294336139585 0.7002592396438672 0
7079 1.182417586905854 -0.9679777134354302 0
7080 1.222722360718041 -0.9276949849954008 0
7081 1.468209142239647 2.522949591457507 0
7082 -0.4481606427752071 2.821233775047613 0
7083 -0.5601341653185015 2.827734315232207 0
7084 2.589916641321389 -1.243755090647936 0
7085 1.204659502822249 -3.751956036382106 0
7086 1.1616689050053 -3.574986322963153 0
7087 -0.8679080022520074 -0.6235914923626079 0
7088 2.387871991503861 -0.9697683068825795 0
7089 1.283908129583131 -3.456869009513031 0
7090 1.446709219257561 -3.506194855910518 0
7091 0.9030144017737052 1.45612146586355 0
7092 -0.3066799580920533 -2.365048149628191 0
7093 -0.2514774073161745 -2.460695846126808 0
7094 -0.4269355084734142 3.270956502737465 0
7095 -0.06148445399721374 -1.015712444597153 0
7096 0.5866779563338873 -1.16075753181604 0
7097 0.8531567508954777 -0.6481683498345086 0
7098 -0.1909584105118733 -1.078001427881888 0
7099 0.5202857491386805 -1.209467586761252 0
7100 -0.6035664875924474 0.8779173425916816 0
7101 2.990934113835453 -3.584393439255087 0
7102 -0.5014954464441208 -1.299392538090212 0
7103 1.156111605057549 -1.254822974483599 0
7104 0.09281435619803699 -1.063923906361543 0
7105 0.1181252097477809 -1.060807871553963 0
7106 -1.154028284102964 -0.9179127470044702 0
7107 -0.8212256117495511 -3.349034930109826 0
7108 -0.6638429426815315 -3.396540893727354 0
7109 -1.189431551613562 0.4245361827455246 0
7110 -1.405398686162893 0.7233178014848587 0
7111 -1.427614508797895 0.6682104392667496 0
7112 0.868602267802811 1.398532149882243 0
7113 0.8443583654839808 1.466592514689263 0
7114 -0.7068652872790953 0.7983112801285923 0
7115 -0.7261533844235597 0.7817025132832298 0
7116 2.298946004151107 1.390148837229218 0
7117 2.249661034947947 1.507725098563202 0
7118 -1.683533420483218 -0.7316229350005887 0
7119 -1.778693594889739 -0.7395752775376881 0
7120 -0.273860156030877 -1.028166057999714 0
7121 -0.2491767427129356 -1.034763438837779 0
7122 -1.038285529135915 -1.039552756533968 0
7123 -1.000194550757758 -1.080242281867509 0
7124 1.048428153504895 -0.1962554061634395 0
7125 -3.6373035090688 -4.015848260928813 0
7126 -3.575369479427187 -3.851830882795815 0
7127 -1.581094931060333 -0.8488771576219356 0
7128 -1.633106992878404 -0.7927006820328431 0
7129 -1.670912310317124 -0.859160715902108 0
7130 1.490639366114962 -3.685103031808379 0
7131 -1.511483429518831 -0.709974069998333 0
7132 -2.464098382500303 -2.697038909409285 0
7133 -2.343297480531897 -2.581936495992017 0
7134 -2.827369000125168 3.647061301362029 0
7135 1.064824658261603 0.01511059240806003 0
7136 1.248079746031911 -3.935319694806585 0
7137 1.368863375787351 -3.811053403030251 0
7138 2.57762917837155 0.6994368599409166 0
7139 2.530502834875654 0.8157673057558568 0
7140 -2.034609388060672 -1.13118079485758 0
7141 0.639171488025611 1.424645711811252 0
7142 0.679022852427948 1.474071047600538 0
7143 -0.1704162050317277 -1.057573663141502 0
7144 -1.2965081989204 -0.1372052274178301 0
7145 0.6624740802232503 1.371574163176816 0
7146 -0.4868521529581756 0.9484900133779788 0
7147 2.886594188304196 -0.4088295319620873 0
7148 2.753191857046452 -0.4021790218592102 0
7149 -0.9860871681046485 0.4023302873966083 0
7150 -0.1222485164532875 3.089017195697189 0
7151 2.335754996595733 1.614938058568633 0
7152 0.6008825998209011 -0.8828686912570208 0
7153 4.418862522525691 -4.38845184920288 0
7154 1.474870676752947 0.5881474741273667 0
7155 -1.498373405579108 4.049447620866307 0
7156 -1.658781463245721 3.957891010109977 0
7157 0.4205568392944415 -0.9789551070990885 0
7158 -0.08595918691125763 -1.013907079842294 0
7159 -0.09232364728268833 1.063402534206532 0
7160 -0.1181985323840666 1.060999201521192 0
7161 -2.450131106989129 1.320412217395515 0
7162 -2.38431271570071 1.21132938426988 0
7163 0.9214071147632125 0.5381584215795656 0
7164 -1.564057652478205 -0.1481926891144812 0
7165 0.8881817758711605 1.342808082266941 0
7166 0.624629293643596 -0.8641817040888613 0
7167 0.6452618271125941 -0.8487279669286358 0
7168 0.8151966801310191 -0.6871338820342141 0
7169 0.8319305531174935 -0.6677158666933323 0
7170 0.2471394580460991 -1.035187102257277 0
7171 0.2718895564163484 -1.028789823794719 0
7172 -3.425663239171288 -3.691770263324188 0
7173 -2.268331362417483 1.420153744941736 0
7174 3.143910740041714 2.555880600501102 0
7175 3.300128997619307 2.542663431958051 0
7176 3.256630310112832 2.719764973701269 0
7177 -0.4115721174482668 1.153241770773182 0
7178 -0.3884154171710052 1.120619696413989 0
7179 -0.108555797576372 2.848257932404717 0
7180 2.302268749662854 -1.055573993611543 0
7181 -0.9979392380547094 0.3049138358062877 0
7182 2.091514232106354 -0.1592316706395659 0
7183 -0.7520813941898727 -1.548313728149472 0
7184 -0.6849089208798007 -1.578578870658041 0
7185 -0.03697173605181547 -1.162750510025194 0
7186 -4.044821957484229 -3.296302640761163 0
7187 4.299640404220158 -2.30631327627541 0
7188 -0.2830154215587694 1.797920430031045 0
7189 0.7075833099908494 -0.7980307025165034 0
7190 0.726181246624533 -0.7804830356222086 0
7191 0.6356911974714832 -0.9570435595554136 0
7192 0.6302367522917672 -0.924422094074079 0
7193 0.7083806485443946 1.574198101678978 0
7194 -1.380658705073779 -1.972762183801542 0
7195 -1.318025070970748 -1.86652046234436 0
7196 -0.2789152249332684 2.223181096580295 0
7197 0.754115963799291 2.186293660211321 0
7198 4.073873812711521 3.636094964153886 0
7199 -0.8183778611938565 -0.6889597286598561 0
7200 -0.1878461241825008 2.225884961767933 0
7201 -0.8187536734184754 0.7390527002816659 0
7202 -0.8020841904136251 0.7636224524533842 0
7203 1.534059609324623 -3.868466690232857 0
7204 -1.856098206489611 4.43585336331443 0
7205 1.00348319865308 0.6414763272926058 0
7206 0.9917651282338237 0.6749869020891722 0
7207 1.85686836938588 2.121667236396633 0
7208 -0.9466895620150101 1.973208868072228 0
7209 0.07237968945788145 -2.382919422628926 0
7210 -4.166749788377815 -1.884194224842988 0
7211 -1.011397297283203 0.2538274059792188 0
7212 -0.9107486791373565 -0.5621378753106674 0
7213 1.320130444349082 1.551654849161612 0
7214 -3.751644948193427 2.401524794612468 0
7215 -3.736957446257992 2.210870032597576 0
7216 2.427157808893279 1.366657011469474 0
7217 -3.931386107525828 0.0482644380247792 0
7218 4.246613980281865 -3.895346961430469 0
7219 0.5851560236471914 1.057362379339876 0
7220 0.5516335775601322 1.059282967138778 0
7221 4.061755214041329 1.56048610794511 0
7222 3.91142799481253 1.49361280573668 0
7223 4.085219782476507 1.383913799224043 0
7224 -1.062159124522429 -0.09175274502099572 0
7225 -1.281529199589939 1.419957550163397 0
7226 -1.84448415904729 4.04785518857363 0
7227 -0.8431374965583899 -2.142123806808714 0
7228 -0.8189647776388854 -2.239004875857837 0
7229 -0.7984143765616614 -0.7081243197542273 0
7230 3.520986196137944 -1.722677533473949 0
7231 -2.805980303104334 3.99743345142983 0
7232 -2.57282570516133 4.011238298308344 0
7233 -0.1538374531351016 1.10536627640322 0
7234 1.171989395821311 0.2167028872627185 0
7235 -0.253970873222085 1.029500919870798 0
7236 0.6557754538526988 -4.025782607904564 0
7237 0.4413408205222645 -4.062443245492337 0
7238 0.6428165794789416 -0.988752742181716 0
7239 3.493941391885001 0.495190898620436 0
7240 1.741050729905726 2.328566564740034 0
7241 1.055209823074253 0.1129939417119923 0
7242 1.071744861320016 0.1274674058122653 0
7243 1.04875737132745 0.140331108148415 0
7244 -2.566914666236671 -2.796466170131232 0
7245 3.616070976942321 -1.59272843930635 0
7246 4.410626506931163 3.421922863981452 0
7247 -2.315534760036736 1.113715415556106 0
7248 -2.367126392340799 1.008263517189889 0
7249 -1.261506836926145 2.830374654034956 0
7250 -1.281365970589095 2.705321752323446 0
7251 -0.9380843960443741 1.301036288070615 0
7252 -0.9650210374465396 1.244139510807074 0
7253 -1.042338075522144 -0.2202148092729628 0
7254 -1.272749067019447 -0.09947553938741238 0
7255 2.72451026516885 0.0213427941718775 0
7256 1.473208248316478 -2.11857419253532 0
7257 1.559451063309578 -2.037703100214382 0
7258 2.606601695520658 -0.5823595681371706 0
7259 1.99415087927691 2.949752454319165 0
7260 1.831487572559644 2.962919805232652 0
7261 -4.324282146535595 1.426749185436999 0
7262 -2.541161598896517 -3.950980557042237 0
7263 -2.54358636954848 -0.8809115383151707 0
7264 1.730003373048617 2.132071974164913 0
7265 2.77608949931715 -1.709027986642333 0
7266 -4.062692226002723 2.575402119889918 0
7267 -1.064290201569256 -0.03684845626760004 0
7268 -1.063675828400644 -0.06231498282923306 0
7269 0.4453144026767472 0.9128587292248879 0
7270 -0.4049215746708586 1.089064141643612 0
7271 -2.084330038186928 1.864495474304901 0
7272 -1.997513146094155 1.75967564079576 0
7273 0.9011583305534341 -0.8404512858870319 0
7274 0.9280565918267951 -0.8174995820670071 0
7275 -3.53606889433571 3.630810961716368 0
7276 -3.340006762193593 3.749695845452892 0
7277 -2.048383578323005 1.645108381700308 0
7278 -2.17127718095704 1.635380165552871 0
7279 4.069190035394631 1.711154819749753 0
7280 -0.8936384773024927 -0.624389163765663 0
7281 -1.983967778059926 -0.583662598526036 0
7282 -1.871789778651222 -0.60334790712843 0
7283 -0.1355730431894629 1.082940497278787 0
7284 -0.1261769975071069 1.108940810362196 0
7285 0.8322418650362056 0.695996919192711 0
7286 0.8634879385040863 0.6867919942900925 0
7287 -0.4018486744627848 1.033263640082009 0
7288 -0.4131126306474936 1.06039610254704 0
7289 -0.4266409899209884 1.03182455316194 0
7290 0.3383440564589892 -1.060279383342929 0
7291 0.3434931938435155 -1.096620544184201 0
7292 0.8175443379178365 1.571934202017578 0
7293 0.7597390348942656 1.561828456548168 0
7294 0.8209651964313038 1.514076085201161 0
7295 -0.8417764001415802 0.7174809756610981 0
7296 1.242257358728546 1.016575600957713 0
7297 2.119010428053016 -0.2510559300400126 0
7298 -1.453695910465892 2.589429842797871 0
7299 -1.050116572853692 2.12948804825266 0
7300 -0.1990460419691982 -1.049725270853162 0
7301 0.4672352243368506 0.9018247148951798 0
7302 1.623546852477119 -0.5455166080769975 0
7303 1.677456226836987 -0.5033361340971717 0
7304 -1.156414504045193 1.058567082547791 0
7305 -1.487503932604108 0.6575617310236026 0
7306 -0.9797669399384897 1.356271734383417 0
7307 -4.645464765698534 -1.908704265174855 0
7308 1.132859573660591 -2.458459025457744 0
7309 -4.497222157158371 -2.029807107915706 0
7310 0.09308803844738781 -1.448264738719135 0
7311 0.1436694183717712 -1.467296943496779 0
7312 -1.031887259147145 0.272006912469524 0
7313 -1.037569108412474 0.2468504929026692 0
7314 -2.108923180496128 -1.71513973918891 0
7315 -0.2755525432284428 1.7194427443376 0
7316 -2.06136829713573 -0.2513554401295313 0
7317 3.147848124234795 -0.6534346834836071 0
7318 1.260718712443399 0.9552435608340575 0
7319 0.7176117238938047 1.365675134051431 0
7320 -1.488495161423864 0.4874511625915795 0
7321 -0.6896122589191422 3.745199925152431 0
7322 0.6863087396214728 -0.8160432021950611 0
7323 0.7124449913452208 -0.8241642986165589 0
7324 2.509709884774684 1.479227060889719 0
7325 0.9586735770071968 -0.7972654856520374 0
7326 1.025131794614839 0.5538358421141273 0
7327 1.003081239856804 0.5271984034377822 0
7328 -4.06696200619871 2.189105339170024 0
7329 -4.064426729881006 2.398388676455346 0
7330 2.417813200462055 1.034079499530172 0
7331 1.369290921129552 0.9829360079741942 0
7332 0.2895036179810858 1.049628045718717 0
7333 0.2191632656331073 -1.041243173093445 0
7334 1.441825593737796 2.229119125863999 0
7335 1.379742871919236 2.134732530350001 0
7336 4.159427286050787 3.423067882251023 0
7337 1.224095484978408 -2.374316047707985 0
7338 3.460366991825263 2.56630262947944 0
7339 -1.029577869134848 -0.341966638190523 0
7340 1.674936708059394 2.236906414856683 0
7341 1.177515309885206 -0.351549402517187 0
7342 -0.9508337105741133 -2.008306396635108 0
7343 -3.686325877229746 -0.5458480961524431 0
7344 -1.18013625063813 1.003300180371712 0
7345 1.188894952844002 -1.217316938405907 0
7346 1.015645795806245 0.5835011326479477 0
7347 1.007532304528226 0.612369811012257 0
7348 -2.393280456348582 -2.836447599312615 0
7349 -0.7746428456727641 0.7277926122556009 0
7350 -0.6241401867723263 0.8630286306253947 0
7351 -0.6439186950313431 0.8468870689972665 0
7352 1.268756965952536 2.142412332469306 0
7353 1.313387918584978 0.7191936959477223 0
7354 1.297679843395741 0.7742126351800904 0
7355 3.775163431040022 1.350831604842928 0
7356 0.2174052033218098 1.277814686313546 0
7357 0.1780064287916424 1.282148197107722 0
7358 0.949744533998396 0.8598202367914498 0
7359 -1.024828970587844 1.239285327759548 0
7360 -0.5030765799081296 -2.159584615798756 0
7361 0.9411875382298642 -1.211320691304357 0
7362 0.980303524103263 -1.169090371001671 0
7363 0.7769716276997803 -1.381409591201874 0
7364 0.8182897801965571 -1.336900592875308 0
7365 -0.07718325742653775 1.088575425159466 0
7366 3.407914139551602 -0.04786881661418248 0
7367 -0.168638337248545 2.96153636747571 0
7368 4.051584338001993 1.172147207851542 0
7369 3.33654695615664 -1.265936094229159 0
7370 -4.057422553519658 1.992623750411453 0
7371 -2.617942205705301 -0.7778507620260867 0
7372 -0.7990267548210472 -0.8786421395427164 0
7373 0.2184464123006047 1.083676405724474 0
7374 0.2390599897047974 1.05647294282941 0
7375 -0.8549450055809127 0.6679007414327327 0
7376 -0.2784907894020492 -1.39618103650841 0
7377 -0.2327804193386202 -1.415738193893374 0
7378 2.57041930399417 -0.4674080274293851 0
7379 -3.6678650196086 -4.197623695610174 0
7380 0.4719270804367065 -2.598995351816925 0
7381 -1.240178837007129 0.8401297633624341 0
7382 -1.260893553973599 0.7876104406006786 0
7383 1.344389130301771 -2.411027677194856 0
7384 2.647995121729726 -0.378592307209475 0
7385 -0.2215990434136618 -1.473436546947323 0
7386 -1.248768243168388 -0.4725606909198854 0
7387 -1.476552850057669 -3.912784732946699 0
7388 -1.349182104118802 -3.79689254372097 0
7389 -2.8475447687477 -4.187669216387867 0
7390 -0.5916722701952821 -2.125793197846028 0
7391 -0.8583697000667442 -2.044036648269401 0
7392 -1.150537689487479 0.2584470569730574 0
7393 -2.681694613173039 0.7792858472542603 0
7394 -2.570395863548131 0.7967081804784533 0
7395 0.7034573934827223 0.7982749093777615 0
7396 0.6664353112291703 -0.8323977910607377 0
7397 0.7352845122153978 -0.9171695171134158 0
7398 1.519998933595438 0.3547935205356366 0
7399 1.505536533577974 0.4117313805330971 0
7400 2.079191390129607 3.095842958285131 0
7401 2.682381012528926 -0.1804444640123152 0
7402 2.645825597940005 -0.07061878033381666 0
7403 0.6662688214936909 -0.9683422464072288 0
7404 1.284201185135981 1.632011906830671 0
7405 2.465378069678417 0.9184200290435929 0
7406 0.937730637228763 1.331473341587221 0
7407 -1.323345131396569 2.59557114443093 0
7408 1.586886287336632 0.1212942787205084 0
7409 1.573091104373806 0.1794012826223435 0
7410 1.51720698074322 2.978610333829762 0
7411 1.370251616398718 0.7072884783211267 0
7412 4.107788866155245 4.44064285225779 0
7413 4.082777233179763 4.191935503972905 0
7414 1.755362205746519 -0.5314364595566641 0
7415 -0.6025947056571356 1.29181151650616 0
7416 -0.6114336803585755 1.249155380163573 0
7417 -0.2220235311398184 -1.524369397695249 0
7418 0.5554177331930774 -1.188741579897961 0
7419 2.046227318310039 -4.030944197078199 0
7420 1.676144794319005 2.961367323242251 0
7421 -1.448416651923496 0.2358142679940948 0
7422 0.5536106169244153 0.9039043173230701 0
7423 1.516857533345238 -0.6329145672747873 0
7424 1.567206642794092 -0.5879667995036677 0
7425 -1.526010233580423 -0.1015409630846207 0
7426 0.6213612143722288 1.050609383376555 0
7427 0.6250767589199968 -0.8935241371990722 0
7428 -1.836067347397413 4.2277187527097 0
7429 0.3413362426499645 -3.894470629373878 0
7430 1.707500732788249 -0.008831768857881051 0
7431 1.770345938444045 0.01903398387742231 0
7432 1.096097476694243 -1.046676409784163 0
7433 1.134416709471352 -1.005409061921966 0
7434 -0.3900979640008729 1.012146296472174 0
7435 -2.219947619728997 1.825297066760641 0
7436 1.635450567571201 -0.617432156354516 0
7437 -1.026446852764822 0.3003339642657854 0
7438 -1.065355130225384 1.29570416200655 0
7439 -2.093721782000107 -0.3407100936392649 0
7440 2.689259147893395 -1.575892847150973 0
7441 -0.2314491703794434 -1.144018987131277 0
7442 -0.9760908097891799 0.7297351745516528 0
7443 -0.9941118472616084 0.6945322814287713 0
7444 -0.9075107376040882 0.7556584049151132 0
7445 -0.9297556340752269 0.7807798568679569 0
7446 0.822596191747665 -0.7100111110812055 0
7447 0.0952269223791628 1.060399864172349 0
7448 3.290369531660132 -1.111574078913662 0
7449 -0.7027722574928662 2.625484505322307 0
7450 -3.892122528711024 2.100870337611404 0
7451 -0.3631071634633806 -3.476220902218038 0
7452 1.337046637665019 0.9355005618771617 0
7453 0.919715242088161 1.231907613876716 0
7454 -1.311417622192007 1.342542130601981 0
7455 -2.620627131086928 1.438906933605982 0
7456 -0.5878279429368074 1.615367653182018 0
7457 -0.8929929851123368 -0.5794883168136523 0
7458 -0.8797444860668125 -0.6006015130516063 0
7459 -0.4517881454900062 1.102603607729945 0
7460 -0.4409342164676999 1.140083312509412 0
7461 -1.12082218356232 -0.1414959410563617 0
7462 -1.114711714420759 -0.959788354620529 0
7463 -1.077389317045711 -1.001560431507254 0
7464 1.304966298426169 -4.124126471097456 0
7465 -1.407861861272894 0.929372526971101 0
7466 -1.349876340311848 0.9637985414621707 0
7467 -3.708973383377279 -0.3692178385773205 0
7468 -1.213213886757592 -1.170579584070934 0
7469 -1.178998219446014 -1.213963505511229 0
7470 -1.131681261060291 -1.162999449525546 0
7471 -3.939857977044664 0.4193241626755828 0
7472 -4.074770124896691 0.5680769560134551 0
7473 -1.529486100137889 0.5344605128737102 0
7474 -1.271712901408664 -0.9556829425482588 0
7475 -1.654036741147221 0.5099036278364234 0
7476 0.623021349599487 -3.834066941300907 0
7477 -0.681021478540329 0.8103958082306035 0
7478 1.57477274802199 -4.055436015552932 0
7479 -3.163813870659544 3.853216698777798 0
7480 -1.402311196423082 1.339932271129637 0
7481 4.431389414030178 -4.578177404040991 0
7482 -0.9020924276713168 2.054867646840952 0
7483 -0.5226060558572545 1.617550403458657 0
7484 3.851067269907485 1.184697067422869 0
7485 -1.235880754910428 0.9946021956818032 0
7486 0.4439903294328583 -0.9621548733356927 0
7487 0.9495640020126331 2.168598405594739 0
7488 1.254376103511952 -0.8845591029043719 0
7489 1.294325361702729 -0.8428397986189478 0
7490 1.044597376286859 -0.1679557738870917 0
7491 0.2415515732814478 1.311740654137068 0
7492 -0.5803681541313723 -0.9105547183419835 0
7493 -0.6047393854146015 -0.917948647395598 0
7494 -0.5828854339897427 -0.9327919890329184 0
7495 -1.274122262249003 0.8844255116840698 0
7496 -4.021059144093822 0.7521710043944136 0
7497 -2.881778372423613 -0.6354096971880945 0
7498 -2.750411952244538 -0.5746682790688868 0
7499 -1.241555475614953 2.942398513422604 0
7500 0.753774407830496 1.414217831957831 0
7501 -1.3192283414649 0.7806234490832465 0
7502 0.4541244872750249 -3.772316851074139 0
7503 -1.561909857123645 -0.6488963229660787 0
7504 -0.2239683792244655 -1.043517567961579 0
7505 -0.97151158880016 0.7661200248167714 0
7506 -1.216305000458402 -0.4917982675095025 0
7507 -1.186976954680097 -0.5304615720441266 0
7508 -1.004961447000851 -0.3457220878825335 0
7509 -3.806052938545927 0.5124648294407437 0
7510 1.034855497856406 -1.182142729554136 0
7511 0.9875174352025169 0.8447183310498304 0
7512 -1.593716041226427 -0.7213393767204164 0
7513 -3.749910444315144 2.57853823804704 0
7514 -3.899927477511794 2.474365369804548 0
7515 1.089516657216189 0.1476182788812155 0
7516 1.553507057396495 0.4523194359905898 0
7517 0.2667659045828096 1.352265936583689 0
7518 -0.5343928153237754 -0.9390345794095349 0
7519 -0.563707448321231 -0.9508519776924549 0
7520 -3.826764272969606 0.6905837282223324 0
7521 -1.223369241269704 -1.896716260000699 0
7522 -0.0976148428403979 1.113469844934122 0
7523 -0.2444002071217694 3.084516240067356 0
7524 -0.07879007140762978 -1.465009605685778 0
7525 1.268175248752315 -0.07273279792266321 0
7526 1.256972265490761 -0.03296907517803378 0
7527 0.9827334788354044 -0.6787609740947466 0
7528 1.007583177564559 -0.6569722735138696 0
7529 -1.382542607076896 -4.078597685652635 0
7530 -0.0995731472798386 -2.410727128029146 0
7531 -0.03009815372818033 -2.341933171728596 0
7532 -1.037542196222506 -0.2463200307182778 0
7533 1.058177057283822 0.08774988748315327 0
7534 0.0713430713064313 1.058696844548249 0
7535 0.04590188787499636 1.060469483536392 0
7536 1.111791137561542 -1.100060072846441 0
7537 1.421597748865444 -0.7159395869365444 0
7538 1.466884903799275 -0.6673445532632727 0
7539 0.1937757884606554 -1.045429920183918 0
7540 1.19351122856645 0.4045877385007906 0
7541 -1.975712554231686 -0.4725437937057636 0
7542 -2.516544697880206 3.809855313578965 0
7543 0.2209844586760178 1.036943248174014 0
7544 0.1983670702204329 1.042357664147397 0
7545 -4.342780826206114 1.606409961771096 0
7546 -0.4533674080406682 -1.308371107776209 0
7547 -0.4081400725649745 -1.327502064658019 0
7548 -2.668558643594553 3.71105125184233 0
7549 0.6008844280162854 1.086862429734983 0
7550 -2.666540640305901 -0.6765358327764059 0
7551 -1.039813341337922 1.350798691813998 0
7552 -1.094713707197385 2.047829269483936 0
7553 0.3603755558924301 -2.548721835153675 0
7554 -1.061054240501043 0.0332334973038818 0
7555 2.688215878924507 -1.283610686311638 0
7556 1.379740575584938 -2.519491865759296 0
7557 4.43755366206481 4.594452962956082 0
7558 -1.352271019661416 4.122539206591227 0
7559 -1.143963195340012 0.2944319473731473 0
7560 0.5930759493884211 1.122976716564403 0
7561 -2.493449844050344 0.6977444339686552 0
7562 -0.149912594598038 -2.501528268920793 0
7563 1.68807911183283 -0.1336350596700792 0
7564 1.626420614140816 -0.118723289124728 0
7565 0.9641540919242035 0.7420388902319851 0
7566 -0.7401098133142618 0.7586910951390455 0
7567 -0.7570222514618042 0.741319954190671 0
7568 -0.8622365444299205 0.7335476163041659 0
7569 -0.4666618327427313 1.205398725464035 0
7570 -0.4309834997635394 1.177031989462478 0
7571 -4.424546907728039 -4.586625990899614 0
7572 0.06490297849280811 -1.060254032281412 0
7573 3.863783098449479 4.4570337625666 0
7574 4.621447704710674 -4.444249041377047 0
7575 0.8320170748698275 0.6581405202050272 0
7576 0.8155238130633957 0.6788090347002538 0
7577 0.7562240128896491 -0.8975726958329658 0
7578 -1.379520658677939 0.7778449616949108 0
7579 -3.863597851715685 -1.875268516827216 0
7580 -4.019382709577705 -1.985546427311638 0
7581 -1.884868097538775 -0.4589074212990289 0
7582 0.6699969368592679 -0.8585069741630147 0
7583 0.8986541090073882 1.286220322797633 0
7584 0.8196738526968584 1.640609839540766 0
7585 0.730381238777819 1.461701402469728 0
7586 0.7118015070578619 1.51633998486256 0
7587 0.1145102717469655 1.712497151025795 0
7588 1.245526511989567 0.007757885851668367 0
7589 1.234069716433605 0.04466101467965231 0
7590 0.8121233048368708 2.265390689390021 0
7591 0.7642342294970152 -0.741051416955424 0
7592 0.7794782588051454 -0.7223166787665689 0
7593 -0.9247597620299883 -1.166372732967153 0
7594 1.441012786382424 1.69465781844898 0
7595 -2.964790659634949 3.933443500949529 0
7596 -1.529756778066916 0.7069047162930091 0
7597 -1.096756147294899 -1.054154747014578 0
7598 -1.168694089211433 0.4586416261563939 0
7599 0.8112447122008046 2.552233579178115 0
7600 0.7109131552163572 2.559373203875696 0
7601 -0.3265368820151329 3.166212780383598 0
7602 0.7463494026306823 -0.7593967096272363 0
7603 2.709279669680275 -0.2933665017358967 0
7604 2.40608984274705 1.706929924051548 0
7605 0.8493990774223609 2.176012689200893 0
7606 0.653983446114462 -0.9057351069059195 0
7607 1.28509299454468 0.1060261875957373 0
7608 1.261136922510411 0.0750826577448615 0
7609 0.7188171148566469 -0.8517969045279724 0
7610 0.9317525908363411 0.5113672891922153 0
7611 0.9469463802092191 0.5360556947074758 0
7612 -1.28134269510633 1.034347190112578 0
7613 0.363465685830672 0.9993077322722259 0
7614 0.341084206859315 1.006064821546641 0
7615 0.1426338216202985 -1.048945054636834 0
7616 -1.002049075055306 2.052395239648497 0
7617 1.057787616036798 0.03947537733281967 0
7618 3.295814907285796 -0.1335154938781534 0
7619 -0.3699517361234284 0.995985351772446 0
7620 -1.355076533344429 0.8288362856284192 0
7621 -1.102864789291857 1.348142813149494 0
7622 1.295792845700961 0.06901643722467325 0
7623 -0.2956176699011843 -1.01772349171935 0
7624 -0.6269098933463179 -3.530071024701804 0
7625 -0.51753325635132 -3.419498457989031 0
7626 1.389211306988655 1.625131880415787 0
7627 1.462511158884942 -2.435773756930176 0
7628 -3.810234210025706 -4.020704075269515 0
7629 -1.020963754829973 -0.2986814173781592 0
7630 -1.013620993736937 -0.3230366467571225 0
7631 4.071600108942825 0.6905154438165888 0
7632 -0.9634590304843442 -1.114690348813073 0
7633 0.7971444207265106 -0.7036324415233552 0
7634 1.041118445450345 -0.6678072409829723 0
7635 1.039022336763271 -0.7117921641735716 0
7636 3.948583805541702 -1.618075800711161 0
7637 3.761956238143779 -1.621155037799289 0
7638 3.85736288582425 4.211664031833701 0
7639 -1.058750292227877 -0.01190027434446901 0
7640 0.139031589981104 -1.928618310430608 0
7641 4.624332832504438 4.44354789435908 0
7642 -0.3952308058588351 0.9885311459971799 0
7643 -0.4183461515062449 0.977630359679208 0
7644 0.0419955049955984 1.08569119050076 0
7645 1.157397028678478 0.2500990083796211 0
7646 1.614830774414918 -4.225328256106666 0
7647 1.631826534870446 -4.445630270630764 0
7648 -0.3390349552210378 -1.032097380636018 0
7649 -0.3202204139300925 -1.010681555955506 0
7650 2.638104560124448 -1.490108810014702 0
7651 2.600310854504231 -1.358949921955835 0
7652 0.9972325004966993 -0.7118515643673522 0
7653 -1.129704533916333 -1.249928252691405 0
7654 3.56058951052228 2.750499710054079 0
7655 -0.9103797473783282 0.7307089218804863 0
7656 1.050370640291685 -0.1228406719669923 0
7657 1.054040413735458 -0.09949447508562367 0
7658 -0.8809146157646248 0.7494525491811618 0
7659 0.9156157035679529 2.562173359986223 0
7660 1.610372781294598 -0.05727188935247549 0
7661 1.656590261354228 -0.02469789766553387 0
7662 -1.049937000930588 0.1955995397539199 0
7663 -0.4447790816990868 1.011016414820334 0
7664 0.7538877177207467 -0.7850654729430291 0
7665 -0.6308547752629072 1.210690624033428 0
7666 -0.5017208642978326 1.871184857090934 0
7667 1.034154021387738 -0.6385870664692721 0
7668 1.061628909619169 -0.61432113044758 0
7669 0.7865530624604098 1.456486769219853 0
7670 2.205134488781463 -4.058180875706146 0
7671 2.157385463588477 -3.869223752979345 0
7672 -1.058408634016097 0.01320202326568865 0
7673 -0.4377481934419765 0.9884310352864829 0
7674 -0.4407173112119417 0.9613693042687825 0
7675 -4.266343203995138 -3.031537118859847 0
7676 0.2876436135461848 -1.043337666500857 0
7677 0.2937235535508022 -1.019000533504428 0
7678 0.9432208673314484 0.488637786577016 0
7679 1.010864332737991 0.6984907132779971 0
7680 0.9752919166275541 0.7058886143370029 0
7681 -1.550135805143648 0.6474629694966325 0
7682 1.283282527167886 -0.00265405365590473 0
7683 1.709003781448144 -0.06374937294363814 0
7684 1.476942045595525 1.614300760779921 0
7685 -1.111774643878486 -1.105881300063271 0
7686 -0.464290484235432 0.9510783054750136 0
7687 -1.040682117645635 0.2225949312436851 0
7688 2.296027991446029 -3.739599167454276 0
7689 -1.829588750863858 -0.5308028118976569 0
7690 0.3181992191665782 -1.011575921494053 0
7691 0.3343906412198168 -1.036193213733807 0
7692 0.1912441008603896 1.065571719216798 0
7693 -4.072398626779673 -3.08862701485331 0
7694 2.130998929729664 0.3290675750711166 0
7695 -4.62597414451516 -4.446318231620664 0
7696 1.311064897908534 0.03171864367139048 0
7697 1.704188138599368 -0.6516009654081064 0
7698 -1.143084504898244 1.421458973777466 0
7699 3.387838049547029 2.865281060099695 0
7700 -2.724103411637025 -1.400754623546246 0
7701 0.976573845900143 0.5334454295732761 0
7702 -0.6647230696528179 0.8528859660764936 0
7703 -0.6611718452136439 0.8267609133848389 0
7704 -1.316736217904484 -0.9137241489676928 0
7705 1.056143124997563 0.06482475647880258 0
7706 0.8425091728243002 0.64284009644512 0
7707 -0.8443228185312079 0.6423147137270844 0
7708 -0.8196654913926857 -0.8493943113027345 0
7709 -0.5704634279626279 1.873334326439793 0
7710 0.6855152588246927 0.8105505793262424 0
7711 1.626467247558698 4.214851150199507 0
7712 -0.8322411499124793 0.666783757154751 0
7713 -2.862967327067384 -0.7889858367807108 0
7714 -1.030642701472491 -0.2711591017473748 0
7715 0.3134310259198111 -1.057634545819689 0
7716 1.276951556489247 -0.1109948351497874 0
7717 -0.5791261931652278 -0.886915883954124 0
7718 -0.557272241740369 -0.9017592255914444 0
7719 1.807257435377321 4.197344091834156 0
7720 -0.3729267028103904 3.038731952162118 0
7721 1.086736349660456 -0.5885983368631486 0
7722 -0.6008276484350785 -0.8733391299581937 0
7723 -1.563976395279702 0.5819723018453182 0
7724 0.1678265424883355 -1.045246032312878 0
7725 0.1839079856134276 -1.065055210592444 0
7726 2.580044730926001 1.571218926372635 0
7727 2.448806028601429 1.582850214191993 0
7728 1.303504588406011 -0.08164305191273102 0
7729 -0.4297138901290622 1.087625054723544 0
7730 -0.5117995747439132 -0.9294901741894257 0
7731 -1.020916839111689 -1.126595138986856 0
7732 0.6767041300658193 -0.8877239016763204 0
7733 0.6978776141823956 -0.8713937258084223 0
7734 0.06495104713059718 1.103977223391376 0
7735 0.08704690518228897 1.080411888362757 0
7736 1.720640540011397 4.332432963161033 0
7737 1.047814241039551 -0.1426027696808954 0
7738 1.031386650219406 0.6384824847498175 0
7739 -0.389182676214324 2.936938083569411 0
7740 -2.226714460112882 1.716109718855922 0
7741 -2.272409669157853 1.608822947140682 0
7742 1.754740672294175 -0.6005694660736192 0
7743 -1.585579535736752 0.5183128304918024 0
7744 -1.047916362513452 -0.2917588814343277 0
7745 -2.491183556054235 1.634537487429876 0
7746 -2.385372437000235 1.607787165378844 0
7747 -0.5359209621266514 -0.9158536547591947 0
7748 -0.6189328716475313 -0.8583973174018397 0
7749 -2.551790154357663 1.537612679390365 0
7750 -2.690313889900636 -4.047612230917762 0
7751 -2.839490283098375 3.802407140689491 0
7752 -1.077558976566908 -1.149265221503566 0
7753 0.9837992502390086 0.5030175361846316 0
7754 1.092796729314812 -0.6236992403539434 0
7755 0.9510016694560459 0.4664411438592013 0
7756 0.7255243080631983 -0.8810138320412781 0
7757 -1.298922248562518 0.9769812447821595 0
7758 0.9650726584069453 0.4870679196023108 0
7759 -0.2605742913564812 -1.136245642836115 0
7760 1.345024324819097 -4.29401871165119 0
7761 1.45234164538994 -4.164309302008464 0
7762 -1.304414400115946 0.9240535470313958 0
7763 -0.6203273287686839 -0.8807695641483091 0
7764 1.275257560478801 -4.440106487130342 0
7765 1.422632907442572 -4.480289318041351 0
7766 -2.329935157844393 1.527057612075793 0
7767 -2.381294130259865 1.419117963179898 0
7768 -2.72776057434776 -0.7997437779890089 0
7769 0.8533623485241797 0.6624311629156473 0
7770 -0.779197289305015 0.7490405760366051 0
7771 -1.078620810649952 0.02203655188595085 0
7772 -2.511734902416039 1.427316084529572 0
7773 1.086686320003849 -1.191577057856162 0
7774 -1.325076353998333 0.8712428083640809 0
7775 -1.385368671211372 0.8684643209757451 0
7776 1.076163380780561 0.07720510837149192 0
7777 1.132773165540945 -1.204869517563984 0
7778 1.119469667790303 -1.15407102177847 0
7779 -0.6263126099905518 -0.904386304430161 0
7780 1.065674924834531 -0.1368821240566037 0
$EndNodes
$Elements
3826
1 8 2 1 2 2 48 67
2 8 2 1 2 48 49 68
3 8 2 1 2 49 50 69
4 8 2 1 2 50 51 70
5 8 2 1 2 51 52 71
6 8 2 1 2 52 53 72
7 8 2 1 2 53 54 73
8 8 2 1 2 54 55 74
9 8 2 1 2 55 56 75
10 8 2 1 2 56 57 76
11 8 2 1 2 57 58 77
12 8 2 1 2 58 59 78
13 8 2 1 2 59 60 79
14 8 2 1 2 60 61 80
15 8 2 1 2 61 62 81
16 8 2 1 2 62 63 82
17 8 2 1 2 63 64 83
18 8 2 1 2 64 65 84
19 8 2 1 2 65 66 85
20 8 2 1 2 66 3 86
21 8 2 2 4 4 126 145
22 8 2 2 4 126 127 146
23 8 2 2 4 127 128 147
24 8 2 2 4 128 129 148
25 8 2 2 4 129 130 149
26 8 2 2 4 130 131 150
27 8 2 2 4 131 132 151
28 8 2 2 4 132 133 152
29 8 2 2 4 133 134 153
30 8 2 2 4 134 135 154
31 8 2 2 4 135 136 155
32 8 2 2 4 136 137 156
33 8 2 2 4 137 138 157
34 8 2 2 4 138 139 158
35 8 2 2 4 139 140 159
36 8 2 2 4 140 141 160
37 8 2 2 4 141 142 161
38 8 2 2 4 142 143 162
39 8 2 2 4 143 144 163
40 8 2 2 4 144 1 164
41 9 2 3 1 670 1334 1335 2206 2207 2208
42 9 2 3 1 445 1347 1669 2209 2210 2211
43 9 2 3 1 1344 494 2142 2212 2213 2214
44 9 2 3 1 1174 1040 1520 2215 2216 2217
45 9 2 3 1 1101 1395 1755 2218 2219 2220
46 9 2 3 1 1395 1101 1775 2218 2221 2222
47 9 2 3 1 1174 1520 1727 2217 2223 2224
48 9 2 3 1 1715 726 1906 2225 2226 2227
49 9 2 3 1 1003 902 1617 2228 2229 2230
50 9 2 3 1 677 1351 1352 2231 2232 2233
51 9 2 3 1 878 1583 1901 2234 2235 2236
52 9 2 3 1 1164 1406 1713 2237 2238 2239
53 9 2 3 1 4 126 2041 145 2240 2241
54 9 2 3 1 1433 422 1663 2242 2243 2244
55 9 2 3 1 436 1344 1807 2245 2246 2247
56 9 2 3 1 1341 863 1782 2248 2249 2250
57 9 2 3 1 105 4 2041 125 2241 2251
58 9 2 3 1 997 1558 1766 2252 2253 2254
59 9 2 3 1 1241 1714 1745 2255 2256 2257
60 9 2 3 1 1558 1556 1766 2258 2259 2253
61 9 2 3 1 1430 418 1653 2260 2261 2262
62 9 2 3 1 1614 525 1934 2263 2264 2265
63 9 2 3 1 1528 1338 1781 2266 2267 2268
64 9 2 3 1 1378 1084 1401 2269 2270 2271
65 9 2 3 1 1230 1073 1435 2272 2273 2274
66 9 2 3 1 1714 502 1745 2275 2276 2256
67 9 2 3 1 927 1615 2126 2277 2278 2279
68 9 2 3 1 1402 904 2111 2280 2281 2282
69 9 2 3 1 873 1528 1781 2283 2268 2284
70 9 2 3 1 1333 1176 1951 2285 2286 2287
71 9 2 3 1 1393 426 1634 2288 2289 2290
72 9 2 3 1 1244 1531 2046 2291 2292 2293
73 9 2 3 1 851 849 1447 2294 2295 2296
74 9 2 3 1 432 1490 1842 2297 2298 2299
75 9 2 3 1 1502 1498 1581 2300 2301 2302
76 9 2 3 1 1407 1117 1815 2303 2304 2305
77 9 2 3 1 726 728 1906 2306 2307 2226
78 9 2 3 1 1437 483 1658 2308 2309 2310
79 9 2 3 1 1447 849 1957 2295 2311 2312
80 9 2 3 1 1454 563 2044 2313 2314 2315
81 9 2 3 1 1113 1739 1840 2316 2317 2318
82 9 2 3 1 1482 1085 1932 2319 2320 2321
83 9 2 3 1 1642 441 2027 2322 2323 2324
84 9 2 3 1 1381 425 1382 2325 2326 2327
85 9 2 3 1 1783 1618 1948 2328 2329 2330
86 9 2 3 1 1509 878 1901 2331 2236 2332
87 9 2 3 1 1654 481 2196 2333 2334 2335
88 9 2 3 1 1463 862 1464 2336 2337 2338
89 9 2 3 1 1097 1431 1432 2339 2340 2341
90 9 2 3 1 1739 1560 1840 2342 2343 2317
91 9 2 3 1 1572 577 2061 2344 2345 2346
92 9 2 3 1 902 903 1617 2347 2348 2229
93 9 2 3 1 1133 1445 2147 2349 2350 2351
94 9 2 3 1 1453 563 1454 2352 2313 2353
95 9 2 3 1 426 1393 1839 2288 2354 2355
96 9 2 3 1 801 828 1450 2356 2357 2358
97 9 2 3 1 691 1383 1384 2359 2360 2361
98 9 2 3 1 495 1596 1646 2362 2363 2364
99 9 2 3 1 1685 460 1792 2365 2366 2367
100 9 2 3 1 683 662 1756 2368 2369 2370
101 9 2 3 1 1711 1185 1765 2371 2372 2373
102 9 2 3 1 434 1369 1631 2374 2375 2376
103 9 2 3 1 1406 1287 1713 2377 2378 2238
104 9 2 3 1 1357 1104 1901 2379 2380 2381
105 9 2 3 1 1239 986 1918 2382 2383 2384
106 9 2 3 1 1378 1401 1910 2271 2385 2386
107 9 2 3 1 1374 1293 1971 2387 2388 2389
108 9 2 3 1 815 1330 1332 2390 2391 2392
109 9 2 3 1 656 1276 1974 2393 2394 2395
110 9 2 3 1 1452 1101 1755 2396 2220 2397
111 9 2 3 1 439 1588 1621 2398 2399 2400
112 9 2 3 1 863 1341 2013 2248 2401 2402
113 9 2 3 1 1746 1250 1933 2403 2404 2405
114 9 2 3 1 1094 1488 1533 2406 2407 2408
115 9 2 3 1 1117 1599 1815 2409 2410 2304
116 9 2 3 1 1068 1505 1506 2411 2412 2413
117 9 2 3 1 580 577 1572 2414 2344 2415
118 9 2 3 1 801 1450 1967 2358 2416 2417
119 9 2 3 1 730 714 1576 2418 2419 2420
120 9 2 3 1 1439 1222 1880 2421 2422 2423
121 9 2 3 1 1026 1018 1456 2424 2425 2426
122 9 2 3 1 493 1585 1673 2427 2428 2429
123 9 2 3 1 1086 1708 1721 2430 2431 2432
124 9 2 3 1 494 1344 1675 2212 2433 2434
125 9 2 3 1 1706 654 1898 2435 2436 2437
126 9 2 3 1 525 529 1934 2438 2439 2264
127 9 2 3 1 1016 1455 1456 2440 2441 2442
128 9 2 3 1 1240 1254 1263 2443 2444 2445
129 9 2 3 1 1314 615 1796 2446 2447 2448
130 9 2 3 1 1531 866 2046 2449 2450 2292
131 9 2 3 1 1789 1837 1994 2451 2452 2453
132 9 2 3 1 1073 951 1435 2454 2455 2273
133 9 2 3 1 1308 1304 1345 2456 2457 2458
134 9 2 3 1 619 617 1356 2459 2460 2461
135 9 2 3 1 1144 1793 1892 2462 2463 2464
136 9 2 3 1 667 1413 2100 2465 2466 2467
137 9 2 3 1 1263 1254 2084 2444 2468 2469
138 9 2 3 1 1049 1178 1460 2470 2471 2472
139 9 2 3 1 1026 1456 1457 2426 2473 2474
140 9 2 3 1 986 1239 1856 2382 2475 2476
141 9 2 3 1 1763 1322 2101 2477 2478 2479
142 9 2 3 1 992 1731 1733 2480 2481 2482
143 9 2 3 1 1101 967 1775 2483 2484 2221
144 9 2 3 1 555 1398 1787 2485 2486 2487
145 9 2 3 1 1204 956 1461 2488 2489 2490
146 9 2 3 1 714 802 1576 2491 2492 2419
147 9 2 3 1 419 1396 1645 2493 2494 2495
148 9 2 3 1 1016 1014 1455 2496 2497 2440
149 9 2 3 1 619 1356 1488 2461 2498 2499
150 9 2 3 1 1287 462 1713 2500 2501 2378
151 9 2 3 1 1505 1068 1516 2411 2502 2503
152 9 2 3 1 1308 1345 1887 2458 2504 2505
153 9 2 3 1 670 587 1334 2506 2507 2206
154 9 2 3 1 1160 1412 1413 2508 2509 2510
155 9 2 3 1 778 904 1402 2511 2280 2512
156 9 2 3 1 927 763 1615 2513 2514 2277
157 9 2 3 1 615 1314 1843 2446 2515 2516
158 9 2 3 1 815 1332 2117 2392 2517 2518
159 9 2 3 1 1458 559 1852 2519 2520 2521
160 9 2 3 1 1531 1835 1927 2522 2523 2524
161 9 2 3 1 1765 1185 2045 2372 2525 2526
162 9 2 3 1 1100 1205 1393 2527 2528 2529
163 9 2 3 1 1393 1205 1839 2528 2530 2354
164 9 2 3 1 677 614 1351 2531 2532 2231
165 9 2 3 1 1782 863 1858 2249 2533 2534
166 9 2 3 1 1729 1131 1886 2535 2536 2537
167 9 2 3 1 1176 1333 1742 2285 2538 2539
168 9 2 3 1 649 653 1733 2540 2541 2542
169 9 2 3 1 1173 1685 1792 2543 2367 2544
170 9 2 3 1 1445 1768 2147 2545 2546 2350
171 9 2 3 1 1502 1581 2106 2302 2547 2548
172 9 2 3 1 1465 1594 1995 2549 2550 2551
173 9 2 3 1 948 949 1326 2552 2553 2554
174 9 2 3 1 1621 1588 2008 2399 2555 2556
175 9 2 3 1 948 1326 1950 2554 2557 2558
176 9 2 3 1 691 638 1383 2559 2560 2359
177 9 2 3 1 1442 704 1444 2561 2562 2563
178 9 2 3 1 1354 679 1355 2564 2565 2566
179 9 2 3 1 428 1380 1626 2567 2568 2569
180 9 2 3 1 1680 1678 1724 2570 2571 2572
181 9 2 3 1 1348 1606 1876 2573 2574 2575
182 9 2 3 1 1789 719 1837 2576 2577 2451
183 9 2 3 1 1211 1222 1439 2578 2421 2579
184 9 2 3 1 1365 1437 1658 2580 2310 2581
185 9 2 3 1 1350 826 1704 2582 2583 2584
186 9 2 3 1 1078 1293 1374 2585 2387 2586
187 9 2 3 1 1344 436 1675 2245 2587 2433
188 9 2 3 1 1523 1410 1830 2588 2589 2590
189 9 2 3 1 462 1287 1736 2500 2591 2592
190 9 2 3 1 666 565 1423 2593 2594 2595
191 9 2 3 1 1574 971 1686 2596 2597 2598
192 9 2 3 1 1392 1100 1393 2599 2529 2600
193 9 2 3 1 1278 1279 1821 2601 2602 2603
194 9 2 3 1 1254 599 2084 2604 2605 2468
195 9 2 3 1 552 1070 1373 2606 2607 2608
196 9 2 3 1 1379 1229 1948 2609 2610 2611
197 9 2 3 1 1456 1455 1458 2441 2612 2613
198 9 2 3 1 1566 461 1953 2614 2615 2616
199 9 2 3 1 676 1081 1508 2617 2618 2619
200 9 2 3 1 1347 445 1972 2209 2620 2621
201 9 2 3 1 1525 446 1667 2622 2623 2624
202 9 2 3 1 1464 862 1879 2337 2625 2626
203 9 2 3 1 539 1530 2039 2627 2628 2629
204 9 2 3 1 1074 1229 1379 2630 2609 2631
205 9 2 3 1 1567 1197 2033 2632 2633 2634
206 9 2 3 1 1290 960 1349 2635 2636 2637
207 9 2 3 1 523 525 1846 2638 2639 2640
208 9 2 3 1 1705 654 1706 2641 2435 2642
209 9 2 3 1 539 542 1530 2643 2644 2627
210 9 2 3 1 1160 1057 1412 2645 2646 2508
211 9 2 3 1 461 1554 1953 2647 2648 2615
212 9 2 3 1 431 1439 1880 2649 2423 2650
213 9 2 3 1 1059 1160 1389 2651 2652 2653
214 9 2 3 1 1276 656 1835 2393 2654 2655
215 9 2 3 1 1459 1458 1852 2656 2521 2657
216 9 2 3 1 1441 1046 1575 2658 2659 2660
217 9 2 3 1 1186 1433 1663 2661 2244 2662
218 9 2 3 1 1391 1278 1821 2663 2603 2664
219 9 2 3 1 1726 1592 1837 2665 2666 2667
220 9 2 3 1 1132 1470 1515 2668 2669 2670
221 9 2 3 1 958 960 1290 2671 2635 2672
222 9 2 3 1 1883 1612 1884 2673 2674 2675
223 9 2 3 1 1581 952 2106 2676 2677 2547
224 9 2 3 1 1041 1823 1881 2678 2679 2680
225 9 2 3 1 1413 667 2000 2465 2681 2682
226 9 2 3 1 425 1381 1639 2325 2683 2684
227 9 2 3 1 1380 428 1672 2567 2685 2686
228 9 2 3 1 1597 946 1725 2687 2688 2689
229 9 2 3 1 1577 783 1833 2690 2691 2692
230 9 2 3 1 1117 1407 2193 2303 2693 2694
231 9 2 3 1 1740 1175 1777 2695 2696 2697
232 9 2 3 1 525 1614 1846 2263 2698 2639
233 9 2 3 1 1411 1410 1523 2699 2588 2700
234 9 2 3 1 1254 1240 2048 2443 2701 2702
235 9 2 3 1 1445 1133 2046 2349 2703 2704
236 9 2 3 1 780 1410 2002 2705 2706 2707
237 9 2 3 1 621 1488 2021 2708 2709 2710
238 9 2 3 1 1740 1777 2185 2697 2711 2712
239 9 2 3 1 1522 469 1961 2713 2714 2715
240 9 2 3 1 1097 1083 1431 2716 2717 2339
241 9 2 3 1 1596 1604 1646 2718 2719 2363
242 9 2 3 1 1708 1281 1721 2720 2721 2431
243 9 2 3 1 910 1499 1580 2722 2723 2724
244 9 2 3 1 1490 473 1975 2725 2726 2727
245 9 2 3 1 1344 1307 1807 2728 2729 2246
246 9 2 3 1 1369 434 1638 2374 2730 2731
247 9 2 3 1 1377 717 1977 2732 2733 2734
248 9 2 3 1 1227 1390 1468 2735 2736 2737
249 9 2 3 1 1085 1449 1932 2738 2739 2320
250 9 2 3 1 1793 1507 1892 2740 2741 2463
251 9 2 3 1 1641 433 2094 2742 2743 2744
252 9 2 3 1 1467 1597 1725 2745 2689 2746
253 9 2 3 1 647 649 1733 2747 2542 2748
254 9 2 3 1 1538 1087 1790 2749 2750 2751
255 9 2 3 1 483 1437 1762 2308 2752 2753
256 9 2 3 1 843 955 1358 2754 2755 2756
257 9 2 3 1 1119 1118 1320 2757 2758 2759
258 9 2 3 1 1740 1265 1741 2760 2761 2762
259 9 2 3 1 1208 1213 1489 2763 2764 2765
260 9 2 3 1 1835 656 1927 2654 2766 2523
261 9 2 3 1 864 859 1329 2767 2768 2769
262 9 2 3 1 1478 1161 1479 2770 2771 2772
263 9 2 3 1 1123 1030 1486 2773 2774 2775
264 9 2 3 1 1373 1070 1724 2607 2776 2777
265 9 2 3 1 1396 1148 2026 2778 2779 2780
266 9 2 3 1 1448 1328 1817 2781 2782 2783
267 9 2 3 1 601 599 1254 2784 2604 2785
268 9 2 3 1 1091 1325 1466 2786 2787 2788
269 9 2 3 1 1500 1517 1729 2789 2790 2791
270 9 2 3 1 1259 1482 2131 2792 2793 2794
271 9 2 3 1 1337 668 1342 2795 2796 2797
272 9 2 3 1 1334 668 1337 2798 2795 2799
273 9 2 3 1 901 1850 2036 2800 2801 2802
274 9 2 3 1 1366 1258 1610 2803 2804 2805
275 9 2 3 1 1351 679 1354 2806 2564 2807
276 9 2 3 1 1823 1595 1881 2808 2809 2679
277 9 2 3 1 1500 1729 1902 2791 2810 2811
278 9 2 3 1 1124 1098 1440 2812 2813 2814
279 9 2 3 1 864 1329 2116 2769 2815 2816
280 9 2 3 1 1347 1155 1982 2817 2818 2819
281 9 2 3 1 1396 419 2071 2493 2820 2821
282 9 2 3 1 1986 901 2036 2822 2802 2823
283 9 2 3 1 1389 1160 1705 2652 2824 2825
284 9 2 3 1 54 1501 1503 2826 2827 2828
285 9 2 3 1 1488 1356 1533 2498 2829 2407
286 9 2 3 1 1514 1130 1526 2830 2831 2832
287 9 2 3 1 992 1730 1731 2833 2834 2480
288 9 2 3 1 1385 681 1386 2835 2836 2837
289 9 2 3 1 1367 502 1696 2838 2839 2840
290 9 2 3 1 1197 1567 1780 2632 2841 2842
291 9 2 3 1 1484 1654 2196 2843 2335 2844
292 9 2 3 1 1136 1093 1394 2845 2846 2847
293 9 2 3 1 1499 910 1581 2722 2848 2849
294 9 2 3 1 956 833 1461 2850 2851 2489
295 9 2 3 1 1139 1274 1466 2852 2853 2854
296 9 2 3 1 646 704 1442 2855 2561 2856
297 9 2 3 1 835 837 1741 2857 2858 2859
298 9 2 3 1 1408 948 1950 2860 2558 2861
299 9 2 3 1 1375 1211 1439 2862 2579 2863
300 9 2 3 1 862 1463 1882 2336 2864 2865
301 9 2 3 1 1148 1596 2026 2866 2867 2779
302 9 2 3 1 1007 1100 1392 2868 2599 2869
303 9 2 3 1 628 676 1508 2870 2619 2871
304 9 2 3 1 1451 1101 1452 2872 2396 2873
305 9 2 3 1 1458 1455 1999 2612 2874 2875
306 9 2 3 1 1000 1084 1378 2876 2269 2877
307 9 2 3 1 1299 1682 1752 2878 2879 2880
308 9 2 3 1 566 665 1511 2881 2882 2883
309 9 2 3 1 1490 432 1810 2297 2884 2885
310 9 2 3 1 1161 1478 2040 2770 2886 2887
311 9 2 3 1 1372 955 2098 2888 2889 2890
312 9 2 3 1 837 998 1741 2891 2892 2858
313 9 2 3 1 1532 1711 1765 2893 2373 2894
314 9 2 3 1 719 1726 1837 2895 2667 2577
315 9 2 3 1 1069 1258 1366 2896 2803 2897
316 9 2 3 1 1391 1642 2027 2898 2324 2899
317 9 2 3 1 1119 1320 2072 2759 2900 2901
318 9 2 3 1 621 619 1488 2902 2499 2708
319 9 2 3 1 2059 1294 2062 2903 2904 2905
320 9 2 3 1 1728 1131 1729 2906 2535 2907
321 9 2 3 1 1345 1344 2142 2908 2214 2909
322 9 2 3 1 1801 1224 1867 2910 2911 2912
323 9 2 3 1 1335 1338 1528 2913 2266 2914
324 9 2 3 1 478 1622 1936 2915 2916 2917
325 9 2 3 1 1157 1610 1674 2918 2919 2920
326 9 2 3 1 923 1446 2065 2921 2922 2923
327 9 2 3 1 828 948 1450 2924 2925 2357
328 9 2 3 1 663 1452 1755 2926 2397 2927
329 9 2 3 1 1462 711 1939 2928 2929 2930
330 9 2 3 1 662 663 1756 2931 2932 2369
331 9 2 3 1 1736 1286 2004 2933 2934 2935
332 9 2 3 1 1460 1178 1769 2471 2936 2937
333 9 2 3 1 673 686 1280 2938 2939 2940
334 9 2 3 1 1209 1211 1375 2941 2862 2942
335 9 2 3 1 711 1555 1939 2943 2944 2929
336 9 2 3 1 1618 423 1948 2945 2946 2329
337 9 2 3 1 913 914 1012 2947 2948 2949
338 9 2 3 1 1548 802 2189 2950 2951 2952
339 9 2 3 1 1498 1499 1581 2953 2849 2301
340 9 2 3 1 1673 1585 1674 2428 2954 2955
341 9 2 3 1 1842 1375 2118 2956 2957 2958
342 9 2 3 1 430 1647 1657 2959 2960 2961
343 9 2 3 1 757 758 865 2962 2963 2964
344 9 2 3 1 1593 1179 1700 2965 2966 2967
345 9 2 3 1 666 1423 2057 2595 2968 2969
346 9 2 3 1 1482 1259 1771 2792 2970 2971
347 9 2 3 1 1155 1585 1982 2972 2973 2818
348 9 2 3 1 62 1736 2004 2974 2935 2975
349 9 2 3 1 1410 1237 2002 2976 2977 2706
350 9 2 3 1 1069 1256 1257 2978 2979 2980
351 9 2 3 1 1322 1008 2101 2981 2982 2478
352 9 2 3 1 1400 1123 1486 2983 2775 2984
353 9 2 3 1 1273 1138 2027 2985 2986 2987
354 9 2 3 1 1612 1611 1884 2988 2989 2674
355 9 2 3 1 1430 1653 1805 2262 2990 2991
356 9 2 3 1 839 1495 1854 2992 2993 2994
357 9 2 3 1 679 610 1357 2995 2996 2997
358 9 2 3 1 1383 681 1385 2998 2835 2999
359 9 2 3 1 1183 1389 1706 3000 3001 3002
360 9 2 3 1 1398 1399 1787 3003 3004 2486
361 9 2 3 1 826 1350 1584 2582 3005 3006
362 9 2 3 1 979 1290 1291 3007 3008 3009
363 9 2 3 1 1462 1819 2053 3010 3011 3012
364 9 2 3 1 1539 1538 1790 3013 2751 3014
365 9 2 3 1 812 912 1461 3015 3016 3017
366 9 2 3 1 1139 1138 1273 3018 2985 3019
367 9 2 3 1 1354 1355 1582 2566 3020 3021
368 9 2 3 1 1594 594 1995 3022 3023 2550
369 9 2 3 1 1503 1747 1924 3024 3025 3026
370 9 2 3 1 1291 1290 1292 3008 3027 3028
371 9 2 3 1 1349 960 1876 2636 3029 3030
372 9 2 3 1 1138 1391 2027 3031 2899 2986
373 9 2 3 1 1657 1647 1658 2960 3032 3033
374 9 2 3 1 1300 1310 2047 3034 3035 3036
375 9 2 3 1 1413 1412 2100 2509 3037 2466
376 9 2 3 1 422 1433 1813 2242 3038 3039
377 9 2 3 1 1183 1706 2011 3002 3040 3041
378 9 2 3 1 1421 1191 1965 3042 3043 3044
379 9 2 3 1 1358 955 1903 2755 3045 3046
380 9 2 3 1 1938 475 1971 3047 3048 3049
381 9 2 3 1 457 509 510 3050 3051 3052
382 9 2 3 1 969 1101 1451 3053 2872 3054
383 9 2 3 1 1172 1543 2037 3055 3056 3057
384 9 2 3 1 508 1552 1553 3058 3059 3060
385 9 2 3 1 1842 1490 2069 2298 3061 3062
386 9 2 3 1 1208 1209 1213 3063 3064 2763
387 9 2 3 1 1500 1497 1517 3065 3066 2789
388 9 2 3 1 1298 1571 2110 3067 3068 3069
389 9 2 3 1 1122 1012 1155 3070 3071 3072
390 9 2 3 1 1333 1951 2100 2287 3073 3074
391 9 2 3 1 1492 933 2157 3075 3076 3077
392 9 2 3 1 2004 1284 2168 3078 3079 3080
393 9 2 3 1 1238 1411 2024 3081 3082 3083
394 9 2 3 1 1124 1440 2094 2814 3084 3085
395 9 2 3 1 794 1847 2007 3086 3087 3088
396 9 2 3 1 1606 1349 1876 3089 3030 2574
397 9 2 3 1 1879 872 1913 3090 3091 3092
398 9 2 3 1 1022 1186 1435 3093 3094 3095
399 9 2 3 1 990 991 1148 3096 3097 3098
400 9 2 3 1 1342 1168 2013 3099 3100 3101
401 9 2 3 1 1005 1004 1098 3102 3103 3104
402 9 2 3 1 466 1544 1636 3105 3106 3107
403 9 2 3 1 724 1963 1977 3108 3109 3110
404 9 2 3 1 1678 1373 1724 3111 2777 2571
405 9 2 3 1 1156 1155 1347 3112 2817 3113
406 9 2 3 1 1219 1134 1666 3114 3115 3116
407 9 2 3 1 54 55 1501 74 3117 2826
408 9 2 3 1 923 851 1447 3118 2296 3119
409 9 2 3 1 565 560 1423 3120 3121 2594
410 9 2 3 1 1584 1405 2038 3122 3123 3124
411 9 2 3 1 1527 1238 2024 3125 3083 3126
412 9 2 3 1 1046 1036 1575 3127 3128 2659
413 9 2 3 1 1543 1172 1984 3055 3129 3130
414 9 2 3 1 459 1504 1505 3131 3132 3133
415 9 2 3 1 450 1324 1935 3134 3135 3136
416 9 2 3 1 1724 1371 1966 3137 3138 3139
417 9 2 3 1 496 1546 1861 3140 3141 3142
418 9 2 3 1 1579 468 2176 3143 3144 3145
419 9 2 3 1 792 795 1297 3146 3147 3148
420 9 2 3 1 1208 1192 1209 3149 3150 3063
421 9 2 3 1 1191 1192 1208 3151 3149 3152
422 9 2 3 1 1018 1016 1456 3153 2442 2425
423 9 2 3 1 2176 468 2198 3144 3154 3155
424 9 2 3 1 1213 1209 1375 3064 2942 3156
425 9 2 3 1 1301 1300 2047 3157 3036 3158
426 9 2 3 1 458 1496 1497 3159 3160 3161
427 9 2 3 1 1146 1466 1545 3162 3163 3164
428 9 2 3 1 1136 1394 2085 2847 3165 3166
429 9 2 3 1 1005 1098 1124 3104 2812 3167
430 9 2 3 1 1111 1543 1984 3168 3130 3169
431 9 2 3 1 980 1570 1571 3170 3171 3172
432 9 2 3 1 1043 1091 1146 3173 3174 3175
433 9 2 3 1 1258 1257 1608 3176 3177 3178
434 9 2 3 1 1138 1278 1391 3179 2663 3031
435 9 2 3 1 787 887 913 3180 3181 3182
436 9 2 3 1 657 660 1732 3183 3184 3185
437 9 2 3 1 1359 1358 1360 3186 3187 3188
438 9 2 3 1 670 1335 1336 2208 3189 3190
439 9 2 3 1 1155 1012 1157 3071 3191 3192
440 9 2 3 1 1429 1127 1754 3193 3194 3195
441 9 2 3 1 1401 1216 1601 3196 3197 3198
442 9 2 3 1 758 787 1388 3199 3200 3201
443 9 2 3 1 1043 1146 1147 3175 3202 3203
444 9 2 3 1 979 958 1290 3204 2672 3007
445 9 2 3 1 884 911 1000 3205 3206 3207
446 9 2 3 1 807 1019 1555 3208 3209 3210
447 9 2 3 1 879 1492 2012 3211 3212 3213
448 9 2 3 1 1415 1416 1417 3214 3215 3216
449 9 2 3 1 958 865 960 3217 3218 2671
450 9 2 3 1 1303 1307 1344 3219 2728 3220
451 9 2 3 1 511 1044 1547 3221 3222 3223
452 9 2 3 1 1319 1316 1799 3224 3225 3226
453 9 2 3 1 951 950 1435 3227 3228 2455
454 9 2 3 1 677 1352 1353 2233 3229 3230
455 9 2 3 1 1134 1403 1666 3231 3232 3115
456 9 2 3 1 1007 956 1100 3233 3234 2868
457 9 2 3 1 699 722 757 3235 3236 3237
458 9 2 3 1 672 1695 1862 3238 3239 3240
459 9 2 3 1 948 1408 1450 2860 3241 2925
460 9 2 3 1 1106 1049 1460 3242 2472 3243
461 9 2 3 1 1216 1295 1601 3244 3245 3197
462 9 2 3 1 1405 1584 1945 3122 3246 3247
463 9 2 3 1 508 1551 1552 3248 3249 3058
464 9 2 3 1 1352 1351 1354 2232 2807 3250
465 9 2 3 1 1125 1453 1454 3251 2353 3252
466 9 2 3 1 1353 1574 1686 3253 2598 3254
467 9 2 3 1 1070 1371 1724 3255 3137 2776
468 9 2 3 1 138 456 1557 3256 3257 3258
469 9 2 3 1 1582 1355 1583 3020 3259 3260
470 9 2 3 1 1009 985 1134 3261 3262 3263
471 9 2 3 1 1277 1250 1746 3264 2403 3265
472 9 2 3 1 1654 1484 2003 2843 3266 3267
473 9 2 3 1 1000 911 1084 3206 3268 2876
474 9 2 3 1 898 1300 1301 3269 3157 3270
475 9 2 3 1 717 1377 2017 2732 3271 3272
476 9 2 3 1 783 1577 1873 2690 3273 3274
477 9 2 3 1 1030 1027 1486 3275 3276 2774
478 9 2 3 1 1093 1392 1394 3277 3278 2846
479 9 2 3 1 1464 1879 1913 2626 3092 3279
480 9 2 3 1 957 865 958 3280 3217 3281
481 9 2 3 1 1545 1466 2152 3163 3282 3283
482 9 2 3 1 1335 1334 1337 2207 2799 3284
483 9 2 3 1 1118 1311 1320 3285 3286 2758
484 9 2 3 1 1837 1200 1994 3287 3288 2452
485 9 2 3 1 1376 815 2017 3289 3290 3291
486 9 2 3 1 1335 1337 1338 3284 3292 2913
487 9 2 3 1 939 937 1321 3293 3294 3295
488 9 2 3 1 1359 1362 1586 3296 3297 3298
489 9 2 3 1 1432 1431 1805 2340 3299 3300
490 9 2 3 1 1118 1154 1311 3301 3302 3285
491 9 2 3 1 1678 1346 2169 3303 3304 3305
492 9 2 3 1 916 918 1069 3306 3307 3308
493 9 2 3 1 690 1442 1443 3309 3310 3311
494 9 2 3 1 1230 1435 1929 2274 3312 3313
495 9 2 3 1 922 1002 1467 3314 3315 3316
496 9 2 3 1 1788 1834 1979 3317 3318 3319
497 9 2 3 1 1104 1357 2064 2379 3320 3321
498 9 2 3 1 1191 864 1192 3322 3323 3151
499 9 2 3 1 1149 1148 1396 3324 2778 3325
500 9 2 3 1 516 519 1473 3326 3327 3328
501 9 2 3 1 1299 1752 2129 2880 3329 3330
502 9 2 3 1 732 746 1300 3331 3332 3333
503 9 2 3 1 1473 519 1712 3327 3334 3335
504 9 2 3 1 961 1414 1415 3336 3337 3338
505 9 2 3 1 1382 425 1579 2326 3339 3340
506 9 2 3 1 904 1004 1005 3341 3102 3342
507 9 2 3 1 1911 1509 1914 3343 3344 3345
508 9 2 3 1 1698 650 1731 3346 3347 3348
509 9 2 3 1 943 941 1278 3349 3350 3351
510 9 2 3 1 913 887 914 3181 3352 2947
511 9 2 3 1 1449 701 1932 3353 3354 2739
512 9 2 3 1 757 722 758 3236 3355 2962
513 9 2 3 1 1280 686 2133 2939 3356 3357
514 9 2 3 1 1321 1008 1322 3358 2981 3359
515 9 2 3 1 1357 610 2064 2996 3360 3320
516 9 2 3 1 884 781 911 3361 3362 3205
517 9 2 3 1 686 695 701 3363 3364 3365
518 9 2 3 1 1213 1375 1842 3156 2956 3366
519 9 2 3 1 1175 1740 1741 2695 2762 3367
520 9 2 3 1 1497 1496 1517 3160 3368 3066
521 9 2 3 1 914 916 1366 3369 3370 3371
522 9 2 3 1 876 956 1007 3372 3233 3373
523 9 2 3 1 1390 1227 1530 2735 3374 3375
524 9 2 3 1 1368 691 1688 3376 3377 3378
525 9 2 3 1 1510 569 1511 3379 3380 3381
526 9 2 3 1 1151 991 1598 3382 3383 3384
527 9 2 3 1 802 1548 2205 2950 3385 3386
528 9 2 3 1 1203 1524 1753 3387 3388 3389
529 9 2 3 1 712 713 755 3390 3391 3392
530 9 2 3 1 1093 1007 1392 3393 2869 3277
531 9 2 3 1 1398 555 1915 2485 3394 3395
532 9 2 3 1 1009 1134 1219 3263 3114 3396
533 9 2 3 1 692 693 712 3397 3398 3399
534 9 2 3 1 932 1746 1933 3400 2405 3401
535 9 2 3 1 877 1582 1583 3402 3260 3403
536 9 2 3 1 1602 1129 1804 3404 3405 3406
537 9 2 3 1 676 678 692 3407 3408 3409
538 9 2 3 1 437 1487 1887 3410 3411 3412
539 9 2 3 1 1765 685 1895 3413 3414 3415
540 9 2 3 1 1006 1118 1119 3416 2757 3417
541 9 2 3 1 1186 1169 1433 3418 3419 2661
542 9 2 3 1 1084 1216 1401 3420 3196 2270
543 9 2 3 1 947 943 1138 3421 3422 3423
544 9 2 3 1 1834 1518 1979 3424 3425 3318
545 9 2 3 1 843 841 955 3426 3427 2754
546 9 2 3 1 1597 1002 2139 3428 3429 3430
547 9 2 3 1 766 781 884 3431 3361 3432
548 9 2 3 1 795 797 990 3433 3434 3435
549 9 2 3 1 1006 1089 1118 3436 3437 3416
550 9 2 3 1 790 792 909 3438 3439 3440
551 9 2 3 1 1483 93 1547 3441 3442 3443
552 9 2 3 1 457 511 1547 3444 3223 3445
553 9 2 3 1 1256 920 2006 3446 3447 3448
554 9 2 3 1 1409 504 1991 3449 3450 3451
555 9 2 3 1 1082 1000 1378 3452 2877 3453
556 9 2 3 1 502 1367 1745 2838 3454 2276
557 9 2 3 1 876 833 956 3455 2850 3372
558 9 2 3 1 692 678 693 3408 3456 3397
559 9 2 3 1 1104 669 1206 3457 3458 3459
560 9 2 3 1 676 659 678 3460 3461 3407
561 9 2 3 1 712 693 713 3398 3462 3390
562 9 2 3 1 918 920 1256 3463 3446 3464
563 9 2 3 1 1457 1456 1458 2473 2613 3465
564 9 2 3 1 1276 1313 1974 3466 3467 2394
565 9 2 3 1 498 1593 1700 3468 2967 3469
566 9 2 3 1 1147 1883 1884 3470 2675 3471
567 9 2 3 1 628 659 676 3472 3460 2870
568 9 2 3 1 1069 1257 1258 2980 3176 2896
569 9 2 3 1 429 1494 1668 3473 3474 3475
570 9 2 3 1 1622 478 2120 2915 3476 3477
571 9 2 3 1 1082 1378 1430 3453 3478 3479
572 9 2 3 1 895 985 1009 3480 3261 3481
573 9 2 3 1 1346 1679 2042 3482 3483 3484
574 9 2 3 1 1503 1924 2105 3026 3485 3486
575 9 2 3 1 845 843 1358 3487 2756 3488
576 9 2 3 1 1224 1228 1867 3489 3490 2911
577 9 2 3 1 1359 1360 1361 3188 3491 3492
578 9 2 3 1 1148 991 1150 3097 3493 3494
579 9 2 3 1 895 867 985 3495 3496 3480
580 9 2 3 1 807 806 950 3497 3498 3499
581 9 2 3 1 663 1755 1756 2927 3500 2932
582 9 2 3 1 821 1480 1540 3501 3502 3503
583 9 2 3 1 1125 1451 1453 3504 3505 3251
584 9 2 3 1 1452 663 1937 2926 3506 3507
585 9 2 3 1 98 1514 1526 3508 2832 3509
586 9 2 3 1 920 922 1043 3510 3511 3512
587 9 2 3 1 1074 1073 1229 3513 3514 2630
588 9 2 3 1 1543 1111 1991 3168 3515 3516
589 9 2 3 1 1098 1099 1264 3517 3518 3519
590 9 2 3 1 784 755 826 3520 3521 3522
591 9 2 3 1 937 935 1008 3523 3524 3525
592 9 2 3 1 674 673 1280 3526 2940 3527
593 9 2 3 1 1370 1369 1638 3528 2731 3529
594 9 2 3 1 1303 1301 1307 3530 3531 3219
595 9 2 3 1 1302 1301 1303 3532 3530 3533
596 9 2 3 1 1734 1529 2144 3534 3535 3536
597 9 2 3 1 1321 1322 1323 3359 3537 3538
598 9 2 3 1 728 732 898 3539 3540 3541
599 9 2 3 1 941 939 1088 3542 3543 3544
600 9 2 3 1 909 792 1297 3439 3148 3545
601 9 2 3 1 1138 943 1278 3422 3351 3179
602 9 2 3 1 1674 1610 1980 2919 3546 3547
603 9 2 3 1 1546 1167 1861 3548 3549 3141
604 9 2 3 1 1819 1218 2053 3550 3551 3011
605 9 2 3 1 473 1490 1810 2725 2885 3552
606 9 2 3 1 734 807 1555 3553 3210 3554
607 9 2 3 1 661 673 674 3555 3526 3556
608 9 2 3 1 1384 1383 1385 2360 2999 3557
609 9 2 3 1 959 958 979 3558 3204 3559
610 9 2 3 1 1406 1164 1773 2237 3560 3561
611 9 2 3 1 674 1280 1281 3527 3562 3563
612 9 2 3 1 735 737 1481 3564 3565 3566
613 9 2 3 1 845 1358 1359 3488 3186 3567
614 9 2 3 1 811 815 2117 3568 2518 3569
615 9 2 3 1 1487 437 1656 3410 3570 3571
616 9 2 3 1 746 748 961 3572 3573 3574
617 9 2 3 1 1470 59 1515 3575 3576 2669
618 9 2 3 1 1857 1292 2056 3577 3578 3579
619 9 2 3 1 1103 1693 1984 3580 3581 3582
620 9 2 3 1 1104 1509 1901 3583 2332 2380
621 9 2 3 1 606 604 669 3584 3585 3586
622 9 2 3 1 1815 1814 1843 3587 3588 3589
623 9 2 3 1 914 1366 2073 3371 3590 3591
624 9 2 3 1 681 634 1387 3592 3593 3594
625 9 2 3 1 1325 1091 1467 2786 3595 3596
626 9 2 3 1 1363 1361 1494 3597 3598 3599
627 9 2 3 1 1346 1678 1679 3303 3600 3482
628 9 2 3 1 1316 1317 1799 3601 3602 3225
629 9 2 3 1 990 797 991 3434 3603 3096
630 9 2 3 1 638 636 1383 3604 3605 2560
631 9 2 3 1 1411 1523 1949 2700 3606 3607
632 9 2 3 1 1365 1363 1437 3608 3609 2580
633 9 2 3 1 1098 1264 1440 3519 3610 2813
634 9 2 3 1 1229 1783 1948 3611 2330 2610
635 9 2 3 1 628 626 659 3612 3613 3472
636 9 2 3 1 140 1436 2051 3614 3615 3616
637 9 2 3 1 1069 918 1256 3307 3464 2978
638 9 2 3 1 821 881 1480 3617 3618 3501
639 9 2 3 1 1444 704 1520 2562 3619 3620
640 9 2 3 1 1520 704 1727 3619 3621 2223
641 9 2 3 1 1564 1567 2033 3622 2634 3623
642 9 2 3 1 960 1549 1876 3624 3625 3029
643 9 2 3 1 1439 431 1772 2649 3626 3627
644 9 2 3 1 819 817 1742 3628 3629 3630
645 9 2 3 1 1341 1342 2013 3631 3101 2401
646 9 2 3 1 865 758 2199 2963 3632 3633
647 9 2 3 1 457 95 509 3634 3635 3050
648 9 2 3 1 458 56 1496 3636 3637 3159
649 9 2 3 1 459 17 1504 3638 3639 3131
650 9 2 3 1 1139 1273 1274 3019 3640 2852
651 9 2 3 1 748 750 1414 3641 3642 3643
652 9 2 3 1 1324 450 2128 3134 3644 3645
653 9 2 3 1 687 688 705 3646 3647 3648
654 9 2 3 1 1057 1055 1412 3649 3650 2646
655 9 2 3 1 460 134 1507 3651 3652 3653
656 9 2 3 1 690 648 1442 3654 3655 3309
657 9 2 3 1 750 752 1420 3656 3657 3658
658 9 2 3 1 1799 923 2065 3659 2923 3660
659 9 2 3 1 758 1388 2199 3201 3661 3632
660 9 2 3 1 569 566 1511 3662 2883 3380
661 9 2 3 1 937 1008 1321 3525 3358 3294
662 9 2 3 1 544 546 567 3663 3664 3665
663 9 2 3 1 904 1003 1004 3666 3667 3341
664 9 2 3 1 1633 427 2085 3668 3669 3670
665 9 2 3 1 1022 1023 1169 3671 3672 3673
666 9 2 3 1 782 790 1472 3674 3675 3676
667 9 2 3 1 1304 1303 1345 3677 3678 2457
668 9 2 3 1 1509 1206 1914 3679 3680 3344
669 9 2 3 1 1440 1641 2094 3681 2744 3084
670 9 2 3 1 665 666 687 3682 3683 3684
671 9 2 3 1 811 770 815 3685 3686 3568
672 9 2 3 1 589 670 1339 3687 3688 3689
673 9 2 3 1 636 634 681 3690 3592 3691
674 9 2 3 1 1696 450 1935 3692 3136 3693
675 9 2 3 1 1325 1139 1466 3694 2854 2787
676 9 2 3 1 950 1021 1022 3695 3696 3697
677 9 2 3 1 1415 1417 1418 3216 3698 3699
678 9 2 3 1 606 669 1104 3586 3457 3700
679 9 2 3 1 1297 795 2112 3147 3701 3702
680 9 2 3 1 898 732 1300 3540 3333 3269
681 9 2 3 1 1022 1169 1186 3673 3418 3093
682 9 2 3 1 826 755 1704 3521 3703 2583
683 9 2 3 1 1617 903 1717 2348 3704 3705
684 9 2 3 1 1432 1805 2200 3300 3706 3707
685 9 2 3 1 713 726 1704 3708 3709 3710
686 9 2 3 1 853 851 923 3711 3118 3712
687 9 2 3 1 955 841 2098 3427 3713 2889
688 9 2 3 1 828 890 948 3714 3715 2924
689 9 2 3 1 1417 1416 1419 3215 3716 3717
690 9 2 3 1 839 836 1495 3718 3719 2992
691 9 2 3 1 1919 1116 1925 3720 3721 3722
692 9 2 3 1 1511 665 1750 2882 3723 3724
693 9 2 3 1 1708 889 1916 3725 3726 3727
694 9 2 3 1 845 1359 1586 3567 3298 3728
695 9 2 3 1 913 1012 1122 2949 3070 3729
696 9 2 3 1 1558 1820 1892 3730 3731 3732
697 9 2 3 1 451 1438 2066 3733 3734 3735
698 9 2 3 1 1576 802 2205 2492 3386 3736
699 9 2 3 1 695 699 1716 3737 3738 3739
700 9 2 3 1 916 1069 1366 3308 2897 3370
701 9 2 3 1 752 962 1420 3740 3741 3657
702 9 2 3 1 1695 1590 1862 3742 3743 3239
703 9 2 3 1 752 754 962 3744 3745 3740
704 9 2 3 1 477 1689 2072 3746 3747 3748
705 9 2 3 1 1661 1404 1981 3749 3750 3751
706 9 2 3 1 1814 615 1843 3752 2516 3588
707 9 2 3 1 1491 1380 1672 3753 2686 3754
708 9 2 3 1 1571 463 2110 3755 3756 3068
709 9 2 3 1 1014 1125 1455 3757 3758 2497
710 9 2 3 1 612 610 679 3759 2995 3760
711 9 2 3 1 1963 1377 1977 3761 2734 3109
712 9 2 3 1 817 1176 1742 3762 2539 3629
713 9 2 3 1 584 582 668 3763 3764 3765
714 9 2 3 1 1134 1135 1403 3766 3767 3231
715 9 2 3 1 1438 451 1739 3733 3768 3769
716 9 2 3 1 1819 1462 1939 3010 2930 3770
717 9 2 3 1 418 1430 1776 2260 3771 3772
718 9 2 3 1 782 1472 2178 3676 3773 3774
719 9 2 3 1 1020 951 1073 3775 2454 3776
720 9 2 3 1 504 1409 1920 3449 3777 3778
721 9 2 3 1 1764 698 1987 3779 3780 3781
722 9 2 3 1 548 550 675 3782 3783 3784
723 9 2 3 1 511 510 512 3785 3786 3787
724 9 2 3 1 950 1022 1435 3697 3095 3228
725 9 2 3 1 935 896 1521 3788 3789 3790
726 9 2 3 1 807 950 951 3499 3227 3791
727 9 2 3 1 587 584 1334 3792 3793 2507
728 9 2 3 1 947 1138 1139 3423 3018 3794
729 9 2 3 1 1557 456 1602 3257 3795 3796
730 9 2 3 1 1817 1328 2171 2782 3797 3798
731 9 2 3 1 1190 864 1191 3799 3322 3800
732 9 2 3 1 1133 1195 2046 3801 3802 2703
733 9 2 3 1 1291 1292 1525 3028 3803 3804
734 9 2 3 1 734 806 807 3805 3497 3553
735 9 2 3 1 589 1339 2088 3689 3806 3807
736 9 2 3 1 451 1560 1739 3808 2342 3768
737 9 2 3 1 1479 1161 1699 2771 3809 3810
738 9 2 3 1 734 735 806 3811 3812 3805
739 9 2 3 1 1704 726 1715 3709 2225 3813
740 9 2 3 1 1281 1280 1721 3562 3814 2721
741 9 2 3 1 763 703 1615 3815 3816 2514
742 9 2 3 1 1122 1155 1156 3072 3112 3817
743 9 2 3 1 497 1526 1527 3818 3819 3820
744 9 2 3 1 460 1507 1793 3653 2740 3821
745 9 2 3 1 1001 1000 1082 3822 3452 3823
746 9 2 3 1 1481 737 2148 3565 3824 3825
747 9 2 3 1 617 677 1356 3826 3827 2460
748 9 2 3 1 451 14 1560 3828 3829 3808
749 9 2 3 1 1708 1086 1908 2430 3830 3831
750 9 2 3 1 1719 716 1795 3832 3833 3834
751 9 2 3 1 614 612 1351 3835 3836 2532
752 9 2 3 1 127 128 1551 147 3837 3838
753 9 2 3 1 991 797 1598 3603 3839 3383
754 9 2 3 1 1594 1465 1595 2549 3840 3841
755 9 2 3 1 1415 1414 1416 3337 3842 3214
756 9 2 3 1 1080 1078 1374 3843 2586 3844
757 9 2 3 1 1887 1345 2142 2504 2909 3845
758 9 2 3 1 1100 1204 1205 3846 3847 2527
759 9 2 3 1 990 1148 1149 3098 3324 3848
760 9 2 3 1 1191 1208 1965 3152 3849 3043
761 9 2 3 1 546 1512 2102 3850 3851 3852
762 9 2 3 1 636 681 1383 3691 2998 3605
763 9 2 3 1 623 571 1510 3853 3854 3855
764 9 2 3 1 1361 1360 1493 3491 3856 3857
765 9 2 3 1 961 748 1414 3573 3643 3336
766 9 2 3 1 687 666 688 3683 3858 3646
767 9 2 3 1 1264 1489 1490 3859 3860 3861
768 9 2 3 1 1556 1557 1766 3862 3863 2259
769 9 2 3 1 949 983 1006 3864 3865 3866
770 9 2 3 1 550 552 1373 3867 2608 3868
771 9 2 3 1 665 565 666 3869 2593 3682
772 9 2 3 1 1078 1076 1293 3870 3871 2585
773 9 2 3 1 516 517 519 3872 3873 3326
774 9 2 3 1 1504 498 1506 3874 3875 3876
775 9 2 3 1 920 1043 2006 3512 3877 3447
776 9 2 3 1 514 515 516 3878 3879 3880
777 9 2 3 1 533 562 1562 3881 3882 3883
778 9 2 3 1 508 127 1551 3884 3838 3248
779 9 2 3 1 563 1453 1937 2352 3885 3886
780 9 2 3 1 1150 1152 1604 3887 3888 3889
781 9 2 3 1 1564 1565 1567 3890 3891 3622
782 9 2 3 1 1766 1602 1804 3892 3406 3893
783 9 2 3 1 589 587 670 3894 2506 3687
784 9 2 3 1 519 520 521 3895 3896 3897
785 9 2 3 1 992 657 1732 3898 3185 3899
786 9 2 3 1 653 992 1733 3900 2482 2541
787 9 2 3 1 604 601 1254 3901 2785 3902
788 9 2 3 1 1611 1257 1884 3903 3904 2989
789 9 2 3 1 706 708 724 3905 3906 3907
790 9 2 3 1 1181 1080 1198 3908 3909 3910
791 9 2 3 1 1012 914 2073 2948 3591 3911
792 9 2 3 1 1311 1343 1826 3912 3913 3914
793 9 2 3 1 816 818 1540 3915 3916 3917
794 9 2 3 1 1306 1304 1308 3918 2456 3919
795 9 2 3 1 521 522 523 3920 3921 3922
796 9 2 3 1 1286 1284 2004 3923 3078 2934
797 9 2 3 1 1076 1074 1379 3924 2631 3925
798 9 2 3 1 1140 1719 1795 3926 3834 3927
799 9 2 3 1 857 855 897 3928 3929 3930
800 9 2 3 1 612 679 1351 3760 2806 3836
801 9 2 3 1 524 523 526 3931 3932 3933
802 9 2 3 1 1145 1328 1448 3934 2781 3935
803 9 2 3 1 1059 1057 1160 3936 2645 2651
804 9 2 3 1 1353 1352 1574 3229 3937 3253
805 9 2 3 1 560 1050 1423 3938 3939 3121
806 9 2 3 1 833 814 1461 3940 3941 2851
807 9 2 3 1 617 614 677 3942 2531 3826
808 9 2 3 1 1526 1130 1527 2831 3943 3819
809 9 2 3 1 1267 1124 1522 3944 3945 3946
810 9 2 3 1 1085 1482 1771 2319 2971 3947
811 9 2 3 1 705 688 706 3647 3948 3949
812 9 2 3 1 640 638 691 3950 2559 3951
813 9 2 3 1 584 668 1334 3765 2798 3793
814 9 2 3 1 965 1768 1904 3952 3953 3954
815 9 2 3 1 718 717 770 3955 3956 3957
816 9 2 3 1 1147 1146 1544 3202 3958 3959
817 9 2 3 1 1520 1040 2139 2216 3960 3961
818 9 2 3 1 1198 1080 1374 3909 3844 3962
819 9 2 3 1 1338 1337 1341 3292 3963 3964
820 9 2 3 1 1529 1734 1818 3534 3965 3966
821 9 2 3 1 1331 1199 1381 3967 3968 3969
822 9 2 3 1 1521 896 2179 3789 3970 3971
823 9 2 3 1 771 770 811 3972 3685 3973
824 9 2 3 1 582 580 1429 3974 3975 3976
825 9 2 3 1 756 755 784 3977 3520 3978
826 9 2 3 1 1084 1215 1216 3979 3980 3420
827 9 2 3 1 1292 1606 2056 3981 3982 3578
828 9 2 3 1 1792 460 1793 2366 3821 3983
829 9 2 3 1 1468 1390 2103 2736 3984 3985
830 9 2 3 1 757 865 957 2964 3280 3986
831 9 2 3 1 1446 923 1447 2921 3119 3987
832 9 2 3 1 542 544 1390 3988 3989 3990
833 9 2 3 1 457 510 511 3052 3785 3444
834 9 2 3 1 1061 1059 1389 3991 2653 3992
835 9 2 3 1 909 2059 2062 3993 2905 3994
836 9 2 3 1 695 1716 2010 3739 3995 3996
837 9 2 3 1 1330 815 1893 2390 3997 3998
838 9 2 3 1 1769 1818 1962 3999 4000 4001
839 9 2 3 1 527 526 560 4002 4003 4004
840 9 2 3 1 1209 1210 1211 4005 4006 2941
841 9 2 3 1 812 811 912 4007 4008 3015
842 9 2 3 1 1205 1214 1434 4009 4010 4011
843 9 2 3 1 1020 1073 1074 3776 3513 4012
844 9 2 3 1 1569 463 1571 4013 3755 4014
845 9 2 3 1 1071 1007 1093 4015 3393 4016
846 9 2 3 1 949 1006 1326 3866 4017 2553
847 9 2 3 1 1536 449 1537 4018 4019 4020
848 9 2 3 1 1457 1458 1459 3465 2656 4021
849 9 2 3 1 675 550 1373 3783 3868 4022
850 9 2 3 1 1433 1169 2196 3419 4023 4024
851 9 2 3 1 996 1200 1591 4025 4026 4027
852 9 2 3 1 1565 461 1566 4028 2614 4029
853 9 2 3 1 546 548 1512 4030 4031 3850
854 9 2 3 1 1156 1347 1348 3113 4032 4033
855 9 2 3 1 1340 1336 1463 4034 4035 4036
856 9 2 3 1 1553 104 2041 4037 4038 4039
857 9 2 3 1 1582 877 1885 3402 4040 4041
858 9 2 3 1 552 554 1070 4042 4043 2606
859 9 2 3 1 1492 879 1844 3211 4044 4045
860 9 2 3 1 459 1505 2158 3133 4046 4047
861 9 2 3 1 1043 922 1091 3511 4048 3173
862 9 2 3 1 1204 1461 1954 2490 4049 4050
863 9 2 3 1 1532 1064 1711 4051 4052 2893
864 9 2 3 1 778 902 904 4053 4054 2511
865 9 2 3 1 1368 1688 1851 3378 4055 4056
866 9 2 3 1 785 784 867 4057 4058 4059
867 9 2 3 1 627 626 628 4060 3612 4061
868 9 2 3 1 16 459 1559 4062 4063 4064
869 9 2 3 1 571 569 1510 4065 3379 3854
870 9 2 3 1 715 731 734 4066 4067 4068
871 9 2 3 1 709 705 717 4069 4070 4071
872 9 2 3 1 561 560 565 4072 3120 4073
873 9 2 3 1 1127 1429 1572 3193 4074 4075
874 9 2 3 1 2001 1448 2177 4076 4077 4078
875 9 2 3 1 648 646 1442 4079 2856 3655
876 9 2 3 1 1267 1522 1961 3946 2715 4080
877 9 2 3 1 717 705 1977 4070 4081 2733
878 9 2 3 1 1137 1158 1314 4082 4083 4084
879 9 2 3 1 708 711 1462 4085 2928 4086
880 9 2 3 1 1216 1294 1295 4087 4088 3244
881 9 2 3 1 814 812 1461 4089 3017 3941
882 9 2 3 1 1525 1667 1683 2624 4090 4091
883 9 2 3 1 948 890 949 3715 4092 2552
884 9 2 3 1 1149 1396 1397 3325 4093 4094
885 9 2 3 1 744 766 1761 4095 4096 4097
886 9 2 3 1 1146 1091 1466 3174 2788 3162
887 9 2 3 1 1336 1335 1528 3189 2914 4098
888 9 2 3 1 1170 1124 1267 4099 3944 4100
889 9 2 3 1 766 767 781 4101 4102 3431
890 9 2 3 1 1498 1497 1499 4103 4104 2953
891 9 2 3 1 1300 746 2150 3332 4105 4106
892 9 2 3 1 499 1470 1728 4107 4108 4109
893 9 2 3 1 1067 1061 1183 4110 4111 4112
894 9 2 3 1 475 1648 1971 4113 4114 3048
895 9 2 3 1 1126 1093 1136 4115 2845 4116
896 9 2 3 1 971 1574 1870 2596 4117 4118
897 9 2 3 1 1229 1073 1230 3514 2272 4119
898 9 2 3 1 1183 1061 1389 4111 3992 3000
899 9 2 3 1 567 546 2102 3664 3852 4120
900 9 2 3 1 1172 1103 1984 4121 3582 3129
901 9 2 3 1 633 632 634 4122 4123 4124
902 9 2 3 1 957 1212 1716 4125 4126 4127
903 9 2 3 1 1155 1157 1585 3192 4128 2972
904 9 2 3 1 1264 1490 1975 3861 2727 4129
905 9 2 3 1 1312 1765 1895 4130 3415 4131
906 9 2 3 1 1309 1308 1487 4132 4133 4134
907 9 2 3 1 566 565 665 4135 3869 2881
908 9 2 3 1 558 564 661 4136 4137 4138
909 9 2 3 1 683 1756 1853 2370 4139 4140
910 9 2 3 1 1104 1206 1509 3459 3679 3583
911 9 2 3 1 834 833 876 4141 3455 4142
912 9 2 3 1 744 745 766 4143 4144 4095
913 9 2 3 1 898 1301 1302 3270 3532 4145
914 9 2 3 1 1266 1740 2185 4146 2712 4147
915 9 2 3 1 514 512 515 4148 4149 3878
916 9 2 3 1 1417 1419 1992 3717 4150 4151
917 9 2 3 1 1191 1421 1872 3042 4152 4153
918 9 2 3 1 1055 1333 1412 4154 4155 3650
919 9 2 3 1 1255 1136 1288 4156 4157 4158
920 9 2 3 1 593 591 594 4159 4160 4161
921 9 2 3 1 646 644 704 4162 4163 2855
922 9 2 3 1 513 512 514 4164 4148 4165
923 9 2 3 1 1203 1045 1524 4166 4167 3387
924 9 2 3 1 1436 140 2078 3614 4168 4169
925 9 2 3 1 1467 1002 1597 3315 3428 2745
926 9 2 3 1 1880 1315 2049 4170 4171 4172
927 9 2 3 1 867 784 1749 4058 4173 4174
928 9 2 3 1 1145 1109 1328 4175 4176 3934
929 9 2 3 1 1392 1393 2083 2600 4177 4178
930 9 2 3 1 1398 1123 1399 4179 4180 3003
931 9 2 3 1 1327 1119 1519 4181 4182 4183
932 9 2 3 1 1211 1221 1222 4184 4185 2578
933 9 2 3 1 1091 922 1467 4048 3316 3595
934 9 2 3 1 1293 1076 1379 3871 3925 4186
935 9 2 3 1 2141 1266 2185 4187 4147 4188
936 9 2 3 1 1217 1719 1925 4189 4190 4191
937 9 2 3 1 1505 1504 1506 3132 3876 2412
938 9 2 3 1 1055 1053 1333 4192 4193 4154
939 9 2 3 1 1483 1547 2113 3443 4194 4195
940 9 2 3 1 560 526 1050 4003 4196 3938
941 9 2 3 1 1002 1889 2139 4197 4198 3429
942 9 2 3 1 962 754 1402 3745 4199 4200
943 9 2 3 1 737 739 779 4201 4202 4203
944 9 2 3 1 130 449 1536 4204 4018 4205
945 9 2 3 1 516 515 517 3879 4206 3872
946 9 2 3 1 13 451 1541 4207 4208 4209
947 9 2 3 1 52 452 1542 4210 4211 4212
948 9 2 3 1 1429 580 1572 3975 2415 4074
949 9 2 3 1 1469 1081 2012 4213 4214 4215
950 9 2 3 1 1588 439 1622 2398 4216 4217
951 9 2 3 1 661 662 673 4218 4219 3555
952 9 2 3 1 1451 1452 1453 2873 4220 3505
953 9 2 3 1 861 859 864 4221 2767 4222
954 9 2 3 1 532 533 1562 4223 3883 4224
955 9 2 3 1 1222 1315 1880 4225 4170 2422
956 9 2 3 1 1882 1463 2123 2864 4226 4227
957 9 2 3 1 724 708 1462 3906 4086 4228
958 9 2 3 1 1394 1633 2085 4229 3670 3165
959 9 2 3 1 754 778 1402 4230 2512 4199
960 9 2 3 1 1694 1695 1831 4231 4232 4233
961 9 2 3 1 1278 941 2138 3350 4234 4235
962 9 2 3 1 597 595 598 4236 4237 4238
963 9 2 3 1 1169 1196 1484 4239 4240 4241
964 9 2 3 1 1496 499 1517 4242 4243 3368
965 9 2 3 1 1303 1344 1345 3220 2908 3678
966 9 2 3 1 1289 1288 1380 4244 4245 4246
967 9 2 3 1 1268 1267 1369 4247 4248 4249
968 9 2 3 1 686 694 695 4250 4251 3363
969 9 2 3 1 673 683 686 4252 4253 2938
970 9 2 3 1 2027 1632 2107 4254 4255 4256
971 9 2 3 1 1385 1386 1550 2837 4257 4258
972 9 2 3 1 1363 1494 2122 3599 4259 4260
973 9 2 3 1 500 1556 1558 4261 2258 4262
974 9 2 3 1 458 1497 1498 3161 4103 4263
975 9 2 3 1 1311 1154 1343 3302 4264 3912
976 9 2 3 1 1046 1441 2144 2658 4265 4266
977 9 2 3 1 2095 1310 2150 4267 4268 4269
978 9 2 3 1 635 634 636 4270 3690 4271
979 9 2 3 1 1333 1053 1742 4193 4272 2538
980 9 2 3 1 757 957 1716 3986 4127 4273
981 9 2 3 1 711 715 1555 4274 4275 2943
982 9 2 3 1 1513 558 2170 4276 4277 4278
983 9 2 3 1 625 621 626 4279 4280 4281
984 9 2 3 1 868 867 895 4282 3495 4283
985 9 2 3 1 1118 1089 1154 3437 4284 3301
986 9 2 3 1 1110 1109 1145 4285 4175 4286
987 9 2 3 1 1323 1322 1701 3537 4287 4288
988 9 2 3 1 1915 1734 2144 4289 3536 4290
989 9 2 3 1 931 929 932 4291 4292 4293
990 9 2 3 1 502 90 1696 4294 4295 2839
991 9 2 3 1 758 786 787 4296 4297 3199
992 9 2 3 1 866 690 1445 4298 4299 4300
993 9 2 3 1 713 725 726 4301 4302 3708
994 9 2 3 1 840 839 841 4303 4304 4305
995 9 2 3 1 1311 1826 2029 3914 4306 4307
996 9 2 3 1 102 461 1565 4308 4028 4309
997 9 2 3 1 632 629 1508 4310 4311 4312
998 9 2 3 1 1571 1298 1926 3067 4313 4314
999 9 2 3 1 668 582 1429 3764 3976 4315
1000 9 2 3 1 1992 1419 2014 4150 4316 4317
1001 9 2 3 1 519 517 520 3873 4318 3895
1002 9 2 3 1 1435 1186 1929 3094 4319 3312
1003 9 2 3 1 933 1492 1844 3075 4045 4320
1004 9 2 3 1 969 967 1101 4321 2483 3053
1005 9 2 3 1 1523 510 1949 4322 4323 3606
1006 9 2 3 1 24 463 1569 4324 4013 4325
1007 9 2 3 1 521 523 524 3922 3931 4326
1008 9 2 3 1 1181 1198 1199 3910 4327 4328
1009 9 2 3 1 1423 1050 1424 3939 4329 4330
1010 9 2 3 1 818 821 1540 4331 3503 3916
1011 9 2 3 1 842 841 843 4332 3426 4333
1012 9 2 3 1 1922 1332 2035 4334 4335 4336
1013 9 2 3 1 905 963 1137 4337 4338 4339
1014 9 2 3 1 950 806 1021 3498 4340 3695
1015 9 2 3 1 1288 1136 1561 4157 4341 4342
1016 9 2 3 1 529 531 532 4343 4344 4345
1017 9 2 3 1 1340 1463 1464 4036 2338 4346
1018 9 2 3 1 939 1321 2201 3295 4347 4348
1019 9 2 3 1 1090 1030 1123 4349 2773 4350
1020 9 2 3 1 1474 1473 1475 4351 4352 4353
1021 9 2 3 1 1205 1434 1839 4011 4354 2530
1022 9 2 3 1 1098 1004 1099 3103 4355 3517
1023 9 2 3 1 936 935 937 4356 3523 4357
1024 9 2 3 1 629 628 1508 4358 2871 4311
1025 9 2 3 1 1096 1083 1097 4359 2716 4360
1026 9 2 3 1 1352 1354 1573 3250 4361 4362
1027 9 2 3 1 1720 1314 1860 4363 4364 4365
1028 9 2 3 1 1066 1064 1532 4366 4051 4367
1029 9 2 3 1 54 1503 2105 2828 3486 4368
1030 9 2 3 1 815 1376 1893 3289 4369 3997
1031 9 2 3 1 533 535 562 4370 4371 3881
1032 9 2 3 1 701 1449 2133 3353 4372 4373
1033 9 2 3 1 1169 1484 2196 4241 2844 4023
1034 9 2 3 1 726 727 728 4374 4375 2306
1035 9 2 3 1 1302 1303 1304 3533 3677 4376
1036 9 2 3 1 1371 1070 2091 3255 4377 4378
1037 9 2 3 1 790 791 792 4379 4380 3438
1038 9 2 3 1 750 1420 2070 3658 4381 4382
1039 9 2 3 1 914 915 916 4383 4384 3369
1040 9 2 3 1 675 1678 2169 4385 3305 4386
1041 9 2 3 1 973 969 1451 4387 3054 4388
1042 9 2 3 1 790 909 1472 3440 4389 3675
1043 9 2 3 1 810 1743 1759 4390 4391 4392
1044 9 2 3 1 1292 1349 1606 4393 3089 3981
1045 9 2 3 1 469 1522 1899 2713 4394 4395
1046 9 2 3 1 1090 1123 1398 4350 4179 4396
1047 9 2 3 1 1083 1082 1431 4397 4398 2717
1048 9 2 3 1 1199 1198 1748 4327 4399 4400
1049 9 2 3 1 1125 973 1451 4401 4388 3504
1050 9 2 3 1 518 516 1473 4402 3328 4403
1051 9 2 3 1 1604 420 1646 4404 4405 2719
1052 9 2 3 1 691 1384 1688 2361 4406 3377
1053 9 2 3 1 558 661 2170 4138 4407 4277
1054 9 2 3 1 521 520 522 3896 4408 3920
1055 9 2 3 1 1026 1457 1486 2474 4409 4410
1056 9 2 3 1 1222 1223 1315 4411 4412 4225
1057 9 2 3 1 1386 1469 1492 4413 4414 4415
1058 9 2 3 1 1506 498 1700 3875 3469 4416
1059 9 2 3 1 1384 1385 1878 3557 4417 4418
1060 9 2 3 1 857 897 1329 3930 4419 4420
1061 9 2 3 1 1022 1021 1023 3696 4421 3671
1062 9 2 3 1 1040 946 1597 4422 2687 4423
1063 9 2 3 1 1414 750 2070 3642 4382 4424
1064 9 2 3 1 1601 1295 1990 3245 4425 4426
1065 9 2 3 1 2005 1823 2084 4427 4428 4429
1066 9 2 3 1 787 913 2195 3182 4430 4431
1067 9 2 3 1 1014 973 1125 4432 4401 3757
1068 9 2 3 1 1361 1493 1494 3857 4433 3598
1069 9 2 3 1 787 886 887 4434 4435 3180
1070 9 2 3 1 831 814 833 4436 3940 4437
1071 9 2 3 1 1067 1183 1184 4112 4438 4439
1072 9 2 3 1 1331 1381 1382 3969 2327 4440
1073 9 2 3 1 695 697 699 4441 4442 3737
1074 9 2 3 1 1565 1566 1567 4029 4443 3891
1075 9 2 3 1 881 905 1480 4444 4445 3618
1076 9 2 3 1 1388 787 2195 3200 4431 4446
1077 9 2 3 1 1148 1150 1596 3494 4447 2866
1078 9 2 3 1 741 743 744 4448 4449 4450
1079 9 2 3 1 1137 963 1158 4338 4451 4082
1080 9 2 3 1 957 958 959 3281 3558 4452
1081 9 2 3 1 908 1471 1587 4453 4454 4455
1082 9 2 3 1 1038 1036 1046 4456 3127 4457
1083 9 2 3 1 1049 1047 1178 4458 4459 2470
1084 9 2 3 1 1006 983 1089 3865 4460 3436
1085 9 2 3 1 1585 1157 1674 4128 2920 2954
1086 9 2 3 1 1152 1167 1546 4461 3548 4462
1087 9 2 3 1 844 843 845 4463 3487 4464
1088 9 2 3 1 1326 1119 1327 4465 4181 4466
1089 9 2 3 1 1679 1678 1680 3600 2570 4467
1090 9 2 3 1 1560 1559 1840 4468 4469 2343
1091 9 2 3 1 1546 496 1798 3140 4470 4471
1092 9 2 3 1 1315 1316 1318 4472 4473 4474
1093 9 2 3 1 640 691 1368 3951 3376 4475
1094 9 2 3 1 55 458 1501 4476 4477 3117
1095 9 2 3 1 548 675 1512 3784 4478 4031
1096 9 2 3 1 1499 1497 1500 4104 3065 4479
1097 9 2 3 1 986 1856 1877 2476 4480 4481
1098 9 2 3 1 523 522 525 3921 4482 2638
1099 9 2 3 1 1269 1764 1987 4483 3781 4484
1100 9 2 3 1 651 648 690 4485 3654 4486
1101 9 2 3 1 554 558 1513 4487 4276 4488
1102 9 2 3 1 1589 1590 1695 4489 3742 4490
1103 9 2 3 1 699 721 722 4491 4492 3235
1104 9 2 3 1 815 770 2017 3686 4493 3290
1105 9 2 3 1 1515 454 1702 4494 4495 4496
1106 9 2 3 1 626 621 2021 4280 2710 4497
1107 9 2 3 1 454 2004 2168 4498 3080 4499
1108 9 2 3 1 1003 1617 1872 2230 4500 4501
1109 9 2 3 1 1027 1026 1486 4502 4410 3276
1110 9 2 3 1 1769 1178 1818 2936 4503 3999
1111 9 2 3 1 1550 1492 2157 4504 3077 4505
1112 9 2 3 1 998 1175 1741 4506 3367 2892
1113 9 2 3 1 1169 1023 1196 3672 4507 4239
1114 9 2 3 1 1108 1106 1109 4508 4509 4510
1115 9 2 3 1 855 853 1735 4511 4512 4513
1116 9 2 3 1 675 1373 1678 4022 3111 4385
1117 9 2 3 1 1499 1500 1580 4479 4514 2723
1118 9 2 3 1 1583 878 1896 2234 4515 4516
1119 9 2 3 1 595 594 1594 4517 3022 4518
1120 9 2 3 1 524 526 527 3933 4002 4519
1121 9 2 3 1 1134 985 1135 3262 4520 3766
1122 9 2 3 1 631 629 632 4521 4310 4522
1123 9 2 3 1 1494 429 2122 3473 4523 4259
1124 9 2 3 1 96 497 509 4524 4525 4526
1125 9 2 3 1 18 498 1504 4527 3874 4528
1126 9 2 3 1 57 499 1496 4529 4242 4530
1127 9 2 3 1 500 1558 1892 4262 3732 4531
1128 9 2 3 1 544 567 1390 3665 4532 3989
1129 9 2 3 1 135 500 1507 4533 4534 4535
1130 9 2 3 1 509 497 1949 4525 4536 4537
1131 9 2 3 1 605 604 606 4538 3584 4539
1132 9 2 3 1 1470 1132 2097 2668 4540 4541
1133 9 2 3 1 1831 1695 1944 4232 4542 4543
1134 9 2 3 1 514 518 1524 4544 4545 4546
1135 9 2 3 1 1973 1370 1985 4547 4548 4549
1136 9 2 3 1 782 789 790 4550 4551 3674
1137 9 2 3 1 669 604 1254 3585 3902 4552
1138 9 2 3 1 734 731 735 4067 4553 3811
1139 9 2 3 1 680 775 1694 4554 4555 4556
1140 9 2 3 1 1038 1046 1047 4457 4557 4558
1141 9 2 3 1 660 685 1732 4559 4560 3184
1142 9 2 3 1 542 543 544 4561 4562 3988
1143 9 2 3 1 728 729 732 4563 4564 3539
1144 9 2 3 1 1707 459 2158 4565 4047 4566
1145 9 2 3 1 1264 1099 1489 3518 4567 3859
1146 9 2 3 1 839 1854 2098 2994 4568 4569
1147 9 2 3 1 511 512 513 3787 4164 4570
1148 9 2 3 1 1296 1294 2059 4571 2903 4572
1149 9 2 3 1 642 640 1368 4573 4475 4574
1150 9 2 3 1 876 1071 1495 4575 4576 4577
1151 9 2 3 1 1744 1253 1760 4578 4579 4580
1152 9 2 3 1 1306 1308 1309 3919 4132 4581
1153 9 2 3 1 1070 554 1513 4043 4488 4582
1154 9 2 3 1 1466 1274 2152 2853 4583 3282
1155 9 2 3 1 1047 1046 1529 4557 4584 4585
1156 9 2 3 1 1054 1053 1055 4586 4192 4587
1157 9 2 3 1 686 701 2133 3365 4373 3356
1158 9 2 3 1 1314 1158 1843 4083 4588 2515
1159 9 2 3 1 544 545 546 4589 4590 3663
1160 9 2 3 1 884 1000 1001 3207 3822 4591
1161 9 2 3 1 542 1390 1530 3990 3375 2644
1162 9 2 3 1 1770 1291 2096 4592 4593 4594
1163 9 2 3 1 838 836 839 4595 3718 4596
1164 9 2 3 1 1100 956 1204 3234 2488 3846
1165 9 2 3 1 573 571 623 4597 3853 4598
1166 9 2 3 1 1362 1361 1363 4599 3597 4600
1167 9 2 3 1 1145 1448 2001 3935 4076 4601
1168 9 2 3 1 938 937 939 4602 3293 4603
1169 9 2 3 1 961 1415 2095 3338 4604 4605
1170 9 2 3 1 1200 1188 1684 4606 4607 4608
1171 9 2 3 1 1387 634 2143 3593 4609 4610
1172 9 2 3 1 849 1586 1957 4611 4612 2311
1173 9 2 3 1 99 453 1514 4613 4614 4615
1174 9 2 3 1 1556 137 1557 4616 4617 3862
1175 9 2 3 1 1589 995 1590 4618 4619 4489
1176 9 2 3 1 706 724 1977 3907 3110 4620
1177 9 2 3 1 499 58 1470 4621 4622 4107
1178 9 2 3 1 1423 1424 1548 4330 4623 4624
1179 9 2 3 1 792 793 795 4625 4626 3146
1180 9 2 3 1 1598 801 1967 4627 2417 4628
1181 9 2 3 1 637 636 638 4629 3604 4630
1182 9 2 3 1 1686 891 2032 4631 4632 4633
1183 9 2 3 1 60 454 1515 4634 4494 4635
1184 9 2 3 1 1282 1281 1283 4636 4637 4638
1185 9 2 3 1 500 136 1556 4639 4640 4261
1186 9 2 3 1 521 524 1712 4326 4641 4642
1187 9 2 3 1 15 1559 1560 4643 4468 4644
1188 9 2 3 1 644 642 1727 4645 4646 4647
1189 9 2 3 1 690 1443 1445 3311 4648 4299
1190 9 2 3 1 934 896 935 4649 3788 4650
1191 9 2 3 1 497 97 1526 4651 4652 3818
1192 9 2 3 1 687 705 709 3648 4069 4653
1193 9 2 3 1 795 990 2112 3435 4654 3701
1194 9 2 3 1 904 902 1003 4054 2228 3666
1195 9 2 3 1 1519 1119 2072 4182 2901 4655
1196 9 2 3 1 1150 1151 1152 4656 4657 3887
1197 9 2 3 1 1165 1935 1976 4658 4659 4660
1198 9 2 3 1 1109 1106 1460 4509 3243 4661
1199 9 2 3 1 546 547 548 4662 4663 4030
1200 9 2 3 1 593 594 595 4161 4517 4664
1201 9 2 3 1 781 782 2178 4665 3774 4666
1202 9 2 3 1 450 92 1483 4667 4668 4669
1203 9 2 3 1 1239 1688 1856 4670 4671 2475
1204 9 2 3 1 1480 1137 1720 4672 4673 4674
1205 9 2 3 1 1056 1055 1057 4675 3649 4676
1206 9 2 3 1 732 733 746 4677 4678 3331
1207 9 2 3 1 712 755 756 3392 3977 4679
1208 9 2 3 1 527 560 561 4004 4072 4680
1209 9 2 3 1 1008 935 1521 3524 3790 4681
1210 9 2 3 1 1161 696 1699 4682 4683 3809
1211 9 2 3 1 1202 1045 1203 4684 4166 4685
1212 9 2 3 1 795 796 797 4686 4687 3433
1213 9 2 3 1 1591 1200 1837 4026 3287 4688
1214 9 2 3 1 1132 1515 1702 2670 4496 4689
1215 9 2 3 1 676 692 1081 3409 4690 2617
1216 9 2 3 1 905 1137 1480 4339 4672 4445
1217 9 2 3 1 1343 1683 1826 4691 4692 3913
1218 9 2 3 1 581 580 582 4693 3974 4694
1219 9 2 3 1 1178 1047 1529 4459 4585 4695
1220 9 2 3 1 1399 1123 1400 4180 2983 4696
1221 9 2 3 1 715 734 1555 4068 3554 4275
1222 9 2 3 1 1604 1152 2079 3888 4697 4698
1223 9 2 3 1 1553 1552 1554 3059 4699 4700
1224 9 2 3 1 728 898 1906 3541 4701 2307
1225 9 2 3 1 1473 1712 2074 3335 4702 4703
1226 9 2 3 1 137 138 1557 157 3258 4617
1227 9 2 3 1 967 931 1775 4704 4705 2484
1228 9 2 3 1 96 97 497 116 4651 4524
1229 9 2 3 1 57 58 499 77 4621 4529
1230 9 2 3 1 18 19 498 38 4706 4527
1231 9 2 3 1 135 136 500 155 4639 4533
1232 9 2 3 1 453 100 1564 4707 4708 4709
1233 9 2 3 1 94 95 457 114 3634 4710
1234 9 2 3 1 16 17 459 36 3638 4062
1235 9 2 3 1 55 56 458 75 3636 4476
1236 9 2 3 1 1217 1115 1312 4711 4712 4713
1237 9 2 3 1 1327 1692 1703 4714 4715 4716
1238 9 2 3 1 701 695 2010 3364 3996 4717
1239 9 2 3 1 133 134 460 153 3651 4718
1240 9 2 3 1 1461 912 1954 3016 4719 4049
1241 9 2 3 1 1568 1569 1570 4720 4721 4722
1242 9 2 3 1 1719 1217 1989 4189 4723 4724
1243 9 2 3 1 859 857 1329 4725 4420 2768
1244 9 2 3 1 598 595 1594 4237 4518 4726
1245 9 2 3 1 1669 1347 1982 2210 2819 4727
1246 9 2 3 1 1203 1753 1942 3389 4728 4729
1247 9 2 3 1 1489 1213 2069 2764 4730 4731
1248 9 2 3 1 1423 1548 2057 4624 4732 2968
1249 9 2 3 1 718 770 771 3957 3972 4733
1250 9 2 3 1 1019 951 1020 4734 3775 4735
1251 9 2 3 1 455 22 1568 4736 4737 4738
1252 9 2 3 1 99 100 453 119 4707 4613
1253 9 2 3 1 60 61 454 80 4739 4634
1254 9 2 3 1 21 22 455 41 4736 4740
1255 9 2 3 1 138 139 456 158 4741 3256
1256 9 2 3 1 916 917 918 4742 4743 3306
1257 9 2 3 1 1437 1363 2122 3609 4260 4744
1258 9 2 3 1 104 1553 1923 4037 4745 4746
1259 9 2 3 1 1167 1703 1861 4747 4748 3549
1260 9 2 3 1 746 747 748 4749 4750 3572
1261 9 2 3 1 1386 1492 1550 4415 4504 4257
1262 9 2 3 1 861 864 1190 4222 3799 4751
1263 9 2 3 1 1115 1066 1532 4752 4367 4753
1264 9 2 3 1 1312 1115 1532 4712 4753 4754
1265 9 2 3 1 709 717 718 4071 3955 4755
1266 9 2 3 1 1463 1336 1528 4035 4098 4756
1267 9 2 3 1 504 1542 1543 4757 4758 4759
1268 9 2 3 1 501 1536 1538 4760 4761 4762
1269 9 2 3 1 532 531 533 4344 4763 4223
1270 9 2 3 1 1541 451 2066 4208 3735 4764
1271 9 2 3 1 130 131 449 150 4765 4204
1272 9 2 3 1 91 92 450 111 4667 4766
1273 9 2 3 1 13 14 451 33 3828 4207
1274 9 2 3 1 52 53 452 72 4767 4210
1275 9 2 3 1 1310 1300 2150 3034 4106 4268
1276 9 2 3 1 1847 1226 2007 4768 4769 3087
1277 9 2 3 1 611 610 612 4770 3759 4771
1278 9 2 3 1 1168 1342 1754 3099 4772 4773
1279 9 2 3 1 1403 1135 1404 3767 4774 4775
1280 9 2 3 1 1729 900 1902 4776 4777 2810
1281 9 2 3 1 1209 1192 1210 3150 4778 4005
1282 9 2 3 1 1401 1601 2161 3198 4779 4780
1283 9 2 3 1 548 549 550 4781 4782 3782
1284 9 2 3 1 128 501 1551 4783 4784 3837
1285 9 2 3 1 513 514 1524 4165 4546 4785
1286 9 2 3 1 1642 1391 1821 2898 2664 4786
1287 9 2 3 1 739 741 1802 4787 4788 4789
1288 9 2 3 1 1052 894 1053 4790 4791 4792
1289 9 2 3 1 1081 692 1778 4690 4793 4794
1290 9 2 3 1 1508 1081 1912 2618 4795 4796
1291 9 2 3 1 825 995 1589 4797 4618 4798
1292 9 2 3 1 446 1525 1857 2622 4799 4800
1293 9 2 3 1 603 601 604 4801 3901 4802
1294 9 2 3 1 625 626 627 4281 4060 4803
1295 9 2 3 1 514 516 518 3880 4402 4544
1296 9 2 3 1 849 846 1586 4804 4805 4611
1297 9 2 3 1 1364 1363 1365 4806 3608 4807
1298 9 2 3 1 929 927 1746 4808 4809 4810
1299 9 2 3 1 503 1541 1563 4811 4812 4813
1300 9 2 3 1 1075 1074 1076 4814 3924 4815
1301 9 2 3 1 850 849 851 4816 2294 4817
1302 9 2 3 1 744 1761 2018 4097 4818 4819
1303 9 2 3 1 1410 780 1830 2705 4820 2589
1304 9 2 3 1 1084 911 1215 3268 4821 3979
1305 9 2 3 1 771 811 812 3973 4007 4822
1306 9 2 3 1 1306 1309 1584 4581 4823 4824
1307 9 2 3 1 1205 1204 1214 3847 4825 4009
1308 9 2 3 1 1110 1145 1237 4286 4826 4827
1309 9 2 3 1 878 1509 1911 2331 3343 4828
1310 9 2 3 1 1025 1018 1026 4829 2424 4830
1311 9 2 3 1 583 582 584 4831 3763 4832
1312 9 2 3 1 1666 1403 2130 3232 4833 4834
1313 9 2 3 1 980 1571 1926 3172 4314 4835
1314 9 2 3 1 15 16 1559 35 4064 4643
1315 9 2 3 1 524 808 1712 4836 4837 4641
1316 9 2 3 1 1082 1430 1431 3479 4838 4398
1317 9 2 3 1 979 1291 1770 3009 4592 4839
1318 9 2 3 1 1610 1157 2073 2918 4840 4841
1319 9 2 3 1 1559 459 1707 4063 4565 4842
1320 9 2 3 1 1203 1942 1955 4729 4843 4844
1321 9 2 3 1 561 565 566 4073 4135 4845
1322 9 2 3 1 1292 1290 1349 3027 2637 4393
1323 9 2 3 1 1108 1109 1110 4510 4285 4846
1324 9 2 3 1 501 1538 1539 4762 3013 4847
1325 9 2 3 1 532 1562 1681 4224 4848 4849
1326 9 2 3 1 755 713 1704 3391 3710 3703
1327 9 2 3 1 876 1007 1071 3373 4015 4575
1328 9 2 3 1 1492 1469 2012 4414 4215 3212
1329 9 2 3 1 1031 1030 1090 4850 4349 4851
1330 9 2 3 1 94 457 1547 4710 3445 4852
1331 9 2 3 1 1339 1336 1340 4853 4034 4854
1332 9 2 3 1 1949 497 2024 4536 4855 4856
1333 9 2 3 1 1533 1353 1686 4857 3254 4858
1334 9 2 3 1 961 2095 2150 4605 4269 4859
1335 9 2 3 1 539 541 542 4860 4861 2643
1336 9 2 3 1 737 779 2148 4203 4862 3824
1337 9 2 3 1 801 827 828 4863 4864 2356
1338 9 2 3 1 512 510 1523 3786 4322 4865
1339 9 2 3 1 1219 1666 2008 3116 4866 4867
1340 9 2 3 1 1849 987 1956 4868 4869 4870
1341 9 2 3 1 126 508 2041 4871 4872 2240
1342 9 2 3 1 1616 1190 1617 4873 4874 4875
1343 9 2 3 1 1749 784 2038 4173 4876 4877
1344 9 2 3 1 1484 1196 1485 4240 4878 4879
1345 9 2 3 1 550 551 552 4880 4881 3867
1346 9 2 3 1 756 784 785 3978 4057 4882
1347 9 2 3 1 1152 1153 1167 4883 4884 4461
1348 9 2 3 1 1001 1082 1083 3823 4397 4885
1349 9 2 3 1 1404 1661 1958 3749 4886 4887
1350 9 2 3 1 798 801 1598 4888 4627 4889
1351 9 2 3 1 1036 1033 1575 4890 4891 3128
1352 9 2 3 1 1692 1327 2080 4714 4892 4893
1353 9 2 3 1 1279 1088 2019 4894 4895 4896
1354 9 2 3 1 896 895 2179 4897 4898 3970
1355 9 2 3 1 606 1104 2064 3700 3321 4899
1356 9 2 3 1 661 564 662 4137 4900 4218
1357 9 2 3 1 613 612 614 4901 3835 4902
1358 9 2 3 1 1588 1219 2008 4903 4867 2555
1359 9 2 3 1 783 1873 1890 3274 4904 4905
1360 9 2 3 1 918 919 920 4906 4907 3463
1361 9 2 3 1 1776 1378 1910 4908 2386 4909
1362 9 2 3 1 586 584 587 4910 3792 4911
1363 9 2 3 1 1195 1244 2046 4912 2293 3802
1364 9 2 3 1 1366 1610 2073 2805 4841 3590
1365 9 2 3 1 633 634 635 4124 4270 4913
1366 9 2 3 1 706 707 708 4914 4915 3905
1367 9 2 3 1 501 129 1536 4916 4917 4760
1368 9 2 3 1 1878 1385 2119 4417 4918 4919
1369 9 2 3 1 503 12 1541 4920 4921 4811
1370 9 2 3 1 504 51 1542 4922 4923 4757
1371 9 2 3 1 748 749 750 4924 4925 3641
1372 9 2 3 1 678 659 1094 3461 4926 4927
1373 9 2 3 1 505 1605 2115 4928 4929 4930
1374 9 2 3 1 1009 1219 1220 3396 4931 4932
1375 9 2 3 1 1005 1124 1170 3167 4099 4933
1376 9 2 3 1 609 607 610 4934 4935 4936
1377 9 2 3 1 1658 1647 1697 3032 4937 4938
1378 9 2 3 1 631 632 633 4522 4122 4939
1379 9 2 3 1 669 1254 2048 4552 2702 4940
1380 9 2 3 1 1207 1919 1925 4941 3722 4942
1381 9 2 3 1 1544 466 1883 3105 4943 4944
1382 9 2 3 1 928 927 929 4945 4808 4946
1383 9 2 3 1 627 628 629 4061 4358 4947
1384 9 2 3 1 1561 427 1888 4948 4949 4950
1385 9 2 3 1 848 846 849 4951 4804 4952
1386 9 2 3 1 1184 1698 1731 4953 3348 4954
1387 9 2 3 1 1474 1475 1476 4353 4955 4956
1388 9 2 3 1 930 929 931 4957 4291 4958
1389 9 2 3 1 1564 101 1565 4959 4960 3890
1390 9 2 3 1 1608 1257 1611 3177 3903 4961
1391 9 2 3 1 1068 1506 1774 2413 4962 4963
1392 9 2 3 1 828 889 890 4964 4965 3714
1393 9 2 3 1 1116 1217 1925 4966 4191 3721
1394 9 2 3 1 713 693 725 3462 4967 4301
1395 9 2 3 1 1839 1434 2198 4354 4968 4969
1396 9 2 3 1 579 577 580 4970 2414 4971
1397 9 2 3 1 597 598 599 4238 4972 4973
1398 9 2 3 1 894 819 1742 4974 3630 4975
1399 9 2 3 1 1375 1439 2186 2863 4976 4977
1400 9 2 3 1 1135 985 1749 4520 4978 4979
1401 9 2 3 1 1777 623 2185 4980 4981 2711
1402 9 2 3 1 1426 1428 1576 4982 4983 4984
1403 9 2 3 1 1605 503 1677 4985 4986 4987
1404 9 2 3 1 1689 1519 2072 4988 4655 3747
1405 9 2 3 1 1615 703 1978 3816 4989 4990
1406 9 2 3 1 1355 1357 1901 4991 2381 4992
1407 9 2 3 1 940 939 941 4993 3542 4994
1408 9 2 3 1 1568 23 1569 4995 4996 4720
1409 9 2 3 1 1081 1469 1912 4213 4997 4795
1410 9 2 3 1 1728 1470 2097 4108 4541 4998
1411 9 2 3 1 696 720 1699 4999 5000 4683
1412 9 2 3 1 1077 1076 1078 5001 3870 5002
1413 9 2 3 1 95 96 509 115 4526 3635
1414 9 2 3 1 56 57 1496 76 4530 3637
1415 9 2 3 1 17 18 1504 37 4528 3639
1416 9 2 3 1 650 1698 1875 3346 5003 5004
1417 9 2 3 1 1332 1922 2117 4334 5005 2517
1418 9 2 3 1 134 135 1507 154 4535 3652
1419 9 2 3 1 1536 1537 1538 4020 5006 4761
1420 9 2 3 1 1356 1353 1533 5007 4857 2829
1421 9 2 3 1 588 587 589 5008 3894 5009
1422 9 2 3 1 746 961 2150 3574 4859 4105
1423 9 2 3 1 966 931 967 5010 4704 5011
1424 9 2 3 1 926 763 927 5012 2513 5013
1425 9 2 3 1 826 1584 2038 3006 3124 5014
1426 9 2 3 1 1343 1770 2096 5015 4594 5016
1427 9 2 3 1 1434 1214 1534 4010 5017 5018
1428 9 2 3 1 905 906 963 5019 5020 4337
1429 9 2 3 1 1390 567 2103 4532 5021 3984
1430 9 2 3 1 616 614 617 5022 3942 5023
1431 9 2 3 1 1216 1215 1294 3980 5024 4087
1432 9 2 3 1 1687 1973 1985 5025 4549 5026
1433 9 2 3 1 504 1543 1991 4759 3516 3450
1434 9 2 3 1 1365 1658 1697 2581 4938 5027
1435 9 2 3 1 1184 1183 1698 4438 5028 4953
1436 9 2 3 1 518 1473 1474 4403 4351 5029
1437 9 2 3 1 529 532 1934 4345 5030 2439
1438 9 2 3 1 14 15 1560 34 4644 3829
1439 9 2 3 1 1873 1228 1890 5031 5032 4904
1440 9 2 3 1 101 102 1565 121 4309 4960
1441 9 2 3 1 23 24 1569 43 4325 4996
1442 9 2 3 1 526 523 1846 3932 2640 5033
1443 9 2 3 1 1904 1768 1969 3953 5034 5035
1444 9 2 3 1 1443 1442 2204 3310 5036 5037
1445 9 2 3 1 1029 1027 1030 5038 3275 5039
1446 9 2 3 1 1983 901 1986 5040 2822 5041
1447 9 2 3 1 11 503 1605 5042 4985 5043
1448 9 2 3 1 1759 1743 1976 4391 5044 5045
1449 9 2 3 1 798 800 801 5046 5047 4888
1450 9 2 3 1 806 735 1481 3812 3566 5048
1451 9 2 3 1 1595 1465 1913 3840 5049 5050
1452 9 2 3 1 1158 1159 1407 5051 5052 5053
1453 9 2 3 1 852 851 853 5054 3711 5055
1454 9 2 3 1 98 99 1514 118 4615 3508
1455 9 2 3 1 1367 1696 1935 2840 3693 5056
1456 9 2 3 1 1397 1396 2071 4093 2821 5057
1457 9 2 3 1 781 767 782 4102 5058 4665
1458 9 2 3 1 1058 1057 1059 5059 3936 5060
1459 9 2 3 1 831 833 834 4437 4141 5061
1460 9 2 3 1 920 921 922 5062 5063 3510
1461 9 2 3 1 1283 1281 1708 4637 2720 5064
1462 9 2 3 1 1590 1591 1592 5065 5066 5067
1463 9 2 3 1 766 745 767 4144 5068 4101
1464 9 2 3 1 1426 1576 2205 4984 3736 5069
1465 9 2 3 1 59 60 1515 79 4635 3576
1466 9 2 3 1 1071 1093 1126 4016 4115 5070
1467 9 2 3 1 1257 1256 1884 2979 5071 3904
1468 9 2 3 1 708 710 711 5072 5073 4085
1469 9 2 3 1 58 59 1470 78 3575 4622
1470 9 2 3 1 129 130 1536 149 4205 4917
1471 9 2 3 1 12 13 1541 32 4209 4921
1472 9 2 3 1 51 52 1542 71 4212 4923
1473 9 2 3 1 104 105 2041 124 2251 4038
1474 9 2 3 1 834 876 1495 4142 4577 5074
1475 9 2 3 1 942 941 943 5075 3349 5076
1476 9 2 3 1 97 98 1526 117 3509 4652
1477 9 2 3 1 884 1001 1761 4591 5077 5078
1478 9 2 3 1 785 867 868 4059 4282 5079
1479 9 2 3 1 1037 1036 1038 5080 4456 5081
1480 9 2 3 1 775 823 1694 5082 5083 4555
1481 9 2 3 1 1543 1542 2037 4758 5084 3056
1482 9 2 3 1 1295 1296 1535 5085 5086 5087
1483 9 2 3 1 1199 1748 2181 4400 5088 5089
1484 9 2 3 1 136 137 1556 156 4616 4640
1485 9 2 3 1 92 93 1483 112 3441 4668
1486 9 2 3 1 674 1281 1282 3563 4636 5090
1487 9 2 3 1 1785 1983 1986 5091 5041 5092
1488 9 2 3 1 744 743 745 4449 5093 4143
1489 9 2 3 1 591 589 2088 5094 3807 5095
1490 9 2 3 1 1211 1210 1221 4006 5096 4184
1491 9 2 3 1 1355 679 1357 2565 2997 4991
1492 9 2 3 1 881 883 905 5097 5098 4444
1493 9 2 3 1 1370 1638 1985 3529 5099 4548
1494 9 2 3 1 944 943 947 5100 3421 5101
1495 9 2 3 1 1570 1569 1571 4721 4014 3171
1496 9 2 3 1 1035 1033 1036 5102 4890 5103
1497 9 2 3 1 1320 1690 2072 5104 5105 2900
1498 9 2 3 1 590 589 591 5106 5094 5107
1499 9 2 3 1 968 967 969 5108 4321 5109
1500 9 2 3 1 1048 1047 1049 5110 4458 5111
1501 9 2 3 1 1060 1059 1061 5112 3991 5113
1502 9 2 3 1 1405 1135 1749 5114 4979 5115
1503 9 2 3 1 1935 1324 1976 3135 5116 4659
1504 9 2 3 1 1727 642 2089 4646 5117 5118
1505 9 2 3 1 1501 1498 1502 5119 2300 5120
1506 9 2 3 1 498 19 1593 4706 5121 3468
1507 9 2 3 1 651 690 866 4486 4298 5122
1508 9 2 3 1 1907 1392 2083 5123 4178 5124
1509 9 2 3 1 1126 1136 1255 4116 4156 5125
1510 9 2 3 1 711 714 715 5126 5127 4274
1511 9 2 3 1 739 1802 2197 4789 5128 5129
1512 9 2 3 1 1759 1203 1955 5130 4844 5131
1513 9 2 3 1 559 1458 1999 2519 2875 5132
1514 9 2 3 1 687 709 1750 4653 5133 5134
1515 9 2 3 1 1690 477 2072 5135 3748 5105
1516 9 2 3 1 63 462 1736 5136 2592 5137
1517 9 2 3 1 750 751 752 5138 5139 3656
1518 9 2 3 1 100 101 1564 120 4959 4708
1519 9 2 3 1 1348 1347 1972 4032 2621 5140
1520 9 2 3 1 552 553 554 5141 5142 4042
1521 9 2 3 1 1352 1573 1574 4362 5143 3937
1522 9 2 3 1 1424 1425 1426 5144 5145 5146
1523 9 2 3 1 1680 1724 1966 2572 3139 5147
1524 9 2 3 1 93 94 1547 113 4852 3442
1525 9 2 3 1 1576 1428 1577 4983 5148 5149
1526 9 2 3 1 1255 1288 1289 4158 4244 5150
1527 9 2 3 1 1603 1562 2173 5151 5152 5153
1528 9 2 3 1 562 1801 1867 5154 2912 5155
1529 9 2 3 1 635 636 637 4271 4629 5156
1530 9 2 3 1 823 825 1589 5157 4798 5158
1531 9 2 3 1 1849 1864 2009 5159 5160 5161
1532 9 2 3 1 1220 1219 1588 4931 4903 5162
1533 9 2 3 1 22 23 1568 42 4995 4737
1534 9 2 3 1 673 662 683 4219 2368 4252
1535 9 2 3 1 1062 1061 1067 5163 4110 5164
1536 9 2 3 1 854 853 855 5165 4511 5166
1537 9 2 3 1 128 129 501 148 4916 4783
1538 9 2 3 1 89 90 502 109 4294 5167
1539 9 2 3 1 11 12 503 31 4920 5042
1540 9 2 3 1 50 51 504 70 4922 5168
1541 9 2 3 1 1004 1003 1421 3667 5169 5170
1542 9 2 3 1 678 1094 1828 4927 5171 5172
1543 9 2 3 1 868 895 896 4283 4897 5173
1544 9 2 3 1 1585 493 1982 2427 5174 2973
1545 9 2 3 1 1235 1346 2042 5175 3484 5176
1546 9 2 3 1 1090 1441 1575 5177 2660 5178
1547 9 2 3 1 784 826 2038 3522 5014 4876
1548 9 2 3 1 1188 1285 1684 5179 5180 4607
1549 9 2 3 1 1079 1078 1080 5181 3843 5182
1550 9 2 3 1 1404 1945 1981 5183 5184 3750
1551 9 2 3 1 1453 1452 1937 4220 3507 3885
1552 9 2 3 1 1488 1094 2021 2406 5185 2709
1553 9 2 3 1 825 994 995 5186 5187 4797
1554 9 2 3 1 1052 1053 1054 4792 4586 5188
1555 9 2 3 1 704 644 1727 4163 4647 3621
1556 9 2 3 1 1006 1119 1326 3417 4465 4017
1557 9 2 3 1 1170 1267 1268 4100 4247 5189
1558 9 2 3 1 758 722 786 3355 5190 4296
1559 9 2 3 1 1338 1341 1782 3964 2250 5191
1560 9 2 3 1 1198 1374 1869 3962 5192 5193
1561 9 2 3 1 1386 1387 1469 5194 5195 4413
1562 9 2 3 1 1283 1708 1916 5064 3727 5196
1563 9 2 3 1 1877 1856 1878 4480 5197 5198
1564 9 2 3 1 908 975 1471 5199 5200 4453
1565 9 2 3 1 686 683 694 4253 5201 4250
1566 9 2 3 1 1863 1963 2053 5202 5203 5204
1567 9 2 3 1 1487 1308 1887 4133 2505 3411
1568 9 2 3 1 1180 1080 1181 5205 3908 5206
1569 9 2 3 1 1834 505 2115 5207 4930 5208
1570 9 2 3 1 1295 1294 1296 4088 4571 5085
1571 9 2 3 1 875 773 1117 5209 5210 5211
1572 9 2 3 1 639 638 640 5212 3950 5213
1573 9 2 3 1 726 725 727 4302 5214 4374
1574 9 2 3 1 768 2020 2162 5215 5216 5217
1575 9 2 3 1 455 1568 1928 4738 5218 5219
1576 9 2 3 1 89 502 1714 5167 2275 5220
1577 9 2 3 1 810 803 1743 5221 5222 4390
1578 9 2 3 1 1320 1311 2090 3286 5223 5224
1579 9 2 3 1 840 841 842 4305 4332 5225
1580 9 2 3 1 934 935 936 4650 4356 5226
1581 9 2 3 1 1744 1760 2148 4580 5227 5228
1582 9 2 3 1 699 757 1716 3237 4273 3738
1583 9 2 3 1 1330 1199 1331 5229 3967 5230
1584 9 2 3 1 823 1589 1694 5158 5231 5083
1585 9 2 3 1 861 1190 1616 4751 4873 5232
1586 9 2 3 1 503 1563 1677 4813 5233 4986
1587 9 2 3 1 1328 1109 1460 4176 4661 5234
1588 9 2 3 1 752 753 754 5235 5236 3744
1589 9 2 3 1 838 839 840 4596 4303 5237
1590 9 2 3 1 525 528 529 5238 5239 2438
1591 9 2 3 1 1045 513 1524 5240 4785 4167
1592 9 2 3 1 1054 1055 1056 4587 4675 5241
1593 9 2 3 1 790 789 791 4551 5242 4379
1594 9 2 3 1 1616 1617 1717 4875 3705 5243
1595 9 2 3 1 914 887 915 3352 5244 4383
1596 9 2 3 1 972 969 973 5245 4387 5246
1597 9 2 3 1 1025 1026 1027 4830 4502 5247
1598 9 2 3 1 463 25 1682 5248 5249 5250
1599 9 2 3 1 1001 1095 1761 5251 5252 5077
1600 9 2 3 1 995 996 1591 5253 4027 5254
1601 9 2 3 1 996 1188 1200 5255 4606 4025
1602 9 2 3 1 1215 1472 2062 5256 5257 5258
1603 9 2 3 1 505 10 1605 5259 5260 4928
1604 9 2 3 1 816 1540 1855 3917 5261 5262
1605 9 2 3 1 1325 1467 1725 3596 2746 5263
1606 9 2 3 1 712 756 1778 4679 5264 5265
1607 9 2 3 1 1849 1189 1864 5266 5267 5159
1608 9 2 3 1 1554 461 1923 2647 5268 5269
1609 9 2 3 1 1088 939 2201 3543 4348 5270
1610 9 2 3 1 1548 1424 2205 4623 5271 3385
1611 9 2 3 1 554 557 558 5272 5273 4487
1612 9 2 3 1 1222 1221 1223 4185 5274 4411
1613 9 2 3 1 1090 1398 1441 4396 5275 5177
1614 9 2 3 1 19 20 1593 39 5276 5121
1615 9 2 3 1 10 11 1605 30 5043 5260
1616 9 2 3 1 1544 1146 1545 3958 3164 5277
1617 9 2 3 1 1823 1263 2084 5278 2469 4428
1618 9 2 3 1 519 521 1712 3897 4642 3334
1619 9 2 3 1 1274 1273 2107 3640 5279 5280
1620 9 2 3 1 1686 971 1868 2597 5281 5282
1621 9 2 3 1 1644 1279 2019 5283 4896 5284
1622 9 2 3 1 1966 1371 1998 3138 5285 5286
1623 9 2 3 1 670 1336 1339 3190 4853 3688
1624 9 2 3 1 610 607 2064 4935 5287 3360
1625 9 2 3 1 715 730 731 5288 5289 4066
1626 9 2 3 1 1234 1468 2103 5290 3985 5291
1627 9 2 3 1 1359 1361 1362 3492 4599 3296
1628 9 2 3 1 1013 973 1014 5292 4432 5293
1629 9 2 3 1 1426 1427 1428 5294 5295 4982
1630 9 2 3 1 842 843 844 4333 4463 5296
1631 9 2 3 1 856 855 857 5297 3928 5298
1632 9 2 3 1 1289 1380 1491 4246 3753 5299
1633 9 2 3 1 877 1583 1896 3403 4516 5300
1634 9 2 3 1 1694 1589 1695 5231 4490 4231
1635 9 2 3 1 1468 1234 2007 5290 5301 5302
1636 9 2 3 1 1703 1692 1861 4715 5303 4748
1637 9 2 3 1 102 103 461 122 5304 4308
1638 9 2 3 1 63 64 462 83 5305 5136
1639 9 2 3 1 24 25 463 44 5248 4324
1640 9 2 3 1 141 142 464 161 5306 5307
1641 9 2 3 1 1314 1796 1860 2448 5308 4364
1642 9 2 3 1 1160 1413 2174 2510 5309 5310
1643 9 2 3 1 1268 1369 1370 4249 3528 5311
1644 9 2 3 1 1105 1049 1106 5312 3242 5313
1645 9 2 3 1 754 777 778 5314 5315 4230
1646 9 2 3 1 25 26 1682 45 5316 5249
1647 9 2 3 1 1522 1124 2094 3945 3085 5317
1648 9 2 3 1 1430 1378 1776 3478 4908 3771
1649 9 2 3 1 1208 1489 1965 2765 5318 3849
1650 9 2 3 1 133 460 1685 4718 2365 5319
1651 9 2 3 1 1285 1287 1406 5320 2377 5321
1652 9 2 3 1 91 450 1696 4766 3692 5322
1653 9 2 3 1 1480 1720 2127 4674 5323 5324
1654 9 2 3 1 462 64 1676 5305 5325 5326
1655 9 2 3 1 1285 1406 1684 5321 5327 5180
1656 9 2 3 1 1116 1115 1217 5328 4711 4966
1657 9 2 3 1 1381 1199 2181 3968 5089 5329
1658 9 2 3 1 592 591 593 5330 4159 5331
1659 9 2 3 1 807 951 1019 3791 4734 3208
1660 9 2 3 1 949 964 983 5332 5333 3864
1661 9 2 3 1 855 1735 2125 4513 5334 5335
1662 9 2 3 1 542 541 543 4861 5336 4561
1663 9 2 3 1 1044 513 1045 5337 5240 5338
1664 9 2 3 1 853 923 1735 3712 5339 4512
1665 9 2 3 1 1031 1090 1575 4851 5178 5340
1666 9 2 3 1 735 736 737 5341 5342 3564
1667 9 2 3 1 1394 1392 1907 3278 5123 5343
1668 9 2 3 1 1472 1215 2178 5256 5344 3773
1669 9 2 3 1 1710 455 1928 5345 5219 5346
1670 9 2 3 1 1029 1030 1031 5039 4850 5347
1671 9 2 3 1 558 563 564 5348 5349 4136
1672 9 2 3 1 728 727 729 4375 5350 4563
1673 9 2 3 1 603 604 605 4802 4538 5351
1674 9 2 3 1 64 65 1676 84 5352 5325
1675 9 2 3 1 936 937 938 4357 4602 5353
1676 9 2 3 1 544 543 545 4562 5354 4589
1677 9 2 3 1 941 1088 2138 3544 5355 4234
1678 9 2 3 1 1558 997 1964 2252 5356 5357
1679 9 2 3 1 126 127 508 146 3884 4871
1680 9 2 3 1 87 88 506 107 5358 5359
1681 9 2 3 1 9 10 505 29 5259 5360
1682 9 2 3 1 48 49 507 68 5361 5362
1683 9 2 3 1 1400 1486 2156 2984 5363 5364
1684 9 2 3 1 1114 1066 1115 5365 4752 5366
1685 9 2 3 1 709 832 1750 5367 5368 5133
1686 9 2 3 1 1580 1500 1902 4514 2811 5369
1687 9 2 3 1 132 133 1685 152 5319 5370
1688 9 2 3 1 1258 1608 1609 3178 5371 5372
1689 9 2 3 1 1125 1454 1455 3252 5373 3758
1690 9 2 3 1 695 694 697 4251 5374 4441
1691 9 2 3 1 875 1117 1718 5211 5375 5376
1692 9 2 3 1 546 545 547 4590 5377 4662
1693 9 2 3 1 529 530 531 5378 5379 4343
1694 9 2 3 1 618 617 619 5380 2459 5381
1695 9 2 3 1 1317 1735 1799 5382 5383 3602
1696 9 2 3 1 596 595 597 5384 4236 5385
1697 9 2 3 1 1201 1045 1202 5386 4684 5387
1698 9 2 3 1 605 606 607 4539 5388 5389
1699 9 2 3 1 1150 991 1151 3493 3382 4656
1700 9 2 3 1 664 1161 1836 5390 5391 5392
1701 9 2 3 1 1582 1885 2180 4041 5393 5394
1702 9 2 3 1 1015 1014 1016 5395 2496 5396
1703 9 2 3 1 1578 1676 1816 5397 5398 5399
1704 9 2 3 1 1315 1223 1316 4412 5400 4472
1705 9 2 3 1 1518 464 1979 5401 5402 3425
1706 9 2 3 1 441 1632 2027 5403 4254 2323
1707 9 2 3 1 1238 1527 2015 3125 5404 5405
1708 9 2 3 1 579 580 581 4971 4693 5406
1709 9 2 3 1 846 845 1586 5407 3728 4805
1710 9 2 3 1 641 640 642 5408 4573 5409
1711 9 2 3 1 1017 1016 1018 5410 3153 5411
1712 9 2 3 1 1305 1304 1306 5412 3918 5413
1713 9 2 3 1 1812 132 2137 5414 5415 5416
1714 9 2 3 1 506 88 1714 5358 5417 5418
1715 9 2 3 1 787 786 886 4297 5419 4434
1716 9 2 3 1 706 688 707 3948 5420 4914
1717 9 2 3 1 609 610 611 4936 4770 5421
1718 9 2 3 1 1590 995 1591 4619 5254 5065
1719 9 2 3 1 533 534 535 5422 5423 4370
1720 9 2 3 1 677 1353 1356 3230 5007 3827
1721 9 2 3 1 1573 1354 1582 4361 3021 5424
1722 9 2 3 1 1020 1074 1075 4012 4814 5425
1723 9 2 3 1 1853 1756 1987 4139 5426 5427
1724 9 2 3 1 844 845 846 4464 5407 5428
1725 9 2 3 1 1227 1260 1530 5429 5430 3374
1726 9 2 3 1 515 512 1523 4149 4865 5431
1727 9 2 3 1 1158 963 1159 4451 5432 5051
1728 9 2 3 1 1755 1271 1756 5433 5434 3500
1729 9 2 3 1 926 927 928 5013 4945 5435
1730 9 2 3 1 1038 1047 1048 4558 5110 5436
1731 9 2 3 1 1350 1704 1715 2584 3813 5437
1732 9 2 3 1 1318 1316 1319 4473 3224 5438
1733 9 2 3 1 1137 1314 1720 4084 4363 4673
1734 9 2 3 1 548 547 549 4663 5439 4781
1735 9 2 3 1 132 1685 2137 5370 5440 5415
1736 9 2 3 1 792 791 793 4380 5441 4625
1737 9 2 3 1 1606 1348 1993 2573 5442 5443
1738 9 2 3 1 90 91 1696 110 5322 4295
1739 9 2 3 1 1517 499 1728 4243 4109 5444
1740 9 2 3 1 1249 1247 1269 5445 5446 5447
1741 9 2 3 1 1107 1106 1108 5448 4508 5449
1742 9 2 3 1 1270 1269 1271 5450 5451 5452
1743 9 2 3 1 1053 894 1742 4791 4975 4272
1744 9 2 3 1 1403 1404 1958 4775 4887 5453
1745 9 2 3 1 458 1498 1501 4263 5119 4477
1746 9 2 3 1 515 1523 1830 5431 2590 5454
1747 9 2 3 1 1293 1938 1971 5455 3049 2388
1748 9 2 3 1 620 619 621 5456 2902 5457
1749 9 2 3 1 497 1527 2024 3820 3126 4855
1750 9 2 3 1 1088 1279 2138 4894 5458 5355
1751 9 2 3 1 1596 495 2026 2362 5459 2867
1752 9 2 3 1 1475 1473 2074 4352 4703 5460
1753 9 2 3 1 1282 1283 1371 4638 5461 5462
1754 9 2 3 1 1418 1417 1848 3698 5463 5464
1755 9 2 3 1 1718 1159 2016 5465 5466 5467
1756 9 2 3 1 1386 681 1387 2836 3594 5194
1757 9 2 3 1 737 738 739 5468 5469 4201
1758 9 2 3 1 1584 1309 1945 4823 5470 3246
1759 9 2 3 1 643 642 644 5471 4645 5472
1760 9 2 3 1 1756 1271 1987 5434 5473 5426
1761 9 2 3 1 1551 1539 1552 5474 5475 3249
1762 9 2 3 1 928 929 930 4946 4957 5476
1763 9 2 3 1 1679 1680 1897 4467 5477 5478
1764 9 2 3 1 732 729 733 4564 5479 4677
1765 9 2 3 1 756 879 1778 5480 5481 5264
1766 9 2 3 1 1269 1247 1764 5446 5482 4483
1767 9 2 3 1 1212 959 1482 5483 5484 5485
1768 9 2 3 1 1477 1476 1478 5486 5487 5488
1769 9 2 3 1 1279 1278 2138 2601 4235 5458
1770 9 2 3 1 778 870 902 5489 5490 4053
1771 9 2 3 1 930 931 966 4958 5010 5491
1772 9 2 3 1 581 582 583 4694 4831 5492
1773 9 2 3 1 699 697 721 4442 5493 4491
1774 9 2 3 1 611 612 613 4771 4901 5494
1775 9 2 3 1 550 549 551 4782 5495 4880
1776 9 2 3 1 1631 1369 1961 2375 5496 5497
1777 9 2 3 1 741 744 1802 4450 5498 4788
1778 9 2 3 1 905 883 906 5098 5499 5019
1779 9 2 3 1 1282 1513 2170 5500 4278 5501
1780 9 2 3 1 537 539 2039 5502 2629 5503
1781 9 2 3 1 624 621 625 5504 4279 5505
1782 9 2 3 1 1471 975 1693 5200 5506 5507
1783 9 2 3 1 1238 1237 1410 5508 2976 5509
1784 9 2 3 1 906 908 1587 5510 4455 5511
1785 9 2 3 1 1035 1036 1037 5103 5080 5512
1786 9 2 3 1 1431 1430 1805 4838 2991 3299
1787 9 2 3 1 1189 774 1758 5513 5514 5515
1788 9 2 3 1 1676 65 1816 5352 5516 5398
1789 9 2 3 1 244 243 1624 275 5517 5518
1790 9 2 3 1 1024 1018 1025 5519 4829 5520
1791 9 2 3 1 909 1297 2059 3545 5521 3993
1792 9 2 3 1 858 857 859 5522 4725 5523
1793 9 2 3 1 1102 2016 2121 5524 5525 5526
1794 9 2 3 1 478 1701 2120 5527 5528 3476
1795 9 2 3 1 185 184 1629 216 5529 5530
1796 9 2 3 1 1482 959 2131 5484 5531 2793
1797 9 2 3 1 803 976 1743 5532 5533 5222
1798 9 2 3 1 1513 1282 2091 5500 5534 5535
1799 9 2 3 1 189 188 1639 220 5536 5537
1800 9 2 3 1 664 696 1161 5538 4682 5390
1801 9 2 3 1 374 373 1631 405 5539 5540
1802 9 2 3 1 1562 1603 1681 5151 5541 4848
1803 9 2 3 1 1442 1444 2204 2563 5542 5036
1804 9 2 3 1 1968 1644 2019 5543 5284 5544
1805 9 2 3 1 1056 1057 1058 4676 5059 5545
1806 9 2 3 1 181 180 1633 212 5546 5547
1807 9 2 3 1 1341 1337 1342 3963 2797 3631
1808 9 2 3 1 623 1510 2185 3855 5548 4981
1809 9 2 3 1 311 310 1630 342 5549 5550
1810 9 2 3 1 645 644 646 5551 4162 5552
1811 9 2 3 1 613 614 616 4902 5022 5553
1812 9 2 3 1 583 584 586 4832 4910 5554
1813 9 2 3 1 370 369 1635 401 5555 5556
1814 9 2 3 1 378 377 1641 409 5557 5558
1815 9 2 3 1 760 987 1865 5559 5560 5561
1816 9 2 3 1 501 1539 1551 4847 5474 4784
1817 9 2 3 1 193 192 1648 224 5562 5563
1818 9 2 3 1 1562 562 1867 3882 5155 5564
1819 9 2 3 1 966 967 968 5011 5108 5565
1820 9 2 3 1 1501 1502 1503 5120 5566 2827
1821 9 2 3 1 315 314 1642 346 5567 5568
1822 9 2 3 1 248 247 1645 279 5569 5570
1823 9 2 3 1 625 627 1786 4803 5571 5572
1824 9 2 3 1 746 733 747 4678 5573 4749
1825 9 2 3 1 1094 1533 2032 2408 5574 5575
1826 9 2 3 1 1318 1319 1647 5438 5576 5577
1827 9 2 3 1 319 318 1651 350 5578 5579
1828 9 2 3 1 1424 1050 1425 4329 5580 5144
1829 9 2 3 1 382 381 1650 413 5581 5582
1830 9 2 3 1 1382 1534 2035 5583 5584 5585
1831 9 2 3 1 242 241 1600 273 5586 5587
1832 9 2 3 1 797 798 1598 5588 4889 3839
1833 9 2 3 1 520 517 780 4318 5589 5590
1834 9 2 3 1 925 988 1140 5591 5592 5593
1835 9 2 3 1 358 357 1660 389 5594 5595
1836 9 2 3 1 236 235 1652 267 5596 5597
1837 9 2 3 1 362 361 1670 393 5598 5599
1838 9 2 3 1 173 172 1668 204 5600 5601
1839 9 2 3 1 169 168 1657 200 5602 5603
1840 9 2 3 1 1190 1191 1872 3800 4153 5604
1841 9 2 3 1 1419 1416 1687 3716 5605 5606
1842 9 2 3 1 689 1817 2171 5607 3798 5608
1843 9 2 3 1 916 915 917 4384 5609 4742
1844 9 2 3 1 776 774 1189 5610 5513 5611
1845 9 2 3 1 1524 518 1753 4545 5612 3388
1846 9 2 3 1 976 1162 1165 5613 5614 5615
1847 9 2 3 1 932 929 1746 4292 4810 3400
1848 9 2 3 1 848 849 850 4952 4816 5616
1849 9 2 3 1 795 793 796 4626 5617 4686
1850 9 2 3 1 295 294 1659 326 5618 5619
1851 9 2 3 1 1340 1464 1465 4346 5620 5621
1852 9 2 3 1 586 587 588 4911 5008 5622
1853 9 2 3 1 299 298 1669 330 5623 5624
1854 9 2 3 1 368 367 1613 399 5625 5626
1855 9 2 3 1 131 132 1812 151 5414 5627
1856 9 2 3 1 26 27 1752 46 5628 5629
1857 9 2 3 1 720 810 1699 5630 5631 5000
1858 9 2 3 1 535 536 537 5632 5633 5634
1859 9 2 3 1 794 2007 2076 3088 5635 5636
1860 9 2 3 1 925 1140 1795 5593 3927 5637
1861 9 2 3 1 995 994 996 5187 5638 5253
1862 9 2 3 1 955 1372 2104 2888 5639 5640
1863 9 2 3 1 2054 471 2192 5641 5642 5643
1864 9 2 3 1 305 304 1607 336 5644 5645
1865 9 2 3 1 739 740 741 5646 5647 4787
1866 9 2 3 1 1849 1956 2050 4870 5648 5649
1867 9 2 3 1 506 1578 1816 5650 5399 5651
1868 9 2 3 1 1142 1143 1207 5652 5653 5654
1869 9 2 3 1 797 796 798 4687 5655 5588
1870 9 2 3 1 1081 1778 2012 4794 5656 4214
1871 9 2 3 1 1422 1744 2197 5657 5658 5659
1872 9 2 3 1 511 513 1044 4570 5337 3221
1873 9 2 3 1 1229 1230 1783 4119 5660 3611
1874 9 2 3 1 1312 1532 1765 4754 2894 4130
1875 9 2 3 1 1362 1363 1364 4600 4806 5661
1876 9 2 3 1 671 585 1726 5662 5663 5664
1877 9 2 3 1 1097 1432 2154 2341 5665 5666
1878 9 2 3 1 1192 864 2116 3323 2816 5667
1879 9 2 3 1 647 646 648 5668 4079 5669
1880 9 2 3 1 1561 1136 2085 4341 3166 5670
1881 9 2 3 1 1140 1141 1142 5671 5672 5673
1882 9 2 3 1 985 867 1749 3496 4174 4978
1883 9 2 3 1 88 89 1714 108 5220 5417
1884 9 2 3 1 627 630 1786 5674 5675 5571
1885 9 2 3 1 1075 1076 1077 4815 5001 5676
1886 9 2 3 1 1683 1343 2096 4691 5016 5677
1887 9 2 3 1 1514 453 2146 4614 5678 5679
1888 9 2 3 1 889 1708 1908 3725 3831 5680
1889 9 2 3 1 999 1168 1754 5681 4773 5682
1890 9 2 3 1 998 1121 1175 5683 5684 4506
1891 9 2 3 1 588 589 590 5009 5106 5685
1892 9 2 3 1 525 522 528 4482 5686 5238
1893 9 2 3 1 433 1899 2094 5687 5688 2743
1894 9 2 3 1 1633 1394 1907 4229 5343 5689
1895 9 2 3 1 1114 1115 1116 5366 5328 5690
1896 9 2 3 1 1220 1521 2179 5691 3971 5692
1897 9 2 3 1 665 687 1750 3684 5134 3723
1898 9 2 3 1 520 780 1841 5590 5693 5694
1899 9 2 3 1 801 800 827 5047 5695 4863
1900 9 2 3 1 725 693 1828 4967 5696 5697
1901 9 2 3 1 836 834 1495 5698 5074 3719
1902 9 2 3 1 634 632 2143 4123 5699 4609
1903 9 2 3 1 817 769 1176 5700 5701 3762
1904 9 2 3 1 1218 1863 2053 5702 5204 3551
1905 9 2 3 1 748 747 749 4750 5703 4924
1906 9 2 3 1 1067 1184 1185 4439 5704 5705
1907 9 2 3 1 1528 873 2123 2283 5706 5707
1908 9 2 3 1 552 551 553 4881 5708 5141
1909 9 2 3 1 1168 888 1845 5709 5710 5711
1910 9 2 3 1 1420 962 1973 3741 5712 5713
1911 9 2 3 1 720 803 810 5714 5221 5630
1912 9 2 3 1 773 768 2162 5715 5217 5716
1913 9 2 3 1 968 969 972 5109 5245 5717
1914 9 2 3 1 828 827 889 4864 5718 4964
1915 9 2 3 1 1048 1049 1105 5111 5312 5719
1916 9 2 3 1 622 1720 1860 5720 4365 5721
1917 9 2 3 1 1445 1443 1768 4648 5722 2545
1918 9 2 3 1 568 566 569 5723 3662 5724
1919 9 2 3 1 637 638 639 4630 5212 5725
1920 9 2 3 1 630 629 631 5726 4521 5727
1921 9 2 3 1 708 707 710 4915 5728 5072
1922 9 2 3 1 860 859 861 5729 4221 5730
1923 9 2 3 1 1596 1150 1604 4447 3889 2718
1924 9 2 3 1 1364 1365 1446 4807 5731 5732
1925 9 2 3 1 1152 1151 1153 4657 5733 4883
1926 9 2 3 1 931 932 1775 4293 5734 4705
1927 9 2 3 1 1641 1440 1975 3681 5735 5736
1928 9 2 3 1 915 887 1832 5244 5737 5738
1929 9 2 3 1 850 851 852 4817 5054 5739
1930 9 2 3 1 1044 1045 1201 5338 5386 5740
1931 9 2 3 1 841 839 2098 4304 4569 3713
1932 9 2 3 1 766 884 1761 3432 5078 4096
1933 9 2 3 1 1905 1310 2075 5741 5742 5743
1934 9 2 3 1 427 1561 2085 4948 5670 3669
1935 9 2 3 1 702 682 703 5744 5745 5746
1936 9 2 3 1 1537 449 1900 4019 5747 5748
1937 9 2 3 1 893 819 894 5749 4974 5750
1938 9 2 3 1 818 820 821 5751 5752 4331
1939 9 2 3 1 50 504 1920 5168 3778 5753
1940 9 2 3 1 1201 1202 1324 5387 5754 5755
1941 9 2 3 1 813 812 814 5756 4089 5757
1942 9 2 3 1 1202 1203 1759 4685 5130 5758
1943 9 2 3 1 1028 1027 1029 5759 5038 5760
1944 9 2 3 1 653 657 992 5761 3898 3900
1945 9 2 3 1 1446 1365 1697 5731 5027 5762
1946 9 2 3 1 1645 1396 2026 2494 2780 5763
1947 9 2 3 1 1140 1142 1719 5673 5764 3926
1948 9 2 3 1 762 703 763 5765 3815 5766
1949 9 2 3 1 2036 809 2040 5767 5768 5769
1950 9 2 3 1 1060 1061 1062 5113 5163 5770
1951 9 2 3 1 1350 1306 1584 5771 4824 3005
1952 9 2 3 1 1032 1031 1033 5772 5773 5774
1953 9 2 3 1 975 1111 1693 5775 5776 5506
1954 9 2 3 1 20 21 1931 40 5777 5778
1955 9 2 3 1 1051 894 1052 5779 4790 5780
1956 9 2 3 1 1239 989 1851 5781 5782 5783
1957 9 2 3 1 707 2057 2189 5784 5785 5786
1958 9 2 3 1 760 764 987 5787 5788 5559
1959 9 2 3 1 1033 1031 1575 5773 5340 4891
1960 9 2 3 1 570 569 571 5789 4065 5790
1961 9 2 3 1 1163 977 1164 5791 5792 5793
1962 9 2 3 1 772 768 773 5794 5715 5795
1963 9 2 3 1 711 710 714 5073 5796 5126
1964 9 2 3 1 938 939 940 4603 4993 5797
1965 9 2 3 1 1120 1516 1825 5798 5799 5800
1966 9 2 3 1 1092 981 1272 5801 5802 5803
1967 9 2 3 1 1058 1059 1060 5060 5112 5804
1968 9 2 3 1 972 973 1013 5246 5292 5805
1969 9 2 3 1 1112 1299 1409 5806 5807 5808
1970 9 2 3 1 1013 1014 1015 5293 5395 5809
1971 9 2 3 1 692 712 1778 3399 5265 4793
1972 9 2 3 1 918 917 919 4743 5810 4906
1973 9 2 3 1 1087 1538 2114 2749 5811 5812
1974 9 2 3 1 2068 1889 2082 5813 5814 5815
1975 9 2 3 1 963 906 1587 5020 5511 5816
1976 9 2 3 1 256 255 1689 287 5817 5818
1977 9 2 3 1 1730 992 1732 2833 3899 5819
1978 9 2 3 1 1563 1207 2167 5820 5821 5822
1979 9 2 3 1 1181 1199 1330 4328 5229 5823
1980 9 2 3 1 1167 1153 1408 4884 5824 5825
1981 9 2 3 1 765 761 768 5826 5827 5828
1982 9 2 3 1 892 1235 1859 5829 5830 5831
1983 9 2 3 1 962 1402 2043 4200 5832 5833
1984 9 2 3 1 1017 1018 1024 5411 5519 5834
1985 9 2 3 1 1095 1083 1096 5835 4359 5836
1986 9 2 3 1 572 571 573 5837 4597 5838
1987 9 2 3 1 891 1686 1868 4631 5282 5839
1988 9 2 3 1 924 763 926 5840 5012 5841
1989 9 2 3 1 1042 899 1128 5842 5843 5844
1990 9 2 3 1 885 1706 1898 5845 2437 5846
1991 9 2 3 1 1484 1485 2003 4879 5847 3266
1992 9 2 3 1 1521 1220 2101 5691 5848 5849
1993 9 2 3 1 649 648 651 5850 4485 5851
1994 9 2 3 1 947 1139 1325 3794 3694 5852
1995 9 2 3 1 590 591 592 5107 5330 5853
1996 9 2 3 1 1038 1048 1780 5436 5854 5855
1997 9 2 3 1 1369 1267 1961 4248 4080 5496
1998 9 2 3 1 904 1005 2111 3342 5856 2281
1999 9 2 3 1 1512 1236 2102 5857 5858 3851
2000 9 2 3 1 949 890 964 4092 5859 5332
2001 9 2 3 1 600 599 601 5860 2784 5861
2002 9 2 3 1 866 1531 1927 2449 2524 5862
2003 9 2 3 1 1744 779 2197 5863 5864 5658
2004 9 2 3 1 616 617 618 5023 5380 5865
2005 9 2 3 1 897 855 2125 3929 5335 5866
2006 9 2 3 1 975 978 1111 5867 5868 5775
2007 9 2 3 1 1130 1514 2146 2830 5679 5869
2008 9 2 3 1 1527 1130 2015 3943 5870 5404
2009 9 2 3 1 1015 1016 1017 5396 5410 5871
2010 9 2 3 1 1166 1164 1713 5872 2239 5873
2011 9 2 3 1 53 54 2105 73 4368 5874
2012 9 2 3 1 1064 1062 1711 5875 5876 4052
2013 9 2 3 1 1236 1512 2169 5857 5877 5878
2014 9 2 3 1 1380 1288 2030 4245 5879 5880
2015 9 2 3 1 908 974 975 5881 5882 5199
2016 9 2 3 1 906 907 908 5883 5884 5510
2017 9 2 3 1 1226 1227 1468 5885 2737 5886
2018 9 2 3 1 1077 1078 1079 5002 5181 5887
2019 9 2 3 1 1313 1615 1978 5888 4990 5889
2020 9 2 3 1 453 1829 2146 5890 5891 5678
2021 9 2 3 1 529 528 530 5239 5892 5378
2022 9 2 3 1 1702 454 2168 4495 4499 5893
2023 9 2 3 1 1179 1593 2165 2965 5894 5895
2024 9 2 3 1 1682 26 1752 5316 5629 2879
2025 9 2 3 1 554 553 557 5142 5896 5272
2026 9 2 3 1 1128 899 1616 5843 5897 5898
2027 9 2 3 1 1426 1425 1427 5145 5899 5294
2028 9 2 3 1 920 919 921 4907 5900 5062
2029 9 2 3 1 976 1165 1743 5615 5901 5533
2030 9 2 3 1 533 531 534 4763 5902 5422
2031 9 2 3 1 1293 1379 1938 4186 5903 5455
2032 9 2 3 1 830 814 831 5904 4436 5905
2033 9 2 3 1 1224 1010 1228 5906 5907 3489
2034 9 2 3 1 660 684 685 5908 5909 4559
2035 9 2 3 1 1273 2027 2107 2987 4256 5279
2036 9 2 3 1 741 742 743 5910 5911 4448
2037 9 2 3 1 1102 875 1718 5912 5376 5913
2038 9 2 3 1 1533 1686 2032 4858 4633 5574
2039 9 2 3 1 1731 650 2058 3347 5914 5915
2040 9 2 3 1 1688 1239 1851 4670 5783 4055
2041 9 2 3 1 852 853 854 5055 5165 5916
2042 9 2 3 1 1034 1033 1035 5917 5102 5918
2043 9 2 3 1 1112 978 1298 5919 5920 5921
2044 9 2 3 1 912 811 2117 4008 3569 5922
2045 9 2 3 1 1262 1261 1518 5923 5924 5925
2046 9 2 3 1 1562 1867 2173 5564 5926 5152
2047 9 2 3 1 1020 1075 1819 5425 5927 5928
2048 9 2 3 1 735 731 736 4553 5929 5341
2049 9 2 3 1 910 1580 1956 2724 5930 5931
2050 9 2 3 1 1185 1184 1730 5704 5932 5933
2051 9 2 3 1 1228 1010 1890 5907 5934 5032
2052 9 2 3 1 750 749 751 4925 5935 5138
2053 9 2 3 1 1021 806 1481 4340 5048 5936
2054 9 2 3 1 655 652 656 5937 5938 5939
2055 9 2 3 1 1258 1609 1610 5372 5940 2804
2056 9 2 3 1 719 671 1726 5941 5664 2895
2057 9 2 3 1 1595 1823 2005 2808 4427 5942
2058 9 2 3 1 804 723 805 5943 5944 5945
2059 9 2 3 1 715 714 730 5127 2418 5288
2060 9 2 3 1 1540 1480 2127 3502 5324 5946
2061 9 2 3 1 1011 1225 1226 5947 5948 5949
2062 9 2 3 1 700 671 719 5950 5941 5951
2063 9 2 3 1 593 595 596 4664 5384 5952
2064 9 2 3 1 1105 1106 1107 5313 5448 5953
2065 9 2 3 1 1870 1574 2134 4117 5954 5955
2066 9 2 3 1 1113 1066 1114 5956 5365 5957
2067 9 2 3 1 1065 1064 1066 5958 4366 5959
2068 9 2 3 1 1165 1162 1367 5614 5960 5961
2069 9 2 3 1 1140 988 1141 5592 5962 5671
2070 9 2 3 1 835 834 836 5963 5698 5964
2071 9 2 3 1 1142 1141 1143 5672 5965 5652
2072 9 2 3 1 954 1550 2157 5966 4505 5967
2073 9 2 3 1 1503 1502 1747 5566 5968 3024
2074 9 2 3 1 558 557 563 5273 5969 5348
2075 9 2 3 1 1476 1986 2036 5970 2823 5971
2076 9 2 3 1 1122 1156 1549 3817 5972 5973
2077 9 2 3 1 1449 1721 2133 5974 5975 4372
2078 9 2 3 1 1577 1428 1603 5148 5976 5977
2079 9 2 3 1 782 788 789 5978 5979 4550
2080 9 2 3 1 1111 978 1112 5868 5919 5980
2081 9 2 3 1 1241 1166 1578 5981 5982 5983
2082 9 2 3 1 1812 1242 1900 5984 5985 5986
2083 9 2 3 1 821 880 881 5987 5988 3617
2084 9 2 3 1 1395 1271 1755 5989 5433 2219
2085 9 2 3 1 524 527 808 4519 5990 4836
2086 9 2 3 1 1029 1031 1032 5347 5772 5991
2087 9 2 3 1 1143 1261 1262 5992 5923 5993
2088 9 2 3 1 507 49 1920 5361 5994 5995
2089 9 2 3 1 62 63 1736 82 5137 2974
2090 9 2 3 1 535 534 536 5423 5996 5632
2091 9 2 3 1 1207 1563 1919 5820 5997 4941
2092 9 2 3 1 1730 1184 1731 5932 4954 2834
2093 9 2 3 1 537 538 539 5998 5999 5502
2094 9 2 3 1 1516 1068 2108 2502 6000 6001
2095 9 2 3 1 776 1189 1751 5611 6002 6003
2096 9 2 3 1 1315 1318 2092 4474 6004 6005
2097 9 2 3 1 1249 1269 1270 5447 5450 6006
2098 9 2 3 1 1285 1286 1287 6007 6008 5320
2099 9 2 3 1 1474 1476 1477 4956 5486 6009
2100 9 2 3 1 1440 1264 1975 3610 4129 5735
2101 9 2 3 1 1495 1071 1854 4576 6010 2993
2102 9 2 3 1 1112 1298 1299 5921 6011 5806
2103 9 2 3 1 854 855 856 5166 5297 6012
2104 9 2 3 1 1025 1027 1028 5247 5759 6013
2105 9 2 3 1 1554 1552 1930 4699 6014 6015
2106 9 2 3 1 874 773 875 6016 5209 6017
2107 9 2 3 1 1163 1166 1241 6018 5981 6019
2108 9 2 3 1 1276 1277 1313 6020 6021 3466
2109 9 2 3 1 730 1576 2188 2420 6022 6023
2110 9 2 3 1 466 1808 1883 6024 6025 4943
2111 9 2 3 1 1110 1237 1238 4827 5508 6026
2112 9 2 3 1 642 1368 2089 4574 6027 5117
2113 9 2 3 1 1327 1519 2080 4183 6028 4892
2114 9 2 3 1 1176 769 1786 5701 6029 6030
2115 9 2 3 1 1032 1034 1087 6031 6032 6033
2116 9 2 3 1 1163 1164 1166 5793 5872 6018
2117 9 2 3 1 1682 1299 2110 2878 6034 6035
2118 9 2 3 1 608 607 609 6036 4934 6037
2119 9 2 3 1 1486 1457 2156 4409 6038 5363
2120 9 2 3 1 61 62 2004 81 2975 6039
2121 9 2 3 1 139 140 2051 159 3616 6040
2122 9 2 3 1 1149 1397 1722 4094 6041 6042
2123 9 2 3 1 1331 1382 2035 4440 5585 6043
2124 9 2 3 1 1079 1080 1180 5182 5205 6044
2125 9 2 3 1 243 242 417 274 6045 6046
2126 9 2 3 1 1797 1419 1985 6047 6048 6049
2127 9 2 3 1 680 1694 1831 4556 4233 6050
2128 9 2 3 1 1647 1319 1697 5576 6051 4937
2129 9 2 3 1 1506 1700 1774 4416 6052 4962
2130 9 2 3 1 881 882 883 6053 6054 5097
2131 9 2 3 1 825 993 994 6055 6056 5186
2132 9 2 3 1 974 907 980 6057 6058 6059
2133 9 2 3 1 1188 1284 1285 6060 6061 5179
2134 9 2 3 1 996 1187 1188 6062 6063 5255
2135 9 2 3 1 823 824 825 6064 6065 5157
2136 9 2 3 1 1465 1464 1913 5620 3279 5049
2137 9 2 3 1 1114 1116 1438 5690 6066 6067
2138 9 2 3 1 1726 585 1737 5663 6068 6069
2139 9 2 3 1 1171 1747 1838 6070 6071 6072
2140 9 2 3 1 464 142 1979 5306 6073 5402
2141 9 2 3 1 654 1705 2174 2641 6074 6075
2142 9 2 3 1 184 183 426 215 6076 6077
2143 9 2 3 1 310 309 442 341 6078 6079
2144 9 2 3 1 373 372 434 404 6080 6081
2145 9 2 3 1 1517 1728 1729 5444 2907 2790
2146 9 2 3 1 1062 1067 1711 5164 6082 5876
2147 9 2 3 1 933 896 934 6083 4649 6084
2148 9 2 3 1 1248 1250 1276 6085 6086 6087
2149 9 2 3 1 953 875 1102 6088 5912 6089
2150 9 2 3 1 574 573 575 6090 6091 6092
2151 9 2 3 1 1510 1511 2141 3381 6093 6094
2152 9 2 3 1 1389 1705 1706 2825 2642 3001
2153 9 2 3 1 1270 1271 1395 5452 5989 6095
2154 9 2 3 1 752 751 753 5139 6096 5235
2155 9 2 3 1 1444 1520 1889 3620 6097 6098
2156 9 2 3 1 1580 1902 2050 5369 6099 6100
2157 9 2 3 1 1092 1436 1738 6101 6102 6103
2158 9 2 3 1 953 1103 1171 6104 6105 6106
2159 9 2 3 1 1539 1790 1930 3014 6107 6108
2160 9 2 3 1 602 601 603 6109 4801 6110
2161 9 2 3 1 449 131 1812 4765 5627 6111
2162 9 2 3 1 975 974 978 5882 6112 5867
2163 9 2 3 1 1107 1108 1130 5449 6113 6114
2164 9 2 3 1 535 537 1946 5634 6115 6116
2165 9 2 3 1 188 187 425 219 6117 6118
2166 9 2 3 1 314 313 441 345 6119 6120
2167 9 2 3 1 377 376 433 408 6121 6122
2168 9 2 3 1 180 179 427 211 6123 6124
2169 9 2 3 1 306 305 443 337 6125 6126
2170 9 2 3 1 369 368 435 400 6127 6128
2171 9 2 3 1 1477 1478 1479 5488 2772 6129
2172 9 2 3 1 1143 1141 1261 5965 6130 5992
2173 9 2 3 1 247 246 419 278 6131 6132
2174 9 2 3 1 1162 977 1163 6133 5791 6134
2175 9 2 3 1 1092 1272 1436 5803 6135 6101
2176 9 2 3 1 1820 1558 1964 3730 5357 6136
2177 9 2 3 1 940 941 942 4994 5075 6137
2178 9 2 3 1 856 857 858 5298 5522 6138
2179 9 2 3 1 243 417 1624 6046 6139 5517
2180 9 2 3 1 1063 1065 1120 6140 6141 6142
2181 9 2 3 1 1302 1304 1305 4376 5412 6143
2182 9 2 3 1 1063 1062 1064 6144 5875 6145
2183 9 2 3 1 192 191 424 223 6146 6147
2184 9 2 3 1 381 380 432 412 6148 6149
2185 9 2 3 1 318 317 440 349 6150 6151
2186 9 2 3 1 1171 1172 1924 6152 6153 6154
2187 9 2 3 1 1719 1142 1925 5764 6155 4190
2188 9 2 3 1 693 678 1828 3456 5172 5696
2189 9 2 3 1 754 753 777 5236 6156 5314
2190 9 2 3 1 1065 1066 1113 5959 5956 6157
2191 9 2 3 1 1034 1035 1039 5918 6158 6159
2192 9 2 3 1 6 195 423 227 6160 6161
2193 9 2 3 1 5 384 431 416 6162 6163
2194 9 2 3 1 7 258 447 290 6164 6165
2195 9 2 3 1 8 321 439 353 6166 6167
2196 9 2 3 1 239 238 418 270 6168 6169
2197 9 2 3 1 891 725 1828 6170 5697 6171
2198 9 2 3 1 908 907 974 5884 6057 5881
2199 9 2 3 1 1287 1286 1736 6008 2933 2591
2200 9 2 3 1 1028 1029 1723 5760 6172 6173
2201 9 2 3 1 737 736 738 5342 6174 5468
2202 9 2 3 1 899 861 1616 6175 5232 5897
2203 9 2 3 1 539 540 541 6176 6177 4860
2204 9 2 3 1 926 928 1129 5435 6178 6179
2205 9 2 3 1 231 230 422 262 6180 6181
2206 9 2 3 1 168 167 430 199 6182 6183
2207 9 2 3 1 294 293 446 325 6184 6185
2208 9 2 3 1 357 356 438 388 6186 6187
2209 9 2 3 1 141 464 2078 5307 6188 6189
2210 9 2 3 1 639 640 641 5213 5408 6190
2211 9 2 3 1 235 234 421 266 6191 6192
2212 9 2 3 1 1032 1033 1034 5774 5917 6031
2213 9 2 3 1 245 244 471 276 6193 6194
2214 9 2 3 1 183 182 1634 214 6195 6196
2215 9 2 3 1 172 171 429 203 6197 6198
2216 9 2 3 1 298 297 445 329 6199 6200
2217 9 2 3 1 361 360 437 392 6201 6202
2218 9 2 3 1 176 175 428 207 6203 6204
2219 9 2 3 1 302 301 444 333 6205 6206
2220 9 2 3 1 365 364 436 396 6207 6208
2221 9 2 3 1 775 822 823 6209 6210 5082
2222 9 2 3 1 922 921 1002 5063 6211 3314
2223 9 2 3 1 1094 659 2021 4926 6212 5185
2224 9 2 3 1 372 371 1637 403 6213 6214
2225 9 2 3 1 251 250 420 282 6215 6216
2226 9 2 3 1 309 308 1636 340 6217 6218
2227 9 2 3 1 1196 1023 1253 4507 6219 6220
2228 9 2 3 1 1909 721 2063 6221 6222 6223
2229 9 2 3 1 246 245 1625 277 6224 6225
2230 9 2 3 1 1158 1407 1843 5053 6226 4588
2231 9 2 3 1 618 619 620 5381 5456 6227
2232 9 2 3 1 892 1233 1235 6228 6229 5829
2233 9 2 3 1 186 185 468 217 6230 6231
2234 9 2 3 1 375 374 469 406 6232 6233
2235 9 2 3 1 312 311 470 343 6234 6235
2236 9 2 3 1 1570 980 2159 3170 6236 6237
2237 9 2 3 1 313 312 1632 344 6238 6239
2238 9 2 3 1 1215 911 2178 4821 6240 5344
2239 9 2 3 1 772 773 874 5795 6016 6241
2240 9 2 3 1 925 981 988 6242 6243 5591
2241 9 2 3 1 182 181 465 213 6244 6245
2242 9 2 3 1 308 307 466 339 6246 6247
2243 9 2 3 1 371 370 467 402 6248 6249
2244 9 2 3 1 837 836 838 6250 4595 6251
2245 9 2 3 1 184 426 1629 6077 6252 5529
2246 9 2 3 1 241 240 479 272 6253 6254
2247 9 2 3 1 620 621 624 5457 5504 6255
2248 9 2 3 1 1178 1529 1818 4695 3966 4503
2249 9 2 3 1 778 777 870 5315 6256 5489
2250 9 2 3 1 942 943 944 5076 5100 6257
2251 9 2 3 1 1680 1779 1897 6258 6259 5477
2252 9 2 3 1 143 144 1788 163 6260 6261
2253 9 2 3 1 373 434 1631 6081 2376 5539
2254 9 2 3 1 976 977 1162 6262 6133 5613
2255 9 2 3 1 906 883 907 5499 6263 5883
2256 9 2 3 1 429 1762 2122 6264 6265 4523
2257 9 2 3 1 191 190 1640 222 6266 6267
2258 9 2 3 1 596 597 1709 5385 6268 6269
2259 9 2 3 1 999 888 1168 6270 5709 5681
2260 9 2 3 1 240 239 1623 271 6271 6272
2261 9 2 3 1 1441 1398 1915 5275 3395 6273
2262 9 2 3 1 317 316 1643 348 6274 6275
2263 9 2 3 1 310 442 1630 6079 6276 5549
2264 9 2 3 1 1360 1358 2172 3187 6277 6278
2265 9 2 3 1 190 189 472 221 6279 6280
2266 9 2 3 1 379 378 473 410 6281 6282
2267 9 2 3 1 316 315 474 347 6283 6284
2268 9 2 3 1 510 509 1949 3051 4537 4323
2269 9 2 3 1 576 575 577 6285 6286 6287
2270 9 2 3 1 641 642 643 5409 5471 6288
2271 9 2 3 1 537 536 538 5633 6289 5998
2272 9 2 3 1 627 629 630 4947 5726 5674
2273 9 2 3 1 1330 1331 1332 5230 6290 2391
2274 9 2 3 1 195 194 1649 226 6291 6292
2275 9 2 3 1 702 703 762 5746 5765 6293
2276 9 2 3 1 762 924 925 6294 6295 6296
2277 9 2 3 1 779 739 2197 4202 5129 5864
2278 9 2 3 1 1555 1019 1939 3209 6297 2944
2279 9 2 3 1 249 248 495 280 6298 6299
2280 9 2 3 1 643 644 645 5472 5551 6300
2281 9 2 3 1 228 6 1618 259 6301 6302
2282 9 2 3 1 178 177 489 209 6303 6304
2283 9 2 3 1 304 303 490 335 6305 6306
2284 9 2 3 1 367 366 491 398 6307 6308
2285 9 2 3 1 366 365 1627 397 6309 6310
2286 9 2 3 1 241 479 1600 6254 6311 5586
2287 9 2 3 1 762 763 924 5766 5840 6294
2288 9 2 3 1 177 176 1626 208 6312 6313
2289 9 2 3 1 821 820 880 5752 6314 5987
2290 9 2 3 1 238 237 1653 269 6315 6316
2291 9 2 3 1 250 249 1646 281 6317 6318
2292 9 2 3 1 230 229 1662 261 6319 6320
2293 9 2 3 1 354 8 1621 385 6321 6322
2294 9 2 3 1 1552 1539 1930 5475 6108 6014
2295 9 2 3 1 1235 1236 1346 6323 6324 5175
2296 9 2 3 1 1024 1025 1767 5520 6325 6326
2297 9 2 3 1 645 646 647 5552 5668 6327
2298 9 2 3 1 1636 1544 2164 3106 6328 6329
2299 9 2 3 1 194 193 475 225 6330 6331
2300 9 2 3 1 383 382 476 414 6332 6333
2301 9 2 3 1 320 319 478 351 6334 6335
2302 9 2 3 1 165 5 1619 196 6336 6337
2303 9 2 3 1 866 1445 2046 4300 2704 2450
2304 9 2 3 1 180 427 1633 6124 3668 5546
2305 9 2 3 1 356 355 1665 387 6338 6339
2306 9 2 3 1 1577 1603 1873 5977 6340 3273
2307 9 2 3 1 234 233 1654 265 6341 6342
2308 9 2 3 1 167 166 1664 198 6343 6344
2309 9 2 3 1 464 1518 2086 5401 6345 6346
2310 9 2 3 1 291 7 1620 322 6347 6348
2311 9 2 3 1 360 359 1656 391 6349 6350
2312 9 2 3 1 364 363 1675 395 6351 6352
2313 9 2 3 1 369 435 1635 6128 6353 5555
2314 9 2 3 1 293 292 1667 324 6354 6355
2315 9 2 3 1 175 174 1671 206 6356 6357
2316 9 2 3 1 188 425 1639 6118 2684 5536
2317 9 2 3 1 765 768 772 5828 5794 6358
2318 9 2 3 1 297 296 1655 328 6359 6360
2319 9 2 3 1 578 577 579 6361 4970 6362
2320 9 2 3 1 237 236 480 268 6363 6364
2321 9 2 3 1 301 300 1673 332 6365 6366
2322 9 2 3 1 647 648 649 5669 5850 2747
2323 9 2 3 1 233 232 481 264 6367 6368
2324 9 2 3 1 170 169 483 201 6369 6370
2325 9 2 3 1 296 295 484 327 6371 6372
2326 9 2 3 1 359 358 485 390 6373 6374
2327 9 2 3 1 957 959 1212 4452 5483 4125
2328 9 2 3 1 624 625 769 5505 6375 6376
2329 9 2 3 1 229 228 482 260 6377 6378
2330 9 2 3 1 166 165 486 197 6379 6380
2331 9 2 3 1 355 354 488 386 6381 6382
2332 9 2 3 1 292 291 487 323 6383 6384
2333 9 2 3 1 1152 1546 2079 4462 6385 4697
2334 9 2 3 1 174 173 492 205 6386 6387
2335 9 2 3 1 300 299 493 331 6388 6389
2336 9 2 3 1 363 362 494 394 6390 6391
2337 9 2 3 1 893 894 1051 5750 5779 6392
2338 9 2 3 1 561 566 568 4845 5723 6393
2339 9 2 3 1 2016 1471 2121 6394 6395 5525
2340 9 2 3 1 1238 1410 1411 5509 2699 3081
2341 9 2 3 1 1113 1114 1739 5957 6396 2316
2342 9 2 3 1 1063 1064 1065 6145 5958 6140
2343 9 2 3 1 377 433 1641 6122 2742 5557
2344 9 2 3 1 1329 897 1988 4419 6397 6398
2345 9 2 3 1 314 441 1642 6120 2322 5567
2346 9 2 3 1 709 718 832 4755 6399 5367
2347 9 2 3 1 517 515 1830 4206 5454 6400
2348 9 2 3 1 1048 1197 1780 6401 2842 5854
2349 9 2 3 1 1272 981 1791 5802 6402 6403
2350 9 2 3 1 1617 1190 1872 4874 5604 4500
2351 9 2 3 1 103 104 1923 123 4746 6404
2352 9 2 3 1 232 231 1813 263 6405 6406
2353 9 2 3 1 662 564 663 4900 6407 2931
2354 9 2 3 1 1285 1284 1286 6061 3923 6007
2355 9 2 3 1 988 981 1092 6243 5801 6408
2356 9 2 3 1 803 804 976 6409 6410 5532
2357 9 2 3 1 705 706 1977 3949 4620 4081
2358 9 2 3 1 722 721 1909 4492 6221 6411
2359 9 2 3 1 579 581 1737 5406 6412 6413
2360 9 2 3 1 996 994 1187 5638 6414 6062
2361 9 2 3 1 247 419 1645 6132 2495 5569
2362 9 2 3 1 1244 1246 1531 6415 6416 2291
2363 9 2 3 1 965 915 1832 6417 5738 6418
2364 9 2 3 1 464 1738 2078 6419 6420 6188
2365 9 2 3 1 1029 1032 1723 5991 6421 6172
2366 9 2 3 1 1171 1103 1172 6105 4121 6152
2367 9 2 3 1 1173 1024 1242 6422 6423 6424
2368 9 2 3 1 1557 1602 1766 3796 3892 3863
2369 9 2 3 1 1154 1089 1259 4284 6425 6426
2370 9 2 3 1 1428 1427 1681 5295 6427 6428
2371 9 2 3 1 1587 1471 2016 4454 6394 6429
2372 9 2 3 1 543 541 555 5336 6430 6431
2373 9 2 3 1 1343 1154 1770 4264 6432 5015
2374 9 2 3 1 192 424 1648 6147 6433 5562
2375 9 2 3 1 1252 1179 2165 6434 5895 6435
2376 9 2 3 1 1188 1187 1284 6063 6436 6060
2377 9 2 3 1 1194 1193 1710 6437 6438 6439
2378 9 2 3 1 1054 1056 1068 5241 6440 6441
2379 9 2 3 1 597 599 600 4973 5860 6442
2380 9 2 3 1 925 924 981 6295 6443 6242
2381 9 2 3 1 318 440 1651 6151 6444 5578
2382 9 2 3 1 1037 1038 1780 5081 5855 6445
2383 9 2 3 1 381 432 1650 6149 6446 5581
2384 9 2 3 1 825 824 993 6065 6447 6055
2385 9 2 3 1 993 824 1131 6447 6448 6449
2386 9 2 3 1 608 984 1251 6450 6451 6452
2387 9 2 3 1 1588 1622 1763 4217 6453 6454
2388 9 2 3 1 611 613 615 5494 6455 6456
2389 9 2 3 1 1159 963 1587 5432 5816 6457
2390 9 2 3 1 739 738 740 5469 6458 5646
2391 9 2 3 1 258 257 1690 289 6459 6460
2392 9 2 3 1 976 804 977 6410 6461 6262
2393 9 2 3 1 1507 500 1892 4534 4531 2741
2394 9 2 3 1 983 964 1085 5333 6462 6463
2395 9 2 3 1 1167 1408 1703 5825 6464 4747
2396 9 2 3 1 771 812 813 4822 5756 6465
2397 9 2 3 1 953 1102 1103 6089 6466 6104
2398 9 2 3 1 1494 1493 2155 4433 6467 6468
2399 9 2 3 1 384 383 1772 415 6469 6470
2400 9 2 3 1 1932 701 2010 3354 4717 6471
2401 9 2 3 1 605 607 608 5389 6036 6472
2402 9 2 3 1 171 170 1762 202 6473 6474
2403 9 2 3 1 1128 1616 1717 5898 5243 6475
2404 9 2 3 1 649 651 652 5851 6476 6477
2405 9 2 3 1 367 491 1613 6308 6478 5625
2406 9 2 3 1 417 242 1600 6045 5587 6479
2407 9 2 3 1 1009 1220 2179 4932 5692 6480
2408 9 2 3 1 304 490 1607 6306 6481 5644
2409 9 2 3 1 357 438 1660 6187 6482 5594
2410 9 2 3 1 572 573 574 5838 6090 6483
2411 9 2 3 1 882 880 1193 6484 6485 6486
2412 9 2 3 1 578 585 664 6487 6488 6489
2413 9 2 3 1 770 717 2017 3956 3272 4493
2414 9 2 3 1 168 430 1657 6183 2961 5602
2415 9 2 3 1 235 421 1652 6192 6490 5596
2416 9 2 3 1 578 579 585 6362 6491 6487
2417 9 2 3 1 380 379 1810 411 6492 6493
2418 9 2 3 1 1099 1004 1421 4355 5170 6494
2419 9 2 3 1 946 944 1725 6495 6496 2688
2420 9 2 3 1 471 244 1624 6193 5518 6497
2421 9 2 3 1 361 437 1670 6202 6498 5598
2422 9 2 3 1 172 429 1668 6198 3475 5600
2423 9 2 3 1 592 593 1758 5331 6499 6500
2424 9 2 3 1 1622 439 1936 4216 6501 2916
2425 9 2 3 1 294 446 1659 6185 6502 5618
2426 9 2 3 1 1695 672 1944 3238 6503 4542
2427 9 2 3 1 720 723 803 6504 6505 5714
2428 9 2 3 1 630 631 667 5727 6506 6507
2429 9 2 3 1 1586 1362 1957 3297 6508 4612
2430 9 2 3 1 307 306 1808 338 6509 6510
2431 9 2 3 1 696 700 720 6511 6512 4999
2432 9 2 3 1 881 880 882 5988 6484 6053
2433 9 2 3 1 1313 1277 1615 6021 6513 5888
2434 9 2 3 1 1032 1087 1723 6033 6514 6421
2435 9 2 3 1 468 185 1629 6230 5530 6515
2436 9 2 3 1 570 571 572 5790 5837 6516
2437 9 2 3 1 930 966 997 5491 6517 6518
2438 9 2 3 1 298 445 1669 6200 2211 5623
2439 9 2 3 1 1542 452 2037 4211 6519 5084
2440 9 2 3 1 1305 1306 1350 5413 5771 6520
2441 9 2 3 1 989 1174 1851 6521 6522 5782
2442 9 2 3 1 635 637 654 5156 6523 6524
2443 9 2 3 1 469 374 1631 6232 5540 6525
2444 9 2 3 1 549 547 556 5439 6526 6527
2445 9 2 3 1 874 875 953 6017 6088 6528
2446 9 2 3 1 1025 1028 1767 6013 6529 6325
2447 9 2 3 1 600 601 602 5861 6109 6530
2448 9 2 3 1 1048 1105 1197 5719 6531 6401
2449 9 2 3 1 1017 1024 1173 5834 6422 6532
2450 9 2 3 1 470 311 1630 6234 5550 6533
2451 9 2 3 1 465 181 1633 6244 5547 6534
2452 9 2 3 1 597 600 1709 6442 6535 6268
2453 9 2 3 1 893 1051 1072 6392 6536 6537
2454 9 2 3 1 1512 675 2169 4478 4386 5877
2455 9 2 3 1 1164 977 1773 5792 6538 3560
2456 9 2 3 1 945 989 1239 6539 5781 6540
2457 9 2 3 1 467 370 1635 6248 5556 6541
2458 9 2 3 1 1072 1179 1252 6542 6434 6543
2459 9 2 3 1 1404 1135 1405 4774 5114 6544
2460 9 2 3 1 472 189 1639 6279 5537 6545
2461 9 2 3 1 818 819 820 6546 6547 5751
2462 9 2 3 1 435 368 1613 6127 5626 6548
2463 9 2 3 1 1690 1320 2090 5104 5224 6549
2464 9 2 3 1 65 66 1816 85 6550 5516
2465 9 2 3 1 576 577 578 6287 6361 6551
2466 9 2 3 1 602 759 760 6552 6553 6554
2467 9 2 3 1 997 1766 1804 2254 3893 6555
2468 9 2 3 1 664 671 696 6556 6557 5538
2469 9 2 3 1 684 702 716 6558 6559 6560
2470 9 2 3 1 1127 999 1754 6561 5682 3194
2471 9 2 3 1 303 302 1806 334 6562 6563
2472 9 2 3 1 1163 1241 1745 6019 2257 6564
2473 9 2 3 1 858 859 860 5523 5729 6565
2474 9 2 3 1 252 251 1798 283 6566 6567
2475 9 2 3 1 443 305 1607 6125 5645 6568
2476 9 2 3 1 720 700 723 6512 6569 6504
2477 9 2 3 1 724 1462 2053 4228 3012 6570
2478 9 2 3 1 803 723 804 6505 5943 6409
2479 9 2 3 1 696 671 700 6557 5950 6511
2480 9 2 3 1 772 874 952 6241 6571 6572
2481 9 2 3 1 1276 1250 1277 6086 3264 6020
2482 9 2 3 1 257 256 477 288 6573 6574
2483 9 2 3 1 577 575 2061 6286 6575 2345
2484 9 2 3 1 473 378 1641 6281 5558 6576
2485 9 2 3 1 1011 1226 1847 5949 4768 6577
2486 9 2 3 1 1075 1218 1819 6578 3550 5927
2487 9 2 3 1 1323 1968 2019 6579 5544 6580
2488 9 2 3 1 574 575 576 6092 6285 6581
2489 9 2 3 1 474 315 1642 6283 5568 6582
2490 9 2 3 1 253 252 496 284 6583 6584
2491 9 2 3 1 583 586 672 5554 6585 6586
2492 9 2 3 1 539 538 540 5999 6587 6176
2493 9 2 3 1 1247 1245 1764 6588 6589 5482
2494 9 2 3 1 668 1429 2135 4315 6590 6591
2495 9 2 3 1 495 248 1645 6298 5570 6592
2496 9 2 3 1 475 193 1648 6330 5563 4113
2497 9 2 3 1 805 723 1789 5944 6593 6594
2498 9 2 3 1 883 882 1811 6054 6595 6596
2499 9 2 3 1 27 2 2052 47 6597 6598
2500 9 2 3 1 2 48 2052 67 6599 6597
2501 9 2 3 1 1511 1750 1917 3724 6600 6601
2502 9 2 3 1 478 319 1651 6334 5579 6602
2503 9 2 3 1 847 846 848 6603 4951 6604
2504 9 2 3 1 476 382 1650 6332 5582 6605
2505 9 2 3 1 972 1013 1144 5805 6606 6607
2506 9 2 3 1 541 540 1734 6177 6608 6609
2507 9 2 3 1 823 822 824 6210 6610 6064
2508 9 2 3 1 1114 1438 1739 6067 3769 6396
2509 9 2 3 1 507 1920 2129 5995 6611 6612
2510 9 2 3 1 538 536 689 6289 6613 6614
2511 9 2 3 1 703 682 1978 5745 6615 4989
2512 9 2 3 1 1342 668 2135 2796 6591 6616
2513 9 2 3 1 1549 960 2199 3624 6617 6618
2514 9 2 3 1 649 652 653 6477 6619 2540
2515 9 2 3 1 674 1282 2170 5090 5501 6620
2516 9 2 3 1 480 236 1652 6363 5597 6621
2517 9 2 3 1 485 358 1660 6373 5595 6622
2518 9 2 3 1 1248 1247 1249 6623 5445 6624
2519 9 2 3 1 1448 1817 1959 2783 6625 6626
2520 9 2 3 1 483 169 1657 6369 5603 6627
2521 9 2 3 1 494 362 1670 6390 5599 6628
2522 9 2 3 1 492 173 1668 6386 5601 6629
2523 9 2 3 1 736 731 1833 5929 6630 6631
2524 9 2 3 1 756 785 879 4882 6632 5480
2525 9 2 3 1 902 870 903 5490 6633 2347
2526 9 2 3 1 1181 1330 1893 5823 3998 6634
2527 9 2 3 1 1162 1163 1745 6134 6564 6635
2528 9 2 3 1 1407 1815 1843 2305 3589 6226
2529 9 2 3 1 816 817 818 6636 6637 3915
2530 9 2 3 1 484 295 1659 6371 5619 6638
2531 9 2 3 1 764 761 765 6639 5826 6640
2532 9 2 3 1 1217 1312 1989 4713 6641 4723
2533 9 2 3 1 1060 1062 1063 5770 6144 6642
2534 9 2 3 1 608 609 984 6037 6643 6450
2535 9 2 3 1 1581 910 2025 2848 6644 6645
2536 9 2 3 1 493 299 1669 6388 5624 6646
2537 9 2 3 1 602 603 759 6110 6647 6552
2538 9 2 3 1 1534 1382 2176 5583 6648 6649
2539 9 2 3 1 20 1931 2165 5778 6650 6651
2540 9 2 3 1 760 761 764 6652 6639 5787
2541 9 2 3 1 568 569 570 5724 5789 6653
2542 9 2 3 1 860 861 899 5730 6175 6654
2543 9 2 3 1 1875 1698 2011 5003 6655 6656
2544 9 2 3 1 745 743 794 5093 6657 6658
2545 9 2 3 1 798 799 800 6659 6660 5046
2546 9 2 3 1 1001 1083 1095 4885 5835 5251
2547 9 2 3 1 882 1193 1194 6486 6437 6661
2548 9 2 3 1 820 819 893 6547 5749 6662
2549 9 2 3 1 768 761 1947 5827 6663 6664
2550 9 2 3 1 782 767 788 5058 6665 5978
2551 9 2 3 1 254 253 1691 285 6666 6667
2552 9 2 3 1 1472 909 2062 4389 3994 5257
2553 9 2 3 1 760 759 761 6553 6668 6652
2554 9 2 3 1 1072 1051 1179 6536 6669 6542
2555 9 2 3 1 944 947 1725 5101 6670 6496
2556 9 2 3 1 1042 1128 1240 5844 6671 6672
2557 9 2 3 1 255 254 448 286 6673 6674
2558 9 2 3 1 886 970 1133 6675 6676 6677
2559 9 2 3 1 1067 1185 1711 5705 2371 6082
2560 9 2 3 1 818 817 819 6637 3628 6546
2561 9 2 3 1 1734 540 1818 6608 6678 3965
2562 9 2 3 1 658 1974 1978 6679 6680 6681
2563 9 2 3 1 822 776 900 6682 6683 6684
2564 9 2 3 1 1159 1587 2016 6457 6429 5466
2565 9 2 3 1 1516 1120 2158 5798 6685 6686
2566 9 2 3 1 1367 1162 1745 5960 6635 3454
2567 9 2 3 1 66 3 2055 86 6687 6688
2568 9 2 3 1 3 87 2055 106 6689 6687
2569 9 2 3 1 1638 1797 1985 6690 6049 5099
2570 9 2 3 1 1425 1050 1846 5580 6691 6692
2571 9 2 3 1 1677 1563 2167 5233 5822 6693
2572 9 2 3 1 664 585 671 6488 5662 6556
2573 9 2 3 1 660 682 684 6694 6695 5908
2574 9 2 3 1 657 658 660 6696 6697 3183
2575 9 2 3 1 1 9 2060 28 6698 6699
2576 9 2 3 1 144 1 2060 164 6699 6700
2577 9 2 3 1 684 682 702 6695 5744 6558
2578 9 2 3 1 1050 526 1846 4196 5033 6691
2579 9 2 3 1 660 658 682 6697 6701 6694
2580 9 2 3 1 657 655 658 6702 6703 6696
2581 9 2 3 1 1019 1020 1819 4735 5928 6704
2582 9 2 3 1 1547 1044 2113 3222 6705 4194
2583 9 2 3 1 426 183 1634 6076 6196 2289
2584 9 2 3 1 653 655 657 6706 6702 5761
2585 9 2 3 1 434 372 1637 6080 6214 6707
2586 9 2 3 1 775 774 776 6708 5610 6709
2587 9 2 3 1 442 309 1636 6078 6218 6710
2588 9 2 3 1 741 740 742 5647 6711 5910
2589 9 2 3 1 574 576 809 6581 6712 6713
2590 9 2 3 1 764 765 910 6640 6714 6715
2591 9 2 3 1 1554 1930 1953 6015 6716 2648
2592 9 2 3 1 934 936 954 5226 6717 6718
2593 9 2 3 1 890 889 1908 4965 5680 6719
2594 9 2 3 1 1159 1718 2193 5465 6720 6721
2595 9 2 3 1 449 1812 1900 6111 5986 5747
2596 9 2 3 1 653 652 655 6619 5937 6706
2597 9 2 3 1 1151 1598 1967 3384 4628 6722
2598 9 2 3 1 1175 1121 1777 5684 6723 2696
2599 9 2 3 1 926 1129 1791 6179 6724 6725
2600 9 2 3 1 1746 927 2126 4809 2279 6726
2601 9 2 3 1 643 645 650 6300 6727 6728
2602 9 2 3 1 1226 1225 1227 5948 6729 5885
2603 9 2 3 1 522 520 1841 4408 5694 6730
2604 9 2 3 1 656 652 1927 5938 6731 2766
2605 9 2 3 1 1693 1111 1984 5776 3169 3581
2606 9 2 3 1 831 834 835 5061 5963 6732
2607 9 2 3 1 1251 984 1599 6451 6733 6734
2608 9 2 3 1 441 313 1632 6119 6239 5403
2609 9 2 3 1 545 543 1787 5354 6735 6736
2610 9 2 3 1 816 769 817 6737 5700 6636
2611 9 2 3 1 624 769 816 6376 6737 6738
2612 9 2 3 1 419 246 1625 6131 6225 6739
2613 9 2 3 1 924 926 1791 5841 6725 6740
2614 9 2 3 1 585 579 1737 6491 6413 6068
2615 9 2 3 1 1242 1024 1767 6423 6326 6741
2616 9 2 3 1 868 896 933 5173 6083 6742
2617 9 2 3 1 1246 1245 1247 6743 6588 6744
2618 9 2 3 1 804 805 1773 5945 6745 6746
2619 9 2 3 1 680 592 774 6747 6748 6749
2620 9 2 3 1 980 907 1811 6058 6750 6751
2621 9 2 3 1 1802 744 2018 5498 4819 6752
2622 9 2 3 1 518 1474 1753 5029 6753 5612
2623 9 2 3 1 775 776 822 6709 6682 6209
2624 9 2 3 1 993 1131 1132 6449 6754 6755
2625 9 2 3 1 1491 1672 2023 3754 6756 6757
2626 9 2 3 1 1429 1754 2135 3195 6758 6590
2627 9 2 3 1 1092 1738 1757 6103 6759 6760
2628 9 2 3 1 1248 1249 1250 6624 6761 6085
2629 9 2 3 1 1730 1732 2045 5819 6762 6763
2630 9 2 3 1 1141 988 1757 5962 6764 6765
2631 9 2 3 1 424 191 1640 6146 6267 6766
2632 9 2 3 1 1592 1726 2028 2665 6767 6768
2633 9 2 3 1 813 814 830 5757 5904 6769
2634 9 2 3 1 440 317 1643 6150 6275 6770
2635 9 2 3 1 590 592 680 5853 6747 6771
2636 9 2 3 1 245 471 1625 6194 6772 6224
2637 9 2 3 1 1550 954 2119 5966 6773 6774
2638 9 2 3 1 1095 1096 1422 5836 6775 6776
2639 9 2 3 1 182 465 1634 6245 6777 6195
2640 9 2 3 1 371 467 1637 6249 6778 6213
2641 9 2 3 1 555 541 1734 6430 6609 6779
2642 9 2 3 1 651 866 1927 5122 5862 6780
2643 9 2 3 1 308 466 1636 6247 3107 6217
2644 9 2 3 1 1436 1272 2183 6135 6781 6782
2645 9 2 3 1 312 470 1632 6235 6783 6238
2646 9 2 3 1 1590 1592 1862 5067 6784 3743
2647 9 2 3 1 239 418 1623 6169 6785 6271
2648 9 2 3 1 1182 1180 1376 6786 6787 6788
2649 9 2 3 1 594 591 2088 4160 5095 6789
2650 9 2 3 1 1525 1292 1857 3803 3577 4799
2651 9 2 3 1 423 195 1649 6160 6292 6790
2652 9 2 3 1 1828 1094 2032 5171 5575 6791
2653 9 2 3 1 1248 1276 1835 6087 2655 6792
2654 9 2 3 1 1647 430 2145 2959 6793 6794
2655 9 2 3 1 179 178 1888 210 6795 6796
2656 9 2 3 1 530 528 1177 5892 6797 6798
2657 9 2 3 1 1393 1634 2083 2290 6799 4177
2658 9 2 3 1 6 423 1618 6161 2945 6301
2659 9 2 3 1 900 776 1751 6683 6003 6800
2660 9 2 3 1 8 439 1621 6167 2400 6321
2661 9 2 3 1 1147 1544 1883 3959 4944 3470
2662 9 2 3 1 5 431 1619 6163 6801 6336
2663 9 2 3 1 418 238 1653 6168 6316 2261
2664 9 2 3 1 1279 1644 2081 5283 6802 6803
2665 9 2 3 1 7 447 1620 6165 6804 6347
2666 9 2 3 1 422 230 1662 6180 6320 6805
2667 9 2 3 1 618 620 622 6227 6806 6807
2668 9 2 3 1 1262 1518 1834 5925 3424 6808
2669 9 2 3 1 438 356 1665 6186 6339 6809
2670 9 2 3 1 479 240 1623 6253 6272 6810
2671 9 2 3 1 365 436 1627 6208 6811 6309
2672 9 2 3 1 176 428 1626 6204 2569 6312
2673 9 2 3 1 430 167 1664 6182 6344 6812
2674 9 2 3 1 1579 425 2093 3339 6813 6814
2675 9 2 3 1 446 293 1667 6184 6355 2623
2676 9 2 3 1 421 234 1654 6191 6342 6815
2677 9 2 3 1 1015 1017 1792 5871 6816 6817
2678 9 2 3 1 1626 1380 2030 2568 5880 6818
2679 9 2 3 1 886 1133 1832 6677 6819 6820
2680 9 2 3 1 1693 1103 2121 3580 6821 6822
2681 9 2 3 1 700 719 1789 5951 2576 6823
2682 9 2 3 1 420 250 1646 6215 6318 4405
2683 9 2 3 1 437 360 1656 6201 6350 3570
2684 9 2 3 1 436 364 1675 6207 6352 2587
2685 9 2 3 1 428 175 1671 6203 6357 6824
2686 9 2 3 1 1339 1340 1995 4854 6825 6826
2687 9 2 3 1 445 297 1655 6199 6360 6827
2688 9 2 3 1 900 1729 1886 4776 2537 6828
2689 9 2 3 1 444 301 1673 6205 6366 6829
2690 9 2 3 1 1421 1003 1872 5169 4501 4152
2691 9 2 3 1 557 553 559 5896 6830 6831
2692 9 2 3 1 190 472 1640 6280 6832 6266
2693 9 2 3 1 316 474 1643 6284 6833 6274
2694 9 2 3 1 714 710 802 5796 6834 2491
2695 9 2 3 1 680 774 775 6749 6708 4554
2696 9 2 3 1 887 886 1832 4435 6820 5737
2697 9 2 3 1 593 596 1758 5952 6835 6499
2698 9 2 3 1 1427 1425 1614 5899 6836 6837
2699 9 2 3 1 1377 1376 2017 6838 3291 3271
2700 9 2 3 1 988 1092 1757 6408 6760 6764
2701 9 2 3 1 231 422 1813 6181 3039 6405
2702 9 2 3 1 1202 1759 1976 5758 5045 6839
2703 9 2 3 1 1087 1034 1790 6032 6840 2750
2704 9 2 3 1 1111 1112 1991 5980 6841 3515
2705 9 2 3 1 1602 456 2183 3795 6842 6843
2706 9 2 3 1 1603 1428 1681 5976 6428 5541
2707 9 2 3 1 983 1085 1771 6463 3947 6844
2708 9 2 3 1 945 1239 1918 6540 2384 6845
2709 9 2 3 1 564 563 1937 5349 3886 6846
2710 9 2 3 1 907 883 1811 6263 6596 6750
2711 9 2 3 1 1474 1477 1753 6009 6847 6753
2712 9 2 3 1 1735 923 1799 5339 3659 5383
2713 9 2 3 1 727 725 891 5214 6170 6848
2714 9 2 3 1 840 842 863 5225 6849 6850
2715 9 2 3 1 194 475 1649 6331 6851 6291
2716 9 2 3 1 1924 452 2105 6852 6853 3485
2717 9 2 3 1 491 366 1627 6307 6310 6854
2718 9 2 3 1 249 495 1646 6299 2364 6317
2719 9 2 3 1 489 177 1626 6303 6313 6855
2720 9 2 3 1 1261 1141 1757 6130 6765 6856
2721 9 2 3 1 632 1508 2143 4312 6857 5699
2722 9 2 3 1 1764 1245 2063 6589 6858 6859
2723 9 2 3 1 570 572 901 6516 6860 6861
2724 9 2 3 1 562 535 1946 4371 6116 6862
2725 9 2 3 1 468 1579 2093 3143 6814 6863
2726 9 2 3 1 945 944 946 6864 6495 6865
2727 9 2 3 1 376 375 1899 407 6866 6867
2728 9 2 3 1 1412 1333 2100 4155 3074 3037
2729 9 2 3 1 420 1604 2079 4404 4698 6868
2730 9 2 3 1 237 480 1653 6364 6869 6315
2731 9 2 3 1 882 1194 1811 6661 6870 6595
2732 9 2 3 1 1039 1035 1874 6158 6871 6872
2733 9 2 3 1 482 228 1618 6377 6302 6873
2734 9 2 3 1 447 258 1690 6164 6460 6874
2735 9 2 3 1 1052 1054 1774 5188 6875 6876
2736 9 2 3 1 1227 1225 1260 6729 6877 5429
2737 9 2 3 1 1246 1247 1248 6744 6623 6878
2738 9 2 3 1 1075 1077 1218 5676 6879 6578
2739 9 2 3 1 789 788 892 5979 6880 6881
2740 9 2 3 1 229 482 1662 6378 6882 6319
2741 9 2 3 1 488 354 1621 6381 6322 6883
2742 9 2 3 1 1244 1243 1245 6884 6885 6886
2743 9 2 3 1 233 481 1654 6368 2333 6341
2744 9 2 3 1 774 592 1758 6748 6500 5514
2745 9 2 3 1 486 165 1619 6379 6337 6887
2746 9 2 3 1 1023 1021 1760 4421 6888 6889
2747 9 2 3 1 355 488 1665 6382 6890 6338
2748 9 2 3 1 1592 1591 1837 5066 4688 2666
2749 9 2 3 1 359 485 1656 6374 6891 6349
2750 9 2 3 1 166 486 1664 6380 6892 6343
2751 9 2 3 1 487 291 1620 6383 6348 6893
2752 9 2 3 1 431 384 1772 6162 6470 3626
2753 9 2 3 1 292 487 1667 6384 6894 6354
2754 9 2 3 1 363 494 1675 6391 2434 6351
2755 9 2 3 1 143 1788 1979 6261 3319 6895
2756 9 2 3 1 174 492 1671 6387 6896 6356
2757 9 2 3 1 296 484 1655 6372 6897 6359
2758 9 2 3 1 306 443 1808 6126 6898 6509
2759 9 2 3 1 531 530 1959 5379 6899 6900
2760 9 2 3 1 432 380 1810 6148 6493 2884
2761 9 2 3 1 300 493 1673 6389 2429 6365
2762 9 2 3 1 1688 1384 1856 4406 6901 4671
2763 9 2 3 1 731 730 1833 5289 6902 6630
2764 9 2 3 1 429 171 1762 6197 6474 6264
2765 9 2 3 1 1549 1156 1876 5972 6903 3625
2766 9 2 3 1 1021 1481 1760 5936 6904 6888
2767 9 2 3 1 481 232 1813 6367 6406 6905
2768 9 2 3 1 1126 1255 1372 5125 6906 6907
2769 9 2 3 1 769 625 1786 6375 5572 6029
2770 9 2 3 1 928 930 1804 5476 6908 6909
2771 9 2 3 1 21 455 1931 4740 6910 5777
2772 9 2 3 1 1419 1687 1985 5606 5026 6048
2773 9 2 3 1 835 1741 2031 2859 6911 6912
2774 9 2 3 1 835 836 837 5964 6250 2857
2775 9 2 3 1 1707 1120 2187 6913 6914 6915
2776 9 2 3 1 1422 1096 1744 6775 6916 5657
2777 9 2 3 1 1529 1046 2144 4584 4266 3535
2778 9 2 3 1 1455 1454 1999 5373 6917 2874
2779 9 2 3 1 1298 978 1926 5920 6918 4313
2780 9 2 3 1 860 899 1041 6654 6919 6920
2781 9 2 3 1 759 1822 1947 6921 6922 6923
2782 9 2 3 1 1781 1338 1782 2267 5191 6924
2783 9 2 3 1 466 307 1808 6246 6510 6024
2784 9 2 3 1 1235 1233 1236 6229 6925 6323
2785 9 2 3 1 1599 984 1815 6733 6926 2410
2786 9 2 3 1 697 694 698 5374 6927 6928
2787 9 2 3 1 1593 20 2165 5276 6651 5894
2788 9 2 3 1 1034 1039 1790 6159 6929 6840
2789 9 2 3 1 1063 1120 1825 6142 5800 6930
2790 9 2 3 1 383 476 1772 6333 6931 6469
2791 9 2 3 1 733 729 971 5479 6932 6933
2792 9 2 3 1 1469 1387 1912 5195 6934 4997
2793 9 2 3 1 551 549 1803 5495 6935 6936
2794 9 2 3 1 827 800 829 5695 6937 6938
2795 9 2 3 1 379 473 1810 6282 3552 6492
2796 9 2 3 1 793 791 871 5441 6939 6940
2797 9 2 3 1 613 616 1796 5553 6941 6942
2798 9 2 3 1 575 573 1952 6091 6943 6944
2799 9 2 3 1 1698 1183 2011 5028 3041 6655
2800 9 2 3 1 844 846 847 5428 6603 6945
2801 9 2 3 1 170 483 1762 6370 2753 6473
2802 9 2 3 1 639 641 885 6190 6946 6947
2803 9 2 3 1 808 1784 1785 6948 6949 6950
2804 9 2 3 1 989 946 1040 6951 4422 6952
2805 9 2 3 1 427 179 1888 6123 6796 4949
2806 9 2 3 1 302 444 1806 6206 6953 6562
2807 9 2 3 1 977 804 1773 6461 6746 6538
2808 9 2 3 1 527 561 1784 4680 6954 6955
2809 9 2 3 1 1130 1108 2015 6113 6956 5870
2810 9 2 3 1 1424 1426 2205 5146 5069 5271
2811 9 2 3 1 251 420 1798 6216 6957 6566
2812 9 2 3 1 953 1171 1838 6106 6072 6958
2813 9 2 3 1 1079 1180 1182 6044 6786 6959
2814 9 2 3 1 743 742 1847 5911 6960 6961
2815 9 2 3 1 477 256 1689 6573 5818 3746
2816 9 2 3 1 837 838 888 6251 6962 6963
2817 9 2 3 1 1544 1545 2164 5277 6964 6328
2818 9 2 3 1 1743 1165 1976 5901 4660 5044
2819 9 2 3 1 981 924 1791 6443 6740 6402
2820 9 2 3 1 1244 1245 1246 6886 6743 6415
2821 9 2 3 1 1070 1513 2091 4582 5535 4377
2822 9 2 3 1 738 736 783 6174 6965 6966
2823 9 2 3 1 536 534 1817 5996 6967 6968
2824 9 2 3 1 798 796 799 5655 6969 6659
2825 9 2 3 1 742 740 1010 6711 6970 6971
2826 9 2 3 1 433 376 1899 6121 6867 5687
2827 9 2 3 1 1011 1010 1224 6972 5906 6973
2828 9 2 3 1 1951 667 2100 6974 2467 3073
2829 9 2 3 1 762 925 1795 6296 5637 6975
2830 9 2 3 1 984 1814 1815 6976 3587 6926
2831 9 2 3 1 1322 1763 2120 2477 6977 6978
2832 9 2 3 1 543 555 1787 6431 2487 6735
2833 9 2 3 1 1042 1240 1263 6672 2445 6979
2834 9 2 3 1 1732 685 2045 4560 6980 6762
2835 9 2 3 1 443 1611 1612 6981 2988 6982
2836 9 2 3 1 1041 899 1042 6919 5842 6983
2837 9 2 3 1 848 850 873 5616 6984 6985
2838 9 2 3 1 1316 1223 1317 5400 6986 3601
2839 9 2 3 1 1085 1086 1449 6987 6988 2738
2840 9 2 3 1 490 303 1806 6305 6563 6989
2841 9 2 3 1 847 1781 1782 6990 6924 6991
2842 9 2 3 1 1185 1730 2045 5933 6763 2525
2843 9 2 3 1 1899 1522 2094 4394 5317 5688
2844 9 2 3 1 837 888 998 6963 6992 2891
2845 9 2 3 1 892 788 1232 6880 6993 6994
2846 9 2 3 1 1608 490 1609 6995 6996 5371
2847 9 2 3 1 1154 1259 1770 6426 6997 6432
2848 9 2 3 1 1444 1889 2068 6098 5813 6998
2849 9 2 3 1 1102 1718 2016 5913 5467 5524
2850 9 2 3 1 1629 426 1839 6252 2355 6999
2851 9 2 3 1 1225 1224 1801 7000 2910 7001
2852 9 2 3 1 856 858 872 6138 7002 7003
2853 9 2 3 1 749 747 869 5703 7004 7005
2854 9 2 3 1 1206 669 2048 3458 4940 7006
2855 9 2 3 1 1011 1224 1225 6973 7000 5947
2856 9 2 3 1 968 972 1820 5717 7007 7008
2857 9 2 3 1 573 623 1952 4598 7009 6943
2858 9 2 3 1 808 527 1784 5990 6955 6948
2859 9 2 3 1 742 1010 1011 6971 6972 7010
2860 9 2 3 1 1751 1189 1849 6002 5266 7011
2861 9 2 3 1 780 517 1830 5589 6400 4820
2862 9 2 3 1 1233 1232 1234 7012 7013 7014
2863 9 2 3 1 1129 928 1804 6178 6909 3405
2864 9 2 3 1 1182 1376 1377 6788 6838 7015
2865 9 2 3 1 1668 1494 2155 3474 6468 7016
2866 9 2 3 1 375 469 1899 6233 4395 6866
2867 9 2 3 1 1121 1127 1275 7017 7018 7019
2868 9 2 3 1 952 1581 2025 2676 6645 7020
2869 9 2 3 1 255 448 1689 6674 7021 5817
2870 9 2 3 1 608 1251 1822 6452 7022 7023
2871 9 2 3 1 1434 2176 2198 7024 3155 4968
2872 9 2 3 1 178 489 1888 6304 7025 6795
2873 9 2 3 1 1120 1707 2158 6913 4566 6685
2874 9 2 3 1 1131 824 1886 6448 7026 2536
2875 9 2 3 1 707 688 2057 5420 7027 5784
2876 9 2 3 1 1476 1475 1986 4955 7028 5970
2877 9 2 3 1 723 700 1789 6569 6823 6593
2878 9 2 3 1 716 702 1795 6559 7029 3833
2879 9 2 3 1 1096 1097 2160 4360 7030 7031
2880 9 2 3 1 1559 1707 1840 4842 7032 4469
2881 9 2 3 1 852 854 862 5916 7033 7034
2882 9 2 3 1 1085 964 1086 6462 7035 6987
2883 9 2 3 1 938 940 986 5797 7036 7037
2884 9 2 3 1 474 1642 1821 6582 4786 7038
2885 9 2 3 1 1382 1579 2176 3340 3145 6648
2886 9 2 3 1 1008 1521 2101 4681 5849 2982
2887 9 2 3 1 1640 472 1748 6832 7039 7040
2888 9 2 3 1 2102 1866 2103 7041 7042 7043
2889 9 2 3 1 1568 1570 1928 4722 7044 5218
2890 9 2 3 1 998 999 1121 7045 7046 5683
2891 9 2 3 1 443 1612 1808 6982 7047 6898
2892 9 2 3 1 1089 983 1771 4460 6844 7048
2893 9 2 3 1 1180 1181 1893 5206 6634 7049
2894 9 2 3 1 1129 1602 1970 3404 7050 7051
2895 9 2 3 1 257 477 1690 6574 5135 6459
2896 9 2 3 1 422 1662 1663 6805 7052 2243
2897 9 2 3 1 1594 1595 2005 3841 5942 7053
2898 9 2 3 1 1328 1460 2171 5234 7054 3797
2899 9 2 3 1 424 1640 1869 6766 7055 7056
2900 9 2 3 1 1399 1400 2190 4696 7057 7058
2901 9 2 3 1 450 1483 2128 4669 7059 3644
2902 9 2 3 1 1200 1684 1994 4608 7060 3288
2903 9 2 3 1 685 1765 2045 3413 2526 6980
2904 9 2 3 1 1788 505 1834 7061 5207 3317
2905 9 2 3 1 482 1618 1783 6873 2328 7062
2906 9 2 3 1 702 762 1795 6293 6975 7029
2907 9 2 3 1 870 777 878 6256 7063 7064
2908 9 2 3 1 609 611 1814 5421 7065 7066
2909 9 2 3 1 1364 1446 1447 5732 3987 7067
2910 9 2 3 1 1676 1578 2124 5397 7068 7069
2911 9 2 3 1 892 1232 1233 6994 7012 6228
2912 9 2 3 1 1614 1425 1846 6836 6692 2698
2913 9 2 3 1 813 830 1231 6769 7070 7071
2914 9 2 3 1 1054 1068 1774 6441 4963 6875
2915 9 2 3 1 1041 1042 1823 6983 7072 2678
2916 9 2 3 1 633 635 1809 4913 7073 7074
2917 9 2 3 1 1553 1554 1923 4700 5269 4745
2918 9 2 3 1 1275 1127 1572 7018 4075 7075
2919 9 2 3 1 1397 2054 2191 7076 7077 7078
2920 9 2 3 1 753 751 877 6096 7079 7080
2921 9 2 3 1 1478 2036 2040 7081 5769 2886
2922 9 2 3 1 1959 530 2177 6899 7082 7083
2923 9 2 3 1 1822 1251 1947 7022 7084 6922
2924 9 2 3 1 893 1072 1794 6537 7085 7086
2925 9 2 3 1 1609 490 1806 6996 6989 7087
2926 9 2 3 1 1121 999 1127 7046 6561 7017
2927 9 2 3 1 759 603 1822 6647 7088 6921
2928 9 2 3 1 880 820 1794 6314 7089 7090
2929 9 2 3 1 1434 1534 2176 5018 6649 7024
2930 9 2 3 1 461 103 1923 5304 6404 5268
2931 9 2 3 1 1266 1265 1740 7091 2760 4146
2932 9 2 3 1 783 736 1833 6965 6631 2691
2933 9 2 3 1 1809 654 2174 7092 6075 7093
2934 9 2 3 1 1237 1145 2001 4826 4601 7094
2935 9 2 3 1 1253 1023 1760 6219 6889 4579
2936 9 2 3 1 439 321 1936 6166 7095 6501
2937 9 2 3 1 1449 1086 1721 6988 2432 5974
2938 9 2 3 1 898 1302 1906 4145 7096 4701
2939 9 2 3 1 434 1637 1638 6707 7097 2730
2940 9 2 3 1 1323 1701 1968 4288 7098 6579
2941 9 2 3 1 1017 1173 1792 6532 2544 6816
2942 9 2 3 1 1305 1350 1715 6520 5437 7099
2943 9 2 3 1 945 946 989 6865 6951 6539
2944 9 2 3 1 1623 418 1776 6785 3772 7100
2945 9 2 3 1 974 980 1926 6059 4835 7101
2946 9 2 3 1 615 613 1796 6455 6942 2447
2947 9 2 3 1 984 609 1814 6643 7066 6976
2948 9 2 3 1 942 944 945 6257 6864 7102
2949 9 2 3 1 1574 1573 2134 5143 7103 5954
2950 9 2 3 1 1665 488 1666 6890 7104 7105
2951 9 2 3 1 917 915 965 5609 6417 7106
2952 9 2 3 1 1058 1060 1825 5804 7107 7108
2953 9 2 3 1 1408 1153 1450 5824 7109 3241
2954 9 2 3 1 800 799 1779 6660 7110 7111
2955 9 2 3 1 1231 1265 1266 7112 7091 7113
2956 9 2 3 1 417 1600 1601 6479 7114 7115
2957 9 2 3 1 581 583 1824 5492 7116 7117
2958 9 2 3 1 496 252 1798 6583 6567 4470
2959 9 2 3 1 1243 1909 2063 7118 6223 7119
2960 9 2 3 1 440 1643 1644 6770 7120 7121
2961 9 2 3 1 1808 1612 1883 7047 2673 6025
2962 9 2 3 1 921 919 982 5900 7122 7123
2963 9 2 3 1 1650 432 1842 6446 2299 7124
2964 9 2 3 1 1262 1677 2167 7125 6693 7126
2965 9 2 3 1 1195 970 1243 7127 7128 7129
2966 9 2 3 1 1193 880 1794 6485 7090 7130
2967 9 2 3 1 886 786 970 5419 7131 6675
2968 9 2 3 1 684 716 1895 6560 7132 7133
2969 9 2 3 1 1035 1037 1874 5512 7134 6871
2970 9 2 3 1 1619 431 1880 6801 2650 7135
2971 9 2 3 1 1794 1072 1960 7085 7136 7137
2972 9 2 3 1 588 590 1831 5685 7138 7139
2973 9 2 3 1 1531 1246 1835 6416 7140 2522
2974 9 2 3 1 930 997 1804 6518 6555 6908
2975 9 2 3 1 832 718 1891 6399 7141 7142
2976 9 2 3 1 478 1651 1701 6602 7143 5527
2977 9 2 3 1 959 979 2131 3559 7144 5531
2978 9 2 3 1 998 888 999 6992 6270 7045
2979 9 2 3 1 718 771 1891 4733 7145 7141
2980 9 2 3 1 1653 480 1805 6869 7146 2990
2981 9 2 3 1 1865 987 2009 5560 7147 7148
2982 9 2 3 1 1798 420 2079 6957 6868 7149
2983 9 2 3 1 1841 780 2002 5693 2707 7150
2984 9 2 3 1 611 615 1814 6456 3752 7065
2985 9 2 3 1 820 893 1794 6662 7086 7089
2986 9 2 3 1 1737 581 1824 6412 7117 7151
2987 9 2 3 1 1974 1313 1978 3467 5889 6680
2988 9 2 3 1 1627 436 1807 6811 2247 7152
2989 9 2 3 1 779 1744 2148 5863 5228 4862
2990 9 2 3 1 1752 507 2129 7153 6612 3329
2991 9 2 3 1 847 848 1781 6604 7154 6990
2992 9 2 3 1 1105 1107 1829 5953 7155 7156
2993 9 2 3 1 1670 437 1887 6498 3412 7157
2994 9 2 3 1 320 478 1936 6335 2917 7158
2995 9 2 3 1 989 1040 1174 6952 2215 6521
2996 9 2 3 1 1662 482 1800 6882 7159 7160
2997 9 2 3 1 321 320 1936 352 7158 7095
2998 9 2 3 1 1803 1459 1852 7161 2657 7162
2999 9 2 3 1 428 1671 1672 6824 7163 2685
3000 9 2 3 1 1716 1212 2010 4126 7164 3995
3001 9 2 3 1 1231 830 1265 7070 7165 7112
3002 9 2 3 1 491 1627 1628 6854 7166 7167
3003 9 2 3 1 1637 467 1797 6778 7168 7169
3004 9 2 3 1 1195 1243 1244 7129 6884 4912
3005 9 2 3 1 485 1660 1661 6622 7170 7171
3006 9 2 3 1 1143 1262 2167 5993 7126 7172
3007 9 2 3 1 549 556 1803 6527 7173 6935
3008 9 2 3 1 2057 1548 2189 4732 2952 5785
3009 9 2 3 1 805 1994 2202 7174 7175 7176
3010 9 2 3 1 1196 1253 1894 6220 7177 7178
3011 9 2 3 1 528 522 1841 5686 6730 7179
3012 9 2 3 1 603 605 1822 5351 7180 7088
3013 9 2 3 1 253 496 1691 6584 7181 6666
3014 9 2 3 1 598 1594 2005 4726 7053 7182
3015 9 2 3 1 1851 1174 2089 6522 7183 7184
3016 9 2 3 1 1220 1588 1763 5162 6454 7185
3017 9 2 3 1 49 50 1920 69 5753 5994
3018 9 2 3 1 689 536 1817 6613 6968 5607
3019 9 2 3 1 483 1657 1658 6627 3033 2309
3020 9 2 3 1 1762 1437 2122 2752 4744 6265
3021 9 2 3 1 1518 1261 2086 5924 7186 6345
3022 9 2 3 1 794 743 1847 6657 6961 3086
3023 9 2 3 1 1924 1172 2037 6153 3057 7187
3024 9 2 3 1 1576 1577 2188 5149 7188 6022
3025 9 2 3 1 1142 1207 1925 5654 4942 6155
3026 9 2 3 1 435 1613 1848 6548 7189 7190
3027 9 2 3 1 1807 1307 1905 2729 7191 7192
3028 9 2 3 1 1750 832 1917 5368 7193 6600
3029 9 2 3 1 647 1733 2058 2748 7194 7195
3030 9 2 3 1 532 1681 1934 4849 7196 5030
3031 9 2 3 1 561 568 1784 6393 7197 6954
3032 9 2 3 1 947 1325 1725 5852 5263 6670
3033 9 2 3 1 1578 1166 2124 5982 7198 7068
3034 9 2 3 1 1607 490 1608 6481 6995 7199
3035 9 2 3 1 1463 1528 2123 4756 5707 4226
3036 9 2 3 1 605 608 1822 6472 7023 7180
3037 9 2 3 1 1681 1427 1934 6427 7200 7196
3038 9 2 3 1 1295 1535 2192 5087 7201 7202
3039 9 2 3 1 1156 1348 1876 4033 2575 6903
3040 9 2 3 1 1193 1794 1960 7130 7137 7203
3041 9 2 3 1 453 1564 2033 4709 3623 7204
3042 9 2 3 1 1289 1491 1903 5299 7205 7206
3043 9 2 3 1 578 664 1836 6489 5392 7207
3044 9 2 3 1 1260 1225 1801 6877 7001 7208
3045 9 2 3 1 667 631 2000 6506 7209 2681
3046 9 2 3 1 1376 1180 1893 6787 7049 4369
3047 9 2 3 1 1970 1602 2183 7050 6843 7210
3048 9 2 3 1 448 254 1691 6673 6667 7211
3049 9 2 3 1 444 1673 1674 6829 2955 7212
3050 9 2 3 1 1747 1171 1924 6070 6154 3025
3051 9 2 3 1 1121 1275 1777 7019 7213 6723
3052 9 2 3 1 659 626 2021 3613 4497 6212
3053 9 2 3 1 1028 1723 1941 6173 7214 7215
3054 9 2 3 1 583 672 1824 6586 7216 7116
3055 9 2 3 1 1733 1731 2058 2481 5915 7194
3056 9 2 3 1 972 1144 1820 6607 7217 7007
3057 9 2 3 1 1920 1409 2129 3777 7218 6611
3058 9 2 3 1 1534 1214 1922 5017 7219 7220
3059 9 2 3 1 1702 1187 2109 7221 7222 7223
3060 9 2 3 1 1667 487 1683 6894 7224 4090
3061 9 2 3 1 1866 1234 2103 7225 5291 7042
3062 9 2 3 1 1197 1105 1829 6531 7156 7226
3063 9 2 3 1 454 61 2004 4739 6039 4498
3064 9 2 3 1 885 1875 2011 7227 6656 7228
3065 9 2 3 1 443 1607 1611 6568 7229 6981
3066 9 2 3 1 1060 1063 1825 6642 6930 7107
3067 9 2 3 1 1133 970 1195 6676 7127 3801
3068 9 2 3 1 874 953 1838 6528 6958 7230
3069 9 2 3 1 1567 1566 2151 4443 7231 7232
3070 9 2 3 1 635 654 1809 6524 7092 7073
3071 9 2 3 1 911 781 2178 3362 4666 6240
3072 9 2 3 1 1186 1663 1929 2662 7233 4319
3073 9 2 3 1 1319 1799 2065 3226 3660 7234
3074 9 2 3 1 1259 1089 1771 6425 7048 2970
3075 9 2 3 1 481 1813 2196 6905 7235 2334
3076 9 2 3 1 1700 1179 2163 2966 7236 7237
3077 9 2 3 1 1307 1301 2047 3531 3158 7238
3078 9 2 3 1 824 822 1886 6610 7239 7026
3079 9 2 3 1 1836 1161 2040 5391 2887 7240
3080 9 2 3 1 1664 2092 2145 7241 7242 7243
3081 9 2 3 1 716 1719 1989 3832 4724 7244
3082 9 2 3 1 952 874 1838 6571 7230 7245
3083 9 2 3 1 1407 1159 2193 5052 6721 2693
3084 9 2 3 1 462 1676 2124 5326 7069 7246
3085 9 2 3 1 553 551 1852 5708 7247 7248
3086 9 2 3 1 1583 1355 1901 3259 4992 2235
3087 9 2 3 1 689 1769 1962 7249 4001 7250
3088 9 2 3 1 767 745 1827 5068 7251 7252
3089 9 2 3 1 1706 885 2011 5845 7228 3040
3090 9 2 3 1 1659 446 1857 6502 4800 7253
3091 9 2 3 1 979 1770 2131 4839 7254 7144
3092 9 2 3 1 1189 1758 1864 5515 7255 5267
3093 9 2 3 1 616 618 1860 5865 7256 7257
3094 9 2 3 1 602 760 1865 6554 5561 7258
3095 9 2 3 1 1479 1699 1955 3810 7259 7260
3096 9 2 3 1 685 684 1895 5909 7133 3414
3097 9 2 3 1 1685 1173 2137 2543 7261 5440
3098 9 2 3 1 1438 1116 1919 6066 3720 7262
3099 9 2 3 1 1250 1249 1933 6761 7263 2404
3100 9 2 3 1 576 578 1836 6551 7207 7264
3101 9 2 3 1 1117 773 2162 5210 5716 7265
3102 9 2 3 1 1538 1537 2114 5006 7266 5811
3103 9 2 3 1 487 1620 1826 6893 7267 7268
3104 9 2 3 1 425 187 2093 6117 7269 6813
3105 9 2 3 1 1485 1196 1894 4878 7178 7270
3106 9 2 3 1 545 1787 1921 6736 7271 7272
3107 9 2 3 1 1687 1416 2070 5605 7273 7274
3108 9 2 3 1 1930 1039 1953 7275 7276 6716
3109 9 2 3 1 822 900 1886 6684 6828 7239
3110 9 2 3 1 556 547 1921 6526 7277 7278
3111 9 2 3 1 1187 1702 2168 7221 5893 7279
3112 9 2 3 1 1490 1489 2069 3860 4731 3061
3113 9 2 3 1 1610 1609 1980 5940 7280 3546
3114 9 2 3 1 2034 1764 2063 7281 6859 7282
3115 9 2 3 1 1663 1800 1929 7283 7284 7233
3116 9 2 3 1 547 545 1921 5377 7272 7277
3117 9 2 3 1 1288 1561 2184 4342 7285 7286
3118 9 2 3 1 1996 1485 2154 7287 7288 7289
3119 9 2 3 1 1309 1487 1981 4134 7290 7291
3120 9 2 3 1 1266 1917 2077 7292 7293 7294
3121 9 2 3 1 1738 1436 2078 6102 4169 6420
3122 9 2 3 1 1535 2054 2192 7295 5643 7201
3123 9 2 3 1 888 838 1845 6962 7296 5710
3124 9 2 3 1 598 2005 2084 7182 4429 7297
3125 9 2 3 1 1818 540 1962 6678 7298 4000
3126 9 2 3 1 1946 537 2039 6115 5503 7299
3127 9 2 3 1 1705 1160 2174 2824 5310 6074
3128 9 2 3 1 1701 1651 1968 7143 7300 7098
3129 9 2 3 1 590 680 1831 6771 6050 7138
3130 9 2 3 1 186 468 2093 6231 6863 7301
3131 9 2 3 1 661 674 2170 3556 6620 4407
3132 9 2 3 1 1299 1298 2110 6011 3069 6034
3133 9 2 3 1 1128 1717 1943 6475 7302 7303
3134 9 2 3 1 1246 1248 1835 6878 6792 7140
3135 9 2 3 1 789 892 1859 6881 5831 7304
3136 9 2 3 1 452 53 2105 4767 5874 6853
3137 9 2 3 1 829 800 1779 6937 7111 7305
3138 9 2 3 1 745 794 1827 6658 7306 7251
3139 9 2 3 1 456 139 2051 4741 6040 7307
3140 9 2 3 1 624 816 1855 6738 5262 7308
3141 9 2 3 1 1607 1608 1611 7199 4961 7229
3142 9 2 3 1 2051 1436 2183 3615 6782 7309
3143 9 2 3 1 785 868 1844 5079 7310 7311
3144 9 2 3 1 1226 1468 2007 5886 5302 4769
3145 9 2 3 1 448 1691 1692 7211 7312 7313
3146 9 2 3 1 658 655 1974 6703 7314 6679
3147 9 2 3 1 1577 1833 2188 2692 7315 7188
3148 9 2 3 1 742 1011 1847 7010 6577 6960
3149 9 2 3 1 694 683 1853 5201 4140 7316
3150 9 2 3 1 764 910 1956 6715 5931 7317
3151 9 2 3 1 838 840 1845 5237 7318 7296
3152 9 2 3 1 771 813 1891 6465 7319 7145
3153 9 2 3 1 889 827 1916 5718 7320 3726
3154 9 2 3 1 1110 1238 2015 6026 5405 7321
3155 9 2 3 1 895 1009 2179 3481 6480 4898
3156 9 2 3 1 1848 1613 1940 7189 7322 7323
3157 9 2 3 1 1763 1622 2120 6453 3477 6977
3158 9 2 3 1 960 865 2199 3218 3633 6617
3159 9 2 3 1 1770 1259 2131 6997 2794 7254
3160 9 2 3 1 1042 1263 1823 6979 5278 7072
3161 9 2 3 1 1824 672 1862 7216 3240 7324
3162 9 2 3 1 1687 1420 1973 7325 5713 5025
3163 9 2 3 1 879 785 1844 6632 7311 4044
3164 9 2 3 1 599 598 2084 4972 7297 2605
3165 9 2 3 1 1493 1360 2023 3856 7326 7327
3166 9 2 3 1 508 1553 2041 3060 4039 4872
3167 9 2 3 1 1271 1269 1987 5451 4484 5473
3168 9 2 3 1 1537 1900 1941 5748 7328 7329
3169 9 2 3 1 978 974 1926 6112 7101 6918
3170 9 2 3 1 672 586 1944 6585 7330 6503
3171 9 2 3 1 1168 1845 2013 5711 7331 3100
3172 9 2 3 1 1640 1748 1869 7040 7332 7055
3173 9 2 3 1 1661 1660 1958 7170 7333 4886
3174 9 2 3 1 574 809 1850 6713 7334 7335
3175 9 2 3 1 1713 462 2124 2501 7246 7336
3176 9 2 3 1 620 624 1855 6255 7308 7337
3177 9 2 3 1 1994 1684 2202 7060 7338 7175
3178 9 2 3 1 1348 1972 1993 5140 7339 5442
3179 9 2 3 1 809 576 1836 6712 7264 7340
3180 9 2 3 1 848 873 1781 6985 2284 7154
3181 9 2 3 1 1099 1421 1965 6494 3044 7341
3182 9 2 3 1 643 650 1875 6728 5004 7342
3183 9 2 3 1 997 966 1964 6517 7343 5356
3184 9 2 3 1 791 789 1859 5242 7304 7344
3185 9 2 3 1 1420 1687 2070 7325 7274 4381
3186 9 2 3 1 1573 1582 2180 5424 5394 7345
3187 9 2 3 1 1491 2023 2172 6757 7346 7347
3188 9 2 3 1 1312 1895 1989 4131 7348 6641
3189 9 2 3 1 471 1624 2192 6497 7349 5642
3190 9 2 3 1 479 1623 1910 6810 7350 7351
3191 9 2 3 1 555 1734 1915 6779 4289 3394
3192 9 2 3 1 572 574 1850 6483 7335 7352
3193 9 2 3 1 842 844 1858 5296 7353 7354
3194 9 2 3 1 1187 994 2109 6414 7355 7222
3195 9 2 3 1 1077 1079 1863 5887 7356 7357
3196 9 2 3 1 1071 1126 1854 5070 7358 6010
3197 9 2 3 1 788 767 1827 6665 7252 7359
3198 9 2 3 1 654 637 1898 6523 7360 2436
3199 9 2 3 1 747 733 1870 5573 7361 7362
3200 9 2 3 1 729 727 1868 5350 7363 7364
3201 9 2 3 1 482 1783 1800 7062 7365 7159
3202 9 2 3 1 900 1751 1902 6800 7366 4777
3203 9 2 3 1 1177 528 1841 6797 7179 7367
3204 9 2 3 1 1132 1702 2109 4689 7223 7368
3205 9 2 3 1 772 952 2025 6572 7020 7369
3206 9 2 3 1 1663 1662 1800 7052 7160 7283
3207 9 2 3 1 1796 616 1860 6941 7257 5308
3208 9 2 3 1 1242 1767 1900 6741 7370 5985
3209 9 2 3 1 1249 1270 1933 6006 7371 7263
3210 9 2 3 1 1043 1147 2006 3203 7372 3877
3211 9 2 3 1 1869 1374 2067 5192 7373 7374
3212 9 2 3 1 2054 1397 2071 7076 5057 7375
3213 9 2 3 1 936 938 1877 5353 7376 7377
3214 9 2 3 1 600 602 1865 6530 7258 7378
3215 9 2 3 1 1605 1677 2115 4987 7379 4929
3216 9 2 3 1 1176 1786 1951 6030 7380 2286
3217 9 2 3 1 796 793 1871 5617 7381 7382
3218 9 2 3 1 622 620 1855 6806 7337 7383
3219 9 2 3 1 1709 600 1865 6535 7378 7384
3220 9 2 3 1 618 622 1860 6807 5721 7256
3221 9 2 3 1 954 936 1877 6717 7377 7385
3222 9 2 3 1 551 1803 1852 6936 7162 7247
3223 9 2 3 1 1388 1549 2199 7386 6618 3661
3224 9 2 3 1 1065 1113 2187 6157 7387 7388
3225 9 2 3 1 1478 1476 2036 5487 5971 7081
3226 9 2 3 1 1165 1367 1935 5961 5056 4658
3227 9 2 3 1 1563 1541 2066 4812 4764 7389
3228 9 2 3 1 637 639 1898 5725 7390 7360
3229 9 2 3 1 641 643 1875 6288 7342 7391
3230 9 2 3 1 1326 1327 1950 4466 7392 2557
3231 9 2 3 1 142 143 1979 162 6895 6073
3232 9 2 3 1 559 1999 2044 5132 7393 7394
3233 9 2 3 1 465 1633 1907 6534 5689 7395
3234 9 2 3 1 663 564 1937 6407 6846 3506
3235 9 2 3 1 1613 491 1940 6478 7396 7322
3236 9 2 3 1 652 651 1927 6476 6780 6731
3237 9 2 3 1 559 553 1852 6830 7248 2520
3238 9 2 3 1 2075 1310 2095 5742 4267 7397
3239 9 2 3 1 1850 809 2036 7334 5767 2801
3240 9 2 3 1 850 852 1882 5739 7398 7399
3241 9 2 3 1 1346 1236 2169 6324 5878 3304
3242 9 2 3 1 1174 1727 2089 2224 5118 7183
3243 9 2 3 1 1699 810 1955 5631 7400 7259
3244 9 2 3 1 987 764 1956 5788 7317 4869
3245 9 2 3 1 1385 1550 2119 4258 6774 4918
3246 9 2 3 1 596 1709 1864 6269 7401 7402
3247 9 2 3 1 1310 1905 2047 5741 7403 3035
3248 9 2 3 1 623 1777 1952 4980 7404 7009
3249 9 2 3 1 1157 1012 2073 3191 3911 4840
3250 9 2 3 1 607 606 2064 5388 4899 5287
3251 9 2 3 1 586 588 1944 5622 7405 7330
3252 9 2 3 1 1741 1265 2031 2761 7406 6911
3253 9 2 3 1 538 689 1962 6614 7250 7407
3254 9 2 3 1 854 856 1879 6012 7408 7409
3255 9 2 3 1 1753 1477 1942 6847 7410 4728
3256 9 2 3 1 810 1759 1955 4392 5131 7400
3257 9 2 3 1 847 1782 1858 6991 2534 7411
3258 9 2 3 1 1578 506 2203 5650 7412 7413
3259 9 2 3 1 1240 1128 1943 6671 7303 7414
3260 9 2 3 1 1422 1802 2018 7415 6752 7416
3261 9 2 3 1 954 1877 1878 7385 5198 7417
3262 9 2 3 1 1302 1305 1906 6143 7418 7096
3263 9 2 3 1 1194 1710 1928 6439 5346 7419
3264 9 2 3 1 1477 1479 1942 6129 7420 7410
3265 9 2 3 1 964 890 1908 5859 6719 7421
3266 9 2 3 1 1629 1839 2198 6999 4969 7422
3267 9 2 3 1 901 572 1850 6860 7352 2800
3268 9 2 3 1 1717 903 1914 3704 7423 7424
3269 9 2 3 1 1212 1482 1932 5485 2321 7425
3270 9 2 3 1 1214 1204 1954 4825 4050 7426
3271 9 2 3 1 1628 1627 1807 7166 7152 7427
3272 9 2 3 1 1829 453 2033 5890 7204 7428
3273 9 2 3 1 1774 1700 2163 6052 7237 7429
3274 9 2 3 1 688 666 2057 3858 2969 7027
3275 9 2 3 1 1820 1144 1892 7217 2464 3731
3276 9 2 3 1 872 1881 1913 7430 7431 3091
3277 9 2 3 1 1505 1516 2158 2503 6686 4046
3278 9 2 3 1 868 933 1844 6742 4320 7310
3279 9 2 3 1 751 749 1885 5935 7432 7433
3280 9 2 3 1 1485 1996 2003 7287 7434 5847
3281 9 2 3 1 1787 1399 1921 3004 7435 7271
3282 9 2 3 1 1638 1637 1797 7097 7169 6690
3283 9 2 3 1 1717 1914 1943 7424 7436 7302
3284 9 2 3 1 1691 496 1861 7181 3142 7437
3285 9 2 3 1 1232 788 1827 6993 7359 7438
3286 9 2 3 1 698 694 1853 6927 7316 7439
3287 9 2 3 1 1599 1117 2162 2409 7265 7440
3288 9 2 3 1 1321 1323 2201 3538 7441 4347
3289 9 2 3 1 863 842 1858 6849 7354 2533
3290 9 2 3 1 1324 1202 1976 5754 6839 5116
3291 9 2 3 1 1149 1722 2112 6042 7442 7443
3292 9 2 3 1 727 891 1868 6848 5839 7363
3293 9 2 3 1 1722 1296 2059 7444 4572 7445
3294 9 2 3 1 1419 1797 2014 6047 7446 4316
3295 9 2 3 1 1649 475 1938 6851 3047 7447
3296 9 2 3 1 910 765 2025 6714 7448 6644
3297 9 2 3 1 1817 534 1959 6967 7449 6625
3298 9 2 3 1 1767 1028 1941 6529 7215 7450
3299 9 2 3 1 1068 1056 2108 6440 7451 6000
3300 9 2 3 1 840 863 1845 6850 7452 7318
3301 9 2 3 1 831 835 2031 6732 6912 7453
3302 9 2 3 1 1758 596 1864 6835 7402 7255
3303 9 2 3 1 1233 1234 1866 7014 7225 7454
3304 9 2 3 1 1457 1459 2156 4021 7455 6038
3305 9 2 3 1 534 531 1959 5902 6900 7449
3306 9 2 3 1 1010 740 1890 6970 7456 5934
3307 9 2 3 1 1806 444 1980 6953 7457 7458
3308 9 2 3 1 1097 1894 2160 7459 7460 7030
3309 9 2 3 1 1218 1077 1863 6879 7357 5702
3310 9 2 3 1 1291 1525 2096 3804 7461 4593
3311 9 2 3 1 919 917 1904 5810 7462 7463
3312 9 2 3 1 885 641 1875 6946 7391 7227
3313 9 2 3 1 1072 1252 1960 6543 7464 7136
3314 9 2 3 1 2042 1679 2194 3483 7465 7466
3315 9 2 3 1 966 968 1964 5565 7467 7343
3316 9 2 3 1 805 1789 1994 6594 2453 7174
3317 9 2 3 1 968 1820 1964 7008 6136 7467
3318 9 2 3 1 1969 1443 2068 7468 7469 7470
3319 9 2 3 1 1793 1144 2153 2462 7471 7472
3320 9 2 3 1 1404 1405 1945 6544 3247 5183
3321 9 2 3 1 827 829 1916 6938 7473 7320
3322 9 2 3 1 1768 965 2147 3952 7474 2546
3323 9 2 3 1 1371 1283 1998 5461 7475 5285
3324 9 2 3 1 1179 1051 2163 6669 7476 7236
3325 9 2 3 1 1368 1851 2089 4056 7184 6027
3326 9 2 3 1 1601 1600 2161 7114 7477 4779
3327 9 2 3 1 1710 1193 1960 6438 7203 7478
3328 9 2 3 1 1039 1874 1953 6872 7479 7276
3329 9 2 3 1 1236 1866 2102 7480 7041 5858
3330 9 2 3 1 1752 27 2052 5628 6598 7481
3331 9 2 3 1 1801 562 1946 5154 6862 7482
3332 9 2 3 1 740 738 1890 6458 7483 7456
3333 9 2 3 1 993 1132 2109 6755 7368 7484
3334 9 2 3 1 871 791 1859 6939 7344 7485
3335 9 2 3 1 1670 1887 2142 7157 3845 7486
3336 9 2 3 1 1112 1409 1991 5808 3451 6841
3337 9 2 3 1 1623 1776 1910 7100 4909 7350
3338 9 2 3 1 761 759 1947 6668 6923 6663
3339 9 2 3 1 570 901 1983 6861 5040 7487
3340 9 2 3 1 777 753 1896 6156 7488 7489
3341 9 2 3 1 1427 1614 1934 6837 2265 7200
3342 9 2 3 1 1650 1842 2118 7124 2958 7490
3343 9 2 3 1 1236 1233 1866 6925 7454 7480
3344 9 2 3 1 567 2102 2103 4120 7043 5021
3345 9 2 3 1 1079 1182 1863 6959 7491 7356
3346 9 2 3 1 1718 1117 2193 5375 2694 6720
3347 9 2 3 1 1284 1187 2168 6436 7279 3079
3348 9 2 3 1 2149 2087 2152 7492 7493 7494
3349 9 2 3 1 588 1831 1944 7139 4543 7405
3350 9 2 3 1 733 971 1870 6933 4118 7361
3351 9 2 3 1 1525 1683 2096 4091 5677 7461
3352 9 2 3 1 793 871 1871 6940 7495 7381
3353 9 2 3 1 1792 1793 2153 3983 7472 7496
3354 9 2 3 1 1790 1039 1930 6929 7275 6107
3355 9 2 3 1 1395 1775 2136 2222 7497 7498
3356 9 2 3 1 1460 1769 2171 2937 7499 7054
3357 9 2 3 1 813 1231 1891 7071 7500 7319
3358 9 2 3 1 799 796 1871 6969 7382 7501
3359 9 2 3 1 1052 1774 2163 6876 7429 7502
3360 9 2 3 1 540 538 1962 6587 7407 7298
3361 9 2 3 1 786 722 1909 5190 6411 7503
3362 9 2 3 1 1651 440 1968 6444 7504 7300
3363 9 2 3 1 844 847 1858 6945 7411 7353
3364 9 2 3 1 971 729 1868 6932 7364 5281
3365 9 2 3 1 1722 1297 2112 7505 3702 7442
3366 9 2 3 1 639 885 1898 6947 5846 7390
3367 9 2 3 1 469 1631 1961 6525 5497 2714
3368 9 2 3 1 1122 1549 2195 5973 7506 7507
3369 9 2 3 1 445 1655 1972 6827 7508 2620
3370 9 2 3 1 938 986 1877 7037 4481 7376
3371 9 2 3 1 1297 1722 2059 7505 7445 5521
3372 9 2 3 1 1144 1013 2153 6606 7509 7471
3373 9 2 3 1 869 747 1870 7004 7362 7510
3374 9 2 3 1 1126 1372 1854 6907 7511 7358
3375 9 2 3 1 1243 970 1909 7128 7512 7118
3376 9 2 3 1 1941 1723 2114 7214 7513 7514
3377 9 2 3 1 1318 1647 2145 5577 6794 7515
3378 9 2 3 1 856 872 1879 7003 3090 7408
3379 9 2 3 1 1942 1479 1955 7420 7260 4843
3380 9 2 3 1 873 850 1882 6984 7399 7516
3381 9 2 3 1 1182 1377 1963 7015 3761 7517
3382 9 2 3 1 1683 487 1826 7224 7268 4692
3383 9 2 3 1 1274 2107 2149 5280 7518 7519
3384 9 2 3 1 1015 1792 2153 6817 7496 7520
3385 9 2 3 1 645 647 2058 6327 7195 7521
3386 9 2 3 1 1800 1230 1929 7522 3313 7284
3387 9 2 3 1 1108 1110 2015 4846 7321 6956
3388 9 2 3 1 655 656 1974 5939 2395 7314
3389 9 2 3 1 1177 1841 2002 7367 7150 7523
3390 9 2 3 1 934 954 2157 6718 5967 7524
3391 9 2 3 1 738 783 1890 6966 4905 7483
3392 9 2 3 1 1221 1210 1988 5096 7525 7526
3393 9 2 3 1 1268 1370 2140 5311 7527 7528
3394 9 2 3 1 1113 1840 2187 2318 7529 7387
3395 9 2 3 1 633 1809 2000 7074 7530 7531
3396 9 2 3 1 1659 1857 2056 7253 3579 7532
3397 9 2 3 1 1664 486 2092 6892 7533 7241
3398 9 2 3 1 423 1649 2182 6790 7534 7535
3399 9 2 3 1 862 854 1879 7033 7409 2625
3400 9 2 3 1 749 869 1885 7005 7536 7432
3401 9 2 3 1 903 870 1911 6633 7537 7538
3402 9 2 3 1 1489 1099 1965 4567 7341 5318
3403 9 2 3 1 1660 438 1958 6482 7539 7333
3404 9 2 3 1 1086 964 1908 7035 7421 3830
3405 9 2 3 1 473 1641 1975 6576 5736 2726
3406 9 2 3 1 1546 1798 2079 4471 7149 6385
3407 9 2 3 1 1362 1364 1957 5661 7540 6508
3408 9 2 3 1 698 1764 2034 3779 7281 7541
3409 9 2 3 1 1780 1567 2151 2841 7232 7542
3410 9 2 3 1 1854 1372 2098 7511 2890 4568
3411 9 2 3 1 1648 424 2067 6433 7543 7544
3412 9 2 3 1 1173 1242 2137 6424 7545 7261
3413 9 2 3 1 940 942 1918 6137 7546 7547
3414 9 2 3 1 852 862 1882 7034 2865 7398
3415 9 2 3 1 878 777 1896 7063 7489 4515
3416 9 2 3 1 1037 1780 2151 6445 7542 7548
3417 9 2 3 1 1922 1214 1954 7219 7426 7549
3418 9 2 3 1 1270 1395 2136 6095 7498 7550
3419 9 2 3 1 1827 794 2076 7306 5636 7551
3420 9 2 3 1 1530 1260 2039 5430 7552 2628
3421 9 2 3 1 1786 630 1951 5675 7553 7380
3422 9 2 3 1 447 1690 2090 6874 6549 7554
3423 9 2 3 1 768 1947 2020 6664 7555 5215
3424 9 2 3 1 1416 1414 2070 3842 4424 7273
3425 9 2 3 1 1855 1540 2127 5261 5946 7556
3426 9 2 3 1 1900 1767 1941 7370 7450 7328
3427 9 2 3 1 463 1682 2110 5250 6035 3756
3428 9 2 3 1 87 506 2055 5359 7557 6689
3429 9 2 3 1 1107 1130 2146 6114 5869 7558
3430 9 2 3 1 1703 1408 1950 6464 2861 7559
3431 9 2 3 1 1922 912 2117 7560 5922 5005
3432 9 2 3 1 1327 1703 1950 4716 7559 7392
3433 9 2 3 1 557 559 2044 6831 7394 7561
3434 9 2 3 1 1305 1715 1906 7099 2227 7418
3435 9 2 3 1 1809 1413 2000 7562 2682 7530
3436 9 2 3 1 1534 1922 2035 7220 4336 5584
3437 9 2 3 1 2023 1360 2172 7326 6278 7346
3438 9 2 3 1 860 1041 2166 6920 7563 7564
3439 9 2 3 1 1372 1255 2104 6906 7565 5639
3440 9 2 3 1 1624 417 1990 6139 7566 7567
3441 9 2 3 1 877 751 1885 7079 7433 4040
3442 9 2 3 1 2054 1535 2191 7295 7568 7077
3443 9 2 3 1 631 633 2000 4939 7531 7209
3444 9 2 3 1 1253 1744 2160 4578 7569 7570
3445 9 2 3 1 9 505 2060 5360 7571 6698
3446 9 2 3 1 1666 488 2008 7104 7572 4866
3447 9 2 3 1 1813 1433 2196 3038 4024 7235
3448 9 2 3 1 506 1714 2203 5418 7573 7412
3449 9 2 3 1 48 507 2052 5362 7574 6599
3450 9 2 3 1 1888 489 2184 7025 7575 7576
3451 9 2 3 1 1748 1198 1869 4399 5193 7332
3452 9 2 3 1 942 945 1918 7102 6845 7546
3453 9 2 3 1 1415 1418 2095 3699 7577 4604
3454 9 2 3 1 1779 799 1897 7110 7578 6259
3455 9 2 3 1 753 877 1896 7080 5300 7488
3456 9 2 3 1 682 658 1978 6701 6681 6615
3457 9 2 3 1 1692 1691 1861 7312 7437 5303
3458 9 2 3 1 1448 1959 2177 6626 7083 4077
3459 9 2 3 1 1840 1707 2187 7032 6915 7529
3460 9 2 3 1 1272 1791 1970 6403 7579 7580
3461 9 2 3 1 697 698 2034 6928 7541 7581
3462 9 2 3 1 491 1628 1940 7167 7582 7396
3463 9 2 3 1 1265 830 2031 7165 7583 7406
3464 9 2 3 1 1917 1266 2141 7292 4187 7584
3465 9 2 3 1 1212 1932 2010 7425 6471 7164
3466 9 2 3 1 832 1891 2077 7142 7585 7586
3467 9 2 3 1 802 710 2189 6834 7587 2951
3468 9 2 3 1 140 141 2078 160 6189 4168
3469 9 2 3 1 1223 1221 1997 5274 7588 7589
3470 9 2 3 1 1785 1784 1983 6949 7590 5091
3471 9 2 3 1 1635 1992 2014 7591 4317 7592
3472 9 2 3 1 1889 1002 2082 4197 7593 5814
3473 9 2 3 1 1549 1388 2195 7386 4446 7506
3474 9 2 3 1 575 1952 2061 6944 7594 6575
3475 9 2 3 1 1874 1566 1953 7595 2616 7479
3476 9 2 3 1 1779 1680 1966 6258 5147 7596
3477 9 2 3 1 630 667 1951 6507 6974 7553
3478 9 2 3 1 1845 863 2013 7452 2402 7331
3479 9 2 3 1 982 919 1904 7122 7463 7597
3480 9 2 3 1 870 878 1911 7064 4828 7537
3481 9 2 3 1 1153 1151 1967 5733 6722 7598
3482 9 2 3 1 808 1785 2074 6950 7599 7600
3483 9 2 3 1 1237 2001 2002 7094 7601 2977
3484 9 2 3 1 1635 435 1992 6353 7602 7591
3485 9 2 3 1 1802 1422 2197 7415 5659 5128
3486 9 2 3 1 986 940 1918 7036 7547 2383
3487 9 2 3 1 1712 808 2074 4837 7600 4702
3488 9 2 3 1 440 1644 1968 7121 5543 7504
3489 9 2 3 1 1791 1129 1970 6724 7051 7579
3490 9 2 3 1 917 965 1904 7106 3954 7462
3491 9 2 3 1 1709 1865 2009 7384 7148 7603
3492 9 2 3 1 1019 1819 1939 6704 3770 6297
3493 9 2 3 1 1726 1737 2028 6069 7604 6767
3494 9 2 3 1 568 570 1983 6653 7487 7605
3495 9 2 3 1 1471 1693 2121 5507 6822 6395
3496 9 2 3 1 1628 1807 1905 7427 7192 7606
3497 9 2 3 1 1735 1317 2125 5382 7607 5334
3498 9 2 3 1 1364 1447 1957 7067 2312 7540
3499 9 2 3 1 1317 1223 1997 6986 7589 7608
3500 9 2 3 1 1881 1595 1913 2809 5050 7431
3501 9 2 3 1 1418 1848 1940 5464 7323 7609
3502 9 2 3 1 1769 689 2171 7249 5608 7499
3503 9 2 3 1 1672 1671 2022 7163 7610 7611
3504 9 2 3 1 1859 1235 2042 5830 5176 7612
3505 9 2 3 1 1340 1465 1995 5621 2551 6825
3506 9 2 3 1 472 1639 2181 6545 7613 7614
3507 9 2 3 1 1963 724 2053 3108 6570 5203
3508 9 2 3 1 1665 1666 2130 7105 4834 7615
3509 9 2 3 1 1260 1801 1946 7208 7482 7616
3510 9 2 3 1 1619 1880 2049 7135 4172 7617
3511 9 2 3 1 1856 1384 1878 6901 4418 5197
3512 9 2 3 1 1784 568 1983 7197 7605 7590
3513 9 2 3 1 1902 1751 2050 7366 7618 6099
3514 9 2 3 1 421 1654 2003 6815 3267 7619
3515 9 2 3 1 1783 1230 1800 5660 7522 7365
3516 9 2 3 1 990 1149 2112 3848 7443 4654
3517 9 2 3 1 799 1871 1897 7501 7620 7578
3518 9 2 3 1 1232 1827 2076 7438 7551 7621
3519 9 2 3 1 1317 1997 2125 7608 7622 7607
3520 9 2 3 1 1644 1643 2081 7120 7623 6802
3521 9 2 3 1 1058 1825 2108 7108 7624 7625
3522 9 2 3 1 1197 1829 2033 7226 7428 2633
3523 9 2 3 1 1777 1275 1952 7213 7626 7404
3524 9 2 3 1 493 1669 1982 6646 4727 5174
3525 9 2 3 1 1720 622 2127 5720 7627 5323
3526 9 2 3 1 1677 1262 2115 7125 7628 7379
3527 9 2 3 1 1450 1153 1967 7109 7598 2416
3528 9 2 3 1 1655 484 1993 6897 7629 7630
3529 9 2 3 1 1778 879 2012 5481 3213 5656
3530 9 2 3 1 1131 1728 2097 2906 4998 7631
3531 9 2 3 1 1701 1322 2120 4287 6978 5528
3532 9 2 3 1 970 786 1909 7131 7503 7512
3533 9 2 3 1 1002 921 2082 6211 7632 7593
3534 9 2 3 1 1405 1749 2038 5115 4877 3123
3535 9 2 3 1 1744 1096 2160 6916 7031 7569
3536 9 2 3 1 507 1752 2052 7153 7481 7574
3537 9 2 3 1 1768 1443 1969 5722 7468 5034
3538 9 2 3 1 1332 1331 2035 6290 6043 4335
3539 9 2 3 1 467 1635 2014 6541 7592 7633
3540 9 2 3 1 962 2043 2140 5833 7634 7635
3541 9 2 3 1 488 1621 2008 6883 2556 7572
3542 9 2 3 1 1838 1747 2106 6071 7636 7637
3543 9 2 3 1 1714 1241 2203 2255 7638 7573
3544 9 2 3 1 187 186 2093 218 7301 7269
3545 9 2 3 1 1826 1620 2029 7267 7639 4306
3546 9 2 3 1 1508 1912 2143 4796 7640 6857
3547 9 2 3 1 417 1601 1990 7115 4426 7566
3548 9 2 3 1 506 1816 2055 5651 7641 7557
3549 9 2 3 1 1652 421 1996 6490 7642 7643
3550 9 2 3 1 1948 423 2182 2946 7535 7644
3551 9 2 3 1 1260 1946 2039 7616 7299 7552
3552 9 2 3 1 765 772 2025 6358 7369 7448
3553 9 2 3 1 1446 1697 2065 5762 7645 2922
3554 9 2 3 1 1797 467 2014 7168 7633 7446
3555 9 2 3 1 455 1710 2175 5345 7646 7647
3556 9 2 3 1 474 1821 2081 7038 7648 7649
3557 9 2 3 1 1251 1599 2020 6734 7650 7651
3558 9 2 3 1 1370 1973 2140 4547 7652 7527
3559 9 2 3 1 2068 1443 2204 7469 5037 7653
3560 9 2 3 1 1510 2141 2185 6094 4188 5548
3561 9 2 3 1 1697 1319 2065 6051 7234 7645
3562 9 2 3 1 1684 1406 2202 5327 7654 7338
3563 9 2 3 1 622 1855 2127 7383 7556 7627
3564 9 2 3 1 1722 1397 2191 6041 7078 7655
3565 9 2 3 1 1895 716 1989 7132 7244 7348
3566 9 2 3 1 1772 476 2186 6931 7656 7657
3567 9 2 3 1 913 1122 2195 3729 7507 4430
3568 9 2 3 1 830 831 2031 5905 7453 7583
3569 9 2 3 1 1535 1296 2191 5086 7658 7568
3570 9 2 3 1 1785 1475 2074 7659 5460 7599
3571 9 2 3 1 872 858 2166 7002 7660 7661
3572 9 2 3 1 1747 1502 2106 5968 2548 7636
3573 9 2 3 1 1519 1689 2080 4988 7662 6028
3574 9 2 3 1 1432 1996 2154 7663 7289 5665
3575 9 2 3 1 444 1674 1980 7212 3547 7457
3576 9 2 3 1 435 1848 1992 7190 7664 7602
3577 9 2 3 1 1761 1095 2018 5252 7665 4818
3578 9 2 3 1 1873 1603 2173 6340 5153 7666
3579 9 2 3 1 987 1849 2009 4868 5161 7147
3580 9 2 3 1 1170 1268 2043 5189 7667 7668
3581 9 2 3 1 1891 1231 2077 7500 7669 7585
3582 9 2 3 1 1194 1928 2159 7419 7670 7671
3583 9 2 3 1 1620 447 2029 6804 7672 7639
3584 9 2 3 1 1294 1215 2062 5024 5258 2904
3585 9 2 3 1 903 1911 1914 7538 3345 7423
3586 9 2 3 1 1652 1996 2200 7643 7673 7674
3587 9 2 3 1 1245 1243 2063 6885 7119 6858
3588 9 2 3 1 1738 464 2086 6419 6346 7675
3589 9 2 3 1 485 1661 2099 7171 7676 7677
3590 9 2 3 1 1609 1806 1980 7087 7458 7280
3591 9 2 3 1 1671 492 2022 6896 7678 7610
3592 9 2 3 1 1289 1903 2104 7206 7679 7680
3593 9 2 3 1 829 1779 1966 7305 7596 7681
3594 9 2 3 1 1999 1454 2044 6917 2315 7393
3595 9 2 3 1 1221 1988 1997 7526 7682 7588
3596 9 2 3 1 1881 872 2166 7430 7661 7683
3597 9 2 3 1 1952 1275 2061 7626 7684 7594
3598 9 2 3 1 982 1904 1969 7597 5035 7685
3599 9 2 3 1 1863 1182 1963 7491 7517 5202
3600 9 2 3 1 1805 480 2200 7146 7686 3706
3601 9 2 3 1 1689 448 2080 7021 7687 7662
3602 9 2 3 1 980 1811 2159 6751 7688 6236
3603 9 2 3 1 1040 1597 2139 4423 3430 3960
3604 9 2 3 1 1972 1655 1993 7508 7630 7339
3605 9 2 3 1 721 697 2034 5493 7581 7689
3606 9 2 3 1 1487 1656 2099 3571 7690 7691
3607 9 2 3 1 1971 1648 2067 4114 7544 7692
3608 9 2 3 1 1475 1785 1986 7659 5092 7028
3609 9 2 3 1 563 557 2044 5969 7561 2314
3610 9 2 3 1 1537 1941 2114 7329 7514 7266
3611 9 2 3 1 1757 1738 2086 6759 7675 7693
3612 9 2 3 1 1339 1995 2088 6826 7694 3806
3613 9 2 3 1 1041 1881 2166 2680 7683 7563
3614 9 2 3 1 505 1788 2060 7061 7695 7571
3615 9 2 3 1 1988 897 1997 6397 7696 7682
3616 9 2 3 1 1511 1917 2141 6601 7584 6093
3617 9 2 3 1 1914 1206 1943 3680 7697 7436
3618 9 2 3 1 452 1924 2037 6852 7187 6519
3619 9 2 3 1 1234 1232 2076 7013 7621 7698
3620 9 2 3 1 1103 1102 2121 6466 5526 6821
3621 9 2 3 1 1411 1949 2024 3607 4856 3082
3622 9 2 3 1 698 1853 1987 7439 5427 3780
3623 9 2 3 1 1406 1773 2202 3561 7699 7654
3624 9 2 3 1 495 1645 2026 6592 5763 5459
3625 9 2 3 1 1945 1309 1981 5470 7291 5184
3626 9 2 3 1 1277 1746 2126 3265 6726 7700
3627 9 2 3 1 1672 2022 2023 7611 7701 6756
3628 9 2 3 1 479 1910 2161 7351 7702 7703
3629 9 2 3 1 1639 1381 2181 2683 5329 7613
3630 9 2 3 1 1788 144 2060 6260 6700 7695
3631 9 2 3 1 650 645 2058 6727 7521 5914
3632 9 2 3 1 1832 1133 2147 6819 2351 7704
3633 9 2 3 1 2092 1318 2145 6004 7515 7242
3634 9 2 3 1 486 1619 2049 6887 7617 7705
3635 9 2 3 1 1166 1713 2124 5873 7336 7198
3636 9 2 3 1 1721 1280 2133 3814 3357 5975
3637 9 2 3 1 1409 1299 2129 5807 3330 7218
3638 9 2 3 1 1947 1251 2020 7084 7651 7555
3639 9 2 3 1 489 1626 2030 6855 6818 7706
3640 9 2 3 1 419 1625 2071 6739 7707 2820
3641 9 2 3 1 1147 1884 2006 3471 7708 7372
3642 9 2 3 1 1207 1143 2167 5653 7172 5821
3643 9 2 3 1 1867 1228 2173 3490 7709 5926
3644 9 2 3 1 465 1907 2083 7395 5124 7710
3645 9 2 3 1 1242 1812 2137 5984 5416 7545
3646 9 2 3 1 1044 1201 2113 5740 7711 6705
3647 9 2 3 1 891 1828 2032 6171 6791 4632
3648 9 2 3 1 1625 471 2054 6772 5641 7712
3649 9 2 3 1 1775 932 2136 5734 7713 7497
3650 9 2 3 1 484 1659 2056 6638 7532 7714
3651 9 2 3 1 994 993 2109 6056 7484 7355
3652 9 2 3 1 1095 1422 2018 6776 7416 7665
3653 9 2 3 1 1282 1371 2091 5462 4378 5534
3654 9 2 3 1 1816 66 2055 6550 6688 7641
3655 9 2 3 1 1241 1578 2203 5983 7413 7638
3656 9 2 3 1 1661 1981 2099 3751 7715 7676
3657 9 2 3 1 1231 1266 2077 7113 7294 7669
3658 9 2 3 1 1210 1192 2116 4778 5667 7716
3659 9 2 3 1 1630 2087 2149 7717 7492 7718
3660 9 2 3 1 1201 1324 2128 5755 3645 7719
3661 9 2 3 1 2001 1177 2002 7720 7523 7601
3662 9 2 3 1 1255 1289 2104 5150 7680 7565
3663 9 2 3 1 1825 1516 2108 5799 6001 7624
3664 9 2 3 1 1996 421 2003 7642 7619 7434
3665 9 2 3 1 1884 1256 2006 5071 3448 7708
3666 9 2 3 1 1864 1709 2009 7401 7603 5160
3667 9 2 3 1 1643 474 2081 6833 7649 7623
3668 9 2 3 1 1056 1058 2108 5545 7625 7451
3669 9 2 3 1 1005 1170 2111 4933 7721 5856
3670 9 2 3 1 1296 1722 2191 7444 7655 7658
3671 9 2 3 1 1928 1570 2159 7044 6237 7670
3672 9 2 3 1 1630 442 2087 6276 7722 7717
3673 9 2 3 1 829 1966 1998 7681 5286 7723
3674 9 2 3 1 424 1869 2067 7056 7374 7543
3675 9 2 3 1 1051 1052 2163 5780 7502 7476
3676 9 2 3 1 1275 1572 2061 7075 2346 7684
3677 9 2 3 1 1634 465 2083 6777 7710 6799
3678 9 2 3 1 912 1922 1954 7560 7549 4719
3679 9 2 3 1 1958 438 2130 7539 7724 7725
3680 9 2 3 1 1439 1772 2186 3627 7657 4976
3681 9 2 3 1 1013 1015 2153 5809 7520 7509
3682 9 2 3 1 1824 1862 2028 7324 7726 7727
3683 9 2 3 1 1988 1210 2116 7525 7716 7728
3684 9 2 3 1 1561 1888 2184 4950 7576 7285
3685 9 2 3 1 1485 1894 2154 7270 7729 7288
3686 9 2 3 1 1615 1277 2126 6513 7700 2278
3687 9 2 3 1 1632 470 2107 6783 7730 4255
3688 9 2 3 1 1773 805 2202 6745 7176 7699
3689 9 2 3 1 921 982 2082 7123 7731 7632
3690 9 2 3 1 1940 1628 2075 7582 7732 7733
3691 9 2 3 1 1938 1379 2182 5903 7734 7735
3692 9 2 3 1 1274 2149 2152 7519 7494 4583
3693 9 2 3 1 1625 2054 2071 7712 7375 7707
3694 9 2 3 1 2113 1201 2128 7711 7719 7736
3695 9 2 3 1 1262 1834 2115 6808 5208 7628
3696 9 2 3 1 1132 1131 2097 6754 7631 4540
3697 9 2 3 1 1737 1824 2028 7151 7727 7604
3698 9 2 3 1 1120 1065 2187 6141 7388 6914
3699 9 2 3 1 1261 1757 2086 6856 7693 7186
3700 9 2 3 1 1917 832 2077 7193 7586 7293
3701 9 2 3 1 438 1665 2130 6809 7615 7724
3702 9 2 3 1 933 934 2157 6084 7524 3076
3703 9 2 3 1 1956 1580 2050 5930 6100 5648
3704 9 2 3 1 1997 897 2125 7696 5866 7622
3705 9 2 3 1 476 1650 2118 6605 7490 7737
3706 9 2 3 1 1358 1903 2172 3046 7738 6277
3707 9 2 3 1 1177 2001 2177 7720 4078 7739
3708 9 2 3 1 1600 479 2161 6311 7703 7477
3709 9 2 3 1 1723 1087 2114 6514 5812 7513
3710 9 2 3 1 556 1921 2190 7278 7740 7741
3711 9 2 3 1 1656 485 2099 6891 7677 7690
3712 9 2 3 1 448 1692 2080 7313 4893 7687
3713 9 2 3 1 1751 1849 2050 7011 5649 7618
3714 9 2 3 1 1943 1206 2048 7697 7006 7742
3715 9 2 3 1 1916 829 1998 7473 7723 7743
3716 9 2 3 1 1993 484 2056 7629 7714 7744
3717 9 2 3 1 1400 2132 2190 7745 7746 7057
3718 9 2 3 1 1889 1520 2139 6097 3961 4198
3719 9 2 3 1 809 1836 2040 7340 7240 5768
3720 9 2 3 1 430 1664 2145 6812 7243 6793
3721 9 2 3 1 470 1630 2149 6533 7718 7747
3722 9 2 3 1 1413 1809 2174 7562 7093 5309
3723 9 2 3 1 710 707 2189 5728 5786 7587
3724 9 2 3 1 494 1670 2142 6628 7486 2213
3725 9 2 3 1 442 1636 2164 6710 6329 7748
3726 9 2 3 1 2132 1400 2156 7745 5364 7749
3727 9 2 3 1 1240 1943 2048 7414 7742 2701
3728 9 2 3 1 1760 1481 2148 6904 3825 5227
3729 9 2 3 1 1438 1919 2066 7262 7750 3734
3730 9 2 3 1 1566 1874 2151 7595 7751 7231
3731 9 2 3 1 982 2068 2082 7752 5815 7731
3732 9 2 3 1 1754 1342 2135 4772 6616 6758
3733 9 2 3 1 2022 1493 2023 7753 7327 7701
3734 9 2 3 1 1170 2043 2111 7668 7754 7721
3735 9 2 3 1 1821 1279 2081 2602 6803 7648
3736 9 2 3 1 858 860 2166 6565 7564 7660
3737 9 2 3 1 492 1668 2155 6629 7016 7755
3738 9 2 3 1 530 1177 2177 6798 7739 7082
3739 9 2 3 1 954 1878 2119 7417 4919 6773
3740 9 2 3 1 1418 2075 2095 7756 7397 7577
3741 9 2 3 1 871 1859 2042 7485 7612 7757
3742 9 2 3 1 1912 1387 2143 6934 4610 7640
3743 9 2 3 1 2022 492 2155 7678 7755 7758
3744 9 2 3 1 1748 472 2181 7039 7614 5088
3745 9 2 3 1 1323 2019 2201 6580 7759 7441
3746 9 2 3 1 1996 1432 2200 7663 3707 7673
3747 9 2 3 1 468 1629 2198 6515 7422 3154
3748 9 2 3 1 952 1838 2106 7245 7637 2677
3749 9 2 3 1 982 1969 2068 7685 7470 7752
3750 9 2 3 1 1829 1107 2146 7155 7558 5891
3751 9 2 3 1 1894 1253 2160 7177 7570 7460
3752 9 2 3 1 1919 1563 2066 5997 7389 7750
3753 9 2 3 1 1874 1037 2151 7134 7548 7751
3754 9 2 3 1 480 1652 2200 6621 7674 7686
3755 9 2 3 1 1220 1763 2101 7185 2479 5848
3756 9 2 3 1 1811 1194 2159 6870 7671 7688
3757 9 2 3 1 1960 1252 2175 7464 7760 7761
3758 9 2 3 1 1628 1905 2075 7606 5743 7732
3759 9 2 3 1 871 2042 2194 7757 7466 7762
3760 9 2 3 1 1710 1960 2175 7478 7761 7646
3761 9 2 3 1 1903 1491 2172 7205 7347 7738
3762 9 2 3 1 1848 1417 1992 5463 4151 7664
3763 9 2 3 1 1862 1592 2028 6784 6768 7726
3764 9 2 3 1 1903 955 2104 3045 5640 7679
3765 9 2 3 1 2087 442 2164 7722 7748 7763
3766 9 2 3 1 1483 2113 2128 4195 7736 7059
3767 9 2 3 1 1252 1931 2175 7764 7765 7760
3768 9 2 3 1 1418 1940 2075 7609 7733 7756
3769 9 2 3 1 721 2034 2063 7689 7282 6222
3770 9 2 3 1 1931 1252 2165 7764 6435 6650
3771 9 2 3 1 1283 1916 1998 5196 7743 7475
3772 9 2 3 1 1981 1487 2099 7290 7691 7715
3773 9 2 3 1 965 1832 2147 6418 7704 7474
3774 9 2 3 1 1894 1097 2154 7459 5666 7729
3775 9 2 3 1 1910 1401 2161 2385 4780 7702
3776 9 2 3 1 1931 455 2175 6910 7647 7765
3777 9 2 3 1 2107 470 2149 7730 7747 7518
3778 9 2 3 1 1803 556 2132 7173 7766 7767
3779 9 2 3 1 1933 1270 2136 7371 7550 7768
3780 9 2 3 1 1905 1307 2047 7191 7238 7403
3781 9 2 3 1 1833 730 2188 6902 6023 7315
3782 9 2 3 1 2007 1234 2076 5301 7698 5635
3783 9 2 3 1 1213 1842 2069 3366 3062 4730
3784 9 2 3 1 2030 1288 2184 5879 7286 7769
3785 9 2 3 1 1921 1399 2190 7435 7058 7740
3786 9 2 3 1 1990 1295 2192 4425 7202 7770
3787 9 2 3 1 2029 447 2090 7672 7554 7771
3788 9 2 3 1 873 1882 2123 7516 4227 5706
3789 9 2 3 1 1329 1988 2116 6398 7728 2815
3790 9 2 3 1 1649 1938 2182 7447 7735 7534
3791 9 2 3 1 1403 1958 2130 5453 7725 4833
3792 9 2 3 1 1459 1803 2132 7161 7767 7772
3793 9 2 3 1 932 1933 2136 3401 7768 7713
3794 9 2 3 1 1995 594 2088 3023 6789 7694
3795 9 2 3 1 456 2051 2183 7307 7309 6842
3796 9 2 3 1 869 1870 2134 7510 5955 7773
3797 9 2 3 1 1897 1871 2194 7620 7774 7775
3798 9 2 3 1 486 2049 2092 7705 7776 7533
3799 9 2 3 1 869 2134 2180 7773 7777 7778
3800 9 2 3 1 1311 2029 2090 4307 7771 5223
3801 9 2 3 1 1228 1873 2173 5031 7666 7709
3802 9 2 3 1 2132 556 2190 7766 7741 7746
3803 9 2 3 1 1374 1971 2067 2389 7692 7373
3804 9 2 3 1 1379 1948 2182 2611 7644 7734
3805 9 2 3 1 1441 1915 2144 6273 4290 4265
3806 9 2 3 1 2043 1402 2111 5832 2282 7754
3807 9 2 3 1 1871 871 2194 7495 7762 7774
3808 9 2 3 1 1624 1990 2192 7567 7770 7349
3809 9 2 3 1 1885 869 2180 7536 7778 5393
3810 9 2 3 1 2049 1315 2092 4171 6005 7776
3811 9 2 3 1 1493 2022 2155 7753 7758 6467
3812 9 2 3 1 2043 1268 2140 7667 7528 7634
3813 9 2 3 1 1606 1993 2056 5443 7744 3982
3814 9 2 3 1 1459 2132 2156 7772 7749 7455
3815 9 2 3 1 1272 1970 2183 7580 7210 6781
3816 9 2 3 1 2020 1599 2162 7650 7440 5216
3817 9 2 3 1 1973 962 2140 5712 7635 7652
3818 9 2 3 1 1545 2087 2164 7779 7763 6964
3819 9 2 3 1 489 2030 2184 7706 7769 7575
3820 9 2 3 1 2134 1573 2180 7103 7345 7777
3821 9 2 3 1 1679 1897 2194 5478 7775 7465
3822 9 2 3 1 476 2118 2186 7737 7780 7656
3823 9 2 3 1 2019 1088 2201 4895 5270 7759
3824 9 2 3 1 1444 2068 2204 6998 7653 5542
3825 9 2 3 1 2087 1545 2152 7779 3283 7493
3826 9 2 3 1 2118 1375 2186 2957 4977 7780
$EndElements
