$MeshFormat
2.2 0 8
$EndMeshFormat
$PhysicalNames
7
1 3 "LeftEdge"
1 4 "RightEdge"
1 5 "LowerEdge"
1 6 "UpperEdge"
1 7 "Hole"
2 1 "LeftPart"
2 2 "RightPart"
$EndPhysicalNames
$Nodes
6398
1 0 0 0
2 2 0 0
3 6 0 0
4 6 4 0
5 2 4 0
6 0 4 0
7 4.6 2 0
8 4 2.6 0
9 3.4 2 0
10 4 1.4 0
11 0.3451984464860349 0 0
12 0.6457112032633354 0 0
13 0.9073227708855144 0 0
14 1.135068840442182 0 0
15 1.333333313480527 0 0
16 1.505932569146917 0 0
17 1.656188941530219 0 0
18 1.786994715688166 0 0
19 1.900867761009707 0 0
20 0.1725992232430409 0 0
21 0.4954548248746852 0 0
22 0.7765169870744248 0 0
23 1.021195805663601 0 0
24 1.234201076961355 0 0
25 1.419632941313722 0 0
26 1.581060755338568 0 0
27 1.721591828609192 0 0
28 1.843931238348937 0 0
29 1.950433880504853 0 0
30 2.100920799041199 0 0
31 2.209480316818561 0 0
32 2.326256795524715 0 0
33 2.451872150909633 0 0
34 2.586995392128248 0 0
35 2.732346198289768 0 0
36 2.888698688829638 0 0
37 3.056885629542206 0 0
38 3.237802708209498 0 0
39 3.43241347977895 0 0
40 3.641754467226772 0 0
41 3.866940612134707 0 0
42 4.109171216129716 0 0
43 4.36973641053129 0 0
44 4.650023926906149 0 0
45 4.951526570698201 0 0
46 5.275850129477637 0 0
47 5.62472194326156 0 0
48 2.050460399520631 0 0
49 2.155200557929906 0 0
50 2.26786855617158 0 0
51 2.389064473217181 0 0
52 2.519433771518904 0 0
53 2.659670795209001 0 0
54 2.810522443559735 0 0
55 2.97279215918588 0 0
56 3.14734416887587 0 0
57 3.335108093994244 0 0
58 3.537083973502847 0 0
59 3.754347539680518 0 0
60 3.98805591413196 0 0
61 4.239453813330567 0 0
62 4.509880168718785 0 0
63 4.800775248802287 0 0
64 5.113688350087536 0 0
65 5.450286036369622 0 0
66 5.812360971631568 0 0
67 6 0.3999999999992587 0
68 6 0.7999999999982315 0
69 6 1.199999999997066 0
70 6 1.5999999999959 0
71 6 1.999999999994777 0
72 6 2.399999999995787 0
73 6 2.79999999999684 0
74 6 3.199999999997893 0
75 6 3.599999999998947 0
76 6 0.1999999999995971 0
77 6 0.5999999999988145 0
78 6 0.9999999999976484 0
79 6 1.399999999996483 0
80 6 1.799999999995338 0
81 6 2.199999999995282 0
82 6 2.599999999996314 0
83 6 2.999999999997367 0
84 6 3.39999999999842 0
85 6 3.799999999999474 0
86 5.624721943263292 4 0
87 5.275850129480865 4 0
88 4.951526570702699 4 0
89 4.650023926911719 4 0
90 4.369736410537765 4 0
91 4.109171216136938 4 0
92 3.866940612141092 4 0
93 3.641754467231337 4 0
94 3.432413479781919 4 0
95 3.237802708211072 4 0
96 3.056885629542566 4 0
97 2.888698688828951 4 0
98 2.732346198288179 4 0
99 2.586995392125885 4 0
100 2.451872150907139 4 0
101 2.326256795522975 4 0
102 2.209480316817483 4 0
103 2.1009207990407 4 0
104 5.81236097163169 4 0
105 5.450286036372047 4 0
106 5.113688350091881 4 0
107 4.800775248807962 4 0
108 4.50988016872442 4 0
109 4.239453813337366 4 0
110 3.988055914139419 4 0
111 3.754347539686215 4 0
112 3.537083973506628 4 0
113 3.335108093996495 4 0
114 3.147344168876819 4 0
115 2.972792159185759 4 0
116 2.810522443558565 4 0
117 2.659670795207032 4 0
118 2.519433771516512 4 0
119 2.389064473215057 4 0
120 2.267868556170229 4 0
121 2.155200557929092 4 0
122 2.05046039952035 4 0
123 1.90086776100939 4 0
124 1.786994715687438 4 0
125 1.656188941530059 4 0
126 1.505932569148038 4 0
127 1.333333313483314 4 0
128 1.135068840447107 4 0
129 0.9073227708915657 4 0
130 0.6457112032678958 4 0
131 0.3451984464885223 4 0
132 1.950433880504702 4 0
133 1.843931238348448 4 0
134 1.721591828608712 4 0
135 1.58106075533903 4 0
136 1.419632941315729 4 0
137 1.234201076964975 4 0
138 1.021195805669604 4 0
139 0.7765169870797306 4 0
140 0.4954548248782089 4 0
141 0.1725992232442612 4 0
142 0 3.599999999998334 0
143 0 3.199999999999999 0
144 0 2.800000000002774 0
145 0 2.400000000005547 0
146 0 2.000000000008235 0
147 0 1.600000000006657 0
148 0 1.200000000004993 0
149 0 0.8000000000033287 0
150 0 0.4000000000016639 0
151 0 3.799999999999343 0
152 0 3.399999999999406 0
153 0 3.000000000001543 0
154 0 2.600000000004237 0
155 0 2.200000000006741 0
156 0 1.800000000007446 0
157 0 1.400000000005825 0
158 0 1.000000000004161 0
159 0 0.6000000000024963 0
160 0 0.200000000000832 0
161 2 0.09999999999981146 0
162 2 0.1999999999995986 0
163 2 0.2999999999994113 0
164 2 0.3999999999992587 0
165 2 0.4999999999990951 0
166 2 0.5999999999988144 0
167 2 0.6999999999985229 0
168 2 0.7999999999982315 0
169 2 0.89999999999794 0
170 2 0.9999999999976484 0
171 2 1.099999999997357 0
172 2 1.199999999997066 0
173 2 1.299999999996774 0
174 2 1.399999999996483 0
175 2 1.499999999996191 0
176 2 1.5999999999959 0
177 2 1.699999999995608 0
178 2 1.799999999995317 0
179 2 1.899999999995025 0
180 2 1.999999999994777 0
181 2 2.099999999994997 0
182 2 2.19999999999526 0
183 2 2.299999999995524 0
184 2 2.399999999995787 0
185 2 2.49999999999605 0
186 2 2.599999999996314 0
187 2 2.699999999996577 0
188 2 2.79999999999684 0
189 2 2.899999999997104 0
190 2 2.999999999997367 0
191 2 3.09999999999763 0
192 2 3.199999999997893 0
193 2 3.299999999998157 0
194 2 3.39999999999842 0
195 2 3.499999999998683 0
196 2 3.599999999998947 0
197 2 3.69999999999921 0
198 2 3.799999999999474 0
199 2 3.899999999999737 0
200 2 0.04999999999990536 0
201 2 0.1499999999997094 0
202 2 0.2499999999994876 0
203 2 0.349999999999335 0
204 2 0.4499999999991769 0
205 2 0.5499999999989547 0
206 2 0.6499999999986686 0
207 2 0.7499999999983772 0
208 2 0.8499999999980857 0
209 2 0.9499999999977942 0
210 2 1.049999999997503 0
211 2 1.149999999997211 0
212 2 1.24999999999692 0
213 2 1.349999999996628 0
214 2 1.449999999996337 0
215 2 1.549999999996045 0
216 2 1.649999999995754 0
217 2 1.749999999995463 0
218 2 1.849999999995171 0
219 2 1.949999999994901 0
220 2 2.049999999994887 0
221 2 2.149999999995129 0
222 2 2.249999999995392 0
223 2 2.349999999995656 0
224 2 2.449999999995919 0
225 2 2.549999999996182 0
226 2 2.649999999996445 0
227 2 2.749999999996708 0
228 2 2.849999999996972 0
229 2 2.949999999997235 0
230 2 3.049999999997499 0
231 2 3.149999999997762 0
232 2 3.249999999998025 0
233 2 3.349999999998289 0
234 2 3.449999999998552 0
235 2 3.549999999998815 0
236 2 3.649999999999078 0
237 2 3.749999999999342 0
238 2 3.849999999999605 0
239 2 3.949999999999869 0
240 4.597950695819554 2.049547607095704 0
241 4.591816782059769 2.098756754059759 0
242 4.581640159518987 2.147291292460643 0
243 4.567490344904413 2.194819681860611 0
244 4.549463995876864 2.241017255056623 0
245 4.527684250526175 2.285568436187596 0
246 4.502299886606542 2.328168895410664 0
247 4.473484305266894 2.368527628090386 0
248 4.441434345792199 2.406368943639906 0
249 4.406368942534466 2.441434346809828 0
250 4.368527627237 2.473484305931112 0
251 4.328168894452778 2.502299887232359 0
252 4.285568435447914 2.527684250926471 0
253 4.241017254550725 2.549463996098772 0
254 4.194819681534578 2.56749034501634 0
255 4.14729129228141 2.581640159564375 0
256 4.098756754345687 2.591816782012056 0
257 4.049547607525998 2.597950695783899 0
258 4.599487455034524 2.024794984497464 0
259 4.595392347876768 2.074215578484503 0
260 4.587230107188161 2.12312920535673 0
261 4.575056489391664 2.17120173482922 0
262 4.558954652686378 2.218104782708336 0
263 4.539034589000197 2.263517953584549 0
264 4.51543237237324 2.307131029871116 0
265 4.488309230047658 2.348646089681589 0
266 4.457850440491972 2.387779543221798 0
267 4.424264068117808 2.424264069306048 0
268 4.387779542232116 2.45785044133019 0
269 4.348646088746269 2.488309230715465 0
270 4.307131029090365 2.515432372838468 0
271 4.263517952873189 2.53903458934796 0
272 4.218104782321016 2.55895465283751 0
273 4.171201734528268 2.575056489481261 0
274 4.123129205303272 2.587230107199371 0
275 4.074215578842089 2.595392347832195 0
276 4.024794984749024 2.599487455024119 0
277 3.950452392781941 2.597950695809416 0
278 3.901243245799598 2.5918167820363 0
279 3.852708707526712 2.581640159515786 0
280 3.805180318083827 2.567490344885339 0
281 3.75898274474959 2.549463995791862 0
282 3.714431563619383 2.527684250421717 0
283 3.671831104488923 2.502299886540939 0
284 3.631472371787587 2.473484305171918 0
285 3.593631056271366 2.44143434571052 0
286 3.558565652944888 2.406368942268017 0
287 3.526515693830736 2.368527626931022 0
288 3.497700112685854 2.328168894327594 0
289 3.472315748957445 2.285568435233409 0
290 3.450536003765047 2.241017254240263 0
291 3.43250965483914 2.194819681113608 0
292 3.41835984031915 2.147291291821463 0
293 3.408183217875727 2.098756753673213 0
294 3.402049304179025 2.049547607078561 0
295 3.975205015332358 2.599487455027486 0
296 3.925784421261009 2.595392347845046 0
297 3.876870794585109 2.587230107175967 0
298 3.828798265237307 2.57505648941147 0
299 3.78189521719692 2.558954652649409 0
300 3.736482046119356 2.539034588855445 0
301 3.692868969964382 2.515432372275219 0
302 3.651353910147657 2.488309229925743 0
303 3.612220456652125 2.457850440385191 0
304 3.575735930539812 2.424264067963669 0
305 3.542149558432421 2.387779541951832 0
306 3.511690769173107 2.348646088590204 0
307 3.484567627009358 2.307131028834983 0
308 3.460965410546452 2.263517952657204 0
309 3.441045346976717 2.218104781844924 0
310 3.424943510390406 2.171201734097207 0
311 3.412769892698163 2.12312920481459 0
312 3.404607652116076 2.074215578427093 0
313 3.400512544960856 2.024794984385755 0
314 3.402049304193131 1.9504523927512 0
315 3.408183217962793 1.901243245805035 0
316 3.418359840482632 1.852708707532962 0
317 3.43250965508658 1.805180318165622 0
318 3.450536004282421 1.758982744580243 0
319 3.472315749633457 1.714431563517431 0
320 3.497700113521501 1.671831104393352 0
321 3.526515694996029 1.631472371571809 0
322 3.558565654403001 1.59363105614805 0
323 3.593631057877023 1.55856565281137 0
324 3.631472373228175 1.526515693706828 0
325 3.671831106012387 1.497700112463732 0
326 3.714431564974159 1.472315748845115 0
327 3.758982745907644 1.450536003700169 0
328 3.805180319012225 1.432509654795941 0
329 3.852708708225898 1.418359840307156 0
330 3.901243246338834 1.408183217873717 0
331 3.9504523929315 1.402049304178191 0
332 3.400512544967297 1.975205015458509 0
333 3.404607652161433 1.925784421209029 0
334 3.412769892825672 1.876870794577295 0
335 3.424943510589217 1.828798265234998 0
336 3.44104534735803 1.781895217177855 0
337 3.460965411187748 1.736482046031003 0
338 3.484567627807348 1.692868969825816 0
339 3.511690770200376 1.651353909971017 0
340 3.542149559830592 1.61222045639735 0
341 3.575735932191894 1.575735930384249 0
342 3.612220458194644 1.542149558308362 0
343 3.651353911606429 1.511690769032713 0
344 3.692868971374385 1.484567626884601 0
345 3.736482047434407 1.460965410501666 0
346 3.781895218310547 1.441045346916053 0
347 3.828798265888677 1.424943510394608 0
348 3.876870795146247 1.412769892706375 0
349 3.925784421519214 1.404607652122768 0
350 3.975205015590316 1.400512544961845 0
351 4.049547607681281 1.402049304228967 0
352 4.098756754577992 1.408183218026708 0
353 4.147291293030461 1.41835984062531 0
354 4.194819682300607 1.432509655246637 0
355 4.241017255810489 1.450536004453812 0
356 4.285568437130351 1.472315749984018 0
357 4.32816889609164 1.497700113838362 0
358 4.368527628659706 1.526515695176224 0
359 4.406368944147712 1.558565654675268 0
360 4.441434347338493 1.593631058039817 0
361 4.473484306419213 1.631472373390112 0
362 4.502299887581783 1.671831106082054 0
363 4.527684251233625 1.714431565119656 0
364 4.549463996372948 1.758982746074333 0
365 4.567490345241486 1.805180319121247 0
366 4.581640159714258 1.852708708310463 0
367 4.591816782100534 1.901243246184533 0
368 4.59795069581777 1.950452392882749 0
369 4.024794984687639 1.400512544973342 0
370 4.074215579335823 1.404607652229349 0
371 4.123129205661461 1.412769892875733 0
372 4.17120173522236 1.424943510725378 0
373 4.218104783307812 1.441045347547538 0
374 4.263517954470752 1.460965411433041 0
375 4.307131030724249 1.484567628135116 0
376 4.348646090383474 1.511690770453478 0
377 4.387779543876105 1.542149560062197 0
378 4.424264069763834 1.575735932339976 0
379 4.457850441783032 1.612220458302552 0
380 4.488309231095055 1.651353911785381 0
381 4.515432373216676 1.69286897154435 0
382 4.539034589568384 1.736482047577696 0
383 4.558954653135328 1.781895218442225 0
384 4.575056489670604 1.82879826610772 0
385 4.587230107303716 1.876870795194373 0
386 4.595392347879107 1.925784421534263 0
387 4.59948745503523 1.975205015519606 0
388 1.911126982805868 3.05282608239525 0
389 1.927659751586798 2.652993573350527 0
390 1.911539761502541 2.249999999995387 0
391 1.913397459621809 1.849999999995171 0
392 1.913397459621809 1.449999999996337 0
393 1.913847985064424 1.043283761835416 0
394 1.909610956092001 3.351435360298633 0
395 1.918826857106907 0.7494942181973538 0
396 1.046765587238536 0.1710461397504726 0
397 1.037595970645157 3.817778624801813 0
398 1.895150313209654 0.4354802727459158 0
399 1.423699255148286 0.1336281703917206 0
400 0.3597839434512977 2.582060442109926 0
401 0.3451993166480182 1.797180871847384 0
402 1.908893939051294 3.647953420688266 0
403 1.437655009515485 3.868022779048351 0
404 1.914510590712719 2.449999999995919 0
405 1.897026490295702 2.84307857147152 0
406 1.925230592515207 2.050265316648385 0
407 1.913397459621809 1.649999999995754 0
408 1.930056686586944 1.252576885607231 0
409 0.322335101944577 0.9849481751952315 0
410 1.918198043275313 0.2548964591563581 0
411 1.729977107363032 3.896379193526395 0
412 1.73503655717242 0.1275255435896412 0
413 0.3224793937201036 3.35898657879436 0
414 0.5286040264722915 0.2769294097105464 0
415 1.915160013976587 3.849155434653909 0
416 0.3360671388841344 0.5762180572107128 0
417 0.6207157705476467 0.8060181849413126 0
418 0.6247040392472907 1.123071586827173 0
419 0.9141741669906076 0.950631329416794 0
420 0.9047528069239871 1.229584695788013 0
421 1.12541442945466 1.103317102836227 0
422 1.134111205947217 1.329542668276765 0
423 1.347091156431811 1.206635373008226 0
424 1.320815935283862 1.001353104104949 0
425 1.337875382738279 1.421449576932511 0
426 1.160851478117073 1.541178454485699 0
427 1.353242338472816 1.619036451503571 0
428 1.188651560875496 1.745673729406088 0
429 1.405027598812767 1.81797959787937 0
430 1.217908297634746 1.949790180086328 0
431 1.405180345595387 2.023813903922909 0
432 1.243042684833498 2.149353382120196 0
433 1.453241018548274 2.218764959978132 0
434 1.275437244811704 2.345575248939685 0
435 1.452648104539298 2.418621030670392 0
436 1.301044678941955 2.539056964379802 0
437 1.496371179368569 2.606682440694457 0
438 1.327219547518466 2.726997252583671 0
439 1.497517328562959 2.791971664159445 0
440 1.35010759957975 2.911886123732305 0
441 1.166344166692732 2.842176892806518 0
442 1.196096432480012 3.039670003374522 0
443 1.407436502109159 3.097174256359276 0
444 0.9930448047192137 2.971388146737052 0
445 1.236565857641792 3.234525742392849 0
446 1.42054610068037 3.28540614472697 0
447 1.08093678760187 2.280222975485127 0
448 1.491352032163395 1.071201231615432 0
449 1.479028563706438 0.8939966394633548 0
450 1.29060442833272 0.8043516415854495 0
451 1.472667368570753 0.7117873729578049 0
452 1.326937525033844 0.6125062853396963 0
453 1.559866012288587 3.185778965463093 0
454 1.582832077967851 3.343578136686481 0
455 1.509584627038806 1.507380152699579 0
456 1.480604346405115 0.5320051076539574 0
457 1.457863231218428 3.452314321391209 0
458 1.612188145077324 3.498648574025493 0
459 1.054454577114095 1.86019248512545 0
460 0.9625707201827236 2.747407546254187 0
461 1.56099060314211 1.921602662829239 0
462 1.634420881556959 0.6452586695232987 0
463 1.625505109302232 0.4672368856106387 0
464 0.8568091571817456 0.6723960735906813 0
465 1.600865882473219 2.325152714858151 0
466 1.627893719040247 0.9744750459237086 0
467 1.641852508827474 1.130090523331207 0
468 1.648558371938369 2.691554319184842 0
469 1.652829754984745 2.844811850621578 0
470 1.331544812648426 0.4397115361007029 0
471 1.696199948076079 3.235368184526556 0
472 0.7677716507273935 2.888232421580099 0
473 0.8108993985980713 3.129856618791388 0
474 0.6798130985549384 1.402739585568151 0
475 1.500851613433541 3.606281290364931 0
476 1.335566177243118 3.562257395918622 0
477 1.646999303159929 3.643405398868532 0
478 1.685623098913739 3.102989376166058 0
479 1.743753235342093 3.545336844691333 0
480 1.173225895935022 0.4908040731086732 0
481 1.747320746212961 0.5531893640232066 0
482 1.760284652505876 0.406770026875066 0
483 1.643041172592949 0.322781887165191 0
484 1.755181040099202 0.6825537812420291 0
485 0.5611266647313751 3.04796686025249 0
486 1.579885292621256 2.079162912359892 0
487 1.70187564257951 1.98426099478638 0
488 1.695186460467131 1.844195903947193 0
489 1.705769372799284 2.12782348230439 0
490 1.611694103686334 2.465819018176606 0
491 1.758873351951789 2.576444542792645 0
492 1.718431363028248 2.372236424398407 0
493 1.784443280892734 2.782133063803676 0
494 0.73903022361102 2.631966809960425 0
495 1.536664132220766 1.668124315284318 0
496 1.661935016278338 1.562268038715079 0
497 1.647869888188559 1.41719671470785 0
498 1.616004863342232 0.8153998159205056 0
499 1.755253186308613 0.8874568961572453 0
500 1.751329385744934 0.2654970701426917 0
501 1.730494314013768 3.385786020081966 0
502 0.5454856537062198 3.7683473898143 0
503 1.503894949569654 1.339341249491288 0
504 1.842601417668128 0.6074240462201581 0
505 1.755851356621347 1.037087001696065 0
506 1.774499505570976 1.165808150909398 0
507 0.3292440121498107 2.183936403533463 0
508 0.5886474931511114 2.02276088313712 0
509 1.527384593712451 2.946248822174851 0
510 1.85389885675974 0.09053188763134626 0
511 1.781851738215547 3.682808733788381 0
512 1.806730272000312 3.142358522869797 0
513 1.788198854575381 2.901571222485286 0
514 0.6470315812076335 0.5269229735275516 0
515 0.3452849687650682 1.378585382082726 0
516 0.850712757588419 0.4290075975931733 0
517 1.251098090450938 3.844587911039604 0
518 1.18244677788478 3.668956268610435 0
519 0.9619673852997688 3.615349971989703 0
520 1.11782378369978 3.449348269897409 0
521 0.8055152518669848 3.785248860720515 0
522 0.7292484209736679 3.554426785592885 0
523 1.241682165917086 0.1543836809785901 0
524 0.6341437174854694 2.347570861864286 0
525 1.593744256608245 3.881175420510761 0
526 1.587167958561048 0.1189179832466417 0
527 1.78727465265424 1.47674206252725 0
528 1.750727508119321 1.366915200851743 0
529 1.838463894301064 3.459772409044819 0
530 1.067209235302303 0.7631230709571297 0
531 1.494727209485178 0.3810390653646611 0
532 1.54214714743741 3.75036404134498 0
533 1.82196064086438 3.266701609332492 0
534 0.9440847298458122 1.464000259048222 0
535 0.7535852920667276 1.630513989658194 0
536 0.8002615391820148 0.1934706459294217 0
537 0.9508303753876998 2.493155668154094 0
538 1.920460093987638 0.3476294893177573 0
539 1.685853625467609 3.774252981103229 0
540 1.80927427018583 3.805445311243521 0
541 1.902529993571543 3.74756048339546 0
542 1.917768793920976 3.542954304954702 0
543 1.796839738956246 1.614755349036492 0
544 1.041013905599894 3.198169111525799 0
545 0.8916531564604963 3.364225887961575 0
546 1.889715242578636 0.8638076693388467 0
547 1.912384470292905 3.15485414994416 0
548 1.798856692670495 3.019638457019914 0
549 1.899201503391241 2.952852388894406 0
550 1.913397459621808 0.9499999999977941 0
551 1.906284198161637 2.743234889925963 0
552 1.914537176231231 2.349999999995654 0
553 1.891123338702305 2.563486568984908 0
554 1.913397459621356 2.149999999995125 0
555 1.913397459621797 1.949999999994901 0
556 1.805575890138558 1.908108524430278 0
557 1.815354682528308 1.764020691541111 0
558 1.928429920354385 1.752804138304592 0
559 1.901818218475684 1.548582901924654 0
560 1.917750958429274 1.34424355227363 0
561 1.896684768886892 1.160650460913185 0
562 1.190261724031777 0.3188297524346524 0
563 1.280065182229689 3.40521672749389 0
564 1.680731203320953 1.707549165923592 0
565 0.6387924526503714 3.332243455114141 0
566 1.374960802660878 3.716744947721154 0
567 1.666834303085806 1.269695592565837 0
568 1.370092108201462 0.2787321287794017 0
569 0.8373262571618773 2.171544964290689 0
570 1.843931238348413 3.919720705715771 0
571 1.144807760699545 2.646997113434883 0
572 1.058688356518722 2.072852382807953 0
573 1.000016488431943 1.665653240206589 0
574 1.815279541965319 0.7830505443815587 0
575 1.928791213449857 3.254598223914267 0
576 1.654605492690032 0.2135186125335799 0
577 1.811328449737953 2.190257218770186 0
578 1.533663698373499 0.2430841084813125 0
579 0.5414587838482497 2.819071858351208 0
580 0.2795814367201625 2.945132757853097 0
581 1.924471460669093 0.1513207296410878 0
582 1.670207647298095 2.979803871406388 0
583 1.825224981001952 2.051530790989949 0
584 1.712784631357447 2.258196667517387 0
585 1.817262361486262 2.303448385112134 0
586 0.5418592694502644 1.600147773263008 0
587 1.933168728862808 3.450832414859051 0
588 1.825037298307442 2.495712096865312 0
589 1.919932424481843 0.5507900236380596 0
590 1.150611369488555 2.461001594078718 0
591 0.2419739223684921 0.2506294933845847 0
592 0.2884185292222268 3.710888661316524 0
593 1.836070666606335 3.587635276853312 0
594 1.819490382205605 2.668307826340426 0
595 1.838386752527247 0.5112720084956937 0
596 1.834297843671865 0.2043606589295657 0
597 1.530204990015628 1.203392794002398 0
598 1.825132451317803 3.365923849689477 0
599 1.834900691294796 1.099999999997357 0
600 1.17093165017418 0.6420499698584364 0
601 1.729329016963473 2.481292734397321 0
602 1.819851301121562 2.408781606794124 0
603 1.927556065067663 0.07267929067490259 0
604 1.831514309790713 0.3300924818728862 0
605 1.926878914641029 3.926649434945801 0
606 0.8397331622372922 1.887890997483512 0
607 1.610509239559896 2.20182014740359 0
608 1.925577946249518 0.6505563806240591 0
609 1.838823610552476 1.385826463384343 0
610 1.016013394342886 0.5515805573637164 0
611 1.720921676867859 0.7773466986814819 0
612 1.844857023753094 0.6963537111448639 0
613 1.578407189474929 1.791930697017357 0
614 1.650223446448721 2.577275474194394 0
615 1.832838908895822 0.9701974607251264 0
616 0.5173476814185151 3.537997999292149 0
617 1.568352888931759 3.063563499970645 0
618 1.824606650976202 1.273652316840928 0
619 1.143643639072831 0.9245552497801098 0
620 0.7063765188066751 0.3552572564445391 0
621 0.5854136712165692 1.791719037158585 0
622 1.015935064254432 0.3539966423045358 0
623 1.743182971458677 0.1965113068661665 0
624 1.784667200422143 0.1659431012596035 0
625 1.7928136147084 0.2349288645361287 0
626 1.840734885594218 2.812605817637598 0
627 1.845363739527186 2.76268397686482 0
628 1.90165534422867 2.793156730698741 0
629 1.855118599289028 1.632377674516123 0
630 1.864376071075058 1.707010345768433 0
631 1.806097210742277 1.689388020288802 0
632 0.4418030292257393 3.203476719523425 0
633 0.3010304152201331 3.152059668323728 0
634 0.4203540507257688 2.996549809052794 0
635 1.177194820670786 3.341937006145129 0
636 1.079418844649837 3.323758690711604 0
637 1.138789881620843 3.216347426959324 0
638 1.842612672435541 2.872324896978403 0
639 1.786321067734057 2.841852143144481 0
640 1.827717482857765 0.4211251498104909 0
641 1.795899481148294 0.3684312543739761 0
642 1.863332311500183 0.382786377309401 0
643 1.86676853286845 0.4733761406208047 0
644 1.799335702516561 0.4590210176853798 0
645 0.5494070835311589 2.607013626035176 0
646 0.4969638304683835 2.464815651987106 0
647 0.6865869705482447 2.489768835912356 0
648 0.432335582678213 0.4265737334606297 0
649 0.5878178038399625 0.401926191619049 0
650 0.491549360045884 0.5515705153691322 0
651 0.7924870464365845 2.42036326500919 0
652 0.7357349873236734 2.259557913077487 0
653 0.8940783162747885 2.332350316222392 0
654 1.920913689988097 1.701402069150173 0
655 1.871892301441346 1.758412414922852 0
656 1.216772434167859 3.75677208982502 0
657 1.278703790272829 3.692850608165795 0
658 1.313029446555908 3.780666429380379 0
659 1.259006477563949 3.615606832264529 0
660 1.15013528079228 3.559152269253922 0
661 1.226694980471449 3.505802832908016 0
662 1.845372838633421 3.665381077238323 0
663 1.905711966311419 3.697756952041863 0
664 1.842190865893545 3.715184608591921 0
665 1.625212872449596 0.7303292427219021 0
666 1.677671279212409 0.7113026841023903 0
667 1.668463270105045 0.7963732573009937 0
668 1.015883581494785 2.386689321819611 0
669 0.9591315223818737 2.225883969887908 0
670 1.677970690209709 3.521992709358413 0
671 1.671341229545546 3.442217297053729 0
672 1.73712377467793 3.465561432386649 0
673 1.553544125063856 0.6785230212405517 0
674 1.544336115956493 0.7635935944391552 0
675 0.3452421427065432 1.587883126965055 0
676 0.4435721191076663 1.489366577672867 0
677 0.4435292930491413 1.698664322555196 0
678 1.198944482964735 3.42728249869565 0
679 1.307815679736404 3.483737061706256 0
680 1.79446770696608 0.1090287156104938 0
681 1.844098350215802 0.147446273280456 0
682 0.3445139778005542 2.382998422821695 0
683 0.48169386481764 2.265753632698874 0
684 1.784479104157416 3.422779214563392 0
685 1.791108564821579 3.502554626868076 0
686 1.703715861945079 2.633999430988744 0
687 1.789181867078697 2.622376184566535 0
688 1.734024377071987 2.679931072762634 0
689 0.8449302994993599 2.56256123905726 0
690 1.342483269585045 1.314042474970369 0
691 1.425493053000733 1.272988311249757 0
692 1.420885166153967 1.380395413211899 0
693 1.694800960828081 0.663906225382664 0
694 1.73805135848353 0.7299502399617555 0
695 0.5999595586908733 3.190105157683315 0
696 0.4806359231852375 3.34561501695425 0
697 0.1612396968600518 3.27949328939718 0
698 0.1397907183600813 3.072566378926548 0
699 1.859486674880177 1.92905426221259 0
700 1.869311220311875 2.000765395492425 0
701 1.815400435570255 1.979819657710114 0
702 1.850336056138024 1.463371031261794 0
703 1.907607839048746 1.499291450960496 0
704 1.844546435564962 1.512662482225952 0
705 0.2890205306263133 0.4134237752976487 0
706 0.3852889744203918 0.2637794515475655 0
707 1.909391545144552 2.608240071167717 0
708 1.873575066896202 2.660650699845476 0
709 1.855306860453955 2.615897197662667 0
710 0.6522585689011146 1.262905586197662 0
711 0.5125490336600034 1.390662483825438 0
712 0.4849945040061794 1.25082848445495 0
713 1.355263489951998 3.639501171819888 0
714 1.824998345327047 2.569965555888777 0
715 1.907805203598646 0.3915548810318366 0
716 1.875987201889176 0.3388609855953217 0
717 1.438648073223719 1.205014083505312 0
718 1.517049969792641 1.271367021746843 0
719 0.1725996583240091 1.698590435927021 0
720 0.1726424843825341 1.489292691044692 0
721 1.716500826415551 2.736843691494259 0
722 1.801966831549169 2.725220445072051 0
723 1.056571466816408 1.966522433966702 0
724 0.949210759378007 1.980371690145732 0
725 0.9470938696756936 1.874041741304481 0
726 1.862362954679654 2.170128609382656 0
727 1.818276715369952 2.120894004880068 0
728 1.869311220311654 2.100765395492537 0
729 1.867172555578643 3.210777879638326 0
730 1.920587841871381 3.204726186929213 0
731 1.875375927157119 3.26064991662338 0
732 1.004738470080138 3.406787078929492 0
733 0.9663335310301953 3.281197499743687 0
734 1.876247943473589 0.2296285590429619 0
735 1.874856176533013 0.2924944705146221 0
736 1.832906076731289 0.267226570401226 0
737 0.9480073068402994 2.122198673549321 0
738 0.8385297096995847 2.029717980887101 0
739 1.795563004200688 3.744127022515952 0
740 1.855902131878686 3.776502897319491 0
741 1.87811634411102 3.50136335699976 0
742 1.876919730263656 3.565294790904007 0
743 1.8372672804537 3.523703842949065 0
744 1.822484214443624 0.8756322827480461 0
745 1.861277075737229 0.9170025650319865 0
746 1.794046047602218 0.9288271784411859 0
747 1.792057195805243 1.545748705781871 0
748 1.849328978715965 1.581669125480573 0
749 1.69885193272441 1.083588762513636 0
750 1.765175431096162 1.101447576302731 0
751 1.708176007199225 1.147949337120302 0
752 0.4735195705959339 1.054009881011202 0
753 0.3338100353548226 1.181766778638979 0
754 1.919314026068502 2.000132658321643 0
755 1.875227786758579 2.050898053819167 0
756 0.3292011204143557 0.7805831162029722 0
757 0.4783914547158906 0.6911181210760127 0
758 0.4715254362461119 0.8954831800682721 0
759 0.1798919717256489 2.491030221057737 0
760 0.1646220060749053 2.291968201769505 0
761 1.785266364136966 0.835253720269402 0
762 1.852497392271977 0.8234291068602027 0
763 1.791955325129615 2.536078319828979 0
764 1.858080318504873 2.52959933292511 0
765 1.702967439217483 0.2395078413381358 0
766 1.694821024931226 0.1705220780616106 0
767 1.258315519935741 3.31987123494337 0
768 1.877383308884723 0.04526594381567313 0
769 1.820446786223953 0.04526594381567313 0
770 1.63487311393386 1.052282784627458 0
771 1.691872537830797 1.005781023809887 0
772 1.606279993079776 2.395485866517379 0
773 1.659648622750733 2.348694569628279 0
774 1.665062733357291 2.419027721287507 0
775 1.474509641953933 2.512651735682424 0
776 1.532171104112816 2.442220024423499 0
777 1.554032641527451 2.536250729435531 0
778 1.378772050844455 3.004530190045791 0
779 1.438746096646101 2.929067472953578 0
780 1.467410547910805 3.021711539267064 0
781 1.919314026068281 2.100132658321755 0
782 1.570437947881683 2.000382787594566 0
783 1.63143312286081 1.95293182880781 0
784 1.640880467600383 2.031711953573136 0
785 0.6227099048974687 0.964544885884243 0
786 0.7674449687691272 0.8783247571790533 0
787 0.7694391031189491 1.036851458121984 0
788 1.523124379629786 1.587752233991949 0
789 1.585759821658572 1.534824095707329 0
790 1.599299574249552 1.615196176999699 0
791 1.898113996843472 2.897965480182963 0
792 1.843700178983311 2.927211805689846 0
793 1.720666904328391 1.217751871737617 0
794 1.799553078273589 1.219730233875163 0
795 1.745720477031004 1.271673954703383 0
796 1.129762817700938 1.216429885556496 0
797 1.236252792943235 1.154976237922227 0
798 1.240601181189514 1.268089020642496 0
799 1.793527773622938 2.9606048397526 0
800 1.849029098030868 2.98624542295716 0
801 1.42921068207183 2.121289431950521 0
802 1.492532819108321 2.0514884081414 0
803 1.516563155584765 2.148963936169012 0
804 0.9094634869572973 1.090108012602403 0
805 1.019794298222634 1.026974216126511 0
806 1.015083618189324 1.16645089931212 0
807 1.650694063461557 2.76818308490321 0
808 1.71863651793874 2.813472457212627 0
809 0.3372216643989144 1.990558637690424 0
810 0.4669234048995649 1.909970877492252 0
811 0.4589457526504611 2.103348643335291 0
812 1.621949291191239 0.8949374309221071 0
813 1.685629024825422 0.8514283560388755 0
814 1.69157345267443 0.930965971040477 0
815 1.333953545857836 1.103994238556588 0
816 1.406083983723629 1.03627716786019 0
817 1.419221594297603 1.138918302311829 0
818 1.485190297934917 0.9825989355393934 0
819 1.553461141373343 0.9342358426935318 0
820 1.559622875601821 1.02283813876957 0
821 1.379134968642792 1.718508024691471 0
822 1.444953235346791 1.643580383393945 0
823 1.470845865516767 1.743051956581844 0
824 1.814345456432346 3.204530066101145 0
825 1.859557371146608 3.148606336406978 0
826 1.571349045128219 3.264678551074787 0
827 1.628032980182333 3.210573574994824 0
828 1.639516013021965 3.289473160606518 0
829 1.629962995429596 0.5562477775669687 0
830 1.686412927757596 0.5102131248169226 0
831 1.69087081388496 0.5992240167732527 0
832 0.5955984284870578 3.88417369490715 0
833 0.6755004527866023 3.776798125267407 0
834 0.7256132275674403 3.892624430360257 0
835 1.634273140947591 0.3950093863879148 0
836 1.560116159393705 0.4241379754876499 0
837 1.568884191039064 0.3519104762649261 0
838 1.597510111522588 3.421113355355987 0
839 1.656663195990809 3.364682078384224 0
840 1.452944561543786 2.318692995324262 0
841 1.527053450510746 2.271958837418142 0
842 1.526756993506258 2.371886872764271 0
843 1.713347131044923 3.310577102304261 0
844 1.75908029447023 3.251034896929524 0
845 1.776227477439074 3.32624381470723 0
846 1.405103972204077 1.920896750901139 0
847 1.483009100977439 1.869791130354305 0
848 1.483085474368748 1.972708283376074 0
849 1.345558860605547 1.520243014218041 0
850 1.423730004888542 1.464414864816045 0
851 1.431413482755811 1.563208302101575 0
852 1.595197266090576 2.140491529881741 0
853 1.531875129054085 2.210292553690861 0
854 0.6402445037296349 2.725519334155816 0
855 0.4506213636497737 2.700566150230567 0
856 0.6373670373399438 3.661387087703593 0
857 0.7673818364203264 3.6698378231567 0
858 1.496944253965764 2.699327052426951 0
859 1.572464775653469 2.64911837993965 0
860 1.573037850250664 2.741762991672144 0
861 1.703822507689397 2.056042238545385 0
862 1.64282733271027 2.103493197332141 0
863 1.413991301394764 3.191290200543123 0
864 1.483651257198873 3.141476610911185 0
865 1.490206056484478 3.235592555095032 0
866 1.823546546091092 3.316312729510985 0
867 1.777813382665785 3.375854934885722 0
868 0.7387624638646961 0.739207129265997 0
869 0.8854916620861766 0.8115137015037377 0
870 1.476635857487934 0.6218962403058812 0
871 1.557512613981037 0.588631888588628 0
872 1.751250893156081 0.6178715726326178 0
873 1.794961081940544 0.5803067051216824 0
874 1.798891228883665 0.6449889137310936 0
875 1.575173541773852 2.818391757390512 0
876 1.708780905602564 1.31830539670879 0
877 1.787667079547762 1.320283758846336 0
878 1.501689089324111 3.314492140706726 0
879 1.119070442738242 0.702586520407783 0
880 1.041611314822595 0.6573518141604231 0
881 1.093472522258533 0.5968152636110764 0
882 0.1611675509722885 0.89247408759928 0
883 0.1680335694420672 0.6881090286070208 0
884 1.913370727736917 1.206613673260208 0
885 1.877331668781573 1.26311460122408 0
886 1.860645709931547 1.217151388877057 0
887 0.8564190113792752 3.892624430360257 0
888 1.515699633061865 3.874599099779556 0
889 1.489901078476447 3.809193410196666 0
890 1.567945702022827 3.815769730927871 0
891 1.85892862740309 3.097592302632523 0
892 1.802793482335403 3.080998489944855 0
893 1.854991837738182 3.036232269707582 0
894 1.629593724118627 3.571026986447012 0
895 1.695376269251011 3.594371121779932 0
896 1.235993294342748 1.375496122604638 0
897 1.144347030548047 3.831183267920709 0
898 1.110021374264968 3.743367446706124 0
899 1.475847966138596 0.8028920062105799 0
900 1.547516713524335 0.8546982276919302 0
901 1.019432006435602 1.279563682032389 0
902 1.086332405546132 3.908889312400906 0
903 1.193083465449022 3.922293955519802 0
904 0.7647284230856388 1.176328141307593 0
905 1.553054727853673 0.499620996632298 0
906 1.566602270495434 1.100645877473319 0
907 1.471793789331761 3.934011389524176 0
908 1.549838412878142 3.940587710255381 0
909 1.223115182369261 1.052335103470588 0
910 1.39992224949515 0.9476748717841517 0
911 1.901556351100222 0.9069038346683204 0
912 1.873118184258815 0.9600987303614602 0
913 1.692894880904054 0.4370034562428524 0
914 1.753802699359418 0.4799796954491363 0
915 1.75555227146498 0.962271948926655 0
916 1.690911523494909 3.169178780346307 0
917 1.746176685457025 3.122673949517927 0
918 1.751465110038195 3.188863353698176 0
919 1.74804294292463 1.735784928732351 0
920 1.7387854711386 1.661152257480042 0
921 1.630958775067527 2.5215472461855 0
922 1.573297312908645 2.591978957444425 0
923 1.628088531804621 1.882899283388216 0
924 1.698531051523321 1.914228449366786 0
925 1.578727257613683 1.462288433703715 0
926 1.654902452233448 1.489732376711464 0
927 1.76280248677882 3.614072789239857 0
928 1.714425520687738 3.663107066328457 0
929 1.487665777945147 0.4565220865093093 0
930 1.547868741322105 3.004906161072748 0
931 1.487894695520459 3.080368878164961 0
932 1.791421847767823 0.2977947760077889 0
933 1.905164243098554 3.002839235644828 0
934 1.557535660847848 1.730027506150838 0
935 1.491717394143848 1.804955147448364 0
936 1.769625688774431 3.850912252384958 0
937 1.826602754267121 3.862583008479646 0
938 1.786954172855722 3.908049949621082 0
939 1.614000386452509 3.762308511224104 0
940 1.639798941037927 3.827714200806995 0
941 1.789911950974214 3.566486060772323 0
942 1.605687561016557 2.26348643113087 0
943 1.911755726549387 3.103840116169705 0
944 0.1725996583240091 1.898590435927809 0
945 0.1646220060749053 2.091968201770849 0
946 0.6338736758776401 0.6664705792344321 0
947 1.750381175302845 1.876152214188736 0
948 1.753725766359034 1.946184759608329 0
949 0.6113956053182904 2.185165872500703 0
950 0.5871576148678135 0.1384647048552732 0
951 0.7229863712226752 0.09673532296471084 0
952 0.6644327828271532 0.2352000278199841 0
953 1.720514304780063 2.873191536553432 0
954 0.1612396968600518 3.479493289396347 0
955 0.1611675509722885 1.092474087600112 0
956 1.622744555601163 3.144384170814575 0
957 1.671333109799645 1.634908602319335 0
958 1.608697667770859 1.687836740603955 0
959 1.396895681674874 0.2061801495855611 0
960 1.478681476760892 0.1883561394365165 0
961 1.45187790328748 0.2609081186303571 0
962 1.520347654593139 3.397946229038845 0
963 1.535025688147876 3.475481447708351 0
964 1.556519879255432 3.552464932195212 0
965 1.573925458296735 3.624843344616731 0
966 1.761015636430293 0.06376277179482062 0
967 0.1798919717256489 2.69103022105635 0
968 0.9620091962420245 0.7177595722739055 0
969 0.9906917011464556 0.8568772001869618 0
970 1.322001179875476 3.165849999376062 0
971 1.328555979161081 3.25996594355991 0
972 1.7175722704214 1.44696938861755 0
973 1.724604834466289 1.519505050621165 0
974 1.028908903031719 0.9375932895984519 0
975 1.134529034263746 1.013936176308169 0
976 0.1680335694420672 0.4881090286061884 0
977 1.411795363443517 2.666839846639064 0
978 1.412368438040712 2.759484458371558 0
979 1.376846391740626 2.478838997525097 0
980 1.398707929155262 2.57286970253713 0
981 1.701662912549413 0.3647759570201285 0
982 1.697185279168942 0.2941394786539413 0
983 1.755807019125405 0.3361335485088789 0
984 1.50673978830423 1.423360701095433 0
985 1.87437433817961 1.071641880916387 0
986 1.833869800095309 1.035098730361242 0
987 1.873343446980123 1.006740611280271 0
988 1.835592137228934 1.163229305911291 0
989 1.862887290183621 2.705771358133195 0
990 1.649390909193545 2.634414896689618 0
991 1.704548399200255 2.57686000849352 0
992 0.1726424843825341 1.28929269104386 0
993 1.384816496019579 0.8491741405244022 0
994 1.381635898451737 0.7580695072716273 0
995 1.399802446802298 0.6621468291487507 0
996 1.403770935719479 0.5722556964968268 0
997 1.039895584499774 3.532349120943556 0
998 0.9268102708801325 3.489787929975639 0
999 1.510778511089511 1.137297012808915 0
1000 1.661860681985639 3.888777307018578 0
1001 1.70791536641532 3.835316087314812 0
1002 1.364339131679989 2.282170104458909 0
1003 1.364042674675501 2.382098139805039 0
1004 1.324111515214442 2.086583643021553 0
1005 1.348141851690886 2.184059171049165 0
1006 1.56969889630852 1.856766679923298 0
1007 1.907607839048746 1.599291450960204 0
1008 1.249363430427676 1.481314015709105 0
1009 1.257046908294944 1.580107452994636 0
1010 1.311467948223757 1.883884888982849 0
1011 1.311544321615067 1.986802042004618 0
1012 1.270946949674156 1.68235509045483 0
1013 1.296839579844131 1.781826663642729 0
1014 1.273102016029881 2.975778063553413 0
1015 1.301766467294585 3.068422129866899 0
1016 1.792853749370104 0.5322306862594501 0
1017 1.385494161499399 3.934011389524176 0
1018 1.090917213840359 0.08552306987523629 0
1019 0.9770441790620252 0.08552306987523629 0
1020 1.65434340595664 1.199893057948522 0
1021 0.7519203691946895 0.5996595235591164 0
1022 0.7488721693980263 0.4779652855603624 0
1023 0.8537609573850823 0.5507018355919273 0
1024 1.464815912147602 0.06681408519586028 0
1025 1.378516284314407 0.06681408519586028 0
1026 0.9724593707683613 3.908889312400906 0
1027 1.862217142081208 3.827300372948716 0
1028 1.8795456261625 3.88443807018484 0
1029 1.188375503179634 0.07719184048929505 0
1030 1.144223876577811 0.1627149103645313 0
1031 1.693083024446545 3.948189596763197 0
1032 1.758485911525235 3.948189596763197 0
1033 1.695612749351319 0.06376277179482062 0
1034 1.546550263853983 0.05945899162332086 0
1035 1.505433606854667 0.1262730768191812 0
1036 1.43240965884332 0.3298855970720314 0
1037 1.514195453929339 0.3120615869229868 0
1038 0.3054489614711652 3.534937620055442 0
1039 0.4199135375693094 3.448492289043255 0
1040 0.4028831053203709 3.624443330304336 0
1041 1.332690710532686 0.1440059256851553 0
1042 1.287507739698807 0.07719184048929505 0
1043 1.344376549983211 3.856305345043978 0
1044 1.406307906088181 3.792383863384753 0
1045 1.763550311790731 2.017895892888165 0
1046 1.215971944974431 0.2366067167066213 0
1047 1.118513655635156 0.2449379460925625 0
1048 1.914211913038685 0.03633964533745129 0
1049 1.890727460913701 0.08160558915312442 0
1050 0.9364112757623158 0.6119883154771988 0
1051 1.661102257866734 0.1232217634181415 0
1052 1.621678450045633 0.05945899162332086 0
1053 0.1209869611842461 0.3253147466931243 0
1054 1.69929869815394 1.392055957779797 0
1055 1.769001080386781 1.421828631689497 0
1056 1.859486674880183 1.879054262212725 0
1057 1.810465286333433 1.836064607985695 0
1058 1.864376071075058 1.807010345768141 0
1059 1.755270571497719 1.804108297744152 0
1060 0.4369012364791632 0.1384647048552732 0
1061 0.445342050097371 3.88417369490715 0
1062 1.423812464071355 2.851928893945875 0
1063 1.512450961137705 2.869110243167148 0
1064 1.105426437187567 0.8438391603686197 0
1065 1.439204665949399 3.36886023305909 0
1066 1.59457322529867 3.696884720106756 0
1067 1.666426464313769 3.70882918998588 0
1068 1.564109450610173 3.124671232716869 0
1069 0.9235135632102756 0.1822583928399471 0
1070 1.031350325746484 0.2625213910275042 0
1071 0.9080983017182236 0.2737336441169787 0
1072 1.878287284490875 1.365035007828987 0
1073 1.831715130764339 1.329739390112636 0
1074 1.871178804702738 1.308947934557279 0
1075 0.4169520914642233 3.739618025565412 0
1076 0.5314166675623675 3.653172694553224 0
1077 1.742239895792117 3.061313916592986 0
1078 1.479357422325984 3.52929780587807 0
1079 1.590107174348598 2.895530336398215 0
1080 1.908845003774065 3.798357959024685 0
1081 1.808961202410941 3.635222005320847 0
1082 1.872482302828815 3.617794348770789 0
1083 1.815462977017926 3.959860352857885 0
1084 1.795376023958072 1.068543500846711 0
1085 1.804700098432886 1.132904075453377 0
1086 1.216331145060902 3.137097872883685 0
1087 0.9215556112560709 3.801513742761164 0
1088 1.368964206724058 3.42876552444255 0
1089 1.35030564145503 3.34531143611043 0
1090 1.338663573549108 2.819441688157988 0
1091 1.305710181808291 0.902852372845199 0
1092 1.31413211323021 2.633027108481736 0
1093 1.292215701967126 3.922293955519802 0
1094 1.624966599069152 3.940587710255381 0
1095 1.521499380435475 3.678322665854956 0
1096 1.40607457952677 0.4858583218773301 0
1097 1.413136011066802 0.410375300732682 0
1098 0.6174902726394833 0.3160933330775427 0
1099 0.6767040500071543 0.4410901149860453 0
1100 0.1442092646111134 3.655444330657429 0
1101 1.794345132758585 1.003642231210595 0
1102 0.8537921550337646 0.09673532296471084 0
1103 1.329241168841135 0.5261089107201996 0
1104 1.308770976683282 0.7084289634625729 0
1105 1.813049131603358 1.431284262955797 0
1106 1.876110535087142 1.41791323169034 0
1107 1.147481342032145 1.435360561381232 0
1108 1.288240961876829 2.442316106659744 0
1109 0.9567005477852117 2.620281607204141 0
1110 1.047819068043622 2.570076390794489 0
1111 1.053689240441134 2.697202329844535 0
1112 1.560415828467273 0.1810010458639771 0
1113 1.178906831817512 0.7837373562712896 0
1114 1.217124033702776 0.8644534456827797 0
1115 0.4653064939322937 1.794449954502985 0
1116 0.5870305821838403 1.907239960147852 0
1117 0.7922829527394628 1.316162140678082 0
1118 1.230768039253451 0.723200805721943 0
1119 1.747563947826719 3.789849146173375 0
1120 1.72388018999586 2.426764579397864 0
1121 1.670511560324903 2.473555876286964 0
1122 0.753319028994345 0.2743639511869804 0
1123 1.916971974874218 2.698114231638245 0
1124 1.259239964822601 2.247464315529941 0
1125 1.230475491234122 2.049571781103262 0
1126 1.874037425196533 3.405603884671726 0
1127 1.921389842477405 3.401133887578842 0
1128 1.885816311581936 3.455302411951935 0
1129 1.575882418879107 1.378268982099569 0
1130 1.765497176900618 2.08967713664717 0
1131 1.203279929255121 1.847731954746208 0
1132 1.919329068631476 0.3012629742370577 0
1133 0.6108361840026014 1.501443679415579 0
1134 1.174751519496284 1.643426091945894 0
1135 1.66151870114142 2.912307861013983 0
1136 1.598796120505273 2.963026346790619 0
1137 1.733852681841578 3.728530857445805 0
1138 1.072207081592274 3.642153120300069 0
1139 1.396714704230773 3.507285858654916 0
1140 0.7129868751564943 2.097152923713905 0
1141 0.3196826900857301 2.763596599981511 0
1142 0.1397907183600813 2.872566378927935 0
1143 1.758548911268618 2.159040350537288 0
1144 0.8512762775292837 3.247041253376482 0
1145 0.7652228045554339 3.348234671537858 0
1146 0.7248459256242213 3.231050036952764 0
1147 0.8119489142003753 1.433369922308186 0
1148 0.8488350109562699 1.547257124353208 0
1149 0.716699195310833 1.516626787613172 0
1150 1.959099021637656 0.2774482295778847 0
1151 1.959099021637656 0.2274482295779783 0
1152 1.920913689988097 1.801402069149882 0
1153 0.8456079031367183 3.584888378791294 0
1154 0.8104507887170821 3.45932633677723 0
1155 0.6840204368120197 3.443335120353513 0
1156 1.925468761391892 3.496893359906877 0
1157 0.9244187683848997 1.346792477418117 0
1158 0.8254871483852169 0.3112391217612975 0
1159 0.9333239109214257 0.3915021199488545 0
1160 1.960230046993819 0.373814744658508 0
1161 1.960230046993819 0.3238147446585843 0
1162 1.957580006988294 3.874577717326823 0
1163 1.957580006988294 3.824577717326691 0
1164 1.951264996785771 3.773780241697467 0
1165 1.951264996785771 3.723780241697335 0
1166 1.954446969525647 3.673976710343738 0
1167 1.954446969525647 3.623976710343606 0
1168 1.947575156604827 0.4677401363725054 0
1169 1.947575156604827 0.4177401363725872 0
1170 1.958884396960488 3.571477152476825 0
1171 1.958884396960488 3.521477152476693 0
1172 1.039097967896514 1.396771463662493 0
1173 1.305887137059274 0.2165579048789959 0
1174 1.052468103981442 1.502589356766961 0
1175 0.2935861844272635 0.1253147466922923 0
1176 0.1209869611842461 0.1253147466922923 0
1177 0.1442092646111134 3.855444330658262 0
1178 0.3168084878553745 3.855444330658262 0
1179 1.954805478046 3.375717680148527 0
1180 1.954805478046 3.325717680148395 0
1181 1.629569196397941 1.749739931470474 0
1182 1.729387377617292 1.588511693875785 0
1183 0.8508004718968718 2.689687178107306 0
1184 1.58536462632773 1.304518421028563 0
1185 1.657352095637183 1.343446153636844 0
1186 1.959413428553454 0.7747471090977927 0
1187 1.959413428553454 0.7247471090979384 0
1188 1.872399499678902 3.959860352857885 0
1189 1.955563491402934 3.07641304119644 0
1190 1.955563491402934 3.026413041196308 0
1191 1.956192235146452 3.177427074971026 0
1192 1.956192235146452 3.127427074970895 0
1193 1.588352435483224 0.2829329978232517 0
1194 1.94960075169562 2.976426194445887 0
1195 1.94960075169562 2.926426194445755 0
1196 1.944857621289318 0.8819038346683934 0
1197 1.944857621289318 0.831903834668539 0
1198 1.656825256915333 2.291674691187769 0
1199 1.715607997192848 2.315216545957897 0
1200 1.118555169039953 3.11891955745016 0
1201 1.948513245147851 2.871539285734312 0
1202 1.948513245147851 2.82153928573418 0
1203 1.913622722343116 0.9966418809166053 0
1204 1.956698729810904 0.9749999999977212 0
1205 1.956698729810904 0.9249999999978671 0
1206 1.953142099080819 2.771617444961402 0
1207 1.953142099080819 2.72161744496127 0
1208 1.258225883136241 2.877031508269412 0
1209 1.181220299586372 2.94092344809052 0
1210 0.6232980511960915 3.546212392442517 0
1211 1.963829875793399 2.676496786673552 0
1212 1.963829875793399 2.62649678667342 0
1213 1.865785798478191 3.309068484815563 0
1214 1.919201084770929 3.30301679210645 0
1215 1.945561669351152 2.581743284490611 0
1216 1.945561669351152 2.531743284490479 0
1217 1.95725529535636 2.474999999995985 0
1218 1.95725529535636 2.424999999995853 0
1219 1.957268588115615 2.374999999995721 0
1220 1.957268588115615 2.324999999995589 0
1221 1.95576988075127 2.274999999995456 0
1222 1.95576988075127 2.224999999995323 0
1223 1.956698729810678 2.174999999995193 0
1224 1.956698729810678 2.124999999995061 0
1225 1.962615296257603 2.075132658321691 0
1226 1.962615296257603 2.025132658321581 0
1227 1.956698729810899 1.974999999994839 0
1228 1.956698729810899 1.924999999994963 0
1229 1.956698729810904 1.874999999995098 0
1230 1.956698729810904 1.824999999995244 0
1231 1.964214960177193 1.776402069149955 0
1232 1.964214960177193 1.726402069150101 0
1233 1.956698729810904 1.674999999995681 0
1234 1.956698729810904 1.624999999995827 0
1235 1.950909109237842 1.574291450960277 0
1236 1.950909109237842 1.524291450960423 0
1237 1.956698729810904 1.474999999996264 0
1238 1.956698729810904 1.42499999999641 0
1239 1.958875479214637 1.372121776135056 0
1240 1.958875479214637 1.322121776135202 0
1241 1.965028343293472 1.276288442802002 0
1242 1.965028343293472 1.226288442802148 0
1243 1.948342384443446 1.180325230455125 0
1244 1.948342384443446 1.130325230455271 0
1245 1.956923992532212 1.071641880916387 0
1246 1.956923992532212 1.021641880916532 0
1247 1.738087431588236 0.8324017974193636 0
1248 0.9997816779724629 3.716564298395758 0
1249 1.050720872438127 2.477078631116406 0
1250 1.14770956509405 2.5539993537568 0
1251 1.794775559335898 1.376370832118043 0
1252 0.8804082277233036 2.929810284158576 0
1253 0.9019721016586425 3.05062238276422 0
1254 0.7893355246627324 3.009044520185744 0
1255 1.418208895338329 3.584269343141777 0
1256 1.963439457320515 3.9633247174729 0
1257 1.963439457320515 3.913324717472769 0
1258 1.913873337825209 3.9633247174729 0
1259 1.069812572060296 2.17653767914654 0
1260 1.181743809983399 0.4048169127716628 0
1261 1.094580480094727 0.4224003577066044 0
1262 1.103098394143105 0.3364131973695941 0
1263 1.963778032533831 0.08633964533735702 0
1264 1.963778032533831 0.03633964533745129 0
1265 1.840494085097687 0.5593480273579259 0
1266 1.831798172809434 3.412848129367148 0
1267 1.867371703704902 3.358679604994055 0
1268 1.843729220710611 0.651888878682511 0
1269 1.800019031926148 0.6894537461934465 0
1270 1.62088672562554 0.1662182978901108 0
1271 1.458553975049144 3.733554494533067 0
1272 1.964395606724929 3.277299111956212 0
1273 1.964395606724929 3.22729911195608 0
1274 1.027235532773019 1.76292286266602 0
1275 0.9198748253346176 1.77677211884505 0
1276 1.913331366486135 3.595453862821484 0
1277 0.9333630759656525 0.4902940774784448 0
1278 0.7141903276942019 1.955325940310316 0
1279 1.619280268114927 3.021683685688517 0
1280 1.865792730090844 1.130325230455271 0
1281 1.250081710484433 0.5516551792241847 0
1282 1.252385354291724 0.465257804604688 0
1283 1.921334751972203 0.2031085943987229 0
1284 1.962235730334547 0.1756603648203432 0
1285 0.9720506091388775 1.564826749627406 0
1286 0.8768008902493353 1.648083614932392 0
1287 1.017029355159554 3.084778629131426 0
1288 0.9259566520989827 3.164012865158593 0
1289 1.246781857105599 2.784587072695095 0
1290 1.280176916116619 0.2987809406070271 0
1291 1.923903822508109 1.298410218940431 0
1292 1.178187016206787 2.312899112212406 0
1293 1.161989736217684 2.214788178802662 0
1294 0.8837413185833768 3.700299416355109 0
1295 1.13618143737442 1.904991332605889 0
1296 1.121553068994795 1.802933107265769 0
1297 1.260903268340101 0.3792706442676776 0
1298 1.079694485705973 2.906782519771785 0
1299 0.9778077624509687 2.85939784649562 0
1300 1.064457443437728 2.794792219530352 0
1301 1.904271049842772 0.8066509437681002 0
1302 1.094619645138954 0.5211923152361948 0
1303 1.015974229298659 0.4527885998341261 0
1304 0.8651711854550586 2.817819983917143 0
1305 0.7534009371692068 2.760099615770262 0
1306 1.350818460424944 0.3592218324400523 0
1307 1.648823332641491 0.2681502498493855 0
1308 1.962235730334547 0.1256603648204496 0
1309 1.78523029103226 0.732802162811794 0
1310 1.830068282859206 0.7397021277632113 0
1311 1.232229787178347 0.9629541769425292 0
1312 1.094570618599613 3.005529075055787 0
1313 0.6860130316647232 3.088911739521939 0
1314 0.6644491577293843 2.968099640916295 0
1315 0.7966592271520099 1.759202493570853 0
1316 1.687958831894042 1.775872534935392 0
1317 0.4105201102842061 2.882102308102152 0
1318 1.172078773054601 0.5664270214835548 0
1319 1.902816964707512 2.506743284490414 0
1320 1.914523883471975 2.399999999995786 0
1321 1.913038468866886 2.29999999999552 0
1322 1.912468610561948 2.199999999995256 0
1323 1.913397459621803 1.899999999995036 0
1324 1.915574209025542 1.397121776134984 0
1325 1.905266376975658 1.101967111374301 0
1326 1.437906208047209 3.661513119043042 0
1327 1.115774078545213 2.370612284781922 0
1328 1.63679682497103 1.818063300482275 0
1329 1.966584364431404 3.475416207428867 0
1330 1.966584364431404 3.425416207428736 0
1331 1.959966212240921 0.5253950118185773 0
1332 1.907541368845748 0.4931351481919877 0
1333 1.236013654109005 2.686997183009277 0
1334 1.22292621982075 2.593027038907342 0
1335 1.777183157635457 2.488502415631317 0
1336 1.774590159042517 2.445037170595723 0
1337 1.822444299714502 2.452246851829718 0
1338 1.867053199536113 0.7662723812894563 0
1339 1.677915373105917 3.041396623786223 0
1340 1.626987993922749 3.083276438068351 0
1341 1.094334024653719 1.705663484806339 0
1342 1.080433983274508 1.603415847346144 0
1343 1.15086552067611 2.111102882464075 0
1344 1.138298327076734 2.01132128144714 0
1345 1.861434105620247 2.220128609382786 0
1346 1.734532169984295 2.999721164213152 0
1347 1.922202401678213 0.7000252994107065 0
1348 1.962788973124759 0.675278190311291 0
1349 1.729203250936738 2.940687546945838 0
1350 1.598519646550717 1.236544193284118 0
1351 1.155575963696138 2.7445870031207 0
1352 1.959966212240921 0.575395011818437 0
1353 1.586028749421551 1.166741658666802 0
1354 1.248934587604012 0.6272781275990664 0
1355 1.768100609416589 0.7801986215315203 0
1356 1.594134595531765 0.2283013605074462 0
1357 1.65813930617959 2.16482181485399 0
1358 1.881841940430001 0.7229239646711089 0
1359 1.885217485001306 0.6734550458844615 0
1360 0.647722280758496 1.615330881460601 0
1361 0.5512927242898125 2.933519359301849 0
1362 1.225828024215255 2.50002927922926 0
1363 1.213024307150129 2.403288421509202 0
1364 0.6546152172878217 2.853652139965654 0
1365 1.765023496421855 2.280822526314761 0
1366 1.767846862257255 2.33784240475527 0
1367 1.769141332074905 2.390509015596265 0
1368 1.7620565405477 2.224226943143787 0
1369 1.814295405612107 2.24685280194116 0
1370 1.709277002078366 2.193010074910889 0
1371 1.962788973124759 0.6252781903114367 0
1372 1.86977394451008 2.472856048430616 0
1373 0.778544638197547 0.3921324270188562 0
1374 1.92275518536568 0.6006732021310593 0
1375 1.879159588504545 0.5310310160668766 0
1376 1.865899768858747 2.326724192553894 0
1377 1.864401061494402 2.27672419255376 0
1378 1.921019464308808 3.887902434799855 0
1379 1.879384652170479 0.1778406942853268 0
1380 0.5780700670344432 3.435120727203145 0
1381 1.885405076494721 3.923185070330786 0
1382 1.881266921074985 0.5791070349291089 0
1383 1.889185158714416 0.120926308636217 0
1384 1.926013762868378 0.1120000101579952 0
1385 1.884089681958823 0.6289902134221086 0
1386 1.867180945917141 2.429390803395021 0
1387 1.867194238676396 2.379390803394889 0
1388 1.818556831303912 2.356114995953129 0
1389 1.744101184457631 2.528868638594983 0
1390 1.689776231706097 2.529284104295858 0
1391 1.661646935458672 2.230008407460489 0
1392 0.6694994816416484 1.71111651340839 0
1393 0.5636364703334168 1.695933405210797 0
1394 0.7125734167269306 1.839805017321048 0
1395 3.540316835826714 1.538005359618816 0
1396 3.5472073068888 2.452037913757554 0
1397 3.422564702802255 2.281456039573358 0
1398 3.423044427791994 1.716899463962904 0
1399 3.671147830103244 2.551885148252936 0
1400 3.665616965927966 1.443684019877467 0
1401 3.370317773620128 1.874354395608116 0
1402 3.371786561379395 2.131723317103783 0
1403 2.083078780260779 0.9556000257351411 0
1404 2.090087719612804 3.042156607220277 0
1405 3.814743157695629 2.619009973504147 0
1406 3.822110956357215 1.384202689475424 0
1407 3.972768880491259 2.640316636095107 0
1408 3.97345144698884 1.358115165706931 0
1409 4.131837237442536 1.371239386336147 0
1410 4.124549282686591 2.641570195005582 0
1411 4.282329835705527 1.421061497569009 0
1412 4.282144075094524 2.578896392282323 0
1413 4.419927781716776 2.495550288161886 0
1414 4.415204365274328 1.509769134690746 0
1415 4.522296187864593 2.375211004852098 0
1416 4.527774602747381 1.619496824786981 0
1417 4.600295042456951 2.234869804199734 0
1418 4.596122221683648 1.762518039527816 0
1419 4.641772466365847 2.082113277474358 0
1420 4.638680326663536 1.920939896200254 0
1421 2.085588341345148 2.649463449153143 0
1422 2.080379067566069 1.346587449153812 0
1423 2.08956660479672 2.251393777589577 0
1424 2.079229389461034 1.749785363896313 0
1425 2.967782331371585 3.861744578326897 0
1426 2.972792159185922 0.1405296959971823 0
1427 2.089069599287926 3.356241058582489 0
1428 2.093367672437274 0.6637263748145262 0
1429 3.552841973095351 0.1604998566674821 0
1430 3.542587849756027 3.846983928496981 0
1431 2.508124347237332 0.1130957856697565 0
1432 2.529810848320878 3.889307852187805 0
1433 4.800775248802176 0.251922529188181 0
1434 4.807125567755143 3.729477395145336 0
1435 4.221012335490172 3.770073714347414 0
1436 4.236194588153478 0.228221790177166 0
1437 3.474307767090093 2.374701934276241 0
1438 3.48025049428012 1.628859024695402 0
1439 3.354327760773893 1.96830386836492 0
1440 2.082767078438434 0.3453770262123944 0
1441 2.094367795970773 3.651611070222377 0
1442 2.082869897899677 2.060194224781713 0
1443 2.090055016622161 2.436865771871396 0
1444 2.086602540378672 2.849999999996971 0
1445 2.081791766488029 1.553997755203534 0
1446 2.083296059819026 1.150561182893833 0
1447 5.694736835252597 1.470435557747171 0
1448 5.688994356841868 2.538128321815913 0
1449 2.263243971629385 3.913957578149426 0
1450 2.264989955280005 0.1000453193834062 0
1451 5.661090986824548 3.375115086145892 0
1452 5.661090986828558 0.6248849138530475 0
1453 2.08575788461972 0.1516689559091516 0
1454 2.088809935350577 3.839560715569789 0
1455 5.654588698177056 0.9350380156399587 0
1456 5.371032576102733 1.218004675491792 0
1457 5.373646772016106 0.7473541711463469 0
1458 5.120771658715113 1.004637069677241 0
1459 5.303028894396731 0.4625457371319747 0
1460 5.087225040926969 0.6380866945455143 0
1461 5.654588698157274 3.064961984356749 0
1462 5.360586645964108 2.779972701521751 0
1463 5.374638278581163 3.251513951694852 0
1464 5.104085201606414 2.974568635688064 0
1465 5.307196929543886 3.537331921118636 0
1466 5.087225040898139 3.361913305457978 0
1467 4.499952337413468 3.767642639176146 0
1468 4.35516821547783 3.571997980692631 0
1469 4.148066563860068 3.570035392097451 0
1470 4.232198204454729 3.410680093738669 0
1471 4.062996035600023 3.415114920163351 0
1472 4.138422532627477 3.274067812705782 0
1473 3.987263986499947 3.275993624569034 0
1474 4.287253467131274 3.251624186458234 0
1475 4.049533391958088 3.152584212894813 0
1476 3.91279051096789 3.157730999833079 0
1477 3.843899930640247 3.273321393109549 0
1478 3.782553399020133 3.157935269794918 0
1479 3.71316852539639 3.2684488284716 0
1480 3.651868376191447 3.136696407608167 0
1481 3.58587911878493 3.26020506006715 0
1482 3.524899236328547 3.152059556210979 0
1483 3.461450888767064 3.259075797475393 0
1484 3.406223312471524 3.151313599368358 0
1485 3.464394786351878 3.053735403533662 0
1486 3.351172237358756 3.051719545192525 0
1487 3.291224491829659 3.14616762469696 0
1488 3.239551465555452 3.047088378234 0
1489 3.17945419723609 3.13978282294547 0
1490 3.129420490573446 3.041001788929941 0
1491 3.068813432195843 3.133065311789766 0
1492 3.021040108829626 3.034427411122195 0
1493 3.078443577593891 2.946413052790682 0
1494 2.978022137592142 2.939158168296435 0
1495 3.029270422153537 2.856291869074315 0
1496 2.935018911648998 2.848910006145281 0
1497 2.984520212167344 2.770381023229995 0
1498 2.892212001157611 2.764297696453575 0
1499 2.940838027373486 2.688109537504708 0
1500 2.851086407209113 2.682451459642835 0
1501 2.8985308336382 2.608993510779211 0
1502 2.919987006733423 3.026652114440493 0
1503 2.811711400199665 2.60274138791983 0
1504 2.857471996684448 2.530880004185923 0
1505 2.771567876760188 2.525618535007065 0
1506 2.81718183614707 2.453725150034164 0
1507 2.806279361856439 2.766084466141804 0
1508 2.732758810817953 2.449437496788481 0
1509 2.779528095476653 2.379488621082746 0
1510 2.861011242668449 2.383099506816351 0
1511 2.824006638445573 2.310465950007381 0
1512 2.743217211199456 2.306015951967948 0
1513 2.787932299702923 2.238128363113854 0
1514 2.708139951813257 2.232806523777626 0
1515 2.753275976765673 2.166555335983158 0
1516 2.829149273190744 2.172264775773213 0
1517 2.795914455503471 2.100920926789298 0
1518 2.719504769087492 2.095224986842499 0
1519 2.766749082426439 2.033435405151827 0
1520 2.839898419055642 2.03713901455265 0
1521 2.808442947675192 1.968990944378063 0
1522 2.737074772934529 1.969913950192468 0
1523 2.778275524822539 1.901005682901331 0
1524 2.849322007589896 1.905680863408569 0
1525 2.820137199264761 1.83832637720191 0
1526 2.747023271322311 1.830744955684339 0
1527 2.791058632319377 1.770005222560696 0
1528 2.866784566225579 1.779033838816004 0
1529 2.839153194666315 1.70967663237478 0
1530 2.75911718425645 1.702217381460672 0
1531 2.80747384004972 1.639383464462986 0
1532 2.889663133207258 1.648249518906956 0
1533 2.857274072469026 1.576215614573462 0
1534 2.775609379176239 1.564650236488287 0
1535 2.826566430394267 1.500450899299501 0
1536 2.908751938912864 1.512507106742675 0
1537 2.878334508344586 1.4357230099077 0
1538 2.960218952225588 1.448650846587926 0
1539 2.930570970309239 1.369635135071478 0
1540 2.835412513311244 1.349049201985711 0
1541 2.900034376280317 1.287533716520069 0
1542 2.986919700686159 1.301456672309227 0
1543 2.956244363583958 1.217781714405765 0
1544 3.046863276179864 1.231148870768965 0
1545 2.866064138982647 1.205057621058467 0
1546 3.010031263911394 1.148033549018921 0
1547 3.104917650828856 1.160637232408642 0
1548 3.06712752562871 1.073930272595724 0
1549 3.165629030001029 1.087756513141637 0
1550 3.129976263099628 0.9988198294012514 0
1551 3.225054977709521 1.01662081043345 0
1552 3.028743677247015 0.9839013309342387 0
1553 2.986351770798478 2.61165050557288 0
1554 2.685280398896215 2.520627918316089 0
1555 3.098262570959712 0.9072866009570735 0
1556 2.993191946554131 0.8891319466048275 0
1557 3.259943894721902 1.102715030897154 0
1558 3.318272842137795 1.032402025082961 0
1559 3.40991414823148 2.961109710329025 0
1560 3.353088294953656 1.114190781939124 0
1561 3.412679229231861 1.048141152632942 0
1562 3.38297819881413 0.9619345863068043 0
1563 3.474882117263812 0.9764498866198195 0
1564 3.065002241349225 0.808680324828258 0
1565 2.956826518230416 0.7901498467733511 0
1566 3.512005001623706 2.960225740321277 0
1567 3.506207371213865 1.067153518130441 0
1568 3.565415007955517 0.9971657536647272 0
1569 3.539008476673362 0.8994867998678412 0
1570 3.646304574409603 0.9408467542712553 0
1571 3.46378527077787 2.876829369688575 0
1572 3.116197702151454 3.232605124989359 0
1573 2.889345845562036 0.8735722899537766 0
1574 2.850816020910835 0.774657177248081 0
1575 2.785725440916988 0.8583607366961881 0
1576 2.745694513918855 0.7600958167851061 0
1577 2.681019386465994 0.8434774820193662 0
1578 2.640599801660056 0.7458002138069015 0
1579 2.57677449527376 0.8290383144436957 0
1580 2.705438228951119 0.6604691499653731 0
1581 2.598412352089706 0.644901763500998 0
1582 3.61158716254532 0.8196559169197954 0
1583 3.723093794585989 0.8459500153802409 0
1584 3.762657008660031 0.9580419576904604 0
1585 3.836431252975719 0.8724833099902791 0
1586 2.618040866687898 0.9254035302266833 0
1587 3.292744315672711 1.179810175923869 0
1588 3.554212074308606 2.873680295888701 0
1589 3.077362691901042 2.774807650641267 0
1590 3.589312200555134 1.090276953867325 0
1591 3.535554807062745 1.153298961065007 0
1592 3.024311434265755 0.705785026844183 0
1593 3.138859171001649 0.7248004183383943 0
1594 2.98947579787673 1.52384590238823 0
1595 3.870801851384604 0.9819326802446896 0
1596 3.945861891671688 0.9016360126945264 0
1597 3.081454211531354 1.326281422458666 0
1598 3.798883067327601 0.7736677724833176 0
1599 3.974959555817261 1.029411114704633 0
1600 4.057865597129146 0.9320733455726968 0
1601 3.004870959520395 3.226881388725847 0
1602 3.848747972953383 3.03539024143643 0
1603 2.90136136343824 2.313675502513293 0
1604 2.512319934778669 0.9090502634147932 0
1605 2.553735586483675 1.004479384204905 0
1606 3.508257258800501 2.798631707725173 0
1607 2.646671234373084 2.443368758062972 0
1608 2.598382188800278 2.515849419763449 0
1609 2.559064475558387 2.437508494249619 0
1610 2.509921248780829 2.511018857191833 0
1611 2.54999521786779 2.590984154057818 0
1612 2.470606806395892 2.431191192085916 0
1613 3.423172064638051 2.798214606104415 0
1614 2.665743317993997 0.5574792450205078 0
1615 2.554714855203639 0.5414163927069928 0
1616 2.468185077922965 0.8129613881220232 0
1617 2.459818380629915 2.586045581931054 0
1618 2.50105210535019 2.667772983039258 0
1619 3.054084141220027 3.329631455245511 0
1620 2.938755946751581 3.324289275904483 0
1621 3.466058436141967 2.726056603610765 0
1622 3.387180070698905 2.724260709144842 0
1623 2.743824637834376 1.488304764385041 0
1624 2.692426037282198 1.554729413129605 0
1625 2.659924239183551 1.476598402314037 0
1626 2.607773768279699 1.545120726952591 0
1627 2.576488347639146 1.466620404545302 0
1628 2.523766230793079 1.535514877371214 0
1629 2.487473915197151 1.449858970274722 0
1630 2.556138693030249 1.614535752600731 0
1631 2.471246290380892 1.604906062098721 0
1632 2.504055520128405 1.683882433651347 0
1633 2.628761964982748 1.403919405800068 0
1634 4.089416512950915 1.041939617256937 0
1635 4.172798019342109 0.9581131618251744 0
1636 4.200967746260295 1.071183128407864 0
1637 4.292661958389767 0.9817032855299443 0
1638 4.316306060745121 1.119702953432332 0
1639 4.418328511304721 1.012924027768866 0
1640 4.451781187875571 1.161622683081395 0
1641 4.378756305644853 0.8766788660216057 0
1642 2.450858245337677 0.9884681727178986 0
1643 3.096642869550456 0.6144420031840393 0
1644 3.215305098510306 0.6350621670854091 0
1645 3.593585487313813 2.797427035261809 0
1646 3.616672490754413 1.173855891211832 0
1647 2.490090473440575 1.082207887830431 0
1648 3.563738611124103 1.233432819970705 0
1649 3.427396001329796 2.658361252841854 0
1650 3.352636254975631 2.656325700068327 0
1651 3.39074586772601 2.59477305848141 0
1652 3.319390919956514 2.592319213744728 0
1653 2.41723180692368 1.673471920480647 0
1654 2.451975798699193 1.754918005939583 0
1655 2.408551634779434 2.662554434826276 0
1656 2.449095196537137 2.744697653142945 0
1657 3.171385297981495 0.5155690927811933 0
1658 3.359395201199466 2.522690827229714 0
1659 3.287860418122687 2.529243321584985 0
1660 3.318902693053367 2.469303572156233 0
1661 3.255397070090027 2.470878030678811 0
1662 3.289528738675389 2.416670776364665 0
1663 3.224673593578041 2.413739963353205 0
1664 3.25800611337052 2.359220925864456 0
1665 3.194085252932198 2.356662597697121 0
1666 3.226522328904905 2.301189493365039 0
1667 3.163586526716651 2.299834486744029 0
1668 3.198609505800269 2.244799543019997 0
1669 3.133597958105213 2.243382382104094 0
1670 3.16591065204325 2.189860761122276 0
1671 3.10272575757842 2.187126500453605 0
1672 3.133539048422135 2.133953486169629 0
1673 3.161623189264509 2.410574754348083 0
1674 3.071410087268942 2.130252145247648 0
1675 3.10595588515817 2.075910125082316 0
1676 3.165914691342787 2.079356486680285 0
1677 3.140775263602347 2.021977715712488 0
1678 3.079354518888741 2.020474837952355 0
1679 3.112077203460818 1.966224913081166 0
1680 3.88264381650242 1.092905739661989 0
1681 4.03218380617653 0.8139847244891364 0
1682 2.392782624469757 1.583867304631315 0
1683 3.776413073367745 3.393040851470906 0
1684 3.170350197066567 1.966881579430385 0
1685 3.144046415333872 1.911934375852886 0
1686 3.085512611119905 1.903595472716644 0
1687 3.120589971582208 1.854549794636798 0
1688 3.179532563747772 1.858241144414957 0
1689 3.15506322705943 1.802626382299668 0
1690 3.090600540743681 1.799107154440234 0
1691 3.127314124883667 1.74543470589999 0
1692 3.191876939632305 1.750271491916387 0
1693 3.16532045388105 1.693170927804906 0
1694 3.22804904279426 1.698450752418655 0
1695 3.202342683106248 1.640730049880781 0
1696 3.276000446582235 1.647364472692887 0
1697 3.241101157037583 1.588522709117221 0
1698 3.343043840024017 2.789743693321427 0
1699 3.302250032806838 1.592830910754127 0
1700 3.275168738908507 1.53453972498767 0
1701 3.341149615285752 1.539111116639338 0
1702 3.311740534729829 1.480852383346561 0
1703 3.379299575424569 1.485244528466645 0
1704 3.349071088601447 1.426544683626003 0
1705 3.415632710572912 1.431443125805108 0
1706 3.211234961251798 1.534133214152064 0
1707 3.220434139411688 2.527629877661379 0
1708 2.365972926933426 2.577404438595236 0
1709 3.297047093637027 0.5381677852570741 0
1710 3.639822181197733 1.248611254170316 0
1711 2.520397008182835 2.359050689287772 0
1712 2.431330440804882 2.351458523313962 0
1713 2.481345065744678 2.278651526916146 0
1714 2.392096399270379 2.271399280396543 0
1715 2.441836357521708 2.197122509036258 0
1716 2.392924824070951 1.068371691249496 0
1717 2.429653759722906 1.158486747692894 0
1718 2.352786648712249 2.190837552600172 0
1719 2.403039074349977 2.116878751104003 0
1720 2.987997713757745 3.428311781561822 0
1721 2.87229187840619 3.421147402473196 0
1722 2.821122749191177 3.316873828296404 0
1723 2.755022719245858 3.412058209474595 0
1724 2.705036692242313 3.309485576275048 0
1725 2.639718729376246 3.403977336419886 0
1726 2.590958142639462 3.302215149909917 0
1727 3.113918499612479 3.437555285598796 0
1728 2.526804433610953 3.394699262432322 0
1729 2.479528421600445 3.294124230907278 0
1730 2.541392727462324 3.203274282723864 0
1731 2.432492476840885 3.19567693394249 0
1732 2.492092843742737 3.107582869908952 0
1733 2.681461794760793 3.506263514326152 0
1734 2.416456946692795 3.385485321787549 0
1735 2.463496714902203 3.486681863904867 0
1736 2.594073095879716 1.097050188542499 0
1737 4.553035910600427 1.039345244399845 0
1738 4.590258056459247 1.18056249853476 0
1739 2.386432311914073 3.106751026281241 0
1740 2.934287450910285 2.381575993119428 0
1741 2.599496465808111 3.113189571911692 0
1742 2.363708734688264 1.744022270375657 0
1743 2.403558404203759 1.825876331089594 0
1744 2.497336165734782 1.833030080040809 0
1745 2.624287212533169 0.4495517104383425 0
1746 2.510401180071422 0.4354440088898435 0
1747 2.442488523298562 0.5261270494124888 0
1748 2.740145431650757 0.4675109616685686 0
1749 3.498337263687035 2.658116285911559 0
1750 2.356634158663612 2.740221842542724 0
1751 3.282132537197016 1.418267664237049 0
1752 2.39838718284457 0.4230602700291488 0
1753 3.519155721753179 3.369794685918247 0
1754 2.553710190867539 3.02211331255049 0
1755 3.386537966242458 1.370933932847103 0
1756 2.355309757827373 0.9784248406912145 0
1757 2.341799693777907 2.345379964680249 0
1758 2.538556737973907 2.75111567090936 0
1759 2.35245945008814 3.476248312922296 0
1760 3.275880505338356 2.648465194833455 0
1761 2.399288074418719 3.57843590225077 0
1762 3.638844526364473 2.869233143494006 0
1763 3.680734557306794 2.782149477989474 0
1764 3.590926614584754 1.297968232654485 0
1765 3.261950492382563 2.25181286616224 0
1766 3.251827610749075 1.753765880045784 0
1767 2.326850033211377 3.186444848824789 0
1768 2.309885723962413 1.81515593405152 0
1769 3.104318038174327 1.684221789141459 0
1770 2.39779612341947 2.823803340261595 0
1771 3.693584770097511 1.19419128229078 0
1772 2.696562661998133 0.3534686951070424 0
1773 2.491097307531817 2.122954120399286 0
1774 3.626023362931125 2.724036946232119 0
1775 3.251841128939317 0.4094133230344208 0
1776 3.036966839804327 2.186025844956948 0
1777 3.475674185541772 1.216389572377517 0
1778 3.005080735927847 2.126980263102535 0
1779 3.047153800676394 0.4997084794876065 0
1780 2.33398185110009 1.145427778373623 0
1781 2.371778447845952 1.234943522279471 0
1782 3.500054091071268 0.7937751749503492 0
1783 3.577362558879081 0.7032307396949919 0
1784 4.116763851211222 1.145625384112632 0
1785 2.331351207675201 0.5113501860495897 0
1786 2.6548631415949 3.025723642767454 0
1787 2.356469037105136 1.895441348560009 0
1788 2.317537537319675 2.11308678205963 0
1789 2.2564285488387 1.887116238219657 0
1790 2.824277661900139 0.955251135697047 0
1791 3.100652694451218 2.297490361873472 0
1792 4.494577997326298 1.275123694059953 0
1793 4.60905528234342 1.321091102562589 0
1794 4.728973202188562 1.221090857667962 0
1795 4.746416126384792 1.357381327416774 0
1796 2.908531280530284 3.523370529681117 0
1797 3.432196952241989 2.535813732421324 0
1798 3.72281142220314 2.863015698947451 0
1799 3.764224732868043 2.788935758654009 0
1800 2.466682549963107 1.247766552347729 0
1801 3.713696197598587 1.265536089861772 0
1802 2.273892969337338 1.219834960472357 0
1803 2.313068191094723 1.309804678111618 0
1804 3.806555590831816 2.860456641260146 0
1805 3.845374694110236 2.788078370893905 0
1806 3.885129047692901 2.858611077141608 0
1807 3.923482191898782 2.785566971382992 0
1808 3.964605749685955 2.859236909326121 0
1809 4.002840194796378 2.769035532645022 0
1810 4.050821765539332 2.851921685384696 0
1811 4.086708553028759 2.776142792710967 0
1812 4.134501699832462 2.847461241371688 0
1813 4.171041850667558 2.758134023881777 0
1814 4.21992744455765 2.842340997112763 0
1815 4.260852724080198 2.76619489450678 0
1816 4.311821426679874 2.844031789680769 0
1817 4.358272473039897 2.758089947324553 0
1818 4.409257551224677 2.842915401543124 0
1819 4.457843439098098 2.754612756146966 0
1820 4.519963891256044 2.854841358328581 0
1821 4.568855245616509 2.727579622688726 0
1822 4.649448412316286 2.849341884019885 0
1823 4.70731651971237 2.728020053146152 0
1824 4.58092096704371 2.978681570060884 0
1825 4.640896255502398 2.617013406649292 0
1826 4.767095756090555 2.610960599075792 0
1827 4.688059487842613 2.517145153057076 0
1828 4.80305667121858 2.479936008105544 0
1829 4.902283152374184 2.603861286715062 0
1830 4.960434123914435 2.470216613037389 0
1831 4.869580360696823 2.35169111057874 0
1832 5.016716210932364 2.331713658277538 0
1833 4.918827599248792 2.216170761447207 0
1834 5.076024422590928 2.189128301860703 0
1835 4.985101565998266 2.079957412253965 0
1836 5.137843770025644 2.036243174269616 0
1837 5.00792141063513 1.911352978552304 0
1838 5.208106439187369 1.866640399273779 0
1839 5.087204058566118 1.720135922406115 0
1840 4.268644649418576 2.937316271504256 0
1841 4.906583898219797 1.757779756859813 0
1842 5.265746263311495 2.216419557040406 0
1843 2.308171757692028 2.822300471276974 0
1844 3.765855401975462 1.213335021730458 0
1845 4.649386403002432 1.44460985467816 0
1846 4.763993697733506 1.484894907974599 0
1847 4.875157193382128 1.405296514146164 0
1848 2.375569370727274 0.6135896297729662 0
1849 3.345282225563325 2.417940073337073 0
1850 3.453145296650756 1.379894644204651 0
1851 2.273451824450983 1.727563245142051 0
1852 2.453083135680886 2.043981509462577 0
1853 2.53987188411274 2.050274180853255 0
1854 3.252154329283172 0.7479930842333192 0
1855 5.120951426445469 2.452783983017961 0
1856 2.590143491159572 1.692707336947768 0
1857 3.39080890512756 3.366681466745498 0
1858 3.451945197776973 3.484739588444285 0
1859 2.81950605113043 0.3724499692141692 0
1860 3.03609385969606 1.463410800194926 0
1861 3.481062789822191 1.43687545116634 0
1862 2.308470802793525 3.375026587309001 0
1863 2.243953885216242 3.465017726184125 0
1864 2.767790938352693 3.214669742026381 0
1865 3.065970539644628 1.535945014151666 0
1866 3.684908335136681 2.940758444853817 0
1867 4.736376100561803 2.97565226555817 0
1868 4.649852237424636 3.131520299546452 0
1869 4.015769725736578 2.946180787050902 0
1870 3.384576007438807 0.4328072698504442 0
1871 3.366633223619781 1.593269927535427 0
1872 3.9685321542133 3.533302754701849 0
1873 2.281630334461898 3.089644726030924 0
1874 2.222478142965484 3.178454321026872 0
1875 2.25578792214306 2.741903391477944 0
1876 2.969493951538245 2.184704227285246 0
1877 2.612284496003507 2.936784668147065 0
1878 2.710670209949556 2.940468083486147 0
1879 4.395014369265425 2.665293389108101 0
1880 2.344903760064275 2.903883744322803 0
1881 2.288397015675634 0.4100279101371177 0
1882 2.354504666026604 0.3209258277043549 0
1883 2.223086935765875 0.4962425636459016 0
1884 3.745530767027595 1.13621961361479 0
1885 2.262427006572813 2.185976317624641 0
1886 2.510199608926283 3.587859355275258 0
1887 3.884474614875731 2.718224278507404 0
1888 2.592539852591091 2.13166968654234 0
1889 2.257120021562774 2.90273381915649 0
1890 4.583216747723776 2.526994528652991 0
1891 4.785161104011596 2.258872969771622 0
1892 3.003977603900702 2.245106108297072 0
1893 2.773041465917875 0.2547883262534385 0
1894 4.661221312433775 1.563457992482034 0
1895 3.015889066546345 1.598696957932188 0
1896 2.665232083125458 2.850328847819628 0
1897 2.662225853201118 2.300177225881796 0
1898 2.445188068488734 3.683230617248152 0
1899 2.331486920705768 3.673171227757234 0
1900 2.550716343769375 3.691994125019225 0
1901 2.936750706482449 2.121834922420328 0
1902 2.984553552231541 2.063299386172074 0
1903 5.28896706530772 1.679403041890766 0
1904 5.445748342847217 1.859328959241623 0
1905 5.131789446942271 1.501412986481578 0
1906 2.242490646139156 1.130111180429162 0
1907 3.790175622097699 1.28961474724573 0
1908 3.836359713812377 1.233387082379712 0
1909 3.736589805016165 1.33349331628489 0
1910 3.858770826917592 1.300790338296819 0
1911 3.904787342775482 1.249361162384404 0
1912 4.831924472470133 3.116762856264502 0
1913 4.74121785202927 3.286005728830848 0
1914 3.587515313718572 3.493515108089988 0
1915 2.24849457837298 0.3091877076432987 0
1916 3.518165778747664 1.38784018714108 0
1917 3.541265343171807 1.440036843307333 0
1918 3.319965388479503 3.485324548165768 0
1919 3.378131002242487 3.606061447705346 0
1920 3.241097826721258 3.607502663365549 0
1921 3.299767893746525 3.731202542986996 0
1922 4.623591239508787 2.448425808866451 0
1923 4.225706684400776 2.703925327749973 0
1924 2.501923287250529 1.974602895591346 0
1925 2.585757330071361 1.980649897085412 0
1926 3.457124834226965 0.6802319268167223 0
1927 3.543854334724636 0.5821699071636909 0
1928 3.674788012934114 0.6035452183833728 0
1929 3.621218156014787 0.444350498614192 0
1930 3.780553681284363 0.4989270570159549 0
1931 3.750789536498246 0.3351970664253706 0
1932 3.90412363230132 0.3833546951621561 0
1933 3.944704662541589 0.5463954217406655 0
1934 4.047518166433402 2.711132249424276 0
1935 2.756605482763681 3.030437405628582 0
1936 3.103069081029261 1.469139114250471 0
1937 3.423266414822522 1.319228194549535 0
1938 3.352720898233263 1.310900367822357 0
1939 2.304519336971797 1.974083036870419 0
1940 3.340764171991443 0.2996289685479004 0
1941 3.191654888430686 0.2769773569835542 0
1942 4.570069023703976 1.508689034518598 0
1943 4.550335115494068 1.419078967490122 0
1944 2.226068123954348 2.102844950172408 0
1945 2.428150946260153 2.913988368854045 0
1946 2.205012855100598 1.960897346265198 0
1947 2.162370489589581 1.875232627486689 0
1948 4.536402875128372 2.613295686966922 0
1949 3.578754163914556 1.395071330646411 0
1950 2.850776972848449 0.4862921339570044 0
1951 4.773838876865499 1.601574196976191 0
1952 4.689077098012601 1.675922386944052 0
1953 2.379235003640213 3.780503923574158 0
1954 2.219996382840155 1.298614108315642 0
1955 2.255218106628922 1.385097282772992 0
1956 2.346383985054862 1.397120603780946 0
1957 2.287014198872702 1.469532896250563 0
1958 2.19551019389039 1.457949831797557 0
1959 2.226754783419552 1.540029015586776 0
1960 3.165119718246173 3.722599362567124 0
1961 4.076252143651175 0.4134076988757228 0
1962 4.114353116922728 0.5929426864991593 0
1963 4.260147201479883 0.462561283891056 0
1964 4.4230543688811 0.3477167651951881 0
1965 4.435694603984912 0.5524060914708908 0
1966 4.583168802541817 3.531219021092061 0
1967 4.495041403925793 3.119962331403388 0
1968 2.806579848728358 2.939580531534819 0
1969 4.021535194036182 1.1221224691633 0
1970 4.05370044959637 1.212325436417247 0
1971 4.135856402849188 1.251183804494029 0
1972 4.071161330136094 1.290629915482804 0
1973 4.008116059240287 1.264592956665732 0
1974 4.978441486224177 1.603021445325854 0
1975 3.399827363371704 1.254942765200463 0
1976 2.653724655620912 0.2428010296638334 0
1977 3.966746246463928 1.204916296851698 0
1978 4.752045965983855 2.362840444634744 0
1979 2.623196428715412 2.219652764598929 0
1980 4.211296327769283 1.179103707729973 0
1981 4.215783469070979 1.270678314392668 0
1982 3.251588216598807 3.371439430483843 0
1983 4.350761309628886 1.231232855958325 0
1984 4.409445300268512 1.344465838921423 0
1985 4.114069960668126 2.706927210788628 0
1986 4.848913619717283 1.897928335025874 0
1987 4.816585408278349 2.068306820422924 0
1988 4.774786622349001 1.808611240041715 0
1989 3.950272884741231 2.726807348445691 0
1990 4.295304014662794 2.683276020606661 0
1991 2.382996098430008 1.48341122846753 0
1992 2.262408832814925 3.762079788143526 0
1993 3.804179786054241 2.724974338413445 0
1994 3.737628787359632 2.717765245110151 0
1995 3.664091125864234 1.312754452241111 0
1996 3.684937565995138 1.380044850296393 0
1997 2.960410224350282 0.4039169974497058 0
1998 3.101893984610377 3.590631659064537 0
1999 3.96963351430693 3.044809524144407 0
2000 4.090732518088701 3.036954416763469 0
2001 4.194935908701746 3.137776920481768 0
2002 2.215919031241617 3.661368567717584 0
2003 3.505297898171938 1.488610393357886 0
2004 4.738172897863141 1.908952275668982 0
2005 3.566624518601503 3.043526715299577 0
2006 3.464723448658707 2.597450620381974 0
2007 3.528743933851028 2.596476298570197 0
2008 3.49986432208049 2.542750746582605 0
2009 3.571847290090628 2.545120939982974 0
2010 3.586539608331731 2.604363429767231 0
2011 3.470999073606044 2.490330370768874 0
2012 3.412519233916296 2.476513047032706 0
2013 3.455464076532737 2.430472436722507 0
2014 4.687864665727155 2.28721016117021 0
2015 4.702270346277944 2.183823420462653 0
2016 3.598325375512836 1.45087697085289 0
2017 3.445305229932372 1.487732729900852 0
2018 3.480497439077317 1.537657618182139 0
2019 3.414785219188333 1.546895566924443 0
2020 2.818633919123482 3.864631813618463 0
2021 2.888729350159746 3.737453986352706 0
2022 2.761352273002478 3.736063060995682 0
2023 2.678894228405346 3.854891817052167 0
2024 3.969612304744485 3.814875255115854 0
2025 3.744198562531333 3.827800916927375 0
2026 5.706715922976437 2.240173854339171 0
2027 4.612737884737017 0.4272808454442727 0
2028 4.628915556507614 0.6403768746292549 0
2029 4.806954369212534 0.5296944787006849 0
2030 4.828583590293244 0.7453500764766511 0
2031 3.204255059354902 1.173565162418963 0
2032 3.233401771823297 1.251519864021306 0
2033 3.142479370723223 1.244260490679974 0
2034 3.175605312528431 1.32383117409244 0
2035 3.268337792021673 1.332443845863579 0
2036 3.135957040972891 1.39933847231346 0
2037 4.485186456612907 2.527712728331263 0
2038 4.534468479365921 2.44794349704174 0
2039 4.009559132566652 0.2096799065960626 0
2040 3.083777329535368 1.614744994856014 0
2041 2.311953721272016 0.2112969781355384 0
2042 2.425949891130656 0.2191786273601195 0
2043 2.190693160912552 0.202056206257176 0
2044 3.590947027310359 1.506894582209446 0
2045 3.401723279275006 1.764279724063513 0
2046 3.373079685949516 1.719445296352312 0
2047 3.349017795886491 1.770859914467016 0
2048 3.403162105124372 1.674764636003964 0
2049 3.341834694386927 1.675464269824511 0
2050 3.401755485009636 2.234064538979929 0
2051 3.371419308696234 2.275721054193685 0
2052 3.352303284738235 2.223298025169552 0
2053 3.391487746863132 2.324047581430195 0
2054 3.344681939885901 2.318059910634164 0
2055 3.547504136687117 2.716588969529572 0
2056 3.599679910215197 2.663431968076128 0
2057 3.654427148710005 2.661075531958874 0
2058 3.362720000072759 2.080166274573359 0
2059 3.322807743217759 2.114522942936443 0
2060 3.313767379851016 2.061033639729422 0
2061 3.27222760000247 2.096008909046664 0
2062 3.262613343683635 2.042004712459725 0
2063 3.282885892278394 2.151289830637579 0
2064 3.240251508776936 2.131303453880723 0
2065 3.306224436039559 2.006302648619815 0
2066 3.255662032977674 1.986976147075261 0
2067 3.298036833994727 1.951752003506359 0
2068 3.247581418927034 1.929943915474384 0
2069 3.288231421536034 1.897577319051754 0
2070 3.336020634883013 1.915184889697878 0
2071 3.205008329347844 2.019999502872944 0
2072 3.384412576926759 1.816477917223529 0
2073 3.333620217982403 1.830559910700522 0
2074 3.50604386521848 2.414406892540183 0
2075 3.42309896127472 2.375899130405984 0
2076 3.638140441624665 3.668587361294073 0
2077 5.100574150094106 0.2369277018755028 0
2078 5.105181661236809 3.760876234732388 0
2079 3.920781572573922 1.316042416520655 0
2080 2.169015205899199 2.180022782986828 0
2081 2.199760036323454 2.263311390221049 0
2082 2.139943569748612 2.341028196297951 0
2083 2.246199107632018 2.356713212974708 0
2084 3.519463660946731 1.285928703500399 0
2085 3.91198808687255 2.957241782316751 0
2086 3.730735683901269 3.046764429391406 0
2087 4.639850134782072 0.8550941436646285 0
2088 4.83131168569524 0.9431787076744815 0
2089 3.031063912876602 2.692604153052911 0
2090 3.073118278430584 2.616410949354864 0
2091 3.031399850515755 2.543321340945095 0
2092 3.115270714027654 2.543893849971948 0
2093 3.143900426780978 2.614396235033048 0
2094 3.068344532246825 2.473174800468681 0
2095 3.007083480627796 2.480529565706996 0
2096 3.031410175164841 2.420683796826143 0
2097 3.716979226923668 2.5780298715908 0
2098 3.626785719916726 2.521654967120745 0
2099 3.130134007127921 2.686807834446344 0
2100 3.166091049701626 2.773225955475583 0
2101 2.546881546798753 1.906426645773713 0
2102 2.628267749030305 1.90413488482252 0
2103 2.588728866330047 1.832979654168114 0
2104 3.41626895977084 1.597948144245613 0
2105 3.744282222810136 1.388150419119916 0
2106 3.216369945054475 1.806016764991881 0
2107 3.889009506355341 1.181191844782189 0
2108 3.776734177695919 2.662222897888695 0
2109 2.200544659045653 3.365391500192066 0
2110 2.14283921223389 3.456398971091898 0
2111 2.161846922418713 3.2654035768111 0
2112 2.758631888532966 2.85288155083574 0
2113 4.826238534616711 3.509921344517689 0
2114 4.537809826403453 3.314644270918266 0
2115 3.186589338170068 2.935889647835584 0
2116 3.302820030279847 2.940751729007496 0
2117 3.248136224403159 2.867063495482656 0
2118 3.872874640377155 1.362185418461512 0
2119 3.867439360358784 2.628637188339388 0
2120 3.765844795757932 2.602000746861688 0
2121 3.445540749851357 1.129380827876232 0
2122 3.385196904093749 2.183288800009454 0
2123 2.409979894765036 1.970044291279853 0
2124 2.177888161573713 3.558011418502443 0
2125 2.152282662188234 3.749260844024728 0
2126 2.542841122974657 1.759924431323078 0
2127 3.356514813486041 2.027559006394346 0
2128 2.939438152471217 1.58737699809465 0
2129 2.965758961243564 1.662778022768236 0
2130 2.915564005040153 1.722447154489258 0
2131 2.938476194192683 1.79311736998099 0
2132 2.987298745911764 1.735231476869696 0
2133 3.018086723356296 1.807377003119181 0
2134 2.960063447107534 1.858900921437417 0
2135 4.611672152206447 1.632021310139647 0
2136 4.026525209411401 1.363706936004209 0
2137 4.032181247163504 2.651017303598075 0
2138 3.920832122912729 2.634184073691798 0
2139 2.863026800543888 2.243345240733066 0
2140 3.377889661912403 0.7874551889884523 0
2141 3.446912506612249 2.328307002541131 0
2142 2.889069662969857 3.218865388985678 0
2143 2.832864423666717 3.107136696938616 0
2144 2.722221719070224 0.9400445647188795 0
2145 2.761437171903204 1.03499871853423 0
2146 2.864806278059617 1.049029802275987 0
2147 2.659452095292632 1.019998059974343 0
2148 2.69496241550446 1.112230932295783 0
2149 2.631522490134258 1.187621668757704 0
2150 2.722798395043263 1.200697391172966 0
2151 2.658488392077245 1.269966416074375 0
2152 2.754283615676236 1.288761452099566 0
2153 2.56418164279525 1.257020894671411 0
2154 2.80063784528963 1.131314130465534 0
2155 2.098512840048012 1.956761340716398 0
2156 2.26548155989329 3.275714977040681 0
2157 2.117943936033404 3.182639853607109 0
2158 4.482770956029971 1.486069165133952 0
2159 4.514541461615913 1.555837704354612 0
2160 3.233061076868915 2.188855352521814 0
2161 4.074738071757554 1.352525329444047 0
2162 4.183389193458341 1.38397845670889 0
2163 4.183084738237163 2.61947375947017 0
2164 4.076916674035539 2.63308448167244 0
2165 2.624262199173081 2.048829878646627 0
2166 2.487473231289547 0.6294152783614261 0
2167 2.421752133478241 0.7143787992152524 0
2168 2.311823163781313 0.6994635429950788 0
2169 2.355337022880124 0.7965169265981438 0
2170 2.249739359426022 0.7835173647580989 0
2171 2.203911311597368 0.6820960724112488 0
2172 2.147914847185992 0.7660144721538341 0
2173 2.198055018358931 0.862920583684424 0
2174 3.210010261172983 1.401309140763099 0
2175 2.894762467501219 2.45451796412205 0
2176 4.330412291924311 1.446697401431679 0
2177 4.335654470772715 1.386379342578949 0
2178 4.280178604222915 1.363372582485557 0
2179 4.383912959285956 1.420241287870299 0
2180 4.329640822604668 2.554375375932888 0
2181 4.233529744142756 2.598485442382722 0
2182 2.968056187327539 2.308253835199767 0
2183 4.375304273265649 2.524953406212833 0
2184 4.384187769762706 2.583452694175485 0
2185 4.458591212864771 2.456926172306872 0
2186 2.533684589099401 2.20679119100662 0
2187 3.796689254417813 1.063170489330259 0
2188 3.709932558434299 1.041195351684916 0
2189 2.294820342752117 2.98732918448741 0
2190 2.196364916093335 2.984698571028852 0
2191 2.834693799954175 3.629087384442255 0
2192 3.224450613261992 2.706061821518763 0
2193 3.254866112046866 2.786199221064558 0
2194 4.234031650878757 1.400427867375927 0
2195 2.925923122877381 0.9700156987064158 0
2196 2.640999610302993 1.623102536792368 0
2197 2.676399315346328 1.695185179421437 0
2198 2.168483354859581 3.094573505024775 0
2199 2.089532498891935 2.944476271196994 0
2200 4.167909987332514 1.324508976783854 0
2201 2.381524476892392 0.1072694517581368 0
2202 2.081981154684196 1.650432707447504 0
2203 2.172211147249079 1.71041064238682 0
2204 2.085957774660813 2.551116766978493 0
2205 2.170278812593649 2.501093996469644 0
2206 2.166898866622085 2.599449423784453 0
2207 2.262971422518586 2.562252830988906 0
2208 2.249641357600943 2.457631702377513 0
2209 2.097659336936315 1.451382518536283 0
2210 5.474079361159257 2.364128773619847 0
2211 3.278901396974672 1.807189753771786 0
2212 2.085957774660814 2.748883233014397 0
2213 2.166322833757605 2.793052004588645 0
2214 2.079334721807426 1.24973826212291 0
2215 2.082505204574336 1.051216828780138 0
2216 2.16029677101665 1.010646840618683 0
2217 2.529367335322635 1.171692323307111 0
2218 2.500675046711168 1.344746973139126 0
2219 2.403896748900292 1.323441099100934 0
2220 2.442500967313593 3.016169852040943 0
2221 4.374820682435804 1.476306882354308 0
2222 3.010711745992547 1.386446904464145 0
2223 3.714608842934746 2.647892099129145 0
2224 4.460959233007831 1.412703151726846 0
2225 3.584795635112199 2.49023086579425 0
2226 2.267174011326655 0.5965535262612043 0
2227 3.338446552731386 3.255606298794515 0
2228 3.138732767911628 1.549691461418006 0
2229 2.390246453393924 3.889956167495451 0
2230 2.165925145324205 2.696744953913178 0
2231 3.125875535362193 2.860150543506322 0
2232 2.651009759654936 3.209792902262889 0
2233 2.956107598985977 3.124504718667098 0
2234 3.509769134294358 1.584795634877811 0
2235 2.876780794744875 1.970580513480536 0
2236 3.023456969174156 1.877731207045893 0
2237 2.978431727761055 1.927851622984859 0
2238 3.335598647854416 2.168857534578053 0
2239 2.303296492916294 0.8795790451125665 0
2240 4.555681013126031 2.331114014207243 0
2241 4.559278915611958 1.676310356418593 0
2242 3.288740234996914 1.705766225072371 0
2243 2.532199515285713 0.7294159595750493 0
2244 2.404241483141034 0.890780545527029 0
2245 2.94691892979665 2.524075016322601 0
2246 2.171403771717472 1.207019569683069 0
2247 3.452817048752543 1.673533345612736 0
2248 4.613989386909013 1.703518144688424 0
2249 2.576819817248737 2.842467545259029 0
2250 2.674156590173751 2.159995873601465 0
2251 2.969913946253318 1.060891083180549 0
2252 5.39576940289885 1.424243595517126 0
2253 4.619397044053517 1.816715303968608 0
2254 4.65672858699289 1.769528723484745 0
2255 4.68925290333861 1.828878537640164 0
2256 4.622948521245545 2.187125208919967 0
2257 4.57974764897356 2.282835961454365 0
2258 4.614897883119444 2.327899235748709 0
2259 4.638431950546456 2.137141261719025 0
2260 4.647278084141463 2.027018369251483 0
2261 4.69566356173614 2.062069295957447 0
2262 2.09311129939157 0.8521396801936714 0
2263 2.286832587207366 3.568708859222408 0
2264 2.59168053364626 2.672203063357185 0
2265 2.62916471515118 2.762321842878269 0
2266 2.677809294045807 2.680235358124636 0
2267 2.169600315073579 0.3953697140672475 0
2268 2.115882689228048 0.4915478563120961 0
2269 3.043560618943661 1.960202525130937 0
2270 2.985907515570408 1.995180170728911 0
2271 2.609533001330705 2.367637127476379 0
2272 2.301126548761234 1.058145081639962 0
2273 2.371875876006226 3.28488554371481 0
2274 2.314879642835376 2.656654929731715 0
2275 2.365454902622609 2.038723772003145 0
2276 3.336321795519585 0.6600631004661286 0
2277 3.275933581314043 0.8555171506476561 0
2278 3.173974626766285 0.830844363683261 0
2279 3.128156251083673 0.1406765872246998 0
2280 3.240641759982353 1.861211279423148 0
2281 2.086093107899665 0.2498503647295228 0
2282 2.917138822414391 0.6905704321310889 0
2283 2.725337561068987 1.629878035292559 0
2284 4.701663038595864 1.060363783518887 0
2285 4.853326779887578 1.107790226056948 0
2286 2.637877808530207 2.596137653297966 0
2287 3.045586647489382 2.073558142753537 0
2288 2.420318389139388 2.504843302784389 0
2289 2.384808742302055 2.42366808737981 0
2290 2.696746914177103 2.375021058829353 0
2291 3.716005343926986 0.1683343576436518 0
2292 3.372028808797108 2.875477436790555 0
2293 2.299178148714803 2.268936286416226 0
2294 2.7250030483533 2.598947303823781 0
2295 2.219683348306406 1.802739804573852 0
2296 2.246081389093099 1.631618412955632 0
2297 2.711748843905466 1.411423009850178 0
2298 4.327123236536772 2.615922111754891 0
2299 2.571907727536256 2.289657532924913 0
2300 2.160169246160379 0.5789998021227653 0
2301 2.810522443559706 0.1181576692324976 0
2302 3.222509765953662 3.245409060295275 0
2303 2.81100414009258 0.6764435183575273 0
2304 3.060207870117932 1.742108543095348 0
2305 2.796046463624902 1.423461575854793 0
2306 4.646359802102623 1.972723690311009 0
2307 4.704942697308695 1.992052230809662 0
2308 4.633379812743073 1.868453183406112 0
2309 2.572256566954305 3.494461126869461 0
2310 2.58054397079523 0.3418182281937689 0
2311 2.242225462519314 0.968264677309038 0
2312 3.785350722114007 2.962464261373612 0
2313 3.069629344070972 2.241787190968094 0
2314 3.130912412291061 2.353929070100993 0
2315 2.467115279257472 0.3293734781096863 0
2316 3.669090973701353 2.605806297892518 0
2317 3.306342899390961 2.718509389991895 0
2318 3.28649276191632 0.1547842676850657 0
2319 2.890792206992606 1.844832301014157 0
2320 3.191760362806757 2.468175267374412 0
2321 3.298182042333578 2.208874724026895 0
2322 3.251614059506338 2.586181045284783 0
2323 2.334371923615124 1.651536604812397 0
2324 4.915293736046619 2.954566055176354 0
2325 2.081604380529274 2.149093329837827 0
2326 3.441584874970706 0.8815242854332709 0
2327 2.710438368640173 3.116824993589269 0
2328 2.894570036406769 0.2635483830768748 0
2329 3.04474311614115 0.2691576906716807 0
2330 2.918596720182491 2.03688087972775 0
2331 2.645545586503839 0.1117027551284239 0
2332 2.86842818923922 2.103046607273051 0
2333 5.706584938463564 1.70820979428412 0
2334 3.839418970624547 2.670899309776671 0
2335 2.717501766437042 1.762716978242061 0
2336 2.33283964353051 2.491995168166491 0
2337 2.079093808137967 3.536003576635483 0
2338 3.648762479299514 3.388248178887313 0
2339 3.912743935077725 3.399433628033418 0
2340 3.28975605549614 2.311786171804883 0
2341 2.671906984280972 1.82230951996418 0
2342 3.247517293334769 1.476543053040676 0
2343 3.845070331404209 3.653536858589989 0
2344 2.985651573825909 0.6031068458449412 0
2345 2.771591366768596 0.5765172119701717 0
2346 3.490995785259127 0.3247451593193187 0
2347 2.900694092366809 2.180816047701167 0
2348 3.628702281078263 1.40404990612948 0
2349 3.117348511550278 0.3916635106049042 0
2350 2.628096026047047 1.761488995296423 0
2351 4.444769507672394 2.975720674605569 0
2352 4.33604730118378 3.074904518242961 0
2353 2.663875309717482 1.971694103090658 0
2354 2.93443499985257 2.245983493621601 0
2355 4.788674290980181 1.705965917295264 0
2356 2.718954615646855 3.617711397726795 0
2357 2.704457525760037 1.897165484239071 0
2358 3.036208335254883 1.672963630777157 0
2359 2.155200557929881 0.08086465262319534 0
2360 2.155200557929095 3.919135347376931 0
2361 2.160636002624857 1.599925332854366 0
2362 3.819348076681834 1.153368298583233 0
2363 4.451805099094758 2.601006338190999 0
2364 3.116476182230755 3.868915037123094 0
2365 3.599234026912779 2.947525755848356 0
2366 4.295334783288864 0.6393315960138304 0
2367 4.166609346861302 0.7430579098584962 0
2368 5.000830215159743 0.8605420543127493 0
2369 3.030268116002139 3.736729875553522 0
2370 4.105043783443663 2.935566600595516 0
2371 2.07734126765397 1.848951620031317 0
2372 4.198232130340664 3.011043166566867 0
2373 3.179281791131263 1.469390538499125 0
2374 4.466349586357346 0.7254939165971799 0
2375 3.664653356761619 1.110393549208907 0
2376 3.316715196880548 2.365517822491171 0
2377 4.345301201927577 1.316035023150286 0
2378 3.510454377788099 3.601018266398443 0
2379 3.68686689907167 0.7337673169454925 0
2380 3.222650539800408 2.079428221616054 0
2381 2.76471561915934 2.685523447881331 0
2382 3.421298600160703 0.5594890577799678 0
2383 3.327760056459172 1.371818098879218 0
2384 3.194488632013055 0.9273659423950232 0
2385 3.065856290946238 2.35737457120843 0
2386 5.056213470939531 2.594541835112657 0
2387 4.973146996928526 2.774996329403365 0
2388 5.240165436320207 2.611838676044274 0
2389 2.15815917094841 1.100086510312789 0
2390 2.532904784676352 0.2358139064808822 0
2391 3.922898953569519 1.367846941258561 0
2392 3.529499844018514 2.49638449546101 0
2393 2.915413650349624 1.910604007883661 0
2394 2.16952541365686 2.885918968152656 0
2395 2.795159348090692 3.518273073020684 0
2396 2.166449703957146 1.375153980467675 0
2397 4.874960768061842 1.260924292243188 0
2398 5.013176780423255 1.326447553245282 0
2399 2.716972160311865 2.766229252280234 0
2400 4.42328227609056 2.546535091014494 0
2401 4.456263876128395 1.548265740395147 0
2402 4.276905274517274 1.218071023844171 0
2403 3.713650213123008 1.426946208367812 0
2404 4.593714177150079 0.2309680419184729 0
2405 2.177617317504525 2.418074592118023 0
2406 4.488709014643632 2.413670503359671 0
2407 5.627193634328429 0.2939141509863604 0
2408 5.627548059083585 3.706075445802948 0
2409 4.79016578607163 2.155184776708237 0
2410 2.485684119151611 2.835859866976003 0
2411 2.911282972680094 1.135351316734204 0
2412 2.848577720032078 2.849236533123072 0
2413 3.915909363624404 0.7915970876084478 0
2414 3.992515774381899 0.6823160086186393 0
2415 2.312634594137991 1.551623884830667 0
2416 4.225864200647925 1.340352265437814 0
2417 3.293649026736601 0.9463336652296443 0
2418 2.881795406204898 0.5911193053270347 0
2419 2.44944536923024 1.531028402711286 0
2420 2.482761212136872 3.787395568694528 0
2421 4.276448367830519 2.630238798423894 0
2422 4.836853895826599 2.715287454109279 0
2423 3.78496797002092 1.356783808464272 0
2424 2.206179649034222 3.836294786645886 0
2425 3.039262318076423 2.293273439410416 0
2426 3.098313308164004 2.413295917533945 0
2427 2.073772091548009 3.26085689779935 0
2428 3.319715520588775 2.264925458665236 0
2429 4.422915489256621 1.457984993281362 0
2430 3.373036108292017 2.369429076941787 0
2431 4.249032304117041 0.8626951201299308 0
2432 4.587018285252187 2.383455051432748 0
2433 3.315847332780678 1.253203359720442 0
2434 2.452691389309666 1.900903598722554 0
2435 2.424285158858696 1.399715774952652 0
2436 3.14522831846298 1.631223128412879 0
2437 4.116300605903577 1.318017482508176 0
2438 4.168680282497554 2.673408308263979 0
2439 3.993972290958381 2.691358169949761 0
2440 5.176098336144873 2.805292052769945 0
2441 4.505027487268524 0.9117608782966201 0
2442 4.781597270315994 2.845395721662423 0
2443 4.571839737198292 1.581555273157423 0
2444 3.363201765273358 3.854717529252851 0
2445 3.323580430954802 1.874116891822869 0
2446 3.197935221175343 1.911913528553431 0
2447 3.615877334040817 1.350572358974242 0
2448 3.827745923023663 0.6614594118279842 0
2449 3.838733402350098 3.505550085450556 0
2450 3.631638569598344 1.485134275822072 0
2451 2.233292599888662 2.65140110597924 0
2452 4.359510500519531 2.922686509039502 0
2453 2.520032422043695 2.933377769113851 0
2454 3.386546841397393 1.182289042115974 0
2455 5.496919999099621 1.648148207966665 0
2456 4.478909814576029 2.674713023101003 0
2457 4.648768456888699 2.233915123615769 0
2458 3.151659665107286 3.323328071322557 0
2459 2.830368388871479 1.267049202819655 0
2460 4.386808099442445 3.378252847211544 0
2461 2.557198340347965 1.399136012626899 0
2462 5.003602201654838 1.160906080884311 0
2463 5.194090385186833 1.241051935155738 0
2464 3.187727977554047 1.58886011259619 0
2465 5.30967497888553 2.009986467042781 0
2466 2.888842173584603 2.933445226423389 0
2467 2.066745193048749 0.7499999999983774 0
2468 3.302633100081376 1.75641273577749 0
2469 2.073947870498676 0.564260662581124 0
2470 3.133130800510194 2.471256111805354 0
2471 3.440923954687751 3.727804662414764 0
2472 2.237570090339815 2.027651877491664 0
2473 2.614384031271353 3.597654684946277 0
2474 4.688155625524093 2.118099950273275 0
2475 2.597980209140562 1.336861700487316 0
2476 3.552375523575482 1.34289187104165 0
2477 2.580192015379155 3.787222833605137 0
2478 4.282465676669259 1.289957010878137 0
2479 3.501842833252915 2.456726421850025 0
2480 3.946978863835027 1.126109493032762 0
2481 2.165868568632332 2.037451496754231 0
2482 3.492388576719612 0.4687123785455227 0
2483 3.461604154372345 1.586593650530823 0
2484 5.151859827893873 2.321742242712629 0
2485 5.660448896694596 1.980276113092276 0
2486 2.157340523427285 0.2999999999994049 0
2487 3.205764871481906 2.636708850229452 0
2488 4.627500159233945 2.274260618977336 0
2489 4.911239786725899 3.277493606617818 0
2490 3.713565793239411 3.53735084535672 0
2491 3.395756963138143 2.421770598183543 0
2492 3.06764936319525 1.84847212639175 0
2493 3.847554284092932 2.934832800705709 0
2494 4.135697814725226 0.8619848523750869 0
2495 5.002383509679978 0.4394264115884507 0
2496 2.142167128452014 1.797424011674998 0
2497 3.853823351926707 0.2232509337928432 0
2498 2.061147017879132 2.349999999995656 0
2499 2.15411343079578 1.521629550106261 0
2500 2.93502608172169 1.968219438961144 0
2501 4.224237508911659 2.647267685004366 0
2502 3.627532809027955 2.57170672845846 0
2503 3.291387075494073 1.853531967983598 0
2504 4.504874585688026 1.354492550952187 0
2505 3.647345684200663 3.010917428275021 0
2506 2.685662955459744 1.345747967312305 0
2507 4.185269941518603 2.914745655430218 0
2508 3.33596306308047 1.627881610148048 0
2509 2.370076393376717 2.973070727516008 0
2510 3.205692783204485 3.498490717335699 0
2511 4.570286026028941 1.722253987874609 0
2512 2.964476855664384 3.623194470577046 0
2513 3.89126223994992 2.665200161635777 0
2514 4.871080776338594 1.532378157542434 0
2515 5.477068960979089 2.111718954062684 0
2516 2.220859719876953 1.053450858061927 0
2517 4.668342760247108 2.371200180167828 0
2518 3.171443058151161 2.517942867188452 0
2519 2.31100874165986 2.412289102478549 0
2520 3.974239551490939 1.304633017448773 0
2521 4.311216465253881 0.7694514817242086 0
2522 4.982552771989868 1.469783929945509 0
2523 3.831684578990577 1.342286257598443 0
2524 2.143512729577653 1.295422673948622 0
2525 2.067092078701916 3.748086525963116 0
2526 2.761131036479362 1.363590394181805 0
2527 2.695487132796602 2.03699037814024 0
2528 3.627650236368886 2.626214960414473 0
2529 3.188486863355008 2.13874272076604 0
2530 3.62427379113559 0.2850792676407816 0
2531 4.681529476905196 1.936980300224511 0
2532 4.77594124608135 2.00458314675374 0
2533 3.384048574691035 1.633957144810154 0
2534 2.073296632387965 3.926953491319133 0
2535 2.073296632387726 0.07304650868036167 0
2536 2.059467679049427 3.449999999998554 0
2537 3.48930580597417 1.335300600047844 0
2538 4.75309835171859 2.098291695768134 0
2539 5.004436991354796 3.12950337197795 0
2540 5.439244132461881 2.586954724467298 0
2541 5.025022972907995 3.561750776661808 0
2542 2.835502293532231 3.020606674111051 0
2543 4.415579224090486 3.228081143775273 0
2544 3.460417358858186 1.275874983391711 0
2545 3.027792570624747 2.022543012547563 0
2546 3.420701634408239 0.1879316504439534 0
2547 3.233399668374513 3.831723222166685 0
2548 5.386273750311692 0.1986775179987676 0
2549 5.388099744521687 3.800856720330794 0
2550 3.551081302163838 1.484423252354011 0
2551 2.796047300106955 1.204844022434464 0
2552 3.68225394558951 2.709277405364053 0
2553 4.962610506897601 1.012248443972886 0
2554 3.07218735746227 1.40901568771528 0
2555 2.949787129800753 0.5153382727176912 0
2556 5.354111725753069 1.023535571367484 0
2557 5.319490894109452 3.004968603316757 0
2558 4.876978509108858 2.104820228891099 0
2559 3.331061102260245 1.72558968829874 0
2560 4.441174012458537 0.1640109766374785 0
2561 2.653042782584106 3.713761601371188 0
2562 4.482666243639134 1.590178650562258 0
2563 4.723108283813048 1.740852824653632 0
2564 3.632887353700767 1.026622202583799 0
2565 3.18473787822662 2.571125454228177 0
2566 4.86372386572565 1.640143894799911 0
2567 2.994674118921989 2.372753971891878 0
2568 3.317187803661446 1.794319580207911 0
2569 3.017472505662062 3.520978643317086 0
2570 4.026573978312992 1.313511909678864 0
2571 3.935597172321541 2.679348444720922 0
2572 4.885240293303205 2.011158153649984 0
2573 2.234135102592981 2.830752789055023 0
2574 2.155985256886541 0.9304426797877517 0
2575 3.550079539041767 2.645541759185302 0
2576 5.27986081618911 2.418665713366537 0
2577 3.216700451801327 1.965483287700314 0
2578 3.954934154508912 1.267909169974253 0
2579 2.071199063283417 0.4233203950576065 0
2580 2.069253813834352 3.119951124176384 0
2581 3.3761641558164 1.922196174096295 0
2582 4.677142676955648 1.892095858486475 0
2583 5.172873811742545 0.8276572929003748 0
2584 2.720708537900583 0.1818624450695484 0
2585 3.190278608133131 2.838361429875778 0
2586 3.309997287975202 2.849868383438123 0
2587 2.311261371977786 3.834499145223676 0
2588 4.703971311130262 2.435792934771495 0
2589 4.417683599343496 1.269456109120038 0
2590 2.661359522523612 2.099818513371181 0
2591 3.365768770251987 2.46101972207276 0
2592 2.347702950223154 3.039191985526097 0
2593 3.359676714307855 0.8853816289656417 0
2594 2.300669303636206 2.045551861585658 0
2595 3.783104842821628 1.402436515111144 0
2596 2.960667480414296 2.438831455115507 0
2597 4.661094510691864 3.406287041076416 0
2598 3.43773108608075 1.633756498017753 0
2599 4.079190326842713 2.67283804348774 0
2600 2.145085235382966 2.105921356906602 0
2601 5.178822851262679 3.165551444142162 0
2602 5.57837320636405 1.2118762359601 0
2603 5.577150787922429 2.795831055912551 0
2604 4.030458737942446 3.668364794970511 0
2605 4.579029859437354 2.448184652954096 0
2606 4.560743382309054 2.415699274237244 0
2607 4.605304762380487 2.415940430149599 0
2608 4.142555905667842 2.732530617335203 0
2609 4.14137512158284 2.690167759526304 0
2610 4.169861066582556 2.715771166072878 0
2611 3.93824987235068 0.1048399532980313 0
2612 3.931691242246679 0.2164654201944529 0
2613 3.860381982030707 0.1116254668964216 0
2614 2.288225338607008 3.038486955259167 0
2615 2.238997625277617 3.037171648529887 0
2616 2.245592629422726 2.986013877758131 0
2617 3.998247374926722 1.075766791933967 0
2618 3.984257028935605 1.124115981098031 0
2619 3.960969209826144 1.077760303868698 0
2620 2.22505684466074 3.092109115527849 0
2621 2.182424135476458 3.039636038026813 0
2622 3.317218997691021 2.314923041219524 0
2623 3.330698568383225 2.341788866562667 0
2624 3.303235626188344 2.338651997148027 0
2625 2.148639492017321 0.6729112236128876 0
2626 2.17591307939168 0.7240552722825415 0
2627 2.120641259811633 0.7148704234841802 0
2628 4.572446820675214 3.125741315474921 0
2629 4.593831031914045 3.223082285232359 0
2630 4.516425615164623 3.217303301160827 0
2631 3.92880168615984 1.061158427183311 0
2632 3.914811340168723 1.109507616347376 0
2633 3.357837348076191 1.254073062460452 0
2634 3.351197087089036 1.217746200918207 0
2635 3.393187102384548 1.218615903658218 0
2636 4.156223365902326 0.3208147445264444 0
2637 4.248170894816681 0.345391537034111 0
2638 4.168199672565529 0.4379844913833894 0
2639 5.626135001173439 3.853037722901474 0
2640 5.813774029541793 3.853037722901474 0
2641 5.813596817164214 0.1469570754931802 0
2642 5.625957788794994 0.1469570754931802 0
2643 4.87774875896854 1.827854045942844 0
2644 4.811850121033142 1.853269787533795 0
2645 4.840685260284399 1.783195498450764 0
2646 4.603403993616281 2.487710168759721 0
2647 4.558842613544848 2.487469012847366 0
2648 2.357249615868416 1.972063664075136 0
2649 2.387717398693823 2.004384031641499 0
2650 2.334987119797203 2.006403404436782 0
2651 2.330494187038466 1.934762192715215 0
2652 2.383224465935086 1.932742819919931 0
2653 4.452557119164842 2.511631508246575 0
2654 4.439259497290774 2.476238230234379 0
2655 4.47188883473884 2.492319450319068 0
2656 3.522807366999326 1.513307876488351 0
2657 3.510407137452016 1.537831488900477 0
2658 3.492897668624627 1.513134005770012 0
2659 4.059365174348184 0.1048399532980313 0
2660 4.263801194257201 1.149403330581152 0
2661 4.296605667631198 1.168886988638251 0
2662 4.244100801143278 1.198587365787072 0
2663 3.049833198040857 1.606720976394101 0
2664 3.059992832395126 1.643854312816586 0
2665 3.026048700900614 1.635830294354673 0
2666 3.054343632049989 1.803242078779707 0
2667 3.039147296737114 1.774742773107264 0
2668 3.075404205430807 1.770607848767791 0
2669 4.198374267534167 2.731029675815875 0
2670 4.197193483449165 2.688666818006976 0
2671 2.380013720654448 1.860658839824802 0
2672 2.428124896756712 1.863389964906074 0
2673 2.404580213207401 1.898172473641282 0
2674 2.700475041326006 1.970804026641563 0
2675 2.68416641773876 1.934429793664865 0
2676 2.720766149347283 1.93353971721577 0
2677 2.314472174726006 2.569828634792071 0
2678 2.340426284884401 2.617029684163476 0
2679 2.288925532676981 2.60945388036031 0
2680 3.27388108443333 2.33550354883467 0
2681 3.287360655125534 2.362369374177813 0
2682 3.353891419452766 1.566190522087382 0
2683 3.377967417237043 1.54300334178189 0
2684 3.390709221404057 1.570082747229935 0
2685 3.000944348467605 1.902791415015376 0
2686 3.033508794058909 1.918966866088415 0
2687 3.010996173352358 1.944027074057898 0
2688 3.308917570484581 1.6614143712587 0
2689 3.31528746469192 1.690615247448441 0
2690 3.282370340789575 1.676565348882629 0
2691 4.528382333615257 2.411577250946919 0
2692 4.554657236558389 2.379333028142423 0
2693 3.906801242808754 3.593419806645919 0
2694 3.999495446077873 3.60083377483618 0
2695 3.937764534673327 3.66095082678025 0
2696 2.607868140653252 2.175661225570635 0
2697 2.633348221382421 2.145832780071903 0
2698 2.648676509444581 2.189824319100197 0
2699 2.155143413606195 3.656489818969981 0
2700 2.136127978772243 3.60481124436241 0
2701 2.196903596407665 3.609689993110014 0
2702 3.304295824226695 1.216506767822155 0
2703 3.339645578535052 1.181049609019921 0
2704 3.889776199745757 1.308416377408737 0
2705 3.896828106475539 1.339113917491083 0
2706 3.865822733647374 1.331487878379165 0
2707 4.151883195090852 1.287846390638942 0
2708 4.142105296618046 1.321263229646015 0
2709 4.126078504376382 1.284600643501102 0
2710 4.36048233645182 3.76885817676178 0
2711 4.288090275484 3.671035847520022 0
2712 4.427560276445649 3.669820309934388 0
2713 2.49407448095416 1.397302971706925 0
2714 2.455879537027924 1.424787372613687 0
2715 2.462480102784932 1.372231374045889 0
2716 3.094047683854848 1.649483391998737 0
2717 3.070263186714605 1.678592709959308 0
2718 5.813774029541793 3.653037722900947 0
2719 5.813596817164214 0.3469570754928095 0
2720 3.678118566421951 0.9910210529780854 0
2721 3.671409956067532 1.033908777134358 0
2722 3.639595964055185 0.9837344784275274 0
2723 2.646071529373893 1.937914493956589 0
2724 2.666362637395171 1.900650184530796 0
2725 3.976556539768805 2.747921440545356 0
2726 3.972122587849806 2.709082759197726 0
2727 3.99840624287738 2.730196851297391 0
2728 3.305981754831353 1.637623041420468 0
2729 3.338898878733699 1.65167293998628 0
2730 3.128529762029892 1.325056298275553 0
2731 3.155781176750661 1.36158482320295 0
2732 3.108705626252123 1.362809947386063 0
2733 2.578440508907407 2.213221977802775 0
2734 2.563112220845246 2.16923043877448 0
2735 4.258636903502708 1.095443040920098 0
2736 4.206132037014789 1.125143418068918 0
2737 2.832722061674624 1.090171966370761 0
2738 2.888044625369855 1.092190559505095 0
2739 2.855960408984862 1.133332723599869 0
2740 3.111966791127289 1.28527095656932 0
2741 3.159042341625828 1.284045832386207 0
2742 2.558403120223381 3.944653926093903 0
2743 2.604352538363112 3.872099834619986 0
2744 2.632944810265616 3.927445908526083 0
2745 4.47669452524697 3.271362707346769 0
2746 4.455310314008139 3.174021737589331 0
2747 4.243279704240488 2.735060111128377 0
2748 4.260505349531785 2.693600674178317 0
2749 4.278078369371496 2.72473545755672 0
2750 3.466030637161239 2.539282239501965 0
2751 3.451598012924016 2.513072051595099 0
2752 3.485431697843267 2.516540558675739 0
2753 4.596443022691249 0.947219694032237 0
2754 4.670756586688968 0.9577289635917579 0
2755 4.627349474598145 1.049854513959366 0
2756 2.144663320560087 2.257352583905313 0
2757 2.169851803036033 2.3021697932595 0
2758 2.114755087272666 2.296210986943764 0
2759 4.02517918061489 2.740083891034649 0
2760 4.020745228695892 2.701245209687019 0
2761 2.528936693529566 1.371941492883013 0
2762 2.522336127772558 1.424497491450811 0
2763 3.448460200450348 2.566632176401649 0
2764 3.482293885369598 2.570100683482289 0
2765 3.525042985060536 1.561400497248313 0
2766 3.495133286685838 1.561226626529975 0
2767 4.700303129522418 2.027060763383555 0
2768 4.740441971695022 1.998317688781701 0
2769 4.735802403908744 2.033326221355594 0
2770 4.655303857718104 1.504033923580097 0
2771 4.615645168068875 1.536073513500317 0
2772 4.609727713353204 1.47664944459838 0
2773 2.721262456602574 2.682879403002984 0
2774 2.740843889735603 2.725876350080783 0
2775 2.697390727178836 2.723232305202435 0
2776 4.957252654427464 1.834566367706058 0
2777 4.928417515176207 1.904640656789089 0
2778 2.129290905347959 2.215708280288203 0
2779 2.184387621111326 2.221667086603938 0
2780 2.143226317853069 3.013427589124564 0
2781 2.08981010925237 2.993316439208635 0
2782 2.142948707492635 2.964587421112923 0
2783 4.175819935960083 1.260931059443348 0
2784 4.191846728201747 1.297593645588261 0
2785 2.431335642037351 1.935473945001204 0
2786 3.054484790147031 1.890663339881268 0
2787 3.064536615031783 1.931898998923791 0
2788 3.992701620021754 2.995495155597654 0
2789 4.053251121912639 2.991567601907185 0
2790 4.030183016197816 3.040881970453938 0
2791 2.10733002011737 0.7580072360761058 0
2792 2.080056432743012 0.7068631874064518 0
2793 3.003782012513338 0.4518127384686562 0
2794 3.03887936795028 0.3977902540273051 0
2795 3.082251156113336 0.4456859950462554 0
2796 3.92184026307172 1.341944678889608 0
2797 3.897886796973337 1.365016179860036 0
2798 2.522108856266768 1.869728362907261 0
2799 2.543032516032415 1.833004867104462 0
2800 2.5678052065644 1.869703149970914 0
2801 2.290226656354112 1.641577508884015 0
2802 2.279357991615545 1.59162114889315 0
2803 2.323503258876557 1.601580244821532 0
2804 3.839666535460116 1.078038114496124 0
2805 3.850995946592127 1.123137019122611 0
2806 3.808018665549824 1.108269393956746 0
2807 2.467037119183994 0.166137206514938 0
2808 2.403737184011524 0.1632240395591281 0
2809 2.444824412064862 0.1101826187139466 0
2810 4.511588747004776 2.430807000200705 0
2811 4.505502601254113 2.394440754105884 0
2812 3.250165559300174 2.677263508176109 0
2813 3.291111702364658 2.683487292412675 0
2814 3.265396756326477 2.712285605755329 0
2815 5.844497178420934 2.46906416090585 0
2816 5.697855139909153 2.389151088077542 0
2817 5.853357961488219 2.32008692716748 0
2818 4.947089705069752 0.5838905866230996 0
2819 4.957904315610106 0.6917183855110827 0
2820 4.817768979752889 0.637522277588668 0
2821 4.295374373013969 3.885036857173707 0
2822 4.434844373975617 3.883821319588073 0
2823 5.009689468826517 2.964567345432209 0
2824 4.944220366487572 2.864781192289859 0
2825 5.03861609926747 2.874782482545714 0
2826 2.833350992136139 1.168185875762001 0
2827 2.88867355583137 1.170204468896336 0
2828 2.891657301372814 0.1293436826148399 0
2829 2.933681097796346 0.2020390395370285 0
2830 2.852546239983238 0.1908530261546862 0
2831 4.042905638108913 0.3115438027358927 0
2832 4.122876860360066 0.2189508483866143 0
2833 2.52008864435472 1.796477255681944 0
2834 2.565784994652352 1.796452042745596 0
2835 2.129285537236193 3.068365056122526 0
2836 3.275235164609345 1.375355755050314 0
2837 3.246071399184999 1.409788402500074 0
2838 3.239174026597328 1.366876493313339 0
2839 3.924867398689428 2.858923993233865 0
2840 3.938296918279253 2.908239345821436 0
2841 3.898558567282725 2.907926429729179 0
2842 3.726118815147188 2.682828672119648 0
2843 3.709941366474571 2.713521325237102 0
2844 3.698431394262128 2.678584752246599 0
2845 4.302345975301177 3.006110394873608 0
2846 4.314077574969053 2.930001390271879 0
2847 4.347778900851655 2.998795513641231 0
2848 3.700340465440199 1.323123884263 0
2849 3.710763685505651 1.356769083290641 0
2850 3.674514345929686 1.346399651268752 0
2851 3.330276098406726 1.987303258492367 0
2852 3.302130635017143 1.979027326063087 0
2853 3.32618229738431 1.96002793593564 0
2854 3.704480791534817 0.9494443559808579 0
2855 3.736294783547165 0.999618654687688 0
2856 4.224972096656217 2.67559650637717 0
2857 4.259770761787227 2.665271852805513 0
2858 5.581536859000563 2.45112854771788 0
2859 5.590397642067847 2.302151313979509 0
2860 3.757181482527775 2.689994071499423 0
2861 3.745671510315332 2.65505749850892 0
2862 2.126768459298827 0.6213630884686457 0
2863 2.182040278878874 0.6305479372670071 0
2864 4.662609433761745 2.18547431469131 0
2865 4.630690235896001 2.162133235319496 0
2866 4.6703511484122 2.160482341090839 0
2867 3.592171158493682 3.92349196424849 0
2868 3.64339320614368 3.837392422712178 0
2869 3.692976514881335 3.913900458463687 0
2870 4.777551318601217 2.421388226370144 0
2871 4.753513991174421 2.457864471438519 0
2872 4.728008638557059 2.399316689703119 0
2873 4.267139715762221 3.042973842404914 0
2874 4.23343838987962 2.974179719035561 0
2875 3.415527089479587 1.572421855585028 0
2876 3.39145109169531 1.59560903589052 0
2877 3.00269273463403 1.771304239994439 0
2878 3.023753308014848 1.738670009982522 0
2879 3.13701721695445 2.650602034739696 0
2880 3.174832649131442 2.62555254263125 0
2881 3.167949439304913 2.661758342337898 0
2882 4.664477871672505 2.567079279853184 0
2883 4.612056501613086 2.572003967651141 0
2884 4.635638117783195 2.522069840855033 0
2885 3.88582666142888 1.137048792222089 0
2886 3.854178791518588 1.167280071682711 0
2887 2.227841558096278 0.1510507628202911 0
2888 2.172946859421216 0.1414604294401857 0
2889 2.210095256604943 0.09045498600330079 0
2890 3.437750774456738 1.23566616878899 0
2891 3.431110513469583 1.199339307246746 0
2892 4.836318515957702 2.415813559342142 0
2893 4.810813163340339 2.357265777606742 0
2894 4.569723377476913 1.625759067463314 0
2895 4.585475533909202 1.65416583327912 0
2896 4.543526759179669 1.647903590602787 0
2897 2.293999400704963 2.351046588827479 0
2898 2.272688628173411 2.312824749695467 0
2899 2.320488921246355 2.307158125548238 0
2900 2.705620213346763 3.927445908526083 0
2901 4.695535044726952 3.208763014188651 0
2902 4.639513839216361 3.300324999874557 0
2903 3.764683506517478 2.861736170103799 0
2904 3.795953156472912 2.911460451316879 0
2905 3.754081072158574 2.912739980160532 0
2906 3.556106970636957 0.3845478289667554 0
2907 3.556803366367199 0.4565314385798573 0
2908 3.49169218098937 0.3967287689324207 0
2909 2.222831485850031 1.718986943764436 0
2910 2.246567586378694 1.765151524857952 0
2911 2.195947247777743 1.756575223480336 0
2912 3.907341318074347 3.734206056852922 0
2913 4.000035521343466 3.741620025043183 0
2914 3.119513061001076 1.434238793281965 0
2915 3.157619416052077 1.434364505406292 0
2916 3.141175436080262 1.469264826374798 0
2917 3.691302030046358 3.091730418499786 0
2918 3.649607030196055 3.073806917941594 0
2919 3.689040684050966 3.028840928833214 0
2920 4.653538952584306 3.748560017160741 0
2921 4.541560569977642 3.649430830134103 0
2922 4.69514718514848 3.630348208118698 0
2923 3.857396215476003 0.7826324300458827 0
2924 3.813314495175632 0.7175635921556509 0
2925 3.871827643324034 0.7265282497182159 0
2926 3.31702873443887 1.933468446602118 0
2927 3.345174197828453 1.941744379031399 0
2928 3.725143001307376 1.299514703073331 0
2929 3.68889366173141 1.289145271051441 0
2930 3.231451024288672 2.105365837748388 0
2931 3.214369186065972 2.135023087323382 0
2932 3.205568701577708 2.109085471191047 0
2933 4.629220842672926 1.382850478620375 0
2934 4.59986075924825 1.431844411084141 0
2935 4.579695198918744 1.370085035026355 0
2936 3.36022459535516 1.512177822552991 0
2937 3.397042397306451 1.516070047695544 0
2938 4.6558253636757 2.482785480961764 0
2939 4.469168509009823 3.551608500892346 0
2940 4.370988157460138 3.475125413952088 0
2941 4.48498845099213 3.454735934151802 0
2942 2.138225522766136 0.1768625810831638 0
2943 2.120479221274801 0.1162668042661734 0
2944 4.604875750559453 2.672296514669009 0
2945 4.552629060372441 2.670437654827825 0
2946 4.588649565315385 2.615154546808107 0
2947 4.793543258790212 1.903440305347428 0
2948 4.756479760106071 1.858781757855348 0
2949 3.856905433637909 3.821338086021615 0
2950 3.794634446967771 3.740668887758682 0
2951 4.827370732354209 2.305282040175181 0
2952 4.768603534997726 2.310856707203183 0
2953 3.500249458812279 2.493357433114942 0
2954 3.514682083049502 2.519567621021808 0
2955 2.329303125371833 0.9290019429018905 0
2956 2.353768988028664 0.8851797953197977 0
2957 2.379775620484203 0.9346026931091218 0
2958 3.239658362654429 2.74613052129166 0
2959 3.280604505718913 2.752354305528226 0
2960 3.609804425122469 2.760731990746964 0
2961 3.570544812000465 2.757008002395691 0
2962 3.586763749809121 2.720312957880846 0
2963 3.194282615571598 2.079392354148169 0
2964 3.177200777348898 2.109049603723162 0
2965 2.049256420024006 1.928380670355712 0
2966 2.049256420024006 1.978380670355588 0
2967 3.954212569003152 0.7369565481135436 0
2968 3.910130848702781 0.6718877102233117 0
2969 3.590364145690346 3.757785644895527 0
2970 3.691169502077999 3.748194139110725 0
2971 2.78549749050789 2.725803957011568 0
2972 2.761625761084152 2.766156859211019 0
2973 4.905000446377563 2.745141891756322 0
2974 4.87737213362226 2.810196025532894 0
2975 4.809225583071297 2.780341587885851 0
2976 4.184539449675119 3.670054553222432 0
2977 4.251617389668949 3.571016686395041 0
2978 4.894203979972808 2.283930936012974 0
2979 4.851994351630195 2.237521865609415 0
2980 3.172983651072937 1.40032380653828 0
2981 3.194646026152123 1.435349839631112 0
2982 3.366715186406625 1.793668915845273 0
2983 3.359016397454581 1.823518913962026 0
2984 3.341319006934447 1.800709912583769 0
2985 3.177292310194957 2.696434827982553 0
2986 3.215107742371949 2.671385335874108 0
2987 4.509827467989414 2.487828112686502 0
2988 4.496529846115346 2.452434834674306 0
2989 2.791781954738791 0.186472997742968 0
2990 2.833805751162322 0.2591683546651566 0
2991 3.18226007892176 2.217330152071137 0
2992 3.199485864456082 2.189358056822045 0
2993 3.215835291334592 2.216827447770906 0
2994 4.44898766065215 1.497919149912349 0
2995 4.469517416079183 1.51716745276455 0
2996 4.435734120701362 1.529017437542947 0
2997 4.76451979889997 2.051437421260937 0
2998 4.724380956727365 2.08018049586279 0
2999 4.100732978361065 2.637327338339011 0
3000 4.101869804764652 2.657204119246661 0
3001 4.078053500439126 2.65296126258009 0
3002 4.435202266638171 1.378584495324135 0
3003 4.457159942978269 1.349479194936805 0
3004 4.482916909347928 1.383597851339516 0
3005 4.119309621677358 2.674248702897105 0
3006 4.096630143755419 2.689882627138184 0
3007 3.174983864581713 1.541912337785035 0
3008 3.159007279521445 1.509540999958565 0
3009 3.195258376191531 1.501761876325594 0
3010 4.454234366351733 2.537123909672879 0
3011 4.421605028903668 2.52104268958819 0
3012 2.27408612136202 2.654028017855477 0
3013 2.248132011203624 2.606826968484072 0
3014 3.486420953429479 2.473528396309449 0
3015 3.515671338635714 2.476555458655518 0
3016 2.576834966870585 0.1123992703990902 0
3017 2.589225185590095 0.1737583308046531 0
3018 2.520514565956842 0.1744548460753194 0
3019 3.599316505003677 2.533387953551859 0
3020 3.62715926447234 2.546680847789602 0
3021 3.599690049559292 2.558413834220716 0
3022 3.684517995822375 2.654483815544009 0
3023 3.668340547149757 2.685176468661464 0
3024 3.609246447396475 3.090111561453872 0
3025 3.606985101401083 3.027222071787299 0
3026 3.722479645087418 2.785542618321742 0
3027 3.709181672333213 2.749957361549813 0
3028 3.750926760113837 2.75335050188208 0
3029 3.464885921811415 2.402587185499374 0
3030 3.490175816154287 2.394554413408212 0
3031 3.480753970875608 2.422439664631345 0
3032 2.800327681009705 3.160903219482499 0
3033 2.739114653496433 3.165747367807825 0
3034 2.771651396153445 3.111980845263942 0
3035 3.990187737711267 2.902708848188511 0
3036 3.963878906304564 2.951711284683826 0
3037 2.08673080205437 3.59380732342893 0
3038 2.12849098485584 3.547007497568963 0
3039 4.376643421152661 2.711691668216327 0
3040 4.326788243851346 2.720682983965607 0
3041 4.345159191964109 2.674284704857381 0
3042 4.09477842622278 1.231754620455638 0
3043 4.103508866492641 1.270906859988417 0
3044 4.062430889866232 1.251477675950025 0
3045 3.411471409983999 2.565293395451367 0
3046 3.427734658192358 2.596111839431692 0
3047 2.649635121062375 0.1772518923961287 0
3048 2.593314720148632 0.2393074680723578 0
3049 2.444968605700603 0.7636700936686378 0
3050 2.411761050401545 0.8047391573600835 0
3051 2.388544578179183 0.7554478629066981 0
3052 4.069149522623702 1.133873926637966 0
3053 4.085232150403796 1.178975410264939 0
3054 4.037617821816276 1.167223952790273 0
3055 4.172682902141597 0.114110895088583 0
3056 4.735580910238657 0.8991364256695551 0
3057 4.766487362145552 1.001771245596685 0
3058 2.852968880445947 1.744355235595392 0
3059 2.877358599853234 1.716061893432019 0
3060 2.891174285632866 1.750740496652631 0
3061 2.250675755637612 0.8712498143984952 0
3062 2.272760977717804 0.9239218612108022 0
3063 2.220140240439123 0.915592630496731 0
3064 4.560489314472635 3.422931646005163 0
3065 4.462308962922949 3.346448559064905 0
3066 2.184100846714926 3.705314705871156 0
3067 2.123325229079503 3.700435957123553 0
3068 4.651533242460807 1.689720265816238 0
3069 4.672902842502745 1.722725555214399 0
3070 4.635358986950951 1.736523434086585 0
3071 4.190132384157399 3.49035774291806 0
3072 4.29368320996628 3.49133903721565 0
3073 3.573592023451157 2.69001046880285 0
3074 3.612851636573161 2.693734457154124 0
3075 3.052559304511331 2.325324005309422 0
3076 3.030265204934114 2.365064271550154 0
3077 3.016968218499207 2.333013705651147 0
3078 4.713712900600875 1.868915406654573 0
3079 4.707657787409394 1.900524067077729 0
3080 4.683197790147129 1.86048719806332 0
3081 2.288471838276011 0.1556711487594723 0
3082 2.323257216086199 0.1036573855707715 0
3083 2.346739099082204 0.1592832149468376 0
3084 2.384740728517069 3.835230045534804 0
3085 2.430998107888542 3.783949746134343 0
3086 2.436503832765398 3.838675868094989 0
3087 4.285876191246657 2.656757409515277 0
3088 4.250342938371089 2.63875324171413 0
3089 2.368951806201336 0.2152378027478289 0
3090 4.24109468791651 3.194700553470001 0
3091 4.265491604942763 3.106340719362365 0
3092 4.311650384157527 3.163264352350597 0
3093 4.704703668579263 3.520570182804875 0
3094 4.816682051185927 3.619699369831513 0
3095 2.199105359702927 0.9493536785483949 0
3096 2.177020137622736 0.8966816317360879 0
3097 2.794734953215199 3.068787051283599 0
3098 2.733521925701926 3.073631199608926 0
3099 4.389601069514065 2.624373041641793 0
3100 4.361068802901098 2.640607750431497 0
3101 4.355655503149739 2.599687402965189 0
3102 3.395796076720727 2.529252279825519 0
3103 3.38595721755788 2.49960193713121 0
3104 3.422358093079142 2.506163389727015 0
3105 3.681494251448152 2.745713441676764 0
3106 3.680827456002892 0.6686562676644326 0
3107 3.751266967978888 0.6325023151056786 0
3108 3.757306411047667 0.6976133643867384 0
3109 3.795738667695774 2.640616435696421 0
3110 3.771289486726926 2.632111822375192 0
3111 3.790293976726781 2.610505360182918 0
3112 2.222979571977736 2.310012301597879 0
3113 2.249469092519129 2.266123838318638 0
3114 2.644517755692088 1.104640560419141 0
3115 2.663242452819359 1.149926300526743 0
3116 2.612797793006987 1.142335928650101 0
3117 2.940661483141859 1.692612588628747 0
3118 2.976528853577665 1.699004749818966 0
3119 2.951431375475959 1.728839315679477 0
3120 3.594636201411598 1.478885776531168 0
3121 3.571014164737099 1.495658917281729 0
3122 3.574703338838337 1.46765011160345 0
3123 5.383400989500791 1.321124135504459 0
3124 5.474702891233392 1.214940455725946 0
3125 5.48707130463145 1.318059915738613 0
3126 2.985230533900974 2.029239778450493 0
3127 2.951575136207016 2.050090132949912 0
3128 2.95225211787645 2.01603052522833 0
3129 2.481589090058173 0.9487592180663459 0
3130 2.427549864239356 0.9396243591224638 0
3131 2.458280708959852 0.8999154044709111 0
3132 2.920840698648934 2.489296490222325 0
3133 2.927714973957757 2.446674709618779 0
3134 2.953793205105473 2.481453235719054 0
3135 5.657839842502807 0.7799614647465031 0
3136 5.514117735096582 0.8411960933931528 0
3137 5.517368879422332 0.6861195424996972 0
3138 5.657839842490911 3.22003853525132 0
3139 5.517864632702855 3.313314518920372 0
3140 5.514613488369218 3.158237968025801 0
3141 4.523882530096269 2.701146322894864 0
3142 4.507656344852201 2.644004355033962 0
3143 3.050474205134798 0.1406031416109411 0
3144 3.086449683612411 0.2049171389481902 0
3145 3.008767637663536 0.2048436933344315 0
3146 3.141980543187304 1.590457294915443 0
3147 3.163230372732837 1.569275787007098 0
3148 3.166478148008514 1.610041620504535 0
3149 2.700208205203825 3.561987456026474 0
3150 2.738310571425743 3.512268293673419 0
3151 2.757056981868774 3.56799223537374 0
3152 4.311213625599783 2.649599066180776 0
3153 3.6568199235367 1.392047378212937 0
3154 3.62228980755954 1.377311132551861 0
3155 3.650407450017978 1.365308604635318 0
3156 3.355421287129967 1.997931437379633 0
3157 3.3313696247628 2.01693082750708 0
3158 3.267906420231534 1.913760617263069 0
3159 3.244111589454693 1.895577597448766 0
3160 3.264436590759193 1.879394299237451 0
3161 2.114999293185387 2.388946984084674 0
3162 2.158780443626569 2.379551394207987 0
3163 2.133836167063343 2.42747018199471 0
3164 3.742874983199636 0.7537175447144051 0
3165 3.182753358105643 3.404497358041319 0
3166 3.132789082359882 3.380441678460676 0
3167 3.201623940853046 3.3473837509032 0
3168 2.297905533024548 2.527123999577698 0
3169 2.349406285231968 2.534699803380863 0
3170 3.064158743855609 1.278715146613816 0
3171 3.094671323451544 1.23770468072447 0
3172 2.87642571520007 3.066894405689554 0
3173 2.9380473028597 3.075578416553796 0
3174 2.894486011326347 3.115820707802857 0
3175 3.002576670245716 0.3365373440606932 0
3176 3.081045813845714 0.3304106006382925 0
3177 3.014734067257034 1.977691347929924 0
3178 2.982169621665731 1.961515896856885 0
3179 4.719955315855506 2.325025302902477 0
3180 4.736512884869375 2.273041565470916 0
3181 5.338337833206419 0.6049499541391609 0
3182 5.230435906471538 0.6927204328459307 0
3183 5.19512696766185 0.5503162158387445 0
3184 5.340917604062524 3.394422936406744 0
3185 5.197210985221012 3.449622613288307 0
3186 5.230931659739651 3.306713628576415 0
3187 2.92767371333247 2.079357901074039 0
3188 2.902589447860835 2.11244076484669 0
3189 2.893512454710855 2.0699637435004 0
3190 3.703859878669911 2.901887071900634 0
3191 3.735129528625344 2.951611353113714 0
3192 2.960652129356995 2.092567154296201 0
3193 2.138393134406108 0.2259532854933494 0
3194 2.085925496259692 0.2007596603193372 0
3195 4.616530524816033 1.572506632819729 0
3196 4.570954380451134 1.545122153838011 0
3197 3.120900924470444 1.509415287834238 0
3198 2.626762595586174 1.058524124258421 0
3199 2.677207255398546 1.066114496135063 0
3200 2.927711047225411 1.655513770837596 0
3201 2.902613569123706 1.685348336698107 0
3202 5.074622666536699 2.790144191086655 0
3203 5.140091768875644 2.889930344229004 0
3204 2.597552078125834 2.254655148761921 0
3205 2.552796158317828 2.248224361965766 0
3206 2.075601017250647 2.393432885933526 0
3207 2.100545293813872 2.345514098146803 0
3208 2.251323441092284 0.2066765921963572 0
3209 4.147597120027376 3.41289750695101 0
3210 4.10070928411375 3.344591366434567 0
3211 4.185310368541103 3.342373953222225 0
3212 3.771110010722704 1.099695051472525 0
3213 3.727731662730947 1.088707482649853 0
3214 3.753310906426056 1.052182920507587 0
3215 3.557634788197359 0.3049122134800502 0
3216 3.622745973575189 0.3647148831274868 0
3217 4.329624478517289 0.2879692776861771 0
3218 4.341600785180492 0.4051390245431221 0
3219 4.032188034384088 1.035675365980785 0
3220 4.055475853493548 1.082031043210119 0
3221 2.363577274042441 1.617701954721856 0
3222 2.352708609303874 1.567745594730991 0
3223 2.460028650857401 3.889632009841628 0
3224 2.506286030228875 3.838351710441167 0
3225 2.934708775382889 2.31096466885653 0
3226 2.917898181645405 2.279829498067447 0
3227 2.951245593590055 2.277118664410684 0
3228 3.003659252701981 2.300763637305091 0
3229 2.981365153124764 2.340503903545823 0
3230 3.71258777633363 3.39064451517911 0
3231 3.744989433303578 3.465195848413813 0
3232 3.681164136269462 3.462799512122016 0
3233 3.935766794619705 1.227138729618051 0
3234 3.896898424565412 1.215276503583297 0
3235 3.927877876409634 1.193054070816944 0
3236 5.047562734600624 1.81574445047921 0
3237 4.996893978392958 1.738957839632964 0
3238 4.348031255778231 1.273633939554305 0
3239 4.313883439298418 1.302996017014211 0
3240 4.316613493149072 1.260594933418231 0
3241 4.309562598560047 2.762142420915667 0
3242 2.977001205212223 2.502302291014798 0
3243 2.983875480521046 2.459680510411252 0
3244 3.159905569757179 0.208826972104127 0
3245 3.118199002285918 0.2730675238276175 0
3246 4.165091775813554 3.885036857173707 0
3247 4.039391760440711 3.907437627557927 0
3248 4.095312320117328 3.792474484731634 0
3249 4.946580851969168 1.961255566101144 0
3250 4.867076956510244 1.954543244337929 0
3251 3.108509352605781 2.615403592193956 0
3252 3.101626142779253 2.651609391900604 0
3253 4.145192129605604 1.0565613728324 0
3254 4.158865798735759 1.108404256260248 0
3255 4.103090182081068 1.093782500684785 0
3256 4.384043624310346 1.140662818256863 0
3257 4.401271248752228 1.19642776951986 0
3258 4.333533685187003 1.175467904695328 0
3259 2.044766249445968 2.922238135597049 0
3260 2.044766249445968 2.972238135597181 0
3261 2.531251968200174 2.839163706117516 0
3262 2.548426119646216 2.88792265718644 0
3263 2.502858270597653 2.884618818044927 0
3264 3.042129256801171 3.865329807724996 0
3265 2.999025223686862 3.799237226940209 0
3266 3.073372149116447 3.802822456338308 0
3267 4.105531299730046 3.492575156130401 0
3268 3.675277265961552 1.41186443508693 0
3269 3.647159623503114 1.423866963003474 0
3270 4.521019622167408 1.171092590808077 0
3271 4.542418026892772 1.227843096297356 0
3272 4.473179592600934 1.218373188570674 0
3273 3.460607467696565 1.172885200126875 0
3274 3.416043795624375 1.155834934996103 0
3275 2.986016895614121 2.276679971748419 0
3276 2.969206301876636 2.245544800959336 0
3277 3.111255048723498 1.58221822813701 0
3278 3.114502823999174 1.622984061634447 0
3279 2.927020099616418 1.757782262235124 0
3280 2.902630380209131 1.786075604398497 0
3281 2.151762847574305 1.958829343490798 0
3282 2.185440711866465 1.999174421509715 0
3283 2.132190704340172 1.997106418735314 0
3284 3.222758320051188 1.920928722013908 0
3285 3.219288490578848 1.88656240398829 0
3286 3.439281518903728 2.403185783564246 0
3287 3.448703364182407 2.375300532341113 0
3288 4.062843259563712 3.275030718637408 0
3289 4.018398689229017 3.214288918731923 0
3290 4.093977962292782 3.213326012800298 0
3291 4.675149205223188 1.619690189713043 0
3292 4.650374625109524 1.65397184854185 0
3293 4.636446732320112 1.597739651310841 0
3294 4.146614782592073 2.657489251634781 0
3295 2.876117232092834 2.492698984153987 0
3296 2.902195463240549 2.527477510254262 0
3297 5.044804275303473 0.5387565530669824 0
3298 5.152706202038354 0.4509860743602127 0
3299 2.914550642839237 1.617813258500803 0
3300 2.95259855685739 1.625077510431443 0
3301 3.639984229952526 1.331663405607677 0
3302 3.228640499901646 3.434965073909771 0
3303 3.159805641408482 3.468023001467247 0
3304 2.926811400952091 2.002550159344447 0
3305 2.960466798646049 1.981699804845027 0
3306 4.070132955023395 3.094769314829141 0
3307 4.142834213395224 3.087365668622619 0
3308 4.122234650329917 3.145180566688291 0
3309 3.310529345127469 1.321672106842968 0
3310 3.292092562401176 1.29282360279201 0
3311 3.334284115506971 1.282051863771399 0
3312 3.154586355091879 1.167101197413802 0
3313 3.173367215039063 1.208912826549468 0
3314 3.123698510776039 1.202448861544308 0
3315 2.476975824381977 0.7218973793951509 0
3316 2.500192296604339 0.7711886738485363 0
3317 2.041434948949838 2.030097112388245 0
3318 2.090691368973844 2.008477782749055 0
3319 3.94081080058974 3.001025653230579 0
3320 3.264824915265893 1.447405358638862 0
3321 3.228763777253876 1.438926096901888 0
3322 3.407293354068926 2.34997335591809 0
3323 3.419200126737691 2.326177291985663 0
3324 3.435005733943484 2.352103066473557 0
3325 2.235542661462012 0.6393247993362265 0
3326 2.213671628743517 0.5877766641919848 0
3327 3.047935601437862 1.028915801764981 0
3328 3.018520735941014 1.067410677888137 0
3329 2.999328811750167 1.022396207057394 0
3330 4.848445503181306 2.899980888419389 0
3331 2.18092523837921 1.800081908124425 0
3332 2.157189137850547 1.753917327030909 0
3333 3.153344977472567 2.050667101196386 0
3334 3.172891796475096 2.020988609292716 0
3335 3.185461510345316 2.049677994776614 0
3336 3.230279999091416 2.248306204591119 0
3337 3.247505784625739 2.220334109342027 0
3338 3.699293889559073 1.403495529332102 0
3339 3.689633589525487 1.435315114122639 0
3340 3.221971552275052 1.32813750997801 0
3341 3.192807786850707 1.36257015742777 0
3342 4.728574747333431 3.864738697572668 0
3343 4.574988132162593 3.883821319588073 0
3344 3.578321462601413 2.517675902888612 0
3345 3.605790677514462 2.505942916457498 0
3346 2.342423319470337 1.272374100195544 0
3347 2.387837598373122 1.279192310690203 0
3348 2.358482469997507 1.316622888606276 0
3349 2.864408163936786 1.678963075640868 0
3350 2.211055377950333 2.767477698033295 0
3351 2.166123989540905 2.744898479250912 0
3352 2.210856533733633 2.719324172695561 0
3353 2.860967043318287 3.163001042962147 0
3354 2.922588630977917 3.171685053826388 0
3355 3.784202259461142 2.756955048533727 0
3356 3.770904286706936 2.721369791761798 0
3357 4.126310127030205 1.19840459430333 0
3358 2.515432096379179 1.25239372350957 0
3359 2.532428344753209 1.300883933905268 0
3360 2.483678798337137 1.296256762743428 0
3361 4.559809811426074 2.570145107809957 0
3362 3.475301564052155 1.488171561629369 0
3363 3.462901334504845 1.512695174041496 0
3364 3.922880703600932 1.005671897474661 0
3365 3.876722833943512 1.037419209953339 0
3366 3.362581985725726 2.491855274651237 0
3367 3.389144002084141 2.468766384552733 0
3368 3.079124951969465 1.823789640415992 0
3369 3.042868043275773 1.827924564755465 0
3370 2.621025950187097 2.846398196539329 0
3371 2.602992266199958 2.802394694068648 0
3372 2.647198399138319 2.806325345348948 0
3373 3.052091095653593 2.654507551203888 0
3374 3.080598960002262 2.689705993749627 0
3375 5.072483113682763 1.41393026986343 0
3376 5.103633582805044 1.28374974420051 0
3377 5.162939916064552 1.371232460818658 0
3378 2.436213280532 0.8518709668245261 0
3379 2.379789253010579 0.8436487360625864 0
3380 4.677735704364107 1.339236214989681 0
3381 4.697901264693613 1.400995591047467 0
3382 3.382883762092758 1.081165967286033 0
3383 3.429109989541609 1.088760990254587 0
3384 3.399314522402507 1.121785804907678 0
3385 2.181195790732183 3.315397538501583 0
3386 2.213664241156001 3.27055927692589 0
3387 2.233013109469471 3.320553238616373 0
3388 4.706690050367969 1.46475238132638 0
3389 4.712607505083641 1.524176450228317 0
3390 3.96316119334758 2.777301252014007 0
3391 3.936877538320006 2.756187159914341 0
3392 5.263779424920561 1.462828290999352 0
3393 5.294929894042841 1.332647765336432 0
3394 3.107906242111428 3.514093472331667 0
3395 3.153793383907431 3.544561188200118 0
3396 3.779673131538922 1.01060622351036 0
3397 2.557688277611322 2.796791608084194 0
3398 2.583860726562544 2.756718756893814 0
3399 4.527604850591047 1.386785759221154 0
3400 4.556964934015723 1.337791826757388 0
3401 5.057171109466069 1.485598458213544 0
3402 4.997864776206562 1.398115741595396 0
3403 2.775490058705831 3.932315906809231 0
3404 2.748764073764415 3.859761815335315 0
3405 3.805569587336212 3.913900458463687 0
3406 3.375370537580749 1.767569819265264 0
3407 3.393067928100883 1.790378820643521 0
3408 4.787663445041613 2.207028873239929 0
3409 4.854496692660211 2.185677769077722 0
3410 4.717530094649637 1.582516094729113 0
3411 4.73145798743905 1.638748291960122 0
3412 3.356367089255663 2.950930719668261 0
3413 3.337424419538477 2.908114582899025 0
3414 3.390971478514294 2.91829357355979 0
3415 3.155562730334457 1.994429647571436 0
3416 3.187679263207206 1.993440541151664 0
3417 2.144807129166789 3.360816279387278 0
3418 2.171691935639772 3.410895235641982 0
3419 2.115954405760908 3.406320014837194 0
3420 3.28006626735807 2.230343795094567 0
3421 3.308948781461177 2.236900091346066 0
3422 3.290833006485669 2.258369162413739 0
3423 2.209146268171089 1.671014527671226 0
3424 2.259766606772041 1.679590829048841 0
3425 3.18794057127326 1.24789017735064 0
3426 3.204503542175864 1.287675519056873 0
3427 3.000983648249224 1.667870826772697 0
3428 3.011753540583324 1.704097553823427 0
3429 4.025130011049985 3.345554272366193 0
3430 4.039638694688191 1.277611436074268 0
3431 4.030908254418328 1.23845919654149 0
3432 2.728034015031772 0.1149302121804608 0
3433 2.765615490730144 0.150010057151023 0
3434 2.683127062202211 0.1467826000989861 0
3435 2.717758249801389 1.698701280441055 0
3436 2.700868438207658 1.662531607356998 0
3437 2.742227372662719 1.666047708376616 0
3438 3.488199893987792 3.00698057192747 0
3439 3.539314760112604 3.001876227810427 0
3440 3.515509652476691 3.048631059416619 0
3441 2.298767610173344 0.9733447590001263 0
3442 2.573904341181695 1.050764786373702 0
3443 2.606593840888153 1.012238722089624 0
3444 3.177198757699129 2.164301740944158 0
3445 3.210773970111961 2.163799036643927 0
3446 4.419059927265474 1.483877063986054 0
3447 4.452843222643295 1.472027079207657 0
3448 2.498024942642871 1.20972943782742 0
3449 2.546774489058943 1.214356608989261 0
3450 2.246944676088747 1.259224534393999 0
3451 2.195700077278814 1.252816838999355 0
3452 2.222648370527406 1.213427265077713 0
3453 4.560202069599022 1.46388400100436 0
3454 2.254507730919589 3.370209043750533 0
3455 2.286976181343408 3.325370782174841 0
3456 3.764625096415528 1.372467113792094 0
3457 3.784036406421274 1.379610161787708 0
3458 3.763693532815882 1.39529346711553 0
3459 3.550921373057157 2.798029371493491 0
3460 3.527880697743809 2.757610338627372 0
3461 2.456917532705882 2.874924117915024 0
3462 2.474091684151924 2.923683068983948 0
3463 2.479427337903504 0.2274962669205009 0
3464 4.044774373912569 2.772589162677995 0
3465 4.06711335973108 2.743637521067622 0
3466 4.452011648797405 1.309794766490688 0
3467 4.499726291507162 1.31480812250607 0
3468 3.325404010821924 1.812439745454216 0
3469 3.333102799773969 1.782589747337464 0
3470 2.038670633826985 1.874475810013171 0
3471 2.087927053850991 1.902856480373857 0
3472 3.482197849914501 2.692086444761162 0
3473 3.522920700187076 2.687352627720565 0
3474 3.506781286414542 2.721322786570168 0
3475 2.146584765413352 1.45466617516692 0
3476 2.13205452044673 1.413268249501979 0
3477 2.180979948923768 1.416551906132616 0
3478 3.493180343997064 1.462742922262113 0
3479 3.463184009877282 1.462304090533596 0
3480 3.67675918939816 1.257073672016044 0
3481 3.651956653530983 1.280682853205713 0
3482 3.999988328200121 1.36091105085557 0
3483 4.000012712650916 1.335813537692897 0
3484 4.026549593862197 1.338609422841536 0
3485 4.510794665870639 2.570504207649093 0
3486 4.534201602168341 2.527353628492127 0
3487 4.706756566769597 0.3396016873162269 0
3488 4.803864809007354 0.3908085039444329 0
3489 4.709846126974775 0.4784876620724788 0
3490 2.43523500681358 1.466635099371126 0
3491 2.468459642213696 1.490443686493004 0
3492 2.416220733830124 1.507219815589408 0
3493 3.884428443004509 2.786822671138449 0
3494 3.864924654492984 2.753151324700655 0
3495 3.903978403387256 2.751895624945198 0
3496 3.380543192795118 3.006414627760775 0
3497 3.326996133819301 2.996235637100011 0
3498 4.099396576518916 0.7785213171738163 0
3499 4.012349790279215 0.7481503665538878 0
3500 4.0795625606216 0.7126869592385677 0
3501 5.201801522245418 0.3497367195037387 0
3502 5.051478829887042 0.3381770567319767 0
3503 3.00870784183754 2.652127329312895 0
3504 3.029735024614531 2.614030727463872 0
3505 3.80479971348914 2.788507064773957 0
3506 3.824777240082239 2.756526354653675 0
3507 3.315021995597787 0.7677241366108858 0
3508 3.326911621613223 0.8214861698180542 0
3509 3.264043955298607 0.8017551174404877 0
3510 5.847368417626298 1.535217778871536 0
3511 5.847368417626298 1.335217778872118 0
3512 5.844497178420934 2.669064160906377 0
3513 3.787571796059309 1.323199277855001 0
3514 3.810930100544138 1.315950502422086 0
3515 3.808326274505748 1.349535033031357 0
3516 4.215947287373877 2.762164459194278 0
3517 2.776824207800515 3.623399391084525 0
3518 2.814926574022433 3.57368022873147 0
3519 3.574297409706382 3.634802813846258 0
3520 3.539532198156208 3.698196011854419 0
3521 3.475689166237925 3.664411464406603 0
3522 4.67299074516575 1.799203630562455 0
3523 4.689918435402969 1.755190774069189 0
3524 4.706180593575828 1.784865681146898 0
3525 4.521158032181647 1.587667264570797 0
3526 4.505220423193258 1.60483773767462 0
3527 4.498603852627523 1.573008177458435 0
3528 2.585888226585786 0.9649414572157942 0
3529 2.638746480990265 0.9727007951005133 0
3530 5.853357961488219 2.120086927166974 0
3531 2.50751482742204 2.242721358961383 0
3532 2.526626396640467 2.28415452992053 0
3533 3.577332612854429 1.265700526312595 0
3534 3.555195137765743 1.291948468077442 0
3535 3.541601136035417 1.259680761735552 0
3536 3.847671954994011 3.157833134813998 0
3537 3.815650685986758 3.096662755615674 0
3538 3.880769241960636 3.096560620634754 0
3539 3.918276458442789 3.907437627557927 0
3540 3.218828415589099 1.212542513220134 0
3541 2.963594899085982 2.649880021538794 0
3542 2.985950970125044 2.690356845278809 0
3543 3.631971170720401 1.447280495365178 0
3544 3.613513828295549 1.427463438491185 0
3545 3.409070934527903 2.626567155661632 0
3546 3.446059724994251 2.627905936611914 0
3547 2.236418086256326 1.585823714271204 0
3548 2.269694688778771 1.545826450208722 0
3549 3.61498197255559 1.468005623337481 0
3550 3.611292798454352 1.496014429015759 0
3551 4.060406754590121 2.940873693823209 0
3552 4.097888150766182 2.986260508679492 0
3553 2.454612682383894 0.6718970387883392 0
3554 2.50983637328763 0.6794156189682377 0
3555 2.192162532692098 3.221928948918986 0
3556 2.139895429226059 3.224021715209104 0
3557 2.170211039499444 3.18054708731699 0
3558 3.13251645788198 2.941151350313133 0
3559 3.102159556478043 2.903281798148502 0
3560 3.156232436766131 2.898020095670953 0
3561 3.372498399755649 1.675114452914238 0
3562 3.362941634538981 1.654710707317333 0
3563 3.393605339907703 1.654360890407059 0
3564 2.555001431850016 3.838265342896471 0
3565 2.62954312189225 3.821057325328652 0
3566 2.329726088074792 1.353462640946282 0
3567 2.375140366977577 1.36028085144094 0
3568 3.101930706175438 0.7667403715833261 0
3569 3.156416898883967 0.7778223910108276 0
3570 3.119488434057755 0.8197623442557596 0
3571 2.403084001582525 0.9834465067045566 0
3572 4.732019762843805 1.818744888840939 0
3573 4.093730968019836 1.30432369899549 0
3574 3.135273340414942 1.124196872775139 0
3575 3.184942044677966 1.1306608377803 0
3576 3.782439421854715 1.144793956099011 0
3577 2.403640628644352 1.441563501710091 0
3578 2.085585492662997 2.200243553713702 0
3579 2.125309793214236 2.164558056412328 0
3580 2.043301270189336 2.874999999997038 0
3581 2.088067519635303 2.897238135596982 0
3582 2.977333400062198 0.9769585148203273 0
3583 2.94791853456535 1.015453390943483 0
3584 3.751935909848143 1.277575418553751 0
3585 3.763382713556932 1.31155403176531 0
3586 2.045043859806402 3.021078303608822 0
3587 3.950027248733918 3.216862312201056 0
3588 3.981161951462989 3.155157606363946 0
3589 4.396679129777234 1.382353563395861 0
3590 4.422436096146893 1.416472219798573 0
3591 3.917373749808481 2.722515813476547 0
3592 3.07589046350436 1.195893051588803 0
3593 3.94121201263741 3.101270261988743 0
3594 4.009583453132509 3.09869686851961 0
3595 3.503943349235698 2.435566657195104 0
3596 3.478653454892826 2.443599429286266 0
3597 3.71721088760579 3.147315838701543 0
3598 3.756644541460701 3.102349849593161 0
3599 5.044027628043356 0.7493143744291317 0
3600 4.914706902726493 0.8029460653947003 0
3601 2.243979851429387 3.227084649033776 0
3602 2.853666303976217 3.932315906809231 0
3603 5.362572150927901 1.120770123429638 0
3604 5.46624246605856 1.117705903663792 0
3605 5.340038770036781 2.892470652419254 0
3606 5.468868716943269 2.787901878717151 0
3607 5.44832084101594 2.900399829614654 0
3608 4.456130798334897 1.272289901589995 0
3609 4.434732393609533 1.215539396100717 0
3610 2.626949687557351 2.11574409995676 0
3611 2.667758056348681 2.129907193486323 0
3612 2.580444912728447 1.179656996032407 0
3613 2.561720215601175 1.134371255924805 0
3614 4.151637956892163 2.973304883581191 0
3615 4.145156862481133 2.925156128012867 0
3616 4.191751035929633 2.962894410998542 0
3617 3.034186956108757 1.313869047383946 0
3618 3.046082978761951 1.356364163461405 0
3619 2.998815723339353 1.343951788386686 0
3620 3.368750094415992 2.203293412589503 0
3621 3.343950966296325 2.196077779873802 0
3622 3.360397775974082 2.176073167293754 0
3623 3.880368029912967 2.996316011876591 0
3624 3.848151128523157 2.98511152107107 0
3625 3.879771185482741 2.94603729151123 0
3626 2.239163932028271 3.711724177930555 0
3627 2.207345747501579 3.755670316084127 0
3628 3.508998672543238 2.875254832788638 0
3629 3.486021264789186 2.837730538706874 0
3630 3.531234666554554 2.836156001806937 0
3631 2.45228589780573 1.33409403612003 0
3632 2.414090953879494 1.361578437026793 0
3633 2.771434320924737 0.05907883461624881 0
3634 2.688945892396803 0.05585137756421196 0
3635 5.482059940612645 0.5437153254925111 0
3636 5.484143958184217 3.456223503632264 0
3637 3.360005818885752 1.630919377479101 0
3638 3.816729430022317 0.969987318967575 0
3639 3.833745552901208 1.022551584787474 0
3640 2.387889361449883 1.533639266549423 0
3641 2.347815346283999 1.517517556649098 0
3642 3.576113648908579 1.163577426138419 0
3643 3.590205550939258 1.203644355591268 0
3644 3.549646709093424 1.193365890517856 0
3645 2.058971968016702 3.191319926802501 0
3646 2.034626906917176 3.159975562087139 0
3647 2.093598874933878 3.151295488891746 0
3648 3.817049347533695 2.998927251405021 0
3649 3.81645250310347 2.948648531039661 0
3650 3.460959574927593 2.960667725325151 0
3651 3.436849709504675 2.9189695400088 0
3652 3.487895136200788 2.918527555004926 0
3653 4.128875201848158 2.767138408296372 0
3654 4.100389256848443 2.741535001749797 0
3655 3.887868427412825 2.691712220071591 0
3656 3.913429706135731 2.67227430317835 0
3657 3.910035893598636 2.698786361614163 0
3658 4.703996005796476 2.613987002862542 0
3659 4.727577621966584 2.564052876066434 0
3660 4.956731787757425 3.435917324987833 0
3661 4.868739160671305 3.393707475567754 0
3662 4.999232413812019 3.319703456037898 0
3663 5.830545493414279 0.7124424569256395 0
3664 5.827294349088528 0.8675190078190951 0
3665 5.830545493412274 3.287557543071893 0
3666 5.827294349078636 3.132480992177321 0
3667 2.124369233266004 2.048822860767972 0
3668 3.637160022310304 2.789788256625641 0
3669 3.653378960118959 2.753093212110796 0
3670 4.408057956068998 2.75635135173576 0
3671 4.426428904181762 2.709953072627534 0
3672 2.990824013894954 1.630737490350212 0
3673 3.740436013913151 1.360821867702403 0
3674 3.714609894402637 1.384097634708155 0
3675 4.69506750600255 2.235516790816431 0
3676 4.668316561307927 2.26056264239299 0
3677 4.675519401583322 2.208869272039211 0
3678 3.601780396160918 1.241022037070511 0
3679 3.615374397891244 1.273289743412401 0
3680 3.359453120847635 0.07739213384253284 0
3681 3.262147735062909 0.07739213384253284 0
3682 3.140797950238464 3.795757199845109 0
3683 3.097693917124156 3.729664619060323 0
3684 3.852279609683866 1.352235838029977 0
3685 3.845227702954085 1.321538297947631 0
3686 2.23236037439054 3.563360138862426 0
3687 2.251375809224492 3.615038713469996 0
3688 2.928240510100268 3.930872289163449 0
3689 2.893208125247534 3.86318819597268 0
3690 3.528189600167888 1.486516822855949 0
3691 3.545699068995276 1.511214305986413 0
3692 3.628247335976073 1.211233572691074 0
3693 3.213399542233016 1.472966795769901 0
3694 4.549807169972837 1.600526048972202 0
3695 4.59175594470237 1.606788291648535 0
3696 3.412302402678471 1.486488629183749 0
3697 3.430045224560353 1.517314148412647 0
3698 5.157431021950973 1.122844502416489 0
3699 5.237441692234091 1.014086320522362 0
3700 5.27410105546995 1.132293753261611 0
3701 4.879326069228921 3.864738697572668 0
3702 4.876150909750189 0.1259612645940905 0
3703 4.725399587854163 0.1259612645940905 0
3704 3.547759785884499 1.078715235998883 0
3705 3.562433503808939 1.121787957466166 0
3706 3.520881089138305 1.110226239597724 0
3707 4.302965499342385 0.114110895088583 0
3708 4.080794063550764 2.709029730106452 0
3709 3.038579394770052 1.110981910807322 0
3710 2.989972605082357 1.104462316099735 0
3711 3.824473224507646 1.295202542771274 0
3712 3.602992345654773 1.132066422539578 0
3713 3.081632406154468 0.8579834628926657 0
3714 3.136118598862998 0.8690654823201672 0
3715 3.627508870224494 1.305361342447798 0
3716 4.743715725144771 2.221348195117137 0
3717 3.57389878081121 2.835553665575255 0
3718 2.143213645446493 3.138606679315942 0
3719 2.195480748912532 3.136513913025824 0
3720 3.533108537966156 2.916953018104989 0
3721 2.658699462824661 1.659143858106903 0
3722 2.683168585685991 1.626490286042463 0
3723 2.79484806449374 1.318905327042638 0
3724 2.798271774895303 1.356319798083758 0
3725 2.757707326077799 1.326175923140685 0
3726 4.313833292073079 1.224651939901248 0
3727 5.636555020808323 1.341155896853635 0
3728 5.789186603182025 1.205938117978583 0
3729 5.788575393961215 2.797915527954696 0
3730 5.633072572382149 2.666979688864232 0
3731 3.103932034083669 2.993707420860312 0
3732 3.158004914371757 2.988445718382763 0
3733 2.792326002273858 1.277905327459611 0
3734 2.832890451091362 1.308049202402683 0
3735 4.60505580429633 1.73301809210812 0
3736 4.626425404338269 1.766023381506281 0
3737 2.653487004598494 2.721278600501452 0
3738 2.673068437731523 2.764275547579251 0
3739 3.321198560863183 3.36906044861467 0
3740 3.295017384665096 3.313522864639179 0
3741 3.364627728929473 3.311143882770006 0
3742 4.663293788035275 2.12762060599615 0
3743 4.695212985901019 2.150961685367964 0
3744 4.996511488316698 1.995655195403134 0
3745 4.935170929650736 2.045557782951974 0
3746 2.095858013790707 3.221748375703229 0
3747 2.036886045774004 3.230428448898621 0
3748 4.553099860569709 0.7902940301309043 0
3749 4.572438811025298 0.8834275109806243 0
3750 4.485688536812935 0.8186273974469001 0
3751 2.597852066464754 1.222321281714557 0
3752 2.708880405273862 1.156464161734374 0
3753 2.747800130397045 1.121772531380659 0
3754 2.761718120166447 1.16600576081925 0
3755 3.452894807514692 3.850850728874916 0
3756 3.402062859980554 3.791261095833808 0
3757 3.491755902221889 3.787394295455873 0
3758 3.496733691254867 2.596963459476085 0
3759 3.514304127965759 2.569613522576401 0
3760 3.462866632508415 2.658238769376706 0
3761 3.481530356172871 2.627783453146766 0
3762 2.273702975973692 3.667269897737409 0
3763 2.309159753956567 3.620940043489822 0
3764 3.707822009518975 2.993761437122611 0
3765 3.758043203007638 3.004614345382508 0
3766 3.844327200464986 2.721599308460425 0
3767 3.79045698187508 2.69359861815107 0
3768 3.407783511855317 3.052727474363094 0
3769 3.437154467291679 3.007422556931344 0
3770 3.579193449211179 2.574742184875102 0
3771 3.607036208679843 2.588035079112845 0
3772 3.309995907945287 2.033668144174618 0
3773 3.335141096668528 2.044296323061884 0
3774 3.535855806085559 2.54393584328279 0
3775 3.550295611970828 2.570798619276585 0
3776 3.293134127765381 1.924664661279056 0
3777 3.312126028209524 1.906381104374816 0
3778 3.340240477346217 1.341359233350788 0
3779 3.298048924240423 1.352130972371399 0
3780 2.450447284969271 1.829453205565202 0
3781 2.475013777522224 1.866966839381682 0
3782 3.597298220161061 0.08024992833374106 0
3783 3.492627726437151 0.08024992833374106 0
3784 3.487500664768973 3.92349196424849 0
3785 3.010967811900573 0.9365166387695332 0
3786 2.959557534715756 0.9295738226556216 0
3787 3.513540598769032 2.627296292240878 0
3788 2.421113996849998 1.557447853671301 0
3789 3.143356886089407 2.5309183585802 0
3790 3.178090468188891 2.544534160708315 0
3791 3.150004296127137 2.557509652100062 0
3792 3.909190743630157 3.040099882790418 0
3793 2.490252506350817 0.8610058257684082 0
3794 3.244704684224957 2.93832068842154 0
3795 3.217362781286614 2.90147657165912 0
3796 3.275478127341503 2.903907612245076 0
3797 4.38422245448619 1.250344482539181 0
3798 3.250869781922485 1.291981854942442 0
3799 3.465714661719276 2.798423156914794 0
3800 3.444615250390009 2.76213560485759 0
3801 3.487157847471234 2.762344155667969 0
3802 2.118868584346966 3.10726231460058 0
3803 3.446727218735882 2.692208928226309 0
3804 3.524208401364401 2.65182902254843 0
3805 3.548791837864442 2.681065364357437 0
3806 2.853681634641614 3.801042899985584 0
3807 2.928255840765666 3.799599282339801 0
3808 3.555619514268242 2.953875748084817 0
3809 3.582929272757141 2.995526235573966 0
3810 3.942935028531386 2.703077896583307 0
3811 3.167297895403601 1.830433763357312 0
3812 3.185716586056953 1.804321573645774 0
3813 3.197951254401124 1.832128954703419 0
3814 2.193071338690315 2.34887070463633 0
3815 2.125458260853319 3.310822317696795 0
3816 3.46804577219998 1.246132277884614 0
3817 3.430122361114945 1.265408874296087 0
3818 3.618138896509043 3.440881643488651 0
3819 3.650540553478991 3.515432976723354 0
3820 3.158077071747663 2.84925598669105 0
3821 3.1884339731516 2.887125538855681 0
3822 2.96965657627396 0.2663530368742777 0
3823 4.015764094906661 3.474208837432601 0
3824 3.940638044645512 3.466368191367634 0
3825 3.987869985338874 3.407274274098385 0
3826 3.511164066496999 1.438456147236836 0
3827 3.523281620671872 1.464323618332609 0
3828 4.526419989866973 1.497379099826275 0
3829 4.516553035762019 1.452574066312037 0
3830 3.257973484573654 2.170072591579697 0
3831 3.290533967305986 2.180082277332237 0
3832 3.265621559601246 2.198865038274355 0
3833 4.942512692221987 1.680400601092833 0
3834 5.032822772395148 1.661578683865985 0
3835 2.329316757898209 0.8380479858553551 0
3836 4.050631640584477 1.358116132724128 0
3837 4.050656025035273 1.333018619561456 0
3838 2.93074542400778 0.07026484799859115 0
3839 2.849610566194672 0.05907883461624881 0
3840 3.627053529462601 2.662253750017501 0
3841 3.640225255820565 2.692556239095496 0
3842 3.460610136851171 2.351504468408686 0
3843 2.608498307680176 1.868557269495317 0
3844 2.63031792530551 1.827644587066147 0
3845 2.650087366655638 1.86322220239335 0
3846 3.552886479916844 2.429203428012785 0
3847 3.52662558605364 2.433222403148869 0
3848 3.532304759081684 2.4103879174041 0
3849 4.010223348030149 1.208620866634473 0
3850 3.994140720250055 1.163519383007499 0
3851 2.828430300661275 3.216767565506029 0
3852 2.318678717949758 3.280300260377746 0
3853 2.340173339399875 3.329956065511905 0
3854 2.670131292879061 0.9327240474727814 0
3855 2.690836907181428 0.9800213123466115 0
3856 3.459443300222863 1.057647335381691 0
3857 3.475874060532611 1.098267173003336 0
3858 3.789741828427326 3.041077335413918 0
3859 2.079670766723578 3.08105386569833 0
3860 3.44175915376117 2.48342170890079 0
3861 2.848788731214982 2.137655691523133 0
3862 2.884561140803014 2.141931327487109 0
3863 2.864921682778777 2.17654041173719 0
3864 3.426619253420436 2.725158656377803 0
3865 3.407288036014351 2.691310980993348 0
3866 5.369912812235376 2.290274165330127 0
3867 5.376970088674184 2.391397243493192 0
3868 5.272803539750303 2.317542635203472 0
3869 5.545253119075723 1.447339576632149 0
3870 4.413564449806004 1.306960974020731 0
3871 3.014838894364064 0.07026484799859115 0
3872 3.012333980457075 3.930872289163449 0
3873 4.164030089490252 1.162364545921302 0
3874 5.504350211965063 0.9792867935037214 0
3875 5.363879248884587 0.8854448712569155 0
3876 5.347064586345308 3.128241277505805 0
3877 5.487039796133363 3.034965293836753 0
3878 2.258191807738247 1.17497307045076 0
3879 2.206947208928314 1.168565375056116 0
3880 3.465561274400035 3.151686577789668 0
3881 3.435309049411701 3.10252450145101 0
3882 3.494647011340213 3.102897479872321 0
3883 3.760778887518542 1.345138562374581 0
3884 2.962679119770415 2.729245280367352 0
3885 3.007792062521973 2.731492588141453 0
3886 3.397807622527639 3.927358764626425 0
3887 4.63808588266444 2.727799837917439 0
3888 4.674106387607384 2.672516729897722 0
3889 2.862684000941906 2.312070726260337 0
3890 2.843516719494731 2.276905595370224 0
3891 2.882194081991064 2.27851037162318 0
3892 2.419230498904529 1.2413550373136 0
3893 2.435289649431699 1.285603825724332 0
3894 3.375070534462738 2.558731942855562 0
3895 2.566175435050893 3.252744716316891 0
3896 2.59620124355863 3.206533592493376 0
3897 2.620983951147199 3.256004026086403 0
3898 3.648627767763155 1.46440914784977 0
3899 4.429374486433006 0.4500614283330395 0
3900 4.347920902732398 0.5074836876809734 0
3901 2.918722399424629 2.151325485060747 0
3902 2.789993096062981 3.800347437307072 0
3903 2.825040811581112 3.736758523674194 0
3904 2.794456843771935 3.265771785161392 0
3905 2.855096206080517 3.267869608641041 0
3906 4.125735536716309 3.719219254658962 0
3907 2.343696267254294 0.6565265863840225 0
3908 2.289498587553984 0.6480085346281416 0
3909 2.321371691026965 0.6050715780170852 0
3910 4.46461072124036 2.848878379935853 0
3911 4.482366699464219 2.915281016467075 0
3912 4.427013529448535 2.909318038074346 0
3913 3.740226819346339 2.624946422995416 0
3914 2.873468602838142 1.612232566740209 0
3915 2.898356112470122 1.581796306334056 0
3916 3.588383806259997 3.144377981909573 0
3917 3.545761877465025 3.097793135755278 0
3918 3.821799378339394 2.697936824095058 0
3919 3.861946792750139 2.694561794142038 0
3920 4.543190599407103 1.568696488756018 0
3921 3.008875810657117 2.577485923258988 0
3922 3.05225906447317 2.57986614514998 0
3923 2.431521301008411 0.6215024540671961 0
3924 2.398660752102758 0.6639842144941093 0
3925 3.306408659127524 2.89531005622281 0
3926 3.341013048386155 2.862672910114339 0
3927 3.448347750197552 1.434159288485724 0
3928 3.430468970252642 1.45958792785298 0
3929 3.304946296828094 1.395042881558133 0
3930 3.426557557093594 0.0939658252219767 0
3931 3.353597198162279 0.1713579590645095 0
3932 2.04478330239836 2.225696888792419 0
3933 2.040802190264637 2.174546664916544 0
3934 3.417116467180793 1.784730021114568 0
3935 3.408461116006669 1.810829117694576 0
3936 4.166679220664611 3.205922366593775 0
3937 2.977663609508781 1.593036978013419 0
3938 2.490841499614008 3.944653926093903 0
3939 2.421059302150532 3.944978083747725 0
3940 4.417996434428732 2.592229516183242 0
3941 4.423409734180092 2.633149863649551 0
3942 3.059683245136219 3.555805151190812 0
3943 3.06569550263727 3.479266964457941 0
3944 3.438194686780339 1.566744608727633 0
3945 3.438936557071592 1.592270897388218 0
3946 4.599656669401334 1.250826800548674 0
3947 4.551816639834859 1.298107398311271 0
3948 3.076820784496812 1.367648555086973 0
3949 3.041449551727409 1.397731296089712 0
3950 3.813267667955038 1.261500914812721 0
3951 3.847565270364985 1.267088710338265 0
3952 2.479998249073482 0.05654789283487825 0
3953 2.416698313901012 0.05363472587906838 0
3954 3.560009753543181 1.417554086976872 0
3955 3.588539769713696 1.42297415074965 0
3956 3.569795359342321 1.445456907080111 0
3957 2.688182255020505 1.859737502101626 0
3958 3.433991655224516 2.453492741877606 0
3959 3.463231575069391 2.46040140374569 0
3960 3.519706398332938 1.224911196174111 0
3961 3.497568923244252 1.251159137938958 0
3962 3.306516094837779 1.108452906418139 0
3963 3.322916305313183 1.147000478931497 0
3964 3.276344105197306 1.141262603410512 0
3965 2.649530126576946 0.8844405061230247 0
3966 2.701620552768109 0.8917610233691229 0
3967 3.973845499239889 1.331374091577852 0
3968 4.000406764901966 1.309072463563818 0
3969 3.96084020048642 1.236412733412976 0
3970 3.929860748642197 1.258635166179328 0
3971 3.878345220804068 3.215526196471314 0
3972 3.81322666483019 3.215628331452233 0
3973 3.397466142998741 1.458343827135876 0
3974 3.390016128152713 2.657343476455091 0
3975 3.37169106135082 2.625549379274868 0
3976 3.881779084846538 1.275075750340611 0
3977 3.912784457674702 1.282701789452529 0
3978 3.028232857593017 2.942785610543559 0
3979 3.00364627987284 2.897725018685375 0
3980 3.053856999873714 2.901352460932499 0
3981 5.827294349088528 1.067519007818512 0
3982 5.827294349078636 2.932480992176795 0
3983 4.634382845644843 0.7477355091469418 0
3984 4.54763257143248 0.6829353956132174 0
3985 2.089019202251192 1.398984983845047 0
3986 2.123414385761607 1.360870714810743 0
3987 2.409028947012918 0.5698583395927275 0
3988 2.464980877294054 0.5777711638869574 0
3989 2.570444596635218 3.158231927317778 0
3990 2.625253112731524 3.16149123708729 0
3991 3.37869777491514 3.101516572280442 0
3992 3.236656292822925 2.160079403201268 0
3993 4.372549885520614 1.365422590750186 0
3994 4.359783715029335 1.403310315224624 0
3995 4.279685475593267 1.254014017361154 0
3996 3.121726870801334 2.774016803058425 0
3997 3.14598329253191 2.816688249490952 0
3998 3.101619113631618 2.817479097073795 0
3999 2.36246387474316 3.380255954548275 0
4000 2.39416641134951 3.335185432751179 0
4001 3.499614284284928 1.41235781915371 0
4002 3.529715560959735 1.413938515224206 0
4003 2.25786723768934 0.6907798077031638 0
4004 2.478015659413799 1.719400219795465 0
4005 2.523448321551531 1.721903432487212 0
4006 2.497408460836925 1.757421218631331 0
4007 2.547099505643989 1.688294885299558 0
4008 2.566492307067115 1.726315884135423 0
4009 4.144482324214682 3.023998791665168 0
4010 4.196584019521205 3.074410043524318 0
4011 3.304215715864378 2.442987174260449 0
4012 3.317405482119357 2.417305424850869 0
4013 3.332092459308346 2.443621822746653 0
4014 2.677160442588761 1.194159529965335 0
4015 3.073335282271704 2.543607595458521 0
4016 3.094194496229119 2.580152399663406 0
4017 4.212837999879375 3.262845999582008 0
4018 4.529031698934475 0.9755530613482328 0
4019 3.505614496302258 1.184844266721262 0
4020 3.490547778457051 1.14133989447062 0
4021 3.129585570404316 2.579145042502498 0
4022 3.164319152503799 2.592760844630613 0
4023 2.798023036478327 3.682575222718969 0
4024 2.86171157505696 3.68327068539748 0
4025 4.390408404428086 3.025312596424265 0
4026 4.402140004095962 2.949203591822535 0
4027 3.739775799787024 1.239435555796115 0
4028 3.77801551203658 1.251474884488094 0
4029 3.002682432211537 1.561271430160209 0
4030 2.964456975173973 1.55561145024144 0
4031 3.321699824046295 1.565971013696732 0
4032 3.334441628213309 1.593050419144777 0
4033 3.666703475647622 1.221401268230548 0
4034 3.703640483848049 1.229863686076276 0
4035 3.013042147043415 2.396718884359011 0
4036 2.996038827789568 2.429757625970825 0
4037 2.977670799668143 2.405792713503693 0
4038 3.203108772483715 3.665051012966337 0
4039 3.133506851428275 3.656615510815831 0
4040 3.171495905665817 3.599067161215043 0
4041 3.747860962208261 3.213192049133259 0
4042 3.682518450793919 3.202572618039884 0
4043 3.443478667707961 2.837521987896495 0
4044 5.616480952270553 1.073457125800029 0
4045 5.615869743039852 2.93039652013465 0
4046 2.12614030420921 2.770967618801521 0
4047 2.12594145999251 2.722814093463788 0
4048 3.030941452034193 2.772594336935631 0
4049 3.054213302388822 2.733705901847089 0
4050 2.982144666901268 2.852600937609798 0
4051 2.959769561908171 2.809645514687638 0
4052 3.00689531716044 2.813336446152155 0
4053 5.830545493412274 3.48755754307242 0
4054 5.830545493414279 0.5124424569261531 0
4055 3.21307040186276 2.991489013034792 0
4056 3.27118574791765 2.993920053620748 0
4057 5.282561480644783 1.229528305323765 0
4058 3.219207416268145 2.852712462679217 0
4059 2.694704375359007 1.79251324910312 0
4060 2.65000150516401 1.791899257630301 0
4061 2.672798896242045 1.762102986769242 0
4062 2.962887470052224 1.764174423425343 0
4063 3.546173322667822 1.462230047830672 0
4064 3.338243689961887 2.07059995715139 0
4065 3.3596174067794 2.053862640483852 0
4066 3.355068393841262 2.593546136113069 0
4067 3.33939306057799 2.557505020487221 0
4068 3.019241665571776 2.511925453326045 0
4069 2.989159390156202 2.533698178633848 0
4070 3.103748349514482 2.730807742543806 0
4071 3.447641329132825 1.542276592553291 0
4072 3.471050796724831 1.562125634356481 0
4073 3.075230299701536 3.037714600026068 0
4074 3.049741843211759 2.990420231956438 0
4075 3.369817568175524 1.148239912027549 0
4076 3.19550675014241 0.7363967512858567 0
4077 3.213064478024728 0.7894187239582902 0
4078 2.966635350297564 2.567862760947741 0
4079 2.946970311245126 3.222873388855762 0
4080 2.980489279253185 3.175693053696472 0
4081 3.05331655702729 2.815549759857791 0
4082 3.077572978757865 2.858221206290319 0
4083 3.184485978064449 3.04404508358197 0
4084 4.904668939446256 0.4845604451445678 0
4085 5.014680233934028 2.684769082258011 0
4086 5.116155903542202 2.699916943941301 0
4087 3.247635671014574 1.806603259381834 0
4088 3.259771578478513 1.834200516597467 0
4089 3.228505852518414 1.833614022207514 0
4090 2.941268896058084 0.881352118279302 0
4091 2.907634484219709 0.9217939943300961 0
4092 3.04987219138129 2.508248070706888 0
4093 3.091807623137239 2.508534325220315 0
4094 4.259725835793001 3.331152140098451 0
4095 2.919684430505843 2.648551524141959 0
4096 2.942441302218339 2.610322008176046 0
4097 5.16610995122594 3.549541348890222 0
4098 5.056124006903067 3.461832041059893 0
4099 3.209962991213282 1.724361122167521 0
4100 3.239938326771667 1.726108316232219 0
4101 3.22185227519069 1.752018685981085 0
4102 3.799544130817875 0.9152626338403698 0
4103 3.853616552180161 0.9272079951174843 0
4104 2.883013005690945 1.544361360658069 0
4105 2.924095045692041 1.549942052418662 0
4106 3.434389003611834 1.40566888500488 0
4107 3.467104043236473 1.408385047685495 0
4108 3.012784828786395 1.493628351291578 0
4109 3.051032199670344 1.499677907173296 0
4110 3.027723168760679 1.529895458269948 0
4111 3.407026224832694 2.302751810501777 0
4112 3.434738604707252 2.304881521057244 0
4113 3.289108368429849 1.067558527990057 0
4114 3.335680568545725 1.073296403511042 0
4115 3.574879724628482 2.654486863630715 0
4116 2.474655982216988 1.793974042990196 0
4117 3.325242663535906 2.216086374598223 0
4118 3.316890345093997 2.188866129302474 0
4119 3.377029384873935 2.22868128207474 0
4120 3.393476194551692 2.208676669494692 0
4121 3.295361851457104 3.049403961713263 0
4122 4.728749573400429 0.692863475552953 0
4123 4.734216862537657 0.8002221100706398 0
4124 2.999531123210884 2.986792789709315 0
4125 3.237048991276234 3.308424245389559 0
4126 3.280478159342524 3.250507679544895 0
4127 2.562814607092051 2.015462038969333 0
4128 2.605009764622221 2.014739887866019 0
4129 2.58206704164291 2.049552029749941 0
4130 3.224954104040163 0.8431807571654586 0
4131 3.235211106663549 0.8914415465213397 0
4132 3.18423162938967 0.8791051530391421 0
4133 4.375813262637132 3.151492831009117 0
4134 4.35141634561088 3.239852665116754 0
4135 3.212786462361466 1.095235772019395 0
4136 3.232099477038402 1.138140096658058 0
4137 3.040929803095486 1.567320986041927 0
4138 3.074873934589998 1.57534500450384 0
4139 5.206189295390347 3.649104077925512 0
4140 5.065102317072402 3.661313505697098 0
4141 2.782605868630662 2.896231041185279 0
4142 2.803604804282522 2.851059041979406 0
4143 2.827578784380218 2.894408532328946 0
4144 2.934485445569226 1.480578976665301 0
4145 2.974847375051159 1.486248374488078 0
4146 2.949113868394797 1.518176504565453 0
4147 2.080605272072615 1.700109035671908 0
4148 2.127096150966638 1.680421674917162 0
4149 2.125720268355057 1.730098003141566 0
4150 3.405176067668478 2.761237657624628 0
4151 3.618873747488188 3.198450733837659 0
4152 3.555389177556739 3.206132308139065 0
4153 2.174811812343085 1.489789690951909 0
4154 2.125886383866048 1.486506034321272 0
4155 3.252024744688248 1.672907612555771 0
4156 3.258394638895587 1.702108488745513 0
4157 4.063354246638058 2.691985146456008 0
4158 4.781730456664591 1.757288578668489 0
4159 4.847629094599989 1.731872837077538 0
4160 3.084519810336944 1.502542064201068 0
4161 3.102351653778128 1.542818237784836 0
4162 3.104072199217581 1.40417708001437 0
4163 2.978281458774489 1.800247186550086 0
4164 3.535811189584691 1.032159635897584 0
4165 3.577363604255325 1.043721353766026 0
4166 2.842508940557011 2.346782728411866 0
4167 2.881186303053345 2.348387504664822 0
4168 5.109496752754195 1.610774454443847 0
4169 5.055115466583224 1.552217215903716 0
4170 3.309242270066405 2.160073682607815 0
4171 3.173470083345867 1.776448937108027 0
4172 3.20412344234339 1.778144128454134 0
4173 2.938366106662477 2.767339359841785 0
4174 2.916525014265549 2.726203616979141 0
4175 3.323627809661076 2.52596707440735 0
4176 3.303381555588027 2.499273446870609 0
4177 3.339148947126416 2.495997199692973 0
4178 3.654138654260318 2.716657175798086 0
4179 2.244961512368021 2.786328090266484 0
4180 2.200228968175293 2.811902396821834 0
4181 4.173576365309236 1.215143756112001 0
4182 4.213539898420131 1.22489101106132 0
4183 2.088006395641488 2.493991269424945 0
4184 2.130166914607905 2.46897988417052 0
4185 2.128118293627232 2.526105381724069 0
4186 3.212565917352587 2.272994518192518 0
4187 3.244236410643734 2.27650117976364 0
4188 5.377711660866374 1.934657713142202 0
4189 5.461408651913153 1.985523956652154 0
4190 5.39337196993231 2.060852710552732 0
4191 3.785390161849929 2.824696199957078 0
4192 3.825965142471026 2.824267506077025 0
4193 2.879939347971379 3.320581552100443 0
4194 2.913912804860719 3.27157733244508 0
4195 2.897649346789367 2.382337749967889 0
4196 2.914524959205752 2.418046978620739 0
4197 2.877886855084834 2.4188087354692 0
4198 2.696950540891685 1.728951078831749 0
4199 2.652247670696688 1.72833708735893 0
4200 5.853292469231782 1.854104897139448 0
4201 5.830224448347298 1.990138056543527 0
4202 5.68351691757908 1.844242953688198 0
4203 5.062186930184976 1.082771575280776 0
4204 5.098846293420836 1.200979008020025 0
4205 2.878001415161324 2.569936757482567 0
4206 2.922724881717425 2.566534263550906 0
4207 3.336009402663505 2.244111741917394 0
4208 3.369908162837268 2.690293204606584 0
4209 3.947116509781381 1.337078791113793 0
4210 3.94817520027918 1.362981053482746 0
4211 3.248499687513807 1.176687669171416 0
4212 3.263073043748004 1.215665019972588 0
4213 2.917824407174262 2.347625747816361 0
4214 2.951171819118912 2.344914914159598 0
4215 3.865251870901568 2.823344724017756 0
4216 3.904305619795841 2.8220890242623 0
4217 2.541818580061454 2.127311903470813 0
4218 2.512390948315609 2.164872655702953 0
4219 2.798354965811861 2.416606885558455 0
4220 2.820269669072551 2.381294063949548 0
4221 2.83909653940776 2.418412328425257 0
4222 5.273260291879326 0.7875057320233609 0
4223 5.130049426334757 0.7328719937229445 0
4224 2.039614694730517 1.724892681945961 0
4225 2.040990577342098 1.675216353721556 0
4226 2.95652052462057 2.894034087220858 0
4227 4.048867654224543 1.302070912580834 0
4228 4.01734501877664 1.289052433172298 0
4229 2.04502750831108 2.468432885933723 0
4230 2.042978887330407 2.525558383487271 0
4231 3.195342003855275 1.052188661787544 0
4232 3.242499436215712 1.059667920665302 0
4233 2.040189533783034 1.373293724575147 0
4234 2.048829668468158 1.425691259266383 0
4235 3.383107952331034 2.793979149712921 0
4236 3.39760043671758 2.836846021447485 0
4237 3.357536324410562 2.832610565055991 0
4238 2.296947876760346 3.71762550795038 0
4239 2.448168154843007 1.203126650020311 0
4240 2.479510547522771 1.165089535500002 0
4241 3.908331871528146 0.9417843464696081 0
4242 3.960410723744475 0.9655235636995797 0
4243 3.417907039787489 2.876153403239565 0
4244 2.828882477632543 1.937335903893316 0
4245 2.863051401167385 1.938130688444553 0
4246 2.842611871210033 1.9697857289293 0
4247 3.355387146803531 3.426003007455633 0
4248 3.285776802539155 3.428381989324806 0
4249 2.959498733080943 3.737091930953114 0
4250 3.438971876491836 0.7906151819694007 0
4251 3.470819483020987 0.83764973019181 0
4252 3.409737268441554 0.8344897372108616 0
4253 3.616215006839143 2.833330089377907 0
4254 3.659789541835633 2.82569131074174 0
4255 2.043301270189336 2.824999999996906 0
4256 2.042978887330407 2.774441616505618 0
4257 2.086280157519743 2.799441616505685 0
4258 2.041648029909513 1.175280591445449 0
4259 2.081315390813226 1.200149722508371 0
4260 2.039667360903713 1.224869131059988 0
4261 5.644319522954067 3.54059526597442 0
4262 5.644142310578493 0.4593995324197039 0
4263 3.016891488433012 1.266302771539096 0
4264 2.366787648629777 0.7069211711051656 0
4265 2.650099902780949 1.549925070041098 0
4266 2.666712823792595 1.588915974960986 0
4267 2.624386689291346 1.584111631872479 0
4268 4.058299359036684 3.55166907339965 0
4269 2.126462687068138 2.821526002292808 0
4270 3.210087161865063 1.859726211919053 0
4271 5.331974937001276 3.900428360165397 0
4272 5.50641084389249 3.900428360165397 0
4273 5.505497846786626 0.09933875899938378 0
4274 5.331061939894664 0.09933875899938378 0
4275 2.166423574936968 1.655167987620593 0
4276 2.203358695858978 1.615771872904999 0
4277 3.565631931568537 1.522449970914131 0
4278 2.8959622172913 2.685280498573772 0
4279 2.874808620423656 2.645722485211023 0
4280 3.701772989754967 2.822582588468463 0
4281 3.743518077535592 2.825975728800731 0
4282 2.04153939013039 0.9778000128663948 0
4283 2.082791992417557 1.003408427257639 0
4284 2.041252602287168 1.025608414388893 0
4285 3.944043970792368 2.822401940354557 0
4286 3.983722972241167 2.814136220985572 0
4287 2.647997417440887 3.305850363092482 0
4288 2.678023225948625 3.259639239268968 0
4289 4.755204912059149 1.421138117695686 0
4290 2.522901517305138 3.064848091229721 0
4291 2.467296905528165 3.061876360974948 0
4292 2.498105579090566 3.019141582295717 0
4293 4.901579379241078 0.3456744703883158 0
4294 2.690643393560254 1.235331903623671 0
4295 2.645005441105751 1.228794042416039 0
4296 2.720123250703912 3.795477439023924 0
4297 4.745558079530596 2.49854058058131 0
4298 4.696015399486438 2.476469043914285 0
4299 2.813121724981411 1.042014260405108 0
4300 2.781037508596417 1.083156424499882 0
4301 3.661759061205679 2.633440914925696 0
4302 3.69184990831805 2.626849198510832 0
4303 2.353460289201238 0.5624699079112779 0
4304 2.299262609500929 0.553951856155397 0
4305 4.885153881972723 1.698961825829862 0
4306 4.921082675974914 1.621582670062882 0
4307 2.661477352976531 2.938626375816606 0
4308 2.638758289564482 2.893556757983347 0
4309 2.687951146537507 2.895398465652887 0
4310 2.365387497562244 3.625803565004002 0
4311 2.343060330813043 3.573572380736589 0
4312 2.4986016892511 0.5337717210597408 0
4313 2.521094043246593 0.5854158355342094 0
4314 4.140481231892014 0.6680002981788278 0
4315 4.053434445652313 0.6376293475588992 0
4316 2.801767366961113 2.344977285545063 0
4317 3.274624552301987 1.252361611870874 0
4318 2.773249690485182 0.9476478502079633 0
4319 2.792857416901672 0.9951249271156383 0
4320 2.741829445486714 0.9875216416265545 0
4321 3.284791304025322 0.9009254079386502 0
4322 3.244068829374828 0.9368498038123338 0
4323 2.770604138234298 2.202341849548506 0
4324 2.791212624978209 2.169410055878186 0
4325 2.808540786446834 2.205196569443534 0
4326 3.119747466790152 2.104931805625973 0
4327 3.135935288250479 2.0776333058813 0
4328 3.149726869882461 2.106654986424957 0
4329 4.881745397566508 2.475076310571467 0
4330 4.915007242305629 2.410953861808065 0
4331 2.805969469074248 2.274297156560618 0
4332 2.825479550123405 2.24073680192346 0
4333 2.168588839607867 2.550271710127048 0
4334 2.126428320641449 2.575283095381473 0
4335 2.216625117556117 2.531673413729275 0
4336 2.214935144570335 2.580851127386679 0
4337 2.855121116918933 2.605867449349521 0
4338 2.834591698442057 2.566810696052877 0
4339 2.781331768964955 2.067178165970562 0
4340 2.803323750741041 2.035287209852238 0
4341 2.817906437279557 2.069029970670974 0
4342 2.566205868351915 2.090971933697797 0
4343 2.608401025882086 2.090249782594483 0
4344 2.763079720716745 3.313179702285725 0
4345 2.736413815297503 3.262077659150714 0
4346 2.326404217718884 2.378834533579399 0
4347 2.278603924645939 2.384501157726628 0
4348 3.06958147036266 1.466274957222699 0
4349 2.837326916415759 2.492302577110043 0
4350 2.855972151824144 2.454121557078107 0
4351 2.824170683365417 2.003064979465356 0
4352 2.858339606900259 2.003859764016593 0
4353 3.294238062401378 0.704028092349724 0
4354 3.357105728715994 0.7237591447272904 0
4355 3.493175062547806 3.205567676843186 0
4356 3.433837100619294 3.205194698421876 0
4357 3.126426233531583 1.994101314396827 0
4358 3.141213700263693 1.966553246255775 0
4359 2.252054238713691 3.134049523528898 0
4360 2.635879427265912 2.333907176679087 0
4361 2.59072036443348 2.328647330200646 0
4362 2.617066790368686 2.294917379403355 0
4363 3.234098777901775 1.779891322518832 0
4364 3.287149881571697 2.470090801417522 0
4365 3.272462904382707 2.443774403521738 0
4366 2.615571550731283 1.657904936870068 0
4367 2.63327140325295 1.693946258184603 0
4368 2.333580093330719 0.7479902347966113 0
4369 2.121687775638715 0.9831234331769119 0
4370 2.121400987795493 1.03093183469941 0
4371 2.998156405960824 1.456030823391426 0
4372 2.846088036867316 2.20780500825314 0
4373 2.54755986968279 0.05654789283487825 0
4374 2.733372413691491 0.8509191093577771 0
4375 2.753973579993606 0.8992026507075338 0
4376 3.557641771091379 2.600419864168714 0
4377 2.127349915768249 1.178790376288451 0
4378 2.125369246762449 1.22837891590299 0
4379 2.710444633597918 1.027498389254287 0
4380 2.728199793703832 1.073614825415006 0
4381 2.462292660291811 3.151629901925721 0
4382 2.409462394377479 3.151213980111866 0
4383 2.439262577828405 3.107166948095097 0
4384 3.019246827896318 2.450606681266569 0
4385 2.837535643239512 0.8659665133249823 0
4386 2.856811753731088 0.9144117128254118 0
4387 2.805001551408564 0.9068059361966175 0
4388 2.898730900198229 2.244664367177334 0
4389 3.03771400643731 2.476852183087838 0
4390 3.049877353705833 2.446929298647412 0
4391 2.510460574531384 3.248699256815571 0
4392 2.456010449220665 3.244900582424884 0
4393 2.486942602151604 3.199475608333177 0
4394 2.913615456403305 2.806603851299428 0
4395 2.085773058002981 2.69917334108377 0
4396 2.125756743334676 2.673104201533161 0
4397 2.566319438435057 1.943538271429563 0
4398 2.587574647914529 1.905280765298117 0
4399 2.607012539550833 1.942392390953966 0
4400 2.51674278560253 3.155428576316408 0
4401 3.336013587466073 2.624322456906527 0
4402 2.709400349003815 3.212231322144635 0
4403 2.680724064147554 3.163308947926079 0
4404 2.565180400733284 0.9172268968207382 0
4405 2.533027760631172 0.9567648238098491 0
4406 5.133023946080409 3.26373237480007 0
4407 5.276730564921921 3.208532697918507 0
4408 3.298954976035441 2.787971457192992 0
4409 3.324693369707489 2.754126541656661 0
4410 2.708881799175593 1.592303724211082 0
4411 2.386919865486882 0.5187386177310392 0
4412 2.459872116581741 1.120347317761662 0
4413 2.509728904381605 1.126950105568771 0
4414 3.478589462649117 0.7370035508835358 0
4415 3.417507248069684 0.7338435579025873 0
4416 2.917360112156468 1.054960442728268 0
4417 2.940598459466706 1.098121199957377 0
4418 2.793359236248866 1.934998313639697 0
4419 2.813798766206217 1.90334327315495 0
4420 2.905523912578885 3.37271833918884 0
4421 2.846707313798683 3.3690106153848 0
4422 2.520897585681634 2.0124385382223 0
4423 2.543840308660945 1.977626396338379 0
4424 2.73854100535975 1.244729421636266 0
4425 2.70638600387674 1.27936393408697 0
4426 3.75163248435889 1.419343211410043 0
4427 3.736316479515326 1.438741106033991 0
4428 3.728966217966572 1.407548313743864 0
4429 2.515484595822278 2.086614150626271 0
4430 3.54845997133111 1.391455758893745 0
4431 3.516279779524608 2.391467259735603 0
4432 2.67237771080928 3.356731456347467 0
4433 2.615338436007854 3.353096243164901 0
4434 2.711931985829212 2.851605199327684 0
4435 2.734651049241261 2.896674817160943 0
4436 4.829947637994242 0.8442643920755664 0
4437 2.472090221606352 2.083467814930931 0
4438 2.496477509896813 2.047127845157916 0
4439 3.48565553769921 1.383867415672865 0
4440 2.642711140958265 2.259914995240362 0
4441 2.384458198390467 3.430866817354922 0
4442 2.330465126440832 3.425637450115648 0
4443 3.443780673247837 1.012295519626381 0
4444 3.490544744238838 1.02180170237513 0
4445 2.628896940869877 0.836257898231531 0
4446 2.597407680980829 0.8772209223351894 0
4447 3.321198364594207 3.098943584944743 0
4448 3.265387978692556 3.09662800146548 0
4449 2.414466639613833 3.061460439161092 0
4450 2.35536096217299 3.726837575665696 0
4451 2.320821918227569 3.771291855858842 0
4452 3.265364503861874 1.780477816908785 0
4453 2.60428666623122 3.023918477658972 0
4454 2.582997343435523 2.979448990348778 0
4455 2.633573818799203 2.981254155457259 0
4456 2.535243282119953 3.298169690408598 0
4457 3.791472978030846 0.08416717882182592 0
4458 3.784914347926846 0.1957926457182475 0
4459 2.844541969979878 1.002140468986517 0
4460 2.466466832526763 2.160038314717772 0
4461 2.487760473310554 2.201956850021439 0
4462 3.257101166126715 2.415205369858935 0
4463 3.241339853474281 2.38648044460883 0
4464 3.273767426022955 2.387945851114561 0
4465 2.542942791689627 0.6371585209312121 0
4466 2.56530593368771 0.6871588615380237 0
4467 2.814519936722318 2.528249269596494 0
4468 2.794374856453629 2.489671842520615 0
4469 2.758625029338957 2.940024307510483 0
4470 3.353169204251571 1.894769642652997 0
4471 3.373240964718264 1.898275284852206 0
4472 3.356092395349707 1.918690531897087 0
4473 3.865340605287233 2.668049735706224 0
4474 2.502296915910676 0.9964737784614017 0
4475 2.521913029962125 1.043343636017668 0
4476 2.470474359389126 1.035338030274165 0
4477 2.276212344004883 3.420022156746563 0
4478 2.222249272130947 3.415204613188096 0
4479 2.805597915792069 1.804165799881303 0
4480 2.828921599272478 1.77451953068835 0
4481 2.84346088274517 1.808680108008957 0
4482 2.558881288125207 3.34845720617112 0
4483 2.503166427605699 3.3444117466698 0
4484 2.788072734218518 3.364466018885499 0
4485 2.730029705744085 3.360771892874821 0
4486 2.774595216134572 2.133738131386228 0
4487 2.812531864347108 2.136592851281256 0
4488 2.545794654775424 3.110386220910322 0
4489 2.576603328337825 3.067651442231091 0
4490 2.309874111675418 0.4606890480933537 0
4491 2.277219071720539 0.5037963748477456 0
4492 2.255741975720754 0.4531352368915096 0
4493 3.302846817748076 2.132906386787011 0
4494 3.329203195536087 2.141690238757247 0
4495 2.624816319894422 1.976172000088035 0
4496 2.958745335497699 1.335545903690353 0
4497 2.970641358150893 1.378041019767811 0
4498 2.29562337540236 0.05002265969170312 0
4499 2.237235136049283 0.05002265969170312 0
4500 2.236362144223434 3.956978789074713 0
4501 2.29475038357618 3.956978789074713 0
4502 2.356641172562725 3.146597937553015 0
4503 2.304240183836638 3.138044787427856 0
4504 2.334031323187986 3.098197876156083 0
4505 2.581956230654974 1.579828239776661 0
4506 2.598569151666621 1.618819144696549 0
4507 2.53255801763753 0.4884302007984181 0
4508 2.476444851684992 0.4807855291511661 0
4509 3.148112528414774 2.730016894960963 0
4510 3.195270831481809 2.739643888497173 0
4511 2.544547215026214 0.8690442889292445 0
4512 2.971813453135988 3.275585332315165 0
4513 2.634744913846034 2.676219210740911 0
4514 2.614779171088234 2.634170358327575 0
4515 2.657843551288007 2.638186505711301 0
4516 2.420437853071566 0.4745936597208188 0
4517 2.364869195259886 0.4672052280393693 0
4518 2.542081784660145 1.089629038186465 0
4519 3.426129641778714 1.761631234321878 0
4520 4.072949700946824 1.321577622463426 0
4521 2.787596015050815 2.001213174764945 0
4522 2.302538191153073 0.7900171456781213 0
4523 2.280781261603667 0.7414904538765889 0
4524 2.193396548725066 3.460708348638011 0
4525 2.530097106579327 1.649209093126039 0
4526 2.573141092094911 1.653621544774249 0
4527 3.705092061894607 1.123306581411848 0
4528 3.687292957597959 1.075794450446911 0
4529 3.270283922872995 1.729766052559078 0
4530 2.500871036963757 2.318851108101959 0
4531 2.546152367859545 2.324354111106342 0
4532 2.085773058002981 2.600290108065818 0
4533 2.126243603983617 2.624456436468798 0
4534 3.3036256690396 2.560781267664856 0
4535 3.178598696756677 1.721721209860646 0
4536 3.196684748337654 1.69581084011178 0
4537 2.871649204183362 2.723374578048205 0
4538 5.148189453629868 2.603190255578466 0
4539 5.20813188623254 2.708565364407109 0
4540 4.78372819332299 3.397963536674268 0
4541 4.826228819377585 3.281749667724333 0
4542 2.576563603646672 0.5931590781039955 0
4543 4.925630753762353 3.535836060589749 0
4544 2.040895883244015 1.576998877599717 0
4545 2.081886460586113 1.602215231325518 0
4546 2.040990577342098 1.625216353721702 0
4547 3.226045683151359 2.357941761780789 0
4548 3.210303790918552 2.32892604553108 0
4549 3.242264221137713 2.330205209614748 0
4550 3.123365574380259 2.048943920397402 0
4551 2.040895883244015 1.526998877599862 0
4552 2.048829668468158 1.475691259266237 0
4553 2.089725551712172 1.502690136869908 0
4554 2.682766675772228 2.9830958631268 0
4555 2.042794170672574 2.624731724574729 0
4556 2.042978887330407 2.575558383487404 0
4557 2.461590711633193 2.237887017976202 0
4558 3.7414120113408 2.590015309226244 0
4559 3.715794034929207 2.612960985359972 0
4560 2.774970323482512 2.451581323411323 0
4561 2.756143453147303 2.414463058935613 0
4562 5.853292469231782 1.65410489714001 0
4563 2.042794170672574 2.67473172457486 0
4564 2.042978887330407 2.724441616505487 0
4565 2.040189533783034 1.323293724575293 0
4566 2.039667360903713 1.274869131059842 0
4567 2.079856894686747 1.298162855638361 0
4568 5.683582409835517 2.110224983715724 0
4569 2.679486383689111 2.337599142355574 0
4570 2.653139957753904 2.371329093152866 0
4571 2.422437715935842 2.15700063007013 0
4572 2.447068190940897 2.119916435751644 0
4573 3.347297152298577 2.123123130020113 0
4574 3.353692604616906 2.150290425840918 0
4575 2.041648029909513 1.125280591445595 0
4576 2.041252602287168 1.075608414388747 0
4577 2.082900632196681 1.100889005836985 0
4578 2.198827103306007 0.7747659184559665 0
4579 2.223897188892476 0.8232189742212614 0
4580 2.172984932772462 0.8144675279191291 0
4581 2.298206667652191 3.47063301955321 0
4582 2.989075085231915 1.833138962278299 0
4583 2.949269820650108 1.826009145709203 0
4584 2.209960085097296 2.479362849423579 0
4585 2.256306390059764 2.509942266683209 0
4586 2.400716103784429 1.196715134986182 0
4587 3.223395304962871 3.552996690350624 0
4588 2.914634200592644 1.818974835497574 0
4589 2.878788386609092 1.81193306991508 0
4590 3.593109759273464 2.633897698921679 0
4591 3.568309573686749 2.624952594476266 0
4592 3.215195862950254 1.669590401149718 0
4593 3.239171564844241 1.644047261286834 0
4594 3.778534228018319 3.270885110790575 0
4595 2.145583158875251 0.8575301319390477 0
4596 2.120513073288781 0.8090770761737527 0
4597 2.316699091963782 1.433326750015755 0
4598 2.364690041742435 1.440265916124238 0
4599 2.335005148651355 1.476472062359046 0
4600 4.016412576473203 0.9807422301386649 0
4601 4.07364105504003 0.9870064814148171 0
4602 5.371407612145292 2.164069255551545 0
4603 5.475574161069173 2.237923863841266 0
4604 3.827081064160089 2.644954641640409 0
4605 3.808076574160233 2.666561103832683 0
4606 3.684699184497796 0.8933983848257481 0
4607 3.74287540162301 0.9019959865353506 0
4608 2.04478330239836 2.275696888792551 0
4609 2.041434948949838 2.080097112388355 0
4610 2.039614694730517 1.774892681945815 0
4611 2.441507648755763 1.075289789539964 0
4612 2.411289291896929 1.113429219471195 0
4613 3.182979479646586 0.0703382936123499 0
4614 3.092520940312939 0.0703382936123499 0
4615 2.04502750831108 2.418432885933592 0
4616 2.343392099260102 0.4165440900831333 0
4617 2.583261581493599 3.399338299426104 0
4618 2.831398903704389 2.642596423781333 0
4619 3.099116961384645 3.087033550359854 0
4620 3.044926770512735 3.08374636145598 0
4621 3.678879905576879 0.08416717882182592 0
4622 2.79920636204365 1.869666030051621 0
4623 2.834729603427328 1.87200362030524 0
4624 2.427767101451476 1.790397168514589 0
4625 2.471630690151874 3.390092292109935 0
4626 2.44799268414662 3.339804776347413 0
4627 2.381817805411498 1.151957263033258 0
4628 2.352880149473021 1.190185650326547 0
4629 3.27906675618918 2.858465939460389 0
4630 3.25855080180991 1.617943590905054 0
4631 3.271675594922211 1.590676809935674 0
4632 3.289125239694537 1.620097691723507 0
4633 2.245130473546265 0.5463980449535529 0
4634 2.697370724311052 3.408017772947241 0
4635 3.655128630425962 1.184023586751306 0
4636 3.209502831395771 3.093435600589735 0
4637 3.154437343904768 3.090392305937706 0
4638 2.276517926171158 0.8315482049353327 0
4639 2.045043859806402 3.071078303608954 0
4640 2.04153939013039 0.9278000128665406 0
4641 2.524402417024641 1.94051477068253 0
4642 2.379671255026131 3.191060891383639 0
4643 3.64952382209066 3.264326944269375 0
4644 2.611335017436248 1.263493655372893 0
4645 4.220823834859452 1.305515289915241 0
4646 4.19688709399022 1.332430621110834 0
4647 3.915581958570097 3.274657508839291 0
4648 3.303121967777968 2.391094299427918 0
4649 3.13231819345804 1.883242085244842 0
4650 3.150061267664991 1.856395469525878 0
4651 3.161789489540822 1.885087760133922 0
4652 3.271663909923658 1.024511417758206 0
4653 2.196343625419727 0.4458061388565746 0
4654 2.169484812496962 0.4938952099789988 0
4655 2.142741502150813 0.4434587851896718 0
4656 2.567344196302296 0.442497859664093 0
4657 2.545472575433326 0.3886311185418062 0
4658 2.602415591664199 0.3956849693160557 0
4659 2.628102117851895 2.405502942769675 0
4660 2.671709074275094 2.409194908446163 0
4661 5.70066088685808 1.589322676015646 0
4662 2.783611924822515 2.308240950987665 0
4663 2.76557475545119 2.272072157540901 0
4664 3.612827877671618 3.581051234692031 0
4665 3.548984845753335 3.547266687244216 0
4666 2.477503211465708 2.009292202526962 0
4667 2.057941344614024 0.4957739281555956 0
4668 2.035599531641708 0.4616601975283508 0
4669 2.093540876255732 0.4574341256848513 0
4670 4.131107266146512 1.000026389541056 0
4671 4.186882882801202 1.014648145116519 0
4672 3.141188675971549 1.774030544099829 0
4673 3.159595532257986 1.747853098908188 0
4674 2.181754556208904 1.297018391132132 0
4675 2.157458250647563 1.251221121815846 0
4676 3.413103266458183 1.695832049983434 0
4677 3.427989576938458 1.67414899080835 0
4678 3.437930738272269 1.69521640478782 0
4679 2.27466408808843 3.182449584925831 0
4680 2.428061105015431 2.08043013028329 0
4681 3.258139192200523 2.306487832584962 0
4682 2.284143148861822 1.347450980442305 0
4683 2.300801045841892 1.391108943276969 0
4684 2.421891534704314 1.028419931983697 0
4685 4.545598969682343 0.08200548831873927 0
4686 4.405455211494914 0.08200548831873927 0
4687 4.943148285814593 2.341702384428139 0
4688 4.967771905090578 2.273942209862373 0
4689 2.454394181457996 0.4292521394594961 0
4690 3.195054427810778 2.300511990054534 0
4691 3.18109801625846 2.272317014882013 0
4692 2.627179803701506 3.069456607339573 0
4693 3.087628219245765 1.439077400982875 0
4694 2.834183358599474 3.063871685524834 0
4695 2.877744650132827 3.023629394275772 0
4696 4.916074270331569 3.645614085903572 0
4697 2.765709977417922 0.8092282767406471 0
4698 2.713356950192424 0.8017866494022361 0
4699 3.523665003775997 3.259640428771272 0
4700 2.660809594063025 0.7946388479131339 0
4701 2.608687148466908 0.7874192641252986 0
4702 3.87057352829393 1.241374122382058 0
4703 2.425702148803335 3.289504887311044 0
4704 2.226825335511695 0.7328067185846738 0
4705 4.026830980167855 2.810478609014859 0
4706 4.068765159284045 2.814032239047832 0
4707 2.322835708591645 1.227389241375914 0
4708 2.293480580216031 1.264819819291988 0
4709 2.268445797024307 0.3596078088902082 0
4710 2.228998665374606 0.4026988121021826 0
4711 2.209047446723279 0.3522787108552731 0
4712 2.791639638479927 2.564179961463448 0
4713 2.87510039238876 0.9626334172017315 0
4714 2.130441664818797 1.915996984101543 0
4715 2.119855878621776 1.862092123759003 0
4716 2.280224149822498 0.2602423428894186 0
4717 2.219593869642766 0.2556219569502374 0
4718 4.956153614495976 3.745176814938862 0
4719 5.028354115969754 3.880438117366194 0
4720 5.026050360396153 0.1184638509377514 0
4721 4.950674699448141 0.2444251155318419 0
4722 2.74803612575809 2.23546744344574 0
4723 2.730707964289465 2.199680929880392 0
4724 3.020771846265226 1.842554105082537 0
4725 2.991760208140845 1.868316064241655 0
4726 3.69303510031251 2.591918084741659 0
4727 2.813657298826024 3.416602805973895 0
4728 2.36345333758552 1.106899734811559 0
4729 2.738309475346746 1.732467179851367 0
4730 2.975009232392273 0.8396408966890894 0
4731 2.923086181896226 0.8318610683635639 0
4732 2.166412005973145 2.648097188848816 0
4733 2.271116152750812 1.427315089511778 0
4734 3.124773178318653 1.657722458777169 0
4735 5.188212139785872 0.1184638509377514 0
4736 5.190515895358837 3.880438117366194 0
4737 3.271628744106357 2.500060676131898 0
4738 3.288709385857673 1.563685317870898 0
4739 3.30815917709713 1.536825420813504 0
4740 3.100737666378509 2.472215456137017 0
4741 3.124200757268924 2.507574980888651 0
4742 4.621869052028114 0.1154840209592364 0
4743 4.517444094804308 0.1974895092779757 0
4744 2.870080933236435 0.8241147336009288 0
4745 2.818270730913912 0.8165089569721345 0
4746 3.128061809397345 1.939079644467026 0
4747 3.157198306200219 1.939407977641635 0
4748 4.524216244360964 0.4898434684575818 0
4749 4.620826720622316 0.5338288600367638 0
4750 4.532305080246263 0.5963914830500728 0
4751 2.094915279863362 0.52790425944661 0
4752 2.036973935249338 0.5321303312901096 0
4753 3.675853117432037 3.602969103325397 0
4754 2.757709612295482 2.098072956815899 0
4755 2.743126925756965 2.064330195997163 0
4756 4.542305242659944 1.532263369436605 0
4757 4.498656208822942 1.520953434744282 0
4758 2.402184176423555 3.24028123882865 0
4759 2.349362954608801 3.2356651962698 0
4760 2.594552156626122 2.889626106703047 0
4761 3.326520563999609 2.819806038379775 0
4762 3.282431700011034 2.81803380225134 0
4763 2.475863724493858 2.355254606300867 0
4764 2.45633775327478 2.315055025115054 0
4765 2.303937410218714 1.18263136942299 0
4766 3.166103731952741 2.244090962562045 0
4767 3.149754305074231 2.216621571613185 0
4768 4.422552946001099 0.8010863913093929 0
4769 4.441891896456688 0.8942198721591129 0
4770 2.435325956786873 2.965079110447494 0
4771 2.481266694678644 2.974773810577397 0
4772 2.321450840851119 0.3654768689207363 0
4773 2.301499622199792 0.3150567676738268 0
4774 2.61042262439872 2.717262453117727 0
4775 3.571651069080118 1.320430051848067 0
4776 3.535919592261107 1.314410287271024 0
4777 3.376274130802484 1.28292156651141 0
4778 3.134318204810835 2.188493630787941 0
4779 3.118132403000277 2.160539993311617 0
4780 3.149724850232692 2.161907123645952 0
4781 2.565769999536389 1.540317802161903 0
4782 2.539952461911664 1.575025314985973 0
4783 2.893543223628725 1.474115058325188 0
4784 2.919276730285087 1.442186928247813 0
4785 2.296165796552334 3.231079912932735 0
4786 2.75216334378907 2.487528015897773 0
4787 3.737980985836629 2.563746933691331 0
4788 3.762413770253761 2.575732371326775 0
4789 3.715705395271526 2.552857061006259 0
4790 3.275853273939352 2.281799518983562 0
4791 3.304735788042458 2.28835581523506 0
4792 2.51483564097714 2.434349843167768 0
4793 2.495501907289364 2.395120940686844 0
4794 2.539730741870611 2.398279591768695 0
4795 3.32644507500779 1.509981749992949 0
4796 3.345520055077199 1.483048455906603 0
4797 2.191628090963127 0.5376211828843334 0
4798 2.88236782896976 1.908142435646115 0
4799 2.896097222547249 1.940592260682099 0
4800 2.868709946808341 2.891340879773231 0
4801 2.847711011156481 2.936512878979104 0
4802 3.280943234508616 1.996639397847538 0
4803 3.276849433486201 1.96936407529081 0
4804 2.733637846356618 2.985452744557365 0
4805 2.781592665746019 2.985008968581701 0
4806 3.365476035684828 1.040271588857951 0
4807 3.177082134755978 0.6799312927119017 0
4808 3.233729713896739 0.6915276256593641 0
4809 3.213829434574127 2.049713862244499 0
4810 3.348723902150591 3.148740612032659 0
4811 2.101153445641659 3.453199485545226 0
4812 2.074268639168676 3.403120529290522 0
4813 2.56496500475677 2.363343908382075 0
4814 2.584298738444546 2.402572810862999 0
4815 2.35825162445845 3.944978083747725 0
4816 2.046555649695785 0.8760698400958057 0
4817 2.088095039826174 0.9038698529644063 0
4818 3.367253280726077 2.105944795838571 0
4819 3.342763871645259 2.097344608754901 0
4820 4.11060512643061 2.811802017041328 0
4821 4.15277177525001 2.802797632626733 0
4822 2.291240500565726 2.474813435272002 0
4823 4.010478403096382 0.4799015603081941 0
4824 4.095302630286952 0.503175192687441 0
4825 4.029528889732159 0.5696690541199123 0
4826 3.80110755789392 1.223361052055085 0
4827 3.342335731652677 2.465161647114496 0
4828 3.036842195858119 3.179973350257806 0
4829 3.01246051559091 3.128785015228432 0
4830 3.102474567845538 2.132102815708639 0
4831 3.088682986213556 2.103081135164982 0
4832 2.439976830797499 3.436083592846208 0
4833 2.407978082495172 3.481465088413581 0
4834 2.522479786598363 0.8209998512828595 0
4835 3.436550353283651 2.261236646906811 0
4836 3.412160093905945 2.257760289276644 0
4837 3.426145744387341 2.237540896610096 0
4838 2.353890636208553 0.05363472587906838 0
4839 3.288190361767326 2.051519176094573 0
4840 3.284418889861597 2.02415368053977 0
4841 2.121308578654526 1.625179020150935 0
4842 3.729720086036486 1.203763152010619 0
4843 2.174016842169918 0.2510281031282905 0
4844 2.121716815663475 0.2749251823644638 0
4845 2.436720732507529 2.275025403656344 0
4846 2.416966378396044 2.2342608947164 0
4847 3.124133814715967 3.136424067367618 0
4848 2.77275886030486 1.969452447285266 0
4849 2.757675148878534 1.935459816546899 0
4850 3.607094922350308 2.615289195090852 0
4851 3.613665073292041 2.644823464245301 0
4852 3.240035331834034 2.442308997016008 0
4853 3.389984889627561 2.115240035388498 0
4854 3.385451608974243 2.089461514123286 0
4855 2.513692491705571 1.609720907349726 0
4856 2.487650905254648 1.644394247875034 0
4857 3.396992005749245 2.278588546883522 0
4858 3.386587396852935 2.254892796586807 0
4859 2.266532286967439 1.30420939321363 0
4860 2.237607244734539 1.341855695544317 0
4861 3.048208102686408 1.707536086936252 0
4862 3.086680905886661 3.934457518561547 0
4863 3.177139445220914 3.934457518561547 0
4864 3.39433880705138 1.863531551570539 0
4865 3.377365175273443 1.845416156415822 0
4866 3.401386208704695 1.834593312378246 0
4867 4.092661732685897 2.849691463378193 0
4868 4.119772741638062 2.891513920983602 0
4869 4.077932774491497 2.893744142990106 0
4870 2.783295512153085 1.670800422961829 0
4871 2.766405700559354 1.634630749877772 0
4872 3.447680088712725 1.715665513740168 0
4873 3.462566399193 1.693982454565083 0
4874 3.137826599320819 1.828588088468233 0
4875 2.554487005279737 0.7792271370093725 0
4876 2.075356811337926 2.300696888792617 0
4877 2.374117290949162 1.023398265970355 0
4878 4.720626988621341 2.108195823020704 0
4879 4.727684348998267 2.141057558115393 0
4880 3.275813447014945 0.6475626337757688 0
4881 3.110064891245544 2.021226276832421 0
4882 3.09571586117478 1.99334987551676 0
4883 2.795461202249603 0.4769015478127865 0
4884 2.811184169808522 0.5314046729635881 0
4885 2.755868399209676 0.5220140868193701 0
4886 2.422238071453727 3.630833259749461 0
4887 2.388337494597251 3.678200922502693 0
4888 3.364185332013008 1.455894606046324 0
4889 3.382351899587179 1.428993904715555 0
4890 2.693147157789456 0.7529480152960037 0
4891 2.616270489316043 0.05585137756421196 0
4892 2.761372653338054 2.342752286525347 0
4893 2.210921023394977 3.511514572343284 0
4894 2.160363686903802 3.50720519479717 0
4895 3.351968995801266 1.852457153154319 0
4896 3.626982778658377 1.100335251538116 0
4897 3.61109977712795 1.058449578225562 0
4898 3.648770355231193 1.068507875896353 0
4899 2.970915721205148 2.124407592761432 0
4900 2.994817144079694 2.095139824637305 0
4901 2.895364700468499 1.009522750491201 0
4902 3.395073200849272 2.139507304462623 0
4903 3.401778372206449 2.165290045915459 0
4904 3.378491732736572 2.157506058556619 0
4905 3.209379423255119 2.385201280525163 0
4906 2.832171322371345 2.101983767031175 0
4907 2.841920251431646 1.538333256936482 0
4908 2.867659184653565 1.506479003021088 0
4909 3.235339344532875 3.142975223821215 0
4910 2.241262196381546 1.46374136402406 0
4911 2.256884491146127 1.50478095591867 0
4912 2.211132488654971 1.498989423692167 0
4913 4.737206137901462 2.669490326110972 0
4914 2.855464703128683 1.841579339108034 0
4915 2.870057107291251 1.875256582211363 0
4916 3.015070099860461 2.068428764462806 0
4917 3.025333691708615 2.100269202928036 0
4918 2.536871306455617 2.977745540832171 0
4919 2.783580235293536 1.834535666443125 0
4920 2.769040951820844 1.800375089122518 0
4921 4.768916287299502 1.543234552475395 0
4922 3.48897530390081 1.650345064544377 0
4923 3.475258581137022 1.672682225003044 0
4924 3.466533771516332 1.651196185154069 0
4925 2.397311503116978 2.193980030818215 0
4926 2.377912861531112 2.153858151852087 0
4927 3.272809126460881 1.940847959490371 0
4928 4.380842184823105 0.6824127563055051 0
4929 4.388783025805614 0.7474726991606943 0
4930 4.303275624271372 0.7043915388690195 0
4931 2.585468574510852 1.76070671330975 0
4932 2.608412446188547 1.797234324732268 0
4933 3.44744022587985 2.283512237403384 0
4934 3.459614127784847 2.30693771888727 0
4935 2.970513557781525 3.030539762781344 0
4936 2.949004572162783 2.982905141368464 0
4937 2.52552366160899 2.629378568548538 0
4938 2.570837875757025 2.631593608707501 0
4939 2.546366319498225 2.669988023198222 0
4940 2.971582032135059 1.259619193357496 0
4941 3.001553819881911 1.224465292587365 0
4942 3.566973946851868 1.548285506215093 0
4943 3.592289042593691 1.532730117510408 0
4944 3.59652830033654 2.871456719691354 0
4945 2.586399658472884 0.7376080866909754 0
4946 2.823313517358017 1.674530048418883 0
4947 2.848568486628489 1.643816491684971 0
4948 2.275970182157446 2.94503150182195 0
4949 2.226742468828054 2.943716195092671 0
4950 2.450968623600387 2.391324857699939 0
4951 3.382384652125892 2.06485694082596 0
4952 3.379282058832533 2.038553306736453 0
4953 3.549441245114858 1.565818207883433 0
4954 3.53416739434868 1.58921334551293 0
4955 2.460643663526042 1.678677177065997 0
4956 2.434603802811436 1.714194963210115 0
4957 2.725678581506356 2.269411237872787 0
4958 2.798255267414845 0.7673764970165935 0
4959 3.178835889824424 2.328248542220575 0
4960 3.426129896947312 3.312878632110445 0
4961 3.399948720749225 3.257341048134954 0
4962 2.33240295817782 2.781261156909848 0
4963 2.281979839917544 2.782101931377459 0
4964 2.306211040403336 2.741062617010334 0
4965 3.03318542013738 3.606913064820792 0
4966 2.990974680663223 3.572086556947066 0
4967 5.507823901802636 3.753466083066871 0
4968 5.50673369232006 0.246295834492564 0
4969 3.377163880386946 1.98415193418246 0
4970 3.37825740674302 2.013779503197173 0
4971 4.600958084185816 2.355677143590729 0
4972 4.641620321683276 2.349549707958269 0
4973 4.627680522749648 2.377327615800288 0
4974 2.759717008505308 1.526477500436664 0
4975 2.734017708229219 1.559689824808946 0
4976 2.718125337558287 1.521517088757323 0
4977 3.884341303079191 2.610226985187844 0
4978 3.860074033942748 2.605138673927587 0
4979 2.499786468054209 1.903665122248134 0
4980 3.486003939887973 2.351435414301918 0
4981 3.472306309649051 2.328237948434363 0
4982 2.412211536064473 3.731867270411155 0
4983 3.842338656792841 0.4411408760890555 0
4984 3.924414147421454 0.4648750584514108 0
4985 3.862629171912976 0.5226612393783101 0
4986 2.046555649695785 0.8260698400959514 0
4987 2.110698258956524 1.773604687785655 0
4988 2.411713420037631 2.311428901855252 0
4989 2.376445924435587 0.3719930488667519 0
4990 3.319106547943654 1.610356260451087 0
4991 2.38726228085643 2.619979436710756 0
4992 2.361715638807405 2.659604682278995 0
4993 3.146317289382358 1.719302816852448 0
4994 2.288236248619623 1.137769479401393 0
4995 3.417132569924388 2.214442110046768 0
4996 3.408853279466444 2.189054240561531 0
4997 2.915302673294778 1.328584425795774 0
4998 2.943477038483238 1.294495194414648 0
4999 2.736390372926583 2.130890161412829 0
5000 2.969247587434294 1.893376272211138 0
5001 2.475073650943663 2.706235318091102 0
5002 2.519804421662048 2.709444326974309 0
5003 2.493825967255522 2.747906662026153 0
5004 3.486771803751795 0.1742157535557178 0
5005 2.565118635810084 2.711659367133272 0
5006 3.210478580874246 2.77971258827007 0
5007 3.109269549328945 0.5076387861343999 0
5008 3.144366904765887 0.4536163016930488 0
5009 3.028447270045629 1.189591209893943 0
5010 3.057474457370125 1.154335390713781 0
5011 3.154501699990482 0.3343204337942293 0
5012 2.382592896721523 2.7013881386845 0
5013 2.335756900749494 2.698438386137219 0
5014 2.709019604857084 2.485032707552285 0
5015 2.66597581663465 2.481998338189531 0
5016 2.689715022595519 2.446403127425727 0
5017 3.503383094638075 1.630165698133605 0
5018 3.495009814287239 1.606827329786606 0
5019 3.518142414645194 1.60813400322481 0
5020 4.377373251098044 1.330250431035854 0
5021 4.381492400635537 1.292745566135162 0
5022 2.407842266693728 1.74947013815762 0
5023 2.383633569446012 1.784949300732626 0
5024 2.497506260586986 1.570210469734968 0
5025 2.79154160961298 1.602016850475636 0
5026 2.750473470122613 1.597264135890423 0
5027 2.815105913492846 1.739840927467738 0
5028 2.225364150259656 1.421523557285274 0
5029 2.92542782705007 1.851866611225787 0
5030 4.309503151948586 3.394466470475106 0
5031 2.589501033868403 0.4954840515726677 0
5032 2.110966510185929 3.496201273863691 0
5033 4.485402668872154 1.55205172237488 0
5034 3.771043794364636 1.426486259405657 0
5035 2.215721106236006 2.182999550305734 0
5036 2.231093521448133 2.224643853922845 0
5037 2.738137504826878 2.377254839956049 0
5038 2.719982062688279 2.34051850539865 0
5039 4.246814852325031 1.026443206968904 0
5040 4.304484009567444 1.050703119481138 0
5041 2.306448792971918 1.891278793389833 0
5042 2.280473942905249 1.930599637545038 0
5043 2.963376830254663 3.376300528733152 0
5044 2.930144796081968 3.424729592017509 0
5045 2.356722064083086 1.820516132570557 0
5046 2.333177380533774 1.855298641305764 0
5047 4.833572147590244 2.130002502799668 0
5048 4.897903054178825 2.160495495169153 0
5049 2.434185007704674 2.624300008378665 0
5050 2.41289565378167 2.581725010263145 0
5051 2.751911927680484 2.001674677672147 0
5052 2.33322919364931 0.2661114029199466 0
5053 2.347025686416093 1.063258386444729 0
5054 2.328218153294303 1.018284961165588 0
5055 2.903821269570626 0.782403512010716 0
5056 3.368084843374517 2.32105374603218 0
5057 3.382261927577574 2.346738329185992 0
5058 3.358859024088959 2.343744493787976 0
5059 3.086022588228783 1.117283752502183 0
5060 3.116378277814869 1.08084339286868 0
5061 3.183831568493649 1.666950488842843 0
5062 2.681440428441753 2.597542478560873 0
5063 2.701406171199554 2.639591330974208 0
5064 3.401085338407685 1.401188529326105 0
5065 3.419841631446607 1.375414288525877 0
5066 3.570419181580083 2.446736129734037 0
5067 3.589213345691783 2.465832605752385 0
5068 3.566001471000499 2.471134389775902 0
5069 2.849245681507025 2.76519108129769 0
5070 2.828682884532776 2.72426796289232 0
5071 3.277230355415226 1.755089307911637 0
5072 3.290767248528024 1.781801244774638 0
5073 2.70573431217929 3.028080524198018 0
5074 4.040864427344751 2.624483999690987 0
5075 4.016090623581752 2.625508651799037 0
5076 2.164781471332941 1.153553039997929 0
5077 2.200324908543783 1.115098845370976 0
5078 2.619506076874881 0.6953509886539497 0
5079 2.372441523991314 2.231118416498357 0
5080 2.622526711586682 2.479609088913211 0
5081 2.578723332179333 2.476678957006534 0
5082 2.602867854965735 2.440438626156296 0
5083 2.779825741390594 0.4199804654413689 0
5084 2.835141511989439 0.4293710515855869 0
5085 2.428823415658285 2.70362604398461 0
5086 2.402864677600374 2.742459747842835 0
5087 2.317554199930662 1.101786430006793 0
5088 2.201261116767983 0.9894557589638603 0
5089 2.158141013951596 0.9705447602032171 0
5090 3.148592242410932 2.271608434424061 0
5091 2.998470465238574 0.5075233761026489 0
5092 2.955098677075517 0.4596276350836985 0
5093 2.182340437374221 0.04043232631159767 0
5094 2.18234043737329 3.959567673688465 0
5095 2.20922226477924 3.916546462763178 0
5096 4.062142839719417 1.377287316836507 0
5097 4.086747413167773 1.380354273735378 0
5098 2.37587376225343 3.527342107586533 0
5099 2.319646018647753 3.522478586072352 0
5100 2.60911975860331 1.727098166122095 0
5101 2.335162093015962 2.151962167329901 0
5102 2.360288305834826 2.114982766581816 0
5103 3.520148562609664 0.9868078201422733 0
5104 2.285333782489218 2.69927916060483 0
5105 2.676175138232875 1.515663907721821 0
5106 2.633849003731625 1.510859564633314 0
5107 2.271808597450195 1.094128131034562 0
5108 2.431531515222961 2.007012900371215 0
5109 2.455951591007782 1.9723235934356 0
5110 3.270432860233892 3.669352603176273 0
5111 3.232443805996349 3.72690095277706 0
5112 4.195484647612604 2.80023751049727 0
5113 4.240390084318924 2.804267945809771 0
5114 2.326537758878152 2.863092107799889 0
5115 2.301011890813525 2.903308781739647 0
5116 2.282645889627401 2.862517145216732 0
5117 4.550442429149877 2.916761464194733 0
5118 4.512845237358052 2.977201122333226 0
5119 2.444239048652286 1.639188991289684 0
5120 4.367317286024921 1.066313490600599 0
5121 4.435054849590146 1.087273355425131 0
5122 3.118161857841816 2.21525444127885 0
5123 2.046683836218637 0.6318631874066702 0
5124 2.046683836218637 0.6818631874065246 0
5125 2.044534799643963 3.328120529290323 0
5126 2.044534799643963 3.378120529290455 0
5127 2.078285328557502 1.799368491963815 0
5128 2.038670633826985 1.824475810013317 0
5129 2.534492862169608 2.474263675720726 0
5130 2.490264027588361 2.471105024638875 0
5131 2.762649398072425 1.865875319292835 0
5132 3.256176096073666 0.5866149761712416 0
5133 3.316684444578306 0.5991154428616013 0
5134 2.988573853907802 3.079466064894647 0
5135 2.454801870064812 2.665163708932767 0
5136 2.120727615383718 1.125323846603311 0
5137 2.632077835041852 0.6011905042607529 0
5138 2.610229086598818 0.5494478188637504 0
5139 3.221721920071916 1.614626379499001 0
5140 4.365514693636888 0.5958688437423606 0
5141 4.277740992384373 0.5509464399524432 0
5142 3.029477550370211 3.278256421985679 0
5143 2.996420043985804 3.326960365574997 0
5144 3.087067922423681 2.158689322850627 0
5145 3.092655202023455 2.048192481517336 0
5146 2.377215141041541 2.782012591402159 0
5147 2.352983940555749 2.823051905769284 0
5148 2.495150574256578 3.440690563168594 0
5149 2.702721532200287 2.303096588924872 0
5150 2.193695393022204 1.569977174220571 0
5151 2.390470270805972 1.708747095428152 0
5152 2.641831293848247 2.518238669039769 0
5153 3.436790216037207 1.737941104271574 0
5154 2.592131057959423 1.505870565748946 0
5155 2.550127289216113 1.501067640958258 0
5156 3.147802646550329 1.043288171271444 0
5157 3.177515620404574 1.007720319917351 0
5158 2.665668190264334 2.226229644188278 0
5159 2.691148270993504 2.196401198689546 0
5160 2.319862051408196 2.945606464405107 0
5161 2.734802063958004 0.3041285106802404 0
5162 2.675143658809523 0.2981348623854379 0
5163 2.713383060769393 0.248794677958636 0
5164 4.615386602234173 3.055100934803668 0
5165 4.537981185484751 3.049321950732136 0
5166 2.423445659978304 2.78425049670227 0
5167 2.728424137828202 2.523123226661577 0
5168 3.365245958295146 1.945250021230608 0
5169 2.718242257003325 3.459160861900374 0
5170 2.66059026206852 3.455120425373019 0
5171 3.259137688330655 2.014490429767493 0
5172 2.554151718790554 2.513434138477641 0
5173 2.713716283469712 2.163275604792312 0
5174 3.686003846256516 0.3897737825197813 0
5175 3.687531663816918 0.3101381670330761 0
5176 2.431392394660461 3.532558883077818 0
5177 3.389250495791461 1.887798820706575 0
5178 2.480435242990052 2.626909282485156 0
5179 3.420446595602561 1.654260567010859 0
5180 3.445274067416647 1.653644921815244 0
5181 4.188952209885871 2.593482052243255 0
5182 4.165188015259286 2.600556959517273 0
5183 2.386565067291395 2.348419243997105 0
5184 2.366948046524143 2.308389622538396 0
5185 2.985465349109068 1.417548875526035 0
5186 3.023402802844304 1.424928852329536 0
5187 2.040802190264637 2.124546664916412 0
5188 2.254766096036197 1.967490191567809 0
5189 2.230720701969649 1.924006792242428 0
5190 2.782455625194703 2.809483008488772 0
5191 2.827428540944259 2.807660499632438 0
5192 3.188733892461558 1.885077336484194 0
5193 2.120546298769406 3.794410779797258 0
5194 2.179231155611228 3.792777815335307 0
5195 2.1474947921924 3.837927751107837 0
5196 2.701874438508964 1.482451583349539 0
5197 2.283157136400557 1.851136086135588 0
5198 2.336797229325339 1.779589102213588 0
5199 3.500411730460415 2.371614780603632 0
5200 3.398067534783369 2.372664103673886 0
5201 2.280802577643808 2.227456302020434 0
5202 3.803539463189067 1.370493248969848 0
5203 3.802607899589422 1.393319602293284 0
5204 2.574188703334034 2.553416786910633 0
5205 2.52995823332431 2.551001505624825 0
5206 2.504906799248853 2.588514867994436 0
5207 2.879247569619067 2.037009947140199 0
5208 2.854163304147431 2.07009281091285 0
5209 2.685182902507187 2.266491874829711 0
5210 4.451022095171129 0.6389500040340353 0
5211 2.307606827642531 2.188406935112407 0
5212 2.289982271946244 2.149531549842135 0
5213 2.660424937265651 0.4015102027726924 0
5214 2.638553316396681 0.3476434616504057 0
5215 2.371349941741872 2.863843542292199 0
5216 2.412973534839812 2.86889585455782 0
5217 2.386527353162214 2.908936056588424 0
5218 2.505620072995115 1.492686923822968 0
5219 2.531981131418149 1.458239687410012 0
5220 2.714752862497528 2.412229277808917 0
5221 2.183691672345089 1.918064986875944 0
5222 2.209399519214141 1.881174432853173 0
5223 4.039849706798453 2.681074776511176 0
5224 4.055685787003108 2.661927673542907 0
5225 2.24424756526358 2.144410633898524 0
5226 2.271802830637012 2.107965866116019 0
5227 2.291668774206698 1.771359589596785 0
5228 2.318580279569623 1.735792757758854 0
5229 3.092505567173649 3.182835218389562 0
5230 3.060534330835925 3.229743256857603 0
5231 4.089262650901257 3.619200093533981 0
5232 2.341496219971142 2.075905277031387 0
5233 2.384246988486293 2.077801261553574 0
5234 2.618206293411349 1.47160940342967 0
5235 4.033295745637956 2.899051236217799 0
5236 2.197541664926773 2.141433866579618 0
5237 2.673019015305588 0.7031346818861373 0
5238 2.651925290520412 0.6526854567331856 0
5239 2.405007215696719 1.628669612555981 0
5240 2.432014457425325 1.594386683365018 0
5241 3.122831883901555 1.800866768369951 0
5242 3.108957332813674 1.772270930170112 0
5243 3.779762523780854 0.85921666268526 0
5244 2.265393236211804 3.516863292703267 0
5245 3.161012955888571 2.136348103467834 0
5246 2.593936513198999 2.593560903677892 0
5247 2.484869814705372 2.548532219561443 0
5248 2.303911874033053 1.689549924977224 0
5249 3.987431152852107 1.234754626758715 0
5250 3.251621725952354 1.958460031274822 0
5251 3.378188532483512 1.95937813055806 0
5252 3.258134947973045 1.561531217052446 0
5253 4.6513812744233 2.30755469845946 0
5254 4.678103712987132 2.329205170669019 0
5255 2.852450469369426 1.468086954603601 0
5256 2.409269019151748 2.041352640732861 0
5257 3.114779513226888 1.907764924284765 0
5258 3.103051291351057 1.879072633676721 0
5259 2.661579103713211 2.558382785807027 0
5260 2.618129998665243 2.555993536530707 0
5261 3.903632778281699 3.519426420076203 0
5262 3.875738668713911 3.452491856741987 0
5263 2.393145658036407 2.541123870689812 0
5264 2.440068384884651 2.545444442357722 0
5265 4.785076213654568 2.545448303590669 0
5266 4.717934962860074 0.5850356766649698 0
5267 3.845842319262359 2.859533859200877 0
5268 2.654967417224142 3.11500728275048 0
5269 2.044404967675288 3.819780357784631 0
5270 2.044404967675288 3.869780357784763 0
5271 2.04287894230986 0.1258344779544815 0
5272 2.04287894230986 0.1758344779543751 0
5273 2.945394961267414 1.409142990829702 0
5274 2.234294240924574 3.799187287394706 0
5275 2.602625156310947 1.435269905172685 0
5276 2.64434310208315 1.440258904057053 0
5277 2.138025967694213 0.5352738292174306 0
5278 2.832373956259373 1.607799539518224 0
5279 3.105595256162945 1.826828474538516 0
5280 2.043046553949833 0.2249251823645607 0
5281 2.043046553949833 0.2749251823644671 0
5282 4.99742601091986 2.202649531653955 0
5283 4.951964582623529 2.148064086850586 0
5284 5.030562994294597 2.134542857057334 0
5285 3.098794907290362 1.934910192898905 0
5286 3.318287561534387 2.087778291332932 0
5287 4.502408549237998 1.10048396374062 0
5288 4.571646983529837 1.109953871467303 0
5289 2.696830679630621 2.127610430221982 0
5290 3.680827974283806 2.866124421220729 0
5291 2.928139369932138 1.252657715462917 0
5292 3.061457568916201 1.990338681541646 0
5293 3.07781891120224 1.963213719106051 0
5294 2.904452739326913 1.402679072489589 0
5295 3.058498367379162 2.101905144000593 0
5296 3.075771266323776 2.074734133917927 0
5297 3.911037684356163 2.613000427864049 0
5298 3.894135741635756 2.631410631015593 0
5299 4.697244712976127 0.2414452855533269 0
5300 3.003230395671286 2.185365036121097 0
5301 3.020472221852515 2.21556597662701 0
5302 2.986735777719473 2.214905167791159 0
5303 2.041383539219217 0.3226885131059029 0
5304 2.041383539219217 0.3726885131058265 0
5305 2.047183897985386 3.625805535110662 0
5306 2.047183897985386 3.675805535110793 0
5307 3.329800532918908 1.894650890760373 0
5308 3.346949102287465 1.874235643715493 0
5309 3.634423658511168 0.164417107155567 0
5310 3.262829085841994 3.491907632750733 0
5311 3.4123838535335 1.740589594013209 0
5312 5.553098619770907 1.91980253616695 0
5313 5.568758928836843 2.04599753357748 0
5314 2.665968505494726 3.784326709211678 0
5315 2.707197527793292 3.724912331183435 0
5316 2.465119818960109 2.507931079988111 0
5317 2.44546259776764 2.468017247435153 0
5318 3.293454636819168 1.507696054167115 0
5319 3.029097093951678 0.8489061357165428 0
5320 3.010914379789821 0.7994150858008046 0
5321 2.427707774348973 2.427429639732863 0
5322 2.408069591553468 2.387563305346886 0
5323 2.801087904785253 1.532550567893894 0
5324 2.785195534114322 1.494377831842271 0
5325 3.372334932601455 3.203459949081436 0
5326 2.15922797098253 1.055366675465736 0
5327 2.120332187761373 1.075651669546464 0
5328 4.054548960599522 2.642050892635257 0
5329 4.328904858528723 2.528337631582624 0
5330 4.307604629026291 2.541029813429679 0
5331 3.611209700269267 1.516705137958137 0
5332 3.349048195360995 3.545692997935557 0
5333 3.309614414481873 3.606782055535447 0
5334 3.280531607600381 3.546413605765659 0
5335 3.365111955361461 2.757002201233134 0
5336 4.635858489067122 2.210520166267868 0
5337 4.513349342357303 2.741096189417846 0
5338 4.468376626837063 2.714662889623984 0
5339 3.891146572323704 0.8870596613424028 0
5340 2.129528956274398 2.915197619674825 0
5341 2.182945164875097 2.935308769590754 0
5342 3.714040889048584 1.449630978606463 0
5343 2.883049257631482 1.246295668789268 0
5344 2.911154251283302 1.211419667732117 0
5345 3.381453527779683 2.29988431781194 0
5346 2.605987648165276 3.449219231644673 0
5347 2.549530500282629 3.444580194650892 0
5348 2.685836541544509 1.444010706082107 0
5349 2.727786740869921 1.44986388711761 0
5350 3.330405811665638 1.453698533486282 0
5351 3.361861296717235 2.249509539681618 0
5352 2.871612540242229 3.576228957061686 0
5353 2.851845314310488 3.520821801350901 0
5354 3.063503124103363 0.945593965945656 0
5355 3.045727258756921 0.8982092737809505 0
5356 3.147825949693772 3.186193973967415 0
5357 2.883977421662613 0.7326138046895849 0
5358 2.936982670322404 0.74036013945222 0
5359 2.983137813747677 1.182907631712343 0
5360 2.889958137740356 0.3881834833319375 0
5361 2.905593598599365 0.4451045657033551 0
5362 2.326745212511654 3.901956872822439 0
5363 3.207324506499996 0.1477304274548827 0
5364 2.363304218039981 2.38452402603003 0
5365 3.054188463536635 2.158138995102298 0
5366 3.021023787866087 2.156503054029741 0
5367 3.038245411598394 2.128616204175092 0
5368 2.987287343733046 2.15584224519389 0
5369 2.953122329010347 2.153269574852787 0
5370 3.666127009668672 2.975837936564419 0
5371 3.314258380156993 2.652395447450891 0
5372 3.297635712647435 2.620392204289091 0
5373 4.517896126809059 0.3874988053197304 0
5374 2.345637273992591 2.270167783406384 0
5375 2.325982398713526 2.229886919508199 0
5376 2.410809972642038 0.3251496529070206 0
5377 2.432751231051021 0.3762168740694176 0
5378 2.856873510827915 1.392386105946705 0
5379 2.882991741810241 1.359342168528594 0
5380 2.682650755117536 3.071274318178361 0
5381 3.29630265046538 0.3545211457911606 0
5382 3.221748008685002 0.3431953400089875 0
5383 3.266209530211064 0.2883031627657273 0
5384 4.931040037553562 2.092388820572531 0
5385 2.897688757463683 2.003730696604143 0
5386 3.062470583189062 2.047016490352946 0
5387 4.706092690912824 1.708387605798842 0
5388 2.299824396505346 1.510578390540615 0
5389 3.367804527421952 1.398739308236553 0
5390 4.669014242265991 1.271090980115275 0
5391 4.737694664286677 1.289236092542368 0
5392 4.748947453081025 1.774732032347673 0
5393 2.402563565720722 2.4642556950821 0
5394 2.626859180857549 3.500362320597807 0
5395 3.629129045852157 2.497569636146332 0
5396 3.608134003449893 2.481857585483084 0
5397 2.798342572698293 1.168079076449999 0
5398 2.759422847575109 1.202770706803715 0
5399 3.292997489926743 2.078521274388042 0
5400 3.267420471843053 2.069006810753194 0
5401 4.541682631826102 2.308341225197419 0
5402 4.528990449866287 2.329641454808953 0
5403 3.098551894364169 1.036375050998488 0
5404 3.079359970173322 0.991360580167745 0
5405 2.725566371434987 0.7102824833752396 0
5406 4.450012779328485 2.431647557973389 0
5407 4.432480077699619 2.44918025955835 0
5408 2.454743841672501 3.583147628763014 0
5409 2.477693838707508 3.635544986261705 0
5410 2.488758229664447 0.3824087434997649 0
5411 3.671489467296084 2.527092517396937 0
5412 3.648966775009985 2.53677005768684 0
5413 3.649308412202824 2.511977426830842 0
5414 2.271676005640274 1.0132048794745 0
5415 2.644068754445282 2.010261990868643 0
5416 2.486848161914243 3.537270609590062 0
5417 4.469905455799093 3.047841503004479 0
5418 3.490303305260122 3.31443524169682 0
5419 3.45498231344037 3.368238076331872 0
5420 2.645015265263583 0.5035154777294252 0
5421 3.069846298691373 2.186576172705276 0
5422 2.816441725822632 1.570432925530875 0
5423 2.775087908287913 1.736111302010684 0
5424 2.799135189461382 1.705947006917726 0
5425 2.86772344479578 1.31829145925289 0
5426 3.297517671610114 2.105265925991553 0
5427 3.277556746140432 2.123649369842121 0
5428 2.768357224276483 2.600844345871806 0
5429 2.748285462556744 2.562282919415424 0
5430 2.904414590159013 2.980048670431941 0
5431 2.862172233558417 2.97702595026722 0
5432 2.617134313208071 0.2923096289288012 0
5433 2.191026918947994 1.838986216030271 0
5434 2.238055948572553 1.844928021396755 0
5435 2.948264497144015 3.475841155621469 0
5436 2.890411579468237 3.472258966077157 0
5437 3.254147278767188 2.528436599623182 0
5438 3.237915604750857 2.499253954170095 0
5439 2.753897653765184 1.417442292852486 0
5440 2.769935550729639 1.455883170119917 0
5441 3.132119610583935 2.29866242430875 0
5442 3.117125326278216 2.270436371988783 0
5443 2.117952598641905 1.537813652654897 0
5444 2.082237139214476 2.104643777309771 0
5445 3.021040927488886 3.378971618403666 0
5446 2.737802024422415 2.809555401557987 0
5447 4.715318120392213 1.140727320593425 0
5448 4.777494909241721 1.084077004787918 0
5449 4.79114999103807 1.164440541862455 0
5450 3.692789696861313 2.539784699337326 0
5451 3.668724035970176 1.4706920661706 0
5452 3.690024265451062 1.457999884361291 0
5453 3.741605386514437 3.661062109942031 0
5454 2.705141723624758 2.559787611069935 0
5455 3.193148391421275 2.412157358850644 0
5456 3.177854221098353 2.383618676022602 0
5457 2.685590773472558 0.6089741974929405 0
5458 3.331484829509941 3.792960036119924 0
5459 3.370345924217138 3.729503602700881 0
5460 3.134014083765976 0.5650055479826164 0
5461 3.071898335113425 0.5570752413358229 0
5462 2.264784536134409 1.808947869312686 0
5463 2.517876640928254 3.490571495387164 0
5464 3.23381083651574 2.031002107666334 0
5465 3.230335181162759 2.003487824974102 0
5466 3.421377051452267 3.425710527594891 0
5467 3.385955293128238 3.485032068305026 0
5468 4.4718650945189 1.449386158430399 0
5469 4.441937361132226 1.435344072504104 0
5470 2.349040329151694 1.697779437594027 0
5471 3.398062056870755 1.718172380157608 0
5472 3.388120895536944 1.697104966178138 0
5473 3.115816081528997 1.714828247520724 0
5474 3.134819246027688 1.688696358473182 0
5475 3.085140921685741 3.281118290117435 0
5476 2.670255404444108 1.407671207825123 0
5477 3.261568700527665 2.141296642259151 0
5478 2.375801865269402 1.662504262646522 0
5479 3.239073825173503 0.2158808123343099 0
5480 2.530457976347829 3.639926740147242 0
5481 2.497952206129054 3.687612371133689 0
5482 3.94751056203243 1.310337716984714 0
5483 3.211613213460407 0.4624912079078071 0
5484 3.184594820244798 0.4005384168196625 0
5485 2.523829625026351 0.3355958531517276 0
5486 4.603226030943548 0.3291244436813728 0
5487 3.314835522280522 3.200886961745737 0
5488 4.286337075380036 2.805113342093775 0
5489 4.335046949859885 2.801060868502661 0
5490 2.741366525291288 1.899085583570201 0
5491 2.200095733255374 2.625425264881846 0
5492 3.387401482612261 1.741862510207912 0
5493 3.361048740918004 1.745152605409664 0
5494 3.603728222496409 1.399560618387946 0
5495 3.0937609975008 1.743771624497668 0
5496 3.174937925302634 3.85031912964489 0
5497 3.235601188292793 3.915861611083343 0
5498 3.550673567054571 2.520752717721992 0
5499 3.11411941702967 0.9530532151791624 0
5500 3.396723314873275 0.6701475136414254 0
5501 2.740153444324667 3.676887229361238 0
5502 3.064861741664423 2.416989857180044 0
5503 3.083328920205414 2.443235359001313 0
5504 2.081420845417967 3.308548978190919 0
5505 2.117809506983361 3.263130237305225 0
5506 2.811306447009584 1.461956237577147 0
5507 5.188085561936919 1.699769482148441 0
5508 5.210378256124995 1.590408014186172 0
5509 2.775165457891596 1.246802737267015 0
5510 4.063232140780769 2.61551758872817 0
5511 2.030573508939566 2.324999999995589 0
5512 5.061472668011955 2.05810029326179 0
5513 5.072882590330387 1.97379807641096 0
5514 2.39022727857863 0.2700522275322372 0
5515 2.030573508939566 2.374999999995722 0
5516 3.170990818254607 1.911923952203159 0
5517 3.184142709120955 1.939397553991908 0
5518 2.039546904068983 3.518001788317084 0
5519 2.039546904068983 3.568001788317215 0
5520 2.120399689178498 0.409345054562427 0
5521 4.621199021176695 2.301079927363022 0
5522 4.65768241248055 2.280735390073773 0
5523 2.778349327005717 0.7182696675713167 0
5524 2.830910080501707 0.7255503478028041 0
5525 5.10801392491125 1.888996688913042 0
5526 5.147655248876744 1.793388160839947 0
5527 3.285144236234373 1.830360860877692 0
5528 3.266014417738213 1.857371623703373 0
5529 3.053298091937649 2.213906517962521 0
5530 3.036803473985837 2.243446649632583 0
5531 3.640662923758016 1.142124720210369 0
5532 3.04465683780749 0.7572326758362204 0
5533 3.081585302633702 0.7152927225912886 0
5534 3.251501168225012 2.826631358273607 0
5535 2.213322717609817 2.894326393654573 0
5536 2.566158459023601 2.935081218630458 0
5537 2.75428019937821 1.766361100401379 0
5538 3.256239554389703 2.113656181463694 0
5539 2.682216322091963 0.4585313360534556 0
5540 2.702944374822377 0.5124951033445382 0
5541 2.990568976248086 0.747967436808767 0
5542 4.007713757612644 2.855579297355409 0
5543 2.124548278139056 0.8912911799907115 0
5544 2.732262518879677 1.7967309669632 0
5545 2.077951007026247 3.793823620766452 0
5546 2.109687370445075 3.748673684993922 0
5547 3.40490219053249 1.345081063698319 0
5548 3.438205855736639 1.349561419377093 0
5549 3.990187887976247 0.3983811970189395 0
5550 4.415544352554786 3.097433424823175 0
5551 2.11142372569254 1.272580468035766 0
5552 3.344875652586283 2.367473449716479 0
5553 2.08443009316905 0.2976136954709586 0
5554 3.950003960788836 3.337713626301226 0
5555 2.24792023261648 2.40717245767611 0
5556 2.213629337552734 2.437853147247768 0
5557 2.211908212568272 2.387393902546366 0
5558 4.602294340382266 2.167208250690305 0
5559 4.595219433074979 2.190972445390289 0
5560 2.837190485984744 1.429592292881247 0
5561 2.815729488468073 1.386255388920252 0
5562 3.226168059144691 1.561327961634643 0
5563 3.243201850080153 1.534336469569867 0
5564 3.78551255692088 2.584745545873513 0
5565 4.038036408546342 1.382878120116588 0
5566 2.512120428562759 2.793487768942681 0
5567 3.117751020276053 0.6696212107612167 0
5568 3.155973984030381 0.6247520851347241 0
5569 3.833725932611171 2.600325066509966 0
5570 3.809961737889728 2.593250159194743 0
5571 3.81364563768472 1.408356172135683 0
5572 3.837409832291557 1.40128126489129 0
5573 3.256867128891661 3.195788342496118 0
5574 3.200981981594876 3.192595941620373 0
5575 2.541228087940294 3.541160241072359 0
5576 2.718354046824445 0.4104898283878055 0
5577 3.40063079463928 0.8834529571994563 0
5578 3.368783188110129 0.836418408977047 0
5579 4.226957295468589 2.926030963467237 0
5580 3.397828714022996 1.005037869469873 0
5581 3.428930158038971 0.9691922364633119 0
5582 2.126183696756007 0.370373370139821 0
5583 2.076983070860925 0.3843487106350004 0
5584 3.827054937462374 2.897644720982928 0
5585 2.210833905293034 1.380125631620333 0
5586 2.193223043398651 1.336884044391658 0
5587 5.208803045602684 2.269080899876517 0
5588 5.215860322041491 2.370203978039583 0
5589 2.080729937336344 3.699848798092746 0
5590 4.61283076955773 1.667769727414036 0
5591 3.084001320416253 3.383593370422153 0
5592 3.050958106685112 3.432933533580309 0
5593 2.758034356564282 0.3629593321606058 0
5594 2.796273758524153 0.3136191477338038 0
5595 2.807901013184227 2.683987453762083 0
5596 3.296936535963423 1.449560023791805 0
5597 3.315601812899232 1.422406173931526 0
5598 2.970725128340073 0.6981777294876359 0
5599 4.586634151260485 1.689914250553509 0
5600 2.796053888147956 3.025522039869816 0
5601 3.101613651088092 2.242584786536094 0
5602 3.086177550824695 2.21445684571085 0
5603 3.917994185095184 1.153650668907476 0
5604 3.956862555149477 1.16551289494223 0
5605 3.358050624291068 2.296890482413925 0
5606 3.552517420269055 3.314999872992699 0
5607 4.001863744400417 0.9168546791336116 0
5608 2.234711810331803 3.875126182397656 0
5609 2.258720510506004 3.835396965934781 0
5610 2.287252671803585 3.874228361686551 0
5611 3.694063528513456 2.564957509921868 0
5612 4.187250159201305 0.5277519851951076 0
5613 4.204843950105795 0.6161371412564949 0
5614 3.357457190168222 1.697454783088412 0
5615 2.11953201857366 0.9430213527614464 0
5616 3.060477151908105 0.6601135150141111 0
5617 3.862791674301527 1.390272629384334 0
5618 3.887058943357995 1.385184318167615 0
5619 3.162498832611629 2.355295833899057 0
5620 3.147249469503856 2.326881778422511 0
5621 2.905903438233283 1.96939997622084 0
5622 3.309910451871411 1.775366157992701 0
5623 3.298044600318059 1.800754666989849 0
5624 3.866341665892916 2.896721938923659 0
5625 3.727670847109239 0.5512361376996638 0
5626 3.804149802154013 0.5801932344219696 0
5627 3.369629432237861 1.34091715033473 0
5628 3.387993656527892 1.315064281185946 0
5629 3.575297819609341 0.8595713583938183 0
5630 3.519531283872315 0.8466309874090951 0
5631 3.555820626808294 0.8067155459350723 0
5632 2.367067631068614 3.072971505903669 0
5633 2.395101958768374 3.02768091878352 0
5634 3.96195191996017 1.380082234942561 0
5635 3.98672572349442 1.379057582853465 0
5636 3.986384440245629 2.620158318047554 0
5637 3.961610636636601 2.619133665952261 0
5638 3.152286929330677 2.494599489496903 0
5639 4.86414377397471 1.184357259150068 0
5640 4.928464490771209 1.13434815347063 0
5641 4.93928148485834 1.21091518656375 0
5642 2.173948065049087 2.459584294293834 0
5643 2.477307338280097 1.93775324715695 0
5644 3.08226295414613 1.713165166118403 0
5645 2.128060678484897 3.959567673688465 0
5646 2.12806067848554 0.04043232631159767 0
5647 2.121213884556443 1.57696154402895 0
5648 3.223578716448392 2.469526649026612 0
5649 3.208216978192399 2.440957615363809 0
5650 3.330998711221937 2.391728947914122 0
5651 3.392173686889596 1.911719709950665 0
5652 2.933432155588373 2.936301697359912 0
5653 3.538708324975175 0.7485029573226706 0
5654 3.517243696553023 0.6917313332558571 0
5655 2.467389657844374 2.790278760059474 0
5656 3.810156502003996 3.333181122290227 0
5657 3.744790799382068 3.330744839971253 0
5658 2.033372596524375 0.7749999999983044 0
5659 2.07992824622016 0.8010698400960243 0
5660 2.446532585194064 0.2742760527349029 0
5661 3.338949447994506 3.668631995346171 0
5662 2.881860446455349 2.212080644217116 0
5663 3.066081050306258 3.663680767309029 0
5664 2.997372485833262 3.679962173065284 0
5665 3.935642257847335 2.616067384750607 0
5666 3.193525324433947 1.966182433565349 0
5667 3.210854390574586 1.992741395286629 0
5668 3.619039276638626 2.908379449671181 0
5669 3.576723050610692 2.910603025868529 0
5670 4.340477836350146 1.351207182864617 0
5671 3.539411736446398 2.621009028877749 0
5672 4.214174712838667 2.582987893699531 0
5673 4.20830724118996 2.608979600926446 0
5674 3.411546889097113 1.287085479874999 0
5675 3.193345198245901 0.5753156299333012 0
5676 3.410889830385893 1.633856821413953 0
5677 3.389106730004765 1.936324283423748 0
5678 2.180690103481659 3.877715067011408 0
5679 2.642810860848346 2.074324196008904 0
5680 2.286835102396355 3.798289466683601 0
5681 3.285502489731426 2.589250129514755 0
5682 3.269737238814512 2.557712183434884 0
5683 3.305905926245418 1.885847105437311 0
5684 3.968610218461744 0.6143557151796524 0
5685 3.350625520475963 0.9971683056948827 0
5686 2.376579016334949 2.49841923547544 0
5687 2.358824192916282 2.45783162777315 0
5688 2.758221184521849 0.6684563341614502 0
5689 2.864071481253486 0.6835069752443081 0
5690 3.085141019261095 2.269638776420783 0
5691 4.623639042070732 2.013509184625741 0
5692 4.622614389980509 2.038282988173593 0
5693 3.169353734052558 3.239007092642317 0
5694 2.069280743593697 3.493001788317018 0
5695 2.280325049630402 2.434960402428031 0
5696 4.944068774242549 1.293685922744235 0
5697 5.008389491039047 1.243676817064797 0
5698 3.346761485044933 2.721385049568368 0
5699 3.329489577183296 2.687417545030111 0
5700 3.847492798367185 1.373194053968468 0
5701 3.041147221688183 0.6087744245144903 0
5702 3.016402687251152 0.5514076626662738 0
5703 4.115296996010263 1.389711302181428 0
5704 4.139564265236499 1.394799613480728 0
5705 4.135920287484 2.611605177284979 0
5706 4.111653018516138 2.616693488508819 0
5707 3.456286110398346 1.32726439729869 0
5708 3.441841886840354 1.297551588970623 0
5709 3.474861582416178 1.305587791719778 0
5710 3.115782553371139 2.325709715987232 0
5711 3.631555471413259 1.50582498476445 0
5712 2.833725613248441 3.46971023774694 0
5713 4.013262604705701 1.381853468002104 0
5714 3.886225292782626 0.6039274167843248 0
5715 2.441740121285541 2.829831603618799 0
5716 3.146267800777785 2.382251912224538 0
5717 3.045553166184703 1.863101666718822 0
5718 3.076580987157577 1.876033799554197 0
5719 3.234216195809261 0.5268684390191337 0
5720 4.013076769060943 2.671187736773918 0
5721 4.115331808235627 0.9450932536989356 0
5722 4.383765012132287 2.800502674433838 0
5723 4.433550495161388 2.798764078845045 0
5724 2.870394860594844 2.806767114788324 0
5725 3.552211742314439 0.9483262767662841 0
5726 3.592656525541482 0.9201667770695483 0
5727 3.60585979118256 0.9690062539679912 0
5728 3.313628466953881 0.2272066181164831 0
5729 3.263747282422347 2.617323120059119 0
5730 2.48660580001166 1.53327164004125 0
5731 4.261673545758008 1.435798751011411 0
5732 4.283949136417939 1.446688623776514 0
5733 4.283856255271219 2.553290321604397 0
5734 4.261580664822624 2.564180194190548 0
5735 4.087836714190614 2.612450631842248 0
5736 2.036886045774004 3.280428448898753 0
5737 3.146375601486383 0.9173262716760484 0
5738 2.034626906917176 3.109975562087007 0
5739 4.9885751674234 2.400965135657463 0
5740 3.24082268841013 2.642587022531454 0
5741 3.176691776035633 2.439375010861248 0
5742 3.206097251109223 2.497902572517896 0
5743 2.406288680345154 2.994620289778475 0
5744 2.399113669818435 2.943529548185027 0
5745 4.488903665177071 2.804727057237774 0
5746 4.544409568436276 2.791210490508654 0
5747 3.794142580916926 1.417473084953543 0
5748 3.41503810000973 3.545400518074815 0
5749 3.021619960988563 2.269189773853744 0
5750 2.935094021952527 2.182760137493206 0
5751 2.725740398541174 1.863955219961705 0
5752 3.485550459765076 3.427267137181266 0
5753 2.821041071130295 2.980093602822935 0
5754 4.177214572195055 2.844901119242226 0
5755 3.506945296968587 0.9379683432438304 0
5756 4.391865996967017 1.518142414933485 0
5757 4.410786654711019 1.534167394683007 0
5758 4.413148362125622 2.468492317485857 0
5759 4.394227704476888 2.484517297046499 0
5760 2.903102928671115 1.877718154448909 0
5761 2.167924123707233 2.839485486370651 0
5762 2.128063977017766 2.867959484074814 0
5763 2.925219866035657 1.939411723422403 0
5764 3.841091259027206 2.623823580921768 0
5765 2.582550187520364 3.644824404982751 0
5766 2.633713406927729 3.655708143158733 0
5767 2.60187956317674 3.702877863195207 0
5768 2.385334571956779 1.398418189366799 0
5769 3.054140608579165 1.436213243955103 0
5770 2.788213509679503 2.644132417900581 0
5771 2.74485933375632 2.642235375852556 0
5772 2.709465127801642 1.826527237824259 0
5773 2.951964475695407 2.215343860453423 0
5774 2.960657118295744 1.141692432876562 0
5775 3.236024099459013 2.556905461473081 0
5776 2.61661739898163 3.750492217488163 0
5777 2.71997328556799 1.317254709705935 0
5778 2.672075673768495 1.30785719169334 0
5779 2.927490130378525 0.3337326902632903 0
5780 2.460345829805566 1.567967232405004 0
5781 3.651734837805366 1.491417194142902 0
5782 2.263368713795277 2.074198405879033 0
5783 2.30910342047794 2.079319321822644 0
5784 4.505647174250949 1.415891059608484 0
5785 4.23727349934674 2.573974719240747 0
5786 2.8570380437686 0.317999176145522 0
5787 3.946800501701994 2.637250354893452 0
5788 3.359172846898865 0.548828421518521 0
5789 3.378810197840144 0.6097760791230482 0
5790 2.775091033668275 3.46516564124764 0
5791 3.553335517735876 3.431654897004118 0
5792 3.519730255747772 3.489127348267137 0
5793 3.317805147810949 0.8704493898066489 0
5794 4.230972065075083 0.6911947529361633 0
5795 2.033372596524375 0.7249999999984502 0
5796 5.243423950202899 0.2178026099371352 0
5797 5.344651322354212 0.3306116275653711 0
5798 5.347648337032787 3.669094320724715 0
5799 5.246640702879248 3.780866477531591 0
5800 4.214425666589682 1.416468761311282 0
5801 4.237524453344623 1.42548193591487 0
5802 4.165340243244401 1.4011691486671 0
5803 4.189104437879474 1.408244055977763 0
5804 2.691102121718662 2.808279050049931 0
5805 3.362670089715125 0.3662181191991723 0
5806 3.415879978625285 0.3121870639336096 0
5807 3.437785896348967 0.3787762145848814 0
5808 3.242631941742022 2.060716467037889 0
5809 2.036648316193983 3.963476745659567 0
5810 2.087108715714332 3.963476745659567 0
5811 2.087108715714463 0.03652325434018083 0
5812 2.036648316193863 0.03652325434018083 0
5813 3.274444111288172 0.4737905541457474 0
5814 3.318208568189062 0.4211102964424325 0
5815 3.340811550537917 0.4854875275537591 0
5816 2.271153430142504 2.826526630165999 0
5817 3.538353575453657 2.474211204609282 0
5818 3.524525070070857 2.45438216780379 0
5819 2.036648316193983 3.913476745659435 0
5820 2.036648316193863 0.08652325434008656 0
5821 3.560608446801858 0.6427003234293414 0
5822 3.609321173829375 0.5928575627735319 0
5823 3.626075285906597 0.6533879790391823 0
5824 4.403414224271288 1.439113140575831 0
5825 3.862684610083859 1.207289463580951 0
5826 4.002475063827382 2.645666969846591 0
5827 3.412281536892418 0.9217294358700376 0
5828 3.458233496117259 0.9289870860265452 0
5829 5.300376041142158 2.695905688783013 0
5830 5.268342491054491 2.792632377145848 0
5831 2.936504068097334 3.573282500129082 0
5832 2.899585327809279 3.626140927509651 0
5833 3.719557768562553 1.165205447952785 0
5834 3.755693084501528 1.174777317672624 0
5835 4.351736583859214 2.513626646722596 0
5836 4.352472547935159 2.53966439107286 0
5837 3.807573237858922 3.449295468460731 0
5838 3.776149597794754 3.521450465403638 0
5839 3.035676594784204 1.99137276883925 0
5840 3.006850043097577 2.008861591638237 0
5841 4.281254219964221 1.392217040027283 0
5842 4.258180743292142 1.410744682472468 0
5843 4.257105127550836 1.381900224930742 0
5844 4.784150286515969 3.046207560911336 0
5845 4.825834918304212 2.965109160367262 0
5846 4.873609104258376 3.035664455720428 0
5847 5.595828417176109 1.559291882856918 0
5848 5.446344700999235 1.536195901741896 0
5849 4.607509986228665 1.860580945858287 0
5850 4.612598297421804 1.884848214795323 0
5851 4.371915950251324 2.499218856071972 0
5852 3.628945868477461 0.8802513355955254 0
5853 3.667340478565654 0.8328029661500183 0
5854 2.500010031966912 0.2825936922952843 0
5855 4.351494789263722 1.487003498096335 0
5856 4.371674155547755 1.501411288765266 0
5857 3.912071099954177 1.388015079566139 0
5858 3.93667567325051 1.384948122718376 0
5859 3.670119401902299 2.578845723072727 0
5860 2.718667342381297 0.5669982284953398 0
5861 3.603401974312786 1.324270295814364 0
5862 3.500489584475801 0.6312009169902066 0
5863 4.796263327179849 2.036444983588332 0
5864 4.784841879998469 2.083299258095529 0
5865 2.556724377735791 0.2888160673373256 0
5866 2.566843343993555 1.4328782085861 0
5867 4.232729988865938 0.9699082236775594 0
5868 2.731118107611521 2.035212891646033 0
5869 2.716280952865565 2.003452164166354 0
5870 3.64800308447445 0.5239478584987824 0
5871 3.700885918649575 0.4716387778150735 0
5872 2.035599531641708 0.4116601975284326 0
5873 4.307990364527331 1.459506575707849 0
5874 4.329290594007976 1.472198757635021 0
5875 4.103287654600045 1.361882357890097 0
5876 2.581080925967906 1.296941297579363 0
5877 2.549327627925865 1.340804336813221 0
5878 4.743666522654287 3.458104192797053 0
5879 4.701156181360567 3.346146384953632 0
5880 2.199608872606434 2.674073029946209 0
5881 2.244540261015861 2.696652248728592 0
5882 3.557147739565357 2.49330768062763 0
5883 3.490296675822034 0.890505542650556 0
5884 4.609151828966397 2.788460753354306 0
5885 4.678382466014328 2.788680968583019 0
5886 2.91756454610969 2.213399770661384 0
5887 3.680965502347952 3.328348503679457 0
5888 3.617320799042222 3.324226619477232 0
5889 3.661876430750577 2.904995794173911 0
5890 2.937738548728579 1.884752464660539 0
5891 4.645966999877947 2.40981299451714 0
5892 3.261343016121638 1.505541389014173 0
5893 3.279628914032299 1.478697718193619 0
5894 3.199481469402923 1.561496663374127 0
5895 3.439211717193834 0.6198604922983451 0
5896 4.78125658392284 1.653770057135727 0
5897 4.738875694496391 1.690944152119658 0
5898 2.813207844489217 1.23594661262706 0
5899 2.333062103129407 2.042137816794402 0
5900 2.302594320304001 2.009817449228039 0
5901 3.207317836488335 1.938698408126873 0
5902 2.865201382575898 1.277291459669862 0
5903 3.765671608891305 0.4170620617206627 0
5904 3.827456584399783 0.3592758807937634 0
5905 3.5944748607122 0.7614433283073937 0
5906 4.153817010461877 2.630521977237876 0
5907 3.853429165491665 2.64976824905803 0
5908 3.879350800154352 2.646918674987583 0
5909 2.628234300608904 1.303414058280845 0
5910 3.582536245369711 0.5132602028889415 0
5911 2.029733839524714 3.424999999998487 0
5912 2.95139519812015 0.6468386389880151 0
5913 3.004981504045832 0.6544459363445621 0
5914 3.247439069901439 2.087718565331358 0
5915 3.648311891364654 2.588756513175489 0
5916 3.64837060503512 2.616010629153496 0
5917 3.62759152269842 2.598960844436466 0
5918 2.738514797859858 0.6184931809677724 0
5919 4.842319232791409 1.025484466865715 0
5920 3.229376127293284 1.50533813359637 0
5921 3.306260807478537 1.818874832236154 0
5922 3.312503646738238 1.84204593934206 0
5923 2.202917550900132 0.3045938538213518 0
5924 2.831055719544801 1.204950821746466 0
5925 3.64207118102473 2.944142100351086 0
5926 4.599452168547659 3.36046565599734 0
5927 2.933763668132026 1.176566515569985 0
5928 2.963001893096173 3.522174586499101 0
5929 3.094119667388729 1.851510960514274 0
5930 3.162232447556342 0.9630928858981374 0
5931 4.659615629323904 1.200826678101361 0
5932 3.641038692539445 2.643645246186674 0
5933 2.357490076720496 2.938477235919406 0
5934 3.209771804861288 0.9719933764142368 0
5935 3.878321932858986 3.336377510571483 0
5936 4.249124572870119 1.280317662635402 0
5937 4.254164938658592 1.315154638157976 0
5938 4.265874435618762 2.843186393396766 0
5939 4.710194363115482 2.367020312401286 0
5940 3.357149011350815 1.371376015863161 0
5941 3.006173061428144 2.042921199359819 0
5942 3.760988430956795 0.8098088939317793 0
5943 3.81765716015166 0.8230755412367984 0
5944 2.516738777953123 3.739694846856877 0
5945 2.463974640312803 3.73531309297134 0
5946 2.163470419250432 0.3476848570333262 0
5947 4.481096659955263 2.391099065725028 0
5948 4.465071680217916 2.410019723499788 0
5949 2.866286189526674 0.5387057196420195 0
5950 2.826693386486747 0.5838182586486032 0
5951 3.956841382433986 0.2965173008791093 0
5952 4.355495234847244 0.9973136566494051 0
5953 4.431316410138053 1.553415697535208 0
5954 4.448849111733444 1.570948399217482 0
5955 2.12005380093286 0.3226885131058996 0
5956 4.485682210952573 1.026134636084356 0
5957 3.036689609057064 2.04805057765055 0
5958 4.512298037235567 2.351689950131381 0
5959 4.497890246565744 2.371869316471242 0
5960 4.500629454583297 1.625484599088546 0
5961 4.515037245164581 1.645663965434518 0
5962 4.384384025872103 2.882800955291313 0
5963 4.157613215450438 1.377608921522518 0
5964 4.207820825489172 0.8028765149942134 0
5965 4.238912906057591 0.7562546957913524 0
5966 4.280124384685461 0.8160733009270698 0
5967 2.791297753430588 0.6264803651638495 0
5968 4.25783690961864 2.588690917332523 0
5969 4.305892448849596 2.566635884107606 0
5970 2.358889671799935 3.006131356521053 0
5971 3.404138098527219 2.449141822608125 0
5972 3.42561051983544 2.426121517453025 0
5973 4.980497129107023 1.536402687635682 0
5974 3.338415572530309 1.399181391252611 0
5975 3.155274386172015 1.662197028108892 0
5976 2.122005246639836 3.87934803147336 0
5977 4.473650113754202 2.435298337833271 0
5978 4.916070950427492 0.9018603809936154 0
5979 2.033546039350958 3.774043262981294 0
5980 5.046370316761646 2.26042098006912 0
5981 4.740888354947384 3.124141577905477 0
5982 4.786571162249702 3.201384292547675 0
5983 4.357162625605134 1.433469344650989 0
5984 4.379366820860881 1.448274085112304 0
5985 4.352616487180057 1.461502141892994 0
5986 3.300502236742215 3.927358764626425 0
5987 2.946922689055339 1.91922781543426 0
5988 4.746218066174787 2.169504098585445 0
5989 2.033546039350958 3.724043262981163 0
5990 2.679681221257042 2.004342240615449 0
5991 3.222572360089998 2.812280325470168 0
5992 2.036973935249338 0.5821303312899692 0
5993 2.231542591198133 1.010857767685482 0
5994 2.190578245446801 1.032048849340305 0
5995 3.583959100526347 3.37902143240278 0
5996 2.562291820098818 3.592757020110768 0
5997 2.891798315840538 2.849073269634177 0
5998 4.397616027491212 2.51025184718736 0
5999 2.260993134319094 1.055797969850945 0
6000 4.246344371794127 1.244374669118419 0
6001 4.62213165661684 3.468753031084238 0
6002 5.339704784391044 2.599396700255786 0
6003 5.260013126254659 2.515252194705406 0
6004 5.359552474325495 2.502810218916918 0
6005 4.564605822425213 2.261926608255494 0
6006 4.553715949749868 2.28420219882098 0
6007 4.583892693680681 2.214844743030173 0
6008 4.574879519166908 2.237943529628179 0
6009 4.572793109028298 1.760750392801075 0
6010 4.581806283462567 1.783849179324532 0
6011 4.395012523855066 1.493038008522527 0
6012 2.723396995969553 1.354669180747055 0
6013 4.53078940159687 1.674070731250323 0
6014 4.543481583422791 1.695370960769124 0
6015 3.471225551312463 1.357597622126248 0
6016 4.306371063814919 1.433879449500344 0
6017 4.208710422168549 1.392203162042409 0
6018 3.599151180828142 1.011893978124263 0
6019 4.645960547527555 1.120463141026824 0
6020 5.342368234103285 1.551823318703947 0
6021 3.844578504222735 3.396237239752162 0
6022 4.494103987111565 2.607151012578961 0
6023 4.468495777853833 2.564359533261131 0
6024 4.6198615810927 2.065830442285031 0
6025 4.616794624212808 2.090435015767059 0
6026 2.666669323459105 3.607683041336537 0
6027 2.685998699115481 3.665736499548992 0
6028 5.467372494313736 3.621703683460792 0
6029 5.46511126436258 0.3782299440591675 0
6030 5.248536752247544 1.773021720582273 0
6031 2.029733839524714 3.474999999998619 0
6032 3.504384733460451 1.310614651774122 0
6033 3.489940509902459 1.280901843446055 0
6034 3.115722054337099 2.442276014669649 0
6035 3.351298143350125 1.610575768841737 0
6036 3.375340899155407 1.613613536172791 0
6037 4.308992153239121 1.403720420073979 0
6038 4.307916537497815 1.374875962532253 0
6039 4.758986685438899 2.910523993610297 0
6040 3.259352002223061 0.9814772378315474 0
6041 3.305960934437198 0.9893678451563027 0
6042 3.102871903163656 3.326479763284034 0
6043 5.106934096308287 2.11268573806516 0
6044 2.926603102912065 3.680324228464876 0
6045 4.852669911796382 2.541898647410303 0
6046 4.93135863814431 2.537038949876226 0
6047 3.214414567295815 1.588691410856706 0
6048 3.053573544756744 2.021508925249959 0
6049 2.109754198052992 1.823187815853157 0
6050 3.792601739328648 1.183351660156845 0
6051 3.827853895247106 1.193377690481472 0
6052 4.640102208456152 2.109627269596691 0
6053 4.66496404594497 2.100106613873816 0
6054 4.615124366303112 2.117949007889392 0
6055 4.610036055032722 2.142216277089834 0
6056 3.989022848924109 0.8578103685918315 0
6057 4.045024701652838 0.8730290350309167 0
6058 5.172975104606507 1.951441786771698 0
6059 2.899467114309645 0.6408448687290618 0
6060 2.933723490015404 0.5971130755859879 0
6061 3.338313612775365 0.9541341257682243 0
6062 5.576166640655391 1.783769376762872 0
6063 5.471334170973419 1.753738583604144 0
6064 5.601752468781592 1.678179001125392 0
6065 3.679119063429565 1.152292415749844 0
6066 4.360539488952275 2.843473595611946 0
6067 3.402937303799755 0.496148163815206 0
6068 4.095519338830565 1.335271405976112 0
6069 3.178184828917379 2.805793692675681 0
6070 4.593443694647502 1.810947811544928 0
6071 4.600518601883888 1.834712006139536 0
6072 3.236181242389501 1.976229717387787 0
6073 3.409427962206431 2.398834864294764 0
6074 3.38439653571508 2.395599837562665 0
6075 4.538988600495312 2.35316250952967 0
6076 2.083657771467975 0.6139935186978251 0
6077 3.470927324326232 1.607726337613112 0
6078 3.458990790180435 1.631307761356577 0
6079 3.449667620226547 1.610175074274288 0
6080 2.321924192595185 2.45214213532252 0
6081 3.09838435161865 2.355651820654711 0
6082 3.083254492698728 2.327432466540951 0
6083 4.149873612387525 1.34787418156 0
6084 4.175649590395428 1.354243716746372 0
6085 3.187084715530474 3.284368565808916 0
6086 4.658648533802756 2.977166917809527 0
6087 4.693114168993219 3.053586282552311 0
6088 4.77163206889511 2.126738236238185 0
6089 4.333033381348513 1.416538372005314 0
6090 3.733397440212616 0.2517657120345113 0
6091 3.802306444212476 0.2792240001091069 0
6092 2.659874665984842 2.042910128393434 0
6093 2.678423327660107 2.068404445755711 0
6094 4.979248311656857 2.599201560913859 0
6095 4.937715074651355 2.689428808059213 0
6096 4.290233038049225 2.890674030592512 0
6097 4.244286046988113 2.889828634308509 0
6098 3.332198730237338 2.2914926846497 0
6099 3.345567414642505 2.270323256429461 0
6100 4.801966985125202 1.241007574955575 0
6101 2.641821582300153 1.34130483389981 0
6102 4.33570913201731 0.9291910757757751 0
6103 4.398542408474787 0.9448014468952357 0
6104 4.584706151786165 2.852091621174233 0
6105 2.231819107147081 2.065248413832036 0
6106 2.26911969698801 2.036601869538662 0
6107 3.289809248515054 1.875554643517676 0
6108 2.321261646487636 3.013260585006754 0
6109 2.314666642342527 3.064418355778511 0
6110 3.482576467442669 0.5708294824718294 0
6111 4.615184689679998 2.914011727040384 0
6112 2.347908741980957 2.417978594929179 0
6113 4.810688447223317 1.309152809829981 0
6114 4.567714331049796 2.306974987830804 0
6115 2.94747746566229 2.410203724117467 0
6116 4.338684300306007 0.1961163834073223 0
6117 2.117058558329528 0.5716302323519447 0
6118 3.632114728975376 0.7184990283202422 0
6119 4.436962091920726 2.670003206104552 0
6120 2.911930542616801 2.891177616284335 0
6121 4.379746021514178 2.554203050194159 0
6122 4.356914296183687 2.568914035054187 0
6123 4.583204123856294 1.742386013701213 0
6124 4.592137706468977 1.712886066281517 0
6125 3.04863323305554 2.389029184017287 0
6126 4.564782470820449 1.699282172146601 0
6127 3.981525106874599 1.266251063319992 0
6128 3.13392868362937 3.277966598155958 0
6129 4.81078665988346 1.381338920781469 0
6130 4.819575445557817 1.445095711060381 0
6131 3.623289855556721 2.979221592061688 0
6132 2.900282051324601 0.5008152033373479 0
6133 2.221291472720206 1.994274611878431 0
6134 2.201719329486074 2.032551687122948 0
6135 2.647922913016073 3.551959099636215 0
6136 2.593320299112829 3.546057905907869 0
6137 4.437543687592659 2.573770714602746 0
6138 3.649340319565599 2.561795938355698 0
6139 4.151153580793264 0.8025213811167915 0
6140 4.083940810450878 0.8379847884321117 0
6141 3.295686667539145 1.73108948042493 0
6142 4.663781275319525 2.442109371818973 0
6143 4.83468945423237 2.607410942895427 0
6144 4.957838389040347 3.203498489297885 0
6145 5.045831016126467 3.245708338717964 0
6146 4.50838427301559 0.2893424035568305 0
6147 4.32838202957072 2.58514874384389 0
6148 3.173785500784614 1.63597658914683 0
6149 3.069957506263821 2.295381900641944 0
6150 3.481199787782536 3.542878927421364 0
6151 4.622155248960196 1.961588041596879 0
6152 4.623179901051311 1.986361845155504 0
6153 2.846399773148739 0.633781411842281 0
6154 4.312739903075245 1.339703802817921 0
6155 3.336447898323586 1.700526979061626 0
6156 3.309900668628579 1.715677956685556 0
6157 3.328600324468602 1.852338401261695 0
6158 3.444292690015293 3.603539857051894 0
6159 4.611621781851248 2.210997506559851 0
6160 3.649227030808495 0.776711616932644 0
6161 3.70498034682883 0.7898586661628667 0
6162 3.340039449073368 1.748224801382878 0
6163 3.352070394104881 1.722517492325526 0
6164 3.485686644333351 1.585694642704317 0
6165 3.298300716823936 3.843220375709768 0
6166 3.400158767230938 1.615952644527884 0
6167 3.878973492114013 0.3033028144774997 0
6168 3.520840664774826 1.339096235544747 0
6169 4.846781958693604 2.086563524657011 0
6170 4.850912850790777 2.039732487036454 0
6171 4.881109401206032 2.057989191270541 0
6172 4.692912256439044 2.912497074789028 0
6173 3.355525497907656 2.439479897704917 0
6174 3.359159166927671 2.39368457513943 0
6175 3.370519594350734 2.419855335760308 0
6176 4.403735022926632 2.564993892594989 0
6177 3.002735109709904 3.474645212439454 0
6178 4.646818943122042 1.999871029781246 0
6179 4.675651249705659 1.982387960560335 0
6180 4.676110390725079 2.009535300030572 0
6181 3.228689465494122 2.611444947757118 0
6182 4.615248554382035 1.911091571192393 0
6183 4.618315511240652 1.935696144541501 0
6184 5.591892441977763 2.175946404200928 0
6185 2.778588750052132 1.393525985018299 0
6186 2.956728904741373 1.948035530973002 0
6187 3.054445831073697 2.267530315189255 0
6188 3.438482292079209 0.4507598241979834 0
6189 3.937857863541417 1.291975793247454 0
6190 2.848216263927063 1.236053411939061 0
6191 2.189509445412681 1.076768684187358 0
6192 4.175882510367359 2.646441033867075 0
6193 4.203661123574411 2.633370722237268 0
6194 4.196458895704606 2.660337996634173 0
6195 3.427000022925795 1.615852321131683 0
6196 5.367357704077468 1.769366000566195 0
6197 5.326927391017293 1.862984679257701 0
6198 3.129968248714257 2.411935335941014 0
6199 3.114612860227532 2.383612493817469 0
6200 4.304633655815648 2.597409252018608 0
6201 3.876170308300062 0.8320401987993635 0
6202 3.930885627648046 0.8466165501514871 0
6203 3.77931806232181 3.595443851973354 0
6204 4.465357456835394 2.637859680646001 0
6205 2.271044713655805 2.000867457181042 0
6206 4.644525275253654 2.05456582336292 0
6207 4.812427432899316 1.951255740889807 0
6208 4.757057071972245 1.956767711211361 0
6209 2.592980152665357 1.401527709213484 0
6210 2.111945898571861 1.321005061551217 0
6211 5.068833818688916 2.392248820647749 0
6212 5.040692775179952 2.461500298027675 0
6213 5.201795016668569 2.126331365655011 0
6214 5.170885342951212 2.202773929450554 0
6215 4.875058980721985 1.333110403194676 0
6216 3.670139567531288 0.2267068126422167 0
6217 5.399915389212994 2.683463712994524 0
6218 5.008323797426983 2.532379224075023 0
6219 2.1549812167674 1.335288327208148 0
6220 5.247794615127162 2.905130328043351 0
6221 5.211788047857933 2.98976861950241 0
6222 2.964480784916137 2.377164982505653 0
6223 2.746875001909229 0.2183253856614934 0
6224 3.195035330330148 1.614795081238486 0
6225 5.091629921308737 3.147527408060056 0
6226 2.201830258124921 2.85833587860384 0
6227 4.590021345715256 2.258852882827049 0
6228 3.326662870522228 0.9158576470976429 0
6229 3.371327456560993 0.9236581076362229 0
6230 3.974046584900467 0.8027909060487921 0
6231 4.399293274678104 2.535744248613663 0
6232 5.564119244651875 2.562541523141606 0
6233 5.456661746810569 2.475541749043573 0
6234 4.585289448122738 2.329506624977976 0
6235 4.571349649189109 2.357284532819995 0
6236 4.344986385449367 0.8230651738729071 0
6237 4.944166986902692 1.365872033695723 0
6238 3.147376994887352 2.440915433076718 0
6239 3.535270651161573 1.365366029091365 0
6240 3.565564843745019 1.36898160084403 0
6241 4.869568524100392 2.65957437041217 0
6242 4.204626697053133 1.362165361073352 0
6243 4.229947925763341 1.370390066406871 0
6244 3.380732903199841 0.2437803094959269 0
6245 3.455848709833683 0.2563384048816361 0
6246 3.588557882115471 0.2227895621541319 0
6247 4.638062815523204 1.793122013726677 0
6248 4.654324973696063 1.822796920804386 0
6249 4.721557797585918 1.950502253239322 0
6250 3.232140935364181 1.947713601587349 0
6251 3.082084799555121 2.385335244371187 0
6252 4.548985138631283 1.718342776497133 0
6253 4.559875011200944 1.740618366974471 0
6254 4.25302140243542 1.351862423961685 0
6255 4.281322140446086 1.326664796681847 0
6256 4.693236087106946 1.964516265517087 0
6257 4.709851187384169 1.922966287946747 0
6258 4.279296221462522 2.604567595353108 0
6259 4.254989055986638 2.614362120403308 0
6260 3.841901866877153 3.579543472020273 0
6261 2.190434107107666 1.530829282846519 0
6262 4.33703078328686 3.314938516834889 0
6263 2.350753912685855 3.862227656359563 0
6264 2.345248187808999 3.807501534398916 0
6265 2.915791268002826 0.5532287890223629 0
6266 2.967719351813331 0.5592225592813163 0
6267 2.113977566641322 2.083057790844157 0
6268 2.11334480795612 2.127507343372215 0
6269 4.192365059421133 0.8623399862525088 0
6270 3.597315748977686 1.372821844810327 0
6271 3.584126428808149 1.346732115007946 0
6272 4.469465059883764 1.569222195478703 0
6273 4.462050295488813 1.591904854301037 0
6274 4.607759632868582 1.789616671748212 0
6275 4.210915161729575 0.9104041409775525 0
6276 4.270847131253404 0.9221992028299375 0
6277 4.668718014050993 2.072091286715902 0
6278 4.691909593630117 2.090084623115361 0
6279 3.456843588440157 0.5141007181627453 0
6280 3.518121455722124 0.5254411428546069 0
6281 4.478075275029173 1.610825511976185 0
6282 3.983370585724821 2.665837403022434 0
6283 3.409527478465119 3.666933055060055 0
6284 2.332448368064417 2.980199956001709 0
6285 4.626388428398295 1.84258424368736 0
6286 2.152268809020798 1.836328319580844 0
6287 2.231675183008054 1.091781019245545 0
6288 4.597322766046503 2.305367598601537 0
6289 2.613371087061656 1.370390553143692 0
6290 2.657212460221246 1.374833686556187 0
6291 2.707495950942047 2.06610768249137 0
6292 4.124068921673056 1.344628434422161 0
6293 3.906047181431324 2.649692117663788 0
6294 2.565454179574265 3.739608479312182 0
6295 2.531476613758013 3.787309201149832 0
6296 4.671470822938801 2.044543832604465 0
6297 3.162445581658476 2.469715689589883 0
6298 4.398868085846212 1.467145937817835 0
6299 4.801974825958577 2.663124026592536 0
6300 4.772085207769484 2.721653753627715 0
6301 4.959865363700708 3.042034713577152 0
6302 4.918180731912464 3.123133114121226 0
6303 4.313894304880947 0.8696869930757682 0
6304 2.245627562077877 2.866743304105757 0
6305 4.744456895014181 2.786707887404288 0
6306 4.71552284131614 2.847368802841154 0
6307 2.736439940192414 1.387506702015991 0
6308 5.054261096480605 3.052036003833007 0
6309 2.157050220641082 2.142972069946715 0
6310 2.185576679668657 2.104383153539505 0
6311 2.698705899682605 1.378585488581241 0
6312 3.503735792360917 1.361570393594462 0
6313 2.081053283869271 3.883257103444461 0
6314 2.079527258503723 0.1123577322947566 0
6315 4.202598693038126 2.87854332627149 0
6316 4.636030069703304 1.894696539803183 0
6317 4.661316358040842 1.848665860523138 0
6318 4.624531749672824 2.234392463907752 0
6319 3.325825447983934 1.763636325122253 0
6320 3.31684710117081 1.741001212038115 0
6321 4.871582129598016 3.19712823144116 0
6322 5.0885824486925 2.523662909065309 0
6323 5.180558431382838 2.532311329531118 0
6324 4.228883626527208 2.622876563693544 0
6325 2.577589274744263 1.367998856557107 0
6326 2.690432145805552 2.09752175010684 0
6327 4.432114190669818 0.2558638709163333 0
6328 3.307483753224438 1.863824429903233 0
6329 4.096781705927186 0.8970290989738918 0
6330 3.521918879177239 0.2426225079934004 0
6331 2.157374716710319 1.560777441480313 0
6332 3.380762866695065 2.441395160128152 0
6333 4.154247917033668 0.9100490071001306 0
6334 4.461677999286623 0.9623424530327429 0
6335 4.301785802183645 2.623080455089393 0
6336 3.826897767673896 1.363244473536933 0
6337 4.755891287396614 1.723409370974448 0
6338 2.687216596760747 0.2123317373666909 0
6339 2.114248595158803 0.0769555806517785 0
6340 2.11424859515853 3.923044419348032 0
6341 3.266583781060519 3.781462882576841 0
6342 3.199259693310343 3.777161292366904 0
6343 3.195938598781425 2.522786372424916 0
6344 3.181601710478959 2.493059067281433 0
6345 4.159885820675532 2.881103448400953 0
6346 5.086852013451145 0.844099673606562 0
6347 3.202586008819154 2.549377665944778 0
6348 4.64252006438308 1.946831793255631 0
6349 4.401193661766465 3.303166995493409 0
6350 4.826199078352915 1.673054906047587 0
6351 3.964784731639961 2.685353307335342 0
6352 3.9541830264064 2.659832540408015 0
6353 3.928214647617135 2.65676625920636 0
6354 4.335665963599702 2.883359149360135 0
6355 5.25889070903645 1.93831343315828 0
6356 4.81753723703605 1.508636532758516 0
6357 4.822459826602047 1.566976177259312 0
6358 4.873118984860361 1.468837335844299 0
6359 4.928854982685998 1.437540222045837 0
6360 4.926816774164231 1.501081043743971 0
6361 3.964586852999925 1.286271093711513 0
6362 5.39294353220367 1.663775624928715 0
6363 2.155476902007649 2.071686426830416 0
6364 3.218175968866479 2.57865324975648 0
6365 5.223759374455588 2.023114820656199 0
6366 5.1139421252424 2.255435272286666 0
6367 4.981720361028672 0.9363952491428175 0
6368 4.896961096296421 0.9777135758236836 0
6369 2.19596834629334 2.07014822346332 0
6370 4.613897600845448 2.254565211588535 0
6371 4.603623904103753 2.27854829021585 0
6372 5.084288019413118 2.326727950495083 0
6373 4.907968643392589 1.060019335014917 0
6374 5.287710621098513 2.113203012041593 0
6375 3.991177805365613 1.284612987057252 0
6376 4.924761131281386 1.567699801434144 0
6377 5.136405627169671 2.387263112865295 0
6378 4.98310635427622 1.086577262428599 0
6379 5.20040612131729 2.435724848192249 0
6380 4.66394463950391 1.95485199526776 0
6381 5.146822735228829 0.9161471812888078 0
6382 5.263492768747807 0.9255964321339294 0
6383 3.195251374854263 2.603917152228814 0
6384 4.638134308061321 2.254087871296552 0
6385 4.818781371295574 1.620859045888051 0
6386 5.060800936937428 0.9325895619949951 0
6387 4.867402321032122 1.586261026171172 0
6388 5.508197460192156 2.691392890189925 0
6389 5.041691082806357 1.008442756825063 0
6390 5.249156872686066 3.08526002372946 0
6391 5.141454026434547 3.070060039915113 0
6392 4.660104901784367 1.928960098212382 0
6393 4.803375597174989 2.11174579856558 0
6394 4.679336076930422 1.914538079355493 0
6395 4.686157035688685 2.403496557469661 0
6396 4.655261244849361 1.880274520946293 0
6397 4.657911501809592 1.906517877343364 0
6398 4.830590769692277 2.007870650201862 0
$EndNodes
$Elements
3276
1 8 2 5 1 1 11 20
2 8 2 5 1 11 12 21
3 8 2 5 1 12 13 22
4 8 2 5 1 13 14 23
5 8 2 5 1 14 15 24
6 8 2 5 1 15 16 25
7 8 2 5 1 16 17 26
8 8 2 5 1 17 18 27
9 8 2 5 1 18 19 28
10 8 2 5 1 19 2 29
11 8 2 5 2 2 30 48
12 8 2 5 2 30 31 49
13 8 2 5 2 31 32 50
14 8 2 5 2 32 33 51
15 8 2 5 2 33 34 52
16 8 2 5 2 34 35 53
17 8 2 5 2 35 36 54
18 8 2 5 2 36 37 55
19 8 2 5 2 37 38 56
20 8 2 5 2 38 39 57
21 8 2 5 2 39 40 58
22 8 2 5 2 40 41 59
23 8 2 5 2 41 42 60
24 8 2 5 2 42 43 61
25 8 2 5 2 43 44 62
26 8 2 5 2 44 45 63
27 8 2 5 2 45 46 64
28 8 2 5 2 46 47 65
29 8 2 5 2 47 3 66
30 8 2 4 3 3 67 76
31 8 2 4 3 67 68 77
32 8 2 4 3 68 69 78
33 8 2 4 3 69 70 79
34 8 2 4 3 70 71 80
35 8 2 4 3 71 72 81
36 8 2 4 3 72 73 82
37 8 2 4 3 73 74 83
38 8 2 4 3 74 75 84
39 8 2 4 3 75 4 85
40 8 2 6 4 4 86 104
41 8 2 6 4 86 87 105
42 8 2 6 4 87 88 106
43 8 2 6 4 88 89 107
44 8 2 6 4 89 90 108
45 8 2 6 4 90 91 109
46 8 2 6 4 91 92 110
47 8 2 6 4 92 93 111
48 8 2 6 4 93 94 112
49 8 2 6 4 94 95 113
50 8 2 6 4 95 96 114
51 8 2 6 4 96 97 115
52 8 2 6 4 97 98 116
53 8 2 6 4 98 99 117
54 8 2 6 4 99 100 118
55 8 2 6 4 100 101 119
56 8 2 6 4 101 102 120
57 8 2 6 4 102 103 121
58 8 2 6 4 103 5 122
59 8 2 6 5 5 123 132
60 8 2 6 5 123 124 133
61 8 2 6 5 124 125 134
62 8 2 6 5 125 126 135
63 8 2 6 5 126 127 136
64 8 2 6 5 127 128 137
65 8 2 6 5 128 129 138
66 8 2 6 5 129 130 139
67 8 2 6 5 130 131 140
68 8 2 6 5 131 6 141
69 8 2 3 6 6 142 151
70 8 2 3 6 142 143 152
71 8 2 3 6 143 144 153
72 8 2 3 6 144 145 154
73 8 2 3 6 145 146 155
74 8 2 3 6 146 147 156
75 8 2 3 6 147 148 157
76 8 2 3 6 148 149 158
77 8 2 3 6 149 150 159
78 8 2 3 6 150 1 160
79 8 2 7 8 240 7 258
80 8 2 7 8 241 240 259
81 8 2 7 8 242 241 260
82 8 2 7 8 243 242 261
83 8 2 7 8 244 243 262
84 8 2 7 8 245 244 263
85 8 2 7 8 246 245 264
86 8 2 7 8 247 246 265
87 8 2 7 8 248 247 266
88 8 2 7 8 249 248 267
89 8 2 7 8 250 249 268
90 8 2 7 8 251 250 269
91 8 2 7 8 252 251 270
92 8 2 7 8 253 252 271
93 8 2 7 8 254 253 272
94 8 2 7 8 255 254 273
95 8 2 7 8 256 255 274
96 8 2 7 8 257 256 275
97 8 2 7 8 8 257 276
98 8 2 7 9 277 8 295
99 8 2 7 9 278 277 296
100 8 2 7 9 279 278 297
101 8 2 7 9 280 279 298
102 8 2 7 9 281 280 299
103 8 2 7 9 282 281 300
104 8 2 7 9 283 282 301
105 8 2 7 9 284 283 302
106 8 2 7 9 285 284 303
107 8 2 7 9 286 285 304
108 8 2 7 9 287 286 305
109 8 2 7 9 288 287 306
110 8 2 7 9 289 288 307
111 8 2 7 9 290 289 308
112 8 2 7 9 291 290 309
113 8 2 7 9 292 291 310
114 8 2 7 9 293 292 311
115 8 2 7 9 294 293 312
116 8 2 7 9 9 294 313
117 8 2 7 10 314 9 332
118 8 2 7 10 315 314 333
119 8 2 7 10 316 315 334
120 8 2 7 10 317 316 335
121 8 2 7 10 318 317 336
122 8 2 7 10 319 318 337
123 8 2 7 10 320 319 338
124 8 2 7 10 321 320 339
125 8 2 7 10 322 321 340
126 8 2 7 10 323 322 341
127 8 2 7 10 324 323 342
128 8 2 7 10 325 324 343
129 8 2 7 10 326 325 344
130 8 2 7 10 327 326 345
131 8 2 7 10 328 327 346
132 8 2 7 10 329 328 347
133 8 2 7 10 330 329 348
134 8 2 7 10 331 330 349
135 8 2 7 10 10 331 350
136 8 2 7 11 351 10 369
137 8 2 7 11 352 351 370
138 8 2 7 11 353 352 371
139 8 2 7 11 354 353 372
140 8 2 7 11 355 354 373
141 8 2 7 11 356 355 374
142 8 2 7 11 357 356 375
143 8 2 7 11 358 357 376
144 8 2 7 11 359 358 377
145 8 2 7 11 360 359 378
146 8 2 7 11 361 360 379
147 8 2 7 11 362 361 380
148 8 2 7 11 363 362 381
149 8 2 7 11 364 363 382
150 8 2 7 11 365 364 383
151 8 2 7 11 366 365 384
152 8 2 7 11 367 366 385
153 8 2 7 11 368 367 386
154 8 2 7 11 7 368 387
155 9 2 1 30 500 412 596 623 624 625
156 9 2 1 30 405 493 551 626 627 628
157 9 2 1 30 543 407 557 629 630 631
158 9 2 1 30 485 413 580 632 633 634
159 9 2 1 30 445 520 544 635 636 637
160 9 2 1 30 493 405 513 626 638 639
161 9 2 1 30 398 482 604 640 641 642
162 9 2 1 30 482 398 595 640 643 644
163 9 2 1 30 494 400 524 645 646 647
164 9 2 1 30 416 414 514 648 649 650
165 9 2 1 30 537 524 569 651 652 653
166 9 2 1 30 557 407 558 630 654 655
167 9 2 1 30 517 518 566 656 657 658
168 9 2 1 30 476 518 520 659 660 661
169 9 2 1 30 511 402 541 662 663 664
170 9 2 1 30 498 462 611 665 666 667
171 9 2 1 30 447 537 569 668 653 669
172 9 2 1 30 479 458 501 670 671 672
173 9 2 1 30 451 462 498 673 665 674
174 9 2 1 30 401 515 586 675 676 677
175 9 2 1 30 476 520 563 661 678 679
176 9 2 1 30 412 510 596 680 681 624
177 9 2 1 30 400 507 524 682 683 646
178 9 2 1 30 479 501 529 672 684 685
179 9 2 1 30 468 491 594 686 687 688
180 9 2 1 30 494 524 537 647 651 689
181 9 2 1 30 425 423 503 690 691 692
182 9 2 1 30 462 484 611 693 694 666
183 9 2 1 30 413 485 565 632 695 696
184 9 2 1 30 413 143 580 697 698 633
185 9 2 1 30 556 555 583 699 700 701
186 9 2 1 30 527 392 559 702 703 704
187 9 2 1 30 414 416 591 648 705 706
188 9 2 1 30 553 389 594 707 708 709
189 9 2 1 30 418 474 515 710 711 712
190 9 2 1 30 518 476 566 659 713 657
191 9 2 1 30 491 553 594 714 709 687
192 9 2 1 30 538 398 604 715 642 716
193 9 2 1 30 503 423 597 691 717 718
194 9 2 1 30 401 147 515 719 720 675
195 9 2 1 30 493 468 594 721 688 722
196 9 2 1 30 459 572 606 723 724 725
197 9 2 1 30 554 577 583 726 727 728
198 9 2 1 30 533 547 575 729 730 731
199 9 2 1 30 544 520 545 636 732 733
200 9 2 1 30 596 410 604 734 735 736
201 9 2 1 30 572 569 606 737 738 724
202 9 2 1 30 540 511 541 739 664 740
203 9 2 1 30 529 542 593 741 742 743
204 9 2 1 30 499 546 615 744 745 746
205 9 2 1 30 543 527 559 747 704 748
206 9 2 1 30 467 505 506 749 750 751
207 9 2 1 30 409 418 515 752 712 753
208 9 2 1 30 555 406 583 754 755 700
209 9 2 1 30 409 416 417 756 757 758
210 9 2 1 30 400 145 507 759 760 682
211 9 2 1 30 546 499 574 744 761 762
212 9 2 1 30 553 491 588 714 763 764
213 9 2 1 30 412 500 576 623 765 766
214 9 2 1 30 520 445 563 635 767 678
215 9 2 1 30 18 19 510 28 768 769
216 9 2 1 30 467 466 505 770 771 749
217 9 2 1 30 490 465 492 772 773 774
218 9 2 1 30 437 435 490 775 776 777
219 9 2 1 30 443 440 509 778 779 780
220 9 2 1 30 406 554 583 781 728 755
221 9 2 1 30 486 461 487 782 783 784
222 9 2 1 30 418 417 419 785 786 787
223 9 2 1 30 495 455 496 788 789 790
224 9 2 1 30 513 405 549 638 791 792
225 9 2 1 30 567 506 618 793 794 795
226 9 2 1 30 422 421 423 796 797 798
227 9 2 1 30 548 513 549 799 792 800
228 9 2 1 30 433 431 486 801 802 803
229 9 2 1 30 420 419 421 804 805 806
230 9 2 1 30 469 468 493 807 721 808
231 9 2 1 30 507 401 508 809 810 811
232 9 2 1 30 466 498 499 812 813 814
233 9 2 1 30 423 424 448 815 816 817
234 9 2 1 30 448 449 466 818 819 820
235 9 2 1 30 429 427 495 821 822 823
236 9 2 1 30 533 512 547 824 825 729
237 9 2 1 30 454 453 471 826 827 828
238 9 2 1 30 462 463 481 829 830 831
239 9 2 1 30 130 502 521 832 833 834
240 9 2 1 30 483 463 531 835 836 837
241 9 2 1 30 458 454 501 838 839 671
242 9 2 1 30 435 433 465 840 841 842
243 9 2 1 30 501 471 533 843 844 845
244 9 2 1 30 431 429 461 846 847 848
245 9 2 1 30 427 425 455 849 850 851
246 9 2 1 30 433 486 607 803 852 853
247 9 2 1 30 400 494 579 645 854 855
248 9 2 1 30 521 502 522 833 856 857
249 9 2 1 30 439 437 468 858 859 860
250 9 2 1 30 486 487 489 784 861 862
251 9 2 1 30 435 465 490 842 772 776
252 9 2 1 30 446 443 453 863 864 865
253 9 2 1 30 501 533 598 845 866 867
254 9 2 1 30 419 417 464 786 868 869
255 9 2 1 30 451 456 462 870 871 673
256 9 2 1 30 484 481 504 872 873 874
257 9 2 1 30 454 471 501 828 843 839
258 9 2 1 30 439 468 469 860 807 875
259 9 2 1 30 528 567 618 876 795 877
260 9 2 1 30 446 453 454 865 826 878
261 9 2 1 30 431 461 486 848 782 802
262 9 2 1 30 600 530 610 879 880 881
263 9 2 1 30 409 149 416 882 883 756
264 9 2 1 30 561 408 618 884 885 886
265 9 2 1 30 409 417 418 758 785 752
266 9 2 1 30 129 130 521 139 834 887
267 9 2 1 30 525 403 532 888 889 890
268 9 2 1 30 388 512 548 891 892 893
269 9 2 1 30 477 458 479 894 670 895
270 9 2 1 30 422 423 425 798 690 896
271 9 2 1 30 427 455 495 851 788 822
272 9 2 1 30 517 397 518 897 898 656
273 9 2 1 30 449 451 498 899 674 900
274 9 2 1 30 420 421 422 806 796 901
275 9 2 1 30 466 449 498 819 900 812
276 9 2 1 30 128 397 517 902 897 903
277 9 2 1 30 418 419 420 787 804 904
278 9 2 1 30 462 456 463 871 905 829
279 9 2 1 30 448 466 467 820 770 906
280 9 2 1 30 126 403 525 907 888 908
281 9 2 1 30 423 421 424 797 909 815
282 9 2 1 30 448 424 449 816 910 818
283 9 2 1 30 546 550 615 911 912 745
284 9 2 1 30 481 463 482 830 913 914
285 9 2 1 30 466 499 505 814 915 771
286 9 2 1 30 471 478 512 916 917 918
287 9 2 1 30 543 557 564 631 919 920
288 9 2 1 30 437 490 614 777 921 922
289 9 2 1 30 487 461 488 783 923 924
290 9 2 1 30 496 455 497 789 925 926
291 9 2 1 30 477 479 511 895 927 928
292 9 2 1 30 463 456 531 905 929 836
293 9 2 1 30 443 509 617 780 930 931
294 9 2 1 30 500 596 604 625 736 932
295 9 2 1 30 388 548 549 893 800 933
296 9 2 1 30 429 495 613 823 934 935
297 9 2 1 30 411 540 570 936 937 938
298 9 2 1 30 525 532 539 890 939 940
299 9 2 1 30 479 529 593 685 743 941
300 9 2 1 30 465 433 607 841 853 942
301 9 2 1 30 462 481 484 831 872 693
302 9 2 1 30 512 388 547 891 943 825
303 9 2 1 30 146 401 507 944 809 945
304 9 2 1 30 417 416 514 757 650 946
305 9 2 1 30 487 488 556 924 947 948
306 9 2 1 30 507 508 524 811 949 683
307 9 2 1 30 414 12 536 950 951 952
308 9 2 1 30 469 493 513 808 639 953
309 9 2 1 30 142 143 413 152 697 954
310 9 2 1 30 148 149 409 158 882 955
311 9 2 1 30 471 453 478 827 956 916
312 9 2 1 30 495 496 564 790 957 958
313 9 2 1 30 568 399 578 959 960 961
314 9 2 1 30 457 454 458 962 838 963
315 9 2 1 30 475 458 477 964 894 965
316 9 2 1 30 412 18 510 966 769 680
317 9 2 1 30 144 145 400 154 759 967
318 9 2 1 30 146 147 401 156 719 944
319 9 2 1 30 419 464 530 869 968 969
320 9 2 1 30 445 443 446 970 863 971
321 9 2 1 30 496 497 527 926 972 973
322 9 2 1 30 421 419 619 805 974 975
323 9 2 1 30 149 150 416 159 976 883
324 9 2 1 30 438 437 439 977 858 978
325 9 2 1 30 436 435 437 979 775 980
326 9 2 1 30 482 483 500 981 982 983
327 9 2 1 30 455 425 503 850 692 984
328 9 2 1 30 393 599 615 985 986 987
329 9 2 1 30 506 561 618 988 886 794
330 9 2 1 30 551 493 594 627 722 989
331 9 2 1 30 491 468 614 686 990 991
332 9 2 1 30 148 409 515 955 753 992
333 9 2 1 30 449 450 451 993 994 899
334 9 2 1 30 451 452 456 995 996 870
335 9 2 1 30 520 519 545 997 998 732
336 9 2 1 30 423 448 597 817 999 717
337 9 2 1 30 411 525 539 1000 940 1001
338 9 2 1 30 434 433 435 1002 840 1003
339 9 2 1 30 432 431 433 1004 801 1005
340 9 2 1 30 461 429 613 847 935 1006
341 9 2 1 30 407 543 559 629 748 1007
342 9 2 1 30 426 425 427 1008 849 1009
343 9 2 1 30 430 429 431 1010 846 1011
344 9 2 1 30 428 427 429 1012 821 1013
345 9 2 1 30 442 440 443 1014 778 1015
346 9 2 1 30 481 482 595 914 644 1016
347 9 2 1 30 126 127 403 136 1017 907
348 9 2 1 30 13 14 396 23 1018 1019
349 9 2 1 30 467 506 567 751 793 1020
350 9 2 1 30 464 514 516 1021 1022 1023
351 9 2 1 30 15 16 399 25 1024 1025
352 9 2 1 30 128 129 397 138 1026 902
353 9 2 1 30 145 146 507 155 945 760
354 9 2 1 30 540 415 570 1027 1028 937
355 9 2 1 30 396 14 523 1018 1029 1030
356 9 2 1 30 124 125 411 134 1031 1032
357 9 2 1 30 17 18 412 27 966 1033
358 9 2 1 30 399 16 526 1024 1034 1035
359 9 2 1 30 531 568 578 1036 961 1037
360 9 2 1 30 592 413 616 1038 1039 1040
361 9 2 1 30 15 399 523 1025 1041 1042
362 9 2 1 30 403 517 566 1043 658 1044
363 9 2 1 30 487 556 583 948 701 1045
364 9 2 1 30 396 523 562 1030 1046 1047
365 9 2 1 30 510 19 603 768 1048 1049
366 9 2 1 30 530 464 610 968 1050 880
367 9 2 1 30 14 15 523 24 1042 1029
368 9 2 1 30 17 412 526 1033 1051 1052
369 9 2 1 30 416 150 591 976 1053 705
370 9 2 1 30 527 497 528 972 1054 1055
371 9 2 1 30 16 17 526 26 1052 1034
372 9 2 1 30 391 556 557 1056 1057 1058
373 9 2 1 30 556 488 557 947 1059 1057
374 9 2 1 30 11 12 414 21 950 1060
375 9 2 1 30 130 131 502 140 1061 832
376 9 2 1 30 440 439 509 1062 1063 779
377 9 2 1 30 147 148 515 157 992 720
378 9 2 1 30 419 530 619 969 1064 974
379 9 2 1 30 446 454 457 878 962 1065
380 9 2 1 30 471 512 533 918 824 844
381 9 2 1 30 532 477 539 1066 1067 939
382 9 2 1 30 468 437 614 859 922 990
383 9 2 1 30 453 443 617 864 931 1068
384 9 2 1 30 536 396 622 1069 1070 1071
385 9 2 1 30 560 609 618 1072 1073 1074
386 9 2 1 30 502 592 616 1075 1040 1076
387 9 2 1 30 512 478 548 917 1077 892
388 9 2 1 30 457 458 475 963 964 1078
389 9 2 1 30 439 469 509 875 1079 1063
390 9 2 1 30 415 540 541 1027 740 1080
391 9 2 1 30 402 511 593 662 1081 1082
392 9 2 1 30 482 463 483 913 835 981
393 9 2 1 30 464 417 514 868 946 1021
394 9 2 1 30 124 411 570 1032 938 1083
395 9 2 1 30 506 505 599 750 1084 1085
396 9 2 1 30 442 443 445 1015 970 1086
397 9 2 1 30 397 129 521 1026 887 1087
398 9 2 1 30 446 457 563 1065 1088 1089
399 9 2 1 30 438 439 440 978 1062 1090
400 9 2 1 30 449 424 450 910 1091 993
401 9 2 1 30 436 437 438 980 977 1092
402 9 2 1 30 127 128 517 137 903 1093
403 9 2 1 30 125 126 525 135 908 1094
404 9 2 1 30 475 477 532 965 1066 1095
405 9 2 1 30 456 470 531 1096 1097 929
406 9 2 1 30 514 414 620 649 1098 1099
407 9 2 1 30 142 413 592 954 1038 1100
408 9 2 1 30 505 499 615 915 746 1101
409 9 2 1 30 12 13 536 22 1102 951
410 9 2 1 30 456 452 470 996 1103 1096
411 9 2 1 30 451 450 452 994 1104 995
412 9 2 1 30 392 527 609 702 1105 1106
413 9 2 1 30 422 425 426 896 1008 1107
414 9 2 1 30 434 435 436 1003 979 1108
415 9 2 1 30 460 537 571 1109 1110 1111
416 9 2 1 30 399 526 578 1035 1112 960
417 9 2 1 30 530 450 619 1113 1114 1064
418 9 2 1 30 508 401 621 810 1115 1116
419 9 2 1 30 418 420 474 904 1117 710
420 9 2 1 30 450 530 600 1113 879 1118
421 9 2 1 30 411 539 540 1001 1119 936
422 9 2 1 30 490 492 601 774 1120 1121
423 9 2 1 30 414 536 620 952 1122 1098
424 9 2 1 30 389 551 594 1123 989 708
425 9 2 1 30 432 433 434 1005 1002 1124
426 9 2 1 30 430 431 432 1011 1004 1125
427 9 2 1 30 529 394 587 1126 1127 1128
428 9 2 1 30 497 455 503 925 984 1129
429 9 2 1 30 489 487 583 861 1045 1130
430 9 2 1 30 428 429 430 1013 1010 1131
431 9 2 1 30 410 538 604 1132 716 735
432 9 2 1 30 515 474 586 711 1133 676
433 9 2 1 30 426 427 428 1009 1012 1134
434 9 2 1 30 509 469 582 1079 1135 1136
435 9 2 1 30 477 511 539 928 1137 1067
436 9 2 1 30 518 519 520 1138 997 660
437 9 2 1 30 457 476 563 1139 679 1088
438 9 2 1 30 524 508 569 949 1140 652
439 9 2 1 30 144 400 580 967 1141 1142
440 9 2 1 30 577 489 583 1143 1130 727
441 9 2 1 30 473 545 565 1144 1145 1146
442 9 2 1 30 474 534 535 1147 1148 1149
443 9 2 1 30 162 163 410 202 1150 1151
444 9 2 1 30 391 557 558 1058 655 1152
445 9 2 1 30 519 522 545 1153 1154 998
446 9 2 1 30 545 522 565 1154 1155 1145
447 9 2 1 30 542 529 587 741 1128 1156
448 9 2 1 30 474 420 534 1117 1157 1147
449 9 2 1 30 516 536 622 1158 1071 1159
450 9 2 1 30 163 164 538 203 1160 1161
451 9 2 1 30 198 199 415 238 1162 1163
452 9 2 1 30 197 198 541 237 1164 1165
453 9 2 1 30 196 197 402 236 1166 1167
454 9 2 1 30 539 511 540 1137 739 1119
455 9 2 1 30 164 165 398 204 1168 1169
456 9 2 1 30 195 196 542 235 1170 1171
457 9 2 1 30 420 422 534 901 1172 1157
458 9 2 1 30 523 399 568 1041 959 1173
459 9 2 1 30 422 426 534 1107 1174 1172
460 9 2 1 30 599 505 615 1084 1101 986
461 9 2 1 30 1 11 591 20 1175 1176
462 9 2 1 30 131 6 592 141 1177 1178
463 9 2 1 30 193 194 394 233 1179 1180
464 9 2 1 30 495 564 613 958 1181 934
465 9 2 1 30 496 527 543 973 747 1182
466 9 2 1 30 460 494 537 1183 689 1109
467 9 2 1 30 497 503 567 1129 1184 1185
468 9 2 1 30 167 168 395 207 1186 1187
469 9 2 1 30 123 124 570 133 1083 1188
470 9 2 1 30 445 446 563 971 1089 767
471 9 2 1 30 190 191 388 230 1189 1190
472 9 2 1 30 191 192 547 231 1191 1192
473 9 2 1 30 483 531 578 837 1037 1193
474 9 2 1 30 189 190 549 229 1194 1195
475 9 2 1 30 168 169 546 208 1196 1197
476 9 2 1 30 492 465 584 773 1198 1199
477 9 2 1 30 442 445 544 1086 637 1200
478 9 2 1 30 188 189 405 228 1201 1202
479 9 2 1 30 150 1 591 160 1176 1053
480 9 2 1 30 6 142 592 151 1100 1177
481 9 2 1 30 550 393 615 1203 987 912
482 9 2 1 30 169 170 550 209 1204 1205
483 9 2 1 30 187 188 551 227 1206 1207
484 9 2 1 30 441 440 442 1208 1014 1209
485 9 2 1 30 522 502 616 856 1076 1210
486 9 2 1 30 143 144 580 153 1142 698
487 9 2 1 30 186 187 389 226 1211 1212
488 9 2 1 30 394 533 575 1213 731 1214
489 9 2 1 30 185 186 553 225 1215 1216
490 9 2 1 30 184 185 404 224 1217 1218
491 9 2 1 30 183 184 552 223 1219 1220
492 9 2 1 30 182 183 390 222 1221 1222
493 9 2 1 30 181 182 554 221 1223 1224
494 9 2 1 30 180 181 406 220 1225 1226
495 9 2 1 30 179 180 555 219 1227 1228
496 9 2 1 30 178 179 391 218 1229 1230
497 9 2 1 30 177 178 558 217 1231 1232
498 9 2 1 30 176 177 407 216 1233 1234
499 9 2 1 30 175 176 559 215 1235 1236
500 9 2 1 30 174 175 392 214 1237 1238
501 9 2 1 30 173 174 560 213 1239 1240
502 9 2 1 30 172 173 408 212 1241 1242
503 9 2 1 30 171 172 561 211 1243 1244
504 9 2 1 30 170 171 393 210 1245 1246
505 9 2 1 30 499 498 611 813 667 1247
506 9 2 1 30 518 397 519 898 1248 1138
507 9 2 1 30 571 537 590 1110 1249 1250
508 9 2 1 30 410 163 538 1150 1161 1132
509 9 2 1 30 403 127 517 1017 1093 1043
510 9 2 1 30 609 528 618 1251 877 1073
511 9 2 1 30 472 444 473 1252 1253 1254
512 9 2 1 30 411 125 525 1031 1094 1000
513 9 2 1 30 457 475 476 1078 1255 1139
514 9 2 1 30 13 396 536 1019 1069 1102
515 9 2 1 30 511 479 593 927 941 1081
516 9 2 1 30 199 5 605 239 1256 1257
517 9 2 1 30 482 500 604 983 932 641
518 9 2 1 30 5 123 605 132 1258 1256
519 9 2 1 30 447 569 572 669 737 1259
520 9 2 1 30 198 415 541 1163 1080 1164
521 9 2 1 30 562 480 622 1260 1261 1262
522 9 2 1 30 402 197 541 1166 1165 663
523 9 2 1 30 2 161 603 200 1263 1264
524 9 2 1 30 504 481 595 873 1016 1265
525 9 2 1 30 19 2 603 29 1264 1048
526 9 2 1 30 527 528 609 1055 1251 1105
527 9 2 1 30 394 529 598 1126 1266 1267
528 9 2 1 30 164 398 538 1169 715 1160
529 9 2 1 30 484 504 612 874 1268 1269
530 9 2 1 30 526 412 576 1051 766 1270
531 9 2 1 30 528 497 567 1054 1185 876
532 9 2 1 30 532 403 566 889 1044 1271
533 9 2 1 30 192 193 575 232 1272 1273
534 9 2 1 30 573 459 606 1274 725 1275
535 9 2 1 30 196 402 542 1167 1276 1170
536 9 2 1 30 464 516 610 1023 1277 1050
537 9 2 1 30 569 508 606 1140 1278 738
538 9 2 1 30 509 582 617 1136 1279 930
539 9 2 1 30 561 506 599 988 1085 1280
540 9 2 1 30 470 452 480 1103 1281 1282
541 9 2 1 30 162 410 581 1151 1283 1284
542 9 2 1 30 535 534 573 1148 1285 1286
543 9 2 1 30 473 444 544 1253 1287 1288
544 9 2 1 30 438 440 441 1090 1208 1289
545 9 2 1 30 562 523 568 1046 1173 1290
546 9 2 1 30 408 560 618 1291 1074 885
547 9 2 1 30 432 434 447 1124 1292 1293
548 9 2 1 30 473 544 545 1288 733 1144
549 9 2 1 30 519 397 521 1248 1087 1294
550 9 2 1 30 428 430 459 1131 1295 1296
551 9 2 1 30 470 480 562 1282 1260 1297
552 9 2 1 30 441 444 460 1298 1299 1300
553 9 2 1 30 395 168 546 1186 1197 1301
554 9 2 1 30 388 191 547 1189 1192 943
555 9 2 1 30 480 610 622 1302 1303 1261
556 9 2 1 30 460 472 494 1304 1305 1183
557 9 2 1 30 190 388 549 1190 933 1194
558 9 2 1 30 470 562 568 1297 1290 1306
559 9 2 1 30 500 483 576 982 1307 765
560 9 2 1 30 161 162 581 201 1284 1308
561 9 2 1 30 574 484 612 1309 1269 1310
562 9 2 1 30 450 424 619 1091 1311 1114
563 9 2 1 30 441 442 444 1209 1312 1298
564 9 2 1 30 405 189 549 1201 1195 791
565 9 2 1 30 472 473 485 1254 1313 1314
566 9 2 1 30 193 394 575 1180 1214 1272
567 9 2 1 30 546 169 550 1196 1205 911
568 9 2 1 30 535 573 606 1286 1275 1315
569 9 2 1 30 188 405 551 1202 628 1206
570 9 2 1 30 557 488 564 1059 1316 919
571 9 2 1 30 400 579 580 855 1317 1141
572 9 2 1 30 547 192 575 1191 1273 730
573 9 2 1 30 519 521 522 1294 857 1153
574 9 2 1 30 389 187 551 1211 1207 1123
575 9 2 1 30 170 393 550 1246 1203 1204
576 9 2 1 30 480 600 610 1318 881 1302
577 9 2 1 30 444 442 544 1312 1200 1287
578 9 2 1 30 186 389 553 1212 707 1215
579 9 2 1 30 404 185 553 1217 1216 1319
580 9 2 1 30 184 404 552 1218 1320 1219
581 9 2 1 30 390 183 552 1221 1220 1321
582 9 2 1 30 182 390 554 1222 1322 1223
583 9 2 1 30 406 181 554 1225 1224 781
584 9 2 1 30 180 406 555 1226 754 1227
585 9 2 1 30 391 179 555 1229 1228 1323
586 9 2 1 30 178 391 558 1230 1152 1231
587 9 2 1 30 407 177 558 1233 1232 654
588 9 2 1 30 176 407 559 1234 1007 1235
589 9 2 1 30 392 175 559 1237 1236 703
590 9 2 1 30 174 392 560 1238 1324 1239
591 9 2 1 30 408 173 560 1241 1240 1291
592 9 2 1 30 172 408 561 1242 884 1243
593 9 2 1 30 393 171 561 1245 1244 1325
594 9 2 1 30 475 532 566 1095 1271 1326
595 9 2 1 30 537 447 590 668 1327 1249
596 9 2 1 30 531 470 568 1097 1306 1036
597 9 2 1 30 460 444 472 1299 1252 1304
598 9 2 1 30 485 473 565 1313 1146 695
599 9 2 1 30 564 488 613 1316 1328 1181
600 9 2 1 30 195 542 587 1171 1156 1329
601 9 2 1 30 394 194 587 1179 1330 1127
602 9 2 1 30 476 475 566 1255 1326 713
603 9 2 1 30 533 394 598 1213 1267 866
604 9 2 1 30 398 165 589 1168 1331 1332
605 9 2 1 30 436 438 571 1092 1333 1334
606 9 2 1 30 496 543 564 1182 920 957
607 9 2 1 30 194 195 587 234 1329 1330
608 9 2 1 30 588 601 602 1335 1336 1337
609 9 2 1 30 391 555 556 1323 699 1056
610 9 2 1 30 395 546 574 1301 762 1338
611 9 2 1 30 582 478 617 1339 1340 1279
612 9 2 1 30 426 428 573 1134 1341 1342
613 9 2 1 30 430 432 572 1125 1343 1344
614 9 2 1 30 554 390 577 1322 1345 726
615 9 2 1 30 548 478 582 1077 1339 1346
616 9 2 1 30 534 426 573 1174 1342 1285
617 9 2 1 30 167 395 608 1187 1347 1348
618 9 2 1 30 469 513 582 953 1349 1135
619 9 2 1 30 513 548 582 799 1346 1349
620 9 2 1 30 567 503 597 1184 718 1350
621 9 2 1 30 441 460 571 1300 1111 1351
622 9 2 1 30 165 166 589 205 1352 1331
623 9 2 1 30 448 467 597 906 1353 999
624 9 2 1 30 452 450 600 1104 1118 1354
625 9 2 1 30 484 574 611 1309 1355 694
626 9 2 1 30 529 501 598 684 867 1266
627 9 2 1 30 526 576 578 1270 1356 1112
628 9 2 1 30 438 441 571 1289 1351 1333
629 9 2 1 30 486 489 607 862 1357 852
630 9 2 1 30 608 395 612 1347 1358 1359
631 9 2 1 30 474 535 586 1149 1360 1133
632 9 2 1 30 467 567 597 1020 1350 1353
633 9 2 1 30 459 430 572 1295 1344 723
634 9 2 1 30 576 483 578 1307 1193 1356
635 9 2 1 30 396 562 622 1047 1262 1070
636 9 2 1 30 432 447 572 1293 1259 1343
637 9 2 1 30 428 459 573 1296 1274 1341
638 9 2 1 30 11 414 591 1060 706 1175
639 9 2 1 30 502 131 592 1061 1178 1075
640 9 2 1 30 579 485 580 1361 634 1317
641 9 2 1 30 434 436 590 1108 1362 1363
642 9 2 1 30 424 421 619 909 975 1311
643 9 2 1 30 494 472 579 1305 1364 854
644 9 2 1 30 447 434 590 1292 1363 1327
645 9 2 1 30 492 584 585 1199 1365 1366
646 9 2 1 30 601 492 602 1120 1367 1336
647 9 2 1 30 584 577 585 1368 1369 1365
648 9 2 1 30 488 461 613 923 1006 1328
649 9 2 1 30 489 577 584 1143 1368 1370
650 9 2 1 30 472 485 579 1314 1361 1364
651 9 2 1 30 436 571 590 1334 1250 1362
652 9 2 1 30 166 167 608 206 1348 1371
653 9 2 1 30 404 553 588 1319 764 1372
654 9 2 1 30 516 514 620 1022 1099 1373
655 9 2 1 30 478 453 617 956 1068 1340
656 9 2 1 30 542 402 593 1276 1082 742
657 9 2 1 30 589 166 608 1352 1371 1374
658 9 2 1 30 395 574 612 1338 1310 1358
659 9 2 1 30 398 589 595 1332 1375 643
660 9 2 1 30 390 552 585 1321 1376 1377
661 9 2 1 30 415 199 605 1162 1257 1378
662 9 2 1 30 577 390 585 1345 1377 1369
663 9 2 1 30 581 410 596 1283 734 1379
664 9 2 1 30 565 522 616 1155 1210 1380
665 9 2 1 30 123 570 605 1188 1381 1258
666 9 2 1 30 480 452 600 1281 1354 1318
667 9 2 1 30 574 499 611 761 1247 1355
668 9 2 1 30 589 504 595 1382 1265 1375
669 9 2 1 30 581 510 603 1383 1049 1384
670 9 2 1 30 570 415 605 1028 1378 1381
671 9 2 1 30 504 608 612 1385 1359 1268
672 9 2 1 30 393 561 599 1325 1280 985
673 9 2 1 30 552 404 602 1320 1386 1387
674 9 2 1 30 504 589 608 1382 1374 1385
675 9 2 1 30 404 588 602 1372 1337 1386
676 9 2 1 30 161 581 603 1308 1384 1263
677 9 2 1 30 585 552 602 1376 1387 1388
678 9 2 1 30 601 491 614 1389 991 1390
679 9 2 1 30 536 516 620 1158 1373 1122
680 9 2 1 30 413 565 616 696 1380 1039
681 9 2 1 30 510 581 596 1383 1379 681
682 9 2 1 30 492 585 602 1366 1388 1367
683 9 2 1 30 560 392 609 1324 1106 1072
684 9 2 1 30 489 584 607 1370 1391 1357
685 9 2 1 30 490 601 614 1121 1390 921
686 9 2 1 30 584 465 607 1198 942 1391
687 9 2 1 30 610 516 622 1277 1159 1303
688 9 2 1 30 586 535 621 1360 1392 1393
689 9 2 1 30 588 491 601 763 1389 1335
690 9 2 1 30 535 606 621 1315 1394 1392
691 9 2 1 30 606 508 621 1278 1116 1394
692 9 2 1 30 401 586 621 677 1393 1115
693 9 2 2 31 1922 2038 2432 2605 2606 2607
694 9 2 2 31 1813 1985 2438 2608 2609 2610
695 9 2 2 31 41 2039 2497 2611 2612 2613
696 9 2 2 31 2189 1873 2190 2614 2615 2616
697 9 2 2 31 1599 1969 2480 2617 2618 2619
698 9 2 2 31 2190 1873 2198 2615 2620 2621
699 9 2 2 31 2340 2054 2376 2622 2623 2624
700 9 2 2 31 1428 2171 2172 2625 2626 2627
701 9 2 2 31 1967 1868 2114 2628 2629 2630
702 9 2 2 31 1680 1599 2480 2631 2619 2632
703 9 2 2 31 1975 2433 2454 2633 2634 2635
704 9 2 2 31 1961 1436 1963 2636 2637 2638
705 9 2 2 31 4 86 2408 104 2639 2640
706 9 2 2 31 47 3 2407 66 2641 2642
707 9 2 2 31 1841 1986 1988 2643 2644 2645
708 9 2 2 31 1922 1890 2038 2646 2647 2605
709 9 2 2 31 1939 2123 2275 2648 2649 2650
710 9 2 2 31 1939 1787 2123 2651 2652 2648
711 9 2 2 31 2037 1413 2185 2653 2654 2655
712 9 2 2 31 2003 1395 2018 2656 2657 2658
713 9 2 2 31 41 42 2039 60 2659 2611
714 9 2 2 31 1980 1638 2402 2660 2661 2662
715 9 2 2 31 1895 2040 2358 2663 2664 2665
716 9 2 2 31 1690 2133 2304 2666 2667 2668
717 9 2 2 31 1923 1813 2438 2669 2610 2670
718 9 2 2 31 1787 1743 2434 2671 2672 2673
719 9 2 2 31 1522 2353 2357 2674 2675 2676
720 9 2 2 31 2207 1708 2274 2677 2678 2679
721 9 2 2 31 1664 2340 2376 2680 2624 2681
722 9 2 2 31 1871 1701 2019 2682 2683 2684
723 9 2 2 31 2237 2236 2269 2685 2686 2687
724 9 2 2 31 1696 2049 2242 2688 2689 2690
725 9 2 2 31 2038 1415 2432 2691 2692 2606
726 9 2 2 31 2343 1872 2604 2693 2694 2695
727 9 2 2 31 1979 1888 2250 2696 2697 2698
728 9 2 2 31 2002 1441 2124 2699 2700 2701
729 9 2 2 31 2433 1587 2454 2702 2703 2634
730 9 2 2 31 1910 2079 2118 2704 2705 2706
731 9 2 2 31 1971 2200 2437 2707 2708 2709
732 9 2 2 31 1467 1435 1468 2710 2711 2712
733 9 2 2 31 2218 1629 2435 2713 2714 2715
734 9 2 2 31 2040 1769 2358 2716 2717 2664
735 9 2 2 31 75 4 2408 85 2640 2718
736 9 2 2 31 3 67 2407 76 2719 2641
737 9 2 2 31 1570 2188 2564 2720 2721 2722
738 9 2 2 31 2353 2102 2357 2723 2724 2675
739 9 2 2 31 1809 1989 2439 2725 2726 2727
740 9 2 2 31 2049 1696 2508 2688 2728 2729
741 9 2 2 31 1597 2034 2036 2730 2731 2732
742 9 2 2 31 1888 1979 2186 2696 2733 2734
743 9 2 2 31 1636 1638 1980 2735 2660 2736
744 9 2 2 31 2154 2146 2411 2737 2738 2739
745 9 2 2 31 1597 2033 2034 2740 2741 2730
746 9 2 2 31 99 1432 2023 2742 2743 2744
747 9 2 2 31 1967 2114 2543 2630 2745 2746
748 9 2 2 31 1815 1923 1990 2747 2748 2749
749 9 2 2 31 2008 1797 2011 2750 2751 2752
750 9 2 2 31 1737 2087 2284 2753 2754 2755
751 9 2 2 31 1423 2081 2082 2756 2757 2758
752 9 2 2 31 1934 1809 2439 2759 2727 2760
753 9 2 2 31 1629 2218 2461 2713 2761 2762
754 9 2 2 31 2006 1797 2008 2763 2750 2764
755 9 2 2 31 2018 1395 2234 2657 2765 2766
756 9 2 2 31 2261 2307 2532 2767 2768 2769
757 9 2 2 31 1845 1894 1942 2770 2771 2772
758 9 2 2 31 2266 2381 2399 2773 2774 2775
759 9 2 2 31 1841 1837 1986 2776 2777 2643
760 9 2 2 31 1423 2080 2081 2778 2779 2756
761 9 2 2 31 2190 1404 2199 2780 2781 2782
762 9 2 2 31 1971 1981 2200 2783 2784 2707
763 9 2 2 31 2123 1787 2434 2652 2673 2785
764 9 2 2 31 2236 1686 2269 2786 2787 2686
765 9 2 2 31 1999 1869 2000 2788 2789 2790
766 9 2 2 31 1428 2172 2467 2627 2791 2792
767 9 2 2 31 1779 1997 2349 2793 2794 2795
768 9 2 2 31 2118 2079 2391 2705 2796 2797
769 9 2 2 31 2101 1744 2103 2798 2799 2800
770 9 2 2 31 2323 2296 2415 2801 2802 2803
771 9 2 2 31 2187 1680 2362 2804 2805 2806
772 9 2 2 31 1431 2042 2201 2807 2808 2809
773 9 2 2 31 1415 2038 2406 2691 2810 2811
774 9 2 2 31 2192 1760 2317 2812 2813 2814
775 9 2 2 31 72 1448 2026 2815 2816 2817
776 9 2 2 31 2029 1460 2030 2818 2819 2820
777 9 2 2 31 90 1435 1467 2821 2710 2822
778 9 2 2 31 1464 2324 2387 2823 2824 2825
779 9 2 2 31 1545 2154 2411 2826 2739 2827
780 9 2 2 31 2301 1426 2328 2828 2829 2830
781 9 2 2 31 1436 1961 2039 2636 2831 2832
782 9 2 2 31 2103 1744 2126 2799 2833 2834
783 9 2 2 31 1404 2190 2198 2780 2621 2835
784 9 2 2 31 2035 1751 2174 2836 2837 2838
785 9 2 2 31 1806 1808 2085 2839 2840 2841
786 9 2 2 31 2223 1994 2552 2842 2843 2844
787 9 2 2 31 2352 1840 2452 2845 2846 2847
788 9 2 2 31 1995 1909 1996 2848 2849 2850
789 9 2 2 31 1439 2065 2067 2851 2852 2853
790 9 2 2 31 1570 1584 2188 2854 2855 2720
791 9 2 2 31 1990 1923 2501 2748 2856 2857
792 9 2 2 31 2026 1448 2210 2816 2858 2859
793 9 2 2 31 2108 1994 2223 2860 2842 2861
794 9 2 2 31 2171 1428 2300 2625 2862 2863
795 9 2 2 31 2015 2256 2259 2864 2865 2866
796 9 2 2 31 93 1430 2025 2867 2868 2869
797 9 2 2 31 1978 1828 2588 2870 2871 2872
798 9 2 2 31 1840 2352 2372 2845 2873 2874
799 9 2 2 31 1871 2019 2104 2684 2875 2876
800 9 2 2 31 2133 2132 2304 2877 2878 2667
801 9 2 2 31 2099 2093 2487 2879 2880 2881
802 9 2 2 31 1827 1825 1890 2882 2883 2884
803 9 2 2 31 1680 2107 2362 2885 2886 2805
804 9 2 2 31 1450 2043 2359 2887 2888 2889
805 9 2 2 31 1777 1975 2454 2890 2635 2891
806 9 2 2 31 1831 1828 1978 2892 2870 2893
807 9 2 2 31 1416 2135 2241 2894 2895 2896
808 9 2 2 31 1757 2083 2293 2897 2898 2899
809 9 2 2 31 98 99 2023 117 2744 2900
810 9 2 2 31 1868 1913 2114 2901 2902 2629
811 9 2 2 31 1798 1804 2312 2903 2904 2905
812 9 2 2 31 2346 1929 2482 2906 2907 2908
813 9 2 2 31 2203 1851 2295 2909 2910 2911
814 9 2 2 31 2024 2343 2604 2912 2695 2913
815 9 2 2 31 1936 2036 2373 2914 2915 2916
816 9 2 2 31 2086 1480 2505 2917 2918 2919
817 9 2 2 31 1434 1467 1966 2920 2921 2922
818 9 2 2 31 2413 1598 2448 2923 2924 2925
819 9 2 2 31 1439 2067 2070 2853 2926 2927
820 9 2 2 31 1801 1909 1995 2928 2848 2929
821 9 2 2 31 2380 2064 2529 2930 2931 2932
822 9 2 2 31 1793 1845 1943 2933 2934 2935
823 9 2 2 31 1701 1703 2019 2936 2937 2683
824 9 2 2 31 1827 1890 1922 2884 2646 2938
825 9 2 2 31 1966 1468 2460 2939 2940 2941
826 9 2 2 31 2043 1453 2359 2942 2943 2888
827 9 2 2 31 1825 1821 1948 2944 2945 2946
828 9 2 2 31 1988 1986 2004 2644 2947 2948
829 9 2 2 31 2024 2025 2343 2949 2950 2912
830 9 2 2 31 1891 1831 1978 2951 2893 2952
831 9 2 2 31 2008 2011 2392 2752 2953 2954
832 9 2 2 31 1756 2239 2244 2955 2956 2957
833 9 2 2 31 2193 2192 2317 2958 2814 2959
834 9 2 2 31 1774 1645 2055 2960 2961 2962
835 9 2 2 31 1676 2380 2529 2963 2932 2964
836 9 2 2 31 180 179 2155 219 2965 2966
837 9 2 2 31 2414 2413 2448 2967 2925 2968
838 9 2 2 31 2025 1430 2076 2868 2969 2970
839 9 2 2 31 2381 1507 2399 2971 2972 2774
840 9 2 2 31 2422 2387 2442 2973 2974 2975
841 9 2 2 31 1468 1435 1469 2711 2976 2977
842 9 2 2 31 1833 1831 1891 2978 2951 2979
843 9 2 2 31 2036 2174 2373 2980 2981 2915
844 9 2 2 31 2047 2072 2073 2982 2983 2984
845 9 2 2 31 2192 2099 2487 2985 2881 2986
846 9 2 2 31 2038 2037 2185 2987 2655 2988
847 9 2 2 31 1893 2301 2328 2989 2830 2990
848 9 2 2 31 1668 1670 2160 2991 2992 2993
849 9 2 2 31 1414 2158 2401 2994 2995 2996
850 9 2 2 31 2261 2532 2538 2769 2997 2998
851 9 2 2 31 2164 1410 2599 2999 3000 3001
852 9 2 2 31 2224 1984 2504 3002 3003 3004
853 9 2 2 31 1410 1985 2599 3005 3006 3000
854 9 2 2 31 1706 2228 2373 3007 3008 3009
855 9 2 2 31 1413 2037 2400 2653 3010 3011
856 9 2 2 31 2207 2274 2451 2679 3012 3013
857 9 2 2 31 2392 2011 2479 2953 3014 3015
858 9 2 2 31 1431 2331 2390 3016 3017 3018
859 9 2 2 31 2009 2098 2502 3019 3020 3021
860 9 2 2 31 2057 2223 2552 3022 2844 3023
861 9 2 2 31 1480 2005 2505 3024 3025 2918
862 9 2 2 31 1799 1763 1994 3026 3027 3028
863 9 2 2 31 2013 1437 2074 3029 3030 3031
864 9 2 2 31 2143 1864 2327 3032 3033 3034
865 9 2 2 31 1808 1869 2085 3035 3036 2840
866 9 2 2 31 2124 1441 2337 2700 3037 3038
867 9 2 2 31 1879 1817 1990 3039 3040 3041
868 9 2 2 31 1970 1971 1972 3042 3043 3044
869 9 2 2 31 1651 1797 2006 3045 2763 3046
870 9 2 2 31 2331 1976 2390 3047 3048 3017
871 9 2 2 31 2167 1616 2169 3049 3050 3051
872 9 2 2 31 1969 1784 1970 3052 3053 3054
873 9 2 2 31 42 1436 2039 3055 2832 2659
874 9 2 2 31 2087 2088 2284 3056 3057 2754
875 9 2 2 31 1528 1529 2130 3058 3059 3060
876 9 2 2 31 2173 2239 2311 3061 3062 3063
877 9 2 2 31 2114 1966 2460 3064 2941 3065
878 9 2 2 31 1441 2002 2125 2699 3066 3067
879 9 2 2 31 2248 1952 2254 3068 3069 3070
880 9 2 2 31 1468 1469 1470 2977 3071 3072
881 9 2 2 31 1774 2055 2056 2962 3073 3074
882 9 2 2 31 2425 2385 2567 3075 3076 3077
883 9 2 2 31 2255 2004 2582 3078 3079 3080
884 9 2 2 31 2041 1450 2201 3081 3082 3083
885 9 2 2 31 2229 1953 2420 3084 3085 3086
886 9 2 2 31 2421 1990 2501 3087 2857 3088
887 9 2 2 31 2042 2041 2201 3089 3083 2808
888 9 2 2 31 1474 2001 2352 3090 3091 3092
889 9 2 2 31 1434 1966 2113 2922 3093 3094
890 9 2 2 31 2173 2311 2574 3063 3095 3096
891 9 2 2 31 1935 2143 2327 3097 3034 3098
892 9 2 2 31 2184 1879 2298 3099 3100 3101
893 9 2 2 31 1797 1658 2012 3102 3103 3104
894 9 2 2 31 1994 1763 2552 3027 3105 2843
895 9 2 2 31 2379 1928 2448 3106 3107 3108
896 9 2 2 31 1405 2108 2120 3109 3110 3111
897 9 2 2 31 2083 2081 2293 3112 3113 2898
898 9 2 2 31 1736 2148 2149 3114 3115 3116
899 9 2 2 31 2130 2129 2132 3117 3118 3119
900 9 2 2 31 2016 2044 2550 3120 3121 3122
901 9 2 2 31 2252 1456 2602 3123 3124 3125
902 9 2 2 31 2270 1902 2330 3126 3127 3128
903 9 2 2 31 1604 1642 2244 3129 3130 3131
904 9 2 2 31 2245 2175 2596 3132 3133 3134
905 9 2 2 31 1452 1455 1457 3135 3136 3137
906 9 2 2 31 1461 1451 1463 3138 3139 3140
907 9 2 2 31 1948 1821 2456 2945 3141 3142
908 9 2 2 31 1426 2279 2329 3143 3144 3145
909 9 2 2 31 2436 2228 2464 3146 3147 3148
910 9 2 2 31 2356 1733 2395 3149 3150 3151
911 9 2 2 31 1879 1990 2298 3041 3152 3100
912 9 2 2 31 1996 2348 2447 3153 3154 3155
913 9 2 2 31 2065 1439 2127 2851 3156 3157
914 9 2 2 31 2069 2068 2280 3158 3159 3160
915 9 2 2 31 1443 2082 2405 3161 3162 3163
916 9 2 2 31 1598 2379 2448 3164 3108 2924
917 9 2 2 31 1982 1727 2458 3165 3166 3167
918 9 2 2 31 1708 2207 2336 2677 3168 3169
919 9 2 2 31 1597 1544 2033 3170 3171 2740
920 9 2 2 31 2143 1502 2233 3172 3173 3174
921 9 2 2 31 1997 2329 2349 3175 3176 2794
922 9 2 2 31 2237 2269 2270 2687 3177 3178
923 9 2 2 31 1891 1978 2014 2952 3179 3180
924 9 2 2 31 1459 1457 1460 3181 3182 3183
925 9 2 2 31 1463 1465 1466 3184 3185 3186
926 9 2 2 31 2330 1901 2332 3187 3188 3189
927 9 2 2 31 1866 1798 2312 3190 2905 3191
928 9 2 2 31 1902 1901 2330 3192 3187 3127
929 9 2 2 31 1453 2043 2281 2942 3193 3194
930 9 2 2 31 1942 1894 2443 2771 3195 3196
931 9 2 2 31 2228 1936 2373 3197 2916 3008
932 9 2 2 31 1736 2147 2148 3198 3199 3114
933 9 2 2 31 1532 2129 2130 3200 3117 3201
934 9 2 2 31 1464 2387 2440 2825 3202 3203
935 9 2 2 31 2186 1979 2299 2733 3204 3205
936 9 2 2 31 2082 1443 2498 3161 3206 3207
937 9 2 2 31 1450 2041 2043 3081 3208 2887
938 9 2 2 31 1470 1471 1472 3209 3210 3211
939 9 2 2 31 2187 1884 2188 3212 3213 3214
940 9 2 2 31 1929 2346 2530 2906 3215 3216
941 9 2 2 31 1963 1436 1964 2637 3217 3218
942 9 2 2 31 1599 1634 1969 3219 3220 2617
943 9 2 2 31 1682 2323 2415 3221 2803 3222
944 9 2 2 31 1432 2229 2420 3223 3086 3224
945 9 2 2 31 2182 1603 2354 3225 3226 3227
946 9 2 2 31 2182 2425 2567 3228 3077 3229
947 9 2 2 31 2338 1683 2490 3230 3231 3232
948 9 2 2 31 1977 1911 2107 3233 3234 3235
949 9 2 2 31 1839 1837 1841 3236 2776 3237
950 9 2 2 31 1983 2377 2478 3238 3239 3240
951 9 2 2 31 1817 1815 1990 3241 2749 3040
952 9 2 2 31 2095 2245 2596 3242 3134 3243
953 9 2 2 31 2279 1941 2329 3244 3245 3144
954 9 2 2 31 1435 91 2024 3246 3247 3248
955 9 2 2 31 1986 1837 2572 2777 3249 3250
956 9 2 2 31 2090 2093 2099 3251 2879 3252
957 9 2 2 31 1634 1636 1784 3253 3254 3255
958 9 2 2 31 1638 1640 1983 3256 3257 3258
959 9 2 2 31 190 189 2199 229 3259 3260
960 9 2 2 31 2410 2249 2453 3261 3262 3263
961 9 2 2 31 2364 1425 2369 3264 3265 3266
962 9 2 2 31 1470 1469 1471 3071 3267 3209
963 9 2 2 31 1996 1400 2348 3268 3269 3153
964 9 2 2 31 1640 1738 1792 3270 3271 3272
965 9 2 2 31 2121 1777 2454 3273 2891 3274
966 9 2 2 31 1892 2182 2354 3275 3227 3276
967 9 2 2 31 2040 2228 2436 3277 3146 3278
968 9 2 2 31 1528 2130 2131 3060 3279 3280
969 9 2 2 31 2155 1946 2481 3281 3282 3283
970 9 2 2 31 2280 2068 2446 3159 3284 3285
971 9 2 2 31 1437 2013 2075 3029 3286 3287
972 9 2 2 31 1472 1473 1475 3288 3289 3290
973 9 2 2 31 1634 1784 1969 3255 3052 3220
974 9 2 2 31 1894 1952 2135 3291 3292 3293
975 9 2 2 31 1985 1410 2438 3005 3294 2609
976 9 2 2 31 1504 2175 2245 3295 3132 3296
977 9 2 2 31 1459 1460 2495 3183 3297 3298
978 9 2 2 31 1532 2128 2129 3299 3300 3200
979 9 2 2 31 1995 1996 2447 2850 3155 3301
980 9 2 2 31 1727 1982 2510 3165 3302 3303
981 9 2 2 31 2270 2330 2500 3128 3304 3305
982 9 2 2 31 1475 2000 2001 3306 3307 3308
983 9 2 2 31 1938 2035 2433 3309 3310 3311
984 9 2 2 31 1547 2031 2033 3312 3313 3314
985 9 2 2 31 1616 2167 2243 3049 3315 3316
986 9 2 2 31 1442 180 2155 3317 2966 3318
987 9 2 2 31 1869 1999 2085 2788 3319 3036
988 9 2 2 31 2174 1751 2342 2837 3320 3321
989 9 2 2 31 2075 2053 2141 3322 3323 3324
990 9 2 2 31 2226 2171 2300 3325 2863 3326
991 9 2 2 31 1552 1548 2251 3327 3328 3329
992 9 2 2 31 2387 2324 2442 2824 3330 2974
993 9 2 2 31 2203 2295 2496 2911 3331 3332
994 9 2 2 31 1676 1677 2071 3333 3334 3335
995 9 2 2 31 1765 1668 2160 3336 2993 3337
996 9 2 2 31 1400 1996 2403 3268 3338 3339
997 9 2 2 31 2034 2035 2174 3340 2838 3341
998 9 2 2 31 1434 89 1467 3342 3343 2920
999 9 2 2 31 2098 2009 2225 3019 3344 3345
1000 9 2 2 31 1803 1781 2219 3346 3347 3348
1001 9 2 2 31 1529 1532 2130 3349 3201 3059
1002 9 2 2 31 1875 2213 2230 3350 3351 3352
1003 9 2 2 31 2142 2143 2233 3353 3174 3354
1004 9 2 2 31 1993 1799 1994 3355 3028 3356
1005 9 2 2 31 1970 1784 1971 3053 3357 3042
1006 9 2 2 31 1800 2153 2218 3358 3359 3360
1007 9 2 2 31 1890 1825 1948 2883 2946 3361
1008 9 2 2 31 2017 2003 2018 3362 2658 3363
1009 9 2 2 31 1595 1599 1680 3364 2631 3365
1010 9 2 2 31 2012 1658 2591 3103 3366 3367
1011 9 2 2 31 2133 1690 2492 2666 3368 3369
1012 9 2 2 31 1896 2249 2265 3370 3371 3372
1013 9 2 2 31 2089 2090 2099 3373 3252 3374
1014 9 2 2 31 1905 2398 2463 3375 3376 3377
1015 9 2 2 31 2169 1616 2244 3050 3378 3379
1016 9 2 2 31 1793 1795 1845 3380 3381 2933
1017 9 2 2 31 1560 1561 2121 3382 3383 3384
1018 9 2 2 31 89 90 1467 108 2822 3343
1019 9 2 2 31 2109 2111 2156 3385 3386 3387
1020 9 2 2 31 1845 1846 1894 3388 3389 2770
1021 9 2 2 31 1809 1807 1989 3390 3391 2725
1022 9 2 2 31 2252 1905 2463 3392 3377 3393
1023 9 2 2 31 1998 1727 2510 3394 3303 3395
1024 9 2 2 31 1584 2187 2188 3396 3214 2855
1025 9 2 2 31 2249 1758 2265 3397 3398 3371
1026 9 2 2 31 1793 1943 2504 2935 3399 3400
1027 9 2 2 31 2398 1905 2522 3375 3401 3402
1028 9 2 2 31 2020 98 2023 3403 2900 3404
1029 9 2 2 31 92 93 2025 111 2869 3405
1030 9 2 2 31 2047 2045 2072 3406 3407 2982
1031 9 2 2 31 1833 1891 2409 2979 3408 3409
1032 9 2 2 31 1894 1951 1952 3410 3411 3291
1033 9 2 2 31 1559 2116 2292 3412 3413 3414
1034 9 2 2 31 1677 1684 2071 3415 3416 3334
1035 9 2 2 31 1427 2109 2110 3417 3418 3419
1036 9 2 2 31 1765 2321 2428 3420 3421 3422
1037 9 2 2 31 1851 2203 2296 2909 3423 3424
1038 9 2 2 31 2033 2032 2034 3425 3426 2741
1039 9 2 2 31 2132 2129 2358 3118 3427 3428
1040 9 2 2 31 1472 1471 1473 3210 3429 3288
1041 9 2 2 31 1970 1972 1973 3044 3430 3431
1042 9 2 2 31 2331 2301 2584 3432 3433 3434
1043 9 2 2 31 1530 2197 2283 3435 3436 3437
1044 9 2 2 31 1485 1566 2005 3438 3439 3440
1045 9 2 2 31 2239 1756 2311 2955 3441 3062
1046 9 2 2 31 1736 1605 2147 3442 3443 3198
1047 9 2 2 31 2160 1670 2529 2992 3444 3445
1048 9 2 2 31 2158 1414 2429 2994 3446 3447
1049 9 2 2 31 2153 1800 2217 3358 3448 3449
1050 9 2 2 31 1802 1954 2246 3450 3451 3452
1051 9 2 2 31 1845 1942 1943 2772 3453 2934
1052 9 2 2 31 1862 2109 2156 3454 3387 3455
1053 9 2 2 31 2105 2423 2595 3456 3457 3458
1054 9 2 2 31 1645 1606 2055 3459 3460 2961
1055 9 2 2 31 1945 2410 2453 3461 3263 3462
1056 9 2 2 31 2042 1431 2390 2807 3018 3463
1057 9 2 2 31 1811 1809 1934 3464 2759 3465
1058 9 2 2 31 1984 1792 2504 3466 3467 3003
1059 9 2 2 31 2047 2073 2568 2984 3468 3469
1060 9 2 2 31 2155 179 2371 2965 3470 3471
1061 9 2 2 31 1621 1749 2055 3472 3473 3474
1062 9 2 2 31 1958 2209 2396 3475 3476 3477
1063 9 2 2 31 1861 2003 2017 3478 3362 3479
1064 9 2 2 31 1710 1801 1995 3480 2929 3481
1065 9 2 2 31 2136 1408 2570 3482 3483 3484
1066 9 2 2 31 1890 1948 2037 3361 3485 3486
1067 9 2 2 31 2027 1433 2029 3487 3488 3489
1068 9 2 2 31 1991 1629 2419 3490 3491 3492
1069 9 2 2 31 1807 1805 1887 3493 3494 3495
1070 9 2 2 31 1559 1486 2116 3496 3497 3412
1071 9 2 2 31 2367 1681 2414 3498 3499 3500
1072 9 2 2 31 2077 1459 2495 3501 3298 3502
1073 9 2 2 31 2089 1553 2090 3503 3504 3373
1074 9 2 2 31 1805 1799 1993 3505 3355 3506
1075 9 2 2 31 1854 2140 2277 3507 3508 3509
1076 9 2 2 31 69 70 1447 79 3510 3511
1077 9 2 2 31 72 73 1448 82 3512 2815
1078 9 2 2 31 2423 1907 2523 3513 3514 3515
1079 9 2 2 31 1815 1813 1923 3516 2669 2747
1080 9 2 2 31 2191 2356 2395 3517 3151 3518
1081 9 2 2 31 2378 2076 2471 3519 3520 3521
1082 9 2 2 31 2255 2254 2563 3522 3523 3524
1083 9 2 2 31 2159 1416 2562 3525 3526 3527
1084 9 2 2 31 1605 1586 2147 3528 3529 3443
1085 9 2 2 31 71 72 2026 81 2817 3530
1086 9 2 2 31 1713 2186 2299 3531 3205 3532
1087 9 2 2 31 1648 1764 2084 3533 3534 3535
1088 9 2 2 31 1476 1478 1602 3536 3537 3538
1089 9 2 2 31 2024 92 2025 3539 3405 2949
1090 9 2 2 31 2031 2032 2033 3540 3425 3313
1091 9 2 2 31 1499 1553 2089 3541 3503 3542
1092 9 2 2 31 1400 2016 2348 3543 3544 3269
1093 9 2 2 31 1649 1651 2006 3545 3046 3546
1094 9 2 2 31 2296 1959 2415 3547 3548 2802
1095 9 2 2 31 2044 2016 2450 3120 3549 3550
1096 9 2 2 31 2000 1869 2370 2789 3551 3552
1097 9 2 2 31 2167 2166 2243 3553 3554 3315
1098 9 2 2 31 1874 2111 2157 3555 3556 3557
1099 9 2 2 31 2115 1493 2231 3558 3559 3560
1100 9 2 2 31 2048 2049 2533 3561 3562 3563
1101 9 2 2 31 2023 1432 2477 2743 3564 3565
1102 9 2 2 31 1956 1803 2219 3566 3348 3567
1103 9 2 2 31 1564 1593 2278 3568 3569 3570
1104 9 2 2 31 1642 1756 2244 3571 2957 3130
1105 9 2 2 31 1988 2004 2255 2948 3078 3572
1106 9 2 2 31 1972 1971 2437 3043 2709 3573
1107 9 2 2 31 1547 1549 2031 3574 3575 3312
1108 9 2 2 31 1884 2187 2362 3212 2806 3576
1109 9 2 2 31 1629 1991 2435 3490 3577 2714
1110 9 2 2 31 2080 1423 2325 2778 3578 3579
1111 9 2 2 31 189 1444 2199 3580 3581 3259
1112 9 2 2 31 2195 1552 2251 3582 3329 3583
1113 9 2 2 31 1801 1907 1909 3584 3585 2928
1114 9 2 2 31 1404 190 2199 3586 3260 2781
1115 9 2 2 31 1475 1473 1476 3289 3587 3588
1116 9 2 2 31 2179 1984 2224 3589 3002 3590
1117 9 2 2 31 1807 1887 1989 3495 3591 3391
1118 9 2 2 31 1544 1547 2033 3592 3314 3171
1119 9 2 2 31 1475 1476 1999 3588 3593 3594
1120 9 2 2 31 2013 2074 2479 3031 3595 3596
1121 9 2 2 31 1478 1480 2086 3597 2917 3598
1122 9 2 2 31 2030 1460 2368 2819 3599 3600
1123 9 2 2 31 2111 1874 2156 3555 3601 3386
1124 9 2 2 31 97 98 2020 116 3403 3602
1125 9 2 2 31 1456 2556 2602 3603 3604 3124
1126 9 2 2 31 2557 1462 2603 3605 3606 3607
1127 9 2 2 31 1640 1792 2589 3272 3608 3609
1128 9 2 2 31 2250 1888 2590 2697 3610 3611
1129 9 2 2 31 1736 2149 2217 3116 3612 3613
1130 9 2 2 31 2372 2370 2507 3614 3615 3616
1131 9 2 2 31 1542 1597 2222 3617 3618 3619
1132 9 2 2 31 2122 2052 2238 3620 3621 3622
1133 9 2 2 31 2085 1602 2493 3623 3624 3625
1134 9 2 2 31 2002 1992 2125 3626 3627 3066
1135 9 2 2 31 1588 1571 1606 3628 3629 3630
1136 9 2 2 31 2219 2218 2435 3631 2715 3632
1137 9 2 2 31 35 2301 2331 3633 3432 3634
1138 9 2 2 31 1452 1457 1459 3137 3181 3635
1139 9 2 2 31 1463 1451 1465 3139 3636 3184
1140 9 2 2 31 2049 2508 2533 2729 3637 3562
1141 9 2 2 31 1584 1595 2187 3638 3639 3396
1142 9 2 2 31 1991 1682 2415 3640 3222 3641
1143 9 2 2 31 1591 1646 1648 3642 3643 3644
1144 9 2 2 31 2157 192 2580 3645 3646 3647
1145 9 2 2 31 1602 2312 2493 3648 3649 3624
1146 9 2 2 31 1566 1559 1571 3650 3651 3652
1147 9 2 2 31 1813 1811 1985 3653 3654 2608
1148 9 2 2 31 1887 2513 2571 3655 3656 3657
1149 9 2 2 31 1826 1825 1827 3658 2882 3659
1150 9 2 2 31 1475 1999 2000 3594 2790 3306
1151 9 2 2 31 1466 2113 2489 3660 3661 3662
1152 9 2 2 31 1452 68 1455 3663 3664 3135
1153 9 2 2 31 74 1451 1461 3665 3138 3666
1154 9 2 2 31 1442 2155 2481 3318 3283 3667
1155 9 2 2 31 1763 1645 1774 3668 2960 3669
1156 9 2 2 31 1819 1817 1879 3670 3039 3671
1157 9 2 2 31 2129 1895 2358 3672 2665 3427
1158 9 2 2 31 1996 1909 2105 2849 3673 3674
1159 9 2 2 31 2015 2014 2457 3675 3676 3677
1160 9 2 2 31 1648 1710 1764 3678 3679 3533
1161 9 2 2 31 38 39 2318 57 3680 3681
1162 9 2 2 31 1960 2364 2369 3682 3266 3683
1163 9 2 2 31 1910 2118 2523 2706 3684 3685
1164 9 2 2 31 2002 2124 2263 2701 3686 3687
1165 9 2 2 31 1425 97 2020 3688 3602 3689
1166 9 2 2 31 1395 2003 2550 2656 3690 3691
1167 9 2 2 31 1648 1646 1710 3643 3692 3678
1168 9 2 2 31 2174 2342 2373 3321 3693 2981
1169 9 2 2 31 2135 1416 2443 2894 3694 3695
1170 9 2 2 31 1703 2017 2019 3696 3697 2937
1171 9 2 2 31 2463 1458 2556 3698 3699 3700
1172 9 2 2 31 88 89 1434 107 3342 3701
1173 9 2 2 31 44 45 1433 63 3702 3703
1174 9 2 2 31 1567 1590 1591 3704 3705 3706
1175 9 2 2 31 90 91 1435 109 3246 2821
1176 9 2 2 31 42 43 1436 61 3707 3055
1177 9 2 2 31 1811 1934 1985 3465 3708 3654
1178 9 2 2 31 1548 1546 2251 3709 3710 3328
1179 9 2 2 31 1907 1910 2523 3711 3685 3514
1180 9 2 2 31 1591 1590 1646 3705 3712 3642
1181 9 2 2 31 1555 1564 2278 3713 3570 3714
1182 9 2 2 31 1764 1710 1995 3679 3481 3715
1183 9 2 2 31 1891 2014 2015 3180 3675 3716
1184 9 2 2 31 1588 1606 1645 3630 3459 3717
1185 9 2 2 31 1874 2157 2198 3557 3718 3719
1186 9 2 2 31 1566 1571 1588 3652 3628 3720
1187 9 2 2 31 2197 2196 2283 3721 3722 3436
1188 9 2 2 31 2152 1540 2526 3723 3724 3725
1189 9 2 2 31 1638 1983 2402 3258 3726 2661
1190 9 2 2 31 1467 1468 1966 2712 2939 2921
1191 9 2 2 31 69 1447 2602 3511 3727 3728
1192 9 2 2 31 1448 73 2603 3512 3729 3730
1193 9 2 2 31 1490 1493 2115 3731 3558 3732
1194 9 2 2 31 1540 2152 2459 3723 3733 3734
1195 9 2 2 31 1418 2248 2254 3735 3070 3736
1196 9 2 2 31 2265 2266 2399 3737 2775 3738
1197 9 2 2 31 1857 1982 2227 3739 3740 3741
1198 9 2 2 31 2015 2259 2474 2866 3742 3743
1199 9 2 2 31 1837 1835 2572 3744 3745 3249
1200 9 2 2 31 192 2157 2427 3645 3746 3747
1201 9 2 2 31 2374 2087 2441 3748 3749 3750
1202 9 2 2 31 2149 2153 2217 3751 3449 3612
1203 9 2 2 31 2150 2148 2154 3752 3753 3754
1204 9 2 2 31 1430 2444 2471 3755 3756 3757
1205 9 2 2 31 2007 2006 2008 3758 2764 3759
1206 9 2 2 31 1749 1649 2006 3760 3546 3761
1207 9 2 2 31 1899 2002 2263 3762 3687 3763
1208 9 2 2 31 2086 1866 2312 3764 3191 3765
1209 9 2 2 31 1887 1805 1993 3494 3506 3766
1210 9 2 2 31 1890 2037 2038 3486 2987 2647
1211 9 2 2 31 1993 1994 2108 3356 2860 3767
1212 9 2 2 31 1485 1486 1559 3768 3496 3769
1213 9 2 2 31 2010 2009 2502 3770 3021 3771
1214 9 2 2 31 2060 2065 2127 3772 3157 3773
1215 9 2 2 31 2007 2008 2009 3759 3774 3775
1216 9 2 2 31 2067 2069 2070 3776 3777 2926
1217 9 2 2 31 2035 1938 2383 3309 3778 3779
1218 9 2 2 31 1743 1744 2434 3780 3781 2672
1219 9 2 2 31 39 40 1429 58 3782 3783
1220 9 2 2 31 93 94 1430 112 3784 2867
1221 9 2 2 31 1556 1552 2195 3785 3582 3786
1222 9 2 2 31 1749 2006 2007 3761 3758 3787
1223 9 2 2 31 1682 1991 2419 3640 3492 3788
1224 9 2 2 31 1485 1559 1566 3769 3650 3438
1225 9 2 2 31 2092 2518 2565 3789 3790 3791
1226 9 2 2 31 1476 1602 1999 3538 3792 3593
1227 9 2 2 31 1616 1604 2244 3793 3131 3378
1228 9 2 2 31 2116 2115 2117 3794 3795 3796
1229 9 2 2 31 1983 1640 2589 3257 3609 3797
1230 9 2 2 31 2034 2032 2035 3426 3798 3340
1231 9 2 2 31 1606 1613 1621 3799 3800 3801
1232 9 2 2 31 2198 2157 2580 3718 3647 3802
1233 9 2 2 31 2076 1430 2471 2969 3757 3520
1234 9 2 2 31 1621 1649 1749 3803 3760 3472
1235 9 2 2 31 2055 1749 2575 3473 3804 3805
1236 9 2 2 31 1606 1621 2055 3801 3474 3460
1237 9 2 2 31 2036 2034 2174 2731 3341 2980
1238 9 2 2 31 1425 2020 2021 3689 3806 3807
1239 9 2 2 31 2005 1566 2365 3439 3808 3809
1240 9 2 2 31 1989 1887 2571 3591 3657 3810
1241 9 2 2 31 1688 1689 2106 3811 3812 3813
1242 9 2 2 31 2082 2081 2083 2757 3112 3814
1243 9 2 2 31 2109 1427 2111 3417 3815 3385
1244 9 2 2 31 1975 1777 2544 2890 3816 3817
1245 9 2 2 31 1914 2338 2490 3818 3232 3819
1246 9 2 2 31 2115 2231 2585 3560 3820 3821
1247 9 2 2 31 2328 1426 2329 2829 3145 3822
1248 9 2 2 31 1471 1872 2339 3823 3824 3825
1249 9 2 2 31 1861 1917 2003 3826 3827 3478
1250 9 2 2 31 1943 1942 2158 3453 3828 3829
1251 9 2 2 31 2160 2063 2321 3830 3831 3832
1252 9 2 2 31 1839 1841 1974 3237 3833 3834
1253 9 2 2 31 2239 2169 2244 3835 3379 2956
1254 9 2 2 31 2161 2136 2570 3836 3484 3837
1255 9 2 2 31 36 1426 2301 3838 2828 3839
1256 9 2 2 31 1774 2056 2057 3074 3840 3841
1257 9 2 2 31 1437 2075 2141 3287 3324 3842
1258 9 2 2 31 2102 2103 2341 3843 3844 3845
1259 9 2 2 31 286 1396 2074 3846 3847 3848
1260 9 2 2 31 1969 1970 1977 3054 3849 3850
1261 9 2 2 31 2142 1864 2143 3851 3032 3353
1262 9 2 2 31 1862 2156 2273 3455 3852 3853
1263 9 2 2 31 1586 2144 2147 3854 3855 3529
1264 9 2 2 31 1561 1567 2121 3856 3857 3383
1265 9 2 2 31 1602 1478 2086 3537 3598 3858
1266 9 2 2 31 1404 2198 2580 2835 3802 3859
1267 9 2 2 31 2011 1797 2012 2751 3104 3860
1268 9 2 2 31 1516 2332 2347 3861 3862 3863
1269 9 2 2 31 1621 1622 1649 3864 3865 3803
1270 9 2 2 31 1842 2210 2576 3866 3867 3868
1271 9 2 2 31 1447 2252 2602 3869 3125 3727
1272 9 2 2 31 1792 1984 2589 3466 3870 3608
1273 9 2 2 31 36 37 1426 55 3871 3838
1274 9 2 2 31 96 97 1425 115 3688 3872
1275 9 2 2 31 1784 1636 1980 3254 2736 3873
1276 9 2 2 31 1457 1455 2556 3136 3874 3875
1277 9 2 2 31 1461 1463 2557 3140 3876 3877
1278 9 2 2 31 1906 1802 2246 3878 3452 3879
1279 9 2 2 31 1482 1484 1485 3880 3881 3882
1280 9 2 2 31 2105 1909 2423 3673 3883 3456
1281 9 2 2 31 1497 1499 2089 3884 3542 3885
1282 9 2 2 31 1430 94 2444 3784 3886 3755
1283 9 2 2 31 1823 1821 1825 3887 2944 3888
1284 9 2 2 31 1603 1511 2139 3889 3890 3891
1285 9 2 2 31 1781 1800 2219 3892 3893 3347
1286 9 2 2 31 1651 1658 1797 3894 3102 3045
1287 9 2 2 31 1726 1730 2232 3895 3896 3897
1288 9 2 2 31 2016 1400 2450 3543 3898 3549
1289 9 2 2 31 1963 1964 1965 3218 3899 3900
1290 9 2 2 31 2332 1901 2347 3188 3901 3862
1291 9 2 2 31 2021 2020 2022 3806 3902 3903
1292 9 2 2 31 1722 1864 2142 3904 3851 3905
1293 9 2 2 31 1435 2024 2604 3248 2913 3906
1294 9 2 2 31 1848 2168 2226 3907 3908 3909
1295 9 2 2 31 1818 1820 2351 3910 3911 3912
1296 9 2 2 31 2120 2108 2223 3110 2861 3913
1297 9 2 2 31 1532 1533 2128 3914 3915 3299
1298 9 2 2 31 1480 1482 2005 3916 3917 3024
1299 9 2 2 31 1887 1993 2334 3766 3918 3919
1300 9 2 2 31 1416 2159 2443 3525 3920 3694
1301 9 2 2 31 2090 1553 2091 3504 3921 3922
1302 9 2 2 31 1848 2166 2167 3923 3553 3924
1303 9 2 2 31 2292 2116 2586 3413 3925 3926
1304 9 2 2 31 1705 1861 2017 3927 3479 3928
1305 9 2 2 31 1751 2035 2383 2836 3779 3929
1306 9 2 2 31 91 92 2024 110 3539 3247
1307 9 2 2 31 2318 39 2546 3680 3930 3931
1308 9 2 2 31 1423 182 2325 3932 3933 3578
1309 9 2 2 31 2045 317 2072 3934 3935 3407
1310 9 2 2 31 1472 1475 2001 3290 3308 3936
1311 9 2 2 31 2128 1895 2129 3937 3672 3300
1312 9 2 2 31 1432 100 2229 3938 3939 3223
1313 9 2 2 31 1879 2184 2363 3099 3940 3941
1314 9 2 2 31 1727 1998 2569 3394 3942 3943
1315 9 2 2 31 2104 2019 2483 2875 3944 3945
1316 9 2 2 31 1792 1738 1793 3271 3946 3947
1317 9 2 2 31 2222 1597 2554 3618 3948 3949
1318 9 2 2 31 1482 1485 2005 3882 3440 3917
1319 9 2 2 31 1907 1908 1910 3950 3951 3711
1320 9 2 2 31 33 1431 2201 3952 2809 3953
1321 9 2 2 31 1917 1949 2016 3954 3955 3956
1322 9 2 2 31 2102 2341 2357 3845 3957 2724
1323 9 2 2 31 2011 2012 2013 3860 3958 3959
1324 9 2 2 31 1777 1648 2084 3960 3535 3961
1325 9 2 2 31 1557 1560 1587 3962 3963 3964
1326 9 2 2 31 1586 1577 2144 3965 3966 3854
1327 9 2 2 31 1408 2520 2570 3967 3968 3483
1328 9 2 2 31 1911 1977 2578 3233 3969 3970
1329 9 2 2 31 1476 1477 1478 3971 3972 3536
1330 9 2 2 31 1703 1705 2017 3973 3928 3696
1331 9 2 2 31 1649 1650 1651 3974 3975 3545
1332 9 2 2 31 1910 1911 2079 3976 3977 2704
1333 9 2 2 31 1493 1494 1495 3978 3979 3980
1334 9 2 2 31 68 69 1455 78 3981 3664
1335 9 2 2 31 73 74 1461 83 3666 3982
1336 9 2 2 31 2028 2087 2374 3983 3748 3984
1337 9 2 2 31 2209 1422 2396 3985 3986 3476
1338 9 2 2 31 1848 1747 2166 3987 3988 3923
1339 9 2 2 31 1730 1741 2232 3989 3990 3896
1340 9 2 2 31 1485 1484 1486 3881 3991 3768
1341 9 2 2 31 2064 2160 2529 3992 3445 2931
1342 9 2 2 31 2177 1984 2179 3993 3589 3994
1343 9 2 2 31 2402 1983 2478 3726 3240 3995
1344 9 2 2 31 1589 2100 2231 3996 3997 3998
1345 9 2 2 31 1734 1862 2273 3999 3853 4000
1346 9 2 2 31 1861 1916 1917 4001 4002 3826
1347 9 2 2 31 2168 2171 2226 4003 3325 3908
1348 9 2 2 31 1654 1632 2126 4004 4005 4006
1349 9 2 2 31 1632 1856 2126 4007 4008 4005
1350 9 2 2 31 2001 2000 2372 3307 4009 4010
1351 9 2 2 31 1660 1662 1849 4011 4012 4013
1352 9 2 2 31 2149 2148 2150 3115 3752 4014
1353 9 2 2 31 2090 2091 2092 3922 4015 4016
1354 9 2 2 31 1474 1472 2001 4017 3936 3090
1355 9 2 2 31 2087 1737 2441 2753 4018 3749
1356 9 2 2 31 1591 1777 2121 4019 3273 4020
1357 9 2 2 31 1999 1602 2085 3792 3623 3319
1358 9 2 2 31 2093 2092 2565 4021 3791 4022
1359 9 2 2 31 2021 2022 2191 3903 4023 4024
1360 9 2 2 31 2351 2352 2452 4025 2847 4026
1361 9 2 2 31 1801 1844 1907 4027 4028 3584
1362 9 2 2 31 1594 1895 2128 4029 3937 4030
1363 9 2 2 31 1699 1701 1871 4031 2682 4032
1364 9 2 2 31 1710 1771 1801 4033 4034 3480
1365 9 2 2 31 2000 2370 2372 3552 3614 4009
1366 9 2 2 31 2567 2096 2596 4035 4036 4037
1367 9 2 2 31 1920 1960 1998 4038 4039 4040
1368 9 2 2 31 1478 1479 1480 4041 4042 3597
1369 9 2 2 31 1606 1571 1613 3629 4043 3799
1370 9 2 2 31 1455 69 2602 3981 3728 4044
1371 9 2 2 31 73 1461 2603 3982 4045 3729
1372 9 2 2 31 2213 2212 2230 4046 4047 3351
1373 9 2 2 31 1589 1497 2089 4048 3885 4049
1374 9 2 2 31 1495 1496 1497 4050 4051 4052
1375 9 2 2 31 74 75 1451 84 4053 3665
1376 9 2 2 31 67 68 1452 77 3663 4054
1377 9 2 2 31 1488 2115 2116 4055 3794 4056
1378 9 2 2 31 1456 2252 2463 3123 3393 4057
1379 9 2 2 31 2117 2115 2585 3795 3821 4058
1380 9 2 2 31 2335 2341 2350 4059 4060 4061
1381 9 2 2 31 2131 2130 2132 3279 3119 4062
1382 9 2 2 31 1917 2016 2550 3956 3122 4063
1383 9 2 2 31 2058 2060 2127 4064 3773 4065
1384 9 2 2 31 1651 1652 1658 4066 4067 3894
1385 9 2 2 31 2095 2091 2245 4068 4069 3242
1386 9 2 2 31 1589 2089 2099 4049 3374 4070
1387 9 2 2 31 2019 2018 2483 4071 4072 3944
1388 9 2 2 31 1490 1492 1493 4073 4074 3731
1389 9 2 2 31 1587 1560 2454 3963 4075 2703
1390 9 2 2 31 1593 1854 2278 4076 4077 3569
1391 9 2 2 31 2091 1553 2245 3921 4078 4069
1392 9 2 2 31 1601 2142 2233 4079 3354 4080
1393 9 2 2 31 1495 1589 2231 4081 3998 4082
1394 9 2 2 31 1488 1490 2115 4083 3732 4055
1395 9 2 2 31 1460 2029 2495 2818 4084 3297
1396 9 2 2 31 2387 2386 2440 4085 4086 3202
1397 9 2 2 31 1595 1680 2187 3365 2804 3639
1398 9 2 2 31 2106 2211 2280 4087 4088 4089
1399 9 2 2 31 1573 1556 2195 4090 3786 4091
1400 9 2 2 31 2092 2091 2094 4015 4092 4093
1401 9 2 2 31 1470 1472 1474 3211 4017 4094
1402 9 2 2 31 1499 1501 1553 4095 4096 3541
1403 9 2 2 31 1466 1465 2541 3185 4097 4098
1404 9 2 2 31 1692 1694 1766 4099 4100 4101
1405 9 2 2 31 1584 1585 1595 4102 4103 3638
1406 9 2 2 31 1533 1536 2128 4104 4105 3915
1407 9 2 2 31 1705 1850 1861 4106 4107 3927
1408 9 2 2 31 1567 1591 2121 3706 4020 3857
1409 9 2 2 31 1594 1860 1865 4108 4109 4110
1410 9 2 2 31 2053 1397 2141 4111 4112 3323
1411 9 2 2 31 1557 1558 1560 4113 4114 3962
1412 9 2 2 31 2056 2055 2575 3073 3805 4115
1413 9 2 2 31 1495 1497 1589 4052 4048 4081
1414 9 2 2 31 1744 1654 2126 4116 4006 2833
1415 9 2 2 31 2238 2052 2321 3621 4117 4118
1416 9 2 2 31 2050 2052 2122 4119 3620 4120
1417 9 2 2 31 1486 1488 2116 4121 4056 3497
1418 9 2 2 31 2028 2030 2087 4122 4123 3983
1419 9 2 2 31 1493 1492 1494 4074 4124 3978
1420 9 2 2 31 2227 1982 2302 3740 4125 4126
1421 9 2 2 31 1853 1925 2165 4127 4128 4129
1422 9 2 2 31 2278 2277 2384 4130 4131 4132
1423 9 2 2 31 1474 2352 2543 3092 4133 4134
1424 9 2 2 31 1549 1557 2031 4135 4136 3575
1425 9 2 2 31 1895 1865 2040 4137 4138 2663
1426 9 2 2 31 1465 2078 2541 4139 4140 4097
1427 9 2 2 31 1968 2112 2412 4141 4142 4143
1428 9 2 2 31 1536 1538 1594 4144 4145 4146
1429 9 2 2 31 1424 2202 2203 4147 4148 4149
1430 9 2 2 31 1621 1613 1622 3800 4150 3864
1431 9 2 2 31 1480 1481 1482 4151 4152 3916
1432 9 2 2 31 2209 1958 2499 3475 4153 4154
1433 9 2 2 31 1694 1696 2242 4155 2690 4156
1434 9 2 2 31 2352 2001 2372 3091 4010 2873
1435 9 2 2 31 1985 1934 2599 3708 4157 3006
1436 9 2 2 31 1841 1988 2355 2645 4158 4159
1437 9 2 2 31 1865 1936 2228 4160 3197 4161
1438 9 2 2 31 1597 2036 2554 2732 4162 3948
1439 9 2 2 31 2131 2132 2133 4062 2877 4163
1440 9 2 2 31 1567 1568 1590 4164 4165 3704
1441 9 2 2 31 1510 1511 1603 4166 3889 4167
1442 9 2 2 31 1905 1839 1974 4168 3834 4169
1443 9 2 2 31 2063 2238 2321 4170 4118 3831
1444 9 2 2 31 1689 1692 2106 4171 4172 3812
1445 9 2 2 31 1497 1498 1499 4173 4174 3884
1446 9 2 2 31 1658 1659 1660 4175 4176 4177
1447 9 2 2 31 1763 1774 2552 3669 4178 3105
1448 9 2 2 31 2213 1875 2573 3350 4179 4180
1449 9 2 2 31 1536 1594 2128 4146 4030 4105
1450 9 2 2 31 1971 1980 1981 4181 4182 2783
1451 9 2 2 31 2204 1443 2205 4183 4184 4185
1452 9 2 2 31 1666 1668 1765 4186 3336 4187
1453 9 2 2 31 2465 1904 2515 4188 4189 4190
1454 9 2 2 31 1804 1799 1805 4191 3505 4192
1455 9 2 2 31 1620 1722 2142 4193 3905 4194
1456 9 2 2 31 1510 1740 2175 4195 4196 4197
1457 9 2 2 31 2197 2335 2350 4198 4061 4199
1458 9 2 2 31 2333 71 2485 4200 4201 4202
1459 9 2 2 31 2462 1458 2463 4203 3698 4204
1460 9 2 2 31 1501 1504 2245 4205 3296 4206
1461 9 2 2 31 2321 2052 2428 4117 4207 3421
1462 9 2 2 31 1594 1865 1895 4110 4137 4029
1463 9 2 2 31 1649 1622 1650 3865 4208 3974
1464 9 2 2 31 2079 1408 2391 4209 4210 2796
1465 9 2 2 31 2031 1587 2032 4211 4212 3540
1466 9 2 2 31 1765 2160 2321 3337 3832 3420
1467 9 2 2 31 1740 1603 2182 4213 3225 4214
1468 9 2 2 31 1806 1805 1807 4215 3493 4216
1469 9 2 2 31 1773 1888 2186 4217 2734 4218
1470 9 2 2 31 1506 1509 1510 4219 4220 4221
1471 9 2 2 31 1460 1457 2583 3182 4222 4223
1472 9 2 2 31 1424 177 2202 4224 4225 4147
1473 9 2 2 31 1495 1494 1496 3979 4226 4050
1474 9 2 2 31 1973 1972 2570 3430 4227 4228
1475 9 2 2 31 185 1443 2204 4229 4183 4230
1476 9 2 2 31 1549 1551 1557 4231 4232 4135
1477 9 2 2 31 174 1422 2209 4233 3985 4234
1478 9 2 2 31 1854 2277 2278 3509 4130 4077
1479 9 2 2 31 1698 1613 2292 4235 4236 4237
1480 9 2 2 31 1591 1648 1777 3644 3960 4019
1481 9 2 2 31 1899 1992 2002 4238 3626 3762
1482 9 2 2 31 1800 1717 2217 4239 4240 3448
1483 9 2 2 31 1595 1596 1599 4241 4242 3364
1484 9 2 2 31 1613 1571 2292 4043 4243 4236
1485 9 2 2 31 1521 1524 2235 4244 4245 4246
1486 9 2 2 31 1857 1918 1982 4247 4248 3739
1487 9 2 2 31 1425 2021 2369 3807 4249 3265
1488 9 2 2 31 2140 1782 2326 4250 4251 4252
1489 9 2 2 31 1762 1645 1763 4253 3668 4254
1490 9 2 2 31 1444 188 2212 4255 4256 4257
1491 9 2 2 31 172 1446 2214 4258 4259 4260
1492 9 2 2 31 1451 75 2408 4053 2718 4261
1493 9 2 2 31 67 1452 2407 4054 4262 2719
1494 9 2 2 31 1542 1544 1597 4263 3170 3617
1495 9 2 2 31 1848 2167 2168 3924 4264 3907
1496 9 2 2 31 1626 1624 2196 4265 4266 4267
1497 9 2 2 31 1471 1469 1872 3267 4268 3823
1498 9 2 2 31 1444 2212 2213 4257 4046 4269
1499 9 2 2 31 1688 2106 2280 3813 4089 4270
1500 9 2 2 31 1800 2218 2219 3360 3631 3893
1501 9 2 2 31 86 87 2549 105 4271 4272
1502 9 2 2 31 46 47 2548 65 4273 4274
1503 9 2 2 31 2296 2203 2361 3423 4275 4276
1504 9 2 2 31 2044 1395 2550 4277 3691 3121
1505 9 2 2 31 1499 1500 1501 4278 4279 4095
1506 9 2 2 31 1798 1763 1799 4280 3026 4281
1507 9 2 2 31 170 1403 2215 4282 4283 4284
1508 9 2 2 31 1808 1807 1809 4285 3390 4286
1509 9 2 2 31 1724 1726 2232 4287 3897 4288
1510 9 2 2 31 1845 1795 1846 3381 4289 3388
1511 9 2 2 31 1754 1732 2220 4290 4291 4292
1512 9 2 2 31 2029 1433 2495 3488 4293 4084
1513 9 2 2 31 2149 2150 2151 4014 4294 4295
1514 9 2 2 31 2022 2020 2023 3902 3404 4296
1515 9 2 2 31 1828 1827 2588 4297 4298 2871
1516 9 2 2 31 2145 2146 2154 4299 2737 4300
1517 9 2 2 31 2223 2057 2316 3022 4301 4302
1518 9 2 2 31 1785 1848 2226 4303 3909 4304
1519 9 2 2 31 1974 1841 2566 3833 4305 4306
1520 9 2 2 31 1878 1877 1896 4307 4308 4309
1521 9 2 2 31 1761 1899 2263 4310 3763 4311
1522 9 2 2 31 1747 1615 2166 4312 4313 3988
1523 9 2 2 31 1962 2367 2414 4314 3500 4315
1524 9 2 2 31 1510 1509 1511 4220 4316 4166
1525 9 2 2 31 2035 2032 2433 3798 4317 3310
1526 9 2 2 31 2144 1790 2145 4318 4319 4320
1527 9 2 2 31 2384 2277 2417 4131 4321 4322
1528 9 2 2 31 1513 1515 1516 4323 4324 4325
1529 9 2 2 31 1510 1603 1740 4167 4213 4195
1530 9 2 2 31 1672 1675 1676 4326 4327 4328
1531 9 2 2 31 1830 1828 1831 4329 2892 4330
1532 9 2 2 31 1511 1513 2139 4331 4332 3890
1533 9 2 2 31 2204 2205 2206 4185 4333 4334
1534 9 2 2 31 2206 2205 2207 4333 4335 4336
1535 9 2 2 31 1501 1503 1504 4337 4338 4205
1536 9 2 2 31 1517 1519 1520 4339 4340 4341
1537 9 2 2 31 1888 1853 2165 4342 4129 4343
1538 9 2 2 31 1722 1724 1864 4344 4345 3904
1539 9 2 2 31 2083 1757 2519 2897 4346 4347
1540 9 2 2 31 1865 1860 1936 4109 4348 4160
1541 9 2 2 31 1504 1506 2175 4349 4350 3295
1542 9 2 2 31 1520 1521 2235 4351 4246 4352
1543 9 2 2 31 2140 1854 2276 3507 4353 4354
1544 9 2 2 31 1482 1483 1484 4355 4356 3880
1545 9 2 2 31 1677 1679 1684 4357 4358 3415
1546 9 2 2 31 1873 1874 2198 4359 3719 2620
1547 9 2 2 31 1897 2271 2299 4360 4361 4362
1548 9 2 2 31 1692 1766 2106 4101 4363 4172
1549 9 2 2 31 1660 1661 1662 4364 4365 4011
1550 9 2 2 31 1856 2196 2197 4366 3721 4367
1551 9 2 2 31 2011 2013 2479 3959 3596 3014
1552 9 2 2 31 2168 2167 2169 4264 3051 4368
1553 9 2 2 31 2215 1403 2216 4283 4369 4370
1554 9 2 2 31 1594 1538 1860 4145 4371 4108
1555 9 2 2 31 1513 1516 2139 4325 4372 4332
1556 9 2 2 31 33 34 1431 52 4373 3952
1557 9 2 2 31 99 100 1432 118 3938 2742
1558 9 2 2 31 1577 1575 2144 4374 4375 3966
1559 9 2 2 31 2007 2009 2010 3775 3770 4376
1560 9 2 2 31 2214 1446 2246 4259 4377 4378
1561 9 2 2 31 2147 2145 2148 4379 4380 3199
1562 9 2 2 31 1732 1731 1739 4381 4382 4383
1563 9 2 2 31 2096 2095 2596 4384 3243 4036
1564 9 2 2 31 1575 1573 1790 4385 4386 4387
1565 9 2 2 31 1603 2139 2354 3891 4388 3226
1566 9 2 2 31 2094 2095 2096 4389 4384 4390
1567 9 2 2 31 1730 1729 1731 4391 4392 4393
1568 9 2 2 31 1497 1496 1498 4051 4394 4173
1569 9 2 2 31 2212 1421 2230 4395 4396 4047
1570 9 2 2 31 1925 2101 2102 4397 4398 4399
1571 9 2 2 31 1730 1731 1732 4393 4381 4400
1572 9 2 2 31 1651 1650 1652 3975 4401 4066
1573 9 2 2 31 1864 2232 2327 4402 4403 3033
1574 9 2 2 31 1604 1586 1605 4404 3528 4405
1575 9 2 2 31 1463 1466 2601 3186 4406 4407
1576 9 2 2 31 1698 2193 2317 4408 2959 4409
1577 9 2 2 31 2196 1624 2283 4266 4410 3722
1578 9 2 2 31 1785 1747 1848 4411 3987 4303
1579 9 2 2 31 1717 1647 2217 4412 4413 4240
1580 9 2 2 31 1926 1782 2140 4414 4250 4415
1581 9 2 2 31 2146 2251 2411 4416 4417 2738
1582 9 2 2 31 1521 1523 1524 4418 4419 4244
1583 9 2 2 31 1620 1721 1722 4420 4421 4193
1584 9 2 2 31 1853 1924 1925 4422 4423 4127
1585 9 2 2 31 2151 2150 2152 4294 4424 4425
1586 9 2 2 31 2105 327 2403 4426 4427 4428
1587 9 2 2 31 2090 2092 2093 4016 4021 3251
1588 9 2 2 31 1773 1853 1888 4429 4342 4217
1589 9 2 2 31 1917 1916 1949 4002 4430 3954
1590 9 2 2 31 287 286 2074 305 3848 4431
1591 9 2 2 31 1724 1725 1726 4432 4433 4287
1592 9 2 2 31 1506 1510 2175 4221 4197 4350
1593 9 2 2 31 1878 1896 2112 4309 4434 4435
1594 9 2 2 31 2087 2030 2088 4123 4436 3056
1595 9 2 2 31 1773 1852 1853 4437 4438 4429
1596 9 2 2 31 1861 1850 1916 4107 4439 4001
1597 9 2 2 31 1979 1897 2299 4440 4362 3204
1598 9 2 2 31 1734 1759 1862 4441 4442 3999
1599 9 2 2 31 2017 2018 2019 3363 4071 3697
1600 9 2 2 31 1561 1563 1567 4443 4444 3856
1601 9 2 2 31 1579 1577 1586 4445 3965 4446
1602 9 2 2 31 1486 1487 1488 4447 4448 4121
1603 9 2 2 31 1732 1739 2220 4383 4449 4291
1604 9 2 2 31 1899 1953 1992 4450 4451 4238
1605 9 2 2 31 2106 1766 2211 4363 4452 4087
1606 9 2 2 31 1786 1754 1877 4453 4454 4455
1607 9 2 2 31 1726 1729 1730 4456 4391 3895
1608 9 2 2 31 2291 41 2497 4457 2613 4458
1609 9 2 2 31 2145 1790 2146 4319 4459 4299
1610 9 2 2 31 1715 1773 2186 4460 4218 4461
1611 9 2 2 31 1662 1663 1664 4462 4463 4464
1612 9 2 2 31 1575 1790 2144 4387 4318 4375
1613 9 2 2 31 2166 1581 2243 4465 4466 3554
1614 9 2 2 31 1504 1505 1506 4467 4468 4349
1615 9 2 2 31 2148 2145 2154 4380 4300 3753
1616 9 2 2 31 1968 1878 2112 4469 4435 4141
1617 9 2 2 31 2070 1401 2581 4470 4471 4472
1618 9 2 2 31 1887 2334 2513 3919 4473 3655
1619 9 2 2 31 1642 1605 1647 4474 4475 4476
1620 9 2 2 31 2040 1865 2228 4138 4161 3277
1621 9 2 2 31 1862 1863 2109 4477 4478 3454
1622 9 2 2 31 1525 1527 1528 4479 4480 4481
1623 9 2 2 31 1726 1728 1729 4482 4483 4456
1624 9 2 2 31 1722 1723 1724 4484 4485 4344
1625 9 2 2 31 1516 1515 1517 4324 4486 4487
1626 9 2 2 31 1741 1732 1754 4488 4290 4489
1627 9 2 2 31 1881 1785 1883 4490 4491 4492
1628 9 2 2 31 2063 2059 2238 4493 4494 4170
1629 9 2 2 31 1925 2102 2353 4399 2723 4495
1630 9 2 2 31 1539 1542 2222 4496 3619 4497
1631 9 2 2 31 31 32 1450 50 4498 4499
1632 9 2 2 31 101 102 1449 120 4500 4501
1633 9 2 2 31 1739 1767 1873 4502 4503 4504
1634 9 2 2 31 1630 1626 2196 4505 4267 4506
1635 9 2 2 31 1746 1615 1747 4507 4312 4508
1636 9 2 2 31 2100 2099 2192 4509 2985 4510
1637 9 2 2 31 1579 1586 1604 4446 4404 4511
1638 9 2 2 31 2144 2145 2147 4320 4379 3855
1639 9 2 2 31 1601 1620 2142 4512 4194 4079
1640 9 2 2 31 2266 2264 2286 4513 4514 4515
1641 9 2 2 31 1752 1747 1785 4516 4411 4517
1642 9 2 2 31 1647 1736 2217 4518 3613 4413
1643 9 2 2 31 318 317 2045 336 3934 4519
1644 9 2 2 31 1972 2161 2570 4520 3837 4227
1645 9 2 2 31 1520 1519 1521 4340 4521 4351
1646 9 2 2 31 2168 2169 2170 4368 4522 4523
1647 9 2 2 31 2109 1863 2110 4478 4524 3418
1648 9 2 2 31 1632 1630 1856 4525 4526 4007
1649 9 2 2 31 1493 1495 2231 3980 4082 3559
1650 9 2 2 31 1604 1605 1642 4405 4474 3129
1651 9 2 2 31 2188 1884 2375 3213 4527 4528
1652 9 2 2 31 1766 1694 2242 4100 4156 4529
1653 9 2 2 31 1711 1713 2299 4530 3532 4531
1654 9 2 2 31 1421 2204 2206 4532 4334 4533
1655 9 2 2 31 1658 1652 1659 4067 4534 4175
1656 9 2 2 31 1692 1693 1694 4535 4536 4099
1657 9 2 2 31 1499 1498 1500 4174 4537 4278
1658 9 2 2 31 2386 2388 2440 4538 4539 4086
1659 9 2 2 31 2113 1913 2489 4540 4541 3661
1660 9 2 2 31 1615 1581 2166 4542 4465 4313
1661 9 2 2 31 1894 2135 2443 3293 3695 3195
1662 9 2 2 31 2113 1466 2541 3660 4098 4543
1663 9 2 2 31 176 1445 2202 4544 4545 4546
1664 9 2 2 31 1664 1665 1666 4547 4548 4549
1665 9 2 2 31 1856 1630 2196 4526 4506 4366
1666 9 2 2 31 1676 1675 1677 4327 4550 3333
1667 9 2 2 31 1445 175 2209 4551 4552 4553
1668 9 2 2 31 1786 1877 1878 4455 4307 4554
1669 9 2 2 31 1421 186 2204 4555 4556 4532
1670 9 2 2 31 1713 1715 2186 4557 4461 3531
1671 9 2 2 31 2097 2120 2223 4558 3913 4559
1672 9 2 2 31 1506 1508 1509 4560 4561 4219
1673 9 2 2 31 70 71 2333 80 4200 4562
1674 9 2 2 31 187 1421 2212 4563 4395 4564
1675 9 2 2 31 1422 173 2214 4565 4566 4567
1676 9 2 2 31 71 2026 2485 3530 4568 4201
1677 9 2 2 31 2271 1897 2290 4360 4569 4570
1678 9 2 2 31 1715 1719 1773 4571 4572 4460
1679 9 2 2 31 2059 1402 2238 4573 4574 4494
1680 9 2 2 31 1446 171 2215 4575 4576 4577
1681 9 2 2 31 2172 2170 2173 4578 4579 4580
1682 9 2 2 31 1862 1759 1863 4442 4581 4477
1683 9 2 2 31 2131 2133 2134 4163 4582 4583
1684 9 2 2 31 1557 1587 2031 3964 4211 4136
1685 9 2 2 31 1647 1605 1736 4475 3442 4518
1686 9 2 2 31 2207 2205 2208 4335 4584 4585
1687 9 2 2 31 1781 1717 1800 4586 4239 3892
1688 9 2 2 31 1920 1998 2510 4040 3395 4587
1689 9 2 2 31 1528 2131 2319 3280 4588 4589
1690 9 2 2 31 2010 2056 2575 4590 4115 4591
1691 9 2 2 31 1553 1501 2245 4096 4206 4078
1692 9 2 2 31 1694 1695 1696 4592 4593 4155
1693 9 2 2 31 1478 1477 1479 3972 4594 4041
1694 9 2 2 31 2172 2173 2262 4580 4595 4596
1695 9 2 2 31 1957 1956 1991 4597 4598 4599
1696 9 2 2 31 1599 1600 1634 4600 4601 3219
1697 9 2 2 31 2210 1842 2515 3866 4602 4603
1698 9 2 2 31 1864 1724 2232 4345 4288 4402
1699 9 2 2 31 2108 1405 2334 3109 4604 4605
1700 9 2 2 31 1570 1583 1584 4606 4607 2854
1701 9 2 2 31 183 182 1423 222 3932 4608
1702 9 2 2 31 181 180 1442 220 3317 4609
1703 9 2 2 31 178 177 1424 217 4224 4610
1704 9 2 2 31 1716 1647 1717 4611 4412 4612
1705 9 2 2 31 37 38 2279 56 4613 4614
1706 9 2 2 31 185 184 1443 224 4615 4229
1707 9 2 2 31 176 175 1445 215 4551 4544
1708 9 2 2 31 1752 1785 1881 4517 4490 4616
1709 9 2 2 31 1726 1725 1728 4433 4617 4482
1710 9 2 2 31 187 186 1421 226 4555 4563
1711 9 2 2 31 174 173 1422 213 4565 4233
1712 9 2 2 31 1501 1500 1503 4279 4618 4337
1713 9 2 2 31 1490 1491 1492 4619 4620 4073
1714 9 2 2 31 40 41 2291 59 4457 4621
1715 9 2 2 31 1524 1523 1525 4419 4622 4623
1716 9 2 2 31 1743 1654 1744 4624 4116 3780
1717 9 2 2 31 1729 1728 1734 4483 4625 4626
1718 9 2 2 31 1780 1717 1781 4627 4586 4628
1719 9 2 2 31 2116 2117 2586 3796 4629 3925
1720 9 2 2 31 189 188 1444 228 4255 3580
1721 9 2 2 31 172 171 1446 211 4575 4258
1722 9 2 2 31 1696 1697 1699 4630 4631 4632
1723 9 2 2 31 1883 1785 2226 4491 4304 4633
1724 9 2 2 31 1724 1723 1725 4485 4634 4432
1725 9 2 2 31 1710 1646 1771 3692 4635 4033
1726 9 2 2 31 1488 1489 1490 4636 4637 4083
1727 9 2 2 31 2170 2169 2239 4522 3835 4638
1728 9 2 2 31 191 190 1404 230 3586 4639
1729 9 2 2 31 170 169 1403 209 4640 4282
1730 9 2 2 31 1925 1924 2101 4423 4641 4397
1731 9 2 2 31 1739 1731 1767 4382 4642 4502
1732 9 2 2 31 1480 1479 1481 4042 4643 4151
1733 9 2 2 31 2149 2151 2153 4295 4644 3751
1734 9 2 2 31 2200 1981 2416 2784 4645 4646
1735 9 2 2 31 1476 1473 1477 3587 4647 3971
1736 9 2 2 31 1662 1664 2376 4464 2681 4648
1737 9 2 2 31 1685 1687 1688 4649 4650 4651
1738 9 2 2 31 1557 1551 1558 4232 4652 4113
1739 9 2 2 31 2267 1883 2268 4653 4654 4655
1740 9 2 2 31 1745 1746 2310 4656 4657 4658
1741 9 2 2 31 1607 2271 2290 4659 4570 4660
1742 9 2 2 31 1447 70 2333 3510 4562 4661
1743 9 2 2 31 1511 1512 1513 4662 4663 4331
1744 9 2 2 31 1914 2076 2378 4664 3519 4665
1745 9 2 2 31 1853 1852 1924 4438 4666 4422
1746 9 2 2 31 2268 165 2579 4667 4668 4669
1747 9 2 2 31 1634 1635 1636 4670 4671 3253
1748 9 2 2 31 1689 1691 1692 4672 4673 4171
1749 9 2 2 31 2246 1954 2524 3451 4674 4675
1750 9 2 2 31 1398 2048 2247 4676 4677 4678
1751 9 2 2 31 1873 1767 1874 4503 4679 4359
1752 9 2 2 31 1773 1719 1852 4572 4680 4437
1753 9 2 2 31 1664 1666 2340 4549 4681 2680
1754 9 2 2 31 1955 1803 1956 4682 3566 4683
1755 9 2 2 31 2173 2170 2239 4579 4638 3061
1756 9 2 2 31 1642 1647 1716 4476 4611 4684
1757 9 2 2 31 43 44 2560 62 4685 4686
1758 9 2 2 31 1832 1831 1833 4687 2978 4688
1759 9 2 2 31 1746 1747 1752 4508 4516 4689
1760 9 2 2 31 1666 1667 1668 4690 4691 4186
1761 9 2 2 31 1730 1732 1741 4400 4488 3989
1762 9 2 2 31 1741 1754 1786 4489 4453 4692
1763 9 2 2 31 2036 1936 2554 2914 4693 4162
1764 9 2 2 31 1502 2143 2542 3172 4694 4695
1765 9 2 2 31 1434 2113 2541 3094 4543 4696
1766 9 2 2 31 1589 2099 2100 4070 4509 3996
1767 9 2 2 31 1576 1575 1577 4697 4374 4698
1768 9 2 2 31 1482 1481 1483 4152 4699 4355
1769 9 2 2 31 1578 1577 1579 4700 4445 4701
1770 9 2 2 31 1910 1908 1911 3951 4702 3976
1771 9 2 2 31 2102 2101 2103 4398 2800 3843
1772 9 2 2 31 1729 1734 2273 4626 4000 4703
1773 9 2 2 31 2171 2170 2172 4704 4578 2626
1774 9 2 2 31 1810 1809 1811 4705 3464 4706
1775 9 2 2 31 1802 1781 1803 4707 3346 4708
1776 9 2 2 31 1915 1881 2267 4709 4710 4711
1777 9 2 2 31 1504 1503 1505 4338 4712 4467
1778 9 2 2 31 1790 1573 2195 4386 4091 4713
1779 9 2 2 31 1947 2155 2371 4714 3471 4715
1780 9 2 2 31 2041 1915 2043 4716 4717 3208
1781 9 2 2 31 177 176 2202 216 4546 4225
1782 9 2 2 31 186 185 2204 225 4230 4556
1783 9 2 2 31 88 1434 2078 3701 4718 4719
1784 9 2 2 31 1433 45 2077 3702 4720 4721
1785 9 2 2 31 175 174 2209 214 4234 4552
1786 9 2 2 31 188 187 2212 227 4564 4256
1787 9 2 2 31 173 172 2214 212 4260 4566
1788 9 2 2 31 1560 2121 2454 3384 3274 4075
1789 9 2 2 31 1513 1514 1515 4722 4723 4323
1790 9 2 2 31 2134 2133 2236 4582 4724 4725
1791 9 2 2 31 2097 2223 2316 4559 4302 4726
1792 9 2 2 31 1722 1721 1723 4421 4727 4484
1793 9 2 2 31 171 170 2215 210 4284 4576
1794 9 2 2 31 1716 1717 1780 4612 4627 4728
1795 9 2 2 31 2197 1530 2335 3435 4729 4198
1796 9 2 2 31 1565 1556 1573 4730 4090 4731
1797 9 2 2 31 2094 2091 2095 4092 4068 4389
1798 9 2 2 31 1421 2206 2230 4533 4732 4396
1799 9 2 2 31 1955 1956 1957 4683 4597 4733
1800 9 2 2 31 1769 2040 2436 2716 3278 4734
1801 9 2 2 31 45 46 2077 64 4735 4720
1802 9 2 2 31 87 88 2078 106 4719 4736
1803 9 2 2 31 1660 1659 1661 4176 4737 4364
1804 9 2 2 31 1699 1700 1701 4738 4739 4031
1805 9 2 2 31 2092 2094 2470 4093 4740 4741
1806 9 2 2 31 44 2404 2560 4742 4743 4685
1807 9 2 2 31 1574 1573 1575 4744 4385 4745
1808 9 2 2 31 1602 2086 2312 3858 3765 3648
1809 9 2 2 31 1684 1679 1685 4358 4746 4747
1810 9 2 2 31 1965 2027 2028 4748 4749 4750
1811 9 2 2 31 165 2268 2469 4667 4751 4752
1812 9 2 2 31 2556 1455 2602 3874 4044 3604
1813 9 2 2 31 1461 2557 2603 3877 3607 4045
1814 9 2 2 31 2076 1914 2490 4664 3819 4753
1815 9 2 2 31 1517 1518 1519 4754 4755 4339
1816 9 2 2 31 2158 1942 2159 3828 4756 4757
1817 9 2 2 31 1767 1731 2273 4642 4758 4759
1818 9 2 2 31 1896 1877 2249 4308 4760 3370
1819 9 2 2 31 2193 1698 2586 4408 4761 4762
1820 9 2 2 31 1711 1712 1713 4763 4764 4530
1821 9 2 2 31 1780 1781 1802 4628 4707 4765
1822 9 2 2 31 1668 1669 1670 4766 4767 2991
1823 9 2 2 31 1641 2374 2441 4768 3750 4769
1824 9 2 2 31 2220 1945 2453 4770 3462 4771
1825 9 2 2 31 1882 1881 1915 4772 4709 4773
1826 9 2 2 31 2265 2264 2266 4774 4513 3737
1827 9 2 2 31 2084 1764 2476 3534 4775 4776
1828 9 2 2 31 1975 1938 2433 4777 3311 2633
1829 9 2 2 31 1670 1671 1672 4778 4779 4780
1830 9 2 2 31 1628 1626 1630 4781 4505 4782
1831 9 2 2 31 1536 1537 1538 4783 4784 4144
1832 9 2 2 31 2156 1767 2273 4785 4759 3852
1833 9 2 2 31 1506 1505 1508 4468 4786 4560
1834 9 2 2 31 2097 281 2120 4787 4788 4558
1835 9 2 2 31 282 281 2097 300 4787 4789
1836 9 2 2 31 2340 1765 2428 4790 3422 4791
1837 9 2 2 31 1609 1612 1711 4792 4793 4794
1838 9 2 2 31 2168 2170 2171 4523 4704 4003
1839 9 2 2 31 1701 1702 1703 4795 4796 2936
1840 9 2 2 31 1883 2226 2300 4633 3326 4797
1841 9 2 2 31 2235 1524 2393 4245 4798 4799
1842 9 2 2 31 1968 2412 2466 4143 4800 4801
1843 9 2 2 31 2065 2066 2067 4802 4803 2852
1844 9 2 2 31 1935 1878 1968 4804 4469 4805
1845 9 2 2 31 1560 1558 1561 4114 4806 3382
1846 9 2 2 31 1593 1644 1854 4807 4808 4076
1847 9 2 2 31 1676 2071 2380 3335 4809 2963
1848 9 2 2 31 1486 1484 1487 3991 4810 4447
1849 9 2 2 31 1427 2110 2536 3419 4811 4812
1850 9 2 2 31 1609 1711 2271 4794 4813 4814
1851 9 2 2 31 100 101 2229 119 4815 3939
1852 9 2 2 31 1403 169 2262 4640 4816 4817
1853 9 2 2 31 2058 1402 2059 4818 4573 4819
1854 9 2 2 31 1812 1811 1813 4820 3653 4821
1855 9 2 2 31 2207 2208 2336 4585 4822 3168
1856 9 2 2 31 1933 1961 1962 4823 4824 4825
1857 9 2 2 31 1907 1844 1908 4028 4826 3950
1858 9 2 2 31 1658 1660 2591 4177 4827 3366
1859 9 2 2 31 1491 1601 2233 4828 4080 4829
1860 9 2 2 31 1672 1674 1675 4830 4831 4326
1861 9 2 2 31 1734 1735 1759 4832 4833 4441
1862 9 2 2 31 1579 1604 1616 4511 3793 4834
1863 9 2 2 31 290 1397 2050 4835 4836 4837
1864 9 2 2 31 32 33 2201 51 3953 4838
1865 9 2 2 31 2060 2062 2065 4839 4840 3772
1866 9 2 2 31 2203 2202 2361 4148 4841 4275
1867 9 2 2 31 1801 1771 1844 4034 4842 4027
1868 9 2 2 31 2281 2043 2486 3193 4843 4844
1869 9 2 2 31 1713 1714 1715 4845 4846 4557
1870 9 2 2 31 1490 1489 1491 4637 4847 4619
1871 9 2 2 31 1521 1522 1523 4848 4849 4418
1872 9 2 2 31 2056 2010 2528 4590 4850 4851
1873 9 2 2 31 1662 1661 1663 4365 4852 4462
1874 9 2 2 31 293 1402 2058 4853 4818 4854
1875 9 2 2 31 1631 1630 1632 4855 4525 4856
1876 9 2 2 31 2050 1397 2051 4836 4857 4858
1877 9 2 2 31 1954 1803 1955 4859 4682 4860
1878 9 2 2 31 2304 2132 2358 2878 3428 4861
1879 9 2 2 31 95 96 2364 114 4862 4863
1880 9 2 2 31 316 1401 2072 4864 4865 4866
1881 9 2 2 31 1810 1812 2370 4867 4868 4869
1882 9 2 2 31 1531 1530 2283 4870 3437 4871
1883 9 2 2 31 1881 1883 2267 4492 4653 4710
1884 9 2 2 31 319 1398 2247 4872 4678 4873
1885 9 2 2 31 1688 1687 1689 4650 4874 3811
1886 9 2 2 31 1579 1616 2243 4834 3316 4875
1887 9 2 2 31 1423 2082 2498 2758 3207 4876
1888 9 2 2 31 1642 1716 1756 4684 4877 3571
1889 9 2 2 31 2015 2474 2538 3743 4878 4879
1890 9 2 2 31 1854 1644 2276 4808 4880 4353
1891 9 2 2 31 1677 1678 1679 4881 4882 4357
1892 9 2 2 31 1748 1950 2345 4883 4884 4885
1893 9 2 2 31 1761 1898 1899 4886 4887 4310
1894 9 2 2 31 1703 1704 1705 4888 4889 3973
1895 9 2 2 31 1576 1577 1578 4698 4700 4890
1896 9 2 2 31 34 35 2331 53 3634 4891
1897 9 2 2 31 1511 1509 1512 4316 4892 4662
1898 9 2 2 31 2110 1863 2124 4524 4893 4894
1899 9 2 2 31 2072 1401 2073 4865 4895 2983
1900 9 2 2 31 2375 1590 2564 4896 4897 4898
1901 9 2 2 31 1778 1901 1902 4899 3192 4900
1902 9 2 2 31 2146 1790 2195 4459 4713 4901
1903 9 2 2 31 1802 1803 1954 4708 4859 3450
1904 9 2 2 31 1402 292 2122 4902 4903 4904
1905 9 2 2 31 2146 2195 2251 4901 3583 4416
1906 9 2 2 31 1664 1663 1665 4463 4905 4547
1907 9 2 2 31 1516 1517 2332 4487 4906 3861
1908 9 2 2 31 1533 1535 1536 4907 4908 4104
1909 9 2 2 31 1488 1487 1489 4448 4909 4636
1910 9 2 2 31 1958 1957 1959 4910 4911 4912
1911 9 2 2 31 1823 1825 1826 3888 3658 4913
1912 9 2 2 31 1524 1525 2319 4623 4914 4915
1913 9 2 2 31 1778 1902 2287 4900 4916 4917
1914 9 2 2 31 1754 2220 2453 4292 4771 4918
1915 9 2 2 31 1525 1526 1527 4919 4920 4479
1916 9 2 2 31 1894 1846 1951 3389 4921 3410
1917 9 2 2 31 1438 320 2247 4922 4923 4924
1918 9 2 2 31 1715 1718 1719 4925 4926 4571
1919 9 2 2 31 2067 2068 2069 4927 3158 3776
1920 9 2 2 31 2366 2374 2521 4928 4929 4930
1921 9 2 2 31 2103 2126 2350 2834 4931 4932
1922 9 2 2 31 1397 289 2141 4933 4934 4112
1923 9 2 2 31 1494 1492 1502 4124 4935 4936
1924 9 2 2 31 1618 1611 2264 4937 4938 4939
1925 9 2 2 31 1402 2122 2238 4904 3622 4574
1926 9 2 2 31 1542 1543 1544 4940 4941 4263
1927 9 2 2 31 323 1395 2044 4942 4277 4943
1928 9 2 2 31 1588 1645 1762 3717 4253 4944
1929 9 2 2 31 1578 1579 2243 4701 4875 4945
1930 9 2 2 31 1529 1531 1532 4946 4947 3349
1931 9 2 2 31 1889 2189 2190 4948 2616 4949
1932 9 2 2 31 1711 1612 1712 4793 4950 4763
1933 9 2 2 31 294 2058 2127 4951 4065 4952
1934 9 2 2 31 1395 322 2234 4953 4954 2765
1935 9 2 2 31 1653 1632 1654 4955 4004 4956
1936 9 2 2 31 1513 1512 1514 4663 4957 4722
1937 9 2 2 31 1574 1575 1576 4745 4697 4958
1938 9 2 2 31 1666 1665 1667 4548 4959 4690
1939 9 2 2 31 1483 1857 2227 4960 3741 4961
1940 9 2 2 31 1750 1843 1875 4962 4963 4964
1941 9 2 2 31 1998 2512 2569 4965 4966 3942
1942 9 2 2 31 2408 86 2549 2639 4272 4967
1943 9 2 2 31 47 2407 2548 2642 4968 4273
1944 9 2 2 31 1439 9 2127 4969 4970 3156
1945 9 2 2 31 2432 2258 2517 4971 4972 4973
1946 9 2 2 31 1623 1534 1624 4974 4975 4976
1947 9 2 2 31 279 278 2119 297 4977 4978
1948 9 2 2 31 1744 2101 2434 2798 4979 3781
1949 9 2 2 31 288 1437 2141 4980 3842 4981
1950 9 2 2 31 1899 1898 1953 4887 4982 4450
1951 9 2 2 31 1930 1932 1933 4983 4984 4985
1952 9 2 2 31 169 168 2262 208 4986 4816
1953 9 2 2 31 1424 2203 2496 4149 3332 4987
1954 9 2 2 31 1713 1712 1714 4764 4988 4845
1955 9 2 2 31 1752 1881 1882 4616 4772 4989
1956 9 2 2 31 1696 1699 2508 4632 4990 2728
1957 9 2 2 31 1708 1655 2274 4991 4992 2678
1958 9 2 2 31 1692 1691 1693 4673 4993 4535
1959 9 2 2 31 1780 1802 1906 4765 3878 4994
1960 9 2 2 31 291 2050 2122 4995 4120 4996
1961 9 2 2 31 1539 1541 1542 4997 4998 4496
1962 9 2 2 31 1517 1515 1518 4486 4999 4754
1963 9 2 2 31 2134 2236 2237 4725 2685 5000
1964 9 2 2 31 1656 1618 1758 5001 5002 5003
1965 9 2 2 31 39 1429 2546 3783 5004 3930
1966 9 2 2 31 1758 1618 2264 5002 4939 5005
1967 9 2 2 31 2100 2192 2193 4510 2958 5006
1968 9 2 2 31 1657 1779 2349 5007 2795 5008
1969 9 2 2 31 1544 1546 1547 5009 5010 3592
1970 9 2 2 31 2329 1941 2349 3245 5011 3176
1971 9 2 2 31 1655 1750 2274 5012 5013 4992
1972 9 2 2 31 1456 2463 2556 4057 3700 3603
1973 9 2 2 31 1508 1554 1607 5014 5015 5016
1974 9 2 2 31 1731 1729 2273 4392 4703 4758
1975 9 2 2 31 1571 1559 2292 3651 3414 4243
1976 9 2 2 31 321 1438 2234 5017 5018 5019
1977 9 2 2 31 1984 2377 2589 5020 5021 3870
1978 9 2 2 31 1742 1654 1743 5022 4624 5023
1979 9 2 2 31 1628 1630 1631 4782 4855 5024
1980 9 2 2 31 1534 1531 2283 5025 4871 5026
1981 9 2 2 31 1528 1527 1529 4480 5027 3058
1982 9 2 2 31 1955 1957 1958 4733 4910 5028
1983 9 2 2 31 2131 2134 2319 4583 5029 4588
1984 9 2 2 31 1874 1767 2156 4679 4785 3601
1985 9 2 2 31 1468 1470 2460 3072 5030 2940
1986 9 2 2 31 1745 1615 1746 5031 4507 4656
1987 9 2 2 31 2110 2124 2337 4894 3038 5032
1988 9 2 2 31 2158 2159 2401 4757 5033 2995
1989 9 2 2 31 327 2105 2595 4426 3458 5034
1990 9 2 2 31 2080 1885 2081 5035 5036 2779
1991 9 2 2 31 1512 1509 2290 4892 5037 5038
1992 9 2 2 31 1636 1637 1638 5039 5040 2735
1993 9 2 2 31 1789 1787 1939 5041 2651 5042
1994 9 2 2 31 1620 1720 1721 5043 5044 4420
1995 9 2 2 31 1768 1743 1787 5045 2671 5046
1996 9 2 2 31 1833 2409 2558 3409 5047 5048
1997 9 2 2 31 1617 1655 1708 5049 4991 5050
1998 9 2 2 31 1521 1519 1522 4521 5051 4848
1999 9 2 2 31 1882 1915 2041 4773 4716 5052
2000 9 2 2 31 1756 1716 2272 4877 5053 5054
2001 9 2 2 31 1565 1573 1574 4731 4744 5055
2002 9 2 2 31 2054 2053 2430 5056 5057 5058
2003 9 2 2 31 1547 1548 1549 5059 5060 3574
2004 9 2 2 31 1694 1693 1695 4536 5061 4592
2005 9 2 2 31 2266 2286 2294 4515 5062 5063
2006 9 2 2 31 1705 1755 1850 5064 5065 4106
2007 9 2 2 31 1396 285 2225 5066 5067 5068
2008 9 2 2 31 1500 1498 1507 4537 5069 5070
2009 9 2 2 31 2211 1766 2468 4452 5071 5072
2010 9 2 2 31 1786 1878 1935 4554 4804 5073
2011 9 2 2 31 8 257 2137 276 5074 5075
2012 9 2 2 31 1906 2246 2389 3879 5076 5077
2013 9 2 2 31 1581 1578 2243 5078 4945 4466
2014 9 2 2 31 1715 1714 1718 4846 5079 4925
2015 9 2 2 31 1607 1608 1609 5080 5081 5082
2016 9 2 2 31 1748 1859 1950 5083 5084 4883
2017 9 2 2 31 1655 1656 1750 5085 5086 5012
2018 9 2 2 31 1716 1780 2272 4728 5087 5053
2019 9 2 2 31 2311 2216 2574 5088 5089 3095
2020 9 2 2 31 1668 1667 1669 4691 5090 4766
2021 9 2 2 31 1997 1779 2555 2793 5091 5092
2022 9 2 2 31 31 1450 2359 4499 2889 5093
2023 9 2 2 31 1449 102 2360 4500 5094 5095
2024 9 2 2 31 352 351 2161 370 5096 5097
2025 9 2 2 31 1759 1761 2263 5098 4311 5099
2026 9 2 2 31 2126 1856 2350 4008 5100 4931
2027 9 2 2 31 1719 1718 1788 4926 5101 5102
2028 9 2 2 31 1567 1563 1568 4444 5103 4164
2029 9 2 2 31 1750 1875 2274 4964 5104 5013
2030 9 2 2 31 1625 1624 1626 5105 4265 5106
2031 9 2 2 31 1780 1906 2272 4994 5107 5087
2032 9 2 2 31 1924 1852 2123 4666 5108 5109
2033 9 2 2 31 1920 1921 1960 5110 5111 4038
2034 9 2 2 31 1814 1813 1815 5112 3516 5113
2035 9 2 2 31 1843 1880 1889 5114 5115 5116
2036 9 2 2 31 1820 1824 2351 5117 5118 3911
2037 9 2 2 31 1631 1632 1653 4856 4955 5119
2038 9 2 2 31 1638 1639 1640 5120 5121 3256
2039 9 2 2 31 1670 1669 1671 4767 5122 4778
2040 9 2 2 31 167 166 1428 206 5123 5124
2041 9 2 2 31 194 193 1427 233 5125 5126
2042 9 2 2 31 178 1424 2371 4610 5127 5128
2043 9 2 2 31 1609 1610 1612 5129 5130 4792
2044 9 2 2 31 1525 1523 1526 4622 5131 4919
2045 9 2 2 31 323 322 1395 341 4953 4942
2046 9 2 2 31 286 285 1396 304 5066 3846
2047 9 2 2 31 1644 1709 2276 5132 5133 4880
2048 9 2 2 31 1492 1491 2233 4620 4829 5134
2049 9 2 2 31 1655 1618 1656 5135 5001 5085
2050 9 2 2 31 1607 1609 2271 5082 4814 4659
2051 9 2 2 31 2246 1446 2389 4377 5136 5076
2052 9 2 2 31 1614 1581 1615 5137 4542 5138
2053 9 2 2 31 1696 1695 1697 4593 5139 4630
2054 9 2 2 31 1963 1965 2366 3900 5140 5141
2055 9 2 2 31 1601 1619 1620 5142 5143 4512
2056 9 2 2 31 1672 1671 1674 4779 5144 4830
2057 9 2 2 31 1677 1675 1678 4550 5145 4881
2058 9 2 2 31 1426 37 2279 3871 4614 3143
2059 9 2 2 31 1750 1770 1843 5146 5147 4962
2060 9 2 2 31 1734 1728 1735 4625 5148 4832
2061 9 2 2 31 1758 2264 2265 5005 4774 3398
2062 9 2 2 31 1897 1512 2290 5149 5038 4569
2063 9 2 2 31 1959 2296 2361 3547 4276 5150
2064 9 2 2 31 1653 1654 1742 4956 5022 5151
2065 9 2 2 31 1607 1554 1608 5015 5152 5080
2066 9 2 2 31 290 289 1397 308 4933 4835
2067 9 2 2 31 319 318 1398 337 5153 4872
2068 9 2 2 31 1627 1626 1628 5154 4781 5155
2069 9 2 2 31 1549 1550 1551 5156 5157 4231
2070 9 2 2 31 1514 1979 2250 5158 2698 5159
2071 9 2 2 31 1889 1880 2189 5115 5160 4948
2072 9 2 2 31 1893 1772 1976 5161 5162 5163
2073 9 2 2 31 1824 1868 1967 5164 2628 5165
2074 9 2 2 31 1750 1656 1770 5086 5166 5146
2075 9 2 2 31 1508 1505 1554 4786 5167 5014
2076 9 2 2 31 1439 2070 2581 2927 4472 5168
2077 9 2 2 31 1725 1723 1733 4634 5169 5170
2078 9 2 2 31 2065 2062 2066 4840 5171 4802
2079 9 2 2 31 1609 1608 1610 5081 5172 5129
2080 9 2 2 31 1515 1514 2250 4723 5159 5173
2081 9 2 2 31 1931 1929 2530 5174 3216 5175
2082 9 2 2 31 35 36 2301 54 3839 3633
2083 9 2 2 31 1759 1735 1761 4833 5176 5098
2084 9 2 2 31 293 292 1402 311 4902 4853
2085 9 2 2 31 316 315 1401 334 5177 4864
2086 9 2 2 31 1617 1618 1655 5178 5135 5049
2087 9 2 2 31 2247 2048 2598 4677 5179 5180
2088 9 2 2 31 255 254 2163 273 5181 5182
2089 9 2 2 31 1714 1712 1757 4988 5183 5184
2090 9 2 2 31 1860 1538 2222 4371 5185 5186
2091 9 2 2 31 182 181 2325 221 5187 3933
2092 9 2 2 31 1789 1939 1946 5042 5188 5189
2093 9 2 2 31 2112 1507 2412 5190 5191 4142
2094 9 2 2 31 1688 2280 2446 4270 3285 5192
2095 9 2 2 31 1454 2125 2424 5193 5194 5195
2096 9 2 2 31 1623 1624 1625 4976 5105 5196
2097 9 2 2 31 1768 1787 1789 5046 5041 5197
2098 9 2 2 31 1792 1793 2504 3947 3400 3467
2099 9 2 2 31 1742 1743 1768 5023 5045 5198
2100 9 2 2 31 321 320 1438 339 4922 5017
2101 9 2 2 31 288 287 1437 306 5199 4980
2102 9 2 2 31 2053 2075 2430 3322 5200 5057
2103 9 2 2 31 2081 1885 2293 5036 5201 3113
2104 9 2 2 31 2423 1406 2595 5202 5203 3457
2105 9 2 2 31 1610 1608 1611 5172 5204 5205
2106 9 2 2 31 1617 1611 1618 5206 4937 5178
2107 9 2 2 31 1520 2330 2332 5207 3189 5208
2108 9 2 2 31 1514 1897 1979 5209 4440 5158
2109 9 2 2 31 2366 1965 2374 5140 5210 4928
2110 9 2 2 31 1788 1718 1885 5101 5211 5212
2111 9 2 2 31 1772 1745 2310 5213 4658 5214
2112 9 2 2 31 1880 1770 1945 5215 5216 5217
2113 9 2 2 31 1627 1628 1629 5155 5218 5219
2114 9 2 2 31 1509 1508 2290 4561 5220 5037
2115 9 2 2 31 1789 1946 1947 5189 5221 5222
2116 9 2 2 31 1934 2137 2599 5223 5224 4157
2117 9 2 2 31 1788 1885 1944 5212 5225 5226
2118 9 2 2 31 1742 1768 1851 5198 5227 5228
2119 9 2 2 31 1508 1607 2290 5016 4660 5220
2120 9 2 2 31 1843 1770 1880 5147 5215 5114
2121 9 2 2 31 1491 1572 1601 5229 5230 4828
2122 9 2 2 31 1469 1435 2604 2976 3906 5231
2123 9 2 2 31 1719 1788 2275 5102 5232 5233
2124 9 2 2 31 1624 1534 2283 4975 5026 4410
2125 9 2 2 31 1625 1626 1627 5106 5154 5234
2126 9 2 2 31 1869 1810 2370 5235 4869 3551
2127 9 2 2 31 1944 1885 2080 5225 5035 5236
2128 9 2 2 31 1580 1578 1581 5237 5078 5238
2129 9 2 2 31 1631 1653 1682 5119 5239 5240
2130 9 2 2 31 1689 1690 1691 5241 5242 4672
2131 9 2 2 31 1584 1583 1585 4607 5243 4102
2132 9 2 2 31 1863 1759 2263 4581 5099 5244
2133 9 2 2 31 1672 1676 2529 4328 2964 5245
2134 9 2 2 31 2264 1611 2286 4938 5246 4514
2135 9 2 2 31 1610 1611 1617 5205 5206 5247
2136 9 2 2 31 294 293 2058 312 4854 4951
2137 9 2 2 31 1851 2296 2323 3424 2801 5248
2138 9 2 2 31 1970 1973 1977 3431 5249 3849
2139 9 2 2 31 2067 2066 2068 4803 5250 4927
2140 9 2 2 31 317 316 2072 335 4866 3935
2141 9 2 2 31 9 294 2127 313 4952 4970
2142 9 2 2 31 314 9 1439 332 4969 5251
2143 9 2 2 31 291 290 2050 309 4837 4995
2144 9 2 2 31 1699 1697 1700 4631 5252 4738
2145 9 2 2 31 2258 2014 2517 5253 5254 4972
2146 9 2 2 31 1536 1535 1537 4908 5255 4783
2147 9 2 2 31 1852 1719 2275 4680 5233 5256
2148 9 2 2 31 2271 1711 2299 4813 4531 4361
2149 9 2 2 31 1947 1946 2155 5221 3281 4714
2150 9 2 2 31 1685 1686 1687 5257 5258 4649
2151 9 2 2 31 1608 1554 2286 5152 5259 5260
2152 9 2 2 31 2339 1872 2449 3824 5261 5262
2153 9 2 2 31 1617 1708 2288 5050 5263 5264
2154 9 2 2 31 1826 1827 1828 3659 4297 5265
2155 9 2 2 31 1514 1512 1897 4957 5149 5209
2156 9 2 2 31 2028 2029 2030 5266 2820 4122
2157 9 2 2 31 1804 1805 1806 4192 4215 5267
2158 9 2 2 31 2232 1741 2327 3990 5268 4403
2159 9 2 2 31 199 198 1454 238 5269 5270
2160 9 2 2 31 162 161 1453 201 5271 5272
2161 9 2 2 31 1538 1539 2222 5273 4497 5185
2162 9 2 2 31 2125 1992 2424 3627 5274 5194
2163 9 2 2 31 1625 1627 1633 5234 5275 5276
2164 9 2 2 31 2268 1883 2300 4654 4797 5277
2165 9 2 2 31 292 291 2122 310 4996 4903
2166 9 2 2 31 1437 287 2074 5199 4431 3030
2167 9 2 2 31 320 319 2247 338 4873 4923
2168 9 2 2 31 1532 1531 1533 4947 5278 3914
2169 9 2 2 31 1689 1687 1690 4874 5279 5241
2170 9 2 2 31 1798 1799 1804 4281 4191 2903
2171 9 2 2 31 163 162 2281 202 5280 5281
2172 9 2 2 31 1834 1833 1835 5282 5283 5284
2173 9 2 2 31 1685 1679 1686 4746 5285 5257
2174 9 2 2 31 2058 2059 2060 4819 5286 4064
2175 9 2 2 31 1640 1737 1738 5287 5288 3270
2176 9 2 2 31 1518 1515 2250 4999 5173 5289
2177 9 2 2 31 1762 1763 1798 4254 4280 5290
2178 9 2 2 31 1542 1541 1543 4998 5291 4940
2179 9 2 2 31 1679 1678 2269 4882 5292 5293
2180 9 2 2 31 1538 1537 1539 4784 5294 5273
2181 9 2 2 31 1675 1674 2287 4831 5295 5296
2182 9 2 2 31 2119 278 2138 4977 5297 5298
2183 9 2 2 31 44 1433 2404 3703 5299 4742
2184 9 2 2 31 1876 1776 1892 5300 5301 5302
2185 9 2 2 31 164 163 1440 203 5303 5304
2186 9 2 2 31 197 196 1441 236 5305 5306
2187 9 2 2 31 1401 2070 2445 4470 5307 5308
2188 9 2 2 31 1429 40 2291 3782 4621 5309
2189 9 2 2 31 1982 1918 2510 4248 5310 3302
2190 9 2 2 31 1398 318 2045 5153 4519 5311
2191 9 2 2 31 1904 2485 2515 5312 5313 4189
2192 9 2 2 31 2123 1852 2275 5108 5256 2649
2193 9 2 2 31 2022 2023 2561 4296 5314 5315
2194 9 2 2 31 289 288 2141 307 4981 4934
2195 9 2 2 31 1612 1610 2288 5130 5316 5317
2196 9 2 2 31 1701 1700 1702 4739 5318 4795
2197 9 2 2 31 1564 1556 1565 5319 4730 5320
2198 9 2 2 31 1971 1784 1980 3357 3873 4181
2199 9 2 2 31 1712 1612 2289 4950 5321 5322
2200 9 2 2 31 1535 1534 1623 5323 4974 5324
2201 9 2 2 31 1484 1483 2227 4356 4961 5325
2202 9 2 2 31 2215 2216 2389 4370 5326 5327
2203 9 2 2 31 2137 2164 2599 5328 3001 5224
2204 9 2 2 31 1806 1807 1808 4216 4285 2839
2205 9 2 2 31 2124 1863 2263 4893 5244 3686
2206 9 2 2 31 252 251 2180 270 5329 5330
2207 9 2 2 31 324 323 2044 342 4943 5331
2208 9 2 2 31 1918 1919 1920 5332 5333 5334
2209 9 2 2 31 1622 1613 1698 4150 4235 5335
2210 9 2 2 31 2256 2015 2457 2864 3677 5336
2211 9 2 2 31 1821 1819 2456 5337 5338 3141
2212 9 2 2 31 1595 1585 1596 4103 5339 4241
2213 9 2 2 31 2190 2199 2394 2782 5340 5341
2214 9 2 2 31 322 321 2234 340 5019 4954
2215 9 2 2 31 327 326 2403 345 5342 4427
2216 9 2 2 31 1543 1541 1545 5291 5343 5344
2217 9 2 2 31 2051 1397 2053 4857 4111 5345
2218 9 2 2 31 1728 1725 2309 4617 5346 5347
2219 9 2 2 31 1623 1625 2297 5196 5348 5349
2220 9 2 2 31 1610 1617 2288 5247 5264 5316
2221 9 2 2 31 1703 1702 1704 4796 5350 4888
2222 9 2 2 31 1525 1528 2319 4481 4589 4914
2223 9 2 2 31 2050 2051 2052 4858 5351 4119
2224 9 2 2 31 1796 2191 2395 5352 3518 5353
2225 9 2 2 31 1502 1492 2233 4935 5134 3173
2226 9 2 2 31 1555 1552 1556 5354 3785 5355
2227 9 2 2 31 1491 1489 1572 4847 5356 5229
2228 9 2 2 31 1565 1574 2282 5055 5357 5358
2229 9 2 2 31 1544 1543 1546 4941 5359 5009
2230 9 2 2 31 1950 1859 1997 5084 5360 5361
2231 9 2 2 31 101 1449 2229 4501 5362 4815
2232 9 2 2 31 2279 38 2318 4613 3681 5363
2233 9 2 2 31 1757 1712 2289 5183 5322 5364
2234 9 2 2 31 1686 1679 2269 5285 5293 2787
2235 9 2 2 31 1674 1776 1778 5365 5366 5367
2236 9 2 2 31 1611 1608 2286 5204 5260 5246
2237 9 2 2 31 1778 1876 1901 5368 5369 4899
2238 9 2 2 31 1866 2086 2505 3764 2919 5370
2239 9 2 2 31 1652 1650 1760 4401 5371 5372
2240 9 2 2 31 1547 1546 1548 5010 3709 5059
2241 9 2 2 31 1965 1964 2027 3899 5373 4748
2242 9 2 2 31 1718 1714 2293 5079 5374 5375
2243 9 2 2 31 1752 1882 2315 4989 5376 5377
2244 9 2 2 31 1450 32 2201 4498 4838 3082
2245 9 2 2 31 1539 1537 1540 5294 5378 5379
2246 9 2 2 31 1741 1786 2327 4692 5380 5268
2247 9 2 2 31 1940 1775 1941 5381 5382 5383
2248 9 2 2 31 1835 1833 2558 5283 5048 5384
2249 9 2 2 31 1714 1757 2293 5184 2899 5374
2250 9 2 2 31 1520 2235 2330 4352 5385 5207
2251 9 2 2 31 1678 1675 2287 5145 5296 5386
2252 9 2 2 31 2254 1952 2563 3069 5387 3523
2253 9 2 2 31 1957 1991 2415 4599 3641 5388
2254 9 2 2 31 1705 1704 1755 4889 5389 5064
2255 9 2 2 31 1674 1778 2287 5367 4917 5295
2256 9 2 2 31 1793 1794 1795 5390 5391 3380
2257 9 2 2 31 1988 2255 2563 3572 3524 5392
2258 9 2 2 31 1612 2288 2289 5317 5393 5321
2259 9 2 2 31 1725 1733 2309 5170 5394 5346
2260 9 2 2 31 284 2098 2225 5395 3345 5396
2261 9 2 2 31 2150 2154 2551 3754 5397 5398
2262 9 2 2 31 2060 2061 2062 5399 5400 4839
2263 9 2 2 31 246 245 2240 264 5401 5402
2264 9 2 2 31 1550 1548 1552 5403 3327 5404
2265 9 2 2 31 1549 1548 1550 5060 5403 5156
2266 9 2 2 31 1576 1578 1580 4890 5237 5405
2267 9 2 2 31 249 248 2185 267 5406 5407
2268 9 2 2 31 1761 1886 1898 5408 5409 4886
2269 9 2 2 31 1746 1752 2315 4689 5377 5410
2270 9 2 2 31 283 1399 2098 5411 5412 5413
2271 9 2 2 31 1756 2272 2311 5054 5414 3441
2272 9 2 2 31 2165 1925 2353 4128 4495 5415
2273 9 2 2 31 1761 1735 1886 5176 5416 5408
2274 9 2 2 31 1824 1967 2351 5165 5417 5118
2275 9 2 2 31 1483 1753 1857 5418 5419 4960
2276 9 2 2 31 1885 1718 2293 5211 5375 5201
2277 9 2 2 31 1614 1615 1745 5138 5031 5420
2278 9 2 2 31 1674 1671 1776 5144 5421 5365
2279 9 2 2 31 1533 1531 1534 5278 5025 5422
2280 9 2 2 31 1529 1527 1530 5027 5423 5424
2281 9 2 2 31 1539 1540 1541 5379 5425 4997
2282 9 2 2 31 2061 2059 2063 5426 4493 5427
2283 9 2 2 31 1505 1503 2294 4712 5428 5429
2284 9 2 2 31 2466 1502 2542 5430 4695 5431
2285 9 2 2 31 1976 1772 2310 5162 5214 5432
2286 9 2 2 31 1789 1947 2295 5222 5433 5434
2287 9 2 2 31 1721 1720 1796 5044 5435 5436
2288 9 2 2 31 1661 1659 1707 4737 5437 5438
2289 9 2 2 31 285 284 2225 303 5396 5067
2290 9 2 2 31 1623 2297 2305 5349 5439 5440
2291 9 2 2 31 1669 1667 1791 5090 5441 5442
2292 9 2 2 31 1445 2209 2499 4553 4154 5443
2293 9 2 2 31 181 1442 2325 4609 5444 5187
2294 9 2 2 31 1620 1619 1720 5143 5445 5043
2295 9 2 2 31 1507 2112 2399 5190 5446 2972
2296 9 2 2 31 2377 1983 2589 3238 3797 5021
2297 9 2 2 31 1794 2284 2285 5447 5448 5449
2298 9 2 2 31 283 282 1399 301 5450 5411
2299 9 2 2 31 326 325 1400 344 5451 5452
2300 9 2 2 31 2025 2076 2343 2970 5453 2950
2301 9 2 2 31 1554 1505 2294 5167 5429 5454
2302 9 2 2 31 1533 1534 1535 5422 5323 4907
2303 9 2 2 31 1665 1663 1673 4905 5455 5456
2304 9 2 2 31 1580 1581 1614 5238 5137 5457
2305 9 2 2 31 2444 1921 2471 5458 5459 3756
2306 9 2 2 31 284 283 2098 302 5413 5395
2307 9 2 2 31 1657 1643 1779 5460 5461 5007
2308 9 2 2 31 1851 1768 2295 5227 5462 2910
2309 9 2 2 31 1735 1728 2309 5148 5347 5463
2310 9 2 2 31 2078 1434 2541 4718 4696 4140
2311 9 2 2 31 1517 1520 2332 4341 5208 4906
2312 9 2 2 31 1768 1789 2295 5197 5434 5462
2313 9 2 2 31 2066 2062 2071 5171 5464 5465
2314 9 2 2 31 1778 1776 1876 5366 5300 5368
2315 9 2 2 31 1857 1858 1918 5466 5467 4247
2316 9 2 2 31 2224 2158 2429 5468 3447 5469
2317 9 2 2 31 1742 1851 2323 5228 5248 5470
2318 9 2 2 31 1398 2046 2048 5471 5472 4676
2319 9 2 2 31 1693 1691 1769 4993 5473 5474
2320 9 2 2 31 1601 1572 1619 5230 5475 5142
2321 9 2 2 31 1666 1765 2340 4187 4790 4681
2322 9 2 2 31 2286 1554 2294 5259 5454 5062
2323 9 2 2 31 1625 1633 2297 5276 5476 5348
2324 9 2 2 31 2064 2063 2160 5477 3830 3992
2325 9 2 2 31 1529 1530 1531 5424 4870 4946
2326 9 2 2 31 1682 1653 2323 5239 5478 3221
2327 9 2 2 31 1941 2279 2318 3244 5363 5479
2328 9 2 2 31 1898 1886 1900 5409 5480 5481
2329 9 2 2 31 1408 2079 2520 4209 5482 3967
2330 9 2 2 31 1775 1657 2349 5483 5008 5484
2331 9 2 2 31 2310 1746 2315 4657 5410 5485
2332 9 2 2 31 1433 2027 2404 3487 5486 5299
2333 9 2 2 31 1487 1484 2227 4810 5325 5487
2334 9 2 2 31 1816 1815 1817 5488 3241 5489
2335 9 2 2 31 1523 1522 2357 4849 2676 5490
2336 9 2 2 31 2206 2207 2451 4336 3013 5491
2337 9 2 2 31 2046 2045 2047 5492 3406 5493
2338 9 2 2 31 2016 1949 2348 3955 5494 3544
2339 9 2 2 31 2060 2059 2061 5286 5426 5399
2340 9 2 2 31 1653 1742 2323 5151 5470 5478
2341 9 2 2 31 1691 1690 2304 5242 2668 5495
2342 9 2 2 31 95 2364 2547 4863 5496 5497
2343 9 2 2 31 2009 2008 2392 3774 2954 5498
2344 9 2 2 31 1550 1552 1555 5404 5354 5499
2345 9 2 2 31 1926 2140 2276 4415 4354 5500
2346 9 2 2 31 2191 2022 2356 4023 5501 3517
2347 9 2 2 31 2094 2096 2426 4390 5502 5503
2348 9 2 2 31 2111 1427 2427 3815 5504 5505
2349 9 2 2 31 1535 1623 2305 5324 5440 5506
2350 9 2 2 31 1903 1839 1905 5507 4168 5508
2351 9 2 2 31 2152 2150 2551 4424 5398 5509
2352 9 2 2 31 2137 257 2164 5074 5510 5328
2353 9 2 2 31 183 1423 2498 4608 4876 5511
2354 9 2 2 31 1836 1835 1837 5512 3744 5513
2355 9 2 2 31 1882 2041 2042 5052 3089 5514
2356 9 2 2 31 1443 184 2498 4615 5515 3206
2357 9 2 2 31 1684 1685 2446 4747 5516 5517
2358 9 2 2 31 196 195 2337 235 5518 5519
2359 9 2 2 31 2267 2268 2579 4655 4669 5520
2360 9 2 2 31 2014 2258 2488 5253 5521 5522
2361 9 2 2 31 1574 1576 2303 4958 5523 5524
2362 9 2 2 31 1838 1837 1839 5525 3236 5526
2363 9 2 2 31 2280 2211 2503 4088 5527 5528
2364 9 2 2 31 1555 1556 1564 5355 5319 3713
2365 9 2 2 31 1892 1776 2313 5301 5529 5530
2366 9 2 2 31 1646 1590 2375 3712 4896 5531
2367 9 2 2 31 1564 1592 1593 5532 5533 3568
2368 9 2 2 31 2117 2193 2586 5534 4762 4629
2369 9 2 2 31 162 1453 2281 5272 3194 5280
2370 9 2 2 31 1889 2190 2394 4949 5341 5535
2371 9 2 2 31 1398 2045 2046 5311 5492 5471
2372 9 2 2 31 2249 1877 2453 4760 5536 3262
2373 9 2 2 31 1530 1527 2335 5423 5537 4729
2374 9 2 2 31 2188 2375 2564 4528 4898 2721
2375 9 2 2 31 2061 2063 2064 5427 5477 5538
2376 9 2 2 31 1614 1745 1748 5420 5539 5540
2377 9 2 2 31 1564 1565 1592 5320 5541 5532
2378 9 2 2 31 1808 1809 1810 4286 4705 5542
2379 9 2 2 31 2262 2173 2574 4595 3096 5543
2380 9 2 2 31 1527 1526 2335 4920 5544 5537
2381 9 2 2 31 2125 1454 2525 5193 5545 5546
2382 9 2 2 31 1850 1755 1937 5065 5547 5548
2383 9 2 2 31 1933 1932 1961 4984 5549 4823
2384 9 2 2 31 2352 1967 2543 5550 2746 4133
2385 9 2 2 31 2214 2246 2524 4378 4675 5551
2386 9 2 2 31 1786 1935 2327 5073 3098 5380
2387 9 2 2 31 2376 2054 2430 2623 5058 5552
2388 9 2 2 31 1440 163 2281 5303 5281 5553
2389 9 2 2 31 1473 1471 2339 3429 3825 5554
2390 9 2 2 31 2083 2208 2405 5555 5556 5557
2391 9 2 2 31 243 242 2256 261 5558 5559
2392 9 2 2 31 1540 1537 2305 5378 5560 5561
2393 9 2 2 31 1700 1697 1706 5252 5562 5563
2394 9 2 2 31 281 280 2120 299 5564 4788
2395 9 2 2 31 351 2136 2161 5565 3836 5096
2396 9 2 2 31 1758 2249 2410 3397 3261 5566
2397 9 2 2 31 1593 1643 1644 5567 5568 4807
2398 9 2 2 31 280 279 1405 298 5569 5570
2399 9 2 2 31 329 328 1406 347 5571 5572
2400 9 2 2 31 1489 1487 2302 4909 5573 5574
2401 9 2 2 31 2351 1967 2352 5417 5550 4025
2402 9 2 2 31 1886 1735 2309 5416 5463 5575
2403 9 2 2 31 1748 1745 1772 5539 5213 5576
2404 9 2 2 31 2140 2326 2593 4252 5577 5578
2405 9 2 2 31 1840 2372 2507 2874 3616 5579
2406 9 2 2 31 1561 1562 1563 5580 5581 4443
2407 9 2 2 31 1440 2267 2579 5582 5520 5583
2408 9 2 2 31 2312 1804 2493 2904 5584 3649
2409 9 2 2 31 1954 1955 2396 4860 5585 5586
2410 9 2 2 31 2484 1842 2576 5587 3868 5588
2411 9 2 2 31 1441 2125 2525 3067 5546 5589
2412 9 2 2 31 2135 1952 2248 3292 3068 5590
2413 9 2 2 31 1720 1619 1727 5445 5591 5592
2414 9 2 2 31 1859 1772 1893 5593 5161 5594
2415 9 2 2 31 1500 1507 2381 5070 2971 5595
2416 9 2 2 31 1748 1772 1859 5576 5593 5083
2417 9 2 2 31 1704 1702 1751 5350 5596 5597
2418 9 2 2 31 1592 1565 2282 5541 5358 5598
2419 9 2 2 31 2241 2135 2248 2895 5590 5599
2420 9 2 2 31 2143 1935 2542 3097 5600 4694
2421 9 2 2 31 1671 1669 2313 5122 5601 5602
2422 9 2 2 31 1977 2107 2480 3235 5603 5604
2423 9 2 2 31 2051 2053 2054 5345 5056 5605
2424 9 2 2 31 1537 1535 2305 5255 5506 5560
2425 9 2 2 31 1483 1481 1753 4699 5606 5418
2426 9 2 2 31 1599 1596 1600 4242 5607 4600
2427 9 2 2 31 1449 2424 2587 5608 5609 5610
2428 9 2 2 31 1399 282 2097 5450 4789 5611
2429 9 2 2 31 1962 1963 2366 5612 5141 5613
2430 9 2 2 31 2048 2046 2049 5472 5614 3561
2431 9 2 2 31 1403 2262 2574 4817 5543 5615
2432 9 2 2 31 1593 1592 1643 5533 5616 5567
2433 9 2 2 31 330 329 2118 348 5617 5618
2434 9 2 2 31 1667 1665 2314 4959 5619 5620
2435 9 2 2 31 1441 196 2337 5305 5519 3037
2436 9 2 2 31 1962 1961 1963 4824 2638 5612
2437 9 2 2 31 2330 2235 2500 5385 5621 3304
2438 9 2 2 31 2211 2468 2568 5072 5622 5623
2439 9 2 2 31 1806 2085 2493 2841 3625 5624
2440 9 2 2 31 1928 1930 2448 5625 5626 3107
2441 9 2 2 31 1937 1755 1938 5547 5627 5628
2442 9 2 2 31 1856 2197 2350 4367 4199 5100
2443 9 2 2 31 1582 1569 1782 5629 5630 5631
2444 9 2 2 31 2220 1739 2592 4449 5632 5633
2445 9 2 2 31 10 331 1408 350 5634 5635
2446 9 2 2 31 277 8 1407 295 5636 5637
2447 9 2 2 31 2092 2470 2518 4741 5638 3789
2448 9 2 2 31 1965 2028 2374 4750 3984 5210
2449 9 2 2 31 1909 1907 2423 3585 3513 3883
2450 9 2 2 31 2397 2285 2462 5639 5640 5641
2451 9 2 2 31 2205 1443 2405 4184 3163 5642
2452 9 2 2 31 2101 1924 2434 4641 5643 4979
2453 9 2 2 31 1769 1691 2304 5473 5495 5644
2454 9 2 2 31 102 103 2360 121 5645 5094
2455 9 2 2 31 30 31 2359 49 5093 5646
2456 9 2 2 31 2202 1445 2361 4545 5647 4841
2457 9 2 2 31 1663 1661 2320 4852 5648 5649
2458 9 2 2 31 1849 1662 2376 4012 4648 5650
2459 9 2 2 31 1401 315 2581 5177 5651 4471
2460 9 2 2 31 1494 1502 2466 4936 5430 5652
2461 9 2 2 31 1783 1782 1926 5653 4414 5654
2462 9 2 2 31 1656 1758 2410 5003 5566 5655
2463 9 2 2 31 1479 1477 1683 4594 5656 5657
2464 9 2 2 31 2262 168 2467 4986 5658 5659
2465 9 2 2 31 1882 2042 2315 5514 5660 5376
2466 9 2 2 31 1920 1919 1921 5333 5661 5110
2467 9 2 2 31 2139 1516 2347 4372 3863 5662
2468 9 2 2 31 280 1405 2120 5570 3111 5564
2469 9 2 2 31 1998 2369 2512 5663 5664 4965
2470 9 2 2 31 278 277 2138 296 5665 5297
2471 9 2 2 31 2071 1684 2577 3416 5666 5667
2472 9 2 2 31 1588 1762 2365 4944 5668 5669
2473 9 2 2 31 1984 2177 2377 3993 5670 5020
2474 9 2 2 31 2007 2010 2575 4376 4591 5671
2475 9 2 2 31 2163 254 2181 5181 5672 5673
2476 9 2 2 31 1937 1938 1975 5628 4777 5674
2477 9 2 2 31 1644 1643 1657 5568 5460 5675
2478 9 2 2 31 1431 34 2331 4373 4891 3016
2479 9 2 2 31 2048 2533 2598 3563 5676 5179
2480 9 2 2 31 1810 1811 1812 4706 4820 4867
2481 9 2 2 31 1941 1775 2349 5382 5484 5011
2482 9 2 2 31 1776 1671 2313 5421 5602 5529
2483 9 2 2 31 314 1439 2581 5251 5168 5677
2484 9 2 2 31 1998 1960 2369 4039 3683 5663
2485 9 2 2 31 1449 2360 2424 5095 5678 5608
2486 9 2 2 31 1888 2165 2590 4343 5679 3610
2487 9 2 2 31 2424 1992 2587 5274 5680 5609
2488 9 2 2 31 1659 1652 2322 4534 5681 5682
2489 9 2 2 31 2070 2069 2445 3777 5683 5307
2490 9 2 2 31 1933 1962 2414 4825 4315 5684
2491 9 2 2 31 1561 1558 1562 4806 5685 5580
2492 9 2 2 31 2288 1708 2336 5263 3169 5686
2493 9 2 2 31 2289 2288 2336 5393 5686 5687
2494 9 2 2 31 1576 1580 2303 5405 5688 5523
2495 9 2 2 31 2282 1574 2303 5357 5524 5689
2496 9 2 2 31 1669 1791 2313 5442 5690 5601
2497 9 2 2 31 240 7 2260 258 5691 5692
2498 9 2 2 31 1572 1489 2302 5356 5574 5693
2499 9 2 2 31 2110 2337 2536 5032 5694 4811
2500 9 2 2 31 2208 2083 2519 5555 4347 5695
2501 9 2 2 31 2398 2397 2462 5696 5641 5697
2502 9 2 2 31 1487 2227 2302 5487 4126 5573
2503 9 2 2 31 1650 1622 2317 4208 5698 5699
2504 9 2 2 31 329 1406 2118 5572 5700 5617
2505 9 2 2 31 1779 1643 2344 5461 5701 5702
2506 9 2 2 31 353 352 1409 371 5703 5704
2507 9 2 2 31 256 255 1410 274 5705 5706
2508 9 2 2 31 2537 1937 2544 5707 5708 5709
2509 9 2 2 31 1566 1588 2365 3720 5669 3808
2510 9 2 2 31 1622 1698 2317 5335 4409 5698
2511 9 2 2 31 1791 1667 2314 5441 5620 5710
2512 9 2 2 31 324 2044 2450 5331 3550 5711
2513 9 2 2 31 1721 1796 2395 5436 5353 5712
2514 9 2 2 31 2028 2027 2029 4749 3489 5266
2515 9 2 2 31 351 10 2136 369 5713 5565
2516 9 2 2 31 1933 2414 2448 5684 2968 5714
2517 9 2 2 31 1945 1770 2410 5216 5715 3461
2518 9 2 2 31 1665 1673 2314 5456 5716 5619
2519 9 2 2 31 1686 2236 2492 2786 5717 5718
2520 9 2 2 31 1644 1657 1709 5675 5719 5132
2521 9 2 2 31 2172 2262 2467 4596 5659 2791
2522 9 2 2 31 2137 1934 2439 5223 2760 5720
2523 9 2 2 31 2236 2133 2492 4724 3369 5717
2524 9 2 2 31 1634 1600 1635 4601 5721 4670
2525 9 2 2 31 1818 1817 1819 5722 3670 5723
2526 9 2 2 31 1507 1498 2412 5069 5724 5191
2527 9 2 2 31 1568 1569 1570 5725 5726 5727
2528 9 2 2 31 1940 1941 2318 5383 5479 5728
2529 9 2 2 31 1652 1760 2322 5372 5729 5681
2530 9 2 2 31 1629 1628 2419 5218 5730 3491
2531 9 2 2 31 356 355 1411 374 5731 5732
2532 9 2 2 31 253 252 1412 271 5733 5734
2533 9 2 2 31 257 256 2164 275 5735 5510
2534 9 2 2 31 1427 193 2427 5125 5736 5504
2535 9 2 2 31 1555 2278 2384 3714 4132 5737
2536 9 2 2 31 1433 2077 2495 4721 3502 4293
2537 9 2 2 31 192 191 2580 231 5738 3646
2538 9 2 2 31 1830 1831 1832 4330 4687 5739
2539 9 2 2 31 1760 2192 2487 2812 2986 5740
2540 9 2 2 31 1673 1663 2320 5455 5649 5741
2541 9 2 2 31 1661 1707 2320 5438 5742 5648
2542 9 2 2 31 1945 2220 2509 4770 5743 5744
2543 9 2 2 31 1820 1819 1821 5745 5337 5746
2544 9 2 2 31 328 327 2595 346 5034 5747
2545 9 2 2 31 1918 1858 1919 5467 5748 5332
2546 9 2 2 31 2182 1892 2425 3275 5749 3228
2547 9 2 2 31 1901 1876 2347 5369 5750 3901
2548 9 2 2 31 1526 1523 2357 5131 5490 5751
2549 9 2 2 31 1857 1753 1858 5419 5752 5466
2550 9 2 2 31 1968 2466 2542 4801 5431 5753
2551 9 2 2 31 1812 1813 1814 4821 5112 5754
2552 9 2 2 31 1568 1563 1569 5103 5755 5725
2553 9 2 2 31 359 358 1414 377 5756 5757
2554 9 2 2 31 250 249 1413 268 5758 5759
2555 9 2 2 31 1524 2319 2393 4915 5760 4798
2556 9 2 2 31 1444 2213 2394 4269 5761 5762
2557 9 2 2 31 2235 2393 2500 4799 5763 5621
2558 9 2 2 31 1405 279 2119 5569 4978 5764
2559 9 2 2 31 1900 2473 2561 5765 5766 5767
2560 9 2 2 31 1991 1956 2435 4598 5768 3577
2561 9 2 2 31 1936 1860 2554 4348 5769 4693
2562 9 2 2 31 2294 1503 2381 5428 5770 5771
2563 9 2 2 31 96 1425 2364 3872 3264 4862
2564 9 2 2 31 2335 1526 2341 5544 5772 4059
2565 9 2 2 31 1876 1892 2354 5302 3276 5773
2566 9 2 2 31 2251 1546 2411 3710 5774 4417
2567 9 2 2 31 1707 1659 2322 5437 5682 5775
2568 9 2 2 31 2023 2477 2561 3565 5776 5314
2569 9 2 2 31 2151 2152 2506 4425 5777 5778
2570 9 2 2 31 1997 2328 2329 5779 3822 3175
2571 9 2 2 31 2199 1444 2394 3581 5762 5340
2572 9 2 2 31 1760 1650 2317 5371 5699 2813
2573 9 2 2 31 1631 1682 2419 5240 3788 5780
2574 9 2 2 31 1996 2105 2403 3674 4428 3338
2575 9 2 2 31 1400 325 2450 5451 5781 3898
2576 9 2 2 31 1788 1944 2594 5226 5782 5783
2577 9 2 2 31 1943 2158 2224 3829 5468 5784
2578 9 2 2 31 254 253 2181 272 5785 5672
2579 9 2 2 31 1997 1859 2328 5360 5786 5779
2580 9 2 2 31 277 1407 2138 5637 5787 5665
2581 9 2 2 31 2276 1709 2382 5133 5788 5789
2582 9 2 2 31 1733 1723 2395 5169 5790 3150
2583 9 2 2 31 2107 1680 2480 2885 2632 5603
2584 9 2 2 31 1858 1753 1914 5752 5791 5792
2585 9 2 2 31 2277 2140 2593 3508 5578 5793
2586 9 2 2 31 1962 2366 2367 5613 5794 4314
2587 9 2 2 31 2341 1526 2357 5772 5751 3957
2588 9 2 2 31 167 1428 2467 5124 2792 5795
2589 9 2 2 31 1459 2077 2548 3501 5796 5797
2590 9 2 2 31 2078 1465 2549 4139 5798 5799
2591 9 2 2 31 355 354 2194 373 5800 5801
2592 9 2 2 31 354 353 2162 372 5802 5803
2593 9 2 2 31 1896 2265 2399 3372 3738 5804
2594 9 2 2 31 1870 1940 2346 5805 5806 5807
2595 9 2 2 31 2071 2062 2380 5464 5808 4809
2596 9 2 2 31 103 5 2534 122 5809 5810
2597 9 2 2 31 2 30 2535 48 5811 5812
2598 9 2 2 31 1709 1775 1870 5813 5814 5815
2599 9 2 2 31 1875 1843 2573 4963 5816 4179
2600 9 2 2 31 1396 2392 2479 5817 3015 5818
2601 9 2 2 31 5 199 2534 239 5819 5809
2602 9 2 2 31 161 2 2535 200 5812 5820
2603 9 2 2 31 1783 1927 1928 5821 5822 5823
2604 9 2 2 31 2179 2224 2429 3590 5469 5824
2605 9 2 2 31 2208 2205 2405 4584 5642 5556
2606 9 2 2 31 1911 1908 2107 4702 5825 3234
2607 9 2 2 31 2074 1396 2479 3847 5818 3595
2608 9 2 2 31 1407 8 2137 5636 5075 5826
2609 9 2 2 31 1563 1562 2326 5581 5827 5828
2610 9 2 2 31 2388 1462 2440 5829 5830 4539
2611 9 2 2 31 179 178 2371 218 5128 3470
2612 9 2 2 31 2191 1796 2512 5352 5831 5832
2613 9 2 2 31 1844 1771 1884 4842 5833 5834
2614 9 2 2 31 2180 251 2183 5329 5835 5836
2615 9 2 2 31 1683 2449 2490 5837 5838 3231
2616 9 2 2 31 2270 2269 2545 3177 5839 5840
2617 9 2 2 31 2178 1411 2194 5841 5842 5843
2618 9 2 2 31 1912 1867 2324 5844 5845 5846
2619 9 2 2 31 1859 1893 2328 5594 2990 5786
2620 9 2 2 31 2252 1447 2455 3869 5847 5848
2621 9 2 2 31 367 366 2308 385 5849 5850
2622 9 2 2 31 251 250 2183 269 5851 5835
2623 9 2 2 31 2157 2111 2427 3556 5505 3746
2624 9 2 2 31 1570 1582 1583 5852 5853 4606
2625 9 2 2 31 10 1408 2136 5635 3482 5713
2626 9 2 2 31 1709 1657 1775 5719 5483 5813
2627 9 2 2 31 1969 1977 2480 3850 5604 2618
2628 9 2 2 31 2315 2042 2390 5660 3463 5854
2629 9 2 2 31 358 357 2221 376 5855 5856
2630 9 2 2 31 2112 1896 2399 4434 5804 5446
2631 9 2 2 31 330 2118 2391 5618 2797 5857
2632 9 2 2 31 2266 2294 2381 5063 5771 2773
2633 9 2 2 31 331 330 2391 349 5857 5858
2634 9 2 2 31 1399 2097 2316 5611 4726 5859
2635 9 2 2 31 1614 1748 2345 5540 4885 5860
2636 9 2 2 31 1408 331 2391 5634 5858 4210
2637 9 2 2 31 1764 1995 2447 3715 3301 5861
2638 9 2 2 31 1783 1926 1927 5654 5862 5821
2639 9 2 2 31 2532 1987 2538 5863 5864 2997
2640 9 2 2 31 1870 1775 1940 5814 5381 5805
2641 9 2 2 31 2310 2315 2390 5485 5854 5865
2642 9 2 2 31 1446 2215 2389 4577 5327 5136
2643 9 2 2 31 1627 1629 2461 5219 2762 5866
2644 9 2 2 31 1636 1635 1637 4671 5867 5039
2645 9 2 2 31 1522 1519 2527 5051 5868 5869
2646 9 2 2 31 1928 1929 1930 5870 5871 5625
2647 9 2 2 31 165 164 2579 204 5872 4668
2648 9 2 2 31 357 356 2176 375 5873 5874
2649 9 2 2 31 1409 352 2161 5703 5097 5875
2650 9 2 2 31 2218 2153 2475 3359 5876 5877
2651 9 2 2 31 1913 2113 2597 4540 5878 5879
2652 9 2 2 31 1875 2230 2451 3352 5880 5881
2653 9 2 2 31 1396 2225 2392 5068 5882 5817
2654 9 2 2 31 1782 1569 2326 5630 5883 4251
2655 9 2 2 31 1822 1821 1823 5884 3887 5885
2656 9 2 2 31 2347 1876 2354 5750 5773 5886
2657 9 2 2 31 1956 2219 2435 3567 3632 5768
2658 9 2 2 31 1481 1479 2338 4643 5887 5888
2659 9 2 2 31 1762 1798 1866 5290 3190 5889
2660 9 2 2 31 2319 2134 2393 5029 5890 5760
2661 9 2 2 31 1922 2432 2517 2607 4973 5891
2662 9 2 2 31 1702 1700 2342 5318 5892 5893
2663 9 2 2 31 2082 2083 2405 3814 5557 3162
2664 9 2 2 31 2228 1706 2464 3007 5894 3147
2665 9 2 2 31 1926 2276 2382 5500 5789 5895
2666 9 2 2 31 1952 1951 2355 3411 5896 5897
2667 9 2 2 31 2459 2152 2551 3733 5509 5898
2668 9 2 2 31 1939 2275 2594 2650 5899 5900
2669 9 2 2 31 1684 2446 2577 5517 5901 5666
2670 9 2 2 31 1541 1540 2459 5425 3734 5902
2671 9 2 2 31 1930 1931 1932 5903 5904 4983
2672 9 2 2 31 1582 1782 1783 5631 5653 5905
2673 9 2 2 31 1410 255 2163 5705 5182 5906
2674 9 2 2 31 2334 2119 2513 5907 5908 4473
2675 9 2 2 31 2153 2151 2475 4644 5909 5876
2676 9 2 2 31 1769 2304 2358 5644 4861 2717
2677 9 2 2 31 1928 1927 1929 5822 5910 5870
2678 9 2 2 31 194 1427 2536 5126 4812 5911
2679 9 2 2 31 1592 2282 2344 5598 5912 5913
2680 9 2 2 31 1570 1569 1582 5726 5629 5852
2681 9 2 2 31 2061 2064 2380 5538 2930 5914
2682 9 2 2 31 2502 2316 2528 5915 5916 5917
2683 9 2 2 31 1580 1614 2345 5457 5860 5918
2684 9 2 2 31 2284 2088 2285 3057 5919 5448
2685 9 2 2 31 256 1410 2164 5706 2999 5735
2686 9 2 2 31 1751 1702 2342 5596 5893 3320
2687 9 2 2 31 1993 2108 2334 3767 4605 3918
2688 9 2 2 31 1700 1706 2342 5563 5920 5892
2689 9 2 2 31 2211 2073 2503 5921 5922 5527
2690 9 2 2 31 2043 1915 2486 4717 5923 4843
2691 9 2 2 31 2154 1545 2551 2826 5924 5397
2692 9 2 2 31 1762 1866 2365 5889 5925 5668
2693 9 2 2 31 2114 1913 2597 2902 5879 5926
2694 9 2 2 31 1546 1543 2411 5359 5927 5774
2695 9 2 2 31 1503 1500 2381 4618 5595 5770
2696 9 2 2 31 2512 1796 2569 5831 5928 4966
2697 9 2 2 31 1687 1686 2492 5258 5718 5929
2698 9 2 2 31 1550 1555 2384 5499 5737 5930
2699 9 2 2 31 1793 1738 1794 3946 5931 5390
2700 9 2 2 31 2057 2056 2528 3840 4851 5932
2701 9 2 2 31 1880 1945 2509 5217 5744 5933
2702 9 2 2 31 1551 1550 2384 5157 5930 5934
2703 9 2 2 31 1477 1473 2339 4647 5554 5935
2704 9 2 2 31 2416 1981 2478 4645 5936 5937
2705 9 2 2 31 1405 2119 2334 5764 5907 4604
2706 9 2 2 31 1643 1592 2344 5616 5913 5701
2707 9 2 2 31 2032 1587 2433 4212 2702 4317
2708 9 2 2 31 1814 1815 1816 5113 5488 5938
2709 9 2 2 31 2014 1978 2517 3179 5939 5254
2710 9 2 2 31 1938 1755 2383 5627 5940 3778
2711 9 2 2 31 1902 2270 2545 3126 5840 5941
2712 9 2 2 31 1585 1583 1598 5243 5942 5943
2713 9 2 2 31 1898 1900 2420 5481 5944 5945
2714 9 2 2 31 1915 2267 2486 4711 5946 5923
2715 9 2 2 31 1930 1929 1931 5871 5174 5903
2716 9 2 2 31 1569 1563 2326 5755 5828 5883
2717 9 2 2 31 248 247 2406 266 5947 5948
2718 9 2 2 31 2345 1950 2418 4884 5949 5950
2719 9 2 2 31 1961 1932 2039 5549 5951 2831
2720 9 2 2 31 1638 1637 1639 5040 5952 5120
2721 9 2 2 31 360 359 2401 378 5953 5954
2722 9 2 2 31 1930 1933 2448 4985 5714 5626
2723 9 2 2 31 2267 1440 2486 5582 5955 5946
2724 9 2 2 31 1640 1639 1737 5121 5956 5287
2725 9 2 2 31 1723 1721 2395 4727 5712 5790
2726 9 2 2 31 2287 1902 2545 4916 5941 5957
2727 9 2 2 31 2062 2061 2380 5400 5914 5808
2728 9 2 2 31 247 246 1415 265 5958 5959
2729 9 2 2 31 362 361 1416 380 5960 5961
2730 9 2 2 31 1818 2351 2452 3912 4026 5962
2731 9 2 2 31 353 1409 2162 5704 5963 5802
2732 9 2 2 31 2431 2367 2521 5964 5965 5966
2733 9 2 2 31 2303 1580 2345 5688 5918 5967
2734 9 2 2 31 2341 2103 2350 3844 4932 4060
2735 9 2 2 31 253 1412 2181 5734 5968 5785
2736 9 2 2 31 2225 2009 2392 3344 5498 5882
2737 9 2 2 31 1412 252 2180 5733 5330 5969
2738 9 2 2 31 2509 2220 2592 5743 5633 5970
2739 9 2 2 31 2013 2012 2491 3958 5971 5972
2740 9 2 2 31 2003 1917 2550 3827 4063 3690
2741 9 2 2 31 1905 1974 2522 4169 5973 3401
2742 9 2 2 31 1704 1751 2383 5597 3929 5974
2743 9 2 2 31 1693 1769 2436 5474 4734 5975
2744 9 2 2 31 2360 1454 2424 5976 5195 5678
2745 9 2 2 31 1411 355 2194 5731 5801 5842
2746 9 2 2 31 2185 248 2406 5406 5948 5977
2747 9 2 2 31 2088 2030 2368 4436 3600 5978
2748 9 2 2 31 1454 198 2525 5269 5979 5545
2749 9 2 2 31 1832 1833 1834 4688 5282 5980
2750 9 2 2 31 1868 1912 1913 5981 5982 2901
2751 9 2 2 31 2176 2179 2221 5983 5984 5985
2752 9 2 2 31 94 95 2444 113 5986 3886
2753 9 2 2 31 2134 2237 2393 5000 5987 5890
2754 9 2 2 31 1891 2015 2409 3716 5988 3408
2755 9 2 2 31 1755 1704 2383 5389 5974 5940
2756 9 2 2 31 197 1441 2525 5306 5589 5989
2757 9 2 2 31 1959 1957 2415 4911 5388 3548
2758 9 2 2 31 1955 1958 2396 5028 3477 5585
2759 9 2 2 31 2353 1522 2527 2674 5869 5990
2760 9 2 2 31 2274 1875 2451 5104 5881 3012
2761 9 2 2 31 1479 1683 2338 5657 3230 5887
2762 9 2 2 31 2193 2117 2585 5534 4058 5991
2763 9 2 2 31 1808 1810 1869 5542 5235 3035
2764 9 2 2 31 166 165 2469 205 4752 5992
2765 9 2 2 31 1413 249 2185 5758 5407 2654
2766 9 2 2 31 2216 2311 2516 5088 5993 5994
2767 9 2 2 31 1753 1481 2338 5606 5888 5995
2768 9 2 2 31 1900 1886 2473 5480 5996 5765
2769 9 2 2 31 1498 1496 2412 4394 5997 5724
2770 9 2 2 31 250 1413 2183 5759 5998 5851
2771 9 2 2 31 2311 2272 2516 5414 5999 5993
2772 9 2 2 31 1981 1980 2402 4182 2662 6000
2773 9 2 2 31 2113 1966 2597 3093 6001 5878
2774 9 2 2 31 2540 2388 2576 6002 6003 6004
2775 9 2 2 31 245 244 2257 263 6005 6006
2776 9 2 2 31 244 243 1417 262 6007 6008
2777 9 2 2 31 365 364 1418 383 6009 6010
2778 9 2 2 31 1414 358 2221 5756 5856 6011
2779 9 2 2 31 2506 2152 2526 5777 3725 6012
2780 9 2 2 31 363 362 2241 381 6013 6014
2781 9 2 2 31 1850 1937 2537 5548 5707 6015
2782 9 2 2 31 356 1411 2176 5732 6016 5873
2783 9 2 2 31 354 2162 2194 5803 6017 5800
2784 9 2 2 31 1568 1570 2564 5727 2722 6018
2785 9 2 2 31 1738 1737 2284 5288 2755 6019
2786 9 2 2 31 1903 1905 2252 5508 3392 6020
2787 9 2 2 31 1683 1477 2339 5656 5935 6021
2788 9 2 2 31 2037 1948 2363 3485 6022 6023
2789 9 2 2 31 241 240 1419 259 6024 6025
2790 9 2 2 31 2473 2356 2561 6026 6027 5766
2791 9 2 2 31 1770 1656 2410 5166 5655 5715
2792 9 2 2 31 1465 1451 2408 3636 4261 6028
2793 9 2 2 31 1452 1459 2407 3635 6029 4262
2794 9 2 2 31 1838 1839 1903 5526 5507 6030
2795 9 2 2 31 2337 195 2536 5518 6031 5694
2796 9 2 2 31 2159 1942 2443 4756 3196 3920
2797 9 2 2 31 2084 2537 2544 6032 5709 6033
2798 9 2 2 31 2094 2426 2470 5503 6034 4740
2799 9 2 2 31 2508 1871 2533 6035 6036 3637
2800 9 2 2 31 2177 1411 2178 6037 5841 6038
2801 9 2 2 31 1543 1545 2411 5344 2827 5927
2802 9 2 2 31 2324 1867 2442 5845 6039 3330
2803 9 2 2 31 1558 1551 2417 4652 6040 6041
2804 9 2 2 31 1727 1619 2458 5591 6042 3166
2805 9 2 2 31 1834 1835 1836 5284 5512 6043
2806 9 2 2 31 2021 2191 2512 4024 5832 6044
2807 9 2 2 31 1829 1828 1830 6045 4329 6046
2808 9 2 2 31 1706 1697 2464 5562 6047 5894
2809 9 2 2 31 2269 1678 2545 5292 6048 5839
2810 9 2 2 31 2371 1424 2496 5127 4987 6049
2811 9 2 2 31 1551 2384 2417 5934 4322 6040
2812 9 2 2 31 1908 1844 2362 4826 6050 6051
2813 9 2 2 31 2259 1419 2474 6052 6053 3742
2814 9 2 2 31 2073 2211 2568 5921 5623 3468
2815 9 2 2 31 242 241 2259 260 6054 6055
2816 9 2 2 31 1600 1596 1681 5607 6056 6057
2817 9 2 2 31 1685 1688 2446 4651 5192 5516
2818 9 2 2 31 1836 1837 1838 5513 5525 6058
2819 9 2 2 31 2139 2347 2354 5662 5886 4388
2820 9 2 2 31 1966 2114 2597 3064 5926 6001
2821 9 2 2 31 2344 2282 2418 5912 6059 6060
2822 9 2 2 31 1562 1558 2417 5685 6041 6061
2823 9 2 2 31 2333 1904 2455 6062 6063 6064
2824 9 2 2 31 1771 1646 2375 4635 5531 6065
2825 9 2 2 31 1816 1817 1818 5489 5722 6066
2826 9 2 2 31 1709 1870 2382 5815 6067 5788
2827 9 2 2 31 2038 2185 2406 2988 5977 2810
2828 9 2 2 31 193 192 2427 232 3747 5736
2829 9 2 2 31 1628 1631 2419 5024 5780 5730
2830 9 2 2 31 2161 1972 2437 4520 3573 6068
2831 9 2 2 31 2100 2193 2585 5006 5991 6069
2832 9 2 2 31 2342 1706 2373 5920 3009 3693
2833 9 2 2 31 366 365 2253 384 6070 6071
2834 9 2 2 31 359 1414 2401 5757 2996 5953
2835 9 2 2 31 1914 1753 2338 5791 5995 3818
2836 9 2 2 31 2066 2071 2577 5465 5667 6072
2837 9 2 2 31 357 2176 2221 5874 5985 5855
2838 9 2 2 31 2430 2075 2491 5200 6073 6074
2839 9 2 2 31 1415 246 2240 5958 5402 6075
2840 9 2 2 31 1428 166 2469 5123 5992 6076
2841 9 2 2 31 2483 1438 2598 6077 6078 6079
2842 9 2 2 31 326 1400 2403 5452 3339 5342
2843 9 2 2 31 2336 2208 2519 4822 5695 6080
2844 9 2 2 31 1953 1898 2420 4982 5945 3085
2845 9 2 2 31 1791 2314 2385 5710 6081 6082
2846 9 2 2 31 2162 1409 2200 5963 6083 6084
2847 9 2 2 31 2302 1982 2458 4125 3167 6085
2848 9 2 2 31 1824 1867 1868 6086 6087 5164
2849 9 2 2 31 2409 2015 2538 5988 4879 6088
2850 9 2 2 31 2176 2177 2179 6089 3994 5983
2851 9 2 2 31 1931 2291 2497 6090 4458 6091
2852 9 2 2 31 1877 1754 2453 4454 4918 5536
2853 9 2 2 31 2165 2527 2590 6092 6093 5679
2854 9 2 2 31 1829 2386 2387 6094 4085 6095
2855 9 2 2 31 1814 1816 1840 5938 6096 6097
2856 9 2 2 31 2051 2054 2428 5605 6098 6099
2857 9 2 2 31 1794 2285 2397 5449 5639 6100
2858 9 2 2 31 2475 2151 2506 5909 5778 6101
2859 9 2 2 31 1639 1637 1641 5952 6102 6103
2860 9 2 2 31 1820 1821 1822 5746 5884 6104
2861 9 2 2 31 1944 2472 2594 6105 6106 5782
2862 9 2 2 31 2069 2280 2503 3160 5528 6107
2863 9 2 2 31 2165 2353 2527 5415 5990 6092
2864 9 2 2 31 1873 2189 2592 2614 6108 6109
2865 9 2 2 31 1927 1926 2382 5862 5895 6110
2866 9 2 2 31 1699 1871 2508 4032 6035 4990
2867 9 2 2 31 1820 1822 1824 6104 6111 5117
2868 9 2 2 31 1924 2123 2434 5109 2785 5643
2869 9 2 2 31 2289 2336 2519 5687 6080 6112
2870 9 2 2 31 1818 1819 1820 5723 5745 3910
2871 9 2 2 31 1795 1794 2397 5391 6100 6113
2872 9 2 2 31 2240 245 2257 5401 6006 6114
2873 9 2 2 31 2175 1740 2596 4196 6115 3133
2874 9 2 2 31 1436 43 2560 3707 4686 6116
2875 9 2 2 31 2300 1428 2469 2862 6076 6117
2876 9 2 2 31 1783 1928 2379 5823 3106 6118
2877 9 2 2 31 1819 1879 2456 3671 6119 5338
2878 9 2 2 31 1794 1738 2284 5931 6019 5447
2879 9 2 2 31 2412 1496 2466 5997 6120 4800
2880 9 2 2 31 2180 2183 2184 5836 6121 6122
2881 9 2 2 31 1976 2310 2390 5432 5865 3048
2882 9 2 2 31 2248 1418 2511 3735 6123 6124
2883 9 2 2 31 2385 2096 2567 6125 4035 3076
2884 9 2 2 31 2241 2248 2511 5599 6124 6126
2885 9 2 2 31 1977 1973 2578 5249 6127 3969
2886 9 2 2 31 1572 2302 2458 5693 6085 6128
2887 9 2 2 31 1846 1795 1847 4289 6129 6130
2888 9 2 2 31 2005 2365 2505 3809 6131 3025
2889 9 2 2 31 1950 1997 2555 5361 5092 6132
2890 9 2 2 31 1946 2472 2481 6133 6134 3282
2891 9 2 2 31 2309 1733 2473 5394 6135 6136
2892 9 2 2 31 2052 2051 2428 5351 6099 4207
2893 9 2 2 31 2037 2363 2400 6023 6137 3010
2894 9 2 2 31 1399 2316 2502 5859 5915 6138
2895 9 2 2 31 1868 1867 1912 6087 5844 5981
2896 9 2 2 31 1681 2367 2494 3498 6139 6140
2897 9 2 2 31 1766 2242 2468 4529 6141 5071
2898 9 2 2 31 2230 2206 2451 4732 5491 5880
2899 9 2 2 31 1827 1922 2588 2938 6142 4298
2900 9 2 2 31 1826 1828 1829 5265 6045 6143
2901 9 2 2 31 1466 2489 2539 3662 6144 6145
2902 9 2 2 31 1447 2333 2455 4661 6064 5847
2903 9 2 2 31 1844 1884 2362 5834 3576 6050
2904 9 2 2 31 2054 2340 2428 2622 4791 6098
2905 9 2 2 31 325 324 2450 343 5711 5781
2906 9 2 2 31 2176 1411 2177 6016 6037 6089
2907 9 2 2 31 2027 1964 2404 5373 6146 5486
2908 9 2 2 31 2180 2184 2298 6122 3101 6147
2909 9 2 2 31 1695 1693 2436 5061 5975 6148
2910 9 2 2 31 2231 2100 2585 3997 6069 3820
2911 9 2 2 31 1904 2333 2485 6062 4202 5312
2912 9 2 2 31 1791 2385 2425 6082 3075 6149
2913 9 2 2 31 1858 1914 2378 5792 4665 6150
2914 9 2 2 31 2107 1908 2362 5825 6051 2886
2915 9 2 2 31 7 368 2306 387 6151 6152
2916 9 2 2 31 2282 2303 2418 5689 6153 6059
2917 9 2 2 31 2177 2178 2377 6038 6154 5670
2918 9 2 2 31 2242 2049 2559 2689 6155 6156
2919 9 2 2 31 2010 2502 2528 3771 5917 4850
2920 9 2 2 31 2073 1401 2445 4895 5308 6157
2921 9 2 2 31 1919 1858 2378 5748 6150 6158
2922 9 2 2 31 1417 243 2256 6007 5559 6159
2923 9 2 2 31 1583 1582 2379 5853 6160 6161
2924 9 2 2 31 2046 2047 2559 5493 6162 6163
2925 9 2 2 31 2234 1438 2483 5018 6077 6164
2926 9 2 2 31 2444 95 2547 5986 5497 6165
2927 9 2 2 31 1871 2104 2533 2876 6166 6036
2928 9 2 2 31 1932 1931 2497 5904 6091 6167
2929 9 2 2 31 1981 2402 2478 6000 3995 5936
2930 9 2 2 31 2084 2476 2537 4776 6168 6032
2931 9 2 2 31 2558 1987 2572 6169 6170 6171
2932 9 2 2 31 1824 1822 1867 6111 6172 6086
2933 9 2 2 31 1660 1849 2591 4013 6173 4827
2934 9 2 2 31 1849 2430 2491 6174 6074 6175
2935 9 2 2 31 2363 2184 2400 3940 6176 6137
2936 9 2 2 31 1720 1727 2569 5592 3943 6177
2937 9 2 2 31 2260 2306 2307 6178 6179 6180
2938 9 2 2 31 2322 1760 2487 5729 5740 6181
2939 9 2 2 31 1496 1494 2466 4226 5652 6120
2940 9 2 2 31 168 167 2467 207 5795 5658
2941 9 2 2 31 2018 2234 2483 2766 6164 4072
2942 9 2 2 31 247 1415 2406 5959 2811 5947
2943 9 2 2 31 368 367 1420 386 6182 6183
2944 9 2 2 31 2026 2210 2515 2859 4603 6184
2945 9 2 2 31 1884 1771 2375 5833 6065 4527
2946 9 2 2 31 1540 2305 2526 5561 6185 3724
2947 9 2 2 31 1918 1920 2510 5334 4587 5310
2948 9 2 2 31 2303 2345 2418 5967 5950 6153
2949 9 2 2 31 2237 2270 2500 3178 3305 6186
2950 9 2 2 31 1892 2313 2425 5530 6187 5749
2951 9 2 2 31 1870 2346 2482 5807 2908 6188
2952 9 2 2 31 1733 2356 2473 3149 6026 6135
2953 9 2 2 31 2256 242 2259 5558 6055 2865
2954 9 2 2 31 2079 1911 2578 3977 3970 6189
2955 9 2 2 31 1545 1541 2459 5343 5902 6190
2956 9 2 2 31 2389 2216 2516 5326 5994 6191
2957 9 2 2 31 2438 2163 2501 6192 6193 6194
2958 9 2 2 31 1598 1583 2379 5942 6161 3164
2959 9 2 2 31 2104 2483 2598 3945 6079 6195
2960 9 2 2 31 1749 2007 2575 3787 5671 3804
2961 9 2 2 31 2075 2013 2491 3286 5972 6073
2962 9 2 2 31 1838 1903 1904 6030 6196 6197
2963 9 2 2 31 2314 1673 2426 5716 6198 6199
2964 9 2 2 31 1412 2180 2298 5969 6147 6200
2965 9 2 2 31 1582 1783 2379 5905 6118 6160
2966 9 2 2 31 1596 1585 2413 5339 6201 6202
2967 9 2 2 31 2343 2076 2490 5453 4753 6203
2968 9 2 2 31 1879 2363 2456 3941 6204 6119
2969 9 2 2 31 2313 1791 2425 5690 6149 6187
2970 9 2 2 31 1946 1939 2472 5188 6205 6133
2971 9 2 2 31 1419 240 2260 6024 5692 6206
2972 9 2 2 31 2004 1986 2532 2947 6207 6208
2973 9 2 2 31 362 1416 2241 5961 2896 6013
2974 9 2 2 31 1670 1672 2529 4780 5245 3444
2975 9 2 2 31 1777 2084 2544 3961 6033 3816
2976 9 2 2 31 1633 1627 2461 5275 5866 6209
2977 9 2 2 31 1422 2214 2524 4567 5551 6210
2978 9 2 2 31 1830 1832 1855 5739 6211 6212
2979 9 2 2 31 1834 1836 1842 6043 6213 6214
2980 9 2 2 31 1847 1795 2397 6129 6113 6215
2981 9 2 2 31 2291 1931 2530 6090 5175 6216
2982 9 2 2 31 1774 2057 2552 3841 3023 4178
2983 9 2 2 31 1462 2388 2540 5829 6002 6217
2984 9 2 2 31 1829 1830 2386 6046 6218 6094
2985 9 2 2 31 1954 2396 2524 5586 6219 4674
2986 9 2 2 31 1464 2440 2557 3203 6220 6221
2987 9 2 2 31 184 183 2498 223 5511 5515
2988 9 2 2 31 1740 2182 2567 4214 3229 6222
2989 9 2 2 31 2301 1893 2584 2989 6223 3433
2990 9 2 2 31 2268 2300 2469 5277 6117 4751
2991 9 2 2 31 1697 1695 2464 5139 6224 6047
2992 9 2 2 31 1619 1572 2458 5475 6128 6042
2993 9 2 2 31 1466 2539 2601 6145 6225 4406
2994 9 2 2 31 2394 2213 2573 5761 4180 6226
2995 9 2 2 31 244 1417 2257 6008 6227 6005
2996 9 2 2 31 2367 2366 2521 5794 4930 5965
2997 9 2 2 31 1562 2417 2593 6061 6228 6229
2998 9 2 2 31 1681 2413 2414 6230 2967 3499
2999 9 2 2 31 2183 1413 2400 5998 3011 6231
3000 9 2 2 31 1410 2163 2438 5906 6192 3294
3001 9 2 2 31 1740 2567 2596 6222 4037 6115
3002 9 2 2 31 2210 1448 2540 2858 6232 6233
3003 9 2 2 31 2240 2258 2432 6234 4971 6235
3004 9 2 2 31 2374 1641 2521 4768 6236 4929
3005 9 2 2 31 1695 2436 2464 6148 3148 6224
3006 9 2 2 31 1847 2397 2398 6215 5696 6237
3007 9 2 2 31 1585 1598 2413 5943 2923 6201
3008 9 2 2 31 2426 1673 2470 6198 6238 6034
3009 9 2 2 31 1949 1916 2476 4430 6239 6240
3010 9 2 2 31 1829 2387 2422 6095 2973 6241
3011 9 2 2 31 2194 2162 2416 6017 6242 6243
3012 9 2 2 31 2346 1940 2546 5806 6244 6245
3013 9 2 2 31 1429 2291 2530 5309 6216 6246
3014 9 2 2 31 1415 2240 2432 6075 6235 2692
3015 9 2 2 31 2253 2254 2255 6247 3522 6248
3016 9 2 2 31 2307 2004 2532 6249 6208 2768
3017 9 2 2 31 2446 2068 2577 3284 6250 5901
3018 9 2 2 31 2385 2314 2426 6081 6199 6251
3019 9 2 2 31 364 363 2511 382 6252 6253
3020 9 2 2 31 2178 2416 2478 6254 5937 6255
3021 9 2 2 31 1739 1873 2592 4504 6109 5632
3022 9 2 2 31 2210 2540 2576 6233 6004 3867
3023 9 2 2 31 2004 2307 2531 6249 6256 6257
3024 9 2 2 31 2181 1412 2421 5968 6258 6259
3025 9 2 2 31 2393 2237 2500 5987 6186 5763
3026 9 2 2 31 1872 2343 2449 2693 6260 5261
3027 9 2 2 31 2098 1399 2502 5412 6138 3020
3028 9 2 2 31 1958 1959 2499 4912 6261 4153
3029 9 2 2 31 1470 1474 2460 4094 6262 5030
3030 9 2 2 31 1953 2229 2587 3084 6263 6264
3031 9 2 2 31 241 1419 2259 6025 6052 6054
3032 9 2 2 31 2344 2418 2555 6060 6265 6266
3033 9 2 2 31 2325 1442 2600 5444 6267 6268
3034 9 2 2 31 1438 2247 2598 4924 5180 6078
3035 9 2 2 31 2367 2431 2494 5964 6269 6139
3036 9 2 2 31 1937 1975 2544 5674 3817 5708
3037 9 2 2 31 1690 1687 2492 5279 5929 3368
3038 9 2 2 31 2447 1949 2476 6270 6240 6271
3039 9 2 2 31 360 2401 2562 5954 6272 6273
3040 9 2 2 31 365 1418 2253 6010 6274 6070
3041 9 2 2 31 1637 1635 2431 5867 6275 6276
3042 9 2 2 31 1419 2261 2474 6277 6278 6053
3043 9 2 2 31 1927 2382 2482 6110 6279 6280
3044 9 2 2 31 2348 1949 2447 5494 6270 3154
3045 9 2 2 31 1849 2376 2430 5650 5552 6174
3046 9 2 2 31 1416 361 2562 5960 6281 3526
3047 9 2 2 31 1407 2137 2439 5826 5720 6282
3048 9 2 2 31 1921 1919 2471 5661 6283 5459
3049 9 2 2 31 2189 1880 2509 5160 5933 6284
3050 9 2 2 31 366 2253 2308 6071 6285 5849
3051 9 2 2 31 1992 1953 2587 4451 6264 5680
3052 9 2 2 31 1947 2371 2496 4715 6049 6286
3053 9 2 2 31 2272 1906 2516 5107 6287 5999
3054 9 2 2 31 2077 46 2548 4735 4274 5796
3055 9 2 2 31 87 2078 2549 4736 5799 4271
3056 9 2 2 31 198 197 2525 237 5989 5979
3057 9 2 2 31 2162 2200 2416 6084 4646 6242
3058 9 2 2 31 191 1404 2580 4639 3859 5738
3059 9 2 2 31 2240 2257 2258 6114 6288 6234
3060 9 2 2 31 1633 2475 2506 6289 6101 6290
3061 9 2 2 31 1519 1518 2527 4755 6291 5868
3062 9 2 2 31 1681 1596 2413 6056 6202 6230
3063 9 2 2 31 2382 1870 2482 6067 6188 6279
3064 9 2 2 31 2398 2462 2463 5697 4204 3376
3065 9 2 2 31 1409 2161 2437 5875 6068 6292
3066 9 2 2 31 2260 7 2306 5691 6152 6178
3067 9 2 2 31 2119 2138 2513 5298 6293 5908
3068 9 2 2 31 1886 2309 2473 5575 6136 5996
3069 9 2 2 31 195 194 2536 234 5911 6031
3070 9 2 2 31 2295 1947 2496 5433 6286 3331
3071 9 2 2 31 1590 1568 2564 4165 6018 4897
3072 9 2 2 31 2420 1900 2477 5944 6294 6295
3073 9 2 2 31 2216 1403 2574 4369 5615 5089
3074 9 2 2 31 2261 2260 2307 6296 6180 2767
3075 9 2 2 31 1673 2320 2470 5741 6297 6238
3076 9 2 2 31 1919 2378 2471 6158 3521 6283
3077 9 2 2 31 1418 364 2511 6009 6253 6123
3078 9 2 2 31 1683 2339 2449 6021 5262 5837
3079 9 2 2 31 1414 2221 2429 6011 6298 3446
3080 9 2 2 31 363 2241 2511 6014 6126 6252
3081 9 2 2 31 1698 2292 2586 4237 3926 4761
3082 9 2 2 31 1823 1826 2422 4913 6299 6300
3083 9 2 2 31 1440 2281 2486 5553 4844 5955
3084 9 2 2 31 1912 2324 2539 5846 6301 6302
3085 9 2 2 31 1641 1637 2431 6102 6276 6303
3086 9 2 2 31 1889 2394 2573 5535 6226 6304
3087 9 2 2 31 1935 1968 2542 4805 5753 5600
3088 9 2 2 31 1843 1889 2573 5116 6304 5816
3089 9 2 2 31 1860 2222 2554 5186 3949 5769
3090 9 2 2 31 2229 1449 2587 5362 5610 6263
3091 9 2 2 31 1822 1823 2442 5885 6305 6306
3092 9 2 2 31 2305 2297 2526 5439 6307 6185
3093 9 2 2 31 2324 1464 2539 2823 6308 6301
3094 9 2 2 31 1944 2080 2600 5236 6309 6310
3095 9 2 2 31 1757 2289 2519 5364 6112 4346
3096 9 2 2 31 2297 2506 2526 6311 6012 6307
3097 9 2 2 31 2297 1633 2506 5476 6290 6311
3098 9 2 2 31 1929 1927 2482 5910 6280 2907
3099 9 2 2 31 1916 1850 2537 4439 6015 6312
3100 9 2 2 31 315 314 2581 333 5677 5651
3101 9 2 2 31 199 1454 2534 5270 6313 5819
3102 9 2 2 31 1453 161 2535 5271 5820 6314
3103 9 2 2 31 1814 1840 2507 6097 5579 6315
3104 9 2 2 31 2200 1409 2437 6083 6292 2708
3105 9 2 2 31 2178 2194 2416 5843 6243 6254
3106 9 2 2 31 1420 367 2308 6182 5850 6316
3107 9 2 2 31 1835 2558 2572 5384 6171 3745
3108 9 2 2 31 2096 2385 2426 6125 6251 5502
3109 9 2 2 31 2253 2255 2308 6248 6317 6285
3110 9 2 2 31 2407 1459 2548 6029 5797 4968
3111 9 2 2 31 1465 2408 2549 6028 4967 5798
3112 9 2 2 31 2476 1916 2537 6239 6312 6168
3113 9 2 2 31 1419 2260 2261 6206 6296 6277
3114 9 2 2 31 1417 2256 2457 6159 5336 6318
3115 9 2 2 31 2047 2468 2559 6319 6320 6162
3116 9 2 2 31 1913 1912 2489 5982 6321 4541
3117 9 2 2 31 2386 1855 2388 6322 6323 4538
3118 9 2 2 31 2163 2181 2501 5673 6324 6193
3119 9 2 2 31 1830 1855 2386 6212 6322 6218
3120 9 2 2 31 2417 2277 2593 4321 5793 6228
3121 9 2 2 31 1804 1806 2493 5267 5624 5584
3122 9 2 2 31 2461 2218 2475 2761 5877 6325
3123 9 2 2 31 2527 1518 2590 6291 6326 6093
3124 9 2 2 31 2275 1788 2594 5232 5783 5899
3125 9 2 2 31 2253 1418 2254 6274 3736 6247
3126 9 2 2 31 1964 1436 2560 3217 6116 6327
3127 9 2 2 31 361 360 2562 379 6273 6281
3128 9 2 2 31 1678 2287 2545 5386 5957 6048
3129 9 2 2 31 2073 2445 2503 6157 6328 5922
3130 9 2 2 31 1600 1681 2494 6057 6140 6329
3131 9 2 2 31 1429 2346 2546 6330 6245 5004
3132 9 2 2 31 1959 2361 2499 5150 6331 6261
3133 9 2 2 31 1432 2420 2477 3224 6295 3564
3134 9 2 2 31 2491 2012 2591 5971 3367 6332
3135 9 2 2 31 1635 1600 2494 5721 6329 6333
3136 9 2 2 31 1639 1641 2441 6103 4769 6334
3137 9 2 2 31 2184 2183 2400 6121 6231 6176
3138 9 2 2 31 2049 2046 2559 5614 6163 6155
3139 9 2 2 31 2039 1932 2497 5951 6167 2612
3140 9 2 2 31 2440 1462 2557 5830 3605 6220
3141 9 2 2 31 2298 1990 2421 3152 3087 6335
3142 9 2 2 31 1518 2250 2590 5289 3611 6326
3143 9 2 2 31 1764 2447 2476 5861 6271 4775
3144 9 2 2 31 2118 1406 2523 5700 6336 3684
3145 9 2 2 31 2418 1950 2555 5949 6132 6265
3146 9 2 2 31 1737 1639 2441 5956 6334 4018
3147 9 2 2 31 164 1440 2579 5304 5583 5872
3148 9 2 2 31 1826 1829 2422 6143 6241 6299
3149 9 2 2 31 2369 2021 2512 4249 6044 5664
3150 9 2 2 31 1952 2355 2563 5897 6337 5387
3151 9 2 2 31 2361 1445 2499 5647 5443 6331
3152 9 2 2 31 1893 1976 2584 5163 6338 6223
3153 9 2 2 31 30 2359 2535 5646 6339 5811
3154 9 2 2 31 2360 103 2534 5645 5810 6340
3155 9 2 2 31 1960 1921 2547 5111 6341 6342
3156 9 2 2 31 1412 2298 2421 6200 6335 6258
3157 9 2 2 31 2320 1707 2518 5742 6343 6344
3158 9 2 2 31 1823 2422 2442 6300 2975 6305
3159 9 2 2 31 2068 2066 2577 5250 6072 6250
3160 9 2 2 31 2080 2325 2600 3579 6268 6309
3161 9 2 2 31 1867 1822 2442 6172 6306 6039
3162 9 2 2 31 2370 1812 2507 4868 6345 3615
3163 9 2 2 31 2431 1635 2494 6275 6333 6269
3164 9 2 2 31 2368 1460 2583 3599 4223 6346
3165 9 2 2 31 2518 1707 2565 6343 6347 3790
3166 9 2 2 31 368 1420 2306 6183 6348 6151
3167 9 2 2 31 1796 1720 2569 5435 6177 5928
3168 9 2 2 31 2377 2178 2478 6154 6255 3239
3169 9 2 2 31 2460 1474 2543 6262 4134 6349
3170 9 2 2 31 1841 2355 2566 4159 6350 4305
3171 9 2 2 31 1407 2439 2571 6282 6351 6352
3172 9 2 2 31 2221 2179 2429 5984 5824 6298
3173 9 2 2 31 1779 2344 2555 5702 6266 5091
3174 9 2 2 31 2513 2138 2571 6293 6353 3656
3175 9 2 2 31 1840 1816 2452 6096 6354 2846
3176 9 2 2 31 2396 1422 2524 3986 6210 6219
3177 9 2 2 31 1838 1904 2465 6197 4188 6355
3178 9 2 2 31 2359 1453 2535 2943 6314 6339
3179 9 2 2 31 1454 2360 2534 5976 6340 6313
3180 9 2 2 31 2181 2421 2501 6259 3088 6324
3181 9 2 2 31 1951 1846 2514 4921 6356 6357
3182 9 2 2 31 2316 2057 2528 4301 5932 5916
3183 9 2 2 31 2138 1407 2571 5787 6352 6353
3184 9 2 2 31 2470 2320 2518 6297 6344 5638
3185 9 2 2 31 1943 2224 2504 5784 3004 3399
3186 9 2 2 31 1906 2389 2516 5077 6191 6287
3187 9 2 2 31 2514 1847 2522 6358 6359 6360
3188 9 2 2 31 1923 2438 2501 2670 6194 2856
3189 9 2 2 31 1872 1469 2604 4268 5231 2694
3190 9 2 2 31 1940 2318 2546 5728 3931 6244
3191 9 2 2 31 1816 1818 2452 6066 5962 6354
3192 9 2 2 31 2520 2079 2578 5482 6189 6361
3193 9 2 2 31 1903 2252 2455 6020 5848 6362
3194 9 2 2 31 2485 2026 2515 4568 6184 5313
3195 9 2 2 31 1442 2481 2600 3667 6363 6267
3196 9 2 2 31 1633 2461 2475 6209 6325 6289
3197 9 2 2 31 1812 1814 2507 5754 6315 6345
3198 9 2 2 31 1707 2322 2565 5775 6364 6347
3199 9 2 2 31 2365 1866 2505 5925 5370 6131
3200 9 2 2 31 1976 2331 2584 3047 3434 6338
3201 9 2 2 31 2363 1948 2456 6022 3142 6204
3202 9 2 2 31 1846 1847 2514 6130 6358 6356
3203 9 2 2 31 1406 2423 2523 5202 3515 6336
3204 9 2 2 31 1836 1838 2465 6058 6355 6365
3205 9 2 2 31 1406 328 2595 5571 5747 5203
3206 9 2 2 31 1834 1842 2484 6214 5587 6366
3207 9 2 2 31 2404 1964 2560 6146 6327 4743
3208 9 2 2 31 2088 2368 2553 5978 6367 6368
3209 9 2 2 31 2472 1944 2481 6105 6369 6134
3210 9 2 2 31 2326 1562 2593 5827 6229 5577
3211 9 2 2 31 1904 1903 2455 6196 6362 6063
3212 9 2 2 31 2346 1429 2530 6330 6246 3215
3213 9 2 2 31 2257 1417 2488 6227 6370 6371
3214 9 2 2 31 2356 2022 2561 5501 5315 6027
3215 9 2 2 31 2364 1960 2547 3682 6342 5496
3216 9 2 2 31 1832 1834 2484 5980 6366 6372
3217 9 2 2 31 2285 2088 2553 5919 6368 6373
3218 9 2 2 31 1842 1836 2465 6213 6365 6374
3219 9 2 2 31 2355 1988 2563 4158 5392 6337
3220 9 2 2 31 1849 2491 2591 6175 6332 6173
3221 9 2 2 31 2477 1900 2561 6294 5767 5776
3222 9 2 2 31 1921 2444 2547 5458 6165 6341
3223 9 2 2 31 1847 2398 2522 6237 3402 6359
3224 9 2 2 31 2520 1973 2570 6375 4228 3968
3225 9 2 2 31 1974 2514 2522 6376 6360 5973
3226 9 2 2 31 1855 1832 2484 6211 6372 6377
3227 9 2 2 31 2445 2069 2503 5683 6107 6328
3228 9 2 2 31 2468 2047 2568 6319 3469 5622
3229 9 2 2 31 2462 2285 2553 5640 6373 6378
3230 9 2 2 31 2388 1855 2576 6323 6379 6003
3231 9 2 2 31 1842 2465 2515 6374 4190 4602
3232 9 2 2 31 2114 2460 2543 3065 6349 2745
3233 9 2 2 31 2401 2159 2562 5033 3527 6272
3234 9 2 2 31 2258 2257 2488 6288 6371 5521
3235 9 2 2 31 2307 2306 2531 6179 6380 6256
3236 9 2 2 31 2449 2343 2490 6260 6203 5838
3237 9 2 2 31 2556 1458 2583 3699 6381 6382
3238 9 2 2 31 2439 1989 2571 2726 3810 6351
3239 9 2 2 31 2322 2487 2565 6181 6383 6364
3240 9 2 2 31 1417 2457 2488 6318 6384 6370
3241 9 2 2 31 2355 1951 2566 5896 6385 6350
3242 9 2 2 31 1641 2431 2521 6303 5966 6236
3243 9 2 2 31 2489 1912 2539 6321 6302 6144
3244 9 2 2 31 2472 1939 2594 6205 5900 6106
3245 9 2 2 31 2533 2104 2598 6166 6195 5676
3246 9 2 2 31 2481 1944 2600 6369 6310 6363
3247 9 2 2 31 2474 2261 2538 6278 2998 4878
3248 9 2 2 31 1458 2368 2583 6386 6346 6381
3249 9 2 2 31 1951 2514 2566 6357 6387 6385
3250 9 2 2 31 1462 2540 2603 6217 6388 3606
3251 9 2 2 31 1545 2459 2551 6190 5898 5924
3252 9 2 2 31 2368 1458 2553 6386 6389 6367
3253 9 2 2 31 2487 2093 2565 2880 4022 6383
3254 9 2 2 31 1464 2557 2601 6221 6390 6391
3255 9 2 2 31 2306 1420 2531 6348 6392 6380
3256 9 2 2 31 2468 2242 2559 6141 6156 6320
3257 9 2 2 31 2409 1987 2558 6393 6169 5047
3258 9 2 2 31 2004 2531 2582 6257 6394 3079
3259 9 2 2 31 1855 2484 2576 6377 5588 6379
3260 9 2 2 31 1987 2409 2538 6393 6088 5864
3261 9 2 2 31 1458 2462 2553 4203 6378 6389
3262 9 2 2 31 2189 2509 2592 6284 5970 6108
3263 9 2 2 31 2517 1978 2588 5939 2872 6395
3264 9 2 2 31 1922 2517 2588 5891 6395 6142
3265 9 2 2 31 1420 2308 2582 6316 6396 6397
3266 9 2 2 31 2532 1986 2572 6207 3250 6398
3267 9 2 2 31 2540 1448 2603 6232 3730 6388
3268 9 2 2 31 1457 2556 2583 3875 6382 4222
3269 9 2 2 31 2539 1464 2601 6308 6391 6225
3270 9 2 2 31 1973 2520 2578 6375 6361 6127
3271 9 2 2 31 1987 2532 2572 5863 6398 6170
3272 9 2 2 31 2557 1463 2601 3876 4407 6390
3273 9 2 2 31 2457 2014 2488 3676 5522 6384
3274 9 2 2 31 2531 1420 2582 6392 6397 6394
3275 9 2 2 31 2514 1974 2566 6376 4306 6387
3276 9 2 2 31 2308 2255 2582 6317 3080 6396
$EndElements
